T_report,model_T,n_buffer,terminal_rule,t,model_t,periods_to_report_end,e_W_over_e_US,Y_W_over_Y_US,Q_W_over_e_US,Q_US_over_e_W,zeta,abs_zeta_gap,Lambda_u,Lambda_b,Lambda_u_over_Lambda_b,phi_US,hkt_scalar_phi_US_same_state,abs_log_phi_US_vs_HKT_scalar,phi_W,q_US,q_W,residual_norm
30,29,0,local_loglinear,1,0,29,1.891117961702422,1.9428526771862202,0.8997793665391877,0.21227216161864204,0.8920704391253633,0.10792956087463668,,,,0.9880491462976563,0.9337836851161863,0.05648762883966721,0.7484992857228352,1.0769936921911165,2.314972239768629,2.2026407712950254e-11
30,29,0,local_loglinear,2,1,28,1.9694842103461818,2.0253336123701144,0.9270390555600174,0.2078947558221351,0.909878753345489,0.09012124665451104,1.0396491854458558,1.0843741351411467,0.9587550567226788,0.9779677237590533,0.9332776870994215,0.04677388244599348,0.7526055737332547,1.0981306124113286,2.292727366039018,1.0005321777803343e-9
30,29,0,local_loglinear,3,2,27,2.0420803690515,2.101942089840419,0.9523612810797543,0.2041053208453425,0.9262210420382928,0.07377895796170719,1.0421804127906948,1.074025330016524,0.9703499383712495,0.9684625560930851,0.932346418224445,0.03800538134896995,0.7561498532732459,1.1194468319834576,2.2737838444967493,2.4488363837090035e-11
30,29,0,local_loglinear,4,3,26,2.1087135593577693,2.1724549217386127,0.9756750637289687,0.2008228895032129,0.9410621113885157,0.0589378886114843,1.0446078724078285,1.064059738106111,0.9817191977088576,0.9595216294279774,0.931016078795081,0.03015831000413262,0.7591967258074893,1.1408906094063627,2.2576859114648173,9.332569921762675e-10
30,29,0,local_loglinear,5,4,25,2.169289646583418,2.2367512693390985,0.9969426481666126,0.19798013954412938,0.954391704316045,0.04560829568395497,1.0469218143856014,1.0544692244466733,0.9928424558193888,0.951125633099479,0.9293125748981537,0.02320101407605303,0.761802842497355,1.1624243150352525,2.2440519426154655,2.1488815761246136e-11
30,29,0,local_loglinear,6,5,24,2.2237996507207867,2.2947994555585627,1.0161551044413641,0.19552089922392754,0.966220683117298,0.03377931688270197,1.0491133688006828,1.0452515893339807,1.0036945932501886,0.9432501057655946,0.9272611384123424,0.01709624236804117,0.7640177511500399,1.1840225588479112,2.232561439581732,7.645552307011123e-11
30,29,0,local_loglinear,7,6,23,2.272306170688647,2.346643560815396,1.0333278873289367,0.1933981427240324,0.97657731802565,0.023422681974350046,1.0511749723832091,1.0364086352474653,1.0142476014127555,0.9358671673740387,0.9248860508679368,0.011803009534750539,0.7658847125146316,1.2056704408644578,2.2229444261406006,1.13797359090476e-9
30,29,0,local_loglinear,8,7,22,2.314930392539187,2.392390406083523,1.0484965607826056,0.19157237241958075,0.9855037939664963,0.014496206033503656,1.0531006672481844,1.0279444642683144,1.0244723366429878,0.9289468966588857,0.9222104525559149,0.007278121270650445,0.7674414568970183,1.2273619385992431,2.214972819537219,2.334396690634137e-11
30,29,0,local_loglinear,9,8,21,2.351840073664849,2.4321973586198613,1.0617128159593008,0.1900103127336476,0.9930530397701839,0.006946960229816113,1.0548862536490782,1.0198640438734807,1.034340076979851,0.9224583976397448,0.9192562205056665,0.0034773903940606282,0.7687208728295587,1.2490984704188486,2.2084533843537493,9.248366154322955e-10
30,29,0,local_loglinear,10,9,20,2.383238727156761,2.4662612232573977,1.0730408743998254,0.18868384922412254,0.9992859036887467,0.0007140963112532983,1.056529346250316,1.0121720756192858,1.0438238434940923,0.916370616542253,0.9160439006928494,0.0003565960101197946,0.7697516198371164,1.2708876165907013,2.2032219877009966,1.865322087874999e-11
30,29,0,local_loglinear,11,10,19,2.4093561206962915,2.4948083742164133,1.082554311711224,0.18756916624943443,1.0042687083488333,0.0042687083488333055,1.0580293237729739,1.0048721396502276,1.0528994506119447,0.910652947731885,0.9125926824531674,0.00212778291746106,0.7705586701637482,1.2927420122434434,2.199138892815087,6.415371913346191e-10
30,29,0,local_loglinear,12,11,18,2.430440105026108,2.518086176350776,1.0903333092697143,0.18664604488976844,1.0080711843213257,0.008071184321325697,1.0593872025484228,0.9979661298899505,1.0615462497361965,0.9052756675164502,0.908920404816496,0.004018024577577911,0.7711637844329433,1.3146784093280255,2.1960848903826347,9.775505044759909e-10
30,29,0,local_loglinear,13,12,17,2.446749720125215,2.536355668784119,1.096462327727364,0.1858972870168304,1.0107647444010368,0.010764744401036808,1.0606054713710136,0.9914539267013377,1.0697476128817702,0.9002102385812265,0.9050435862672039,0.005354769693380015,0.771585924261648,1.3367168756515668,2.1939581226803537,1.9720997560112092e-11
30,29,0,local_loglinear,14,13,16,2.458549495628682,2.549885450786249,1.1010281697723385,0.18530824391038225,1.0124210880037934,0.012421088003793379,1.0616878793161635,0.985333275855254,1.0774911447039428,0.895429505703598,0.9009774713928891,0.006176755489139554,0.7718416112950776,1.3588801378243764,2.1926714568947596,1.0425090918243551e-9
30,29,0,local_loglinear,15,14,15,2.466104828533046,2.558946667891821,1.1041183948293867,0.18486642985462862,1.0131111006625895,0.01311110066258947,1.062639209063497,0.9795998219463581,1.0847686833508696,0.8909078069619911,0.8967360889276137,0.006520652832510063,0.7719452391208104,1.3811930545521354,2.1921503042738157,2.031841882110555e-11
30,29,0,local_loglinear,16,15,14,2.4696783094442916,2.5638089770711345,1.1058200519125654,0.18456120210391924,1.012903994668919,0.012903994668918894,1.0634650605498424,0.9742472761779941,1.0915761188697932,0.8866210275504876,0.8923323168747084,0.006420976654210181,0.771909341381163,1.4036821855104737,2.1923308158410433,7.4202569627748e-11
30,29,0,local_loglinear,17,16,13,2.4695268768861522,2.5647373798419317,1.106218681111824,0.18438349925386927,1.0118666823594398,0.011866682359439773,1.0641716250778668,0.9692676418168567,1.0979130832048785,0.8825465998099753,0.8877779516617876,0.005910065557817895,0.7717448257023353,1.4263754750189086,2.193158367241022,1.4638600158927337e-10
30,29,0,local_loglinear,18,17,12,2.4658996694775976,2.561989792524648,1.1053975493783204,0.1843256244928214,1.0100633255846667,0.010063325584666716,1.0647654919655485,0.9646515155696956,1.103782531598189,0.87866347152622,0.883083778579905,0.0050181049854909066,0.7714611752406926,1.4493020129302467,2.1945862945947296,9.144683014590698e-10
30,29,0,local_loglinear,19,18,11,2.4590364657957693,2.5558152453542857,1.1034370794270512,0.18438106811790342,1.0075550446762183,0.007555044676218259,1.0652534675657879,0.9603883795006559,1.1091902924936008,0.8749520459000438,0.8782596417768611,0.0037731893122093796,0.7710666242186702,1.4724918797525017,2.196574827598725,1.6451708089927072e-11
30,29,0,local_loglinear,20,19,10,2.4491666055246726,2.546452601394169,1.1004144383245291,0.18454436197644242,1.0043997524234667,0.004399752423466685,1.065642423004355,0.9564669100835156,1.1141445791483855,0.8713941034933458,0.8733145123230595,0.002201410124146319,0.770568310603912,1.4959760598746918,2.199090187735279,1.009947055127442e-9
30,29,0,local_loglinear,21,20,9,2.4365083012643307,2.5341297050812974,1.096403246233233,0.18481096552091691,1.0006521147919778,0.0006521147919777981,1.0659391485352838,0.9528752748824201,1.1186554805578466,0.8679727005033632,0.8682565533741116,0.00032697625920477535,0.7699724127019207,1.5197864518864856,2.2021038051980795,1.6104688236465905e-11
30,29,0,local_loglinear,22,21,8,2.421268249505859,2.519062862098132,1.0914733809888595,0.18517717630124914,0.9963635944696962,0.0036364055303037546,1.0661502495497086,0.9496013540410793,1.1227345506750273,0.8646720571952201,0.8630931813213947,0.0018276514402795763,0.7692842699695341,1.5439559456412348,2.2055916435891203,6.138203854510768e-11
30,29,0,local_loglinear,23,22,7,2.403641473905922,2.501456588751617,1.0856908278038873,0.18564007483521786,0.991582629095397,0.008417370904603039,1.0662820110954057,0.94663304638613,1.126394240266646,0.861477409160539,0.8578311224414643,0.00424157981973225,0.768508500802394,1.5685186645512552,2.2095335604590782,1.1544476385398145e-10
30,29,0,local_loglinear,24,23,6,2.3838113124487643,2.481503536909629,1.0791175406813946,0.18619750410363253,0.9863549258488099,0.013645074151190095,1.066340287320895,0.9439584298460796,1.1296475073534442,0.8583748235667104,0.8524764635769762,0.006895261328264873,0.7676491199035342,1.5935103899868153,2.2139126839128487,2.0952197208704622e-10
30,29,0,local_loglinear,25,24,5,2.3619494755746744,2.459384528338624,1.071811247654916,0.1868481029014752,0.9807239525783603,0.019276047421639686,1.0663303359767207,0.9415659645205983,1.1325073082050567,0.8553509396049698,0.8470346955724064,0.009770183692697804,0.7667096722158144,1.618969333920171,2.2187147125995264,3.756432694803483e-10
30,29,0,local_loglinear,26,25,4,2.3382160740667572,2.435268605146193,1.0638251071480063,0.18759142195988152,0.9747317292969657,0.02526827070303428,1.0662565783831357,0.9394446842488219,1.1349860148878401,0.8523925798059581,0.8415107467602969,0.012848410619228756,0.76569340491096,1.6449375002639937,2.223927021498601,6.714552150510894e-10
30,29,0,local_loglinear,27,26,3,2.3127594817709927,2.409312979224411,1.055207064219701,0.18842817771069664,0.9684201214072071,0.031579878592792876,1.066122204719468,0.9375844096004494,1.1370946378831053,0.8494861327410477,0.8359090019876436,0.016111859090974123,0.7646035153691639,1.6714630838179712,2.229537367653461,1.2004978092013132e-9
30,29,0,local_loglinear,28,27,2,2.285715828995327,2.3816627090507962,1.0459986555882481,0.18936074174358286,0.9618329884302301,0.03816701156976987,1.0659284975713985,0.9359760211282117,1.1388416727669413,0.8466165340138624,0.8302332992789709,0.019541113034008184,0.7634435400689914,1.6986047067659145,2.2355318429169984,2.1483754208087625e-9
30,29,0,local_loglinear,29,28,1,2.2572078004483402,2.3524498362034088,1.0362328353368975,0.19039404166130797,0.9550198133262013,0.04498018667379866,1.0656736453171984,0.9346119226320755,1.1402311692279978,0.8437655410407245,0.8244868903648734,0.023113419258341428,0.7622179981625359,1.7264389312144508,2.2418914528320664,3.847148948911552e-9
30,29,0,local_loglinear,30,29,0,2.227342195960699,2.3217915393431694,1.025930095805773,0.1915371818429878,0.948041882698409,0.051958117301590945,1.0653506676802773,0.9334867688211276,1.1412595263944412,0.8409087798236522,0.8186723410505334,0.02679925594303731,0.7609334855452622,1.75507358665106,2.248586246774477,1.484537636321352e-7
35,34,0,local_loglinear,1,0,34,1.891117961702422,1.9428526771862202,0.8997793665391877,0.21227216161864204,0.8920704391253633,0.10792956087463668,,,,0.9880491462976563,0.9337836851161863,0.05648762883966721,0.7484992857228352,1.0769936921911165,2.314972239768629,2.2026407712950254e-11
35,34,0,local_loglinear,2,1,33,1.9694842103461818,2.0253336123701144,0.9270390555600174,0.2078947558221351,0.909878753345489,0.09012124665451104,1.0396491854458558,1.0843741351411467,0.9587550567226788,0.9779677237590533,0.9332776870994215,0.04677388244599348,0.7526055737332547,1.0981306124113286,2.292727366039018,1.0005321777803343e-9
35,34,0,local_loglinear,3,2,32,2.0420803690515,2.101942089840419,0.9523612810797543,0.2041053208453425,0.9262210420382928,0.07377895796170719,1.0421804127906948,1.074025330016524,0.9703499383712495,0.9684625560930851,0.932346418224445,0.03800538134896995,0.7561498532732459,1.1194468319834576,2.2737838444967493,2.4488363837090035e-11
35,34,0,local_loglinear,4,3,31,2.1087135593577693,2.1724549217386127,0.9756750637289687,0.2008228895032129,0.9410621113885157,0.0589378886114843,1.0446078724078285,1.064059738106111,0.9817191977088576,0.9595216294279774,0.931016078795081,0.03015831000413262,0.7591967258074893,1.1408906094063627,2.2576859114648173,9.332569921762675e-10
35,34,0,local_loglinear,5,4,30,2.169289646583418,2.2367512693390985,0.9969426481666126,0.19798013954412938,0.954391704316045,0.04560829568395497,1.0469218143856014,1.0544692244466733,0.9928424558193888,0.951125633099479,0.9293125748981537,0.02320101407605303,0.761802842497355,1.1624243150352525,2.2440519426154655,2.1488815761246136e-11
35,34,0,local_loglinear,6,5,29,2.2237996507207867,2.2947994555585627,1.0161551044413641,0.19552089922392754,0.966220683117298,0.03377931688270197,1.0491133688006828,1.0452515893339807,1.0036945932501886,0.9432501057655946,0.9272611384123424,0.01709624236804117,0.7640177511500399,1.1840225588479112,2.232561439581732,1.0499541375261947e-9
35,34,0,local_loglinear,7,6,28,2.2723061706024903,2.346643560554805,1.0333278880123413,0.19339814244322784,0.9765773165706799,0.02342268342932008,1.0511749734741052,1.0364086352474653,1.0142476024653289,0.9358671680672994,0.9248860508679368,0.011803010275518763,0.7658847122434852,1.205670439247397,2.2229444275328025,8.295536416040022e-10
35,34,0,local_loglinear,8,7,27,2.314930393241448,2.3923904068542745,1.0484965609005612,0.19157237244705613,0.9855037944068016,0.014496205593198419,1.0531006657779933,1.027944463606296,1.0244723358725458,0.9289468964811154,0.9222104525846169,0.0072781210481598635,0.7674414569711421,1.2273619389665278,2.2149728191586755,1.863807593833481e-11
35,34,0,local_loglinear,9,8,26,2.3518400742093437,2.4321973592465223,1.0617128159038027,0.1900103127951681,0.9930530403216196,0.006946959678380438,1.0548862535648595,1.019864043920539,1.0343400768495463,0.9224583974057079,0.9192562205269574,0.0034773901171895605,0.768720872939916,1.249098470948718,2.208453383792652,1.2345950341539594e-9
35,34,0,local_loglinear,10,9,25,2.3832387273019777,2.466261223102666,1.0730408755742504,0.18868384874726674,0.9992859012241662,0.000714098775833838,1.0565293484466423,1.0121720758300587,1.0438238454466422,0.9163706176820291,0.9160439007044676,0.00035659724123045244,0.7697516194347822,1.2708876137042526,2.2032219897393515,2.5582935261915782e-11
35,34,0,local_loglinear,11,10,24,2.409356121887362,2.4948083748994767,1.0825543142297043,0.18756916535686882,1.0042687040663885,0.004268704066388462,1.0580293249360375,1.0048721390123008,1.0528994524377853,0.9106529497302457,0.9125926825113164,0.0021277807867533527,0.7705586694499882,1.292742006981457,2.1991388964211787,1.1777568113048908e-9
35,34,0,local_loglinear,12,11,23,2.430440108121518,2.5180861786527227,1.0903333137667681,0.18664604337501234,1.0080711774240412,0.008071177424041176,1.0593872041030525,0.99796612866385,1.0615462525982093,0.9052756707527275,0.9089204049557018,0.004018021155824822,0.7711637833215866,1.3146784005101204,2.1960848959857913,8.996939762322844e-10
35,34,0,local_loglinear,13,12,22,2.4467497260847964,2.5363556729092354,1.096462337417444,0.18589728369998773,1.0107647288285615,0.010764728828561498,1.0606054770528592,0.9914539250157377,1.0697476204313012,0.9002102457906069,0.9050435865368456,0.005354761982760359,0.7715859217649423,1.3367168556516822,2.19395813524978,1.7386796473294386e-11
35,34,0,local_loglinear,14,13,21,2.4585495083201954,2.5498854601630168,1.1010281882798554,0.18530823776933264,1.0124210596788326,0.012421059678832558,1.06168788733367,0.9853332725614722,1.0774911564426382,0.8954295188045781,0.900977471951738,0.006176741478464032,0.7718416067515773,1.3588801005112359,2.1926714797484594,1.1188630085618375e-9
35,34,0,local_loglinear,15,14,20,2.466104853337092,2.558946686220631,1.1041184307894596,0.1848664179407153,1.013111045561425,0.01311104556142495,1.0626392261499473,0.9795998162538612,1.084768707096783,0.8909078323138938,0.8967360900089123,0.006520625582068021,0.7719452303384013,1.3811929807593428,2.192150348433379,1.2235208365717069e-9
35,34,0,local_loglinear,16,15,19,2.46967835790092,2.563809013505168,1.1058201198590456,0.18456117981334508,1.0129038922081743,0.012903892208174339,1.0634650905940615,0.974247266393049,1.0915761606715337,0.8866210745781556,0.892332318961446,0.006420925951278772,0.7719093250647138,1.4036820454665895,2.1923308978932803,9.719137536630233e-10
35,34,0,local_loglinear,17,16,18,2.469526969280485,2.564737450175353,1.106218807543534,0.18438345802445005,1.0118664939568347,0.0118664939568347,1.0641716797323642,0.9692676249458202,1.0979131587025295,0.8825466861182403,0.887777955602749,0.005909972202382499,0.7717447957153981,1.4263752122330553,2.193158518124866,1.0086622404452932e-9
35,34,0,local_loglinear,18,17,17,2.465899842388044,2.561989925132552,1.1053977825196384,0.184325548623466,1.0100629806637658,0.010062980663765764,1.064765592084043,0.9646514866760182,1.103782668446401,0.8786636292880313,0.8830837859037515,0.005017933731517821,0.7714611203396251,1.4493015221273366,2.194586571107658,1.7447502635302923e-11
35,34,0,local_loglinear,19,18,16,2.459036785443344,2.5558154916638545,1.103437506508824,0.18438092899198158,1.0075544153899996,0.007554415389999569,1.065253650785792,0.9603883299386984,1.1091905405116564,0.8749523334091344,0.8782596552473043,0.003772876050091495,0.771066524019695,1.4724909662444348,2.1965753329437323,1.1127629602961366e-9
35,34,0,local_loglinear,20,19,15,2.449167191382124,2.5464530542057786,1.1004152173668154,0.18454410742789082,1.0043986072784183,0.004398607278418343,1.0656427584584505,0.9564668248436217,1.1141450291625938,0.8713946263814721,0.8733145369274034,0.002200838238556768,0.7705681279824359,1.4959743636745986,2.199091110353798,1.8339785548305487e-11
35,34,0,local_loglinear,21,20,14,2.4365093686535944,2.534130532047128,1.0964046615840612,0.1848105008630023,1.0006500372850406,0.00065003728504065,1.065939761006947,0.9528751262165905,1.1186562978501515,0.8679736491145402,0.8682565981031269,0.0003259348713052779,0.7699720806467752,1.5197833108580558,2.2021054862176324,7.177528279010007e-11
35,34,0,local_loglinear,22,21,13,2.421270184859943,2.5190643647900353,1.0914759427723677,0.18517633007201068,0.9963598376558735,0.003640162344126452,1.0661513649631917,0.9496010920286546,1.1227360350708402,0.8646737735835676,0.8630932623321639,0.0018295425938910648,0.7692836677477494,1.5439501452883155,2.2055946995669213,1.4396890757262412e-10
35,34,0,local_loglinear,23,22,12,2.4036449679105916,2.501459306801697,1.0856954498436027,0.1856385364129827,0.9915758531096733,0.008424146890326667,1.0662840406332312,0.9466325795210908,1.1263969397426328,0.8614805083313324,0.8578312686824552,0.004245006842424598,0.7685074108084864,1.5685079766992214,2.209539106478837,1.0118288130260977e-9
35,34,0,local_loglinear,24,23,11,2.383817596961171,2.4815084344545064,1.0791258553099174,0.1861947119572357,0.9863427351661664,0.01365726483383356,1.0663439735183355,0.9439575895233128,1.1296524180252911,0.8583804081938646,0.8524767268395996,0.0069014585334035705,0.7676471510005525,1.5934907375578982,2.2139227317398382,1.5143193761446644e-11
35,34,0,local_loglinear,25,24,10,2.3619607416126813,2.4593933243715558,1.0718261604340071,0.186843044965115,0.9807020823354992,0.01929791766450084,1.0663370131128433,0.9415644380030717,1.1325162358238563,0.8553609793410312,0.8470351683210595,0.009781363065631016,0.7667061237565499,1.6189332831302954,2.2187328803144615,1.087704861167111e-9
35,34,0,local_loglinear,26,25,9,2.338236204292906,2.435284351938843,1.0638517766941582,0.1875822763260351,0.9746925995315807,0.025307400468419283,1.066268648243085,0.9394418878722922,1.1350022412328644,0.8524105878880558,0.8415115935974471,0.012868530579038057,0.7656870237896095,1.6448715168139842,2.2239598074827085,1.453332336758525e-11
35,34,0,local_loglinear,27,26,8,2.312795336554104,2.4093410825080306,1.0552546201295399,0.18841167269739972,0.9683503065931207,0.03164969340687929,1.0661439667128,0.9375792542283131,1.1371241011409792,0.8495183563113041,0.8359105152655597,0.016147981050120302,0.7645920668948912,1.6713425978005225,2.229596412771186,6.158228499150716e-11
35,34,0,local_loglinear,28,27,7,2.285779489193262,2.3817127092722408,1.0460832097593822,0.18933101287810014,0.9617087686776592,0.0382912313223408,1.0659676391513524,0.9359664719142708,1.1388951112438874,0.8466740564796369,0.8302359968509478,0.01960580550106028,0.7634230474930063,1.6983852090054656,2.2356379608853394,1.1562419000207387e-10
35,34,0,local_loglinear,29,28,6,2.2573204727053255,2.3525385186674623,1.0363827383744078,0.19034059862198835,0.9547994001253365,0.045200599874663516,1.0657438658691905,0.9345941824209215,1.140327947589558,0.8438679740534286,0.8244916871872172,0.023228993811372278,0.7621814016939397,1.7260399858235673,2.2420817771681074,2.089226367807633e-10
35,34,0,local_loglinear,30,29,5,2.2275409854864803,2.321948339643386,1.0261950883481739,0.1914412972049721,0.9476518574194972,0.0523481425805028,1.0654763120983304,0.9334537689501486,1.141434474357168,0.8410907335729938,0.8186808494228806,0.02700521721157262,0.760868280963697,1.7543501698550352,2.248926888150656,3.7223303484070884e-10
35,34,0,local_loglinear,31,30,4,2.196554966671334,2.2900629402268797,1.0155587374370219,0.19263463791770546,0.9402946014912668,0.05970539850873324,1.0651679770532216,0.9325374505983002,1.1422254155796403,0.8383330441502985,0.8128063833948265,0.03092251853619546,0.7594846518533329,1.783362677552214,2.256173522166096,6.603683340060944e-10
35,34,0,local_loglinear,32,31,3,2.164467803872647,2.2569943104607213,1.004508472145428,0.19392299731859897,0.9327557425035312,0.06724425749646878,1.06482096626088,0.9318383557253428,1.1427099557755633,0.8355853082338714,0.8068708387619972,0.03496884287230051,0.7580314437994146,1.8131298785816443,2.263822346785164,1.170801628218581e-9
35,34,0,local_loglinear,33,32,2,2.1313762910702927,2.222845745326518,0.9930747655717409,0.1953099379489941,0.9250643803442133,0.07493561965578666,1.0644360770709438,0.9313507179715538,1.1428949981262104,0.8328369867782193,0.8008764144194234,0.03913128282220937,0.7565097854659636,1.843712633233341,2.2718732159003605,2.07654803333466e-9
35,34,0,local_loglinear,34,33,1,2.0973681628144356,2.18771158359081,0.9812825839733729,0.1968008112333082,0.9172527908817649,0.08274720911823508,1.064012072076005,0.9310701576991627,1.1427839924602083,0.8300755445678888,0.7948249362370754,0.04339482978613818,0.7549213964790319,1.875185531067425,2.2803230469636544,3.684098080915454e-9
35,34,0,local_loglinear,35,34,0,2.0625209206279727,2.1516763707421327,0.9691492198489844,0.19840382045716665,0.9093600676120497,0.09063993238795032,1.0635444010052018,0.9309942472828989,1.1423748364816966,0.8272846689187755,0.7887177995071804,0.04774026625063685,0.7532692516527298,1.9076460082050666,2.289162159024147,1.4192404931345866e-7
40,39,0,local_loglinear,1,0,39,1.891117961702422,1.9428526771862202,0.8997793665391877,0.21227216161864204,0.8920704391253633,0.10792956087463668,,,,0.9880491462976563,0.9337836851161863,0.05648762883966721,0.7484992857228352,1.0769936921911165,2.314972239768629,2.2026407712950254e-11
40,39,0,local_loglinear,2,1,38,1.9694842103461818,2.0253336123701144,0.9270390555600174,0.2078947558221351,0.909878753345489,0.09012124665451104,1.0396491854458558,1.0843741351411467,0.9587550567226788,0.9779677237590533,0.9332776870994215,0.04677388244599348,0.7526055737332547,1.0981306124113286,2.292727366039018,1.0005321777803343e-9
40,39,0,local_loglinear,3,2,37,2.0420803690515,2.101942089840419,0.9523612810797543,0.2041053208453425,0.9262210420382928,0.07377895796170719,1.0421804127906948,1.074025330016524,0.9703499383712495,0.9684625560930851,0.932346418224445,0.03800538134896995,0.7561498532732459,1.1194468319834576,2.2737838444967493,2.4488363837090035e-11
40,39,0,local_loglinear,4,3,36,2.1087135593577693,2.1724549217386127,0.9756750637289687,0.2008228895032129,0.9410621113885157,0.0589378886114843,1.0446078724078285,1.064059738106111,0.9817191977088576,0.9595216294279774,0.931016078795081,0.03015831000413262,0.7591967258074893,1.1408906094063627,2.2576859114648173,9.332569921762675e-10
40,39,0,local_loglinear,5,4,35,2.169289646583418,2.2367512693390985,0.9969426481666126,0.19798013954412938,0.954391704316045,0.04560829568395497,1.0469218143856014,1.0544692244466733,0.9928424558193888,0.951125633099479,0.9293125748981537,0.02320101407605303,0.761802842497355,1.1624243150352525,2.2440519426154655,2.1488815761246136e-11
40,39,0,local_loglinear,6,5,34,2.2237996507207867,2.2947994555585627,1.0161551044413641,0.19552089922392754,0.966220683117298,0.03377931688270197,1.0491133688006828,1.0452515893339807,1.0036945932501886,0.9432501057655946,0.9272611384123424,0.01709624236804117,0.7640177511500399,1.1840225588479112,2.232561439581732,1.0499541375261947e-9
40,39,0,local_loglinear,7,6,33,2.2723061706024903,2.346643560554805,1.0333278880123413,0.19339814244322784,0.9765773165706799,0.02342268342932008,1.0511749734741052,1.0364086352474653,1.0142476024653289,0.9358671680672994,0.9248860508679368,0.011803010275518763,0.7658847122434852,1.205670439247397,2.2229444275328025,8.295536416040022e-10
40,39,0,local_loglinear,8,7,32,2.314930393241448,2.3923904068542745,1.0484965609005612,0.19157237244705613,0.9855037944068016,0.014496205593198419,1.0531006657779933,1.027944463606296,1.0244723358725458,0.9289468964811154,0.9222104525846169,0.0072781210481598635,0.7674414569711421,1.2273619389665278,2.2149728191586755,1.863807593833481e-11
40,39,0,local_loglinear,9,8,31,2.3518400742093437,2.4321973592465223,1.0617128159038027,0.1900103127951681,0.9930530403216196,0.006946959678380438,1.0548862535648595,1.019864043920539,1.0343400768495463,0.9224583974057079,0.9192562205269574,0.0034773901171895605,0.768720872939916,1.249098470948718,2.208453383792652,1.2345950341539594e-9
40,39,0,local_loglinear,10,9,30,2.3832387273019777,2.466261223102666,1.0730408755742504,0.18868384874726674,0.9992859012241662,0.000714098775833838,1.0565293484466423,1.0121720758300587,1.0438238454466422,0.9163706176820291,0.9160439007044676,0.00035659724123045244,0.7697516194347822,1.2708876137042526,2.2032219897393515,2.5582935261915782e-11
40,39,0,local_loglinear,11,10,29,2.409356121887362,2.4948083748994767,1.0825543142297043,0.18756916535686882,1.0042687040663885,0.004268704066388462,1.0580293249360375,1.0048721390123008,1.0528994524377853,0.9106529497302457,0.9125926825113164,0.0021277807867533527,0.7705586694499882,1.292742006981457,2.1991388964211787,4.956070313250986e-10
40,39,0,local_loglinear,12,11,28,2.430440108068738,2.518086178466234,1.0903333142142733,0.18664604318516514,1.0080711763767891,0.008071176376789113,1.059387204845344,0.99796612866385,1.061546253342014,0.9052756712230497,0.9089204049557018,0.004018020636290018,0.771163783153123,1.3146783992728734,2.1960848968351385,1.0059931440794789e-9
40,39,0,local_loglinear,13,12,27,2.4467497264634264,2.5363556730429675,1.096462338485446,0.18589728330437613,1.0107647268339477,0.010764726833947691,1.0606054776582279,0.9914539248160469,1.0697476212573482,0.9002102466985978,0.9050435865558788,0.005354760995147367,0.7715859214454203,1.336716853166069,2.1939581368583836,8.72379825271953e-10
40,39,0,local_loglinear,14,13,26,2.458549509613458,2.5498854611980546,1.1010281898650218,0.18530823725467585,1.0124210573995949,0.01242105739959487,1.0616878873942848,0.9853332721780544,1.077491156923434,0.8954295198692697,0.9009774720072554,0.0061767403510542,0.7718416063951508,1.3588800974559028,2.192671481541278,1.6395860924404256e-11
40,39,0,local_loglinear,15,14,25,2.4661048556978757,2.5589466883101513,1.1041184329963356,0.18486641729093445,1.013111042970318,0.013111042970318065,1.0626392262144535,0.9795998158343394,1.084768707627194,0.8909078335528617,0.8967360901068457,0.006520624300598757,0.7719452299320827,1.3811929770485263,2.192150350476424,1.183199693594744e-9
40,39,0,local_loglinear,16,15,24,2.4696783614071234,2.563809016467098,1.1058201236489293,0.1845611786557792,1.0129038872932714,0.01290388729327141,1.0634650920737314,0.9742472658703335,1.0915761627759828,0.8866210768805095,0.8923323191083177,0.006420923519098509,0.7719093242815349,1.4036820385047777,2.1923309018317325,2.0514503450630517e-11
40,39,0,local_loglinear,17,16,23,2.4695269749943525,2.5647374550439688,1.1062188135965607,0.18438345619967283,1.0118664862839593,0.011866486283959254,1.06417168138179,0.9692676240302552,1.0979131614413362,0.8825466897097582,0.8877779558401941,0.00590996840034913,0.7717447944835663,1.426375201120985,2.1931585243230147,8.98138558789081e-10
40,39,0,local_loglinear,18,17,22,2.465899851566479,2.5619899330706692,1.1053977918044984,0.1843255458474513,1.0100629692114231,0.010062969211423134,1.0647655942741148,0.9646514852495004,1.103782672348989,0.8786636346602467,0.883083786281619,0.005017928045338252,0.7714611185156792,1.4493015050989415,2.1945865802940876,8.398635885135966e-10
40,39,0,local_loglinear,19,18,21,2.4590367995207925,2.555815503162799,1.103437523060079,0.18438092377169335,1.0075543926316266,0.007554392631626605,1.0652536581712444,0.9603883279840589,1.1091905504592159,0.8749523439060533,0.8782596558338502,0.00377286472080951,0.7710665204044008,1.4724909326554818,2.1965753511771635,1.2138208024327147e-9
40,39,0,local_loglinear,20,19,20,2.4491672151318333,2.546453073144474,1.1004152469477677,0.18454409792513427,1.004398565298483,0.004398565298483037,1.0656427709837422,0.9564668216156118,1.114145046018132,0.8713946456404816,0.8733145379199672,0.0022008172737412734,0.7705681212874056,1.4959743009802209,2.1990911441776446,1.2637948500124223e-9
40,39,0,local_loglinear,21,20,19,2.436509410029809,2.534130564383037,1.0964047154605312,0.18481048324372737,1.0006499588788844,0.0006499588788844157,1.0659397850603944,0.9528751205689261,1.1186563297234182,0.8679736849608916,0.8682565998364726,0.0003258955687644449,0.7699720681259244,1.5197831920523273,2.2021055496041155,1.9774644687442858e-11
40,39,0,local_loglinear,22,21,18,2.4212702590093502,2.519064422608265,1.0914760400434689,0.1851762979978112,0.9963596955901178,0.003640304409882167,1.0661514072474858,0.9496010821314121,1.1227360913010678,0.8646738385305512,0.8630932654363028,0.0018296141089061413,0.7692836449880726,1.5439499257049398,2.205594815061153,1.2253606955545155e-9
40,39,0,local_loglinear,23,22,17,2.4036451009431703,2.501459410243768,1.0856956258887187,0.1856384777653345,0.9915755947270974,0.008424405272902558,1.0662841189113834,0.946632561883513,1.1263970434207333,0.861480626505496,0.8578312742546499,0.004245137522405629,0.7685073692850211,1.5685075691750292,2.209539317755624,1.2657734740195705e-9
40,39,0,local_loglinear,24,23,16,2.38381783635836,2.4815086209006307,1.0791261724392154,0.18619460542697913,0.9863422698900889,0.013657730109911115,1.0663441144269417,0.9439575578082889,1.1296526052535814,0.8583806213280164,0.8524767368739596,0.006901695060556545,0.7676470758557762,1.5934899875765771,2.213923115224645,1.7868467763202243e-11
40,39,0,local_loglinear,25,24,15,2.3619611711345354,2.4593936596153783,1.0718267293590424,0.18684285197218212,0.9807012476940707,0.019298752305929257,1.0663372679134253,0.9415643797839771,1.1325165764640277,0.8553613624844321,0.8470351863504184,0.009781789712097477,0.7667059883378915,1.6189319073920139,2.218733573647281,1.215302803505641e-9
40,39,0,local_loglinear,26,25,14,2.3382369720994163,2.4352849524363305,1.063852794316366,0.18758192732303003,0.9746911061430544,0.02530889385694557,1.0662691089413945,0.9394417811586281,1.1350028605565619,0.8524112751723107,0.8415116259031274,0.012869298471758328,0.7656867802628718,1.6448689986519882,2.2239610587291514,1.0601246864727311e-9
40,39,0,local_loglinear,27,26,13,2.312796704448145,2.4093421543634532,1.0552564354819474,0.18841104254765434,0.9683476406352314,0.03165235936476862,1.0661447984380732,0.9375790574087268,1.137125226948515,0.8495195868210772,0.8359105730063319,0.016149360453092954,0.7645916297560473,1.6713379972330353,2.229598667346436,1.1026565556214898e-9
40,39,0,local_loglinear,28,27,12,2.285781918848009,2.3817146170829577,1.0460864385315092,0.18932987749860583,0.9617040237422705,0.038295976257729514,1.0659691351626024,0.9359661070752021,1.138897153545064,0.8466762538398,0.830236099816468,0.019608276762746985,0.7634222648055872,1.6983768252552491,2.2356420140736115,1.3483147808871507e-11
40,39,0,local_loglinear,29,28,11,2.2573247746602503,2.352541904227555,1.0363884632781644,0.19033855750311796,0.9547909809441841,0.04520901905581587,1.065746548797379,0.9345935038009298,1.1403316462858542,0.8438718872806464,0.8244918703454993,0.0232334089042725,0.7621800040323293,1.726024747972861,2.2420890463558707,6.05805067558779e-11
40,39,0,local_loglinear,30,29,10,2.2275485774207655,2.3219543277010812,1.0262052093976866,0.19143763515494583,0.947636959675989,0.05236304032401096,1.0654811136773683,0.9334525044965313,1.1414411644350864,0.8410976856070145,0.818681174375905,0.027013085753069266,0.7608657909939293,1.754322538886901,2.2489398977698523,1.1428905944710639e-10
40,39,0,local_loglinear,31,30,9,2.1965683215027743,2.2900734972387773,1.0155765786307862,0.1926280808996803,0.9402683118580253,0.059731688141974715,1.065176548128788,0.9325350933907967,1.14223749398609,0.838345364480853,0.8128069584268858,0.03093650718788668,0.7594802263825949,1.7833126905132912,2.2561967563378675,1.5556296009082325e-10
40,39,0,local_loglinear,32,31,8,2.164491221459252,2.2570128634500923,1.0045398320160324,0.19391128041453903,0.9327094759982071,0.06729052400179292,1.0648362261825748,0.9318339636410607,1.142731718021759,0.8356070882930052,0.8068718537166968,0.034993650275444765,0.7580235969159452,1.813039656808786,2.263863753644936,2.223189684019047e-10
40,39,0,local_loglinear,33,32,7,2.131417224097641,2.2228782474601156,0.9931297304464219,0.1952890428376916,0.9249831768484399,0.07501682315156011,1.0644631744703323,0.9313425454323778,1.1429341220272,0.8328753943462393,0.8008782012523221,0.03917516721381878,0.7564959048687315,1.843550166478654,2.2719468536432257,2.81546023081398e-10
40,39,0,local_loglinear,34,33,6,2.097439487451733,2.187768342780167,0.9813786492702016,0.1967636229783108,0.9171106500639425,0.08288934993605745,1.064060062700548,0.9310549824677473,1.1428541630057902,0.8301431048726358,0.794828073861608,0.04347226946465349,0.7548969002733054,1.874893636395683,2.2804537295354574,3.828691660615788e-10
40,39,0,local_loglinear,35,34,5,2.0626448125656554,2.151775177109509,0.9693166479951432,0.1983377657064031,0.9091119190448327,0.09088808095516732,1.0636291692288922,0.9309661450428045,1.1425003743610762,0.8274032128803777,0.7887232948378031,0.04787658141657741,0.7532261215454468,1.907122758735659,2.2893935966288637,5.587404729885196e-10
40,39,0,local_loglinear,36,35,4,2.0271140060153177,2.1149845149610833,0.9569714664350434,0.20001478632885178,0.9010061661719477,0.09899383382805227,1.0631723075271635,0.9310716629426867,1.1418802116337294,0.8246487200080812,0.7825654524115293,0.05237993755851714,0.7514829529694923,1.9402943834774236,2.2987769529796553,8.663729140616514e-10
40,39,0,local_loglinear,37,36,3,1.9909221388000065,2.077476171657643,0.9443684016686656,0.20179871001361185,0.8928122652164052,0.10718773478359478,1.0626906892997197,0.9313679481602269,1.140999850165448,0.821872391700488,0.7763559085734257,0.056974081658163894,0.7496667125033281,1.9744708983027233,2.3086151495961156,1.406474927870692e-9
40,39,0,local_loglinear,38,37,2,1.9541386482952365,2.0393241955074077,0.9315299854182043,0.2036945129178062,0.884549600307463,0.11545039969253701,1.0621846679888485,0.9318523361256502,1.1398637174695287,0.8190663653715538,0.7700957996913098,0.06165019047751569,0.7477767948208293,2.0097224814981303,2.3189196445081106,2.3560423175238303e-9
40,39,0,local_loglinear,39,38,1,1.9168271925579443,2.0005968427849132,0.91847533216377,0.20570853624663277,0.8762393689307494,0.12376063106925062,1.0616532904611602,0.9325232759731366,1.1384737709128705,0.8162215088933746,0.7637860243635262,0.06639809798730983,0.7458129094207748,2.046130855390374,2.329700703619723,4.025619880043207e-9
40,39,0,local_loglinear,40,39,0,1.8790451101658292,1.9613562258039563,0.9052189370109887,0.2078491989521581,0.8679067132065272,0.13209328679347276,1.0610935108856268,0.9333807500277483,1.136828149556418,0.8133263505949133,0.757427210817414,0.0712050028118506,0.7437754837305337,2.0837956550451766,2.3409651284438078,1.4664645048027768e-7
45,44,0,local_loglinear,1,0,44,1.891117961702422,1.9428526771862202,0.8997793665391877,0.21227216161864204,0.8920704391253633,0.10792956087463668,,,,0.9880491462976563,0.9337836851161863,0.05648762883966721,0.7484992857228352,1.0769936921911165,2.314972239768629,2.2026407712950254e-11
45,44,0,local_loglinear,2,1,43,1.9694842103461818,2.0253336123701144,0.9270390555600174,0.2078947558221351,0.909878753345489,0.09012124665451104,1.0396491854458558,1.0843741351411467,0.9587550567226788,0.9779677237590533,0.9332776870994215,0.04677388244599348,0.7526055737332547,1.0981306124113286,2.292727366039018,1.0005321777803343e-9
45,44,0,local_loglinear,3,2,42,2.0420803690515,2.101942089840419,0.9523612810797543,0.2041053208453425,0.9262210420382928,0.07377895796170719,1.0421804127906948,1.074025330016524,0.9703499383712495,0.9684625560930851,0.932346418224445,0.03800538134896995,0.7561498532732459,1.1194468319834576,2.2737838444967493,2.4488363837090035e-11
45,44,0,local_loglinear,4,3,41,2.1087135593577693,2.1724549217386127,0.9756750637289687,0.2008228895032129,0.9410621113885157,0.0589378886114843,1.0446078724078285,1.064059738106111,0.9817191977088576,0.9595216294279774,0.931016078795081,0.03015831000413262,0.7591967258074893,1.1408906094063627,2.2576859114648173,9.332569921762675e-10
45,44,0,local_loglinear,5,4,40,2.169289646583418,2.2367512693390985,0.9969426481666126,0.19798013954412938,0.954391704316045,0.04560829568395497,1.0469218143856014,1.0544692244466733,0.9928424558193888,0.951125633099479,0.9293125748981537,0.02320101407605303,0.761802842497355,1.1624243150352525,2.2440519426154655,2.1488815761246136e-11
45,44,0,local_loglinear,6,5,39,2.2237996507207867,2.2947994555585627,1.0161551044413641,0.19552089922392754,0.966220683117298,0.03377931688270197,1.0491133688006828,1.0452515893339807,1.0036945932501886,0.9432501057655946,0.9272611384123424,0.01709624236804117,0.7640177511500399,1.1840225588479112,2.232561439581732,1.0499541375261947e-9
45,44,0,local_loglinear,7,6,38,2.2723061706024903,2.346643560554805,1.0333278880123413,0.19339814244322784,0.9765773165706799,0.02342268342932008,1.0511749734741052,1.0364086352474653,1.0142476024653289,0.9358671680672994,0.9248860508679368,0.011803010275518763,0.7658847122434852,1.205670439247397,2.2229444275328025,8.295536416040022e-10
45,44,0,local_loglinear,8,7,37,2.314930393241448,2.3923904068542745,1.0484965609005612,0.19157237244705613,0.9855037944068016,0.014496205593198419,1.0531006657779933,1.027944463606296,1.0244723358725458,0.9289468964811154,0.9222104525846169,0.0072781210481598635,0.7674414569711421,1.2273619389665278,2.2149728191586755,1.863807593833481e-11
45,44,0,local_loglinear,9,8,36,2.3518400742093437,2.4321973592465223,1.0617128159038027,0.1900103127951681,0.9930530403216196,0.006946959678380438,1.0548862535648595,1.019864043920539,1.0343400768495463,0.9224583974057079,0.9192562205269574,0.0034773901171895605,0.768720872939916,1.249098470948718,2.208453383792652,1.2345950341539594e-9
45,44,0,local_loglinear,10,9,35,2.3832387273019777,2.466261223102666,1.0730408755742504,0.18868384874726674,0.9992859012241662,0.000714098775833838,1.0565293484466423,1.0121720758300587,1.0438238454466422,0.9163706176820291,0.9160439007044676,0.00035659724123045244,0.7697516194347822,1.2708876137042526,2.2032219897393515,2.5582935261915782e-11
45,44,0,local_loglinear,11,10,34,2.409356121887362,2.4948083748994767,1.0825543142297043,0.18756916535686882,1.0042687040663885,0.004268704066388462,1.0580293249360375,1.0048721390123008,1.0528994524377853,0.9106529497302457,0.9125926825113164,0.0021277807867533527,0.7705586694499882,1.292742006981457,2.1991388964211787,4.956070313250986e-10
45,44,0,local_loglinear,12,11,33,2.430440108068738,2.518086178466234,1.0903333142142733,0.18664604318516514,1.0080711763767891,0.008071176376789113,1.059387204845344,0.99796612866385,1.061546253342014,0.9052756712230497,0.9089204049557018,0.004018020636290018,0.771163783153123,1.3146783992728734,2.1960848968351385,1.0059931440794789e-9
45,44,0,local_loglinear,13,12,32,2.4467497264634264,2.5363556730429675,1.096462338485446,0.18589728330437613,1.0107647268339477,0.010764726833947691,1.0606054776582279,0.9914539248160469,1.0697476212573482,0.9002102466985978,0.9050435865558788,0.005354760995147367,0.7715859214454203,1.336716853166069,2.1939581368583836,8.72379825271953e-10
45,44,0,local_loglinear,14,13,31,2.458549509613458,2.5498854611980546,1.1010281898650218,0.18530823725467585,1.0124210573995949,0.01242105739959487,1.0616878873942848,0.9853332721780544,1.077491156923434,0.8954295198692697,0.9009774720072554,0.0061767403510542,0.7718416063951508,1.3588800974559028,2.192671481541278,1.6395860924404256e-11
45,44,0,local_loglinear,15,14,30,2.4661048556978757,2.5589466883101513,1.1041184329963356,0.18486641729093445,1.013111042970318,0.013111042970318065,1.0626392262144535,0.9795998158343394,1.084768707627194,0.8909078335528617,0.8967360901068457,0.006520624300598757,0.7719452299320827,1.3811929770485263,2.192150350476424,1.183199693594744e-9
45,44,0,local_loglinear,16,15,29,2.4696783614071234,2.563809016467098,1.1058201236489293,0.1845611786557792,1.0129038872932714,0.01290388729327141,1.0634650920737314,0.9742472658703335,1.0915761627759828,0.8866210768805095,0.8923323191083177,0.006420923519098509,0.7719093242815349,1.4036820385047777,2.1923309018317325,2.0514503450630517e-11
45,44,0,local_loglinear,17,16,28,2.4695269749943525,2.5647374550439688,1.1062188135965607,0.18438345619967283,1.0118664862839593,0.011866486283959254,1.06417168138179,0.9692676240302552,1.0979131614413362,0.8825466897097582,0.8877779558401941,0.00590996840034913,0.7717447944835663,1.426375201120985,2.1931585243230147,1.6111175027634268e-10
45,44,0,local_loglinear,18,17,27,2.4658998514968253,2.5619899327935802,1.1053977924782656,0.18432554556670985,1.0100629676444914,0.010062967644491438,1.0647655953969026,0.9646514852495004,1.10378267351292,0.8786636353438195,0.883083786281619,0.005017927267369507,0.7714611182669822,1.4493015030501883,2.194586581546667,1.1193532231691557e-9
45,44,0,local_loglinear,19,18,26,2.459036800080016,2.555815503328852,1.103437524715444,0.18438092315894866,1.0075543895124008,0.007554389512400839,1.065253659199526,0.9603883278353392,1.109190551701672,0.8749523452913263,0.8782596558606386,0.003772863168055751,0.7710665199082843,1.47249092834934,2.1965753536792847,8.523771050473501e-10
45,44,0,local_loglinear,20,19,25,2.449167217118798,2.546453074871285,1.1004152489350951,0.18454409732915325,1.004398562869651,0.004398562869651013,1.0656427703052092,0.956466821286295,1.114145045692322,0.8713946467779028,0.8733145380005938,0.002200816060775629,0.7705681208998759,1.4959742972214636,2.1990911461354767,1.3244476571817865e-11
45,44,0,local_loglinear,21,20,24,2.436509413130996,2.5341305672228462,1.0964047180545828,0.18481048250805288,1.0006499561692268,0.0006499561692268063,1.065939785113288,0.9528751201727564,1.1186563302440227,0.867973686264054,0.8682565999607346,0.00032589421049630807,0.7699720677002898,1.5197831875741952,2.20210555175888,1.102947153918267e-9
45,44,0,local_loglinear,22,21,23,2.4212702632046645,2.5190644260328523,1.0914760449931864,0.18517629639871067,0.9963596887123802,0.0036403112876197685,1.0661514101325358,0.9496010816790252,1.122736094874106,0.8646738416983165,0.8630932656100707,0.0018296175711123575,0.7692836438977685,1.5439499149356526,2.2055948205939138,1.5808016881163356e-11
45,44,0,local_loglinear,23,22,22,2.403645108064953,2.501459416182659,1.08569563395562,0.1856384752041876,0.9915755839848502,0.00842441601514976,1.0662841214196042,0.9466325610635765,1.1263970470459992,0.8614806314811869,0.8578312745486738,0.004245142955396325,0.7685073675482222,1.568507551856096,2.209539326592682,9.071924763052198e-10
45,44,0,local_loglinear,24,23,21,2.383817847959524,2.4815086303899725,1.0791261862329447,0.18619460092495593,0.9863422508413573,0.013657749158642707,1.0663441200457657,0.9439575562566139,1.1296526130629132,0.8583806301250853,0.8524767373555273,0.006901704744099929,0.767647072780967,1.5934899564359601,2.213923130916258,1.324082573613675e-11
45,44,0,local_loglinear,25,24,20,2.361961190549437,2.4593936751877075,1.0718267536082706,0.18684284386598873,0.9807012132074518,0.01929878679254815,1.0663372785673135,0.9415643772298463,1.132516590851237,0.8553613783823873,0.8470351871615895,0.00978180734068232,0.7667059827479143,1.6189318501311243,2.2187336022675286,5.3160477679278966e-11
45,44,0,local_loglinear,26,25,19,2.338237005578625,2.4352849792477627,1.0638528365297362,0.18758191304907948,0.9746910459301992,0.025308954069800826,1.0662691268709976,0.9394417766118258,1.1350028851352396,0.852411302985197,0.8415116273063019,0.012869329432795007,0.7656867704308644,1.6448688964738214,2.2239611092462725,1.0447992428052413e-9
45,44,0,local_loglinear,27,26,18,2.312796762175361,2.40934220020032,1.0552565099672762,0.18841101687389927,0.9683475328536033,0.03165246714639669,1.0661448321668079,0.9375790491035673,1.137125272995556,0.8495196366682405,0.8359105754382321,0.016149416220693685,0.7645916120880633,1.6713378105968928,2.2295987584704147,1.3660682289218522e-11
45,44,0,local_loglinear,28,27,17,2.285782019590617,2.3817146969633933,1.046086569682242,0.18932983162906375,0.9617038331329617,0.038296166867038295,1.0659691947143692,0.935966092078499,1.1388972354192581,0.8466763422399263,0.8302361040798236,0.019608376036044817,0.7634222333605328,1.6983764876174636,2.2356421769137222,5.839415722297648e-11
45,44,0,local_loglinear,29,28,16,2.2573249506637465,2.35254204346521,1.0363886949200696,0.1903384751497723,0.9547906422819388,0.04520935771806123,1.0657466569177905,0.9345934761294994,1.14033179573588,0.8438720448153332,0.8244918778342647,0.023233586502178633,0.7621799478117015,1.726024134197721,2.2420893387580727,1.0620234438692873e-9
45,44,0,local_loglinear,30,29,15,2.227548885760777,2.3219545713821286,1.0262056186684718,0.1914374871999244,0.9476363584556324,0.05236364154436757,1.0654813083044776,0.9334524532538997,1.1414414355978622,0.8410979662540577,0.8186811875721645,0.027013403301686584,0.7608656905385557,1.7543214232225632,2.2489404226324705,1.2417661975951763e-11
45,44,0,local_loglinear,31,30,14,2.196568862426445,2.2900739252701996,1.0155772996625214,0.19262781602722517,0.9402672504946945,0.059732749505305494,1.0651768943561482,0.932534998171084,1.1422379818936614,0.8383458619644876,0.812806981718103,0.0309370719437497,0.7594800477458213,1.7833106718990221,2.256197694206646,5.762891862933024e-11
45,44,0,local_loglinear,32,31,13,2.1644921686564165,2.2570136142721,1.0045410989885926,0.19391080715006676,0.9327076077648091,0.0672923922351909,1.0648368425737218,0.9318337861621125,1.142732597150615,0.8356079678718421,0.806871894771148,0.03499465201640409,0.7580232800973938,1.8130360131659586,2.2638654254740906,9.936027130928605e-11
45,44,0,local_loglinear,33,32,12,2.131418878599196,2.222879561544575,0.9931319507598956,0.19528819890169338,0.9249798975704534,0.0750201024295466,1.0644642690206045,0.9313422151631878,1.1429357025699638,0.8328769455428836,0.8008782734784365,0.03917693948788928,0.7564953443673874,1.8435436050524894,2.2719498272254888,1.19055004389967e-9
45,44,0,local_loglinear,34,33,11,2.0974423693257456,2.187770636286785,0.9813825300974663,0.19676212069555335,0.9171049080560881,0.08289509194391187,1.064062002539067,0.9310543688945692,1.1428569996426916,0.8301458344124191,0.7948282006431684,0.04347539798634498,0.7548959108553321,1.8748818447547047,2.2804590081271163,1.1974772877226022e-11
45,44,0,local_loglinear,35,34,10,2.0626498182220336,2.151779169412634,0.9693234118057645,0.19833509737363747,0.9091018945439615,0.09089810545603849,1.0636325947990897,0.9309650081407598,1.1425054491825442,0.8274080026885344,0.788723516875335,0.04788208884964151,0.753224379531754,1.9071016211222052,2.2894029450702824,6.353197351392077e-11
45,44,0,local_loglinear,36,35,9,2.027122673938277,2.1149914429476953,0.9569832221367335,0.20001005628756122,0.900988711369303,0.09901128863069697,1.0631783432822475,0.9310695618607645,1.14188927104164,0.8246571044027653,0.7825658402911937,0.05238960908734405,0.7514798931636293,1.940256577257321,2.2987934743887766,1.142454021798101e-10
45,44,0,local_loglinear,37,36,8,1.9909371022723903,2.0774881566158925,0.9443887772189697,0.2017903417130044,0.8927819515480988,0.1072180484519012,1.0627012968592104,0.9313640776031982,1.1410159811982439,0.8218870322724933,0.7763565844353806,0.056991024623296416,0.7496613505422774,1.9744034279379814,2.3086442876605084,1.5770695109018639e-10
45,44,0,local_loglinear,38,37,7,1.9541644005638625,2.0393448639478247,0.9315652053637226,0.20367973647979148,0.8844970892111939,0.11550291078880615,1.0622032628569351,0.9318452298373255,1.139892365003968,0.8190918679786122,0.770096974336262,0.06167980086212929,0.747767420136732,2.0096023317537166,2.3189709304122283,2.315514013287562e-10
45,44,0,local_loglinear,39,38,6,1.916871377073736,2.0006323748756096,0.9185360480200281,0.20568249404171177,0.8761486346526589,0.12385136534734109,1.061685804792456,0.9325102743746214,1.1385245117052087,0.8162658247518582,0.7637880606737404,0.06644972435444352,0.7457965559898018,2.045917348509708,2.32979079376656,3.5879851380582406e-10
45,44,0,local_loglinear,40,39,5,1.8791206895568464,1.9614171202377466,0.9053233289219899,0.20780338691840664,0.8677503193741432,0.13224968062585685,1.061150222477488,0.9333570478537268,1.136917779661732,0.8134031733107239,0.7574307318761315,0.07129480462274304,0.7437470194867564,2.083417036781818,2.341123078456107,5.79725006661952e-10
45,44,0,local_loglinear,41,40,4,1.840971132435002,1.92176146942088,0.8919475748749253,0.21004778125434223,0.8593153371583688,0.14068466284163117,1.0605975055202934,0.9343839858290414,1.1350767153605141,0.810498137483743,0.7510257236835967,0.07620913943658816,0.7416169124796662,2.122175280376436,2.3529886989634834,9.647043386555743e-10
45,44,0,local_loglinear,42,41,3,1.802477854936,1.8817239862128172,0.878427762496722,0.21242175333516222,0.8508566806517941,0.1491433193482059,1.0600282458456305,0.9355901268809901,1.133004950981563,0.8075447384823363,0.7445736253026771,0.08118671774054334,0.7394042301069764,2.1622724869730536,2.3654100771915556,1.6364960995742254e-9
45,44,0,local_loglinear,43,42,2,1.763692482563992,1.8413596007669404,0.8647811452453618,0.21493227704876613,0.8423876473139333,0.15761235268606666,1.0594424739809447,0.9369752013123215,1.1307049242040732,0.8045365488847852,0.7380748806564879,0.08622111220208573,0.7371069488527214,2.203797422674444,2.3784107303204913,2.8089065339104277e-9
45,44,0,local_loglinear,44,43,1,1.7246630946054773,1.8007196590428187,0.8510228857742951,0.2175875314333202,0.8339226340207924,0.16607736597920764,1.0588393703516774,0.938539806373451,1.1281773699541502,0.8014662927494727,0.7315297820858271,0.0913049826047059,0.7347231753312988,2.2468501299491312,2.3920144931073346,4.853678716568946e-9
45,44,0,local_loglinear,45,44,0,1.6854339797335522,1.759851785648782,0.8371653707378504,0.22039741183887757,0.825478415463498,0.17452158453650202,1.0582167691169106,0.9402856801547208,1.125420488103982,0.7983251871227026,0.7249384520134232,0.09642925962677201,0.7322513980671567,2.2915466918541885,2.406244104791061,1.7668199941345488e-7
50,49,0,local_loglinear,1,0,49,1.891117961702422,1.9428526771862202,0.8997793665391877,0.21227216161864204,0.8920704391253633,0.10792956087463668,,,,0.9880491462976563,0.9337836851161863,0.05648762883966721,0.7484992857228352,1.0769936921911165,2.314972239768629,2.2026407712950254e-11
50,49,0,local_loglinear,2,1,48,1.9694842103461818,2.0253336123701144,0.9270390555600174,0.2078947558221351,0.909878753345489,0.09012124665451104,1.0396491854458558,1.0843741351411467,0.9587550567226788,0.9779677237590533,0.9332776870994215,0.04677388244599348,0.7526055737332547,1.0981306124113286,2.292727366039018,1.0005321777803343e-9
50,49,0,local_loglinear,3,2,47,2.0420803690515,2.101942089840419,0.9523612810797543,0.2041053208453425,0.9262210420382928,0.07377895796170719,1.0421804127906948,1.074025330016524,0.9703499383712495,0.9684625560930851,0.932346418224445,0.03800538134896995,0.7561498532732459,1.1194468319834576,2.2737838444967493,2.4488363837090035e-11
50,49,0,local_loglinear,4,3,46,2.1087135593577693,2.1724549217386127,0.9756750637289687,0.2008228895032129,0.9410621113885157,0.0589378886114843,1.0446078724078285,1.064059738106111,0.9817191977088576,0.9595216294279774,0.931016078795081,0.03015831000413262,0.7591967258074893,1.1408906094063627,2.2576859114648173,9.332569921762675e-10
50,49,0,local_loglinear,5,4,45,2.169289646583418,2.2367512693390985,0.9969426481666126,0.19798013954412938,0.954391704316045,0.04560829568395497,1.0469218143856014,1.0544692244466733,0.9928424558193888,0.951125633099479,0.9293125748981537,0.02320101407605303,0.761802842497355,1.1624243150352525,2.2440519426154655,2.1488815761246136e-11
50,49,0,local_loglinear,6,5,44,2.2237996507207867,2.2947994555585627,1.0161551044413641,0.19552089922392754,0.966220683117298,0.03377931688270197,1.0491133688006828,1.0452515893339807,1.0036945932501886,0.9432501057655946,0.9272611384123424,0.01709624236804117,0.7640177511500399,1.1840225588479112,2.232561439581732,1.0499541375261947e-9
50,49,0,local_loglinear,7,6,43,2.2723061706024903,2.346643560554805,1.0333278880123413,0.19339814244322784,0.9765773165706799,0.02342268342932008,1.0511749734741052,1.0364086352474653,1.0142476024653289,0.9358671680672994,0.9248860508679368,0.011803010275518763,0.7658847122434852,1.205670439247397,2.2229444275328025,8.295536416040022e-10
50,49,0,local_loglinear,8,7,42,2.314930393241448,2.3923904068542745,1.0484965609005612,0.19157237244705613,0.9855037944068016,0.014496205593198419,1.0531006657779933,1.027944463606296,1.0244723358725458,0.9289468964811154,0.9222104525846169,0.0072781210481598635,0.7674414569711421,1.2273619389665278,2.2149728191586755,1.863807593833481e-11
50,49,0,local_loglinear,9,8,41,2.3518400742093437,2.4321973592465223,1.0617128159038027,0.1900103127951681,0.9930530403216196,0.006946959678380438,1.0548862535648595,1.019864043920539,1.0343400768495463,0.9224583974057079,0.9192562205269574,0.0034773901171895605,0.768720872939916,1.249098470948718,2.208453383792652,1.2345950341539594e-9
50,49,0,local_loglinear,10,9,40,2.3832387273019777,2.466261223102666,1.0730408755742504,0.18868384874726674,0.9992859012241662,0.000714098775833838,1.0565293484466423,1.0121720758300587,1.0438238454466422,0.9163706176820291,0.9160439007044676,0.00035659724123045244,0.7697516194347822,1.2708876137042526,2.2032219897393515,2.5582935261915782e-11
50,49,0,local_loglinear,11,10,39,2.409356121887362,2.4948083748994767,1.0825543142297043,0.18756916535686882,1.0042687040663885,0.004268704066388462,1.0580293249360375,1.0048721390123008,1.0528994524377853,0.9106529497302457,0.9125926825113164,0.0021277807867533527,0.7705586694499882,1.292742006981457,2.1991388964211787,4.956070313250986e-10
50,49,0,local_loglinear,12,11,38,2.430440108068738,2.518086178466234,1.0903333142142733,0.18664604318516514,1.0080711763767891,0.008071176376789113,1.059387204845344,0.99796612866385,1.061546253342014,0.9052756712230497,0.9089204049557018,0.004018020636290018,0.771163783153123,1.3146783992728734,2.1960848968351385,1.0059931440794789e-9
50,49,0,local_loglinear,13,12,37,2.4467497264634264,2.5363556730429675,1.096462338485446,0.18589728330437613,1.0107647268339477,0.010764726833947691,1.0606054776582279,0.9914539248160469,1.0697476212573482,0.9002102466985978,0.9050435865558788,0.005354760995147367,0.7715859214454203,1.336716853166069,2.1939581368583836,8.72379825271953e-10
50,49,0,local_loglinear,14,13,36,2.458549509613458,2.5498854611980546,1.1010281898650218,0.18530823725467585,1.0124210573995949,0.01242105739959487,1.0616878873942848,0.9853332721780544,1.077491156923434,0.8954295198692697,0.9009774720072554,0.0061767403510542,0.7718416063951508,1.3588800974559028,2.192671481541278,1.6395860924404256e-11
50,49,0,local_loglinear,15,14,35,2.4661048556978757,2.5589466883101513,1.1041184329963356,0.18486641729093445,1.013111042970318,0.013111042970318065,1.0626392262144535,0.9795998158343394,1.084768707627194,0.8909078335528617,0.8967360901068457,0.006520624300598757,0.7719452299320827,1.3811929770485263,2.192150350476424,1.183199693594744e-9
50,49,0,local_loglinear,16,15,34,2.4696783614071234,2.563809016467098,1.1058201236489293,0.1845611786557792,1.0129038872932714,0.01290388729327141,1.0634650920737314,0.9742472658703335,1.0915761627759828,0.8866210768805095,0.8923323191083177,0.006420923519098509,0.7719093242815349,1.4036820385047777,2.1923309018317325,2.0514503450630517e-11
50,49,0,local_loglinear,17,16,33,2.4695269749943525,2.5647374550439688,1.1062188135965607,0.18438345619967283,1.0118664862839593,0.011866486283959254,1.06417168138179,0.9692676240302552,1.0979131614413362,0.8825466897097582,0.8877779558401941,0.00590996840034913,0.7717447944835663,1.426375201120985,2.1931585243230147,1.6111175027634268e-10
50,49,0,local_loglinear,18,17,32,2.4658998514968253,2.5619899327935802,1.1053977924782656,0.18432554556670985,1.0100629676444914,0.010062967644491438,1.0647655953969026,0.9646514852495004,1.10378267351292,0.8786636353438195,0.883083786281619,0.005017927267369507,0.7714611182669822,1.4493015030501883,2.194586581546667,1.1193532231691557e-9
50,49,0,local_loglinear,19,18,31,2.459036800080016,2.555815503328852,1.103437524715444,0.18438092315894866,1.0075543895124008,0.007554389512400839,1.065253659199526,0.9603883278353392,1.109190551701672,0.8749523452913263,0.8782596558606386,0.003772863168055751,0.7710665199082843,1.47249092834934,2.1965753536792847,8.523771050473501e-10
50,49,0,local_loglinear,20,19,30,2.449167217118798,2.546453074871285,1.1004152489350951,0.18454409732915325,1.004398562869651,0.004398562869651013,1.0656427703052092,0.956466821286295,1.114145045692322,0.8713946467779028,0.8733145380005938,0.002200816060775629,0.7705681208998759,1.4959742972214636,2.1990911461354767,1.3244476571817865e-11
50,49,0,local_loglinear,21,20,29,2.436509413130996,2.5341305672228462,1.0964047180545828,0.18481048250805288,1.0006499561692268,0.0006499561692268063,1.065939785113288,0.9528751201727564,1.1186563302440227,0.867973686264054,0.8682565999607346,0.00032589421049630807,0.7699720677002898,1.5197831875741952,2.20210555175888,1.102947153918267e-9
50,49,0,local_loglinear,22,21,28,2.4212702632046645,2.5190644260328523,1.0914760449931864,0.18517629639871067,0.9963596887123802,0.0036403112876197685,1.0661514101325358,0.9496010816790252,1.122736094874106,0.8646738416983165,0.8630932656100707,0.0018296175711123575,0.7692836438977685,1.5439499149356526,2.2055948205939138,1.2379292516662235e-9
50,49,0,local_loglinear,23,22,27,2.403645107994037,2.5014594158722696,1.0856956347198847,0.18563847486706414,0.9915755821548726,0.008424417845127374,1.066284122754951,0.9466325610635765,1.126397048456628,0.8614806322785294,0.8578312745486738,0.0042451438809453235,0.7685073672630712,1.5685075492078666,2.209539328043567,1.1961863115904533e-9
50,49,0,local_loglinear,24,23,26,2.383817848735306,2.481508631172462,1.0791261866428967,0.18619460083887085,0.9863422507063246,0.013657749293675359,1.0663441187123934,0.9439575561977525,1.1296526117208197,0.8583806302145217,0.8524767373858462,0.006901704812726395,0.7676470727598139,1.5934899560494724,2.21392313102421,1.213025519041815e-9
50,49,0,local_loglinear,25,24,25,2.3619611913264427,2.459393675716482,1.0718267548861498,0.18684284340048904,0.9807012110867533,0.019298788913246656,1.0663372800346358,0.9415643771293252,1.1325165925305316,0.8553613793435003,0.8470351871951127,0.00978180842473908,0.7667059824128979,1.6189318467128933,2.2187336039827863,1.6033868561378345e-11
50,49,0,local_loglinear,26,25,24,2.3382370072040386,2.435284980439305,1.063852838949546,0.18758191218979195,0.9746910421428219,0.025308957857178127,1.0662691280372971,0.9394417764419962,1.1350028865819037,0.8524113047155429,0.8415116273757062,0.012869331380261834,0.7656867698185623,1.6448688901680462,2.2239611123922987,1.3062348906578812e-9
50,49,0,local_loglinear,27,26,23,2.312796765434218,2.4093422031243397,1.055256512986665,0.18841101593713336,0.9683475294035042,0.031652470596495785,1.066144831764134,0.9375790486797649,1.1371252730800743,0.8495196383203522,0.8359105755717449,0.016149418005732163,0.7645916115256987,1.6713378042569838,2.229598761370854,9.652006725893165e-10
50,49,0,local_loglinear,28,27,22,2.2857820241967097,2.381714700739212,1.046086575212739,0.18932982972135312,0.9617038253806509,0.03829617461934909,1.0659691978705719,0.935966091435829,1.1388972395734018,0.8466763458561322,0.8302361042737123,0.019608380073570908,0.7634222320950828,1.6983764737477485,2.2356421834669318,1.051424162927083e-9
50,49,0,local_loglinear,29,28,21,2.257324958280841,2.3525420494025844,1.0363887052151968,0.1903384714412567,0.9547906269008309,0.04520937309916906,1.0657466625408785,0.9345934750310075,1.1403318030928042,0.843872051955406,0.8244918781599739,0.02323359456822091,0.7621799452779034,1.7260241064206359,2.2420893519363014,1.237906851097619e-11
50,49,0,local_loglinear,30,29,20,2.227548899420595,2.3219545822855494,1.026205636436799,0.19143748082337678,0.9476363327021428,0.05236366729785724,1.065481315973076,0.9334524510969356,1.1414414464507412,0.8410979782953792,0.8186811881566469,0.027013416903948595,0.760865686224669,1.7543213752978457,2.2489404451718147,5.590469849833523e-11
50,49,0,local_loglinear,31,30,19,2.196568886061852,2.2900739440817195,1.015577330791714,0.19262780463655468,0.9402672050112377,0.05973279498876227,1.0651769092016463,0.9325349939617159,1.1422380029691153,0.8383458833035067,0.8128069827355959,0.03093709614564122,0.7594800400829825,1.7833105852546791,2.2561977344376665,1.1490895460220085e-9
50,49,0,local_loglinear,32,31,18,2.164492209666105,2.257013646684232,1.0045411541478217,0.1939107864936265,0.9327075260792931,0.06729247392070692,1.0648368702403983,0.9318337784510459,1.1427326362974721,0.8356080063138236,0.8068718965504533,0.03499469581601844,0.7580232662638494,1.81303585396905,2.2638654984727715,1.2408586287651406e-11
50,49,0,local_loglinear,33,32,17,2.1314189505214953,2.2228796185669344,0.9931320476043496,0.19528816203310104,0.9249797541552532,0.07502024584474676,1.064464316897984,0.9313422008887292,1.1429357714943267,0.8328770133651564,0.8008782766202005,0.03917701699631218,0.7564953198760205,1.8435433182240366,2.2719499571576813,6.112183456480455e-11
50,49,0,local_loglinear,34,33,16,2.0974424949551467,2.187770736370368,0.9813826989482171,0.19676205539774322,0.917104658635434,0.082895341364566,1.0640620860653638,0.931054342244418,1.142857122066919,0.8301459529992463,0.7948282061703473,0.04347553388300174,0.7548958678511808,1.874881332396877,2.280459237556713,1.1857067450344195e-9
50,49,0,local_loglinear,35,34,15,2.0626500360809024,2.1517793430843715,0.9693237064778918,0.1983349810860551,0.9091014575405703,0.09089854245942974,1.0636327448313514,0.930964958544929,1.14250567120569,0.8274082114803021,0.788723526540847,0.047882328939373386,0.7532243035992746,1.9071006997692386,2.289403352559964,1.1372467870560745e-11
50,49,0,local_loglinear,36,35,14,2.0271230514429863,2.1149917445938637,0.9569837344182768,0.20000985013218106,0.9009879504857805,0.09901204951421949,1.0631786063852768,0.9310694703593988,1.1418896658429614,0.8246574698831541,0.7825658571860046,0.052390030688985734,0.75147975978554,1.9402549293337956,2.2987941945672703,6.177614822158868e-11
50,49,0,local_loglinear,37,36,13,1.9909377542105782,2.0774886787090447,0.9443896652450451,0.20178997697451223,0.8927806301774214,0.10721936982257863,1.0627017592410368,0.9313639089278352,1.1410166842994751,0.8218876704561502,0.776356613883612,0.056991763177531296,0.7496611168156189,1.9744004870220895,2.308645557794633,1.063165192275488e-10
50,49,0,local_loglinear,38,37,12,1.9541655227960115,2.0393457645730355,0.9315667404493284,0.20367909243644056,0.8844948003414977,0.11550519965850226,1.0622040734023306,0.9318449200343529,1.1398936138034341,0.8190929796298472,0.7700970255266331,0.061681091563860424,0.7477670115089874,2.009597094746051,2.3189731659228725,1.3161790373020065e-9
50,49,0,local_loglinear,39,38,11,1.9168733027433895,2.0006339232144907,0.9185386949969113,0.20568135858216172,0.876144678084746,0.12385532191525395,1.0616872234995183,0.9325097073700273,1.1385267253611895,0.8162677572876292,0.7637881494241137,0.06645197568638386,0.7457958429630105,2.045908038786317,2.32979472191061,1.0756355477417573e-11
50,49,0,local_loglinear,40,39,10,1.879123984327316,1.961419774634526,0.9053278804198653,0.20780138944367418,0.8677434997336652,0.13225650026633484,1.0611526958657722,0.9333560138717508,1.1369216891461327,0.8134065235951693,0.7574308853746441,0.07129872080595548,0.743745778462107,2.083400527537793,2.3411299653494315,6.803655436147753e-11
50,49,0,local_loglinear,41,40,9,1.8409767522148759,1.9217660053508219,0.8919553805425348,0.2100442737937458,0.859303611089205,0.14069638891079495,1.0606018094661973,0.9343821065726827,1.13508360445438,0.8105039319351824,0.751025988473192,0.07621593608756336,0.741614757243439,2.1221460633834965,2.3530007502088695,1.228268621753367e-10
50,49,0,local_loglinear,42,41,8,1.8024874113024947,1.8817317129654698,0.8784411144758238,0.2124156054005209,0.8508365659969714,0.14916343400302856,1.0600357173431834,0.9355867235522601,1.1330170583421835,0.8075547369509184,0.7445740809050396,0.08119848708555472,0.739400495271713,2.1622208826626745,2.36543112658734,1.6878073882457973e-10
50,49,0,local_loglinear,43,42,7,1.7637086845424905,1.8413727221441456,0.864803926964307,0.2149215194889169,0.8423532231503797,0.15764677684962025,1.0594554139504226,0.936969059423087,1.130726146499174,0.8045537619844889,0.73807566260667,0.0862414475781964,0.7371004903583219,2.203706451640904,2.3784474308404797,2.4617429311537996e-10
50,49,0,local_loglinear,44,43,6,1.7246904828156793,1.8007418732090634,0.8510616611464931,0.21756873952201905,0.8338638542485108,0.16613614575148916,1.0588617299056793,0.9385287601879946,1.1282144722912713,0.8014958595089662,0.7315311208271362,0.09134004270219395,0.734712029948645,2.2466900588147567,2.392078371651955,3.7832914393005485e-10
50,49,0,local_loglinear,45,44,5,1.6854801429199187,1.7598892796511174,0.8372312089268501,0.22036463801292314,0.8253782701611507,0.17462172983884927,1.0582553185429677,0.9402658804444307,1.1254851851507868,0.7983758607791797,0.7249407384197266,0.09648957864211924,0.7322322031696118,2.291265538412982,2.4063551029993175,6.056903289670056e-10
50,49,0,local_loglinear,46,45,4,1.6461226287476594,1.7188625511418407,0.8233285276533211,0.223317319671313,0.8169059851160514,0.1830940148839486,1.057636620831858,0.9421808952191031,1.1225409326368327,0.7951885042139732,0.7183047005910641,0.10168534565723403,0.729657921545407,2.3375342037741644,2.421311257796931,9.983217238219917e-10
50,49,0,local_loglinear,47,46,3,1.6066606855604857,1.6777069739498731,0.8093686054421375,0.22643574023855706,0.8084564481046137,0.1915435518953863,1.0570057980571541,0.9442747389669637,1.1193837497056398,0.7919283267796307,0.7116230995288395,0.10692247456896431,0.7269859549046304,2.3856061157206168,2.4369829013407083,1.6774105460984702e-9
50,49,0,local_loglinear,48,47,2,1.567134930317644,1.636465634630025,0.7953653473844836,0.22972988273833533,0.8000393861711593,0.19996061382884067,1.0563626141552456,0.9465488333799945,1.1160149132328665,0.7885894939356795,0.7048959358867655,0.11219571568404427,0.7242129926252961,2.4356018886890602,2.4534083384017107,2.852259225727471e-9
50,49,0,local_loglinear,49,48,1,1.5275838511902742,1.5951794656813667,0.7813313339958928,0.23321103001330357,0.7916653408172731,0.20833465918272687,1.0557062269573045,0.9490052293998413,1.1124345728051908,0.7851655239803951,0.698123115434613,0.1174990837757762,0.7213357487139941,2.487655399566692,2.47062765120625,4.883809593709717e-9
50,49,0,local_loglinear,50,49,0,1.4880436709636444,1.5538871764940754,0.7672773726953982,0.2368921992021376,0.7833465282742217,0.2166534717257783,1.0550348303051948,0.9516468719936128,1.1086410950891834,0.7816488350364781,0.6913044379694777,0.1228252769567299,0.7183511409706405,2.5419180160968566,2.488681761814638,1.7079306111460909e-7
55,54,0,local_loglinear,1,0,54,1.891117961702422,1.9428526771862202,0.8997793665391877,0.21227216161864204,0.8920704391253633,0.10792956087463668,,,,0.9880491462976563,0.9337836851161863,0.05648762883966721,0.7484992857228352,1.0769936921911165,2.314972239768629,2.2026407712950254e-11
55,54,0,local_loglinear,2,1,53,1.9694842103461818,2.0253336123701144,0.9270390555600174,0.2078947558221351,0.909878753345489,0.09012124665451104,1.0396491854458558,1.0843741351411467,0.9587550567226788,0.9779677237590533,0.9332776870994215,0.04677388244599348,0.7526055737332547,1.0981306124113286,2.292727366039018,1.0005321777803343e-9
55,54,0,local_loglinear,3,2,52,2.0420803690515,2.101942089840419,0.9523612810797543,0.2041053208453425,0.9262210420382928,0.07377895796170719,1.0421804127906948,1.074025330016524,0.9703499383712495,0.9684625560930851,0.932346418224445,0.03800538134896995,0.7561498532732459,1.1194468319834576,2.2737838444967493,2.4488363837090035e-11
55,54,0,local_loglinear,4,3,51,2.1087135593577693,2.1724549217386127,0.9756750637289687,0.2008228895032129,0.9410621113885157,0.0589378886114843,1.0446078724078285,1.064059738106111,0.9817191977088576,0.9595216294279774,0.931016078795081,0.03015831000413262,0.7591967258074893,1.1408906094063627,2.2576859114648173,9.332569921762675e-10
55,54,0,local_loglinear,5,4,50,2.169289646583418,2.2367512693390985,0.9969426481666126,0.19798013954412938,0.954391704316045,0.04560829568395497,1.0469218143856014,1.0544692244466733,0.9928424558193888,0.951125633099479,0.9293125748981537,0.02320101407605303,0.761802842497355,1.1624243150352525,2.2440519426154655,2.1488815761246136e-11
55,54,0,local_loglinear,6,5,49,2.2237996507207867,2.2947994555585627,1.0161551044413641,0.19552089922392754,0.966220683117298,0.03377931688270197,1.0491133688006828,1.0452515893339807,1.0036945932501886,0.9432501057655946,0.9272611384123424,0.01709624236804117,0.7640177511500399,1.1840225588479112,2.232561439581732,1.0499541375261947e-9
55,54,0,local_loglinear,7,6,48,2.2723061706024903,2.346643560554805,1.0333278880123413,0.19339814244322784,0.9765773165706799,0.02342268342932008,1.0511749734741052,1.0364086352474653,1.0142476024653289,0.9358671680672994,0.9248860508679368,0.011803010275518763,0.7658847122434852,1.205670439247397,2.2229444275328025,8.295536416040022e-10
55,54,0,local_loglinear,8,7,47,2.314930393241448,2.3923904068542745,1.0484965609005612,0.19157237244705613,0.9855037944068016,0.014496205593198419,1.0531006657779933,1.027944463606296,1.0244723358725458,0.9289468964811154,0.9222104525846169,0.0072781210481598635,0.7674414569711421,1.2273619389665278,2.2149728191586755,1.863807593833481e-11
55,54,0,local_loglinear,9,8,46,2.3518400742093437,2.4321973592465223,1.0617128159038027,0.1900103127951681,0.9930530403216196,0.006946959678380438,1.0548862535648595,1.019864043920539,1.0343400768495463,0.9224583974057079,0.9192562205269574,0.0034773901171895605,0.768720872939916,1.249098470948718,2.208453383792652,1.2345950341539594e-9
55,54,0,local_loglinear,10,9,45,2.3832387273019777,2.466261223102666,1.0730408755742504,0.18868384874726674,0.9992859012241662,0.000714098775833838,1.0565293484466423,1.0121720758300587,1.0438238454466422,0.9163706176820291,0.9160439007044676,0.00035659724123045244,0.7697516194347822,1.2708876137042526,2.2032219897393515,2.5582935261915782e-11
55,54,0,local_loglinear,11,10,44,2.409356121887362,2.4948083748994767,1.0825543142297043,0.18756916535686882,1.0042687040663885,0.004268704066388462,1.0580293249360375,1.0048721390123008,1.0528994524377853,0.9106529497302457,0.9125926825113164,0.0021277807867533527,0.7705586694499882,1.292742006981457,2.1991388964211787,4.956070313250986e-10
55,54,0,local_loglinear,12,11,43,2.430440108068738,2.518086178466234,1.0903333142142733,0.18664604318516514,1.0080711763767891,0.008071176376789113,1.059387204845344,0.99796612866385,1.061546253342014,0.9052756712230497,0.9089204049557018,0.004018020636290018,0.771163783153123,1.3146783992728734,2.1960848968351385,1.0059931440794789e-9
55,54,0,local_loglinear,13,12,42,2.4467497264634264,2.5363556730429675,1.096462338485446,0.18589728330437613,1.0107647268339477,0.010764726833947691,1.0606054776582279,0.9914539248160469,1.0697476212573482,0.9002102466985978,0.9050435865558788,0.005354760995147367,0.7715859214454203,1.336716853166069,2.1939581368583836,8.72379825271953e-10
55,54,0,local_loglinear,14,13,41,2.458549509613458,2.5498854611980546,1.1010281898650218,0.18530823725467585,1.0124210573995949,0.01242105739959487,1.0616878873942848,0.9853332721780544,1.077491156923434,0.8954295198692697,0.9009774720072554,0.0061767403510542,0.7718416063951508,1.3588800974559028,2.192671481541278,1.6395860924404256e-11
55,54,0,local_loglinear,15,14,40,2.4661048556978757,2.5589466883101513,1.1041184329963356,0.18486641729093445,1.013111042970318,0.013111042970318065,1.0626392262144535,0.9795998158343394,1.084768707627194,0.8909078335528617,0.8967360901068457,0.006520624300598757,0.7719452299320827,1.3811929770485263,2.192150350476424,1.183199693594744e-9
55,54,0,local_loglinear,16,15,39,2.4696783614071234,2.563809016467098,1.1058201236489293,0.1845611786557792,1.0129038872932714,0.01290388729327141,1.0634650920737314,0.9742472658703335,1.0915761627759828,0.8866210768805095,0.8923323191083177,0.006420923519098509,0.7719093242815349,1.4036820385047777,2.1923309018317325,2.0514503450630517e-11
55,54,0,local_loglinear,17,16,38,2.4695269749943525,2.5647374550439688,1.1062188135965607,0.18438345619967283,1.0118664862839593,0.011866486283959254,1.06417168138179,0.9692676240302552,1.0979131614413362,0.8825466897097582,0.8877779558401941,0.00590996840034913,0.7717447944835663,1.426375201120985,2.1931585243230147,1.6111175027634268e-10
55,54,0,local_loglinear,18,17,37,2.4658998514968253,2.5619899327935802,1.1053977924782656,0.18432554556670985,1.0100629676444914,0.010062967644491438,1.0647655953969026,0.9646514852495004,1.10378267351292,0.8786636353438195,0.883083786281619,0.005017927267369507,0.7714611182669822,1.4493015030501883,2.194586581546667,1.1193532231691557e-9
55,54,0,local_loglinear,19,18,36,2.459036800080016,2.555815503328852,1.103437524715444,0.18438092315894866,1.0075543895124008,0.007554389512400839,1.065253659199526,0.9603883278353392,1.109190551701672,0.8749523452913263,0.8782596558606386,0.003772863168055751,0.7710665199082843,1.47249092834934,2.1965753536792847,8.523771050473501e-10
55,54,0,local_loglinear,20,19,35,2.449167217118798,2.546453074871285,1.1004152489350951,0.18454409732915325,1.004398562869651,0.004398562869651013,1.0656427703052092,0.956466821286295,1.114145045692322,0.8713946467779028,0.8733145380005938,0.002200816060775629,0.7705681208998759,1.4959742972214636,2.1990911461354767,1.3244476571817865e-11
55,54,0,local_loglinear,21,20,34,2.436509413130996,2.5341305672228462,1.0964047180545828,0.18481048250805288,1.0006499561692268,0.0006499561692268063,1.065939785113288,0.9528751201727564,1.1186563302440227,0.867973686264054,0.8682565999607346,0.00032589421049630807,0.7699720677002898,1.5197831875741952,2.20210555175888,1.102947153918267e-9
55,54,0,local_loglinear,22,21,33,2.4212702632046645,2.5190644260328523,1.0914760449931864,0.18517629639871067,0.9963596887123802,0.0036403112876197685,1.0661514101325358,0.9496010816790252,1.122736094874106,0.8646738416983165,0.8630932656100707,0.0018296175711123575,0.7692836438977685,1.5439499149356526,2.2055948205939138,1.2379292516662235e-9
55,54,0,local_loglinear,23,22,32,2.403645107994037,2.5014594158722696,1.0856956347198847,0.18563847486706414,0.9915755821548726,0.008424417845127374,1.066284122754951,0.9466325610635765,1.126397048456628,0.8614806322785294,0.8578312745486738,0.0042451438809453235,0.7685073672630712,1.5685075492078666,2.209539328043567,1.1961863115904533e-9
55,54,0,local_loglinear,24,23,31,2.383817848735306,2.481508631172462,1.0791261866428967,0.18619460083887085,0.9863422507063246,0.013657749293675359,1.0663441187123934,0.9439575561977525,1.1296526117208197,0.8583806302145217,0.8524767373858462,0.006901704812726395,0.7676470727598139,1.5934899560494724,2.21392313102421,1.213025519041815e-9
55,54,0,local_loglinear,25,24,30,2.3619611913264427,2.459393675716482,1.0718267548861498,0.18684284340048904,0.9807012110867533,0.019298788913246656,1.0663372800346358,0.9415643771293252,1.1325165925305316,0.8553613793435003,0.8470351871951127,0.00978180842473908,0.7667059824128979,1.6189318467128933,2.2187336039827863,1.6033868561378345e-11
55,54,0,local_loglinear,26,25,29,2.3382370072040386,2.435284980439305,1.063852838949546,0.18758191218979195,0.9746910421428219,0.025308957857178127,1.0662691280372971,0.9394417764419962,1.1350028865819037,0.8524113047155429,0.8415116273757062,0.012869331380261834,0.7656867698185623,1.6448688901680462,2.2239611123922987,6.840401247883346e-11
55,54,0,local_loglinear,27,26,28,2.312796765366283,2.4093422028181397,1.0552565137879517,0.1884110155829879,0.9683475275549127,0.03165247244508729,1.0661448331698826,0.9375790486797649,1.1371252745794131,0.8495196391329606,0.8359105755717449,0.01614941896228267,0.7645916112202795,1.6713378013299254,2.2295987629460763,1.66027874680785e-11
55,54,0,local_loglinear,28,27,27,2.285782024898125,2.3817147012406217,1.0460865763508074,0.18932982931969639,0.9617038236355377,0.03829617636446225,1.0659691977395427,0.9359660913072562,1.1388972395898576,0.8466763466563793,0.8302361043038122,0.01960838098247919,0.7634222317929793,1.6983764707164961,2.2356421850313923,1.1118358683717756e-9
55,54,0,local_loglinear,29,28,26,2.2573249597813487,2.352542050941286,1.0363887059328445,0.19033847129601456,0.954790626806932,0.04520937319306795,1.0657466611894657,0.934593474712712,1.1403318020351783,0.8438720520575966,0.8244918782193251,0.023233594617333014,0.7621799452671945,1.7260241058573882,2.242089351991998,9.447102595739253e-10
55,54,0,local_loglinear,30,29,25,2.22754890093121,2.321954583635071,1.0262056378556135,0.1914374803480132,0.9476363309916821,0.052363669008317903,1.0654813172181434,0.933452450907921,1.1414414480157022,0.8410979791196108,0.8186811882193523,0.027013417807302542,0.7608656859529165,1.7543213719472348,2.2489404465916776,1.0427087688693086e-11
55,54,0,local_loglinear,31,30,24,2.1965688882342955,2.2900739459366197,1.0155773331691855,0.1926278037954294,0.940267201835423,0.059732798164576995,1.0651769103058701,0.9325349936923804,1.1422380044831273,0.8383458848152356,0.8128069828277935,0.030937097835438354,0.7594800395621557,1.783310579053066,2.2561977371720836,5.132778899995668e-11
55,54,0,local_loglinear,32,31,23,2.164492213102175,2.25701364972465,1.0045411575806462,0.19391078531436315,0.9327075218877036,0.06729247811229644,1.0648368709830611,0.9318337779220222,1.1427326377432188,0.8356080083429492,0.806871896696487,0.03499469806335345,0.7580232655599904,1.8130358453982598,2.2638655021869862,9.143180066327688e-12
55,54,0,local_loglinear,33,32,22,2.1314189555567515,2.222879622858304,0.9931320532691591,0.19528815997244894,0.9249797465801709,0.0750202534198291,1.0644643195232435,0.9313421999887411,1.1429357754175766,0.8328770170010288,0.8008782768377984,0.03917702109005036,0.7564953185926643,1.8435433026859562,2.2719499639661747,4.858288446882623e-11
55,54,0,local_loglinear,34,33,21,2.097442502833133,2.187770742909597,0.9813827085523056,0.19676205177404715,0.9171046451900886,0.08289535480991139,1.064062090701927,0.9310543407035139,1.1428571289382647,0.8301459594409443,0.7948282065154864,0.043475541208488094,0.7548958655390093,1.87488130441472,2.280459249892281,1.186045491128279e-10
55,54,0,local_loglinear,35,34,20,2.0626500489835307,2.1517793538219054,0.9693237223130183,0.1983349750405989,0.9091014355169748,0.09089856448302525,1.0636327517232878,0.9309649557178251,1.1425056820781923,0.8274082220889901,0.7887235271104684,0.04788234103875555,0.7532242997406208,1.9071006526863887,2.2894033732673327,1.8515190714604515e-10
55,54,0,local_loglinear,36,35,19,2.0271230724257583,2.1149917618023553,0.9569837612927914,0.20000983952116072,0.9009879120122626,0.09901208798773742,1.0631786197592714,0.9310694652496827,1.1418896864737813,0.8246574884495906,0.7825658581223873,0.05239005200655,0.7514797530106387,1.94025484534572,2.298794231148534,2.4154171038077537e-10
55,54,0,local_loglinear,37,36,18,1.9909377891019389,2.077488707083246,0.9443897111913887,0.20178995830755808,0.8927805632351603,0.10721943676483969,1.062701782737759,0.9313638998997212,1.1410167205881383,0.8218877028734133,0.7763566154571437,0.056991800593164554,0.7496611049448767,1.9744003373572327,2.308645622303496,2.8353051976374677e-10
55,54,0,local_loglinear,38,37,17,1.9541655815429648,2.0393458121407964,0.9315668192477652,0.20367905958089175,0.8844946842533722,0.11550531574662781,1.0622041145852916,0.9318449038394329,1.1398936778092001,0.8190930360971088,0.7700970282040098,0.061681157025952366,0.7477669907557201,2.0095968284463392,2.3189732794594238,8.55847199519388e-10
55,54,0,local_loglinear,39,38,16,1.9168734022921066,2.000634003747835,0.9185388298932675,0.2056813009029218,0.8761444778881117,0.12385552211188833,1.0616872949957172,0.9325096781181254,1.1385268377463729,0.8162678551714802,0.7637881540088052,0.06645208960015808,0.7457958069053124,2.0459075669115716,2.329794920556751,7.122873559177647e-12
55,54,0,local_loglinear,40,39,15,1.879124153159517,1.961419911108358,0.9053281118171075,0.207801288065389,0.8677431543585133,0.13225684564148665,1.0611528212900514,0.9333559612035811,1.1369218876811733,0.8134066933644027,0.7574308932381792,0.07129891913796435,0.7437457156365459,2.0833996906423353,2.341130313991934,4.522536305327567e-11
55,54,0,local_loglinear,41,40,14,1.8409770388009896,1.921766237087781,0.8919557768793697,0.21004409586559303,0.8593030169428236,0.14069698305717637,1.0606020277027652,0.9343820110788132,1.1350839540224256,0.8105042256282369,0.7510260019755319,0.07621628046755302,0.7416146480655134,2.122144582210701,2.3530013606919646,8.820453512458739e-11
55,54,0,local_loglinear,42,41,13,1.8024878973550527,1.8817321063552757,0.8784417919844686,0.2124152936190581,0.8508355465810493,0.14916445341895068,1.0600360961606605,0.9355865507957222,1.1330176724527445,0.8075552437740116,0.7445741040781362,0.08119908356489272,0.7394003059994088,2.1622182665697514,2.3654321933266456,1.2985741519250233e-9
55,54,0,local_loglinear,43,42,12,1.7637095073817115,1.841373388735514,0.864805083039216,0.21492097363428098,0.8423514767433677,0.15764852325663226,1.0594560713130214,0.9369687477392423,1.1307272242210018,0.8045546353141446,0.7380757023217619,0.08624247925191683,0.737100162765045,2.203701836079546,2.3784492924182814,8.896668258169823e-12
55,54,0,local_loglinear,44,43,11,1.7246918731624288,1.8007430010849192,0.8510636287108152,0.2175677860317284,0.833860872068587,0.16613912793141306,1.058862864507482,0.9385281996488046,1.1282163550372875,0.801497359695806,0.7315311887915206,0.09134182152715223,0.7347114645543171,2.2466819372585216,2.3920816122160535,1.2041406617899262e-9
55,54,0,local_loglinear,45,44,10,1.6854824858332578,1.7598911826148962,0.8372345501168024,0.2203629747744229,0.8253731877964572,0.1746268122035428,1.0582572759464903,0.940264875470881,1.1254884698490084,0.7983784327003961,0.7249408544676015,0.0964926399994317,0.7322312291662763,2.291251269927683,2.4063607355667753,7.447337880050504e-12
55,54,0,local_loglinear,46,45,9,1.6461265664739788,1.7188657534345286,0.8233341875384954,0.22331442345980332,0.816897344742227,0.18310265525777303,1.0576399871077666,0.9421790991527677,1.1225466453870867,0.7951929027807569,0.7183048983085267,0.10169060186310053,0.7296562474018975,2.3375091856565553,2.4213210296190057,6.021922508738128e-11
55,54,0,local_loglinear,47,46,8,1.6066672850532864,1.677712346843566,0.809378171016581,0.22643070459377015,0.8084417897830564,0.19155821021694364,1.0570115771715134,0.9442715393689358,1.1193936628418586,0.7919358332986601,0.7116234356003988,0.10693148104940658,0.7269830829295458,2.3855623226196725,2.4369998278449425,1.1213916113593361e-10
55,54,0,local_loglinear,48,47,7,1.5671459600247037,1.636474622971902,0.7953814775838088,0.22972113979487288,0.800014569248456,0.19998543075154396,1.0563725152057517,0.9465431509683147,1.1160320732605602,0.7886022777125082,0.7048965058010912,0.11221111798433778,0.7242080750161778,2.43552535343084,2.453437614841907,1.9934072452570214e-10
55,54,0,local_loglinear,49,48,6,1.5276022343674551,1.5951944585668376,0.7813584746414292,0.2331958710959567,0.7916234082921079,0.20837659170789213,1.055723156041631,0.9489951673387574,1.112464206748458,0.7851872506060364,0.6981240796911818,0.11752537357646989,0.7213273436983235,2.4875218465714193,2.4706782175743025,3.473480585692791e-10
55,54,0,local_loglinear,50,49,5,1.4880742269078773,1.5539121130134288,0.767322942757132,0.23686594987569765,0.7832758116490639,0.2167241883509361,1.0550637199948913,0.951629105559175,1.1086921509981964,0.7816856866827406,0.6913060657508043,0.12287006723498228,0.7183368005749599,2.5416853064269422,2.488768985055396,6.001089672066299e-10
55,54,0,local_loglinear,51,50,4,1.4485986537080224,1.5126663659808748,0.7532880700842698,0.24074345090186608,0.7749791974788146,0.2250208025211854,1.054394257875965,0.9544467219895816,1.1047177737464895,0.7780923811153229,0.6844423154517909,0.12824089027732322,0.7152321682302668,2.5981604638260127,2.5077609378604406,1.0331756008165997e-9
55,54,0,local_loglinear,52,51,3,1.4092109124094196,1.4714946216903724,0.7392664017041675,0.2448416269101098,0.7667410943417835,0.2332589056582165,1.0537145814638016,0.9574500818736196,1.1005425780546214,0.7744018950308897,0.677532626984988,0.13363327354932458,0.7120090154330698,2.657104966915962,2.5277088410845625,1.7762484216382506e-9
55,54,0,local_loglinear,53,52,2,1.3699451156910958,1.4304329682169947,0.7252697203653385,0.24917512678478826,0.7585694397567339,0.24143056024326615,1.0530241472122355,0.960641580540386,1.0961675702397577,0.7706084045828889,0.6705767465039898,0.13904218090341003,0.7086628175674323,2.7186916931678184,2.5486711347226185,3.0516762598239803e-9
55,54,0,local_loglinear,54,53,1,1.3308340530520464,1.3895161756228906,0.7113088167846289,0.25376031884975664,0.750473052530225,0.249526947469775,1.0523218534086762,0.9640240939932179,1.0915928968639237,0.7667054536349154,0.6635743654165274,0.1444617756682186,0.7051890599684837,2.7831120823932736,2.5707095950885726,5.240106153885327e-9
55,54,0,local_loglinear,55,54,0,1.2919090462010028,1.3487776052412166,0.6973930819726792,0.2586157890869896,0.7424623942486499,0.2575376057513501,1.051605696422782,0.967601261666851,1.0868172025853085,0.7626855456343977,0.6565251112269834,0.14988487424978558,0.7015834128187816,2.8505811627305944,2.59388851431386,1.7793442260203595e-7
60,59,0,local_loglinear,1,0,59,1.891117961702422,1.9428526771862202,0.8997793665391877,0.21227216161864204,0.8920704391253633,0.10792956087463668,,,,0.9880491462976563,0.9337836851161863,0.05648762883966721,0.7484992857228352,1.0769936921911165,2.314972239768629,2.2026407712950254e-11
60,59,0,local_loglinear,2,1,58,1.9694842103461818,2.0253336123701144,0.9270390555600174,0.2078947558221351,0.909878753345489,0.09012124665451104,1.0396491854458558,1.0843741351411467,0.9587550567226788,0.9779677237590533,0.9332776870994215,0.04677388244599348,0.7526055737332547,1.0981306124113286,2.292727366039018,1.0005321777803343e-9
60,59,0,local_loglinear,3,2,57,2.0420803690515,2.101942089840419,0.9523612810797543,0.2041053208453425,0.9262210420382928,0.07377895796170719,1.0421804127906948,1.074025330016524,0.9703499383712495,0.9684625560930851,0.932346418224445,0.03800538134896995,0.7561498532732459,1.1194468319834576,2.2737838444967493,2.4488363837090035e-11
60,59,0,local_loglinear,4,3,56,2.1087135593577693,2.1724549217386127,0.9756750637289687,0.2008228895032129,0.9410621113885157,0.0589378886114843,1.0446078724078285,1.064059738106111,0.9817191977088576,0.9595216294279774,0.931016078795081,0.03015831000413262,0.7591967258074893,1.1408906094063627,2.2576859114648173,9.332569921762675e-10
60,59,0,local_loglinear,5,4,55,2.169289646583418,2.2367512693390985,0.9969426481666126,0.19798013954412938,0.954391704316045,0.04560829568395497,1.0469218143856014,1.0544692244466733,0.9928424558193888,0.951125633099479,0.9293125748981537,0.02320101407605303,0.761802842497355,1.1624243150352525,2.2440519426154655,2.1488815761246136e-11
60,59,0,local_loglinear,6,5,54,2.2237996507207867,2.2947994555585627,1.0161551044413641,0.19552089922392754,0.966220683117298,0.03377931688270197,1.0491133688006828,1.0452515893339807,1.0036945932501886,0.9432501057655946,0.9272611384123424,0.01709624236804117,0.7640177511500399,1.1840225588479112,2.232561439581732,1.0499541375261947e-9
60,59,0,local_loglinear,7,6,53,2.2723061706024903,2.346643560554805,1.0333278880123413,0.19339814244322784,0.9765773165706799,0.02342268342932008,1.0511749734741052,1.0364086352474653,1.0142476024653289,0.9358671680672994,0.9248860508679368,0.011803010275518763,0.7658847122434852,1.205670439247397,2.2229444275328025,8.295536416040022e-10
60,59,0,local_loglinear,8,7,52,2.314930393241448,2.3923904068542745,1.0484965609005612,0.19157237244705613,0.9855037944068016,0.014496205593198419,1.0531006657779933,1.027944463606296,1.0244723358725458,0.9289468964811154,0.9222104525846169,0.0072781210481598635,0.7674414569711421,1.2273619389665278,2.2149728191586755,1.863807593833481e-11
60,59,0,local_loglinear,9,8,51,2.3518400742093437,2.4321973592465223,1.0617128159038027,0.1900103127951681,0.9930530403216196,0.006946959678380438,1.0548862535648595,1.019864043920539,1.0343400768495463,0.9224583974057079,0.9192562205269574,0.0034773901171895605,0.768720872939916,1.249098470948718,2.208453383792652,1.2345950341539594e-9
60,59,0,local_loglinear,10,9,50,2.3832387273019777,2.466261223102666,1.0730408755742504,0.18868384874726674,0.9992859012241662,0.000714098775833838,1.0565293484466423,1.0121720758300587,1.0438238454466422,0.9163706176820291,0.9160439007044676,0.00035659724123045244,0.7697516194347822,1.2708876137042526,2.2032219897393515,2.5582935261915782e-11
60,59,0,local_loglinear,11,10,49,2.409356121887362,2.4948083748994767,1.0825543142297043,0.18756916535686882,1.0042687040663885,0.004268704066388462,1.0580293249360375,1.0048721390123008,1.0528994524377853,0.9106529497302457,0.9125926825113164,0.0021277807867533527,0.7705586694499882,1.292742006981457,2.1991388964211787,4.956070313250986e-10
60,59,0,local_loglinear,12,11,48,2.430440108068738,2.518086178466234,1.0903333142142733,0.18664604318516514,1.0080711763767891,0.008071176376789113,1.059387204845344,0.99796612866385,1.061546253342014,0.9052756712230497,0.9089204049557018,0.004018020636290018,0.771163783153123,1.3146783992728734,2.1960848968351385,1.0059931440794789e-9
60,59,0,local_loglinear,13,12,47,2.4467497264634264,2.5363556730429675,1.096462338485446,0.18589728330437613,1.0107647268339477,0.010764726833947691,1.0606054776582279,0.9914539248160469,1.0697476212573482,0.9002102466985978,0.9050435865558788,0.005354760995147367,0.7715859214454203,1.336716853166069,2.1939581368583836,8.72379825271953e-10
60,59,0,local_loglinear,14,13,46,2.458549509613458,2.5498854611980546,1.1010281898650218,0.18530823725467585,1.0124210573995949,0.01242105739959487,1.0616878873942848,0.9853332721780544,1.077491156923434,0.8954295198692697,0.9009774720072554,0.0061767403510542,0.7718416063951508,1.3588800974559028,2.192671481541278,1.6395860924404256e-11
60,59,0,local_loglinear,15,14,45,2.4661048556978757,2.5589466883101513,1.1041184329963356,0.18486641729093445,1.013111042970318,0.013111042970318065,1.0626392262144535,0.9795998158343394,1.084768707627194,0.8909078335528617,0.8967360901068457,0.006520624300598757,0.7719452299320827,1.3811929770485263,2.192150350476424,1.183199693594744e-9
60,59,0,local_loglinear,16,15,44,2.4696783614071234,2.563809016467098,1.1058201236489293,0.1845611786557792,1.0129038872932714,0.01290388729327141,1.0634650920737314,0.9742472658703335,1.0915761627759828,0.8866210768805095,0.8923323191083177,0.006420923519098509,0.7719093242815349,1.4036820385047777,2.1923309018317325,2.0514503450630517e-11
60,59,0,local_loglinear,17,16,43,2.4695269749943525,2.5647374550439688,1.1062188135965607,0.18438345619967283,1.0118664862839593,0.011866486283959254,1.06417168138179,0.9692676240302552,1.0979131614413362,0.8825466897097582,0.8877779558401941,0.00590996840034913,0.7717447944835663,1.426375201120985,2.1931585243230147,1.6111175027634268e-10
60,59,0,local_loglinear,18,17,42,2.4658998514968253,2.5619899327935802,1.1053977924782656,0.18432554556670985,1.0100629676444914,0.010062967644491438,1.0647655953969026,0.9646514852495004,1.10378267351292,0.8786636353438195,0.883083786281619,0.005017927267369507,0.7714611182669822,1.4493015030501883,2.194586581546667,1.1193532231691557e-9
60,59,0,local_loglinear,19,18,41,2.459036800080016,2.555815503328852,1.103437524715444,0.18438092315894866,1.0075543895124008,0.007554389512400839,1.065253659199526,0.9603883278353392,1.109190551701672,0.8749523452913263,0.8782596558606386,0.003772863168055751,0.7710665199082843,1.47249092834934,2.1965753536792847,8.523771050473501e-10
60,59,0,local_loglinear,20,19,40,2.449167217118798,2.546453074871285,1.1004152489350951,0.18454409732915325,1.004398562869651,0.004398562869651013,1.0656427703052092,0.956466821286295,1.114145045692322,0.8713946467779028,0.8733145380005938,0.002200816060775629,0.7705681208998759,1.4959742972214636,2.1990911461354767,1.3244476571817865e-11
60,59,0,local_loglinear,21,20,39,2.436509413130996,2.5341305672228462,1.0964047180545828,0.18481048250805288,1.0006499561692268,0.0006499561692268063,1.065939785113288,0.9528751201727564,1.1186563302440227,0.867973686264054,0.8682565999607346,0.00032589421049630807,0.7699720677002898,1.5197831875741952,2.20210555175888,1.102947153918267e-9
60,59,0,local_loglinear,22,21,38,2.4212702632046645,2.5190644260328523,1.0914760449931864,0.18517629639871067,0.9963596887123802,0.0036403112876197685,1.0661514101325358,0.9496010816790252,1.122736094874106,0.8646738416983165,0.8630932656100707,0.0018296175711123575,0.7692836438977685,1.5439499149356526,2.2055948205939138,1.2379292516662235e-9
60,59,0,local_loglinear,23,22,37,2.403645107994037,2.5014594158722696,1.0856956347198847,0.18563847486706414,0.9915755821548726,0.008424417845127374,1.066284122754951,0.9466325610635765,1.126397048456628,0.8614806322785294,0.8578312745486738,0.0042451438809453235,0.7685073672630712,1.5685075492078666,2.209539328043567,1.1961863115904533e-9
60,59,0,local_loglinear,24,23,36,2.383817848735306,2.481508631172462,1.0791261866428967,0.18619460083887085,0.9863422507063246,0.013657749293675359,1.0663441187123934,0.9439575561977525,1.1296526117208197,0.8583806302145217,0.8524767373858462,0.006901704812726395,0.7676470727598139,1.5934899560494724,2.21392313102421,1.213025519041815e-9
60,59,0,local_loglinear,25,24,35,2.3619611913264427,2.459393675716482,1.0718267548861498,0.18684284340048904,0.9807012110867533,0.019298788913246656,1.0663372800346358,0.9415643771293252,1.1325165925305316,0.8553613793435003,0.8470351871951127,0.00978180842473908,0.7667059824128979,1.6189318467128933,2.2187336039827863,1.6033868561378345e-11
60,59,0,local_loglinear,26,25,34,2.3382370072040386,2.435284980439305,1.063852838949546,0.18758191218979195,0.9746910421428219,0.025308957857178127,1.0662691280372971,0.9394417764419962,1.1350028865819037,0.8524113047155429,0.8415116273757062,0.012869331380261834,0.7656867698185623,1.6448688901680462,2.2239611123922987,6.840401247883346e-11
60,59,0,local_loglinear,27,26,33,2.312796765366283,2.4093422028181397,1.0552565137879517,0.1884110155829879,0.9683475275549127,0.03165247244508729,1.0661448331698826,0.9375790486797649,1.1371252745794131,0.8495196391329606,0.8359105755717449,0.01614941896228267,0.7645916112202795,1.6713378013299254,2.2295987629460763,1.66027874680785e-11
60,59,0,local_loglinear,28,27,32,2.285782024898125,2.3817147012406217,1.0460865763508074,0.18932982931969639,0.9617038236355377,0.03829617636446225,1.0659691977395427,0.9359660913072562,1.1388972395898576,0.8466763466563793,0.8302361043038122,0.01960838098247919,0.7634222317929793,1.6983764707164961,2.2356421850313923,1.1118358683717756e-9
60,59,0,local_loglinear,29,28,31,2.2573249597813487,2.352542050941286,1.0363887059328445,0.19033847129601456,0.954790626806932,0.04520937319306795,1.0657466611894657,0.934593474712712,1.1403318020351783,0.8438720520575966,0.8244918782193251,0.023233594617333014,0.7621799452671945,1.7260241058573882,2.242089351991998,9.447102595739253e-10
60,59,0,local_loglinear,30,29,30,2.22754890093121,2.321954583635071,1.0262056378556135,0.1914374803480132,0.9476363309916821,0.052363669008317903,1.0654813172181434,0.933452450907921,1.1414414480157022,0.8410979791196108,0.8186811882193523,0.027013417807302542,0.7608656859529165,1.7543213719472348,2.2489404465916776,1.0427087688693086e-11
60,59,0,local_loglinear,31,30,29,2.1965688882342955,2.2900739459366197,1.0155773331691855,0.1926278037954294,0.940267201835423,0.059732798164576995,1.0651769103058701,0.9325349936923804,1.1422380044831273,0.8383458848152356,0.8128069828277935,0.030937097835438354,0.7594800395621557,1.783310579053066,2.2561977371720836,5.132778899995668e-11
60,59,0,local_loglinear,32,31,28,2.164492213102175,2.25701364972465,1.0045411575806462,0.19391078531436315,0.9327075218877036,0.06729247811229644,1.0648368709830611,0.9318337779220222,1.1427326377432188,0.8356080083429492,0.806871896696487,0.03499469806335345,0.7580232655599904,1.8130358453982598,2.2638655021869862,9.143180066327688e-12
60,59,0,local_loglinear,33,32,27,2.1314189555567515,2.222879622858304,0.9931320532691591,0.19528815997244894,0.9249797465801709,0.0750202534198291,1.0644643195232435,0.9313421999887411,1.1429357754175766,0.8328770170010288,0.8008782768377984,0.03917702109005036,0.7564953185926643,1.8435433026859562,2.2719499639661747,6.70105293592085e-11
60,59,0,local_loglinear,34,33,26,2.0974425028345625,2.1877707428985347,0.9813827085415731,0.19676205174494618,0.9171046450550746,0.08289535494492539,1.064062090772893,0.9310543407035139,1.142857129014486,0.8301459595020223,0.7948282065154864,0.04347554128206316,0.7548958655434639,1.87488130416038,2.280459249868516,8.85104309793843e-10
60,59,0,local_loglinear,35,34,25,2.0626500489883948,2.1517793536545007,0.9693237228737827,0.19833497471264813,0.9091014340159015,0.09089856598409851,1.0636327528189786,0.9309649558312656,1.142505683115916,0.8274082227737231,0.7887235271126198,0.0478823418635915,0.7532242995200875,1.9071006497660452,2.289403374450819,8.095843562640709e-12
60,59,0,local_loglinear,36,35,24,2.027123072954114,2.114991762041583,0.9569837626061035,0.20000983887466176,0.9009879093348032,0.09901209066519678,1.0631786207028997,0.9310694652707773,1.1418896874613989,0.824657489700639,0.7825658581484574,0.05239005349028858,0.7514797525858773,1.9402548398160173,2.298794233442048,4.641368441797642e-11
60,59,0,local_loglinear,37,36,23,1.9909377905687473,2.077488708064716,0.9443897138459291,0.20178995709991412,0.8927805585499229,0.10721944145007711,1.062701784395116,0.9313638996789863,1.141016722638056,0.8218877050992047,0.7763566155264146,0.05699180321208447,0.7496611041538791,1.9744003272198298,2.308645626601994,2.419351117409158e-10
60,59,0,local_loglinear,38,37,22,1.9541655846535162,2.039345814401298,0.9315668242380644,0.2036790572984402,0.8844946757495188,0.11550532425048121,1.0622041177126873,0.9318449030880445,1.139893682084481,0.8190930401797712,0.7700970283493569,0.061681161821583314,0.7477669893226264,2.0095968093688827,2.318973287299564,1.0813931723704205e-11
60,59,0,local_loglinear,39,38,21,1.9168734083578065,2.0006340084918306,0.9185388387924677,0.20568129705631824,0.8761444642751094,0.12385553572489061,1.0616872994844315,0.9325096766147827,1.1385268443954302,0.8162678617974789,0.763788154292415,0.06645209734627,0.7457958044271675,2.045907535069219,2.329794934209148,6.563639049561253e-11
60,59,0,local_loglinear,40,39,20,1.8791241639430376,1.9614199196808912,0.9053281272176558,0.20780128128846612,0.8677431310388463,0.13225686896115374,1.0611528296793793,0.933355957654132,1.1369219009931086,0.8134067048002989,0.7574308937439458,0.07129893252948463,0.7437457113638347,2.083399634359457,2.341130337702808,1.128533626031859e-9
60,59,0,local_loglinear,41,40,19,1.84097705751519,1.9217662519384737,0.8919558038598072,0.21004408361659754,0.859302975566574,0.14069702443342602,1.0606020434751526,0.9343820046299647,1.1350839787364846,0.8105042460224845,0.7510260028613218,0.0762163044505329,0.7416146404699578,2.1221444795600175,2.3530014031635456,7.989168208321175e-10
60,59,0,local_loglinear,42,41,18,1.8024879299294982,1.8817321323428735,0.8784418388555858,0.2124152718477015,0.8508354747515002,0.14916452524849977,1.0600361232489701,0.9355865390704998,1.1330177156055605,0.8075552794046136,0.7445741056358779,0.08119912559433332,0.7394002926851528,2.1622180829398694,2.3654322683658617,5.6130091394840085e-12
60,59,0,local_loglinear,43,42,17,1.7637095637024702,1.8413734341788786,0.864805162964054,0.21492093584429925,0.8423513555299457,0.15764864447005433,1.0594561160615192,0.936968726253215,1.1307272979089829,0.8045546958914971,0.7380757050430085,0.08624255085799146,0.7371001399962336,2.2037015160655025,2.3784494218041496,4.14098022801425e-11
60,59,0,local_loglinear,44,43,16,1.7246919688800046,1.8007430785687382,0.8510637648981845,0.21756771999191266,0.8338606652390786,0.16613933476092135,1.058862943114436,0.938528160818506,1.1282164854712342,0.8014974637061734,0.7315311934725153,0.09134194489831268,0.7347114253073823,2.246681374310359,2.3920818371605543,1.221580302047392e-9
60,59,0,local_loglinear,45,44,15,1.6854826476278442,1.7598913138891636,0.8372347814699144,0.22036285956630033,0.825372835512557,0.17462716448744298,1.0582574114997667,0.9402648058300412,1.1254886973734646,0.7983786109422101,0.7249408624825604,0.09649285219818493,0.7322311616271716,2.2912502812025752,2.4063611261396427,7.629994095584402e-12
60,59,0,local_loglinear,46,45,14,1.6461268388188453,1.7188659747896728,0.8233345795764486,0.22331422282529823,0.8168967459615452,0.18310325403845484,1.0576402203322792,0.9421789747260927,1.1225470411709761,0.7951932075758099,0.7183049119836662,0.10169096612195513,0.7296561313491499,2.337507452174315,2.421321707010439,6.156374302141143e-11
60,59,0,local_loglinear,47,46,13,1.6066677418685926,1.6777127186437386,0.8093788336900972,0.22643035573657588,0.808440774092859,0.19155922590714103,1.0570119775567028,0.9442713176606921,1.1193943496825796,0.7919363534132063,0.711623458862898,0.10693210512334878,0.7269828838825343,2.385559288416543,2.4370010009710166,1.0577343851345469e-10
60,59,0,local_loglinear,48,47,12,1.5671467238288552,1.636475245318762,0.7953825951089024,0.22972053410502477,0.8000128498197875,0.19998715018021251,1.0563732011524865,0.9465427571836563,1.116033262243345,0.7886031634272443,0.7048965452664036,0.11221218514136241,0.7242077342393853,2.4355200509689547,2.4534396436381414,1.7903098547341963e-10
60,59,0,local_loglinear,49,48,11,1.527603507683411,1.5951954969817692,0.7813603549917063,0.23319482093697838,0.7916205031931847,0.20837949680681533,1.0557243288794544,0.948994469996597,1.1124662600860469,0.7851887558733364,0.6981241464784622,0.11752719498852954,0.721326761328633,2.487512594212787,2.4706817212921552,1.2934489763414425e-9
60,59,0,local_loglinear,50,49,10,1.4880763436018183,1.5539138402591375,0.7673261002937033,0.23686413100327708,0.7832709110972859,0.21672908890271414,1.0550657227897577,0.9516278742419207,1.1086956901406833,0.7816882405629427,0.6913061785088617,0.12287317126556518,0.7183358068549434,2.541669180669401,2.488775029373725,6.4786116431149344e-12
60,59,0,local_loglinear,51,50,9,1.4486021632015398,1.5126692312210357,0.753293361041816,0.24074030516084274,0.7749709485017681,0.22502905149823194,1.0543976682525675,0.9544445535880667,1.1047238567067565,0.7780967045403423,0.6844425054140939,0.12824616916052123,0.7152304757382788,2.598132404528149,2.5077713505469834,6.626760559431284e-11
60,59,0,local_loglinear,52,51,8,1.409216715430105,1.4714993608392664,0.7392752496726538,0.24483619264222,0.7667272338081815,0.23327276619181847,1.0537203801521624,0.9574462730058703,1.1005530125925946,0.7744092002468973,0.6775329462943989,0.1336422355875893,0.7120061375613661,2.65705620665328,2.5277267582758336,1.2980371562737365e-10
60,59,0,local_loglinear,53,52,7,1.36995468579546,1.4304407844976623,0.7252844880070968,0.24916574920721268,0.7585461903692388,0.24145380963076124,1.0530339896424321,0.9606349070961201,1.096185430972546,0.7706207252961021,0.6705772820680678,0.1390573704073757,0.7086579318674346,2.7186070637345896,2.548701931626183,2.3594089749188513e-10
60,59,0,local_loglinear,54,53,6,1.3308497949249396,1.389529030896979,0.7113334186613666,0.25374415269789735,0.7504341190697762,0.2495658809302238,1.052338531476323,0.9640124297815285,1.091623405431413,0.7667261959141191,0.6635752617956101,0.14448747824687053,0.7051807782962339,2.782965366344716,2.5707624773340934,4.1466334757219836e-10
60,59,0,local_loglinear,55,54,5,1.2919348743985926,1.3487986895728947,0.6974339935020174,0.25858794554981585,0.7423972998997587,0.25760270010024133,1.0516339118133204,0.9675809214551886,1.0868692101036064,0.7627204046056416,0.6565266084079835,0.14992829830693472,0.7015693952787759,2.850327083017763,2.5939792369740764,7.17249256790569e-10
60,59,0,local_loglinear,56,55,4,1.2532419139555007,1.3082834719882053,0.6835977288836271,0.2637152162891902,0.7344421386698967,0.2655578613301033,1.0509198548143577,0.9713425238647541,1.081925097475382,0.7585979528886103,0.6494310234353138,0.1553752997251931,0.697818331784078,2.920905829227394,2.6184285492831596,1.2312538046979767e-9
60,59,0,local_loglinear,57,56,3,1.2148020717890595,1.2680162402064075,0.6698356077517839,0.26914584301333394,0.7265753949022468,0.27342460509775324,1.0501958048623588,0.975299532968086,1.0767930972614579,0.7543531392174401,0.6422881901104553,0.16082351554393232,0.6939220214184023,2.994935569526831,2.644192401608532,2.105970250932907e-9
60,59,0,local_loglinear,58,57,2,1.17664563304943,1.228028991047179,0.6561578995455031,0.274901834665206,0.7188045406135356,0.2811954593864644,1.049460764616113,0.9794544511231188,1.071474802542088,0.7499797740080935,0.6350977737225716,0.16626727677139458,0.6898748719745281,3.0726743038953983,2.671358369623739,3.595649189641951e-9
60,59,0,local_loglinear,59,58,1,1.138801894161391,1.18835277858615,0.6425738476516601,0.28100783315745137,0.7111383392753196,0.28886166072468045,1.0487130186881994,0.9838102135230027,1.0659708592908193,0.7454708717232263,0.6278594174261887,0.171699777499546,0.6856714139066885,3.1544093582685404,2.7000191581997277,6.132726731091737e-9
60,59,0,local_loglinear,60,59,0,1.1012989365463024,1.1490175467888029,0.6290911434105757,0.28749188285620675,0.7035877885671882,0.2964122114328118,1.0479496702915934,0.9883706121030269,1.0602800786051254,0.7408181392328067,0.6205727305181925,0.17711235850083085,0.6813065459089505,3.2404653248053448,2.7302714250243447,1.9886967007725745e-7
65,64,0,local_loglinear,1,0,64,1.891117961702422,1.9428526771862202,0.8997793665391877,0.21227216161864204,0.8920704391253633,0.10792956087463668,,,,0.9880491462976563,0.9337836851161863,0.05648762883966721,0.7484992857228352,1.0769936921911165,2.314972239768629,2.2026407712950254e-11
65,64,0,local_loglinear,2,1,63,1.9694842103461818,2.0253336123701144,0.9270390555600174,0.2078947558221351,0.909878753345489,0.09012124665451104,1.0396491854458558,1.0843741351411467,0.9587550567226788,0.9779677237590533,0.9332776870994215,0.04677388244599348,0.7526055737332547,1.0981306124113286,2.292727366039018,1.0005321777803343e-9
65,64,0,local_loglinear,3,2,62,2.0420803690515,2.101942089840419,0.9523612810797543,0.2041053208453425,0.9262210420382928,0.07377895796170719,1.0421804127906948,1.074025330016524,0.9703499383712495,0.9684625560930851,0.932346418224445,0.03800538134896995,0.7561498532732459,1.1194468319834576,2.2737838444967493,2.4488363837090035e-11
65,64,0,local_loglinear,4,3,61,2.1087135593577693,2.1724549217386127,0.9756750637289687,0.2008228895032129,0.9410621113885157,0.0589378886114843,1.0446078724078285,1.064059738106111,0.9817191977088576,0.9595216294279774,0.931016078795081,0.03015831000413262,0.7591967258074893,1.1408906094063627,2.2576859114648173,9.332569921762675e-10
65,64,0,local_loglinear,5,4,60,2.169289646583418,2.2367512693390985,0.9969426481666126,0.19798013954412938,0.954391704316045,0.04560829568395497,1.0469218143856014,1.0544692244466733,0.9928424558193888,0.951125633099479,0.9293125748981537,0.02320101407605303,0.761802842497355,1.1624243150352525,2.2440519426154655,2.1488815761246136e-11
65,64,0,local_loglinear,6,5,59,2.2237996507207867,2.2947994555585627,1.0161551044413641,0.19552089922392754,0.966220683117298,0.03377931688270197,1.0491133688006828,1.0452515893339807,1.0036945932501886,0.9432501057655946,0.9272611384123424,0.01709624236804117,0.7640177511500399,1.1840225588479112,2.232561439581732,1.0499541375261947e-9
65,64,0,local_loglinear,7,6,58,2.2723061706024903,2.346643560554805,1.0333278880123413,0.19339814244322784,0.9765773165706799,0.02342268342932008,1.0511749734741052,1.0364086352474653,1.0142476024653289,0.9358671680672994,0.9248860508679368,0.011803010275518763,0.7658847122434852,1.205670439247397,2.2229444275328025,8.295536416040022e-10
65,64,0,local_loglinear,8,7,57,2.314930393241448,2.3923904068542745,1.0484965609005612,0.19157237244705613,0.9855037944068016,0.014496205593198419,1.0531006657779933,1.027944463606296,1.0244723358725458,0.9289468964811154,0.9222104525846169,0.0072781210481598635,0.7674414569711421,1.2273619389665278,2.2149728191586755,1.863807593833481e-11
65,64,0,local_loglinear,9,8,56,2.3518400742093437,2.4321973592465223,1.0617128159038027,0.1900103127951681,0.9930530403216196,0.006946959678380438,1.0548862535648595,1.019864043920539,1.0343400768495463,0.9224583974057079,0.9192562205269574,0.0034773901171895605,0.768720872939916,1.249098470948718,2.208453383792652,1.2345950341539594e-9
65,64,0,local_loglinear,10,9,55,2.3832387273019777,2.466261223102666,1.0730408755742504,0.18868384874726674,0.9992859012241662,0.000714098775833838,1.0565293484466423,1.0121720758300587,1.0438238454466422,0.9163706176820291,0.9160439007044676,0.00035659724123045244,0.7697516194347822,1.2708876137042526,2.2032219897393515,2.5582935261915782e-11
65,64,0,local_loglinear,11,10,54,2.409356121887362,2.4948083748994767,1.0825543142297043,0.18756916535686882,1.0042687040663885,0.004268704066388462,1.0580293249360375,1.0048721390123008,1.0528994524377853,0.9106529497302457,0.9125926825113164,0.0021277807867533527,0.7705586694499882,1.292742006981457,2.1991388964211787,4.956070313250986e-10
65,64,0,local_loglinear,12,11,53,2.430440108068738,2.518086178466234,1.0903333142142733,0.18664604318516514,1.0080711763767891,0.008071176376789113,1.059387204845344,0.99796612866385,1.061546253342014,0.9052756712230497,0.9089204049557018,0.004018020636290018,0.771163783153123,1.3146783992728734,2.1960848968351385,1.0059931440794789e-9
65,64,0,local_loglinear,13,12,52,2.4467497264634264,2.5363556730429675,1.096462338485446,0.18589728330437613,1.0107647268339477,0.010764726833947691,1.0606054776582279,0.9914539248160469,1.0697476212573482,0.9002102466985978,0.9050435865558788,0.005354760995147367,0.7715859214454203,1.336716853166069,2.1939581368583836,8.72379825271953e-10
65,64,0,local_loglinear,14,13,51,2.458549509613458,2.5498854611980546,1.1010281898650218,0.18530823725467585,1.0124210573995949,0.01242105739959487,1.0616878873942848,0.9853332721780544,1.077491156923434,0.8954295198692697,0.9009774720072554,0.0061767403510542,0.7718416063951508,1.3588800974559028,2.192671481541278,1.6395860924404256e-11
65,64,0,local_loglinear,15,14,50,2.4661048556978757,2.5589466883101513,1.1041184329963356,0.18486641729093445,1.013111042970318,0.013111042970318065,1.0626392262144535,0.9795998158343394,1.084768707627194,0.8909078335528617,0.8967360901068457,0.006520624300598757,0.7719452299320827,1.3811929770485263,2.192150350476424,1.183199693594744e-9
65,64,0,local_loglinear,16,15,49,2.4696783614071234,2.563809016467098,1.1058201236489293,0.1845611786557792,1.0129038872932714,0.01290388729327141,1.0634650920737314,0.9742472658703335,1.0915761627759828,0.8866210768805095,0.8923323191083177,0.006420923519098509,0.7719093242815349,1.4036820385047777,2.1923309018317325,2.0514503450630517e-11
65,64,0,local_loglinear,17,16,48,2.4695269749943525,2.5647374550439688,1.1062188135965607,0.18438345619967283,1.0118664862839593,0.011866486283959254,1.06417168138179,0.9692676240302552,1.0979131614413362,0.8825466897097582,0.8877779558401941,0.00590996840034913,0.7717447944835663,1.426375201120985,2.1931585243230147,1.6111175027634268e-10
65,64,0,local_loglinear,18,17,47,2.4658998514968253,2.5619899327935802,1.1053977924782656,0.18432554556670985,1.0100629676444914,0.010062967644491438,1.0647655953969026,0.9646514852495004,1.10378267351292,0.8786636353438195,0.883083786281619,0.005017927267369507,0.7714611182669822,1.4493015030501883,2.194586581546667,1.1193532231691557e-9
65,64,0,local_loglinear,19,18,46,2.459036800080016,2.555815503328852,1.103437524715444,0.18438092315894866,1.0075543895124008,0.007554389512400839,1.065253659199526,0.9603883278353392,1.109190551701672,0.8749523452913263,0.8782596558606386,0.003772863168055751,0.7710665199082843,1.47249092834934,2.1965753536792847,8.523771050473501e-10
65,64,0,local_loglinear,20,19,45,2.449167217118798,2.546453074871285,1.1004152489350951,0.18454409732915325,1.004398562869651,0.004398562869651013,1.0656427703052092,0.956466821286295,1.114145045692322,0.8713946467779028,0.8733145380005938,0.002200816060775629,0.7705681208998759,1.4959742972214636,2.1990911461354767,1.3244476571817865e-11
65,64,0,local_loglinear,21,20,44,2.436509413130996,2.5341305672228462,1.0964047180545828,0.18481048250805288,1.0006499561692268,0.0006499561692268063,1.065939785113288,0.9528751201727564,1.1186563302440227,0.867973686264054,0.8682565999607346,0.00032589421049630807,0.7699720677002898,1.5197831875741952,2.20210555175888,1.102947153918267e-9
65,64,0,local_loglinear,22,21,43,2.4212702632046645,2.5190644260328523,1.0914760449931864,0.18517629639871067,0.9963596887123802,0.0036403112876197685,1.0661514101325358,0.9496010816790252,1.122736094874106,0.8646738416983165,0.8630932656100707,0.0018296175711123575,0.7692836438977685,1.5439499149356526,2.2055948205939138,1.2379292516662235e-9
65,64,0,local_loglinear,23,22,42,2.403645107994037,2.5014594158722696,1.0856956347198847,0.18563847486706414,0.9915755821548726,0.008424417845127374,1.066284122754951,0.9466325610635765,1.126397048456628,0.8614806322785294,0.8578312745486738,0.0042451438809453235,0.7685073672630712,1.5685075492078666,2.209539328043567,1.1961863115904533e-9
65,64,0,local_loglinear,24,23,41,2.383817848735306,2.481508631172462,1.0791261866428967,0.18619460083887085,0.9863422507063246,0.013657749293675359,1.0663441187123934,0.9439575561977525,1.1296526117208197,0.8583806302145217,0.8524767373858462,0.006901704812726395,0.7676470727598139,1.5934899560494724,2.21392313102421,1.213025519041815e-9
65,64,0,local_loglinear,25,24,40,2.3619611913264427,2.459393675716482,1.0718267548861498,0.18684284340048904,0.9807012110867533,0.019298788913246656,1.0663372800346358,0.9415643771293252,1.1325165925305316,0.8553613793435003,0.8470351871951127,0.00978180842473908,0.7667059824128979,1.6189318467128933,2.2187336039827863,1.6033868561378345e-11
65,64,0,local_loglinear,26,25,39,2.3382370072040386,2.435284980439305,1.063852838949546,0.18758191218979195,0.9746910421428219,0.025308957857178127,1.0662691280372971,0.9394417764419962,1.1350028865819037,0.8524113047155429,0.8415116273757062,0.012869331380261834,0.7656867698185623,1.6448688901680462,2.2239611123922987,6.840401247883346e-11
65,64,0,local_loglinear,27,26,38,2.312796765366283,2.4093422028181397,1.0552565137879517,0.1884110155829879,0.9683475275549127,0.03165247244508729,1.0661448331698826,0.9375790486797649,1.1371252745794131,0.8495196391329606,0.8359105755717449,0.01614941896228267,0.7645916112202795,1.6713378013299254,2.2295987629460763,1.66027874680785e-11
65,64,0,local_loglinear,28,27,37,2.285782024898125,2.3817147012406217,1.0460865763508074,0.18932982931969639,0.9617038236355377,0.03829617636446225,1.0659691977395427,0.9359660913072562,1.1388972395898576,0.8466763466563793,0.8302361043038122,0.01960838098247919,0.7634222317929793,1.6983764707164961,2.2356421850313923,1.1118358683717756e-9
65,64,0,local_loglinear,29,28,36,2.2573249597813487,2.352542050941286,1.0363887059328445,0.19033847129601456,0.954790626806932,0.04520937319306795,1.0657466611894657,0.934593474712712,1.1403318020351783,0.8438720520575966,0.8244918782193251,0.023233594617333014,0.7621799452671945,1.7260241058573882,2.242089351991998,9.447102595739253e-10
65,64,0,local_loglinear,30,29,35,2.22754890093121,2.321954583635071,1.0262056378556135,0.1914374803480132,0.9476363309916821,0.052363669008317903,1.0654813172181434,0.933452450907921,1.1414414480157022,0.8410979791196108,0.8186811882193523,0.027013417807302542,0.7608656859529165,1.7543213719472348,2.2489404465916776,1.0427087688693086e-11
65,64,0,local_loglinear,31,30,34,2.1965688882342955,2.2900739459366197,1.0155773331691855,0.1926278037954294,0.940267201835423,0.059732798164576995,1.0651769103058701,0.9325349936923804,1.1422380044831273,0.8383458848152356,0.8128069828277935,0.030937097835438354,0.7594800395621557,1.783310579053066,2.2561977371720836,5.132778899995668e-11
65,64,0,local_loglinear,32,31,33,2.164492213102175,2.25701364972465,1.0045411575806462,0.19391078531436315,0.9327075218877036,0.06729247811229644,1.0648368709830611,0.9318337779220222,1.1427326377432188,0.8356080083429492,0.806871896696487,0.03499469806335345,0.7580232655599904,1.8130358453982598,2.2638655021869862,9.143180066327688e-12
65,64,0,local_loglinear,33,32,32,2.1314189555567515,2.222879622858304,0.9931320532691591,0.19528815997244894,0.9249797465801709,0.0750202534198291,1.0644643195232435,0.9313421999887411,1.1429357754175766,0.8328770170010288,0.8008782768377984,0.03917702109005036,0.7564953185926643,1.8435433026859562,2.2719499639661747,6.70105293592085e-11
65,64,0,local_loglinear,34,33,31,2.0974425028345625,2.1877707428985347,0.9813827085415731,0.19676205174494618,0.9171046450550746,0.08289535494492539,1.064062090772893,0.9310543407035139,1.142857129014486,0.8301459595020223,0.7948282065154864,0.04347554128206316,0.7548958655434639,1.87488130416038,2.280459249868516,8.85104309793843e-10
65,64,0,local_loglinear,35,34,30,2.0626500489883948,2.1517793536545007,0.9693237228737827,0.19833497471264813,0.9091014340159015,0.09089856598409851,1.0636327528189786,0.9309649558312656,1.142505683115916,0.8274082227737231,0.7887235271126198,0.0478823418635915,0.7532242995200875,1.9071006497660452,2.289403374450819,8.095843562640709e-12
65,64,0,local_loglinear,36,35,29,2.027123072954114,2.114991762041583,0.9569837626061035,0.20000983887466176,0.9009879093348032,0.09901209066519678,1.0631786207028997,0.9310694652707773,1.1418896874613989,0.824657489700639,0.7825658581484574,0.05239005349028858,0.7514797525858773,1.9402548398160173,2.298794233442048,8.652156647783676e-10
65,64,0,local_loglinear,37,36,28,1.9909377905407823,2.0774887079074227,0.9443897142726934,0.2017899568457237,0.8927805574127666,0.10721944258723337,1.0627017853092817,0.9313638996789863,1.1410167236195903,0.8218877056217063,0.7763566155264146,0.056991803847818046,0.7496611039761847,1.9744003248982593,2.308645627567635,9.305378878497439e-10
65,64,0,local_loglinear,38,37,27,1.9541655850516602,2.039345814754736,0.9315668246495459,0.20367905713808176,0.8844946752333557,0.11550532476664432,1.0622041172160088,0.9318449030372367,1.139893681613627,0.8190930404372723,0.7700970283673354,0.06168116211261088,0.7477669892320503,2.009596808133409,2.3189732877950853,8.314974559783091e-10
65,64,0,local_loglinear,39,38,26,1.9168734089117976,2.0006340088472916,0.9185388398769138,0.20568129653872944,0.876144462323539,0.12385553767646096,1.0616873006935545,0.932509676445744,1.1385268458984472,0.8162678627324725,0.7637881543190479,0.06645209845685005,0.7457958040884907,2.045907530626016,2.3297949360749577,6.4674538754195955e-12
65,64,0,local_loglinear,40,39,25,1.8791241651651944,1.961419920574799,0.9053281292246198,0.20780128034699866,0.8677431276718052,0.13225687232819483,1.0611528308921188,0.9333559572810092,1.1369219027469424,0.8134067064355247,0.7574308938020293,0.07129893446314192,0.743745710770086,2.0833996263660017,2.3411303409977413,4.2112035268964286e-11
65,64,0,local_loglinear,41,40,24,1.8409770599040516,1.921766253931304,0.8919558069698813,0.21004408227736102,0.8593029712027129,0.14069702879728707,1.0606020444213435,0.934382003871783,1.1350839806701591,0.8105042481939287,0.7510260029738554,0.07621630697982071,0.7416146396419965,2.1221444685591093,2.3530014077932058,3.222729773732208e-10
65,64,0,local_loglinear,42,41,23,1.8024879338137805,1.881732135617246,0.8784418437307397,0.21241526965524252,0.8508354678030557,0.14916453219694426,1.0600361255108588,0.9355865376326569,1.1330177197644384,0.8075552828871896,0.744574105819813,0.08119912965979176,0.7394002914041764,2.1622180648646707,2.3654322755854515,8.72304435097081e-12
65,64,0,local_loglinear,43,42,22,1.7637095698815657,1.8413734393075216,0.8648051711437231,0.21492093203899634,0.8423513435667632,0.15764865643323678,1.0594561206075814,0.9369687240337313,1.1307273054393228,0.8045547019014196,0.7380757053404121,0.08624255792492125,0.7371001377546256,2.203701484204063,2.3784494345422926,6.187177889060866e-11
65,64,0,local_loglinear,44,43,21,1.7246919789489452,1.8007430868528274,0.8510637786621638,0.21756771337347316,0.833860644741094,0.166139355258906,1.0588629509491916,0.9385281568512825,1.1282164985882006,0.8014974740443389,0.7315311939641234,0.09134195712484952,0.7347114214268523,2.2466813182450176,2.3920818594018836,1.1136420774740428e-9
65,64,0,local_loglinear,45,44,20,1.6854826642482572,1.7598913275116757,0.8372348046443734,0.22036284808236958,0.8253728006382361,0.17462719936176385,1.0582574248993362,0.9402647988061882,1.1254887200318016,0.7983786286193297,0.7249408633053316,0.09649287320450942,0.7322311549537316,2.291250183025567,2.4063611647315812,6.961798491083377e-12
65,64,0,local_loglinear,46,45,19,1.6461268663818367,1.7188659973194642,0.8233346186936744,0.22331420285720702,0.8168966865953156,0.18310331340468444,1.0576402435060033,0.9421789622911286,1.122547080582338,0.7951932378256303,0.7183049133675503,0.10169100223620095,0.7296561198576896,2.3375072800144765,2.421321774085271,1.232774500025213e-9
65,64,0,local_loglinear,47,46,18,1.606667787692422,1.6777127559159857,0.8093789002079871,0.2264303206658119,0.8084406719347237,0.1915593280652763,1.057012018585305,0.9442712955764282,1.1193944193125709,0.791936405721331,0.7116234611980647,0.10693216789280244,0.7269828638955437,2.3855589832856126,2.4370011187686593,6.945256646144044e-12
65,64,0,local_loglinear,48,47,17,1.5671468005207745,1.6364753077779743,0.7953827073817102,0.2297204731917764,0.8000126768369127,0.19998732316308732,1.0563732701813693,0.9465427177237339,1.1160333816964523,0.7886032525282948,0.7048965492311319,0.11221229250271808,0.7242076999926367,2.4355195175784874,2.4534398475244488,1.255602399255053e-9
65,64,0,local_loglinear,49,48,16,1.527603635601614,1.5951956011316475,0.7813605445347382,0.23319471490066923,0.7916202095229872,0.20837979047701283,1.055724448173532,0.9489944000106463,1.1124664678334122,0.7851889079955182,0.6981241531917717,0.1175273791119329,0.7213267025194167,2.487511659346434,2.470682075107175,6.439417959506564e-12
65,64,0,local_loglinear,50,49,15,1.4880765567749195,1.553914014185213,0.7673264184758473,0.23686394776274142,0.7832704173575435,0.21672958264245645,1.055065923814362,0.9516277502257502,1.1086960458688533,0.7816884978710711,0.6913061898683022,0.12287348400341677,0.7183357066882091,2.5416675559836426,2.4887756386407527,1.2737328617961034e-9
65,64,0,local_loglinear,51,50,14,1.4486025166953442,1.5126695196784652,0.7532938946653448,0.24073998784502793,0.7749701161366979,0.22502988386330214,1.0543980130624486,0.9544443349978982,1.1047244709821349,0.7780971407660054,0.6844425245520183,0.12824670183071268,0.7152303049252664,2.598129573567617,2.5077724014402603,5.925889619802469e-12
65,64,0,local_loglinear,52,51,13,1.4092173003629773,1.4714998384048905,0.7392761422098381,0.24483564445340364,0.7667258353539004,0.23327416464609962,1.053720965163611,0.9574458887847052,1.1005540652549135,0.7744099372832861,0.6775329784834909,0.1336431398181009,0.7120058471436956,2.6570512873544683,2.527728566382636,6.398053491447252e-11
65,64,0,local_loglinear,53,52,12,1.369955650827305,1.4304415725623765,0.7252859778008536,0.24916480322039167,0.7585438447978866,0.2414561552021134,1.0530349825851846,0.9606342337767658,1.0961872329337485,0.7706219683028346,0.6705773360757668,0.1390589028611297,0.7086574388829824,2.718598526021903,2.5487050391739516,9.06843119949009e-10
65,64,0,local_loglinear,54,53,11,1.330851382639823,1.3895303272965762,0.7113359008870561,0.2537425215806168,0.7504301904001756,0.24956980959982444,1.0523402149093914,0.9640112528179268,1.0916264844764705,0.766728288995692,0.6635753522053773,0.1444900718911452,0.7051799425789644,2.7829505622527924,2.5707678138597556,3.6994016550956405e-12
65,64,0,local_loglinear,55,54,10,1.2919374799589425,1.348800816423855,0.6974381214834531,0.25858513621824436,0.7423907316458633,0.25760926835413667,1.0516367590159765,0.9675788687684126,1.0868744584661687,0.7627239221948051,0.656526759444712,0.14993268014068517,0.7015679808361519,2.850301446145952,2.593988391626266,4.7025871837764084e-11
65,64,0,local_loglinear,56,55,9,1.2532461788613956,1.3082869513357702,0.6836045817740842,0.26371038181011847,0.7344311740658014,0.2655688259341986,1.0509246642573646,0.9713389518417129,1.081934027524329,0.7586038544467559,0.6494312752249527,0.15538269154676182,0.6978159412367535,2.9208614768142738,2.6184442408391115,1.292263742307245e-10
65,64,0,local_loglinear,57,56,8,1.2148090353739234,1.2680219163709203,0.6698469652586666,0.26913752990953477,0.7265571179829385,0.27344288201706146,1.0502039168496744,0.9752933301076595,1.0768082631445308,0.7543630241091946,0.6422886090156312,0.16083596704958142,0.6939179866764945,2.9948589084507695,2.644219277586112,2.0279842022037214e-10
65,64,0,local_loglinear,58,57,7,1.1766569752804603,1.2280382259176827,0.6561766927564463,0.2748875496894638,0.7187741172441371,0.2812258827558629,1.049474427540974,0.9794437014040521,1.0715005120115955,0.749996304271492,0.6350984692972377,0.16628822225015588,0.6898680710518021,3.0725419083992005,2.6714043716859184,3.248023362051309e-10
65,64,0,local_loglinear,59,58,6,1.1388203243094668,1.1883677630468195,0.6426048975249632,0.2809833010382237,0.711087764475321,0.28891223552467904,1.0487359996540808,0.9837916194161114,1.0660143662094972,0.7454984717201966,0.627860570201217,0.1717349643511612,0.6856599646409105,3.154180878213045,2.700097852453185,5.290107213960215e-10
65,64,0,local_loglinear,60,59,5,1.1013288139747461,1.1490417959476515,0.6291423695166005,0.287449774654403,0.7035038208832037,0.29649617911679627,1.0479882736367767,0.9883385077595165,1.0603535786665659,0.7408641518799681,0.6205746374611294,0.17717139428481116,0.6812872941496638,3.2400712879763502,2.7304059803313483,8.727922379869583e-10
65,64,0,local_loglinear,61,60,4,1.064211555755929,1.1100909663388614,0.6157994530294165,0.2943144023956311,0.6960284178996247,0.30397158210037534,1.047230634718114,0.9930856251446205,1.0545219950853768,0.7360877243269409,0.6132404130790869,0.18259225224479575,0.6767436051937926,3.330537259196073,2.7624433250023412,1.4534795698067654e-9
65,64,0,local_loglinear,62,61,3,1.0274969727682832,1.0715452420261802,0.6025858695473529,0.3016074795055235,0.6886683825693276,0.3113316174306724,1.0464620520327965,0.9980342176705059,1.0485232204516246,0.7311631598907989,0.6058576577585366,0.18799156549762858,0.6720224615634606,3.425936316458497,2.796332932764961,2.4360186344722967e-9
65,64,0,local_loglinear,63,62,2,0.9912126706653853,1.0334338194879304,0.5895104230992159,0.3093627659738125,0.6814317632562962,0.3185682367437038,1.0456808131496242,1.0031856526707708,1.042360215545068,0.7260837461529657,0.5984261494862269,0.19336223628672095,0.6671176026513231,3.526665979912235,2.8322060934837916,4.099603726653909e-9
65,64,0,local_loglinear,64,63,1,0.9553852202143355,0.9957849563926887,0.5765805154865146,0.3176183845893013,0.6743286895666025,0.3256713104333975,1.0448840762769607,1.0085418849170031,1.0360343897496616,0.7208416263620135,0.5909456756937566,0.19869536097006107,0.6620231964813648,3.6331733741155574,2.8702013615536295,6.916245342335099e-9
65,64,0,local_loglinear,65,64,0,0.9200398073353675,0.9586257012735827,0.5638013563410791,0.3264182133002668,0.6673727779456274,0.33262722205437256,1.0440671292687176,1.0141061256353734,1.0295442487486923,0.7154270334039934,0.5834160147855001,0.20397910608994935,0.6567342480576638,3.745969822800351,2.9104622485429936,2.133924506362217e-7
70,69,0,local_loglinear,1,0,69,1.891117961702422,1.9428526771862202,0.8997793665391877,0.21227216161864204,0.8920704391253633,0.10792956087463668,,,,0.9880491462976563,0.9337836851161863,0.05648762883966721,0.7484992857228352,1.0769936921911165,2.314972239768629,2.2026407712950254e-11
70,69,0,local_loglinear,2,1,68,1.9694842103461818,2.0253336123701144,0.9270390555600174,0.2078947558221351,0.909878753345489,0.09012124665451104,1.0396491854458558,1.0843741351411467,0.9587550567226788,0.9779677237590533,0.9332776870994215,0.04677388244599348,0.7526055737332547,1.0981306124113286,2.292727366039018,1.0005321777803343e-9
70,69,0,local_loglinear,3,2,67,2.0420803690515,2.101942089840419,0.9523612810797543,0.2041053208453425,0.9262210420382928,0.07377895796170719,1.0421804127906948,1.074025330016524,0.9703499383712495,0.9684625560930851,0.932346418224445,0.03800538134896995,0.7561498532732459,1.1194468319834576,2.2737838444967493,2.4488363837090035e-11
70,69,0,local_loglinear,4,3,66,2.1087135593577693,2.1724549217386127,0.9756750637289687,0.2008228895032129,0.9410621113885157,0.0589378886114843,1.0446078724078285,1.064059738106111,0.9817191977088576,0.9595216294279774,0.931016078795081,0.03015831000413262,0.7591967258074893,1.1408906094063627,2.2576859114648173,9.332569921762675e-10
70,69,0,local_loglinear,5,4,65,2.169289646583418,2.2367512693390985,0.9969426481666126,0.19798013954412938,0.954391704316045,0.04560829568395497,1.0469218143856014,1.0544692244466733,0.9928424558193888,0.951125633099479,0.9293125748981537,0.02320101407605303,0.761802842497355,1.1624243150352525,2.2440519426154655,2.1488815761246136e-11
70,69,0,local_loglinear,6,5,64,2.2237996507207867,2.2947994555585627,1.0161551044413641,0.19552089922392754,0.966220683117298,0.03377931688270197,1.0491133688006828,1.0452515893339807,1.0036945932501886,0.9432501057655946,0.9272611384123424,0.01709624236804117,0.7640177511500399,1.1840225588479112,2.232561439581732,1.0499541375261947e-9
70,69,0,local_loglinear,7,6,63,2.2723061706024903,2.346643560554805,1.0333278880123413,0.19339814244322784,0.9765773165706799,0.02342268342932008,1.0511749734741052,1.0364086352474653,1.0142476024653289,0.9358671680672994,0.9248860508679368,0.011803010275518763,0.7658847122434852,1.205670439247397,2.2229444275328025,8.295536416040022e-10
70,69,0,local_loglinear,8,7,62,2.314930393241448,2.3923904068542745,1.0484965609005612,0.19157237244705613,0.9855037944068016,0.014496205593198419,1.0531006657779933,1.027944463606296,1.0244723358725458,0.9289468964811154,0.9222104525846169,0.0072781210481598635,0.7674414569711421,1.2273619389665278,2.2149728191586755,1.863807593833481e-11
70,69,0,local_loglinear,9,8,61,2.3518400742093437,2.4321973592465223,1.0617128159038027,0.1900103127951681,0.9930530403216196,0.006946959678380438,1.0548862535648595,1.019864043920539,1.0343400768495463,0.9224583974057079,0.9192562205269574,0.0034773901171895605,0.768720872939916,1.249098470948718,2.208453383792652,1.2345950341539594e-9
70,69,0,local_loglinear,10,9,60,2.3832387273019777,2.466261223102666,1.0730408755742504,0.18868384874726674,0.9992859012241662,0.000714098775833838,1.0565293484466423,1.0121720758300587,1.0438238454466422,0.9163706176820291,0.9160439007044676,0.00035659724123045244,0.7697516194347822,1.2708876137042526,2.2032219897393515,2.5582935261915782e-11
70,69,0,local_loglinear,11,10,59,2.409356121887362,2.4948083748994767,1.0825543142297043,0.18756916535686882,1.0042687040663885,0.004268704066388462,1.0580293249360375,1.0048721390123008,1.0528994524377853,0.9106529497302457,0.9125926825113164,0.0021277807867533527,0.7705586694499882,1.292742006981457,2.1991388964211787,4.956070313250986e-10
70,69,0,local_loglinear,12,11,58,2.430440108068738,2.518086178466234,1.0903333142142733,0.18664604318516514,1.0080711763767891,0.008071176376789113,1.059387204845344,0.99796612866385,1.061546253342014,0.9052756712230497,0.9089204049557018,0.004018020636290018,0.771163783153123,1.3146783992728734,2.1960848968351385,1.0059931440794789e-9
70,69,0,local_loglinear,13,12,57,2.4467497264634264,2.5363556730429675,1.096462338485446,0.18589728330437613,1.0107647268339477,0.010764726833947691,1.0606054776582279,0.9914539248160469,1.0697476212573482,0.9002102466985978,0.9050435865558788,0.005354760995147367,0.7715859214454203,1.336716853166069,2.1939581368583836,8.72379825271953e-10
70,69,0,local_loglinear,14,13,56,2.458549509613458,2.5498854611980546,1.1010281898650218,0.18530823725467585,1.0124210573995949,0.01242105739959487,1.0616878873942848,0.9853332721780544,1.077491156923434,0.8954295198692697,0.9009774720072554,0.0061767403510542,0.7718416063951508,1.3588800974559028,2.192671481541278,1.6395860924404256e-11
70,69,0,local_loglinear,15,14,55,2.4661048556978757,2.5589466883101513,1.1041184329963356,0.18486641729093445,1.013111042970318,0.013111042970318065,1.0626392262144535,0.9795998158343394,1.084768707627194,0.8909078335528617,0.8967360901068457,0.006520624300598757,0.7719452299320827,1.3811929770485263,2.192150350476424,1.183199693594744e-9
70,69,0,local_loglinear,16,15,54,2.4696783614071234,2.563809016467098,1.1058201236489293,0.1845611786557792,1.0129038872932714,0.01290388729327141,1.0634650920737314,0.9742472658703335,1.0915761627759828,0.8866210768805095,0.8923323191083177,0.006420923519098509,0.7719093242815349,1.4036820385047777,2.1923309018317325,2.0514503450630517e-11
70,69,0,local_loglinear,17,16,53,2.4695269749943525,2.5647374550439688,1.1062188135965607,0.18438345619967283,1.0118664862839593,0.011866486283959254,1.06417168138179,0.9692676240302552,1.0979131614413362,0.8825466897097582,0.8877779558401941,0.00590996840034913,0.7717447944835663,1.426375201120985,2.1931585243230147,1.6111175027634268e-10
70,69,0,local_loglinear,18,17,52,2.4658998514968253,2.5619899327935802,1.1053977924782656,0.18432554556670985,1.0100629676444914,0.010062967644491438,1.0647655953969026,0.9646514852495004,1.10378267351292,0.8786636353438195,0.883083786281619,0.005017927267369507,0.7714611182669822,1.4493015030501883,2.194586581546667,1.1193532231691557e-9
70,69,0,local_loglinear,19,18,51,2.459036800080016,2.555815503328852,1.103437524715444,0.18438092315894866,1.0075543895124008,0.007554389512400839,1.065253659199526,0.9603883278353392,1.109190551701672,0.8749523452913263,0.8782596558606386,0.003772863168055751,0.7710665199082843,1.47249092834934,2.1965753536792847,8.523771050473501e-10
70,69,0,local_loglinear,20,19,50,2.449167217118798,2.546453074871285,1.1004152489350951,0.18454409732915325,1.004398562869651,0.004398562869651013,1.0656427703052092,0.956466821286295,1.114145045692322,0.8713946467779028,0.8733145380005938,0.002200816060775629,0.7705681208998759,1.4959742972214636,2.1990911461354767,1.3244476571817865e-11
70,69,0,local_loglinear,21,20,49,2.436509413130996,2.5341305672228462,1.0964047180545828,0.18481048250805288,1.0006499561692268,0.0006499561692268063,1.065939785113288,0.9528751201727564,1.1186563302440227,0.867973686264054,0.8682565999607346,0.00032589421049630807,0.7699720677002898,1.5197831875741952,2.20210555175888,1.102947153918267e-9
70,69,0,local_loglinear,22,21,48,2.4212702632046645,2.5190644260328523,1.0914760449931864,0.18517629639871067,0.9963596887123802,0.0036403112876197685,1.0661514101325358,0.9496010816790252,1.122736094874106,0.8646738416983165,0.8630932656100707,0.0018296175711123575,0.7692836438977685,1.5439499149356526,2.2055948205939138,1.2379292516662235e-9
70,69,0,local_loglinear,23,22,47,2.403645107994037,2.5014594158722696,1.0856956347198847,0.18563847486706414,0.9915755821548726,0.008424417845127374,1.066284122754951,0.9466325610635765,1.126397048456628,0.8614806322785294,0.8578312745486738,0.0042451438809453235,0.7685073672630712,1.5685075492078666,2.209539328043567,1.1961863115904533e-9
70,69,0,local_loglinear,24,23,46,2.383817848735306,2.481508631172462,1.0791261866428967,0.18619460083887085,0.9863422507063246,0.013657749293675359,1.0663441187123934,0.9439575561977525,1.1296526117208197,0.8583806302145217,0.8524767373858462,0.006901704812726395,0.7676470727598139,1.5934899560494724,2.21392313102421,1.213025519041815e-9
70,69,0,local_loglinear,25,24,45,2.3619611913264427,2.459393675716482,1.0718267548861498,0.18684284340048904,0.9807012110867533,0.019298788913246656,1.0663372800346358,0.9415643771293252,1.1325165925305316,0.8553613793435003,0.8470351871951127,0.00978180842473908,0.7667059824128979,1.6189318467128933,2.2187336039827863,1.6033868561378345e-11
70,69,0,local_loglinear,26,25,44,2.3382370072040386,2.435284980439305,1.063852838949546,0.18758191218979195,0.9746910421428219,0.025308957857178127,1.0662691280372971,0.9394417764419962,1.1350028865819037,0.8524113047155429,0.8415116273757062,0.012869331380261834,0.7656867698185623,1.6448688901680462,2.2239611123922987,6.840401247883346e-11
70,69,0,local_loglinear,27,26,43,2.312796765366283,2.4093422028181397,1.0552565137879517,0.1884110155829879,0.9683475275549127,0.03165247244508729,1.0661448331698826,0.9375790486797649,1.1371252745794131,0.8495196391329606,0.8359105755717449,0.01614941896228267,0.7645916112202795,1.6713378013299254,2.2295987629460763,1.66027874680785e-11
70,69,0,local_loglinear,28,27,42,2.285782024898125,2.3817147012406217,1.0460865763508074,0.18932982931969639,0.9617038236355377,0.03829617636446225,1.0659691977395427,0.9359660913072562,1.1388972395898576,0.8466763466563793,0.8302361043038122,0.01960838098247919,0.7634222317929793,1.6983764707164961,2.2356421850313923,1.1118358683717756e-9
70,69,0,local_loglinear,29,28,41,2.2573249597813487,2.352542050941286,1.0363887059328445,0.19033847129601456,0.954790626806932,0.04520937319306795,1.0657466611894657,0.934593474712712,1.1403318020351783,0.8438720520575966,0.8244918782193251,0.023233594617333014,0.7621799452671945,1.7260241058573882,2.242089351991998,9.447102595739253e-10
70,69,0,local_loglinear,30,29,40,2.22754890093121,2.321954583635071,1.0262056378556135,0.1914374803480132,0.9476363309916821,0.052363669008317903,1.0654813172181434,0.933452450907921,1.1414414480157022,0.8410979791196108,0.8186811882193523,0.027013417807302542,0.7608656859529165,1.7543213719472348,2.2489404465916776,1.0427087688693086e-11
70,69,0,local_loglinear,31,30,39,2.1965688882342955,2.2900739459366197,1.0155773331691855,0.1926278037954294,0.940267201835423,0.059732798164576995,1.0651769103058701,0.9325349936923804,1.1422380044831273,0.8383458848152356,0.8128069828277935,0.030937097835438354,0.7594800395621557,1.783310579053066,2.2561977371720836,5.132778899995668e-11
70,69,0,local_loglinear,32,31,38,2.164492213102175,2.25701364972465,1.0045411575806462,0.19391078531436315,0.9327075218877036,0.06729247811229644,1.0648368709830611,0.9318337779220222,1.1427326377432188,0.8356080083429492,0.806871896696487,0.03499469806335345,0.7580232655599904,1.8130358453982598,2.2638655021869862,9.143180066327688e-12
70,69,0,local_loglinear,33,32,37,2.1314189555567515,2.222879622858304,0.9931320532691591,0.19528815997244894,0.9249797465801709,0.0750202534198291,1.0644643195232435,0.9313421999887411,1.1429357754175766,0.8328770170010288,0.8008782768377984,0.03917702109005036,0.7564953185926643,1.8435433026859562,2.2719499639661747,6.70105293592085e-11
70,69,0,local_loglinear,34,33,36,2.0974425028345625,2.1877707428985347,0.9813827085415731,0.19676205174494618,0.9171046450550746,0.08289535494492539,1.064062090772893,0.9310543407035139,1.142857129014486,0.8301459595020223,0.7948282065154864,0.04347554128206316,0.7548958655434639,1.87488130416038,2.280459249868516,8.85104309793843e-10
70,69,0,local_loglinear,35,34,35,2.0626500489883948,2.1517793536545007,0.9693237228737827,0.19833497471264813,0.9091014340159015,0.09089856598409851,1.0636327528189786,0.9309649558312656,1.142505683115916,0.8274082227737231,0.7887235271126198,0.0478823418635915,0.7532242995200875,1.9071006497660452,2.289403374450819,8.095843562640709e-12
70,69,0,local_loglinear,36,35,34,2.027123072954114,2.114991762041583,0.9569837626061035,0.20000983887466176,0.9009879093348032,0.09901209066519678,1.0631786207028997,0.9310694652707773,1.1418896874613989,0.824657489700639,0.7825658581484574,0.05239005349028858,0.7514797525858773,1.9402548398160173,2.298794233442048,8.652156647783676e-10
70,69,0,local_loglinear,37,36,33,1.9909377905407823,2.0774887079074227,0.9443897142726934,0.2017899568457237,0.8927805574127666,0.10721944258723337,1.0627017853092817,0.9313638996789863,1.1410167236195903,0.8218877056217063,0.7763566155264146,0.056991803847818046,0.7496611039761847,1.9744003248982593,2.308645627567635,9.305378878497439e-10
70,69,0,local_loglinear,38,37,32,1.9541655850516602,2.039345814754736,0.9315668246495459,0.20367905713808176,0.8844946752333557,0.11550532476664432,1.0622041172160088,0.9318449030372367,1.139893681613627,0.8190930404372723,0.7700970283673354,0.06168116211261088,0.7477669892320503,2.009596808133409,2.3189732877950853,8.314974559783091e-10
70,69,0,local_loglinear,39,38,31,1.9168734089117976,2.0006340088472916,0.9185388398769138,0.20568129653872944,0.876144462323539,0.12385553767646096,1.0616873006935545,0.932509676445744,1.1385268458984472,0.8162678627324725,0.7637881543190479,0.06645209845685005,0.7457958040884907,2.045907530626016,2.3297949360749577,6.4674538754195955e-12
70,69,0,local_loglinear,40,39,30,1.8791241651651944,1.961419920574799,0.9053281292246198,0.20780128034699866,0.8677431276718052,0.13225687232819483,1.0611528308921188,0.9333559572810092,1.1369219027469424,0.8134067064355247,0.7574308938020293,0.07129893446314192,0.743745710770086,2.0833996263660017,2.3411303409977413,1.0299239025419797e-9
70,69,0,local_loglinear,41,40,29,1.840977059875458,1.921766253765691,0.8919558074550236,0.21004408197149477,0.8593029699380492,0.14069703006195078,1.0606020454904357,0.934382003871783,1.1350839818143295,0.8105042487882252,0.7510260029738554,0.07621630771306362,0.7416146394304142,2.1221444656689,2.353001408976296,1.0397843592844365e-9
70,69,0,local_loglinear,42,41,28,1.8024879342348108,1.8817321359949502,0.8784418441650649,0.21241526946980574,0.8508354672590241,0.14916453274097585,1.0600361249129213,0.9355865374913941,1.1330177192964066,0.8075552831656629,0.7445741058395972,0.08119912997805565,0.7394002913057516,2.1622180633989934,2.3654322761401754,9.149208916403024e-10
70,69,0,local_loglinear,43,42,27,1.7637095704581438,1.8413734396903627,0.864805172272785,0.21492093145121036,0.8423513415383964,0.15764865846160359,1.0594561219228373,0.9369687238202634,1.1307273071006694,0.8045547028970006,0.7380757053692288,0.08624255912330922,0.7371001373862313,2.20370147900999,2.378449436635728,6.004887262247612e-12
70,69,0,local_loglinear,44,43,26,1.724691980179413,1.800743087767193,0.8510637807162308,0.21756771231617839,0.8338606412837656,0.16613935871623442,1.0588629522523845,0.9385281563386909,1.1282165005929432,0.8014974757643568,0.731531194025278,0.0913419591872568,0.7347114207884862,2.2466813090039506,2.3920818630606915,4.532069430739034e-11
70,69,0,local_loglinear,45,44,25,1.6854826665983127,1.7598913294735385,0.8372348078297295,0.2203628465612158,0.8253727960915396,0.17462720390846043,1.0582574260118773,0.940264797805384,1.1254887224129766,0.7983786309339751,0.7249408634217545,0.09649287594309555,0.7322311540510273,2.2912501701327703,2.406361169951845,5.27498178228996e-10
70,69,0,local_loglinear,46,45,24,1.6461268701633458,1.7188660003908482,0.8233346241145203,0.22331420005960803,0.8168966782381195,0.1831033217618805,1.057640247024574,0.9421789605058402,1.1225470864439009,0.795193242078519,0.7183049135573722,0.10169100732018277,0.7296561182565512,2.3375072558311256,2.4213217834310026,8.721234098674745e-12
70,69,0,local_loglinear,47,46,23,1.6066677940677645,1.6777127612404878,0.8093789088960831,0.22643031617934756,0.8084406591243084,0.1915593408756916,1.057012022945486,0.9442712925529831,1.1193944275142484,0.791936412314655,0.7116234615216706,0.10693217576363195,0.7269828613754303,2.385558944691675,2.4370011336214916,7.359146664571816e-11
70,69,0,local_loglinear,48,47,22,1.5671468107717756,1.636475316261929,0.7953827218373806,0.22972046545031324,0.8000126551099251,0.19998734489007486,1.0563732788818798,0.9465427125448753,1.116033396994536,0.7886032637537215,0.7048965497598849,0.11221230598717172,0.724207695672431,2.435519450242746,2.453439873244578,1.2879447739518483e-9
70,69,0,local_loglinear,49,48,21,1.5276036522987286,1.5951956148732997,0.7813605686231216,0.23319470150287205,0.7916201726944426,0.20837982730555737,1.0557244630703575,0.9489943909679913,1.1124664941312241,0.7851889271095072,0.6981241540665462,0.11752740220206928,0.7213266951522959,2.4875115417318523,2.4706821194301316,6.701221735586579e-12
70,69,0,local_loglinear,50,49,20,1.4880765841597194,1.5539140366495592,0.7673264587856764,0.23686392460023029,0.7832703551772799,0.21672964482272006,1.055065949267884,0.9516277344899784,1.1086960909492019,0.781688530306836,0.6913061913265759,0.1228735233884582,0.7183356940921349,2.5416673510494356,2.4887757152567502,6.522837732839972e-11
70,69,0,local_loglinear,51,50,19,1.4486025617707055,1.5126695567180597,0.7532939615678984,0.24073994823583558,0.7749700127443966,0.22502998725560341,1.0543980551344156,0.9544443073471676,1.1047245470666223,0.7780971950209954,0.6844425269905912,0.128246767995635,0.7152302837018313,2.5981292211757445,2.507772532013293,7.917798259737422e-10
70,69,0,local_loglinear,52,51,18,1.4092173741792242,1.4714998988417152,0.7392762540016843,0.2448355758418736,0.7667256606523186,0.23327433934768138,1.0537210387432052,0.9574458406373936,1.1005541974486193,0.7744100294028613,0.6775329825447405,0.1336432527784578,0.7120058109121035,2.6570506723114122,2.5277287919564704,9.511155394217825e-10
70,69,0,local_loglinear,53,52,17,1.3699557720991162,1.4304416716615367,0.7252861646323502,0.24916468455850738,0.7585435506981838,0.2414564493018162,1.05303510770696,0.9606341495343198,1.0961874593126142,0.7706221241761262,0.6705773428636854,0.13905909500807279,0.7086573771255998,2.718597455311514,2.548705428464552,3.961991891982316e-12
70,69,0,local_loglinear,54,53,16,1.3308515819829598,1.3895304902123786,0.7113362118612374,0.2537423173555458,0.750429698819223,0.24957030118077705,1.0523404250632045,0.9640111053057427,1.091626869515624,0.7667285509425643,0.6635753635579751,0.14449039642523331,0.7051798379988802,2.782948709335443,2.5707684816636904,1.190952427755689e-9
70,69,0,local_loglinear,55,54,15,1.291937806646521,1.3488010831294464,0.697438638876481,0.25858478414173386,0.7423899085694128,0.2576100914305872,1.0516371165182767,0.9675786116291817,1.0868751167903141,0.762724363006467,0.6565267783843369,0.14993322923623476,0.7015678035850234,2.8502982333792612,2.593989538846548,4.534822244585201e-12
70,69,0,local_loglinear,56,55,14,1.2532467134864222,1.3082873875265553,0.6836054406504043,0.2637097759617225,0.7344298000850432,0.2655701999149568,1.0509252669545839,0.9713385041241419,1.081935146699662,0.7586045939986112,0.6494313067904571,0.15538361782688975,0.6978156416603442,2.920855918801983,2.6184462072690233,6.042307564073205e-11
70,69,0,local_loglinear,57,56,13,1.214809908177841,1.2680226278525886,0.6698483886587034,0.26913648817389724,0.7265548277463082,0.2734451722536918,1.0502049333884156,0.9752925526660198,1.0768101637991785,0.7543642628031403,0.6422886615230616,0.16083752733729567,0.6939174810465897,2.994849302031444,2.644222645686195,8.637657777339369e-10
70,69,0,local_loglinear,58,57,12,1.176658396777368,1.2280393832845786,0.6561790482075732,0.27488575934224885,0.7187703041879554,0.2812296958120446,1.0494761404891093,0.9794423540520754,1.0715037349031267,0.7499983761275776,0.6350985564745577,0.16629084746891054,0.6898672186530468,3.072525314943365,2.671410137472715,1.1667658634309128e-9
70,69,0,local_loglinear,59,58,11,1.138822634184163,1.1883696409742857,0.642608789626991,0.28098022606109196,0.7110814248812318,0.2889185751187682,1.0487388811959317,0.9837892886295431,1.066019820826537,0.7455019315707063,0.6278607146829625,0.1717393752122599,0.6856585294297092,3.1541522385509264,2.7001077173348773,3.5439921581481133e-12
70,69,0,local_loglinear,60,59,10,1.10133255888814,1.1490448353431078,0.6291487907909198,0.2874444967202798,0.7034932958027984,0.2965067041972016,1.0479931129765112,0.9883344826588734,1.0603627935323483,0.740869919943578,0.6205748764838579,0.1771787946797858,0.6812848810000766,3.2400218973918404,2.730422847132177,5.873052579689115e-11
70,69,0,local_loglinear,61,60,9,1.0642176131171457,1.1100958723895986,0.6158100322673921,0.2943053473150017,0.6960109649937414,0.3039890350062586,1.0472387539570833,0.9930786867459293,1.05453753859991,0.7360973264208794,0.6132408077762774,0.18260465330285458,0.6767395524593959,3.3304521321809095,2.7624721518549307,1.0688713992684626e-10
70,69,0,local_loglinear,62,61,8,1.027506748233945,1.0715531402244662,0.6026032763393285,0.3015919498185795,0.6886394747813861,0.3113605252186139,1.0464756581270267,0.9980222769431406,1.0485493984485945,0.7311791217049571,0.6058583083534685,0.18801232213313696,0.672015662771324,3.425789669529816,2.796382185056036,1.8679964108647197e-10
70,69,0,local_loglinear,63,62,7,0.9912284113709098,1.0334465013913183,0.5895390283846109,0.30933613966684936,0.6813839340035133,0.31861606599648673,1.045703588367883,1.0031651348938022,1.0424042383396668,0.726110243072727,0.5984272200149763,0.19339693964052967,0.6671062091781891,3.526413459396871,2.8322902249985313,3.20488649145722e-10
70,69,0,local_loglinear,64,63,6,0.9554105109590239,0.9958052662005896,0.5766274690422135,0.31757274173687006,0.6742496343321803,0.3257503656678197,1.0449221586074011,1.0085066811004983,1.0361083155811774,0.720885552209794,0.5909474341983831,0.19875332026247272,0.6620041224430658,3.632738689387346,2.8703450537313295,5.451788807763872e-10
70,69,0,local_loglinear,65,64,5,0.9200803549863523,0.9586581421483733,0.5638783431859337,0.3263399813281314,0.6672422352591706,0.3327577647408294,1.044130740605004,1.0140458090704003,1.029668217417301,0.7154997559290898,0.5834188985538638,0.2040758071493648,0.6567023463611783,3.7452217527461347,2.9107076571661543,9.237243497614456e-10
70,69,0,local_loglinear,66,65,4,0.8852645535113499,0.9220331537003713,0.5513007798739702,0.33568002790574963,0.6603680667259132,0.3396319332740868,1.0433283028266926,1.0197810300850405,1.0230905185005144,0.7099472625145475,0.5758416215898934,0.20935802875885712,0.6511939557863297,3.8643666650494253,2.953551717411567,1.5621468058758517e-9
70,69,0,local_loglinear,67,66,3,0.8509888712670913,0.8859575221327628,0.53890300411039,0.34563974918153195,0.6536346222689609,0.34636537773103915,1.042513145071122,1.0257105976971728,1.0163813724959776,0.7042219329732105,0.5682156739295132,0.21459249790630225,0.645472334430658,3.9907337225790465,2.999063684751912,2.639067230188614e-9
70,69,0,local_loglinear,68,67,2,0.817278009044869,0.8504574909732601,0.5266918740302621,0.35627181055319423,0.6470513689060563,0.3529486310939437,1.0416824529685558,1.0318329958682433,1.0095455923000647,0.6983166572637499,0.5605411838789667,0.2197699467403308,0.6395314492722879,4.124951777636083,3.047442041247822,4.455070417288936e-9
70,69,0,local_loglinear,69,68,1,0.7841552798826545,0.8155580736795358,0.51467213828476,0.36763634771034887,0.6406310736307678,0.35936892636923223,1.0408315625416753,1.0381476434404107,1.0025852961457102,0.6922226452969275,0.5528183235852395,0.22487822686247394,0.6333662802892397,4.267736438245029,3.0988950952091945,7.515357369196058e-9
70,69,0,local_loglinear,70,69,0,0.7516421279328517,0.7812826892514221,0.5028452401247968,0.3798036065001138,0.6343919799695934,0.3656080200304066,1.0399527391182637,1.0446563853801882,0.9954974225709512,0.6859282506491317,0.5450472798844814,0.2299004883832808,0.6269735043089426,4.419918179591362,3.153636143804472,2.2562459429173347e-7
75,74,0,local_loglinear,1,0,74,1.891117961702422,1.9428526771862202,0.8997793665391877,0.21227216161864204,0.8920704391253633,0.10792956087463668,,,,0.9880491462976563,0.9337836851161863,0.05648762883966721,0.7484992857228352,1.0769936921911165,2.314972239768629,2.2026407712950254e-11
75,74,0,local_loglinear,2,1,73,1.9694842103461818,2.0253336123701144,0.9270390555600174,0.2078947558221351,0.909878753345489,0.09012124665451104,1.0396491854458558,1.0843741351411467,0.9587550567226788,0.9779677237590533,0.9332776870994215,0.04677388244599348,0.7526055737332547,1.0981306124113286,2.292727366039018,1.0005321777803343e-9
75,74,0,local_loglinear,3,2,72,2.0420803690515,2.101942089840419,0.9523612810797543,0.2041053208453425,0.9262210420382928,0.07377895796170719,1.0421804127906948,1.074025330016524,0.9703499383712495,0.9684625560930851,0.932346418224445,0.03800538134896995,0.7561498532732459,1.1194468319834576,2.2737838444967493,2.4488363837090035e-11
75,74,0,local_loglinear,4,3,71,2.1087135593577693,2.1724549217386127,0.9756750637289687,0.2008228895032129,0.9410621113885157,0.0589378886114843,1.0446078724078285,1.064059738106111,0.9817191977088576,0.9595216294279774,0.931016078795081,0.03015831000413262,0.7591967258074893,1.1408906094063627,2.2576859114648173,9.332569921762675e-10
75,74,0,local_loglinear,5,4,70,2.169289646583418,2.2367512693390985,0.9969426481666126,0.19798013954412938,0.954391704316045,0.04560829568395497,1.0469218143856014,1.0544692244466733,0.9928424558193888,0.951125633099479,0.9293125748981537,0.02320101407605303,0.761802842497355,1.1624243150352525,2.2440519426154655,2.1488815761246136e-11
75,74,0,local_loglinear,6,5,69,2.2237996507207867,2.2947994555585627,1.0161551044413641,0.19552089922392754,0.966220683117298,0.03377931688270197,1.0491133688006828,1.0452515893339807,1.0036945932501886,0.9432501057655946,0.9272611384123424,0.01709624236804117,0.7640177511500399,1.1840225588479112,2.232561439581732,1.0499541375261947e-9
75,74,0,local_loglinear,7,6,68,2.2723061706024903,2.346643560554805,1.0333278880123413,0.19339814244322784,0.9765773165706799,0.02342268342932008,1.0511749734741052,1.0364086352474653,1.0142476024653289,0.9358671680672994,0.9248860508679368,0.011803010275518763,0.7658847122434852,1.205670439247397,2.2229444275328025,8.295536416040022e-10
75,74,0,local_loglinear,8,7,67,2.314930393241448,2.3923904068542745,1.0484965609005612,0.19157237244705613,0.9855037944068016,0.014496205593198419,1.0531006657779933,1.027944463606296,1.0244723358725458,0.9289468964811154,0.9222104525846169,0.0072781210481598635,0.7674414569711421,1.2273619389665278,2.2149728191586755,1.863807593833481e-11
75,74,0,local_loglinear,9,8,66,2.3518400742093437,2.4321973592465223,1.0617128159038027,0.1900103127951681,0.9930530403216196,0.006946959678380438,1.0548862535648595,1.019864043920539,1.0343400768495463,0.9224583974057079,0.9192562205269574,0.0034773901171895605,0.768720872939916,1.249098470948718,2.208453383792652,1.2345950341539594e-9
75,74,0,local_loglinear,10,9,65,2.3832387273019777,2.466261223102666,1.0730408755742504,0.18868384874726674,0.9992859012241662,0.000714098775833838,1.0565293484466423,1.0121720758300587,1.0438238454466422,0.9163706176820291,0.9160439007044676,0.00035659724123045244,0.7697516194347822,1.2708876137042526,2.2032219897393515,2.5582935261915782e-11
75,74,0,local_loglinear,11,10,64,2.409356121887362,2.4948083748994767,1.0825543142297043,0.18756916535686882,1.0042687040663885,0.004268704066388462,1.0580293249360375,1.0048721390123008,1.0528994524377853,0.9106529497302457,0.9125926825113164,0.0021277807867533527,0.7705586694499882,1.292742006981457,2.1991388964211787,4.956070313250986e-10
75,74,0,local_loglinear,12,11,63,2.430440108068738,2.518086178466234,1.0903333142142733,0.18664604318516514,1.0080711763767891,0.008071176376789113,1.059387204845344,0.99796612866385,1.061546253342014,0.9052756712230497,0.9089204049557018,0.004018020636290018,0.771163783153123,1.3146783992728734,2.1960848968351385,1.0059931440794789e-9
75,74,0,local_loglinear,13,12,62,2.4467497264634264,2.5363556730429675,1.096462338485446,0.18589728330437613,1.0107647268339477,0.010764726833947691,1.0606054776582279,0.9914539248160469,1.0697476212573482,0.9002102466985978,0.9050435865558788,0.005354760995147367,0.7715859214454203,1.336716853166069,2.1939581368583836,8.72379825271953e-10
75,74,0,local_loglinear,14,13,61,2.458549509613458,2.5498854611980546,1.1010281898650218,0.18530823725467585,1.0124210573995949,0.01242105739959487,1.0616878873942848,0.9853332721780544,1.077491156923434,0.8954295198692697,0.9009774720072554,0.0061767403510542,0.7718416063951508,1.3588800974559028,2.192671481541278,1.6395860924404256e-11
75,74,0,local_loglinear,15,14,60,2.4661048556978757,2.5589466883101513,1.1041184329963356,0.18486641729093445,1.013111042970318,0.013111042970318065,1.0626392262144535,0.9795998158343394,1.084768707627194,0.8909078335528617,0.8967360901068457,0.006520624300598757,0.7719452299320827,1.3811929770485263,2.192150350476424,1.183199693594744e-9
75,74,0,local_loglinear,16,15,59,2.4696783614071234,2.563809016467098,1.1058201236489293,0.1845611786557792,1.0129038872932714,0.01290388729327141,1.0634650920737314,0.9742472658703335,1.0915761627759828,0.8866210768805095,0.8923323191083177,0.006420923519098509,0.7719093242815349,1.4036820385047777,2.1923309018317325,2.0514503450630517e-11
75,74,0,local_loglinear,17,16,58,2.4695269749943525,2.5647374550439688,1.1062188135965607,0.18438345619967283,1.0118664862839593,0.011866486283959254,1.06417168138179,0.9692676240302552,1.0979131614413362,0.8825466897097582,0.8877779558401941,0.00590996840034913,0.7717447944835663,1.426375201120985,2.1931585243230147,1.6111175027634268e-10
75,74,0,local_loglinear,18,17,57,2.4658998514968253,2.5619899327935802,1.1053977924782656,0.18432554556670985,1.0100629676444914,0.010062967644491438,1.0647655953969026,0.9646514852495004,1.10378267351292,0.8786636353438195,0.883083786281619,0.005017927267369507,0.7714611182669822,1.4493015030501883,2.194586581546667,1.1193532231691557e-9
75,74,0,local_loglinear,19,18,56,2.459036800080016,2.555815503328852,1.103437524715444,0.18438092315894866,1.0075543895124008,0.007554389512400839,1.065253659199526,0.9603883278353392,1.109190551701672,0.8749523452913263,0.8782596558606386,0.003772863168055751,0.7710665199082843,1.47249092834934,2.1965753536792847,8.523771050473501e-10
75,74,0,local_loglinear,20,19,55,2.449167217118798,2.546453074871285,1.1004152489350951,0.18454409732915325,1.004398562869651,0.004398562869651013,1.0656427703052092,0.956466821286295,1.114145045692322,0.8713946467779028,0.8733145380005938,0.002200816060775629,0.7705681208998759,1.4959742972214636,2.1990911461354767,1.3244476571817865e-11
75,74,0,local_loglinear,21,20,54,2.436509413130996,2.5341305672228462,1.0964047180545828,0.18481048250805288,1.0006499561692268,0.0006499561692268063,1.065939785113288,0.9528751201727564,1.1186563302440227,0.867973686264054,0.8682565999607346,0.00032589421049630807,0.7699720677002898,1.5197831875741952,2.20210555175888,1.102947153918267e-9
75,74,0,local_loglinear,22,21,53,2.4212702632046645,2.5190644260328523,1.0914760449931864,0.18517629639871067,0.9963596887123802,0.0036403112876197685,1.0661514101325358,0.9496010816790252,1.122736094874106,0.8646738416983165,0.8630932656100707,0.0018296175711123575,0.7692836438977685,1.5439499149356526,2.2055948205939138,1.2379292516662235e-9
75,74,0,local_loglinear,23,22,52,2.403645107994037,2.5014594158722696,1.0856956347198847,0.18563847486706414,0.9915755821548726,0.008424417845127374,1.066284122754951,0.9466325610635765,1.126397048456628,0.8614806322785294,0.8578312745486738,0.0042451438809453235,0.7685073672630712,1.5685075492078666,2.209539328043567,1.1961863115904533e-9
75,74,0,local_loglinear,24,23,51,2.383817848735306,2.481508631172462,1.0791261866428967,0.18619460083887085,0.9863422507063246,0.013657749293675359,1.0663441187123934,0.9439575561977525,1.1296526117208197,0.8583806302145217,0.8524767373858462,0.006901704812726395,0.7676470727598139,1.5934899560494724,2.21392313102421,1.213025519041815e-9
75,74,0,local_loglinear,25,24,50,2.3619611913264427,2.459393675716482,1.0718267548861498,0.18684284340048904,0.9807012110867533,0.019298788913246656,1.0663372800346358,0.9415643771293252,1.1325165925305316,0.8553613793435003,0.8470351871951127,0.00978180842473908,0.7667059824128979,1.6189318467128933,2.2187336039827863,1.6033868561378345e-11
75,74,0,local_loglinear,26,25,49,2.3382370072040386,2.435284980439305,1.063852838949546,0.18758191218979195,0.9746910421428219,0.025308957857178127,1.0662691280372971,0.9394417764419962,1.1350028865819037,0.8524113047155429,0.8415116273757062,0.012869331380261834,0.7656867698185623,1.6448688901680462,2.2239611123922987,6.840401247883346e-11
75,74,0,local_loglinear,27,26,48,2.312796765366283,2.4093422028181397,1.0552565137879517,0.1884110155829879,0.9683475275549127,0.03165247244508729,1.0661448331698826,0.9375790486797649,1.1371252745794131,0.8495196391329606,0.8359105755717449,0.01614941896228267,0.7645916112202795,1.6713378013299254,2.2295987629460763,1.66027874680785e-11
75,74,0,local_loglinear,28,27,47,2.285782024898125,2.3817147012406217,1.0460865763508074,0.18932982931969639,0.9617038236355377,0.03829617636446225,1.0659691977395427,0.9359660913072562,1.1388972395898576,0.8466763466563793,0.8302361043038122,0.01960838098247919,0.7634222317929793,1.6983764707164961,2.2356421850313923,1.1118358683717756e-9
75,74,0,local_loglinear,29,28,46,2.2573249597813487,2.352542050941286,1.0363887059328445,0.19033847129601456,0.954790626806932,0.04520937319306795,1.0657466611894657,0.934593474712712,1.1403318020351783,0.8438720520575966,0.8244918782193251,0.023233594617333014,0.7621799452671945,1.7260241058573882,2.242089351991998,9.447102595739253e-10
75,74,0,local_loglinear,30,29,45,2.22754890093121,2.321954583635071,1.0262056378556135,0.1914374803480132,0.9476363309916821,0.052363669008317903,1.0654813172181434,0.933452450907921,1.1414414480157022,0.8410979791196108,0.8186811882193523,0.027013417807302542,0.7608656859529165,1.7543213719472348,2.2489404465916776,1.0427087688693086e-11
75,74,0,local_loglinear,31,30,44,2.1965688882342955,2.2900739459366197,1.0155773331691855,0.1926278037954294,0.940267201835423,0.059732798164576995,1.0651769103058701,0.9325349936923804,1.1422380044831273,0.8383458848152356,0.8128069828277935,0.030937097835438354,0.7594800395621557,1.783310579053066,2.2561977371720836,5.132778899995668e-11
75,74,0,local_loglinear,32,31,43,2.164492213102175,2.25701364972465,1.0045411575806462,0.19391078531436315,0.9327075218877036,0.06729247811229644,1.0648368709830611,0.9318337779220222,1.1427326377432188,0.8356080083429492,0.806871896696487,0.03499469806335345,0.7580232655599904,1.8130358453982598,2.2638655021869862,9.143180066327688e-12
75,74,0,local_loglinear,33,32,42,2.1314189555567515,2.222879622858304,0.9931320532691591,0.19528815997244894,0.9249797465801709,0.0750202534198291,1.0644643195232435,0.9313421999887411,1.1429357754175766,0.8328770170010288,0.8008782768377984,0.03917702109005036,0.7564953185926643,1.8435433026859562,2.2719499639661747,6.70105293592085e-11
75,74,0,local_loglinear,34,33,41,2.0974425028345625,2.1877707428985347,0.9813827085415731,0.19676205174494618,0.9171046450550746,0.08289535494492539,1.064062090772893,0.9310543407035139,1.142857129014486,0.8301459595020223,0.7948282065154864,0.04347554128206316,0.7548958655434639,1.87488130416038,2.280459249868516,8.85104309793843e-10
75,74,0,local_loglinear,35,34,40,2.0626500489883948,2.1517793536545007,0.9693237228737827,0.19833497471264813,0.9091014340159015,0.09089856598409851,1.0636327528189786,0.9309649558312656,1.142505683115916,0.8274082227737231,0.7887235271126198,0.0478823418635915,0.7532242995200875,1.9071006497660452,2.289403374450819,8.095843562640709e-12
75,74,0,local_loglinear,36,35,39,2.027123072954114,2.114991762041583,0.9569837626061035,0.20000983887466176,0.9009879093348032,0.09901209066519678,1.0631786207028997,0.9310694652707773,1.1418896874613989,0.824657489700639,0.7825658581484574,0.05239005349028858,0.7514797525858773,1.9402548398160173,2.298794233442048,8.652156647783676e-10
75,74,0,local_loglinear,37,36,38,1.9909377905407823,2.0774887079074227,0.9443897142726934,0.2017899568457237,0.8927805574127666,0.10721944258723337,1.0627017853092817,0.9313638996789863,1.1410167236195903,0.8218877056217063,0.7763566155264146,0.056991803847818046,0.7496611039761847,1.9744003248982593,2.308645627567635,9.305378878497439e-10
75,74,0,local_loglinear,38,37,37,1.9541655850516602,2.039345814754736,0.9315668246495459,0.20367905713808176,0.8844946752333557,0.11550532476664432,1.0622041172160088,0.9318449030372367,1.139893681613627,0.8190930404372723,0.7700970283673354,0.06168116211261088,0.7477669892320503,2.009596808133409,2.3189732877950853,8.314974559783091e-10
75,74,0,local_loglinear,39,38,36,1.9168734089117976,2.0006340088472916,0.9185388398769138,0.20568129653872944,0.876144462323539,0.12385553767646096,1.0616873006935545,0.932509676445744,1.1385268458984472,0.8162678627324725,0.7637881543190479,0.06645209845685005,0.7457958040884907,2.045907530626016,2.3297949360749577,6.4674538754195955e-12
75,74,0,local_loglinear,40,39,35,1.8791241651651944,1.961419920574799,0.9053281292246198,0.20780128034699866,0.8677431276718052,0.13225687232819483,1.0611528308921188,0.9333559572810092,1.1369219027469424,0.8134067064355247,0.7574308938020293,0.07129893446314192,0.743745710770086,2.0833996263660017,2.3411303409977413,1.0299239025419797e-9
75,74,0,local_loglinear,41,40,34,1.840977059875458,1.921766253765691,0.8919558074550236,0.21004408197149477,0.8593029699380492,0.14069703006195078,1.0606020454904357,0.934382003871783,1.1350839818143295,0.8105042487882252,0.7510260029738554,0.07621630771306362,0.7416146394304142,2.1221444656689,2.353001408976296,1.0397843592844365e-9
75,74,0,local_loglinear,42,41,33,1.8024879342348108,1.8817321359949502,0.8784418441650649,0.21241526946980574,0.8508354672590241,0.14916453274097585,1.0600361249129213,0.9355865374913941,1.1330177192964066,0.8075552831656629,0.7445741058395972,0.08119912997805565,0.7394002913057516,2.1622180633989934,2.3654322761401754,9.149208916403024e-10
75,74,0,local_loglinear,43,42,32,1.7637095704581438,1.8413734396903627,0.864805172272785,0.21492093145121036,0.8423513415383964,0.15764865846160359,1.0594561219228373,0.9369687238202634,1.1307273071006694,0.8045547028970006,0.7380757053692288,0.08624255912330922,0.7371001373862313,2.20370147900999,2.378449436635728,6.004887262247612e-12
75,74,0,local_loglinear,44,43,31,1.724691980179413,1.800743087767193,0.8510637807162308,0.21756771231617839,0.8338606412837656,0.16613935871623442,1.0588629522523845,0.9385281563386909,1.1282165005929432,0.8014974757643568,0.731531194025278,0.0913419591872568,0.7347114207884862,2.2466813090039506,2.3920818630606915,1.258454034051788e-9
75,74,0,local_loglinear,45,44,30,1.6854826665690972,1.7598913292957883,0.8372348083883527,0.2203628461774115,0.8253727946396873,0.17462720536031273,1.0582574272988912,0.940264797805384,1.1254887237817546,0.7983786316324302,0.7249408634217545,0.09649287681793745,0.7322311537946494,2.2912501663938487,2.4063611714344564,1.167951084528524e-9
75,74,0,local_loglinear,46,45,29,1.6461268706187326,1.7188660008077818,0.8233346245657079,0.2233141998482586,0.8168966776909781,0.18310332230902193,1.0576402462437846,0.9421789602576903,1.1225470859108497,0.7951932423679623,0.7183049135798167,0.1016910076529274,0.7296561181551973,2.337507254143111,2.421321784022598,1.0165620494620014e-9
75,74,0,local_loglinear,47,46,28,1.606667794668852,1.6777127616565986,0.8093789100511121,0.2264303155106455,0.808440657039247,0.19155934296075305,1.057012024374657,0.9442712922879428,1.1193944293419602,0.7919364133643872,0.7116234615531383,0.10693217704493838,0.7269828609832595,2.3855589386381295,2.437001135932836,5.576983693021767e-12
75,74,0,local_loglinear,48,47,27,1.5671468119985987,1.6364753171881319,0.7953827239060531,0.2297204642550271,0.8000126515735638,0.19998734842643617,1.0563732802821861,0.946542711888246,1.1160333992481337,0.7886032655566627,0.7048965498241895,0.11221230818219241,0.7242076949972835,2.4355194395239157,2.453439877264036,4.974398304835148e-11
75,74,0,local_loglinear,49,48,26,1.527603654585458,1.595195616802022,0.7813605717780427,0.23319469982367175,0.7916201681791109,0.20837983182088915,1.0557244641792294,0.9489943897248275,1.1124664967570035,0.7851889294672526,0.6981241541866088,0.1175274050328651,0.7213266942116072,2.48751152716566,2.4706821250896147,3.6025750233977454e-10
75,74,0,local_loglinear,50,49,25,1.4880765877683835,1.5539140396270426,0.7673264639804039,0.2368639215925529,0.7832703471308534,0.21672965286914658,1.0550659527050572,0.9516277323651503,1.1086960970366262,0.7816885345077921,0.6913061915185046,0.1228735284850333,0.718335692488617,2.5416673244920878,2.488775725010197,6.5761236165903105e-12
75,74,0,local_loglinear,51,50,24,1.4486025676579315,1.5126695615514114,0.7532939702910901,0.24073994303968665,0.7749699991669207,0.22503000083307934,1.0543980607791539,0.9544443038309728,1.1047245570506148,0.778097202144219,0.6844425273094561,0.12824677668443024,0.7152302809371224,2.5981291749162354,2.5077725490226244,1.3034764556643664e-9
75,74,0,local_loglinear,52,51,23,1.4092173838243194,1.471499906690919,0.7392762688407198,0.24483556671684867,0.7667256373241379,0.2332743626758621,1.0537210488339015,0.9574458343882493,1.1005542151709986,0.7744100416919762,0.6775329830766617,0.13364326786237524,0.7120058060629579,2.657050590313653,2.527728822146711,5.7688068648186896e-12
75,74,0,local_loglinear,53,52,22,1.3699557881014377,1.430441684795311,0.7252861890532972,0.24916466911665697,0.7585435125483195,0.24145648745168047,1.053035123308519,0.9606341383336504,1.0961874883346854,0.770622144412982,0.6705773437594489,0.1390591199326769,0.7086573690934223,2.718597316224662,2.5487054790957724,1.3370538900199289e-9
75,74,0,local_loglinear,54,53,21,1.330851608097324,1.3895305114799843,0.7113362529381373,0.25374229031624196,0.7504296335770414,0.2495703664229586,1.0523404537730656,0.9640110860088574,1.091626921148702,0.7667285856868155,0.6635753650462253,0.14449043949738805,0.7051798241254381,2.7829484636642934,2.5707685702536103,5.349394596090428e-12
75,74,0,local_loglinear,55,54,20,1.291937849679012,1.3488011183069673,0.6974387068388374,0.25858473795688497,0.7423898007018417,0.2576101992981583,1.0516371626016123,0.967578577655094,1.086875202580686,0.7627244207912453,0.6565267808790924,0.14993330119732567,0.7015677803359097,2.8502978121585043,2.593989689321555,1.3629781220459474e-9
75,74,0,local_loglinear,56,55,19,1.2532467837573547,1.3082874447900181,0.683605553865388,0.26370969603837163,0.7344296186793752,0.2655703813206248,1.050925347289339,0.9713384453043484,1.0819352949218988,0.7586046916206092,0.6494313109401837,0.15538374012336936,0.6978156021127562,2.92085518523668,2.6184464668609237,8.124277295660578e-10
75,74,0,local_loglinear,57,56,18,1.214810023089249,1.2680227213909978,0.6698485766914197,0.2691363504306426,0.7265545246240114,0.2734454753759886,1.0502050683640332,0.9752924501741416,1.0768104153544054,0.7543644267087765,0.6422886684373292,0.16083773384873767,0.6939174141379385,2.9948480311046475,2.6442230913783407,2.7715006840419776e-12
75,74,0,local_loglinear,58,57,17,1.1766585843176627,1.2280395359242284,0.6561793592911362,0.2748855229186967,0.7187698005487424,0.2812301994512576,1.0494763661928976,0.9794421760400767,1.0715041600883188,0.7499986497707665,0.6350985679767425,0.16629119421635352,0.6898671060177184,3.072523123424735,2.671410899360829,4.149279678752253e-11
75,74,0,local_loglinear,59,58,16,1.1388229390893476,1.1883698889161327,0.642609303194189,0.28097982045726894,0.7110805887954316,0.28891941120456843,1.048739260457915,0.9837889807479556,1.066020539954187,0.7455023878889263,0.627860733753836,0.17173995693299188,0.6856583400888935,3.1541484612076576,2.700109018767405,1.3531071749211362e-9
75,74,0,local_loglinear,60,59,15,1.1013330530506669,1.149045236366446,0.6291496383674723,0.28744380007463294,0.7034919064815134,0.2965080935184866,1.0479937525153251,0.9883339515105052,1.0603640104780776,0.7408706813290579,0.6205749080235456,0.1771797715470962,0.6812845624316489,3.24001537798468,2.7304250737899984,3.975907928333167e-12
75,74,0,local_loglinear,61,60,14,1.0642184125334975,1.110096519824697,0.6158114287338706,0.2943041521266988,0.6960086612850942,0.3039913387149058,1.0472398256832058,0.9930777708501102,1.0545395903754153,0.7360985938696336,0.6132408598651733,0.1826062902104339,0.6767390174511977,3.330440895969266,2.76247595736933,7.003479096248253e-11
75,74,0,local_loglinear,62,61,13,1.0275080384460187,1.0715541826365735,0.6026055740547515,0.30158990007338304,0.6886356591989613,0.3113643408010387,1.0464774540795827,0.998020700622905,1.0485528540905353,0.7311812285904715,0.6058583942203088,0.18801506189165734,0.6720147652920785,3.425770313568717,2.7963886867359133,9.683811346003962e-10
75,74,0,local_loglinear,63,62,12,0.9912304889897233,1.0334481752030817,0.5895428045019968,0.3093326249548366,0.6813776202099052,0.3186223797900948,1.0457065955360676,1.0031624262129542,1.0424100506671907,0.7261137410169529,0.5984273613114168,0.19340152088943985,0.6671047051209527,3.5263801255438514,2.8323013315156884,1.3372917593220333e-9
75,74,0,local_loglinear,64,63,11,0.9554138493384203,0.9958079469662242,0.5766336677618722,0.317566716411991,0.6742391976643173,0.3257608023356827,1.0449271874330455,1.0085020331677872,1.0361180771751584,0.7208913516769383,0.5909476663175675,0.19876097235935586,0.6620016043428633,3.632681304730478,2.8703640243696142,3.0818908993456315e-12
75,74,0,local_loglinear,65,64,10,0.9200857077956567,0.9586624247077568,0.5638885068791872,0.32632965421272925,0.6672250019356242,0.3327749980643758,1.0441391396769035,1.0140378441901938,1.0296845878673773,0.7155093577037914,0.5834192792420085,0.20408857422271826,0.6566981351733125,3.745122999782985,2.910740054684546,6.841584473966901e-11
75,74,0,local_loglinear,66,65,9,0.8852731179519021,0.9220399770572428,0.5513174274307235,0.33566232870492674,0.660339636248015,0.33966036375198505,1.0433423194639813,1.0197674001250547,1.023117937812128,0.7099631392685273,0.5758422448959457,0.2093793093696258,0.6511869197980412,3.8641967526268513,2.953607046523586,1.2298631772358727e-10
75,74,0,local_loglinear,67,66,8,0.8510025457036118,0.8859683650887246,0.5389302456301621,0.34560941461784817,0.6535877592420529,0.3464122407579471,1.042536514942407,1.0256873026984938,1.0164272407385608,0.7042481528578571,0.5682166928159407,0.21462793649850254,0.6454605894773863,3.9904414054205595,2.9991581877767914,2.132653206883901e-10
75,74,0,local_loglinear,68,67,7,0.8172997977763823,0.8504746760175439,0.5267364113349161,0.3562198152138393,0.6469741843071358,0.3530258156928642,1.0417213829845722,1.0317932300482808,1.0096222311284468,0.698359905576582,0.5605428467442701,0.21982891052870307,0.6395118609281121,4.124448889693745,3.047603485944822,3.637328356774544e-10
75,74,0,local_loglinear,69,68,6,0.7841899282712227,0.8155852380506009,0.5147448923783888,0.3675472089806692,0.6405040432151979,0.35949595678480206,1.040896357596802,1.038079839298819,1.0027132000751362,0.6922938952635521,0.5528210331925618,0.22497624939783195,0.6333336380742199,4.266871252757427,3.099170977961807,6.1553690318423e-10
75,74,0,local_loglinear,70,69,5,0.7516971171221453,0.7813255127012482,0.5029639974707176,0.3796507524820749,0.6341830581200641,0.36581694187993585,1.0400604939771845,1.0445409028398012,0.9957106429720122,0.6860454921219556,0.5450516882910978,0.23006330950649523,0.6269191524852413,4.418429498151797,3.154107756866634,1.0377646448646295e-9
75,74,0,local_loglinear,71,70,4,0.7198445103846755,0.7477199580221302,0.4914011029612457,0.39259602731803855,0.6280179890304937,0.37198201096950634,1.0392122123741874,1.0511694133770368,0.9886248583238022,0.6796097250309471,0.5372353616405383,0.23508241130776159,0.6202621625279796,4.579925167434701,3.2126805822433706,1.7462753578993727e-9
75,74,0,local_loglinear,72,71,3,0.6886540070957639,0.7147918537149953,0.4800622246107812,0.4064563839654107,0.6220173722831875,0.37798262771681246,1.0383488698150414,1.0579580875626566,0.9814650334657479,0.6729809098363124,0.5293727151821488,0.24002421414147662,0.6133572458140787,4.752256257507963,3.275175645359371,2.9351233167189682e-9
75,74,0,local_loglinear,73,72,2,0.6581459682592503,0.6825630733687347,0.4689513410026672,0.4213149411423856,0.6161927330672098,0.3838072669327902,1.0374660549788948,1.0649000812330216,0.9742379339267571,0.6661520212525267,0.5214645139241989,0.2448766786727996,0.6062002400040194,4.936440146410714,3.3418967500474017,4.928907252639039e-9
75,74,0,local_loglinear,74,73,1,0.6283388103451345,0.6510537824545776,0.45806931471468454,0.43726768875934613,0.6105605763498091,0.3894394236501909,1.0365564211092442,1.0719905344393608,0.9669454979388897,0.6591136469548899,0.5135116035789655,0.24962334713217665,0.5987889242710647,5.133648137205605,3.413160601874215,8.26980013505016e-9
75,74,0,local_loglinear,75,74,0,0.5992484244667847,0.6202820294636122,0.44741216295974623,0.45442846572016266,0.6051456491459238,0.39485435085407616,1.0356077651110196,1.0792291050902563,0.9595810196616328,0.6518522664755243,0.505514867295549,0.25424050199475406,0.5911240923241077,5.345259524214165,3.489286936248708,2.4195257468620536e-7
80,79,0,local_loglinear,1,0,79,1.891117961702422,1.9428526771862202,0.8997793665391877,0.21227216161864204,0.8920704391253633,0.10792956087463668,,,,0.9880491462976563,0.9337836851161863,0.05648762883966721,0.7484992857228352,1.0769936921911165,2.314972239768629,2.2026407712950254e-11
80,79,0,local_loglinear,2,1,78,1.9694842103461818,2.0253336123701144,0.9270390555600174,0.2078947558221351,0.909878753345489,0.09012124665451104,1.0396491854458558,1.0843741351411467,0.9587550567226788,0.9779677237590533,0.9332776870994215,0.04677388244599348,0.7526055737332547,1.0981306124113286,2.292727366039018,1.0005321777803343e-9
80,79,0,local_loglinear,3,2,77,2.0420803690515,2.101942089840419,0.9523612810797543,0.2041053208453425,0.9262210420382928,0.07377895796170719,1.0421804127906948,1.074025330016524,0.9703499383712495,0.9684625560930851,0.932346418224445,0.03800538134896995,0.7561498532732459,1.1194468319834576,2.2737838444967493,2.4488363837090035e-11
80,79,0,local_loglinear,4,3,76,2.1087135593577693,2.1724549217386127,0.9756750637289687,0.2008228895032129,0.9410621113885157,0.0589378886114843,1.0446078724078285,1.064059738106111,0.9817191977088576,0.9595216294279774,0.931016078795081,0.03015831000413262,0.7591967258074893,1.1408906094063627,2.2576859114648173,9.332569921762675e-10
80,79,0,local_loglinear,5,4,75,2.169289646583418,2.2367512693390985,0.9969426481666126,0.19798013954412938,0.954391704316045,0.04560829568395497,1.0469218143856014,1.0544692244466733,0.9928424558193888,0.951125633099479,0.9293125748981537,0.02320101407605303,0.761802842497355,1.1624243150352525,2.2440519426154655,2.1488815761246136e-11
80,79,0,local_loglinear,6,5,74,2.2237996507207867,2.2947994555585627,1.0161551044413641,0.19552089922392754,0.966220683117298,0.03377931688270197,1.0491133688006828,1.0452515893339807,1.0036945932501886,0.9432501057655946,0.9272611384123424,0.01709624236804117,0.7640177511500399,1.1840225588479112,2.232561439581732,1.0499541375261947e-9
80,79,0,local_loglinear,7,6,73,2.2723061706024903,2.346643560554805,1.0333278880123413,0.19339814244322784,0.9765773165706799,0.02342268342932008,1.0511749734741052,1.0364086352474653,1.0142476024653289,0.9358671680672994,0.9248860508679368,0.011803010275518763,0.7658847122434852,1.205670439247397,2.2229444275328025,8.295536416040022e-10
80,79,0,local_loglinear,8,7,72,2.314930393241448,2.3923904068542745,1.0484965609005612,0.19157237244705613,0.9855037944068016,0.014496205593198419,1.0531006657779933,1.027944463606296,1.0244723358725458,0.9289468964811154,0.9222104525846169,0.0072781210481598635,0.7674414569711421,1.2273619389665278,2.2149728191586755,1.863807593833481e-11
80,79,0,local_loglinear,9,8,71,2.3518400742093437,2.4321973592465223,1.0617128159038027,0.1900103127951681,0.9930530403216196,0.006946959678380438,1.0548862535648595,1.019864043920539,1.0343400768495463,0.9224583974057079,0.9192562205269574,0.0034773901171895605,0.768720872939916,1.249098470948718,2.208453383792652,1.2345950341539594e-9
80,79,0,local_loglinear,10,9,70,2.3832387273019777,2.466261223102666,1.0730408755742504,0.18868384874726674,0.9992859012241662,0.000714098775833838,1.0565293484466423,1.0121720758300587,1.0438238454466422,0.9163706176820291,0.9160439007044676,0.00035659724123045244,0.7697516194347822,1.2708876137042526,2.2032219897393515,2.5582935261915782e-11
80,79,0,local_loglinear,11,10,69,2.409356121887362,2.4948083748994767,1.0825543142297043,0.18756916535686882,1.0042687040663885,0.004268704066388462,1.0580293249360375,1.0048721390123008,1.0528994524377853,0.9106529497302457,0.9125926825113164,0.0021277807867533527,0.7705586694499882,1.292742006981457,2.1991388964211787,4.956070313250986e-10
80,79,0,local_loglinear,12,11,68,2.430440108068738,2.518086178466234,1.0903333142142733,0.18664604318516514,1.0080711763767891,0.008071176376789113,1.059387204845344,0.99796612866385,1.061546253342014,0.9052756712230497,0.9089204049557018,0.004018020636290018,0.771163783153123,1.3146783992728734,2.1960848968351385,1.0059931440794789e-9
80,79,0,local_loglinear,13,12,67,2.4467497264634264,2.5363556730429675,1.096462338485446,0.18589728330437613,1.0107647268339477,0.010764726833947691,1.0606054776582279,0.9914539248160469,1.0697476212573482,0.9002102466985978,0.9050435865558788,0.005354760995147367,0.7715859214454203,1.336716853166069,2.1939581368583836,8.72379825271953e-10
80,79,0,local_loglinear,14,13,66,2.458549509613458,2.5498854611980546,1.1010281898650218,0.18530823725467585,1.0124210573995949,0.01242105739959487,1.0616878873942848,0.9853332721780544,1.077491156923434,0.8954295198692697,0.9009774720072554,0.0061767403510542,0.7718416063951508,1.3588800974559028,2.192671481541278,1.6395860924404256e-11
80,79,0,local_loglinear,15,14,65,2.4661048556978757,2.5589466883101513,1.1041184329963356,0.18486641729093445,1.013111042970318,0.013111042970318065,1.0626392262144535,0.9795998158343394,1.084768707627194,0.8909078335528617,0.8967360901068457,0.006520624300598757,0.7719452299320827,1.3811929770485263,2.192150350476424,1.183199693594744e-9
80,79,0,local_loglinear,16,15,64,2.4696783614071234,2.563809016467098,1.1058201236489293,0.1845611786557792,1.0129038872932714,0.01290388729327141,1.0634650920737314,0.9742472658703335,1.0915761627759828,0.8866210768805095,0.8923323191083177,0.006420923519098509,0.7719093242815349,1.4036820385047777,2.1923309018317325,2.0514503450630517e-11
80,79,0,local_loglinear,17,16,63,2.4695269749943525,2.5647374550439688,1.1062188135965607,0.18438345619967283,1.0118664862839593,0.011866486283959254,1.06417168138179,0.9692676240302552,1.0979131614413362,0.8825466897097582,0.8877779558401941,0.00590996840034913,0.7717447944835663,1.426375201120985,2.1931585243230147,1.6111175027634268e-10
80,79,0,local_loglinear,18,17,62,2.4658998514968253,2.5619899327935802,1.1053977924782656,0.18432554556670985,1.0100629676444914,0.010062967644491438,1.0647655953969026,0.9646514852495004,1.10378267351292,0.8786636353438195,0.883083786281619,0.005017927267369507,0.7714611182669822,1.4493015030501883,2.194586581546667,1.1193532231691557e-9
80,79,0,local_loglinear,19,18,61,2.459036800080016,2.555815503328852,1.103437524715444,0.18438092315894866,1.0075543895124008,0.007554389512400839,1.065253659199526,0.9603883278353392,1.109190551701672,0.8749523452913263,0.8782596558606386,0.003772863168055751,0.7710665199082843,1.47249092834934,2.1965753536792847,8.523771050473501e-10
80,79,0,local_loglinear,20,19,60,2.449167217118798,2.546453074871285,1.1004152489350951,0.18454409732915325,1.004398562869651,0.004398562869651013,1.0656427703052092,0.956466821286295,1.114145045692322,0.8713946467779028,0.8733145380005938,0.002200816060775629,0.7705681208998759,1.4959742972214636,2.1990911461354767,1.3244476571817865e-11
80,79,0,local_loglinear,21,20,59,2.436509413130996,2.5341305672228462,1.0964047180545828,0.18481048250805288,1.0006499561692268,0.0006499561692268063,1.065939785113288,0.9528751201727564,1.1186563302440227,0.867973686264054,0.8682565999607346,0.00032589421049630807,0.7699720677002898,1.5197831875741952,2.20210555175888,1.102947153918267e-9
80,79,0,local_loglinear,22,21,58,2.4212702632046645,2.5190644260328523,1.0914760449931864,0.18517629639871067,0.9963596887123802,0.0036403112876197685,1.0661514101325358,0.9496010816790252,1.122736094874106,0.8646738416983165,0.8630932656100707,0.0018296175711123575,0.7692836438977685,1.5439499149356526,2.2055948205939138,1.2379292516662235e-9
80,79,0,local_loglinear,23,22,57,2.403645107994037,2.5014594158722696,1.0856956347198847,0.18563847486706414,0.9915755821548726,0.008424417845127374,1.066284122754951,0.9466325610635765,1.126397048456628,0.8614806322785294,0.8578312745486738,0.0042451438809453235,0.7685073672630712,1.5685075492078666,2.209539328043567,1.1961863115904533e-9
80,79,0,local_loglinear,24,23,56,2.383817848735306,2.481508631172462,1.0791261866428967,0.18619460083887085,0.9863422507063246,0.013657749293675359,1.0663441187123934,0.9439575561977525,1.1296526117208197,0.8583806302145217,0.8524767373858462,0.006901704812726395,0.7676470727598139,1.5934899560494724,2.21392313102421,1.213025519041815e-9
80,79,0,local_loglinear,25,24,55,2.3619611913264427,2.459393675716482,1.0718267548861498,0.18684284340048904,0.9807012110867533,0.019298788913246656,1.0663372800346358,0.9415643771293252,1.1325165925305316,0.8553613793435003,0.8470351871951127,0.00978180842473908,0.7667059824128979,1.6189318467128933,2.2187336039827863,1.6033868561378345e-11
80,79,0,local_loglinear,26,25,54,2.3382370072040386,2.435284980439305,1.063852838949546,0.18758191218979195,0.9746910421428219,0.025308957857178127,1.0662691280372971,0.9394417764419962,1.1350028865819037,0.8524113047155429,0.8415116273757062,0.012869331380261834,0.7656867698185623,1.6448688901680462,2.2239611123922987,6.840401247883346e-11
80,79,0,local_loglinear,27,26,53,2.312796765366283,2.4093422028181397,1.0552565137879517,0.1884110155829879,0.9683475275549127,0.03165247244508729,1.0661448331698826,0.9375790486797649,1.1371252745794131,0.8495196391329606,0.8359105755717449,0.01614941896228267,0.7645916112202795,1.6713378013299254,2.2295987629460763,1.66027874680785e-11
80,79,0,local_loglinear,28,27,52,2.285782024898125,2.3817147012406217,1.0460865763508074,0.18932982931969639,0.9617038236355377,0.03829617636446225,1.0659691977395427,0.9359660913072562,1.1388972395898576,0.8466763466563793,0.8302361043038122,0.01960838098247919,0.7634222317929793,1.6983764707164961,2.2356421850313923,1.1118358683717756e-9
80,79,0,local_loglinear,29,28,51,2.2573249597813487,2.352542050941286,1.0363887059328445,0.19033847129601456,0.954790626806932,0.04520937319306795,1.0657466611894657,0.934593474712712,1.1403318020351783,0.8438720520575966,0.8244918782193251,0.023233594617333014,0.7621799452671945,1.7260241058573882,2.242089351991998,9.447102595739253e-10
80,79,0,local_loglinear,30,29,50,2.22754890093121,2.321954583635071,1.0262056378556135,0.1914374803480132,0.9476363309916821,0.052363669008317903,1.0654813172181434,0.933452450907921,1.1414414480157022,0.8410979791196108,0.8186811882193523,0.027013417807302542,0.7608656859529165,1.7543213719472348,2.2489404465916776,1.0427087688693086e-11
80,79,0,local_loglinear,31,30,49,2.1965688882342955,2.2900739459366197,1.0155773331691855,0.1926278037954294,0.940267201835423,0.059732798164576995,1.0651769103058701,0.9325349936923804,1.1422380044831273,0.8383458848152356,0.8128069828277935,0.030937097835438354,0.7594800395621557,1.783310579053066,2.2561977371720836,5.132778899995668e-11
80,79,0,local_loglinear,32,31,48,2.164492213102175,2.25701364972465,1.0045411575806462,0.19391078531436315,0.9327075218877036,0.06729247811229644,1.0648368709830611,0.9318337779220222,1.1427326377432188,0.8356080083429492,0.806871896696487,0.03499469806335345,0.7580232655599904,1.8130358453982598,2.2638655021869862,9.143180066327688e-12
80,79,0,local_loglinear,33,32,47,2.1314189555567515,2.222879622858304,0.9931320532691591,0.19528815997244894,0.9249797465801709,0.0750202534198291,1.0644643195232435,0.9313421999887411,1.1429357754175766,0.8328770170010288,0.8008782768377984,0.03917702109005036,0.7564953185926643,1.8435433026859562,2.2719499639661747,6.70105293592085e-11
80,79,0,local_loglinear,34,33,46,2.0974425028345625,2.1877707428985347,0.9813827085415731,0.19676205174494618,0.9171046450550746,0.08289535494492539,1.064062090772893,0.9310543407035139,1.142857129014486,0.8301459595020223,0.7948282065154864,0.04347554128206316,0.7548958655434639,1.87488130416038,2.280459249868516,8.85104309793843e-10
80,79,0,local_loglinear,35,34,45,2.0626500489883948,2.1517793536545007,0.9693237228737827,0.19833497471264813,0.9091014340159015,0.09089856598409851,1.0636327528189786,0.9309649558312656,1.142505683115916,0.8274082227737231,0.7887235271126198,0.0478823418635915,0.7532242995200875,1.9071006497660452,2.289403374450819,8.095843562640709e-12
80,79,0,local_loglinear,36,35,44,2.027123072954114,2.114991762041583,0.9569837626061035,0.20000983887466176,0.9009879093348032,0.09901209066519678,1.0631786207028997,0.9310694652707773,1.1418896874613989,0.824657489700639,0.7825658581484574,0.05239005349028858,0.7514797525858773,1.9402548398160173,2.298794233442048,8.652156647783676e-10
80,79,0,local_loglinear,37,36,43,1.9909377905407823,2.0774887079074227,0.9443897142726934,0.2017899568457237,0.8927805574127666,0.10721944258723337,1.0627017853092817,0.9313638996789863,1.1410167236195903,0.8218877056217063,0.7763566155264146,0.056991803847818046,0.7496611039761847,1.9744003248982593,2.308645627567635,9.305378878497439e-10
80,79,0,local_loglinear,38,37,42,1.9541655850516602,2.039345814754736,0.9315668246495459,0.20367905713808176,0.8844946752333557,0.11550532476664432,1.0622041172160088,0.9318449030372367,1.139893681613627,0.8190930404372723,0.7700970283673354,0.06168116211261088,0.7477669892320503,2.009596808133409,2.3189732877950853,8.314974559783091e-10
80,79,0,local_loglinear,39,38,41,1.9168734089117976,2.0006340088472916,0.9185388398769138,0.20568129653872944,0.876144462323539,0.12385553767646096,1.0616873006935545,0.932509676445744,1.1385268458984472,0.8162678627324725,0.7637881543190479,0.06645209845685005,0.7457958040884907,2.045907530626016,2.3297949360749577,6.4674538754195955e-12
80,79,0,local_loglinear,40,39,40,1.8791241651651944,1.961419920574799,0.9053281292246198,0.20780128034699866,0.8677431276718052,0.13225687232819483,1.0611528308921188,0.9333559572810092,1.1369219027469424,0.8134067064355247,0.7574308938020293,0.07129893446314192,0.743745710770086,2.0833996263660017,2.3411303409977413,1.0299239025419797e-9
80,79,0,local_loglinear,41,40,39,1.840977059875458,1.921766253765691,0.8919558074550236,0.21004408197149477,0.8593029699380492,0.14069703006195078,1.0606020454904357,0.934382003871783,1.1350839818143295,0.8105042487882252,0.7510260029738554,0.07621630771306362,0.7416146394304142,2.1221444656689,2.353001408976296,1.0397843592844365e-9
80,79,0,local_loglinear,42,41,38,1.8024879342348108,1.8817321359949502,0.8784418441650649,0.21241526946980574,0.8508354672590241,0.14916453274097585,1.0600361249129213,0.9355865374913941,1.1330177192964066,0.8075552831656629,0.7445741058395972,0.08119912997805565,0.7394002913057516,2.1622180633989934,2.3654322761401754,9.149208916403024e-10
80,79,0,local_loglinear,43,42,37,1.7637095704581438,1.8413734396903627,0.864805172272785,0.21492093145121036,0.8423513415383964,0.15764865846160359,1.0594561219228373,0.9369687238202634,1.1307273071006694,0.8045547028970006,0.7380757053692288,0.08624255912330922,0.7371001373862313,2.20370147900999,2.378449436635728,6.004887262247612e-12
80,79,0,local_loglinear,44,43,36,1.724691980179413,1.800743087767193,0.8510637807162308,0.21756771231617839,0.8338606412837656,0.16613935871623442,1.0588629522523845,0.9385281563386909,1.1282165005929432,0.8014974757643568,0.731531194025278,0.0913419591872568,0.7347114207884862,2.2466813090039506,2.3920818630606915,1.258454034051788e-9
80,79,0,local_loglinear,45,44,35,1.6854826665690972,1.7598913292957883,0.8372348083883527,0.2203628461774115,0.8253727946396873,0.17462720536031273,1.0582574272988912,0.940264797805384,1.1254887237817546,0.7983786316324302,0.7249408634217545,0.09649287681793745,0.7322311537946494,2.2912501663938487,2.4063611714344564,1.167951084528524e-9
80,79,0,local_loglinear,46,45,34,1.6461268706187326,1.7188660008077818,0.8233346245657079,0.2233141998482586,0.8168966776909781,0.18310332230902193,1.0576402462437846,0.9421789602576903,1.1225470859108497,0.7951932423679623,0.7183049135798167,0.1016910076529274,0.7296561181551973,2.337507254143111,2.421321784022598,1.0165620494620014e-9
80,79,0,local_loglinear,47,46,33,1.606667794668852,1.6777127616565986,0.8093789100511121,0.2264303155106455,0.808440657039247,0.19155934296075305,1.057012024374657,0.9442712922879428,1.1193944293419602,0.7919364133643872,0.7116234615531383,0.10693217704493838,0.7269828609832595,2.3855589386381295,2.437001135932836,8.797355965761268e-10
80,79,0,local_loglinear,48,47,32,1.5671468119799588,1.6364753170753843,0.7953827242904333,0.22972046398428536,0.8000126506211772,0.1999873493788228,1.05637328116954,0.946542711888246,1.1160334001856023,0.7886032660229959,0.7048965498241895,0.11221230877353311,0.7242076948133986,2.4355194368290083,2.4534398783587843,4.69083532336973e-12
80,79,0,local_loglinear,49,48,31,1.5276036548483272,1.5951956169220431,0.7813605725514371,0.2331946993147832,0.7916201665878211,0.20837983341217892,1.0557244647932882,0.948994389487163,1.1124664976826704,0.7851889302672205,0.6981241542011782,0.11752740603081782,0.7213266939088567,2.48751152234875,2.470682126911059,1.356153958772421e-9
80,79,0,local_loglinear,50,49,30,1.4880765885208107,1.553914040322462,0.7673264647258585,0.2368639211994267,0.7832703462269001,0.21672965377309994,1.0550659520962975,0.9516277318816653,1.108696096960208,0.7816885349994994,0.6913061915576939,0.12287352905737683,0.7183356923166865,2.5416673213013232,2.488775726055969,1.0940894477718473e-9
80,79,0,local_loglinear,51,50,29,1.448602568644533,1.512669562322704,0.753293971902415,0.2407399420350377,0.7749699964606481,0.22503000353935187,1.054398062557115,0.95444430332655,1.1047245594972839,0.7780972035531364,0.6844425273633492,0.12824677841641174,0.7152302804008183,2.5981291658129213,2.5077725523221295,4.966745804022146e-12
80,79,0,local_loglinear,52,51,28,1.4092173855791221,1.4714999082153395,0.7392762711088358,0.24483556539110088,0.7667256341271853,0.2332743658728147,1.0537210494403628,0.9574458332543554,1.10055421710779,0.7744100434024108,0.6775329831727814,0.1336432699292016,0.7120058053947607,2.6570505787859124,2.5277288263068325,5.3290597843080006e-11
80,79,0,local_loglinear,53,52,27,1.3699557907251392,1.4304416870264036,0.7252861927117514,0.24916466686931385,0.7585435071593706,0.24145649284062942,1.0530351256172927,0.9606341366287536,1.0961874926835422,0.7706221472943745,0.670577343905999,0.13905912345318078,0.7086573679505085,2.71859729631903,2.5487054863001846,5.821226388488178e-10
80,79,0,local_loglinear,54,53,26,1.3308516121695528,1.3895305149624568,0.7113362585294682,0.25374228671578236,0.750429625225084,0.24957037477491595,1.052340456908404,0.964011083120292,1.0916269276720443,0.7667285901806006,0.6635753652769516,0.14449044501067176,0.7051798223785293,2.7829484316780677,2.570768581408628,6.353779151030057e-12
80,79,0,local_loglinear,55,54,25,1.291937855905495,1.3488011235367152,0.697438715972788,0.25858473181648095,0.7423897866508484,0.2576102133491516,1.0516371687600894,0.9675785730993005,1.0868752140630156,0.7627244283592797,0.656526781239622,0.14993331057054943,0.7015677773356009,2.850297756798872,2.5939897087404247,1.1351111919360428e-9
80,79,0,local_loglinear,56,55,24,1.253246793529501,1.308287452920318,0.6836055687640935,0.2637096856037349,0.7344295953456746,0.26557040465432535,1.05092535744986,0.9713384374611155,1.0819353141184949,0.758604704227371,0.6494313115171242,0.15538375585334596,0.6978155970595884,2.920855090263672,2.618446500030115,4.133288577266175e-12
80,79,0,local_loglinear,57,56,23,1.214810038603884,1.2680227342523585,0.6698486009170828,0.26913633283755467,0.7265544864091058,0.2734455135908942,1.0502050849407407,0.9752924367626385,1.0768104471585624,0.7543644474443904,0.6422886693708585,0.16083775988282417,0.69391740572763,2.9948478699631833,2.6442231474011244,1.2236925117870556e-9
80,79,0,local_loglinear,58,57,22,1.1766586089645013,1.228039556099157,0.6561793995458189,0.2748854923506855,0.7187697356752881,0.2812302643247119,1.0494763960877151,0.9794421531991737,1.0715042155984271,0.7499986850556783,0.6350985694900735,0.16629123888015768,0.689867091557778,3.0725228406501053,2.671410997170809,3.965800261539473e-12
80,79,0,local_loglinear,59,58,21,1.138822978840663,1.188369921335705,0.6426093696089421,0.28097976800789165,0.711080480881568,0.28891951911843206,1.0487393095488442,0.9837889409844771,1.0660206329412194,0.745502446818381,0.6278607362427906,0.17174003201544047,0.6856583157036366,3.1541479732280937,2.7001091863793345,1.240750801140763e-9
80,79,0,local_loglinear,60,59,20,1.1013331172184726,1.1490452885478142,0.629149747844275,0.2874437101482795,0.7034917273832173,0.2965082726167827,1.047993834865849,0.9883338828952205,1.0603641674166437,0.7408707795189818,0.6205749121224546,0.17717989747521695,0.681284521393281,3.2400145370175246,2.730425360630935,3.6101437738689104e-12
80,79,0,local_loglinear,61,60,19,1.0642185160446584,1.1100966037590316,0.6158116089872353,0.29430399790001843,0.6960083642470397,0.3039916357529603,1.0472399639153716,0.9930776526110068,1.0545398551281069,0.7360987573320947,0.6132408666138052,0.18260650127153333,0.6767389485008369,3.3304394466285228,2.762476447813958,1.2548561651014576e-9
80,79,0,local_loglinear,62,61,18,1.0275082052234972,1.0715543173934718,0.6026058709346619,0.30158963514108483,0.688635166039612,0.31136483396038805,1.0464776869283061,0.9980204972171168,1.0485533011058465,0.7311815009116898,0.6058584053249267,0.18801541600296462,0.6720146493574101,3.425767811721068,2.7963895266122543,3.2691995398431413e-12
80,79,0,local_loglinear,63,62,17,0.991230757532394,1.0334483916287884,0.5895432921946451,0.30933217113756845,0.6813768051685157,0.31862319483148427,1.0457069832026513,1.0031620762710705,1.0424108007449082,0.726114192601362,0.5984273795804087,0.19340211228056786,0.667104510945714,3.5263758219718575,2.8323027653825172,1.2633459660318775e-9
80,79,0,local_loglinear,64,63,16,0.9554142806378539,0.9958082933988744,0.5766344680937838,0.31756593856504695,0.6742378505537983,0.32576214944620174,1.0449278364109693,1.0085014329070068,1.036119337380576,0.7208921002908271,0.5909476963114555,0.1987619600591597,0.6620012793270901,3.6326738971884676,2.8703664729581044,2.943680638972096e-12
80,79,0,local_loglinear,65,64,15,0.9200863991064153,0.9586629778875626,0.5638898190247092,0.3263283211026519,0.6672227775328469,0.33277722246715313,1.044140223863524,1.0140368158544546,1.0296867012502928,0.7155105971251056,0.5834193284133062,0.20409022216235423,0.6566975916085893,3.7451102525287947,2.910744236477107,1.2667959643379626e-9
80,79,0,local_loglinear,66,65,14,0.8852742238072349,0.9220408581167054,0.5513195769178504,0.3356600435173058,0.6603359655286346,0.3396640344713654,1.043344129985386,1.0197656404582083,1.02312147869248,0.7099651892338598,0.5758423253846583,0.20938205701485813,0.651186011369719,3.8641748147018586,2.95361419027194,2.636152377058953e-12
80,79,0,local_loglinear,67,66,13,0.8510043113499914,0.8859697651572225,0.5389337629741666,0.34560549813566493,0.6535817087549162,0.34641829124508383,1.0425395324636173,1.0256842946977467,1.0164331635504251,0.7042515383180369,0.5682168243810215,0.21463251214445672,0.6454590730899586,3.9904036642288956,2.999170389359841,6.639037374747645e-11
80,79,0,local_loglinear,68,67,12,0.8173026111378154,0.8504768949969376,0.5267421617886572,0.35621310230148395,0.6469642191833436,0.35303578081665643,1.0417264097539654,1.0317880949915044,1.0096321277699398,0.6983654898182048,0.5605430614589872,0.21983652367210355,0.6395093320024755,4.124383963124649,3.047624329970531,1.3166118637132046e-10
80,79,0,local_loglinear,69,68,11,0.784194402113091,0.8155887456534469,0.514754285871603,0.36753570105975986,0.6404876429950536,0.35951235700494644,1.0409047245668284,1.0380710830544344,1.0027297181846702,0.6923030954543218,0.5528213830642306,0.2249889058548712,0.633329424196442,4.266759554148783,3.099206595147765,1.784575151934495e-10
80,79,0,local_loglinear,70,69,10,0.7517042175647981,0.781331042513746,0.5029793302047587,0.37963101995437615,0.6341560862625123,0.3658439137374877,1.0400744096140067,1.044525987992194,0.9957381832243885,0.686060632058665,0.5450522575245034,0.2300843333127381,0.6269121369629551,4.418237312178601,3.154168638557596,2.550583121547752e-10
80,79,0,local_loglinear,71,70,9,0.7198557578889612,0.7477286524236941,0.4914261124789177,0.3925621820853311,0.6279736602301788,0.37202633976982125,1.0392353386529072,1.0511440347508945,0.9886707285545225,0.6796346109456195,0.5372362863677937,0.2351173073181732,0.6202504923737625,4.5795944365988035,3.212784692638256,3.167095911837195e-10
80,79,0,local_loglinear,72,71,8,0.6886717902480308,0.7148054863604488,0.48010299178373694,0.40639831171250285,0.6219445619573924,0.37805543804260755,1.0383872747576328,1.057914947697983,0.9815413583267328,0.6730217690682585,0.5293742151579142,0.2400820926112497,0.6133378486040603,4.751686964591941,3.275353766101778,4.164850014650121e-10
80,79,0,local_loglinear,73,72,7,0.6581740328644281,0.6825843895282879,0.469017755057289,0.4212152576301088,0.6160732107076395,0.38392678929236046,1.0375297864353776,1.064826822190932,0.974364812017611,0.6662190306870736,0.5214669433614825,0.24497260655647257,0.6061680253024404,4.935459903690134,3.342201665190213,5.801058985943233e-10
80,79,0,local_loglinear,74,73,6,0.628383020518406,0.6510870175984316,0.458177452469618,0.4370964948401862,0.6103644793015202,0.38963552069847984,1.0366621048639344,1.0718662489939967,0.9671562154670853,0.6592234183191007,0.5135155325537881,0.24978222601506955,0.5987354643252545,5.131959655017823,3.413682900713714,8.505487463739499e-10
80,79,0,local_loglinear,75,74,5,0.5993179450565195,0.6203336960835373,0.4475881521276787,0.4541343006855266,0.6048240797033985,0.39517592029660153,1.0357828891610192,1.079018458276722,0.9599306492080281,0.6520318812942386,0.5055212118790064,0.2545034586675133,0.5910354434161581,5.3423497943260365,3.4901822342247897,1.2995378099135028e-9
80,79,0,local_loglinear,76,75,4,0.5709964610707831,0.590343258331566,0.4372545652710115,0.47243137059886536,0.5994592015794927,0.40054079842050727,1.0348898382517204,1.0862676953138624,0.9527023980518016,0.6446409899846438,0.4974853791293433,0.2591273896768606,0.5830643722298987,5.567932001330174,3.572115413112274,2.0465911159404425e-9
80,79,0,local_loglinear,77,76,3,0.5434344408678332,0.5611328550007245,0.4271794619360021,0.4921031581519106,0.5942795657768409,0.40572043422315907,1.0339790493133787,1.0935981089452278,0.9454835746841667,0.6370464118668343,0.4894095949241696,0.2636427566905212,0.574820219457488,5.810175172593175,3.659928288899789,3.2906004726568272e-9
80,79,0,local_loglinear,78,77,2,0.516645653354968,0.5327177236971811,0.41736274829753617,0.5132814287295324,0.5892991535576461,0.41070084644235394,1.0330439643267573,1.1009950994765472,0.938282073024579,0.6292420367729273,0.48129556608190593,0.26803441493931035,0.566303150247336,6.070757872811655,3.7540929070507167,5.361990111314973e-9
80,79,0,local_loglinear,79,78,1,0.49064132724064896,0.5051109024374875,0.407799994810248,0.5361198775385995,0.5845390406125169,0.41546095938748306,1.0320736369054195,1.108447949042663,0.9310979715346976,0.6212185373636598,0.47314511215095756,0.27228079958772805,0.5575165055588104,6.351633020941718,3.855098073289089,8.808741783654054e-9
80,79,0,local_loglinear,80,79,0,0.4654295365466792,0.4783228628044456,0.3984800739598758,0.5608032880011381,0.580032032062719,0.419967967937281,1.0310498923704687,1.1159541191520361,0.9239178158631806,0.6129610258074402,0.4649601057169874,0.27634974673192925,0.5484683391910705,6.655130165136313,3.9634300310096706,2.486705115946137e-7
85,84,0,local_loglinear,1,0,84,1.891117961702422,1.9428526771862202,0.8997793665391877,0.21227216161864204,0.8920704391253633,0.10792956087463668,,,,0.9880491462976563,0.9337836851161863,0.05648762883966721,0.7484992857228352,1.0769936921911165,2.314972239768629,2.2026407712950254e-11
85,84,0,local_loglinear,2,1,83,1.9694842103461818,2.0253336123701144,0.9270390555600174,0.2078947558221351,0.909878753345489,0.09012124665451104,1.0396491854458558,1.0843741351411467,0.9587550567226788,0.9779677237590533,0.9332776870994215,0.04677388244599348,0.7526055737332547,1.0981306124113286,2.292727366039018,1.0005321777803343e-9
85,84,0,local_loglinear,3,2,82,2.0420803690515,2.101942089840419,0.9523612810797543,0.2041053208453425,0.9262210420382928,0.07377895796170719,1.0421804127906948,1.074025330016524,0.9703499383712495,0.9684625560930851,0.932346418224445,0.03800538134896995,0.7561498532732459,1.1194468319834576,2.2737838444967493,2.4488363837090035e-11
85,84,0,local_loglinear,4,3,81,2.1087135593577693,2.1724549217386127,0.9756750637289687,0.2008228895032129,0.9410621113885157,0.0589378886114843,1.0446078724078285,1.064059738106111,0.9817191977088576,0.9595216294279774,0.931016078795081,0.03015831000413262,0.7591967258074893,1.1408906094063627,2.2576859114648173,9.332569921762675e-10
85,84,0,local_loglinear,5,4,80,2.169289646583418,2.2367512693390985,0.9969426481666126,0.19798013954412938,0.954391704316045,0.04560829568395497,1.0469218143856014,1.0544692244466733,0.9928424558193888,0.951125633099479,0.9293125748981537,0.02320101407605303,0.761802842497355,1.1624243150352525,2.2440519426154655,2.1488815761246136e-11
85,84,0,local_loglinear,6,5,79,2.2237996507207867,2.2947994555585627,1.0161551044413641,0.19552089922392754,0.966220683117298,0.03377931688270197,1.0491133688006828,1.0452515893339807,1.0036945932501886,0.9432501057655946,0.9272611384123424,0.01709624236804117,0.7640177511500399,1.1840225588479112,2.232561439581732,1.0499541375261947e-9
85,84,0,local_loglinear,7,6,78,2.2723061706024903,2.346643560554805,1.0333278880123413,0.19339814244322784,0.9765773165706799,0.02342268342932008,1.0511749734741052,1.0364086352474653,1.0142476024653289,0.9358671680672994,0.9248860508679368,0.011803010275518763,0.7658847122434852,1.205670439247397,2.2229444275328025,8.295536416040022e-10
85,84,0,local_loglinear,8,7,77,2.314930393241448,2.3923904068542745,1.0484965609005612,0.19157237244705613,0.9855037944068016,0.014496205593198419,1.0531006657779933,1.027944463606296,1.0244723358725458,0.9289468964811154,0.9222104525846169,0.0072781210481598635,0.7674414569711421,1.2273619389665278,2.2149728191586755,1.863807593833481e-11
85,84,0,local_loglinear,9,8,76,2.3518400742093437,2.4321973592465223,1.0617128159038027,0.1900103127951681,0.9930530403216196,0.006946959678380438,1.0548862535648595,1.019864043920539,1.0343400768495463,0.9224583974057079,0.9192562205269574,0.0034773901171895605,0.768720872939916,1.249098470948718,2.208453383792652,1.2345950341539594e-9
85,84,0,local_loglinear,10,9,75,2.3832387273019777,2.466261223102666,1.0730408755742504,0.18868384874726674,0.9992859012241662,0.000714098775833838,1.0565293484466423,1.0121720758300587,1.0438238454466422,0.9163706176820291,0.9160439007044676,0.00035659724123045244,0.7697516194347822,1.2708876137042526,2.2032219897393515,2.5582935261915782e-11
85,84,0,local_loglinear,11,10,74,2.409356121887362,2.4948083748994767,1.0825543142297043,0.18756916535686882,1.0042687040663885,0.004268704066388462,1.0580293249360375,1.0048721390123008,1.0528994524377853,0.9106529497302457,0.9125926825113164,0.0021277807867533527,0.7705586694499882,1.292742006981457,2.1991388964211787,4.956070313250986e-10
85,84,0,local_loglinear,12,11,73,2.430440108068738,2.518086178466234,1.0903333142142733,0.18664604318516514,1.0080711763767891,0.008071176376789113,1.059387204845344,0.99796612866385,1.061546253342014,0.9052756712230497,0.9089204049557018,0.004018020636290018,0.771163783153123,1.3146783992728734,2.1960848968351385,1.0059931440794789e-9
85,84,0,local_loglinear,13,12,72,2.4467497264634264,2.5363556730429675,1.096462338485446,0.18589728330437613,1.0107647268339477,0.010764726833947691,1.0606054776582279,0.9914539248160469,1.0697476212573482,0.9002102466985978,0.9050435865558788,0.005354760995147367,0.7715859214454203,1.336716853166069,2.1939581368583836,8.72379825271953e-10
85,84,0,local_loglinear,14,13,71,2.458549509613458,2.5498854611980546,1.1010281898650218,0.18530823725467585,1.0124210573995949,0.01242105739959487,1.0616878873942848,0.9853332721780544,1.077491156923434,0.8954295198692697,0.9009774720072554,0.0061767403510542,0.7718416063951508,1.3588800974559028,2.192671481541278,1.6395860924404256e-11
85,84,0,local_loglinear,15,14,70,2.4661048556978757,2.5589466883101513,1.1041184329963356,0.18486641729093445,1.013111042970318,0.013111042970318065,1.0626392262144535,0.9795998158343394,1.084768707627194,0.8909078335528617,0.8967360901068457,0.006520624300598757,0.7719452299320827,1.3811929770485263,2.192150350476424,1.183199693594744e-9
85,84,0,local_loglinear,16,15,69,2.4696783614071234,2.563809016467098,1.1058201236489293,0.1845611786557792,1.0129038872932714,0.01290388729327141,1.0634650920737314,0.9742472658703335,1.0915761627759828,0.8866210768805095,0.8923323191083177,0.006420923519098509,0.7719093242815349,1.4036820385047777,2.1923309018317325,2.0514503450630517e-11
85,84,0,local_loglinear,17,16,68,2.4695269749943525,2.5647374550439688,1.1062188135965607,0.18438345619967283,1.0118664862839593,0.011866486283959254,1.06417168138179,0.9692676240302552,1.0979131614413362,0.8825466897097582,0.8877779558401941,0.00590996840034913,0.7717447944835663,1.426375201120985,2.1931585243230147,1.6111175027634268e-10
85,84,0,local_loglinear,18,17,67,2.4658998514968253,2.5619899327935802,1.1053977924782656,0.18432554556670985,1.0100629676444914,0.010062967644491438,1.0647655953969026,0.9646514852495004,1.10378267351292,0.8786636353438195,0.883083786281619,0.005017927267369507,0.7714611182669822,1.4493015030501883,2.194586581546667,1.1193532231691557e-9
85,84,0,local_loglinear,19,18,66,2.459036800080016,2.555815503328852,1.103437524715444,0.18438092315894866,1.0075543895124008,0.007554389512400839,1.065253659199526,0.9603883278353392,1.109190551701672,0.8749523452913263,0.8782596558606386,0.003772863168055751,0.7710665199082843,1.47249092834934,2.1965753536792847,8.523771050473501e-10
85,84,0,local_loglinear,20,19,65,2.449167217118798,2.546453074871285,1.1004152489350951,0.18454409732915325,1.004398562869651,0.004398562869651013,1.0656427703052092,0.956466821286295,1.114145045692322,0.8713946467779028,0.8733145380005938,0.002200816060775629,0.7705681208998759,1.4959742972214636,2.1990911461354767,1.3244476571817865e-11
85,84,0,local_loglinear,21,20,64,2.436509413130996,2.5341305672228462,1.0964047180545828,0.18481048250805288,1.0006499561692268,0.0006499561692268063,1.065939785113288,0.9528751201727564,1.1186563302440227,0.867973686264054,0.8682565999607346,0.00032589421049630807,0.7699720677002898,1.5197831875741952,2.20210555175888,1.102947153918267e-9
85,84,0,local_loglinear,22,21,63,2.4212702632046645,2.5190644260328523,1.0914760449931864,0.18517629639871067,0.9963596887123802,0.0036403112876197685,1.0661514101325358,0.9496010816790252,1.122736094874106,0.8646738416983165,0.8630932656100707,0.0018296175711123575,0.7692836438977685,1.5439499149356526,2.2055948205939138,1.2379292516662235e-9
85,84,0,local_loglinear,23,22,62,2.403645107994037,2.5014594158722696,1.0856956347198847,0.18563847486706414,0.9915755821548726,0.008424417845127374,1.066284122754951,0.9466325610635765,1.126397048456628,0.8614806322785294,0.8578312745486738,0.0042451438809453235,0.7685073672630712,1.5685075492078666,2.209539328043567,1.1961863115904533e-9
85,84,0,local_loglinear,24,23,61,2.383817848735306,2.481508631172462,1.0791261866428967,0.18619460083887085,0.9863422507063246,0.013657749293675359,1.0663441187123934,0.9439575561977525,1.1296526117208197,0.8583806302145217,0.8524767373858462,0.006901704812726395,0.7676470727598139,1.5934899560494724,2.21392313102421,1.213025519041815e-9
85,84,0,local_loglinear,25,24,60,2.3619611913264427,2.459393675716482,1.0718267548861498,0.18684284340048904,0.9807012110867533,0.019298788913246656,1.0663372800346358,0.9415643771293252,1.1325165925305316,0.8553613793435003,0.8470351871951127,0.00978180842473908,0.7667059824128979,1.6189318467128933,2.2187336039827863,1.6033868561378345e-11
85,84,0,local_loglinear,26,25,59,2.3382370072040386,2.435284980439305,1.063852838949546,0.18758191218979195,0.9746910421428219,0.025308957857178127,1.0662691280372971,0.9394417764419962,1.1350028865819037,0.8524113047155429,0.8415116273757062,0.012869331380261834,0.7656867698185623,1.6448688901680462,2.2239611123922987,6.840401247883346e-11
85,84,0,local_loglinear,27,26,58,2.312796765366283,2.4093422028181397,1.0552565137879517,0.1884110155829879,0.9683475275549127,0.03165247244508729,1.0661448331698826,0.9375790486797649,1.1371252745794131,0.8495196391329606,0.8359105755717449,0.01614941896228267,0.7645916112202795,1.6713378013299254,2.2295987629460763,1.66027874680785e-11
85,84,0,local_loglinear,28,27,57,2.285782024898125,2.3817147012406217,1.0460865763508074,0.18932982931969639,0.9617038236355377,0.03829617636446225,1.0659691977395427,0.9359660913072562,1.1388972395898576,0.8466763466563793,0.8302361043038122,0.01960838098247919,0.7634222317929793,1.6983764707164961,2.2356421850313923,1.1118358683717756e-9
85,84,0,local_loglinear,29,28,56,2.2573249597813487,2.352542050941286,1.0363887059328445,0.19033847129601456,0.954790626806932,0.04520937319306795,1.0657466611894657,0.934593474712712,1.1403318020351783,0.8438720520575966,0.8244918782193251,0.023233594617333014,0.7621799452671945,1.7260241058573882,2.242089351991998,9.447102595739253e-10
85,84,0,local_loglinear,30,29,55,2.22754890093121,2.321954583635071,1.0262056378556135,0.1914374803480132,0.9476363309916821,0.052363669008317903,1.0654813172181434,0.933452450907921,1.1414414480157022,0.8410979791196108,0.8186811882193523,0.027013417807302542,0.7608656859529165,1.7543213719472348,2.2489404465916776,1.0427087688693086e-11
85,84,0,local_loglinear,31,30,54,2.1965688882342955,2.2900739459366197,1.0155773331691855,0.1926278037954294,0.940267201835423,0.059732798164576995,1.0651769103058701,0.9325349936923804,1.1422380044831273,0.8383458848152356,0.8128069828277935,0.030937097835438354,0.7594800395621557,1.783310579053066,2.2561977371720836,5.132778899995668e-11
85,84,0,local_loglinear,32,31,53,2.164492213102175,2.25701364972465,1.0045411575806462,0.19391078531436315,0.9327075218877036,0.06729247811229644,1.0648368709830611,0.9318337779220222,1.1427326377432188,0.8356080083429492,0.806871896696487,0.03499469806335345,0.7580232655599904,1.8130358453982598,2.2638655021869862,9.143180066327688e-12
85,84,0,local_loglinear,33,32,52,2.1314189555567515,2.222879622858304,0.9931320532691591,0.19528815997244894,0.9249797465801709,0.0750202534198291,1.0644643195232435,0.9313421999887411,1.1429357754175766,0.8328770170010288,0.8008782768377984,0.03917702109005036,0.7564953185926643,1.8435433026859562,2.2719499639661747,6.70105293592085e-11
85,84,0,local_loglinear,34,33,51,2.0974425028345625,2.1877707428985347,0.9813827085415731,0.19676205174494618,0.9171046450550746,0.08289535494492539,1.064062090772893,0.9310543407035139,1.142857129014486,0.8301459595020223,0.7948282065154864,0.04347554128206316,0.7548958655434639,1.87488130416038,2.280459249868516,8.85104309793843e-10
85,84,0,local_loglinear,35,34,50,2.0626500489883948,2.1517793536545007,0.9693237228737827,0.19833497471264813,0.9091014340159015,0.09089856598409851,1.0636327528189786,0.9309649558312656,1.142505683115916,0.8274082227737231,0.7887235271126198,0.0478823418635915,0.7532242995200875,1.9071006497660452,2.289403374450819,8.095843562640709e-12
85,84,0,local_loglinear,36,35,49,2.027123072954114,2.114991762041583,0.9569837626061035,0.20000983887466176,0.9009879093348032,0.09901209066519678,1.0631786207028997,0.9310694652707773,1.1418896874613989,0.824657489700639,0.7825658581484574,0.05239005349028858,0.7514797525858773,1.9402548398160173,2.298794233442048,8.652156647783676e-10
85,84,0,local_loglinear,37,36,48,1.9909377905407823,2.0774887079074227,0.9443897142726934,0.2017899568457237,0.8927805574127666,0.10721944258723337,1.0627017853092817,0.9313638996789863,1.1410167236195903,0.8218877056217063,0.7763566155264146,0.056991803847818046,0.7496611039761847,1.9744003248982593,2.308645627567635,9.305378878497439e-10
85,84,0,local_loglinear,38,37,47,1.9541655850516602,2.039345814754736,0.9315668246495459,0.20367905713808176,0.8844946752333557,0.11550532476664432,1.0622041172160088,0.9318449030372367,1.139893681613627,0.8190930404372723,0.7700970283673354,0.06168116211261088,0.7477669892320503,2.009596808133409,2.3189732877950853,8.314974559783091e-10
85,84,0,local_loglinear,39,38,46,1.9168734089117976,2.0006340088472916,0.9185388398769138,0.20568129653872944,0.876144462323539,0.12385553767646096,1.0616873006935545,0.932509676445744,1.1385268458984472,0.8162678627324725,0.7637881543190479,0.06645209845685005,0.7457958040884907,2.045907530626016,2.3297949360749577,6.4674538754195955e-12
85,84,0,local_loglinear,40,39,45,1.8791241651651944,1.961419920574799,0.9053281292246198,0.20780128034699866,0.8677431276718052,0.13225687232819483,1.0611528308921188,0.9333559572810092,1.1369219027469424,0.8134067064355247,0.7574308938020293,0.07129893446314192,0.743745710770086,2.0833996263660017,2.3411303409977413,1.0299239025419797e-9
85,84,0,local_loglinear,41,40,44,1.840977059875458,1.921766253765691,0.8919558074550236,0.21004408197149477,0.8593029699380492,0.14069703006195078,1.0606020454904357,0.934382003871783,1.1350839818143295,0.8105042487882252,0.7510260029738554,0.07621630771306362,0.7416146394304142,2.1221444656689,2.353001408976296,1.0397843592844365e-9
85,84,0,local_loglinear,42,41,43,1.8024879342348108,1.8817321359949502,0.8784418441650649,0.21241526946980574,0.8508354672590241,0.14916453274097585,1.0600361249129213,0.9355865374913941,1.1330177192964066,0.8075552831656629,0.7445741058395972,0.08119912997805565,0.7394002913057516,2.1622180633989934,2.3654322761401754,9.149208916403024e-10
85,84,0,local_loglinear,43,42,42,1.7637095704581438,1.8413734396903627,0.864805172272785,0.21492093145121036,0.8423513415383964,0.15764865846160359,1.0594561219228373,0.9369687238202634,1.1307273071006694,0.8045547028970006,0.7380757053692288,0.08624255912330922,0.7371001373862313,2.20370147900999,2.378449436635728,6.004887262247612e-12
85,84,0,local_loglinear,44,43,41,1.724691980179413,1.800743087767193,0.8510637807162308,0.21756771231617839,0.8338606412837656,0.16613935871623442,1.0588629522523845,0.9385281563386909,1.1282165005929432,0.8014974757643568,0.731531194025278,0.0913419591872568,0.7347114207884862,2.2466813090039506,2.3920818630606915,1.258454034051788e-9
85,84,0,local_loglinear,45,44,40,1.6854826665690972,1.7598913292957883,0.8372348083883527,0.2203628461774115,0.8253727946396873,0.17462720536031273,1.0582574272988912,0.940264797805384,1.1254887237817546,0.7983786316324302,0.7249408634217545,0.09649287681793745,0.7322311537946494,2.2912501663938487,2.4063611714344564,1.167951084528524e-9
85,84,0,local_loglinear,46,45,39,1.6461268706187326,1.7188660008077818,0.8233346245657079,0.2233141998482586,0.8168966776909781,0.18310332230902193,1.0576402462437846,0.9421789602576903,1.1225470859108497,0.7951932423679623,0.7183049135798167,0.1016910076529274,0.7296561181551973,2.337507254143111,2.421321784022598,1.0165620494620014e-9
85,84,0,local_loglinear,47,46,38,1.606667794668852,1.6777127616565986,0.8093789100511121,0.2264303155106455,0.808440657039247,0.19155934296075305,1.057012024374657,0.9442712922879428,1.1193944293419602,0.7919364133643872,0.7116234615531383,0.10693217704493838,0.7269828609832595,2.3855589386381295,2.437001135932836,8.797355965761268e-10
85,84,0,local_loglinear,48,47,37,1.5671468119799588,1.6364753170753843,0.7953827242904333,0.22972046398428536,0.8000126506211772,0.1999873493788228,1.05637328116954,0.946542711888246,1.1160334001856023,0.7886032660229959,0.7048965498241895,0.11221230877353311,0.7242076948133986,2.4355194368290083,2.4534398783587843,4.69083532336973e-12
85,84,0,local_loglinear,49,48,36,1.5276036548483272,1.5951956169220431,0.7813605725514371,0.2331946993147832,0.7916201665878211,0.20837983341217892,1.0557244647932882,0.948994389487163,1.1124664976826704,0.7851889302672205,0.6981241542011782,0.11752740603081782,0.7213266939088567,2.48751152234875,2.470682126911059,1.356153958772421e-9
85,84,0,local_loglinear,50,49,35,1.4880765885208107,1.553914040322462,0.7673264647258585,0.2368639211994267,0.7832703462269001,0.21672965377309994,1.0550659520962975,0.9516277318816653,1.108696096960208,0.7816885349994994,0.6913061915576939,0.12287352905737683,0.7183356923166865,2.5416673213013232,2.488775726055969,1.0940894477718473e-9
85,84,0,local_loglinear,51,50,34,1.448602568644533,1.512669562322704,0.753293971902415,0.2407399420350377,0.7749699964606481,0.22503000353935187,1.054398062557115,0.95444430332655,1.1047245594972839,0.7780972035531364,0.6844425273633492,0.12824677841641174,0.7152302804008183,2.5981291658129213,2.5077725523221295,9.61781142456648e-10
85,84,0,local_loglinear,52,51,33,1.4092173855626318,1.4714999081082498,0.7392762715021174,0.2448355650814961,0.7667256331486566,0.2332743668513434,1.0537210503975898,0.9574458332543554,1.1005542181075614,0.7744100438926221,0.6775329831727814,0.13364327056221426,0.7120058051954574,2.6570505756255685,2.527728827547672,4.220741528749976e-12
85,84,0,local_loglinear,53,52,32,1.3699557909756817,1.4304416871407366,0.7252861934888979,0.24916466629032105,0.7585435055354411,0.24145649446455886,1.0530351262735829,0.9606341363227066,1.0961874937159592,0.7706221481291433,0.6705773439207146,0.13905912451447622,0.7086573676259248,2.718597290700987,2.5487054883462132,1.3641615607173818e-9
85,84,0,local_loglinear,54,53,31,1.330851612877977,1.3895305156266933,0.7113362592145293,0.2537422863055569,0.750429624411324,0.249570375588676,1.0523404561518055,0.9640110825150088,1.0916269275726107,0.7667285906377734,0.6635753653163226,0.14449044554760448,0.7051798222217762,2.7829484283360832,2.570768582409588,1.0840798582408778e-9
85,84,0,local_loglinear,55,54,30,1.2919378568047937,1.3488011242557056,0.6974387174302975,0.25858473077442773,0.7423897841759082,0.2576102158240918,1.0516371704788694,0.9675785725509491,1.086875216455348,0.7627244296795632,0.6565267812920415,0.1499333122217158,0.7015677768303911,2.8502977472008135,2.593989712010289,4.036692706642106e-12
85,84,0,local_loglinear,56,55,29,1.2532467950608,1.308287454248111,0.6836055708529026,0.263709684196738,0.7344295923245725,0.2655704076754275,1.0509253581616385,0.9713384362258972,1.0819353162271366,0.7586047058776298,0.6494313116074029,0.15538375788972103,0.6978155963975784,2.9208550777446507,2.618446504375576,5.295563658705064e-11
85,84,0,local_loglinear,57,56,28,1.214810040877135,1.2680227361811454,0.6698486042729118,0.2691363304616823,0.7265544813548408,0.2734455186451592,1.050205087211619,0.9752924348883879,1.076810451556311,0.7543644502023643,0.6422886695076648,0.1608377633258492,0.6939174045993295,2.994847848453512,2.644223154916966,6.389997588798511e-10
85,84,0,local_loglinear,58,57,27,1.1766586124606953,1.228039559068888,0.6561794046929317,0.2748854884969814,0.7187697277343078,0.2812302722656922,1.0494763993077063,0.9794421500322147,1.0715042223506392,0.749998689408161,0.6350985697038656,0.16629124434684972,0.6898670898137448,3.072522805598881,2.6714110089678056,5.167038472653426e-12
85,84,0,local_loglinear,59,58,26,1.1388229841766433,1.1883699257896474,0.6426093779915124,0.28097976145117315,0.7110804676201475,0.28891953237985246,1.0487393156320677,0.9837889359577925,1.0660206445715321,0.7455024540930248,0.6278607365766402,0.17174004124175646,0.6856583127255571,3.1541479128159318,2.7001092068491475,1.158786664780783e-9
85,84,0,local_loglinear,60,59,25,1.101333125549832,1.1490452954255748,0.6291497615017811,0.2874436989779308,0.7034917053665991,0.2965082946334009,1.047993844984672,0.9883338742849447,1.0603641868927047,0.7408707916230628,0.6205749126547595,0.17717991295509716,0.6812845163786794,3.2400144331680445,2.730425395680894,3.409651753246513e-12
85,84,0,local_loglinear,61,60,24,1.0642185292035138,1.1100966145261584,0.6158116313663694,0.2943039787953509,0.6960083276718454,0.3039916723281546,1.047239980981237,0.9930776379206806,1.054539887912452,0.736098777492557,0.6132408674724488,0.18260652725961696,0.6767389400423468,3.3304392676924643,2.762476507979296,1.241915569762154e-9
85,84,0,local_loglinear,62,61,23,1.0275082261645423,1.0715543344170735,0.6026059076430775,0.3015896024423262,0.6886351054115202,0.3113648945884798,1.0464777155082956,0.9980204720246812,1.0485533562105287,0.7311815344266428,0.6058584067205148,0.18801545953618287,0.6720146351315106,3.425767503606356,2.7963896296702924,3.233694726481933e-12
85,84,0,local_loglinear,63,62,22,0.9912307909755399,1.0334484186717572,0.5895433524120894,0.3093321151365248,0.6813767048020317,0.3186232951979683,1.0457070310448875,1.0031620330640503,1.0424108933338396,0.7261142482435079,0.5984273818573944,0.19340218510563695,0.6671044870704829,3.5263752915113633,2.8323029416867507,1.2588559262225747e-9
85,84,0,local_loglinear,64,63,21,0.9554143341136588,0.9958083364370675,0.5766345668347278,0.3175658426348929,0.6742376846183536,0.32576231538164635,1.0449279163975675,1.0085013588521399,1.0361194927757835,0.7208921925365745,0.5909477000328249,0.19876208172240778,0.6620012393243051,3.632672984218951,2.870366774329416,2.9320993264306816e-12
85,84,0,local_loglinear,65,64,20,0.9200864846017663,0.9586630463805662,0.5638899808268376,0.32632815674900784,0.6672225034883751,0.3327774965116249,1.0441403574727124,1.014036689042664,1.029686961778936,0.7155107498529629,0.5834193344974519,0.20409042518686837,0.6566975246745378,3.7451086815483636,2.910744751419755,1.273590045203935e-9
85,84,0,local_loglinear,66,65,19,0.8852743603667645,0.92204096700214,0.5513198418505382,0.3356597619057854,0.6603355133822325,0.3396644866177675,1.0433443529565314,1.0197654235290257,1.0231219149850246,0.7099654417773695,0.5758423353275923,0.2093823954605547,0.6511858995028935,3.8641721118632666,2.953615069978195,2.649198718311405e-12
85,84,0,local_loglinear,67,66,18,0.851004529172592,0.8859699379612689,0.53893419641181,0.34560501556014644,0.6535809634365527,0.3464190365634473,1.0425399042125123,1.0256839240095899,1.0164338933353165,0.7042519553874831,0.5682168406159238,0.21463307578920637,0.6454588863264271,3.990399014528887,2.999171892154251,1.2837470192551265e-9
85,84,0,local_loglinear,68,67,17,0.8173029580106892,0.850477168593444,0.5267428706949365,0.3562122746585942,0.6469629905737446,0.3530370094262554,1.0417270302367487,1.0317874622586487,1.0096333482831257,0.6983661783199884,0.5605430879371183,0.21983746231106094,0.6395090202629987,4.12437595814503,3.0476268994186047,2.3841472530468912e-12
85,84,0,local_loglinear,69,68,16,0.7841949537044527,0.8155891781208366,0.514755443953906,0.36753428225780704,0.6404856210221339,0.3595143789778661,1.0409057561733435,1.0380700035870678,1.0027317546759629,0.6923042297708968,0.5528214262063138,0.2249904662818627,0.6333289047078037,4.266745782769501,3.099210986092057,1.289804072876877e-9
85,84,0,local_loglinear,70,69,15,0.7517050929907083,0.7813317242351798,0.5029812209021594,0.3796285865701996,0.634152759932629,0.365847240067371,1.0400761265368115,1.0445241491451642,0.9957415799223092,0.6860624992507982,0.5450523277122719,0.23008692615036586,0.626911271832809,4.418213611095752,3.1541761464010007,2.1395031789569955e-12
85,84,0,local_loglinear,71,70,14,0.7198571447751508,0.7477297244435857,0.4914291965982323,0.3925580083554319,0.6279681934519135,0.37203180654808654,1.039238190861838,1.0511409050426832,0.9886763857026742,0.679637680117883,0.5372364003985795,0.235121610968752,0.6202490532399857,4.579553650270605,3.2127975316182367,6.829006904852997e-11
85,84,0,local_loglinear,72,71,13,0.6886739831902734,0.7148071674443331,0.4801080192119135,0.40639115044851115,0.6219355829170085,0.37806441708299154,1.0383920114285432,1.0579096272175121,0.9815507721200121,0.6730268083263594,0.529374400134504,0.24008923066957039,0.613335456669155,4.7516167596348,3.275375731773222,9.054131873053755e-10
85,84,0,local_loglinear,73,72,12,0.6581774938754849,0.6825870182733157,0.46902594547723425,0.4212029648441563,0.6160584706978905,0.38394152930210945,1.03753764797653,1.0648177864100759,0.9743804632288139,0.6662272958316028,0.5214672429718228,0.24498443797367475,0.6061640529569572,4.935339018026772,3.3422392666993077,1.3779195341650988e-12
85,84,0,local_loglinear,74,73,11,0.6283884730404552,0.6510911166446536,0.45819078837137023,0.43707538445766836,0.6103402965398314,0.38965970346016865,1.0366751418410336,1.0718509178341495,0.9671822121828338,0.6592369588244236,0.513516017124791,0.24980182225543107,0.5987288730331198,5.131751435272543,3.413747305344034,4.907101512767025e-11
85,84,0,local_loglinear,75,74,10,0.5993265198158041,0.6203400691277098,0.44760985526870184,0.4540980291736528,0.6047844255108018,0.3952155744891982,1.0358044955533192,1.0789924705457192,0.9599737939129854,0.6520540398401482,0.5055219944278222,0.25453589392548776,0.5910245156850819,5.341990993771122,3.4902926212619056,1.3391396369496916e-10
85,84,0,local_loglinear,76,75,9,0.5710099227393366,0.5903531372502697,0.43728986957872995,0.472369014250866,0.5993942096263191,0.40060579037368094,1.034925623345756,1.086223684757016,0.9527739432207878,0.6446772116886857,0.4974866410184656,0.25918104052216523,0.583046270449105,5.567313426425853,3.5723047487687074,2.053790956622507e-10
85,84,0,local_loglinear,77,76,8,0.543455539325445,0.5611481211967714,0.4272368680192712,0.4919958924166315,0.5941730956870758,0.40582690431292423,1.034038278671749,1.0935236461007616,0.9456021205932557,0.6371055562492492,0.48941162674872596,0.26373144236622326,0.574790259496832,5.809108179349955,3.660253289861778,3.2224368108879155e-10
85,84,0,local_loglinear,78,77,7,0.5166786675245403,0.5327412396956255,0.41745605894887605,0.5130967886745054,0.5891248112965869,0.4108751887034131,1.033141931843685,1.1008692325185563,0.9384783417736859,0.6293385012401137,0.48129883273386775,0.2681809186498743,0.5662536068037893,6.0689163261606875,3.754651245807487,5.145131409982681e-10
85,84,0,local_loglinear,79,78,6,0.4906929060801492,0.5051470059376564,0.40795161754805853,0.5358018282502999,0.5842536804159926,0.41574631958400743,1.0322355665517662,1.1082353983569269,0.9314226635263246,0.621375688484028,0.4731503561702698,0.2725226566971497,0.5574346486519204,6.348452659941241,3.85605812627748,8.31986486710786e-10
85,84,0,local_loglinear,80,79,5,0.4655099980809877,0.47837809825860417,0.39872637887314216,0.5602550280864793,0.5795651489986681,0.42043485100133193,1.031317346459539,1.1155955482777578,0.9244545194283661,0.6132167331580515,0.46496851113722426,0.2767487495705546,0.5483332084643068,6.6496339483905205,3.9650823819570054,1.3571797201485133e-9
85,84,0,local_loglinear,81,80,4,0.441139648071223,0.45244522326692027,0.3897813648150176,0.5866169479690805,0.5750666532882114,0.4249333467117886,1.03038406721931,1.1229222759012385,0.9175916172758628,0.6048608088104692,0.4567558234884862,0.2808494184644581,0.5389509746231697,6.974616685479231,4.0823823320359605,2.22658945194661e-9
85,84,0,local_loglinear,82,81,3,0.41758929675302,0.42735696743940343,0.3811150404875378,0.6150686167966821,0.5707690469843982,0.42923095301560177,1.0294302563394158,1.130188840481847,0.9108480100551395,0.5963059541756762,0.4485150169791329,0.28481171766877444,0.5292920454599566,7.325850003287399,4.208664099989232,3.6656035165124186e-9
85,84,0,local_loglinear,83,82,2,0.394863827467276,0.4031196308539716,0.3727221310937137,0.645817630974631,0.566688936916648,0.433311063083352,1.0284467002436624,1.137371504116895,0.9042311122804095,0.5875479377678391,0.44024898628193043,0.2886173941128479,0.5193637463921656,7.7061534321032275,4.344673927663056,6.045648094412479e-9
85,84,0,local_loglinear,84,83,1,0.37296516361659504,0.37973703420130334,0.3645917246860494,0.6791079923025525,0.5628524965832419,0.4371475034167581,1.0274180367194248,1.1444534962033586,0.897736815106782,0.5785784202917538,0.43196075026506076,0.2922393671785871,0.5091778918440223,8.118836245429435,4.49118021776824,9.977437098787439e-9
85,84,0,local_loglinear,85,84,0,0.3518916929122772,0.3572102873868734,0.3567042152810168,0.7152364283173033,0.5593016835402366,0.44069831645976343,1.0263188295619055,1.1514318126308645,0.8913413875693664,0.5693820055383593,0.4236533753854922,0.295635961843403,0.49875277541891117,8.567887453337685,4.648937103559154,2.8855517525175974e-7
90,89,0,local_loglinear,1,0,89,1.891117961702422,1.9428526771862202,0.8997793665391877,0.21227216161864204,0.8920704391253633,0.10792956087463668,,,,0.9880491462976563,0.9337836851161863,0.05648762883966721,0.7484992857228352,1.0769936921911165,2.314972239768629,2.2026407712950254e-11
90,89,0,local_loglinear,2,1,88,1.9694842103461818,2.0253336123701144,0.9270390555600174,0.2078947558221351,0.909878753345489,0.09012124665451104,1.0396491854458558,1.0843741351411467,0.9587550567226788,0.9779677237590533,0.9332776870994215,0.04677388244599348,0.7526055737332547,1.0981306124113286,2.292727366039018,1.0005321777803343e-9
90,89,0,local_loglinear,3,2,87,2.0420803690515,2.101942089840419,0.9523612810797543,0.2041053208453425,0.9262210420382928,0.07377895796170719,1.0421804127906948,1.074025330016524,0.9703499383712495,0.9684625560930851,0.932346418224445,0.03800538134896995,0.7561498532732459,1.1194468319834576,2.2737838444967493,2.4488363837090035e-11
90,89,0,local_loglinear,4,3,86,2.1087135593577693,2.1724549217386127,0.9756750637289687,0.2008228895032129,0.9410621113885157,0.0589378886114843,1.0446078724078285,1.064059738106111,0.9817191977088576,0.9595216294279774,0.931016078795081,0.03015831000413262,0.7591967258074893,1.1408906094063627,2.2576859114648173,9.332569921762675e-10
90,89,0,local_loglinear,5,4,85,2.169289646583418,2.2367512693390985,0.9969426481666126,0.19798013954412938,0.954391704316045,0.04560829568395497,1.0469218143856014,1.0544692244466733,0.9928424558193888,0.951125633099479,0.9293125748981537,0.02320101407605303,0.761802842497355,1.1624243150352525,2.2440519426154655,2.1488815761246136e-11
90,89,0,local_loglinear,6,5,84,2.2237996507207867,2.2947994555585627,1.0161551044413641,0.19552089922392754,0.966220683117298,0.03377931688270197,1.0491133688006828,1.0452515893339807,1.0036945932501886,0.9432501057655946,0.9272611384123424,0.01709624236804117,0.7640177511500399,1.1840225588479112,2.232561439581732,1.0499541375261947e-9
90,89,0,local_loglinear,7,6,83,2.2723061706024903,2.346643560554805,1.0333278880123413,0.19339814244322784,0.9765773165706799,0.02342268342932008,1.0511749734741052,1.0364086352474653,1.0142476024653289,0.9358671680672994,0.9248860508679368,0.011803010275518763,0.7658847122434852,1.205670439247397,2.2229444275328025,8.295536416040022e-10
90,89,0,local_loglinear,8,7,82,2.314930393241448,2.3923904068542745,1.0484965609005612,0.19157237244705613,0.9855037944068016,0.014496205593198419,1.0531006657779933,1.027944463606296,1.0244723358725458,0.9289468964811154,0.9222104525846169,0.0072781210481598635,0.7674414569711421,1.2273619389665278,2.2149728191586755,1.863807593833481e-11
90,89,0,local_loglinear,9,8,81,2.3518400742093437,2.4321973592465223,1.0617128159038027,0.1900103127951681,0.9930530403216196,0.006946959678380438,1.0548862535648595,1.019864043920539,1.0343400768495463,0.9224583974057079,0.9192562205269574,0.0034773901171895605,0.768720872939916,1.249098470948718,2.208453383792652,1.2345950341539594e-9
90,89,0,local_loglinear,10,9,80,2.3832387273019777,2.466261223102666,1.0730408755742504,0.18868384874726674,0.9992859012241662,0.000714098775833838,1.0565293484466423,1.0121720758300587,1.0438238454466422,0.9163706176820291,0.9160439007044676,0.00035659724123045244,0.7697516194347822,1.2708876137042526,2.2032219897393515,2.5582935261915782e-11
90,89,0,local_loglinear,11,10,79,2.409356121887362,2.4948083748994767,1.0825543142297043,0.18756916535686882,1.0042687040663885,0.004268704066388462,1.0580293249360375,1.0048721390123008,1.0528994524377853,0.9106529497302457,0.9125926825113164,0.0021277807867533527,0.7705586694499882,1.292742006981457,2.1991388964211787,4.956070313250986e-10
90,89,0,local_loglinear,12,11,78,2.430440108068738,2.518086178466234,1.0903333142142733,0.18664604318516514,1.0080711763767891,0.008071176376789113,1.059387204845344,0.99796612866385,1.061546253342014,0.9052756712230497,0.9089204049557018,0.004018020636290018,0.771163783153123,1.3146783992728734,2.1960848968351385,1.0059931440794789e-9
90,89,0,local_loglinear,13,12,77,2.4467497264634264,2.5363556730429675,1.096462338485446,0.18589728330437613,1.0107647268339477,0.010764726833947691,1.0606054776582279,0.9914539248160469,1.0697476212573482,0.9002102466985978,0.9050435865558788,0.005354760995147367,0.7715859214454203,1.336716853166069,2.1939581368583836,8.72379825271953e-10
90,89,0,local_loglinear,14,13,76,2.458549509613458,2.5498854611980546,1.1010281898650218,0.18530823725467585,1.0124210573995949,0.01242105739959487,1.0616878873942848,0.9853332721780544,1.077491156923434,0.8954295198692697,0.9009774720072554,0.0061767403510542,0.7718416063951508,1.3588800974559028,2.192671481541278,1.6395860924404256e-11
90,89,0,local_loglinear,15,14,75,2.4661048556978757,2.5589466883101513,1.1041184329963356,0.18486641729093445,1.013111042970318,0.013111042970318065,1.0626392262144535,0.9795998158343394,1.084768707627194,0.8909078335528617,0.8967360901068457,0.006520624300598757,0.7719452299320827,1.3811929770485263,2.192150350476424,1.183199693594744e-9
90,89,0,local_loglinear,16,15,74,2.4696783614071234,2.563809016467098,1.1058201236489293,0.1845611786557792,1.0129038872932714,0.01290388729327141,1.0634650920737314,0.9742472658703335,1.0915761627759828,0.8866210768805095,0.8923323191083177,0.006420923519098509,0.7719093242815349,1.4036820385047777,2.1923309018317325,2.0514503450630517e-11
90,89,0,local_loglinear,17,16,73,2.4695269749943525,2.5647374550439688,1.1062188135965607,0.18438345619967283,1.0118664862839593,0.011866486283959254,1.06417168138179,0.9692676240302552,1.0979131614413362,0.8825466897097582,0.8877779558401941,0.00590996840034913,0.7717447944835663,1.426375201120985,2.1931585243230147,1.6111175027634268e-10
90,89,0,local_loglinear,18,17,72,2.4658998514968253,2.5619899327935802,1.1053977924782656,0.18432554556670985,1.0100629676444914,0.010062967644491438,1.0647655953969026,0.9646514852495004,1.10378267351292,0.8786636353438195,0.883083786281619,0.005017927267369507,0.7714611182669822,1.4493015030501883,2.194586581546667,1.1193532231691557e-9
90,89,0,local_loglinear,19,18,71,2.459036800080016,2.555815503328852,1.103437524715444,0.18438092315894866,1.0075543895124008,0.007554389512400839,1.065253659199526,0.9603883278353392,1.109190551701672,0.8749523452913263,0.8782596558606386,0.003772863168055751,0.7710665199082843,1.47249092834934,2.1965753536792847,8.523771050473501e-10
90,89,0,local_loglinear,20,19,70,2.449167217118798,2.546453074871285,1.1004152489350951,0.18454409732915325,1.004398562869651,0.004398562869651013,1.0656427703052092,0.956466821286295,1.114145045692322,0.8713946467779028,0.8733145380005938,0.002200816060775629,0.7705681208998759,1.4959742972214636,2.1990911461354767,1.3244476571817865e-11
90,89,0,local_loglinear,21,20,69,2.436509413130996,2.5341305672228462,1.0964047180545828,0.18481048250805288,1.0006499561692268,0.0006499561692268063,1.065939785113288,0.9528751201727564,1.1186563302440227,0.867973686264054,0.8682565999607346,0.00032589421049630807,0.7699720677002898,1.5197831875741952,2.20210555175888,1.102947153918267e-9
90,89,0,local_loglinear,22,21,68,2.4212702632046645,2.5190644260328523,1.0914760449931864,0.18517629639871067,0.9963596887123802,0.0036403112876197685,1.0661514101325358,0.9496010816790252,1.122736094874106,0.8646738416983165,0.8630932656100707,0.0018296175711123575,0.7692836438977685,1.5439499149356526,2.2055948205939138,1.2379292516662235e-9
90,89,0,local_loglinear,23,22,67,2.403645107994037,2.5014594158722696,1.0856956347198847,0.18563847486706414,0.9915755821548726,0.008424417845127374,1.066284122754951,0.9466325610635765,1.126397048456628,0.8614806322785294,0.8578312745486738,0.0042451438809453235,0.7685073672630712,1.5685075492078666,2.209539328043567,1.1961863115904533e-9
90,89,0,local_loglinear,24,23,66,2.383817848735306,2.481508631172462,1.0791261866428967,0.18619460083887085,0.9863422507063246,0.013657749293675359,1.0663441187123934,0.9439575561977525,1.1296526117208197,0.8583806302145217,0.8524767373858462,0.006901704812726395,0.7676470727598139,1.5934899560494724,2.21392313102421,1.213025519041815e-9
90,89,0,local_loglinear,25,24,65,2.3619611913264427,2.459393675716482,1.0718267548861498,0.18684284340048904,0.9807012110867533,0.019298788913246656,1.0663372800346358,0.9415643771293252,1.1325165925305316,0.8553613793435003,0.8470351871951127,0.00978180842473908,0.7667059824128979,1.6189318467128933,2.2187336039827863,1.6033868561378345e-11
90,89,0,local_loglinear,26,25,64,2.3382370072040386,2.435284980439305,1.063852838949546,0.18758191218979195,0.9746910421428219,0.025308957857178127,1.0662691280372971,0.9394417764419962,1.1350028865819037,0.8524113047155429,0.8415116273757062,0.012869331380261834,0.7656867698185623,1.6448688901680462,2.2239611123922987,6.840401247883346e-11
90,89,0,local_loglinear,27,26,63,2.312796765366283,2.4093422028181397,1.0552565137879517,0.1884110155829879,0.9683475275549127,0.03165247244508729,1.0661448331698826,0.9375790486797649,1.1371252745794131,0.8495196391329606,0.8359105755717449,0.01614941896228267,0.7645916112202795,1.6713378013299254,2.2295987629460763,1.66027874680785e-11
90,89,0,local_loglinear,28,27,62,2.285782024898125,2.3817147012406217,1.0460865763508074,0.18932982931969639,0.9617038236355377,0.03829617636446225,1.0659691977395427,0.9359660913072562,1.1388972395898576,0.8466763466563793,0.8302361043038122,0.01960838098247919,0.7634222317929793,1.6983764707164961,2.2356421850313923,1.1118358683717756e-9
90,89,0,local_loglinear,29,28,61,2.2573249597813487,2.352542050941286,1.0363887059328445,0.19033847129601456,0.954790626806932,0.04520937319306795,1.0657466611894657,0.934593474712712,1.1403318020351783,0.8438720520575966,0.8244918782193251,0.023233594617333014,0.7621799452671945,1.7260241058573882,2.242089351991998,9.447102595739253e-10
90,89,0,local_loglinear,30,29,60,2.22754890093121,2.321954583635071,1.0262056378556135,0.1914374803480132,0.9476363309916821,0.052363669008317903,1.0654813172181434,0.933452450907921,1.1414414480157022,0.8410979791196108,0.8186811882193523,0.027013417807302542,0.7608656859529165,1.7543213719472348,2.2489404465916776,1.0427087688693086e-11
90,89,0,local_loglinear,31,30,59,2.1965688882342955,2.2900739459366197,1.0155773331691855,0.1926278037954294,0.940267201835423,0.059732798164576995,1.0651769103058701,0.9325349936923804,1.1422380044831273,0.8383458848152356,0.8128069828277935,0.030937097835438354,0.7594800395621557,1.783310579053066,2.2561977371720836,5.132778899995668e-11
90,89,0,local_loglinear,32,31,58,2.164492213102175,2.25701364972465,1.0045411575806462,0.19391078531436315,0.9327075218877036,0.06729247811229644,1.0648368709830611,0.9318337779220222,1.1427326377432188,0.8356080083429492,0.806871896696487,0.03499469806335345,0.7580232655599904,1.8130358453982598,2.2638655021869862,9.143180066327688e-12
90,89,0,local_loglinear,33,32,57,2.1314189555567515,2.222879622858304,0.9931320532691591,0.19528815997244894,0.9249797465801709,0.0750202534198291,1.0644643195232435,0.9313421999887411,1.1429357754175766,0.8328770170010288,0.8008782768377984,0.03917702109005036,0.7564953185926643,1.8435433026859562,2.2719499639661747,6.70105293592085e-11
90,89,0,local_loglinear,34,33,56,2.0974425028345625,2.1877707428985347,0.9813827085415731,0.19676205174494618,0.9171046450550746,0.08289535494492539,1.064062090772893,0.9310543407035139,1.142857129014486,0.8301459595020223,0.7948282065154864,0.04347554128206316,0.7548958655434639,1.87488130416038,2.280459249868516,8.85104309793843e-10
90,89,0,local_loglinear,35,34,55,2.0626500489883948,2.1517793536545007,0.9693237228737827,0.19833497471264813,0.9091014340159015,0.09089856598409851,1.0636327528189786,0.9309649558312656,1.142505683115916,0.8274082227737231,0.7887235271126198,0.0478823418635915,0.7532242995200875,1.9071006497660452,2.289403374450819,8.095843562640709e-12
90,89,0,local_loglinear,36,35,54,2.027123072954114,2.114991762041583,0.9569837626061035,0.20000983887466176,0.9009879093348032,0.09901209066519678,1.0631786207028997,0.9310694652707773,1.1418896874613989,0.824657489700639,0.7825658581484574,0.05239005349028858,0.7514797525858773,1.9402548398160173,2.298794233442048,8.652156647783676e-10
90,89,0,local_loglinear,37,36,53,1.9909377905407823,2.0774887079074227,0.9443897142726934,0.2017899568457237,0.8927805574127666,0.10721944258723337,1.0627017853092817,0.9313638996789863,1.1410167236195903,0.8218877056217063,0.7763566155264146,0.056991803847818046,0.7496611039761847,1.9744003248982593,2.308645627567635,9.305378878497439e-10
90,89,0,local_loglinear,38,37,52,1.9541655850516602,2.039345814754736,0.9315668246495459,0.20367905713808176,0.8844946752333557,0.11550532476664432,1.0622041172160088,0.9318449030372367,1.139893681613627,0.8190930404372723,0.7700970283673354,0.06168116211261088,0.7477669892320503,2.009596808133409,2.3189732877950853,8.314974559783091e-10
90,89,0,local_loglinear,39,38,51,1.9168734089117976,2.0006340088472916,0.9185388398769138,0.20568129653872944,0.876144462323539,0.12385553767646096,1.0616873006935545,0.932509676445744,1.1385268458984472,0.8162678627324725,0.7637881543190479,0.06645209845685005,0.7457958040884907,2.045907530626016,2.3297949360749577,6.4674538754195955e-12
90,89,0,local_loglinear,40,39,50,1.8791241651651944,1.961419920574799,0.9053281292246198,0.20780128034699866,0.8677431276718052,0.13225687232819483,1.0611528308921188,0.9333559572810092,1.1369219027469424,0.8134067064355247,0.7574308938020293,0.07129893446314192,0.743745710770086,2.0833996263660017,2.3411303409977413,1.0299239025419797e-9
90,89,0,local_loglinear,41,40,49,1.840977059875458,1.921766253765691,0.8919558074550236,0.21004408197149477,0.8593029699380492,0.14069703006195078,1.0606020454904357,0.934382003871783,1.1350839818143295,0.8105042487882252,0.7510260029738554,0.07621630771306362,0.7416146394304142,2.1221444656689,2.353001408976296,1.0397843592844365e-9
90,89,0,local_loglinear,42,41,48,1.8024879342348108,1.8817321359949502,0.8784418441650649,0.21241526946980574,0.8508354672590241,0.14916453274097585,1.0600361249129213,0.9355865374913941,1.1330177192964066,0.8075552831656629,0.7445741058395972,0.08119912997805565,0.7394002913057516,2.1622180633989934,2.3654322761401754,9.149208916403024e-10
90,89,0,local_loglinear,43,42,47,1.7637095704581438,1.8413734396903627,0.864805172272785,0.21492093145121036,0.8423513415383964,0.15764865846160359,1.0594561219228373,0.9369687238202634,1.1307273071006694,0.8045547028970006,0.7380757053692288,0.08624255912330922,0.7371001373862313,2.20370147900999,2.378449436635728,6.004887262247612e-12
90,89,0,local_loglinear,44,43,46,1.724691980179413,1.800743087767193,0.8510637807162308,0.21756771231617839,0.8338606412837656,0.16613935871623442,1.0588629522523845,0.9385281563386909,1.1282165005929432,0.8014974757643568,0.731531194025278,0.0913419591872568,0.7347114207884862,2.2466813090039506,2.3920818630606915,1.258454034051788e-9
90,89,0,local_loglinear,45,44,45,1.6854826665690972,1.7598913292957883,0.8372348083883527,0.2203628461774115,0.8253727946396873,0.17462720536031273,1.0582574272988912,0.940264797805384,1.1254887237817546,0.7983786316324302,0.7249408634217545,0.09649287681793745,0.7322311537946494,2.2912501663938487,2.4063611714344564,1.167951084528524e-9
90,89,0,local_loglinear,46,45,44,1.6461268706187326,1.7188660008077818,0.8233346245657079,0.2233141998482586,0.8168966776909781,0.18310332230902193,1.0576402462437846,0.9421789602576903,1.1225470859108497,0.7951932423679623,0.7183049135798167,0.1016910076529274,0.7296561181551973,2.337507254143111,2.421321784022598,1.0165620494620014e-9
90,89,0,local_loglinear,47,46,43,1.606667794668852,1.6777127616565986,0.8093789100511121,0.2264303155106455,0.808440657039247,0.19155934296075305,1.057012024374657,0.9442712922879428,1.1193944293419602,0.7919364133643872,0.7116234615531383,0.10693217704493838,0.7269828609832595,2.3855589386381295,2.437001135932836,8.797355965761268e-10
90,89,0,local_loglinear,48,47,42,1.5671468119799588,1.6364753170753843,0.7953827242904333,0.22972046398428536,0.8000126506211772,0.1999873493788228,1.05637328116954,0.946542711888246,1.1160334001856023,0.7886032660229959,0.7048965498241895,0.11221230877353311,0.7242076948133986,2.4355194368290083,2.4534398783587843,4.69083532336973e-12
90,89,0,local_loglinear,49,48,41,1.5276036548483272,1.5951956169220431,0.7813605725514371,0.2331946993147832,0.7916201665878211,0.20837983341217892,1.0557244647932882,0.948994389487163,1.1124664976826704,0.7851889302672205,0.6981241542011782,0.11752740603081782,0.7213266939088567,2.48751152234875,2.470682126911059,1.356153958772421e-9
90,89,0,local_loglinear,50,49,40,1.4880765885208107,1.553914040322462,0.7673264647258585,0.2368639211994267,0.7832703462269001,0.21672965377309994,1.0550659520962975,0.9516277318816653,1.108696096960208,0.7816885349994994,0.6913061915576939,0.12287352905737683,0.7183356923166865,2.5416673213013232,2.488775726055969,1.0940894477718473e-9
90,89,0,local_loglinear,51,50,39,1.448602568644533,1.512669562322704,0.753293971902415,0.2407399420350377,0.7749699964606481,0.22503000353935187,1.054398062557115,0.95444430332655,1.1047245594972839,0.7780972035531364,0.6844425273633492,0.12824677841641174,0.7152302804008183,2.5981291658129213,2.5077725523221295,9.61781142456648e-10
90,89,0,local_loglinear,52,51,38,1.4092173855626318,1.4714999081082498,0.7392762715021174,0.2448355650814961,0.7667256331486566,0.2332743668513434,1.0537210503975898,0.9574458332543554,1.1005542181075614,0.7744100438926221,0.6775329831727814,0.13364327056221426,0.7120058051954574,2.6570505756255685,2.527728827547672,4.220741528749976e-12
90,89,0,local_loglinear,53,52,37,1.3699557909756817,1.4304416871407366,0.7252861934888979,0.24916466629032105,0.7585435055354411,0.24145649446455886,1.0530351262735829,0.9606341363227066,1.0961874937159592,0.7706221481291433,0.6705773439207146,0.13905912451447622,0.7086573676259248,2.718597290700987,2.5487054883462132,1.3641615607173818e-9
90,89,0,local_loglinear,54,53,36,1.330851612877977,1.3895305156266933,0.7113362592145293,0.2537422863055569,0.750429624411324,0.249570375588676,1.0523404561518055,0.9640110825150088,1.0916269275726107,0.7667285906377734,0.6635753653163226,0.14449044554760448,0.7051798222217762,2.7829484283360832,2.570768582409588,1.0840798582408778e-9
90,89,0,local_loglinear,55,54,35,1.2919378568047937,1.3488011242557056,0.6974387174302975,0.25858473077442773,0.7423897841759082,0.2576102158240918,1.0516371704788694,0.9675785725509491,1.086875216455348,0.7627244296795632,0.6565267812920415,0.1499333122217158,0.7015677768303911,2.8502977472008135,2.593989712010289,9.81141582024329e-10
90,89,0,local_loglinear,56,55,34,1.2532467950475448,1.3082874541538425,0.6836055712281236,0.2637096838634023,0.7344295913884671,0.2655704086115329,1.0509253591247387,0.9713384362258972,1.0819353172186554,0.7586047063566288,0.6494313116074029,0.15538375852114206,0.6978155961956003,2.920855074265063,2.6184465057013684,3.5071573734002637e-12
90,89,0,local_loglinear,57,56,33,1.2148100410969327,1.2680227362800323,0.6698486050011982,0.2691363298408753,0.7265544798103809,0.2734455201896191,1.050205087865618,0.9752924345287662,1.0768104526239326,0.7543644510125549,0.6422886695214378,0.16083776437840974,0.6939174042735137,2.9948478422952394,2.644223157087291,1.2980080194324445e-9
90,89,0,local_loglinear,58,57,32,1.1766586130724952,1.2280395596398845,0.6561794053244696,0.274885488051368,0.7187697269428414,0.28123027305715864,1.0494763985737325,0.9794421493365727,1.0715042223622884,0.7499986898599067,0.6350985697405296,0.16629124489144886,0.6898670896553679,3.072522801870022,2.6714110100391006,1.011118813980794e-9
90,89,0,local_loglinear,59,58,31,1.1388229849567117,1.1883699264150323,0.6426093793116302,0.2809797603534518,0.7110804653291989,0.2889195346708011,1.0487393172645052,0.9837889353560523,1.066020646882907,0.7455024553395205,0.627860736625611,0.17174004283578104,0.6856583122377062,3.154147902517901,2.7001092102023883,3.0701046364455918e-12
90,89,0,local_loglinear,60,59,30,1.101333126852305,1.1490452965567524,0.6291497633585292,0.28744369751865617,0.7034917026271328,0.2965082973728672,1.047993845625392,0.9883338729373173,1.060364188986831,0.74087079314901,0.6205749127378246,0.17717991488091245,0.6812845157516119,3.240014419968571,2.730425400063832,4.974840967624417e-11
90,89,0,local_loglinear,61,60,29,1.064218531104531,1.1100966161370935,0.6158116343270509,0.29430397633901295,0.6960083231060599,0.30399167689394013,1.0472399831337682,0.9930776359427185,1.054539892180367,0.7360987800292322,0.6132408675964789,0.18260653050347053,0.6767389389764067,3.3304392450665588,2.762476515561339,1.0053972639752862e-9
90,89,0,local_loglinear,62,61,28,1.0275082290413815,1.0715543368286946,0.6026059122781914,0.30158959834713217,0.6886350979888073,0.3113649020111927,1.0464777188664416,0.9980204687073488,1.0485533630606347,0.7311815385543985,0.6058584069119255,0.18801546486557247,0.6720146334146894,3.4257674655173567,2.7963896421076235,2.8056713321889666e-12
90,89,0,local_loglinear,63,62,27,0.9912307953758217,1.033448422299416,0.5895433599359128,0.3093321081635857,0.6813766924672683,0.3186233075327317,1.0457070369553998,1.0031620276545083,1.0424109048469128,0.7261142551056425,0.5984273821571351,0.19340219405524517,0.6671044841654946,3.5263752259497108,2.8323029631383445,5.3533448744015513e-11
90,89,0,local_loglinear,64,63,26,0.9554143409755166,0.9958083421055833,0.576634578710139,0.3175658312374794,0.674237665262441,0.325762334737559,1.0449279250802201,1.0085013496478565,1.0361195108415897,0.7208922033492928,0.5909477005104744,0.19876209591320865,0.6620012346695808,3.632672876880897,2.8703668093969847,9.881906951955827e-11
90,89,0,local_loglinear,65,64,25,0.9200864951890654,0.958663055003048,0.563890000090131,0.32632813732764765,0.6672224714563808,0.3327775285436192,1.0441403731482184,1.0140366738793087,1.029686992634837,0.7155107677567782,0.5834193352515622,0.2040904489167248,0.6566975168589664,3.745108497055734,2.910744811547172,1.3196199777767728e-9
90,89,0,local_loglinear,66,65,24,0.8852743769170569,0.9220409803339434,0.5513198731535098,0.33565972868581645,0.6603354603744099,0.33966453962559007,1.0433443791403016,1.01976539779158,1.0231219664834528,0.7099654714336379,0.5758423365335583,0.20938243513771476,0.6511858864461281,3.8641717941442857,2.9536151726549367,8.551301849472034e-10
90,89,0,local_loglinear,67,66,23,0.8510045552302905,0.8859699587129385,0.5389342477535516,0.3456049583697097,0.6535808752951064,0.34641912470489356,1.042539948697111,1.025683880309662,1.0164339800118143,0.7042520047400951,0.5682168425602803,0.21463314244540915,0.6454588643063504,3.9903984641170083,2.9991720693390684,1.6725507873743344e-12
90,89,0,local_loglinear,68,67,22,0.8173029993215131,0.8504772013311436,0.5267429542063574,0.3562121772666757,0.6469628463886679,0.35303715361133214,1.041727102328547,1.031787387371081,1.0096334914335323,0.6983662591801423,0.5605430910932798,0.21983757246526275,0.6395089837246272,4.124375017585632,3.047627200578779,9.176588225105777e-10
90,89,0,local_loglinear,69,68,21,0.784195019023424,0.8155892294324056,0.5147555804534879,0.3675341150078076,0.6404853829117888,0.3595146170882112,1.040905878200609,1.038069876539694,1.0027319949504445,0.6923043633896852,0.5528214313189481,0.2249906500394694,0.6333288436078917,4.266744160256167,3.0992115025357463,1.6326114264477394e-12
90,89,0,local_loglinear,70,69,20,0.7517051964329051,0.7813318049566306,0.50298144328571,0.3796283004790282,0.6341523692957284,0.3658476307042716,1.0400763274527707,1.044523932481743,0.9957419788186135,0.686062718599511,0.5450523360103943,0.23008723064704528,0.6269111702872576,4.418210826288942,3.1541770276436947,4.894772644629346e-11
90,89,0,local_loglinear,71,70,19,0.7198573082648738,0.7477298509772985,0.491429559168874,0.3925575178229438,0.6279675513759212,0.3720324486240788,1.0392385259325998,1.0511405370646028,0.98867705058237,0.6796380406647676,0.5372364138464554,0.23512211643570052,0.6202488842609386,4.579548858436754,3.212799039140263,8.507096561678493e-10
90,89,0,local_loglinear,72,71,18,0.6886742413385097,0.7148073654560693,0.4801086102244406,0.4063903085044605,0.6219345275480717,0.37806547245192834,1.0383925686431703,1.057909001874277,0.9815518790401351,0.6730274006819633,0.5293744219159258,0.24009006966030888,0.6133351756489142,4.751608506853779,3.2753783124592437,9.78944454587876e-10
90,89,0,local_loglinear,73,72,17,0.6581779010469737,0.6825873276427584,0.46902690834175553,0.42120151980261333,0.6160567382699542,0.3839432617300458,1.0375385720759616,1.0648167242548336,0.974382303022183,0.6662282673244205,0.5214672782277137,0.24498582856385337,0.6061635861219364,4.935324808842891,3.3422436857174604,1.3813344594326884e-12
90,89,0,local_loglinear,74,73,16,0.6283891142730353,0.6510915988125257,0.4581923560236252,0.43707290304426494,0.6103374542593998,0.3896625457406002,1.0366766742312816,1.0718491155567365,0.9671852681361913,0.6592385503879983,0.5135160741205995,0.2498041255123593,0.5987280983826792,5.131726961275094,3.4137548747042112,5.123657785578233e-11
90,89,0,local_loglinear,75,74,15,0.5993275280188716,0.6203408185666424,0.4476124063807946,0.45409376584237104,0.6047797648246411,0.39522023517535887,1.0358070352368411,1.0789894156184758,0.9599788656343005,0.6520566443954602,0.5055220864477445,0.25453970627368283,0.5910232313786017,5.3419488215611155,3.4903055950937327,8.519025169954328e-10
90,89,0,local_loglinear,76,75,14,0.5710115053463756,0.5903542987411987,0.4372940194740953,0.47236168468095285,0.5993865703058242,0.4006134296941758,1.0349298305127226,1.0862185112347649,0.9527823543867434,0.6446814696865566,0.4974867893805991,0.25918734712951125,0.5830441429300501,5.5672407169774685,3.572327002552265,1.1556824978871097e-9
90,89,0,local_loglinear,77,76,13,0.5434580196623263,0.5611499159600639,0.42724361612669687,0.49198328385319784,0.594160580332949,0.40583941966705095,1.0340452428259466,1.0935148923017175,0.9456160589175018,0.6371125095724272,0.48941186562000905,0.2637418681547494,0.5747867382219939,5.808982757061245,3.660291490942829,1.390166623386989e-9
90,89,0,local_loglinear,78,77,12,0.516682548762018,0.5327440043981673,0.417467027882098,0.5130750852948458,0.5891043172809571,0.41089568271904287,1.0331534520115468,1.1008544341282465,0.9385014221518658,0.6293498433654094,0.48129921677971865,0.26819814284826915,0.5662477841585289,6.068699855137905,3.7547168733362604,8.527556672681622e-10
90,89,0,local_loglinear,79,78,11,0.4906989702038324,0.5051512509167015,0.4079694410887121,0.5357644453325631,0.5842201368811469,0.41577986311885307,1.032254610455889,1.1082104052402573,0.9314608539811523,0.6213941684948587,0.4731509727168892,0.27255109366809843,0.5574250299020374,6.348078825448247,3.8561709626566834,8.905774093205384e-13
90,89,0,local_loglinear,80,79,10,0.4655194588316624,0.47838459379005044,0.39875533145731756,0.5601905935426541,0.5795102709968091,0.4204897290031909,1.0313488077158586,1.1155533786382323,0.9245176676124963,0.6132468086727647,0.4649694994593745,0.2767956682914861,0.5483173343917982,6.648987946213421,3.9652765546945314,4.4813964166572836e-11
90,89,0,local_loglinear,81,80,9,0.44115438722601896,0.45245512675755606,0.38982838248728596,0.586505805261336,0.5749769091657054,0.42502309083429457,1.030436009610763,1.122851196535659,0.9176959625549448,0.6049096992555214,0.4567574053552306,0.28092678118752756,0.5389248034843349,6.973499603675852,4.082716777599399,1.198759489630344e-10
90,89,0,local_loglinear,82,81,8,0.41761222895043704,0.42737200979781365,0.38119137580477275,0.614876763048825,0.5706223456592212,0.4293776543407788,1.0295159546050383,1.1300691553721356,0.9110203120852504,0.5963853361565061,0.4485175449420258,0.2849391954346142,0.5292489425283777,7.323916940420102,4.2092406984116915,2.451615058015878e-10
90,89,0,local_loglinear,83,82,7,0.3948994631069396,0.40314238718361006,0.37284603614821205,0.6454861974241026,0.5664492284571515,0.4335507715428485,1.028587989684657,1.1371701924678532,0.9045154335715094,0.5876766705987081,0.44025301984399545,0.2888273099878207,0.5192928329218158,7.7028058624173115,4.345668977271141,4.535425914803901e-10
90,89,0,local_loglinear,84,83,6,0.3730204772183084,0.3797713135926019,0.36479280003386716,0.6785349725966809,0.5624609761940571,0.4375390238059429,1.0276507975886748,1.1441152721851942,0.8982056463820478,0.5787869183738491,0.4319671757861282,0.292584789832003,0.509061350060118,8.113034640737537,4.492899125824791,7.991279685722289e-10
90,89,0,local_loglinear,85,84,5,0.3519774624256164,0.3572616882143507,0.3570304582995405,0.714244908554779,0.5586624676967278,0.4413375323032722,1.0267019498304832,1.150864247281868,0.8921138633469294,0.5697192355431043,0.42366359440195855,0.2962039393671302,0.49856145157331244,8.557824761779894,4.651909545818219,1.3708104461343921e-9
90,89,0,local_loglinear,86,85,4,0.3317702906155908,0.3356141961194232,0.3495555920160401,0.752862853467096,0.5550611726410254,0.4449388273589746,1.0257371769559385,1.157377081286927,0.8862601424726557,0.5604761853699505,0.4153460779003587,0.2996746580585,0.4878025836830533,9.040819138999362,4.823760848059245,2.3143260881414418e-9
90,89,0,local_loglinear,87,86,3,0.31239635641222285,0.31482725569141784,0.3423616706426685,0.7946669154344207,0.5516689976512289,0.4483310023487711,1.0247491767773036,1.1636160186083895,0.8806592212462305,0.5510588774094379,0.4070186237213317,0.30298271607200966,0.47679728488942236,9.566178102875275,5.009591747255275,3.868083169565471e-9
90,89,0,local_loglinear,88,87,2,0.293850356535103,0.2948969705259676,0.33543760051393123,0.8399764559757631,0.5485052912657117,0.4514947087342883,1.0237256737827074,1.1695490280879561,0.8753165957106999,0.5414655921041176,0.3986853848585573,0.3061069258749224,0.4655621159562235,10.13872106546821,5.210604717265815,6.421149232051323e-9
90,89,0,local_loglinear,89,88,1,0.2761239629068165,0.2758170846214979,0.3287653805377304,0.8891686704986131,0.5456017266459164,0.45439827335408356,1.022646265977293,1.1751556683393862,0.8702219574215181,0.5316895984819171,0.3903506093120732,0.30901452405870034,0.4541191262562237,10.764144870618027,5.428032860165694,1.0606712639046215e-8
90,89,0,local_loglinear,90,89,0,0.25920532080002756,0.2575789415126594,0.32231631102394265,0.9427067327356595,0.5430102246202054,0.45698977537979457,1.0214773221559736,1.180436454459453,0.8653386790089687,0.5217157114921377,0.3820185487653679,0.311653661121705,0.44249819788067274,11.449372818333226,5.6630728693381664,3.201861439525739e-7
95,94,0,local_loglinear,1,0,94,1.891117961702422,1.9428526771862202,0.8997793665391877,0.21227216161864204,0.8920704391253633,0.10792956087463668,,,,0.9880491462976563,0.9337836851161863,0.05648762883966721,0.7484992857228352,1.0769936921911165,2.314972239768629,2.2026407712950254e-11
95,94,0,local_loglinear,2,1,93,1.9694842103461818,2.0253336123701144,0.9270390555600174,0.2078947558221351,0.909878753345489,0.09012124665451104,1.0396491854458558,1.0843741351411467,0.9587550567226788,0.9779677237590533,0.9332776870994215,0.04677388244599348,0.7526055737332547,1.0981306124113286,2.292727366039018,1.0005321777803343e-9
95,94,0,local_loglinear,3,2,92,2.0420803690515,2.101942089840419,0.9523612810797543,0.2041053208453425,0.9262210420382928,0.07377895796170719,1.0421804127906948,1.074025330016524,0.9703499383712495,0.9684625560930851,0.932346418224445,0.03800538134896995,0.7561498532732459,1.1194468319834576,2.2737838444967493,2.4488363837090035e-11
95,94,0,local_loglinear,4,3,91,2.1087135593577693,2.1724549217386127,0.9756750637289687,0.2008228895032129,0.9410621113885157,0.0589378886114843,1.0446078724078285,1.064059738106111,0.9817191977088576,0.9595216294279774,0.931016078795081,0.03015831000413262,0.7591967258074893,1.1408906094063627,2.2576859114648173,9.332569921762675e-10
95,94,0,local_loglinear,5,4,90,2.169289646583418,2.2367512693390985,0.9969426481666126,0.19798013954412938,0.954391704316045,0.04560829568395497,1.0469218143856014,1.0544692244466733,0.9928424558193888,0.951125633099479,0.9293125748981537,0.02320101407605303,0.761802842497355,1.1624243150352525,2.2440519426154655,2.1488815761246136e-11
95,94,0,local_loglinear,6,5,89,2.2237996507207867,2.2947994555585627,1.0161551044413641,0.19552089922392754,0.966220683117298,0.03377931688270197,1.0491133688006828,1.0452515893339807,1.0036945932501886,0.9432501057655946,0.9272611384123424,0.01709624236804117,0.7640177511500399,1.1840225588479112,2.232561439581732,1.0499541375261947e-9
95,94,0,local_loglinear,7,6,88,2.2723061706024903,2.346643560554805,1.0333278880123413,0.19339814244322784,0.9765773165706799,0.02342268342932008,1.0511749734741052,1.0364086352474653,1.0142476024653289,0.9358671680672994,0.9248860508679368,0.011803010275518763,0.7658847122434852,1.205670439247397,2.2229444275328025,8.295536416040022e-10
95,94,0,local_loglinear,8,7,87,2.314930393241448,2.3923904068542745,1.0484965609005612,0.19157237244705613,0.9855037944068016,0.014496205593198419,1.0531006657779933,1.027944463606296,1.0244723358725458,0.9289468964811154,0.9222104525846169,0.0072781210481598635,0.7674414569711421,1.2273619389665278,2.2149728191586755,1.863807593833481e-11
95,94,0,local_loglinear,9,8,86,2.3518400742093437,2.4321973592465223,1.0617128159038027,0.1900103127951681,0.9930530403216196,0.006946959678380438,1.0548862535648595,1.019864043920539,1.0343400768495463,0.9224583974057079,0.9192562205269574,0.0034773901171895605,0.768720872939916,1.249098470948718,2.208453383792652,1.2345950341539594e-9
95,94,0,local_loglinear,10,9,85,2.3832387273019777,2.466261223102666,1.0730408755742504,0.18868384874726674,0.9992859012241662,0.000714098775833838,1.0565293484466423,1.0121720758300587,1.0438238454466422,0.9163706176820291,0.9160439007044676,0.00035659724123045244,0.7697516194347822,1.2708876137042526,2.2032219897393515,2.5582935261915782e-11
95,94,0,local_loglinear,11,10,84,2.409356121887362,2.4948083748994767,1.0825543142297043,0.18756916535686882,1.0042687040663885,0.004268704066388462,1.0580293249360375,1.0048721390123008,1.0528994524377853,0.9106529497302457,0.9125926825113164,0.0021277807867533527,0.7705586694499882,1.292742006981457,2.1991388964211787,4.956070313250986e-10
95,94,0,local_loglinear,12,11,83,2.430440108068738,2.518086178466234,1.0903333142142733,0.18664604318516514,1.0080711763767891,0.008071176376789113,1.059387204845344,0.99796612866385,1.061546253342014,0.9052756712230497,0.9089204049557018,0.004018020636290018,0.771163783153123,1.3146783992728734,2.1960848968351385,1.0059931440794789e-9
95,94,0,local_loglinear,13,12,82,2.4467497264634264,2.5363556730429675,1.096462338485446,0.18589728330437613,1.0107647268339477,0.010764726833947691,1.0606054776582279,0.9914539248160469,1.0697476212573482,0.9002102466985978,0.9050435865558788,0.005354760995147367,0.7715859214454203,1.336716853166069,2.1939581368583836,8.72379825271953e-10
95,94,0,local_loglinear,14,13,81,2.458549509613458,2.5498854611980546,1.1010281898650218,0.18530823725467585,1.0124210573995949,0.01242105739959487,1.0616878873942848,0.9853332721780544,1.077491156923434,0.8954295198692697,0.9009774720072554,0.0061767403510542,0.7718416063951508,1.3588800974559028,2.192671481541278,1.6395860924404256e-11
95,94,0,local_loglinear,15,14,80,2.4661048556978757,2.5589466883101513,1.1041184329963356,0.18486641729093445,1.013111042970318,0.013111042970318065,1.0626392262144535,0.9795998158343394,1.084768707627194,0.8909078335528617,0.8967360901068457,0.006520624300598757,0.7719452299320827,1.3811929770485263,2.192150350476424,1.183199693594744e-9
95,94,0,local_loglinear,16,15,79,2.4696783614071234,2.563809016467098,1.1058201236489293,0.1845611786557792,1.0129038872932714,0.01290388729327141,1.0634650920737314,0.9742472658703335,1.0915761627759828,0.8866210768805095,0.8923323191083177,0.006420923519098509,0.7719093242815349,1.4036820385047777,2.1923309018317325,2.0514503450630517e-11
95,94,0,local_loglinear,17,16,78,2.4695269749943525,2.5647374550439688,1.1062188135965607,0.18438345619967283,1.0118664862839593,0.011866486283959254,1.06417168138179,0.9692676240302552,1.0979131614413362,0.8825466897097582,0.8877779558401941,0.00590996840034913,0.7717447944835663,1.426375201120985,2.1931585243230147,1.6111175027634268e-10
95,94,0,local_loglinear,18,17,77,2.4658998514968253,2.5619899327935802,1.1053977924782656,0.18432554556670985,1.0100629676444914,0.010062967644491438,1.0647655953969026,0.9646514852495004,1.10378267351292,0.8786636353438195,0.883083786281619,0.005017927267369507,0.7714611182669822,1.4493015030501883,2.194586581546667,1.1193532231691557e-9
95,94,0,local_loglinear,19,18,76,2.459036800080016,2.555815503328852,1.103437524715444,0.18438092315894866,1.0075543895124008,0.007554389512400839,1.065253659199526,0.9603883278353392,1.109190551701672,0.8749523452913263,0.8782596558606386,0.003772863168055751,0.7710665199082843,1.47249092834934,2.1965753536792847,8.523771050473501e-10
95,94,0,local_loglinear,20,19,75,2.449167217118798,2.546453074871285,1.1004152489350951,0.18454409732915325,1.004398562869651,0.004398562869651013,1.0656427703052092,0.956466821286295,1.114145045692322,0.8713946467779028,0.8733145380005938,0.002200816060775629,0.7705681208998759,1.4959742972214636,2.1990911461354767,1.3244476571817865e-11
95,94,0,local_loglinear,21,20,74,2.436509413130996,2.5341305672228462,1.0964047180545828,0.18481048250805288,1.0006499561692268,0.0006499561692268063,1.065939785113288,0.9528751201727564,1.1186563302440227,0.867973686264054,0.8682565999607346,0.00032589421049630807,0.7699720677002898,1.5197831875741952,2.20210555175888,1.102947153918267e-9
95,94,0,local_loglinear,22,21,73,2.4212702632046645,2.5190644260328523,1.0914760449931864,0.18517629639871067,0.9963596887123802,0.0036403112876197685,1.0661514101325358,0.9496010816790252,1.122736094874106,0.8646738416983165,0.8630932656100707,0.0018296175711123575,0.7692836438977685,1.5439499149356526,2.2055948205939138,1.2379292516662235e-9
95,94,0,local_loglinear,23,22,72,2.403645107994037,2.5014594158722696,1.0856956347198847,0.18563847486706414,0.9915755821548726,0.008424417845127374,1.066284122754951,0.9466325610635765,1.126397048456628,0.8614806322785294,0.8578312745486738,0.0042451438809453235,0.7685073672630712,1.5685075492078666,2.209539328043567,1.1961863115904533e-9
95,94,0,local_loglinear,24,23,71,2.383817848735306,2.481508631172462,1.0791261866428967,0.18619460083887085,0.9863422507063246,0.013657749293675359,1.0663441187123934,0.9439575561977525,1.1296526117208197,0.8583806302145217,0.8524767373858462,0.006901704812726395,0.7676470727598139,1.5934899560494724,2.21392313102421,1.213025519041815e-9
95,94,0,local_loglinear,25,24,70,2.3619611913264427,2.459393675716482,1.0718267548861498,0.18684284340048904,0.9807012110867533,0.019298788913246656,1.0663372800346358,0.9415643771293252,1.1325165925305316,0.8553613793435003,0.8470351871951127,0.00978180842473908,0.7667059824128979,1.6189318467128933,2.2187336039827863,1.6033868561378345e-11
95,94,0,local_loglinear,26,25,69,2.3382370072040386,2.435284980439305,1.063852838949546,0.18758191218979195,0.9746910421428219,0.025308957857178127,1.0662691280372971,0.9394417764419962,1.1350028865819037,0.8524113047155429,0.8415116273757062,0.012869331380261834,0.7656867698185623,1.6448688901680462,2.2239611123922987,6.840401247883346e-11
95,94,0,local_loglinear,27,26,68,2.312796765366283,2.4093422028181397,1.0552565137879517,0.1884110155829879,0.9683475275549127,0.03165247244508729,1.0661448331698826,0.9375790486797649,1.1371252745794131,0.8495196391329606,0.8359105755717449,0.01614941896228267,0.7645916112202795,1.6713378013299254,2.2295987629460763,1.66027874680785e-11
95,94,0,local_loglinear,28,27,67,2.285782024898125,2.3817147012406217,1.0460865763508074,0.18932982931969639,0.9617038236355377,0.03829617636446225,1.0659691977395427,0.9359660913072562,1.1388972395898576,0.8466763466563793,0.8302361043038122,0.01960838098247919,0.7634222317929793,1.6983764707164961,2.2356421850313923,1.1118358683717756e-9
95,94,0,local_loglinear,29,28,66,2.2573249597813487,2.352542050941286,1.0363887059328445,0.19033847129601456,0.954790626806932,0.04520937319306795,1.0657466611894657,0.934593474712712,1.1403318020351783,0.8438720520575966,0.8244918782193251,0.023233594617333014,0.7621799452671945,1.7260241058573882,2.242089351991998,9.447102595739253e-10
95,94,0,local_loglinear,30,29,65,2.22754890093121,2.321954583635071,1.0262056378556135,0.1914374803480132,0.9476363309916821,0.052363669008317903,1.0654813172181434,0.933452450907921,1.1414414480157022,0.8410979791196108,0.8186811882193523,0.027013417807302542,0.7608656859529165,1.7543213719472348,2.2489404465916776,1.0427087688693086e-11
95,94,0,local_loglinear,31,30,64,2.1965688882342955,2.2900739459366197,1.0155773331691855,0.1926278037954294,0.940267201835423,0.059732798164576995,1.0651769103058701,0.9325349936923804,1.1422380044831273,0.8383458848152356,0.8128069828277935,0.030937097835438354,0.7594800395621557,1.783310579053066,2.2561977371720836,5.132778899995668e-11
95,94,0,local_loglinear,32,31,63,2.164492213102175,2.25701364972465,1.0045411575806462,0.19391078531436315,0.9327075218877036,0.06729247811229644,1.0648368709830611,0.9318337779220222,1.1427326377432188,0.8356080083429492,0.806871896696487,0.03499469806335345,0.7580232655599904,1.8130358453982598,2.2638655021869862,9.143180066327688e-12
95,94,0,local_loglinear,33,32,62,2.1314189555567515,2.222879622858304,0.9931320532691591,0.19528815997244894,0.9249797465801709,0.0750202534198291,1.0644643195232435,0.9313421999887411,1.1429357754175766,0.8328770170010288,0.8008782768377984,0.03917702109005036,0.7564953185926643,1.8435433026859562,2.2719499639661747,6.70105293592085e-11
95,94,0,local_loglinear,34,33,61,2.0974425028345625,2.1877707428985347,0.9813827085415731,0.19676205174494618,0.9171046450550746,0.08289535494492539,1.064062090772893,0.9310543407035139,1.142857129014486,0.8301459595020223,0.7948282065154864,0.04347554128206316,0.7548958655434639,1.87488130416038,2.280459249868516,8.85104309793843e-10
95,94,0,local_loglinear,35,34,60,2.0626500489883948,2.1517793536545007,0.9693237228737827,0.19833497471264813,0.9091014340159015,0.09089856598409851,1.0636327528189786,0.9309649558312656,1.142505683115916,0.8274082227737231,0.7887235271126198,0.0478823418635915,0.7532242995200875,1.9071006497660452,2.289403374450819,8.095843562640709e-12
95,94,0,local_loglinear,36,35,59,2.027123072954114,2.114991762041583,0.9569837626061035,0.20000983887466176,0.9009879093348032,0.09901209066519678,1.0631786207028997,0.9310694652707773,1.1418896874613989,0.824657489700639,0.7825658581484574,0.05239005349028858,0.7514797525858773,1.9402548398160173,2.298794233442048,8.652156647783676e-10
95,94,0,local_loglinear,37,36,58,1.9909377905407823,2.0774887079074227,0.9443897142726934,0.2017899568457237,0.8927805574127666,0.10721944258723337,1.0627017853092817,0.9313638996789863,1.1410167236195903,0.8218877056217063,0.7763566155264146,0.056991803847818046,0.7496611039761847,1.9744003248982593,2.308645627567635,9.305378878497439e-10
95,94,0,local_loglinear,38,37,57,1.9541655850516602,2.039345814754736,0.9315668246495459,0.20367905713808176,0.8844946752333557,0.11550532476664432,1.0622041172160088,0.9318449030372367,1.139893681613627,0.8190930404372723,0.7700970283673354,0.06168116211261088,0.7477669892320503,2.009596808133409,2.3189732877950853,8.314974559783091e-10
95,94,0,local_loglinear,39,38,56,1.9168734089117976,2.0006340088472916,0.9185388398769138,0.20568129653872944,0.876144462323539,0.12385553767646096,1.0616873006935545,0.932509676445744,1.1385268458984472,0.8162678627324725,0.7637881543190479,0.06645209845685005,0.7457958040884907,2.045907530626016,2.3297949360749577,6.4674538754195955e-12
95,94,0,local_loglinear,40,39,55,1.8791241651651944,1.961419920574799,0.9053281292246198,0.20780128034699866,0.8677431276718052,0.13225687232819483,1.0611528308921188,0.9333559572810092,1.1369219027469424,0.8134067064355247,0.7574308938020293,0.07129893446314192,0.743745710770086,2.0833996263660017,2.3411303409977413,1.0299239025419797e-9
95,94,0,local_loglinear,41,40,54,1.840977059875458,1.921766253765691,0.8919558074550236,0.21004408197149477,0.8593029699380492,0.14069703006195078,1.0606020454904357,0.934382003871783,1.1350839818143295,0.8105042487882252,0.7510260029738554,0.07621630771306362,0.7416146394304142,2.1221444656689,2.353001408976296,1.0397843592844365e-9
95,94,0,local_loglinear,42,41,53,1.8024879342348108,1.8817321359949502,0.8784418441650649,0.21241526946980574,0.8508354672590241,0.14916453274097585,1.0600361249129213,0.9355865374913941,1.1330177192964066,0.8075552831656629,0.7445741058395972,0.08119912997805565,0.7394002913057516,2.1622180633989934,2.3654322761401754,9.149208916403024e-10
95,94,0,local_loglinear,43,42,52,1.7637095704581438,1.8413734396903627,0.864805172272785,0.21492093145121036,0.8423513415383964,0.15764865846160359,1.0594561219228373,0.9369687238202634,1.1307273071006694,0.8045547028970006,0.7380757053692288,0.08624255912330922,0.7371001373862313,2.20370147900999,2.378449436635728,6.004887262247612e-12
95,94,0,local_loglinear,44,43,51,1.724691980179413,1.800743087767193,0.8510637807162308,0.21756771231617839,0.8338606412837656,0.16613935871623442,1.0588629522523845,0.9385281563386909,1.1282165005929432,0.8014974757643568,0.731531194025278,0.0913419591872568,0.7347114207884862,2.2466813090039506,2.3920818630606915,1.258454034051788e-9
95,94,0,local_loglinear,45,44,50,1.6854826665690972,1.7598913292957883,0.8372348083883527,0.2203628461774115,0.8253727946396873,0.17462720536031273,1.0582574272988912,0.940264797805384,1.1254887237817546,0.7983786316324302,0.7249408634217545,0.09649287681793745,0.7322311537946494,2.2912501663938487,2.4063611714344564,1.167951084528524e-9
95,94,0,local_loglinear,46,45,49,1.6461268706187326,1.7188660008077818,0.8233346245657079,0.2233141998482586,0.8168966776909781,0.18310332230902193,1.0576402462437846,0.9421789602576903,1.1225470859108497,0.7951932423679623,0.7183049135798167,0.1016910076529274,0.7296561181551973,2.337507254143111,2.421321784022598,1.0165620494620014e-9
95,94,0,local_loglinear,47,46,48,1.606667794668852,1.6777127616565986,0.8093789100511121,0.2264303155106455,0.808440657039247,0.19155934296075305,1.057012024374657,0.9442712922879428,1.1193944293419602,0.7919364133643872,0.7116234615531383,0.10693217704493838,0.7269828609832595,2.3855589386381295,2.437001135932836,8.797355965761268e-10
95,94,0,local_loglinear,48,47,47,1.5671468119799588,1.6364753170753843,0.7953827242904333,0.22972046398428536,0.8000126506211772,0.1999873493788228,1.05637328116954,0.946542711888246,1.1160334001856023,0.7886032660229959,0.7048965498241895,0.11221230877353311,0.7242076948133986,2.4355194368290083,2.4534398783587843,4.69083532336973e-12
95,94,0,local_loglinear,49,48,46,1.5276036548483272,1.5951956169220431,0.7813605725514371,0.2331946993147832,0.7916201665878211,0.20837983341217892,1.0557244647932882,0.948994389487163,1.1124664976826704,0.7851889302672205,0.6981241542011782,0.11752740603081782,0.7213266939088567,2.48751152234875,2.470682126911059,1.356153958772421e-9
95,94,0,local_loglinear,50,49,45,1.4880765885208107,1.553914040322462,0.7673264647258585,0.2368639211994267,0.7832703462269001,0.21672965377309994,1.0550659520962975,0.9516277318816653,1.108696096960208,0.7816885349994994,0.6913061915576939,0.12287352905737683,0.7183356923166865,2.5416673213013232,2.488775726055969,1.0940894477718473e-9
95,94,0,local_loglinear,51,50,44,1.448602568644533,1.512669562322704,0.753293971902415,0.2407399420350377,0.7749699964606481,0.22503000353935187,1.054398062557115,0.95444430332655,1.1047245594972839,0.7780972035531364,0.6844425273633492,0.12824677841641174,0.7152302804008183,2.5981291658129213,2.5077725523221295,9.61781142456648e-10
95,94,0,local_loglinear,52,51,43,1.4092173855626318,1.4714999081082498,0.7392762715021174,0.2448355650814961,0.7667256331486566,0.2332743668513434,1.0537210503975898,0.9574458332543554,1.1005542181075614,0.7744100438926221,0.6775329831727814,0.13364327056221426,0.7120058051954574,2.6570505756255685,2.527728827547672,4.220741528749976e-12
95,94,0,local_loglinear,53,52,42,1.3699557909756817,1.4304416871407366,0.7252861934888979,0.24916466629032105,0.7585435055354411,0.24145649446455886,1.0530351262735829,0.9606341363227066,1.0961874937159592,0.7706221481291433,0.6705773439207146,0.13905912451447622,0.7086573676259248,2.718597290700987,2.5487054883462132,1.3641615607173818e-9
95,94,0,local_loglinear,54,53,41,1.330851612877977,1.3895305156266933,0.7113362592145293,0.2537422863055569,0.750429624411324,0.249570375588676,1.0523404561518055,0.9640110825150088,1.0916269275726107,0.7667285906377734,0.6635753653163226,0.14449044554760448,0.7051798222217762,2.7829484283360832,2.570768582409588,1.0840798582408778e-9
95,94,0,local_loglinear,55,54,40,1.2919378568047937,1.3488011242557056,0.6974387174302975,0.25858473077442773,0.7423897841759082,0.2576102158240918,1.0516371704788694,0.9675785725509491,1.086875216455348,0.7627244296795632,0.6565267812920415,0.1499333122217158,0.7015677768303911,2.8502977472008135,2.593989712010289,9.81141582024329e-10
95,94,0,local_loglinear,56,55,39,1.2532467950475448,1.3082874541538425,0.6836055712281236,0.2637096838634023,0.7344295913884671,0.2655704086115329,1.0509253591247387,0.9713384362258972,1.0819353172186554,0.7586047063566288,0.6494313116074029,0.15538375852114206,0.6978155961956003,2.920855074265063,2.6184465057013684,3.5071573734002637e-12
95,94,0,local_loglinear,57,56,38,1.2148100410969327,1.2680227362800323,0.6698486050011982,0.2691363298408753,0.7265544798103809,0.2734455201896191,1.050205087865618,0.9752924345287662,1.0768104526239326,0.7543644510125549,0.6422886695214378,0.16083776437840974,0.6939174042735137,2.9948478422952394,2.644223157087291,1.2980080194324445e-9
95,94,0,local_loglinear,58,57,37,1.1766586130724952,1.2280395596398845,0.6561794053244696,0.274885488051368,0.7187697269428414,0.28123027305715864,1.0494763985737325,0.9794421493365727,1.0715042223622884,0.7499986898599067,0.6350985697405296,0.16629124489144886,0.6898670896553679,3.072522801870022,2.6714110100391006,1.011118813980794e-9
95,94,0,local_loglinear,59,58,36,1.1388229849567117,1.1883699264150323,0.6426093793116302,0.2809797603534518,0.7110804653291989,0.2889195346708011,1.0487393172645052,0.9837889353560523,1.066020646882907,0.7455024553395205,0.627860736625611,0.17174004283578104,0.6856583122377062,3.154147902517901,2.7001092102023883,9.260645623916337e-10
95,94,0,local_loglinear,60,59,35,1.1013331268428765,1.1490452964805018,0.6291497636890654,0.28744369718287954,0.7034917017993282,0.2965082982006718,1.0479938465216252,0.9883338729373173,1.060364189893643,0.7408707935804854,0.6205749127378246,0.17717991546330186,0.6812845155623003,3.2400144163942155,2.7304254013870413,2.6706538428752094e-12
95,94,0,local_loglinear,61,60,34,1.064218531280561,1.1100966162137895,0.6158116349574844,0.29430397571501643,0.6960083217454771,0.3039916782545229,1.04723998373766,0.9930776355590044,1.0545398931959309,0.7360987807553431,0.6132408676083214,0.18260653147059042,0.6767389386735952,3.3304392387548414,2.76247651771524,1.1413466497152619e-9
95,94,0,local_loglinear,62,61,33,1.0275082295271423,1.071554337303953,0.6026059126807328,0.301589598025582,0.6886350975801517,0.31136490241984827,1.046477717855813,0.9980204679786702,1.0485533628135755,0.7311815388065321,0.6058584069433217,0.18801546515858192,0.6720146333461687,3.425767463048416,2.796389642604014,8.88958035415259e-10
95,94,0,local_loglinear,63,62,32,0.9912307959306216,1.0334484227654228,0.5895433608096555,0.3093321073182442,0.6813766909865769,0.31862330901342306,1.0457070381859093,1.003162027221315,1.0424109065236857,0.726114255931553,0.5984273821949224,0.1934021951295395,0.667104483843559,3.5263752180460317,2.832302965515647,2.1955397608617094e-12
95,94,0,local_loglinear,64,63,31,0.9554143418202233,0.9958083428006388,0.5766345801551098,0.31756582979674675,0.6742376627996708,0.3257623372003292,1.0449279262798103,1.0085013485907495,1.0361195131171241,0.7208922047231388,0.5909477005696542,0.19876209771882264,0.6620012341067555,3.632672863254468,2.8703668136371747,4.415861546477069e-11
95,94,0,local_loglinear,65,64,30,0.920086496503828,0.958663056069707,0.5638900024705245,0.326328134864774,0.6672224673741303,0.33277753262586973,1.0441403751479548,1.014036672036639,1.0296869964780013,0.7155107700363342,0.5834193353458867,0.2040904519409637,0.6566975158956124,3.745108473579408,2.910744818958528,1.1417656227348586e-10
95,94,0,local_loglinear,66,65,29,0.8852743789881249,0.9220409820721199,0.5513198767537761,0.3356597250748132,0.6603354548153999,0.3396645451846001,1.0433443812311483,1.0197653946105876,1.0231219717252364,0.7099654745746714,0.5758423366854348,0.20938243929817413,0.6511858850093158,3.864171760289305,2.953615183953847,1.3838244490300375e-9
95,94,0,local_loglinear,67,66,28,0.8510045583074435,0.8859699612155308,0.5389342535061314,0.345604951987838,0.6535808655895007,0.3464191344104993,1.0425399537770939,1.0256838753102333,1.016433989918933,0.7042520101937012,0.5682168427900625,0.2146331497848451,0.6454588619021638,3.9903984031635344,2.9991720886843862,1.9479957155476243e-12
95,94,0,local_loglinear,68,67,27,0.8173030040716018,0.8504772051370216,0.5267429635543776,0.3562121663796129,0.6469628303753575,0.3530371696246425,1.0417271104355803,1.0317873790187948,1.0096335074637548,0.6983662681764983,0.5605430914567806,0.21983758469878573,0.6395089796867388,4.1243749128272205,3.0476272338602635,1.237148139447931e-9
95,94,0,local_loglinear,69,68,26,0.7841950264333731,0.8155892352811485,0.514755595768476,0.3675340962585107,0.6404853562902416,0.3595146437097584,1.0409058919850718,1.0380698623490159,1.0027320219369806,0.6923043783403512,0.552821431899962,0.22499067058398214,0.6333288367874239,4.266743978626467,3.099211560185387,2.175882544084487e-12
95,94,0,local_loglinear,70,69,25,0.7517052081014758,0.7813318140812071,0.5029814682558159,0.37962826837148694,0.6341523255053145,0.36584767449468547,1.0400763500686763,1.0445239081959945,0.995742023622035,0.6860627431973461,0.5450523369477154,0.23008726478097902,0.6269111589091342,4.418210513932001,3.154177126386479,1.2955633494376097e-9
95,94,0,local_loglinear,71,70,24,0.719857326662053,0.7477298651708048,0.49142960020013027,0.3925574621576298,0.6279674783778477,0.3720325216221523,1.0392385647097315,1.051140495761148,0.9886771263219213,0.6796380816379324,0.5372364153611799,0.23512217390296813,0.6202488650899303,4.579548314027253,3.2127992101716987,2.0309962364217357e-12
95,94,0,local_loglinear,72,71,23,0.6886742704945484,0.7148073878167885,0.4801086770275892,0.4063902134260517,0.6219344083717999,0.3780655916282001,1.0383926311008767,1.0579089310565593,0.9815520037852491,0.6730274675759942,0.5293744243778755,0.2400901644023567,0.6133351438738417,4.751607574853848,3.2753786042586492,1.3266422459640789e-9
95,94,0,local_loglinear,73,72,22,0.6581779470374431,0.6825873625701213,0.46902701720413953,0.4212013564229822,0.616056542355255,0.383943457644745,1.0375386767373629,1.0648166042068437,0.9743825111651039,0.6662283771833685,0.5214672822112887,0.24498598582153186,0.6061635333190974,4.93532320207275,3.3422441855449208,1.8636558974918646e-12
95,94,0,local_loglinear,74,73,21,0.6283891867350858,0.6510916532837263,0.45819253328629334,0.4370726224796156,0.6103371328536374,0.38966286714636256,1.0366768475140686,1.0718489117785521,0.967185613683069,0.6592387303591531,0.5135160805626287,0.2498043859659102,0.5987280107657962,5.131724193846235,3.4137557308387145,1.3559971562443928e-9
95,94,0,local_loglinear,75,74,20,0.5993276419833521,0.620340903208908,0.44761269518805497,0.4540932830360919,0.6047792368055552,0.39522076319444477,1.0358073236562793,1.078989070172812,0.959979440283286,0.6520569394440963,0.5055220968502825,0.2545401381850413,0.5910230858930241,5.3419440445276125,3.490307064767291,1.7131265633991666e-12
95,94,0,local_loglinear,76,75,19,0.571011684388092,0.5903544301062484,0.43729448922483494,0.47236085512946435,0.5993857056143888,0.40061429438561125,1.0349303062569304,1.086217925460321,0.9527833061844788,0.6446819516425272,0.49748680616601215,0.25918806097656466,0.5830439020488196,5.567232487300749,3.572329522175599,1.382673366662355e-9
95,94,0,local_loglinear,77,76,18,0.5434583003292522,0.5611501190146346,0.42724437996994385,0.49198185670469663,0.5941591636390315,0.40584083636096846,1.0340460311792512,1.0935139013907818,0.945617636743441,0.6371132966650438,0.48941189265013196,0.2637430483301802,0.5747863395884881,5.8089685600684495,3.660295815616209,8.4410689010821e-10
95,94,0,local_loglinear,78,77,17,0.5166829880147947,0.5327443172849764,0.41746826931399283,0.5130726290701926,0.5891019979035412,0.41089800209645877,1.033154755440459,1.100852758990769,0.9385040342612452,0.6293511270267086,0.48129926024328074,0.2682000922040718,0.5662471251748624,6.068675356458807,3.754724300905467,9.214484119250085e-13
95,94,0,local_loglinear,79,78,16,0.4906996565093572,0.5051517313764583,0.4079714580458738,0.5357602152263886,0.5842163412954848,0.41578365870451517,1.0322567649751628,1.108207576509804,0.9314651757084704,0.6213962596918966,0.4731510424941433,0.27255431151986254,0.5574239415071465,6.348036524262929,3.8561837307960345,4.452769322207226e-11
95,94,0,local_loglinear,80,79,15,0.46552052949806977,0.47838532892593677,0.39875860774466626,0.5601833025732922,0.5795040613997697,0.42049593860023027,1.0313523680092629,1.1155486064302924,0.9245248141266978,0.6132502120717503,0.4649696113067431,0.276800977531373,0.5483155382416335,6.648914849173414,3.9652985262240805,1.1945214317727898e-10
95,94,0,local_loglinear,81,80,14,0.4411560552110934,0.45245624756596325,0.38983370291137376,0.5864932294797565,0.5749667545006754,0.42503324549932464,1.0304418878872161,1.1228431525983407,0.9177077720095622,0.6049152319774597,0.45675758436946656,0.280935535581776,0.5389218424087684,6.973373204955847,4.082754620290341,9.669117608626961e-10
95,94,0,local_loglinear,82,81,13,0.41761482412861917,0.42737371219075787,0.38120001369277356,0.6148550548842293,0.5706057458001553,0.42939425419984467,1.0295256545926141,1.1300556104415687,0.9110398152798228,0.596394320396855,0.44851783102297293,0.28495362197367846,0.5292440661285184,7.323698209560227,4.2093059386622995,1.1049960908771704e-12
95,94,0,local_loglinear,83,82,12,0.3949034960644127,0.4031449627943474,0.37286005660937155,0.6454486979560553,0.5664221052290431,0.4335778947709569,1.0286039832772058,1.137147408110564,0.9045476214788114,0.5876912417552471,0.44025347632792555,0.28885106732622,0.5192848114532643,7.702427090877381,4.345781555109801,1.0997953325026293e-9
95,94,0,local_loglinear,84,83,11,0.37302673760076893,0.37977519390256426,0.3648155522044633,0.6784701442043494,0.5624166765601593,0.43758332343984074,1.0276771522948702,1.1440769886714162,0.8982587382412807,0.5788105225533502,0.43196790302235766,0.2926238876146432,0.5090481704514787,8.112378228769984,4.493093577744032,9.21208699001361e-13
95,94,0,local_loglinear,85,84,10,0.3519871709444961,0.35726750800641277,0.3570673717147867,0.7141327492695507,0.5585901468760096,0.4414098531239904,1.0267453442157275,1.1507999948703633,0.8922013805981894,0.5697574245795473,0.42366475112421287,0.296268238166718,0.4985398239187089,8.556686343656713,4.652245736349254,5.714777221272496e-11
95,94,0,local_loglinear,86,85,9,0.3317853336483276,0.33562288276968094,0.3496154678847129,0.7526686568651003,0.5549431587658353,0.44505684123416467,1.0258085757825086,1.1572693767432989,0.8864043207202653,0.5605378921734421,0.41534791472879806,0.2997803267048965,0.48776713844917663,9.038843238767189,4.824342658356841,1.526066172779381e-10
95,94,0,local_loglinear,87,86,8,0.31241964872442857,0.3148401539934215,0.3424587720526694,0.7943304154373536,0.5514765096934833,0.4485234903065167,1.0248665585658379,1.1634357080226227,0.8808965991835533,0.5511584527291599,0.4070215356325262,0.3031562436781249,0.47673927166372404,9.562745919007924,5.010599610626422,3.110924135195838e-10
95,94,0,local_loglinear,88,87,7,0.29388640232163804,0.2949160139574386,0.3355950364271458,0.8393929221369112,0.5481914800468082,0.4518085199531918,1.0239184863249944,1.1692475753184637,0.8757071709523224,0.5416260530545183,0.39868999314131737,0.3063916689535976,0.46546729570351675,10.132754531782739,5.212352341872503,5.72935985129222e-10
95,94,0,local_loglinear,89,88,6,0.2761797245756417,0.2758450256231427,0.3290205825003956,0.8881559580861708,0.545090373076564,0.45490962692343595,1.0229626811562915,1.1746524073380615,0.8708641592745536,0.5319477965055248,0.3903578892792682,0.30948137451219115,0.4539643610944044,10.753764250292022,5.431066224011242,1.003878361754444e-9
95,94,0,local_loglinear,90,89,5,0.259291565855222,0.257619652552294,0.322729894283577,0.9409477974376708,0.5421773950791909,0.45782260492080906,1.0219960185615122,1.1795975654564836,0.8663938011486295,0.5221305289206047,0.38203002823051846,0.3124183985770266,0.4422459360485782,11.431297799101905,5.668343206435185,1.7108373840777123e-9
95,94,0,local_loglinear,91,90,4,0.24321165588024832,0.240230304579541,0.3167149569164542,0.9981307723659677,0.5394600842936849,0.46053991570631514,1.021012992512899,1.1840320963945203,0.8623186783719559,0.5121801913516694,0.37371138830283424,0.3151926888787795,0.4303301788467245,12.171629892647175,5.925923848521447,2.867280245795749e-9
95,94,0,local_loglinear,92,91,3,0.22792742576959243,0.2236653998489868,0.31096418020414857,1.0601103859684289,0.5369516251230957,0.4630483748769043,1.020004198266246,1.187909746755215,0.8586546251113736,0.5021008113246123,0.36540708384441933,0.3177888885985679,0.4182385362993197,12.981962809508587,6.205679490735734,4.753927822935342e-9
95,94,0,local_loglinear,93,92,2,0.2134238615267582,0.20791144523309388,0.3054606490508277,1.1273508200784028,0.5346745895922007,0.4653254104077993,1.0189538785617618,1.1911935562007823,0.8554058013977466,0.49189293340318213,0.3571223132282988,0.32018274059083185,0.4059967169749795,13.870686207675025,6.509585738657656,7.82377591883599e-9
95,94,0,local_loglinear,94,93,1,0.19968323936257623,0.19295314022925603,0.3001792852711644,1.2004019049623753,0.5326669798219876,0.46733302017801237,1.0178359673796005,1.1938632885821057,0.8525565507491528,0.48155118082047643,0.34886228702703137,0.322335268843858,0.3936362774486106,14.847778659552837,6.839661558551685,1.2805455741131802e-8
95,94,0,local_loglinear,95,94,0,0.18668466467750985,0.1787735152803986,0.2950822521450684,1.2799465400933168,0.5309919792054661,0.46900802079453385,1.0166077405083898,1.1959276872644369,0.8500578683262837,0.4710604764938309,0.34063212751560856,0.32418339595798096,0.3811972048081044,15.925451244247192,7.197846119166223,4.072143329253442e-7
100,99,0,local_loglinear,1,0,99,1.891117961702422,1.9428526771862202,0.8997793665391877,0.21227216161864204,0.8920704391253633,0.10792956087463668,,,,0.9880491462976563,0.9337836851161863,0.05648762883966721,0.7484992857228352,1.0769936921911165,2.314972239768629,2.2026407712950254e-11
100,99,0,local_loglinear,2,1,98,1.9694842103461818,2.0253336123701144,0.9270390555600174,0.2078947558221351,0.909878753345489,0.09012124665451104,1.0396491854458558,1.0843741351411467,0.9587550567226788,0.9779677237590533,0.9332776870994215,0.04677388244599348,0.7526055737332547,1.0981306124113286,2.292727366039018,1.0005321777803343e-9
100,99,0,local_loglinear,3,2,97,2.0420803690515,2.101942089840419,0.9523612810797543,0.2041053208453425,0.9262210420382928,0.07377895796170719,1.0421804127906948,1.074025330016524,0.9703499383712495,0.9684625560930851,0.932346418224445,0.03800538134896995,0.7561498532732459,1.1194468319834576,2.2737838444967493,2.4488363837090035e-11
100,99,0,local_loglinear,4,3,96,2.1087135593577693,2.1724549217386127,0.9756750637289687,0.2008228895032129,0.9410621113885157,0.0589378886114843,1.0446078724078285,1.064059738106111,0.9817191977088576,0.9595216294279774,0.931016078795081,0.03015831000413262,0.7591967258074893,1.1408906094063627,2.2576859114648173,9.332569921762675e-10
100,99,0,local_loglinear,5,4,95,2.169289646583418,2.2367512693390985,0.9969426481666126,0.19798013954412938,0.954391704316045,0.04560829568395497,1.0469218143856014,1.0544692244466733,0.9928424558193888,0.951125633099479,0.9293125748981537,0.02320101407605303,0.761802842497355,1.1624243150352525,2.2440519426154655,2.1488815761246136e-11
100,99,0,local_loglinear,6,5,94,2.2237996507207867,2.2947994555585627,1.0161551044413641,0.19552089922392754,0.966220683117298,0.03377931688270197,1.0491133688006828,1.0452515893339807,1.0036945932501886,0.9432501057655946,0.9272611384123424,0.01709624236804117,0.7640177511500399,1.1840225588479112,2.232561439581732,1.0499541375261947e-9
100,99,0,local_loglinear,7,6,93,2.2723061706024903,2.346643560554805,1.0333278880123413,0.19339814244322784,0.9765773165706799,0.02342268342932008,1.0511749734741052,1.0364086352474653,1.0142476024653289,0.9358671680672994,0.9248860508679368,0.011803010275518763,0.7658847122434852,1.205670439247397,2.2229444275328025,8.295536416040022e-10
100,99,0,local_loglinear,8,7,92,2.314930393241448,2.3923904068542745,1.0484965609005612,0.19157237244705613,0.9855037944068016,0.014496205593198419,1.0531006657779933,1.027944463606296,1.0244723358725458,0.9289468964811154,0.9222104525846169,0.0072781210481598635,0.7674414569711421,1.2273619389665278,2.2149728191586755,1.863807593833481e-11
100,99,0,local_loglinear,9,8,91,2.3518400742093437,2.4321973592465223,1.0617128159038027,0.1900103127951681,0.9930530403216196,0.006946959678380438,1.0548862535648595,1.019864043920539,1.0343400768495463,0.9224583974057079,0.9192562205269574,0.0034773901171895605,0.768720872939916,1.249098470948718,2.208453383792652,1.2345950341539594e-9
100,99,0,local_loglinear,10,9,90,2.3832387273019777,2.466261223102666,1.0730408755742504,0.18868384874726674,0.9992859012241662,0.000714098775833838,1.0565293484466423,1.0121720758300587,1.0438238454466422,0.9163706176820291,0.9160439007044676,0.00035659724123045244,0.7697516194347822,1.2708876137042526,2.2032219897393515,2.5582935261915782e-11
100,99,0,local_loglinear,11,10,89,2.409356121887362,2.4948083748994767,1.0825543142297043,0.18756916535686882,1.0042687040663885,0.004268704066388462,1.0580293249360375,1.0048721390123008,1.0528994524377853,0.9106529497302457,0.9125926825113164,0.0021277807867533527,0.7705586694499882,1.292742006981457,2.1991388964211787,4.956070313250986e-10
100,99,0,local_loglinear,12,11,88,2.430440108068738,2.518086178466234,1.0903333142142733,0.18664604318516514,1.0080711763767891,0.008071176376789113,1.059387204845344,0.99796612866385,1.061546253342014,0.9052756712230497,0.9089204049557018,0.004018020636290018,0.771163783153123,1.3146783992728734,2.1960848968351385,1.0059931440794789e-9
100,99,0,local_loglinear,13,12,87,2.4467497264634264,2.5363556730429675,1.096462338485446,0.18589728330437613,1.0107647268339477,0.010764726833947691,1.0606054776582279,0.9914539248160469,1.0697476212573482,0.9002102466985978,0.9050435865558788,0.005354760995147367,0.7715859214454203,1.336716853166069,2.1939581368583836,8.72379825271953e-10
100,99,0,local_loglinear,14,13,86,2.458549509613458,2.5498854611980546,1.1010281898650218,0.18530823725467585,1.0124210573995949,0.01242105739959487,1.0616878873942848,0.9853332721780544,1.077491156923434,0.8954295198692697,0.9009774720072554,0.0061767403510542,0.7718416063951508,1.3588800974559028,2.192671481541278,1.6395860924404256e-11
100,99,0,local_loglinear,15,14,85,2.4661048556978757,2.5589466883101513,1.1041184329963356,0.18486641729093445,1.013111042970318,0.013111042970318065,1.0626392262144535,0.9795998158343394,1.084768707627194,0.8909078335528617,0.8967360901068457,0.006520624300598757,0.7719452299320827,1.3811929770485263,2.192150350476424,1.183199693594744e-9
100,99,0,local_loglinear,16,15,84,2.4696783614071234,2.563809016467098,1.1058201236489293,0.1845611786557792,1.0129038872932714,0.01290388729327141,1.0634650920737314,0.9742472658703335,1.0915761627759828,0.8866210768805095,0.8923323191083177,0.006420923519098509,0.7719093242815349,1.4036820385047777,2.1923309018317325,2.0514503450630517e-11
100,99,0,local_loglinear,17,16,83,2.4695269749943525,2.5647374550439688,1.1062188135965607,0.18438345619967283,1.0118664862839593,0.011866486283959254,1.06417168138179,0.9692676240302552,1.0979131614413362,0.8825466897097582,0.8877779558401941,0.00590996840034913,0.7717447944835663,1.426375201120985,2.1931585243230147,1.6111175027634268e-10
100,99,0,local_loglinear,18,17,82,2.4658998514968253,2.5619899327935802,1.1053977924782656,0.18432554556670985,1.0100629676444914,0.010062967644491438,1.0647655953969026,0.9646514852495004,1.10378267351292,0.8786636353438195,0.883083786281619,0.005017927267369507,0.7714611182669822,1.4493015030501883,2.194586581546667,1.1193532231691557e-9
100,99,0,local_loglinear,19,18,81,2.459036800080016,2.555815503328852,1.103437524715444,0.18438092315894866,1.0075543895124008,0.007554389512400839,1.065253659199526,0.9603883278353392,1.109190551701672,0.8749523452913263,0.8782596558606386,0.003772863168055751,0.7710665199082843,1.47249092834934,2.1965753536792847,8.523771050473501e-10
100,99,0,local_loglinear,20,19,80,2.449167217118798,2.546453074871285,1.1004152489350951,0.18454409732915325,1.004398562869651,0.004398562869651013,1.0656427703052092,0.956466821286295,1.114145045692322,0.8713946467779028,0.8733145380005938,0.002200816060775629,0.7705681208998759,1.4959742972214636,2.1990911461354767,1.3244476571817865e-11
100,99,0,local_loglinear,21,20,79,2.436509413130996,2.5341305672228462,1.0964047180545828,0.18481048250805288,1.0006499561692268,0.0006499561692268063,1.065939785113288,0.9528751201727564,1.1186563302440227,0.867973686264054,0.8682565999607346,0.00032589421049630807,0.7699720677002898,1.5197831875741952,2.20210555175888,1.102947153918267e-9
100,99,0,local_loglinear,22,21,78,2.4212702632046645,2.5190644260328523,1.0914760449931864,0.18517629639871067,0.9963596887123802,0.0036403112876197685,1.0661514101325358,0.9496010816790252,1.122736094874106,0.8646738416983165,0.8630932656100707,0.0018296175711123575,0.7692836438977685,1.5439499149356526,2.2055948205939138,1.2379292516662235e-9
100,99,0,local_loglinear,23,22,77,2.403645107994037,2.5014594158722696,1.0856956347198847,0.18563847486706414,0.9915755821548726,0.008424417845127374,1.066284122754951,0.9466325610635765,1.126397048456628,0.8614806322785294,0.8578312745486738,0.0042451438809453235,0.7685073672630712,1.5685075492078666,2.209539328043567,1.1961863115904533e-9
100,99,0,local_loglinear,24,23,76,2.383817848735306,2.481508631172462,1.0791261866428967,0.18619460083887085,0.9863422507063246,0.013657749293675359,1.0663441187123934,0.9439575561977525,1.1296526117208197,0.8583806302145217,0.8524767373858462,0.006901704812726395,0.7676470727598139,1.5934899560494724,2.21392313102421,1.213025519041815e-9
100,99,0,local_loglinear,25,24,75,2.3619611913264427,2.459393675716482,1.0718267548861498,0.18684284340048904,0.9807012110867533,0.019298788913246656,1.0663372800346358,0.9415643771293252,1.1325165925305316,0.8553613793435003,0.8470351871951127,0.00978180842473908,0.7667059824128979,1.6189318467128933,2.2187336039827863,1.6033868561378345e-11
100,99,0,local_loglinear,26,25,74,2.3382370072040386,2.435284980439305,1.063852838949546,0.18758191218979195,0.9746910421428219,0.025308957857178127,1.0662691280372971,0.9394417764419962,1.1350028865819037,0.8524113047155429,0.8415116273757062,0.012869331380261834,0.7656867698185623,1.6448688901680462,2.2239611123922987,6.840401247883346e-11
100,99,0,local_loglinear,27,26,73,2.312796765366283,2.4093422028181397,1.0552565137879517,0.1884110155829879,0.9683475275549127,0.03165247244508729,1.0661448331698826,0.9375790486797649,1.1371252745794131,0.8495196391329606,0.8359105755717449,0.01614941896228267,0.7645916112202795,1.6713378013299254,2.2295987629460763,1.66027874680785e-11
100,99,0,local_loglinear,28,27,72,2.285782024898125,2.3817147012406217,1.0460865763508074,0.18932982931969639,0.9617038236355377,0.03829617636446225,1.0659691977395427,0.9359660913072562,1.1388972395898576,0.8466763466563793,0.8302361043038122,0.01960838098247919,0.7634222317929793,1.6983764707164961,2.2356421850313923,1.1118358683717756e-9
100,99,0,local_loglinear,29,28,71,2.2573249597813487,2.352542050941286,1.0363887059328445,0.19033847129601456,0.954790626806932,0.04520937319306795,1.0657466611894657,0.934593474712712,1.1403318020351783,0.8438720520575966,0.8244918782193251,0.023233594617333014,0.7621799452671945,1.7260241058573882,2.242089351991998,9.447102595739253e-10
100,99,0,local_loglinear,30,29,70,2.22754890093121,2.321954583635071,1.0262056378556135,0.1914374803480132,0.9476363309916821,0.052363669008317903,1.0654813172181434,0.933452450907921,1.1414414480157022,0.8410979791196108,0.8186811882193523,0.027013417807302542,0.7608656859529165,1.7543213719472348,2.2489404465916776,1.0427087688693086e-11
100,99,0,local_loglinear,31,30,69,2.1965688882342955,2.2900739459366197,1.0155773331691855,0.1926278037954294,0.940267201835423,0.059732798164576995,1.0651769103058701,0.9325349936923804,1.1422380044831273,0.8383458848152356,0.8128069828277935,0.030937097835438354,0.7594800395621557,1.783310579053066,2.2561977371720836,5.132778899995668e-11
100,99,0,local_loglinear,32,31,68,2.164492213102175,2.25701364972465,1.0045411575806462,0.19391078531436315,0.9327075218877036,0.06729247811229644,1.0648368709830611,0.9318337779220222,1.1427326377432188,0.8356080083429492,0.806871896696487,0.03499469806335345,0.7580232655599904,1.8130358453982598,2.2638655021869862,9.143180066327688e-12
100,99,0,local_loglinear,33,32,67,2.1314189555567515,2.222879622858304,0.9931320532691591,0.19528815997244894,0.9249797465801709,0.0750202534198291,1.0644643195232435,0.9313421999887411,1.1429357754175766,0.8328770170010288,0.8008782768377984,0.03917702109005036,0.7564953185926643,1.8435433026859562,2.2719499639661747,6.70105293592085e-11
100,99,0,local_loglinear,34,33,66,2.0974425028345625,2.1877707428985347,0.9813827085415731,0.19676205174494618,0.9171046450550746,0.08289535494492539,1.064062090772893,0.9310543407035139,1.142857129014486,0.8301459595020223,0.7948282065154864,0.04347554128206316,0.7548958655434639,1.87488130416038,2.280459249868516,8.85104309793843e-10
100,99,0,local_loglinear,35,34,65,2.0626500489883948,2.1517793536545007,0.9693237228737827,0.19833497471264813,0.9091014340159015,0.09089856598409851,1.0636327528189786,0.9309649558312656,1.142505683115916,0.8274082227737231,0.7887235271126198,0.0478823418635915,0.7532242995200875,1.9071006497660452,2.289403374450819,8.095843562640709e-12
100,99,0,local_loglinear,36,35,64,2.027123072954114,2.114991762041583,0.9569837626061035,0.20000983887466176,0.9009879093348032,0.09901209066519678,1.0631786207028997,0.9310694652707773,1.1418896874613989,0.824657489700639,0.7825658581484574,0.05239005349028858,0.7514797525858773,1.9402548398160173,2.298794233442048,8.652156647783676e-10
100,99,0,local_loglinear,37,36,63,1.9909377905407823,2.0774887079074227,0.9443897142726934,0.2017899568457237,0.8927805574127666,0.10721944258723337,1.0627017853092817,0.9313638996789863,1.1410167236195903,0.8218877056217063,0.7763566155264146,0.056991803847818046,0.7496611039761847,1.9744003248982593,2.308645627567635,9.305378878497439e-10
100,99,0,local_loglinear,38,37,62,1.9541655850516602,2.039345814754736,0.9315668246495459,0.20367905713808176,0.8844946752333557,0.11550532476664432,1.0622041172160088,0.9318449030372367,1.139893681613627,0.8190930404372723,0.7700970283673354,0.06168116211261088,0.7477669892320503,2.009596808133409,2.3189732877950853,8.314974559783091e-10
100,99,0,local_loglinear,39,38,61,1.9168734089117976,2.0006340088472916,0.9185388398769138,0.20568129653872944,0.876144462323539,0.12385553767646096,1.0616873006935545,0.932509676445744,1.1385268458984472,0.8162678627324725,0.7637881543190479,0.06645209845685005,0.7457958040884907,2.045907530626016,2.3297949360749577,6.4674538754195955e-12
100,99,0,local_loglinear,40,39,60,1.8791241651651944,1.961419920574799,0.9053281292246198,0.20780128034699866,0.8677431276718052,0.13225687232819483,1.0611528308921188,0.9333559572810092,1.1369219027469424,0.8134067064355247,0.7574308938020293,0.07129893446314192,0.743745710770086,2.0833996263660017,2.3411303409977413,1.0299239025419797e-9
100,99,0,local_loglinear,41,40,59,1.840977059875458,1.921766253765691,0.8919558074550236,0.21004408197149477,0.8593029699380492,0.14069703006195078,1.0606020454904357,0.934382003871783,1.1350839818143295,0.8105042487882252,0.7510260029738554,0.07621630771306362,0.7416146394304142,2.1221444656689,2.353001408976296,1.0397843592844365e-9
100,99,0,local_loglinear,42,41,58,1.8024879342348108,1.8817321359949502,0.8784418441650649,0.21241526946980574,0.8508354672590241,0.14916453274097585,1.0600361249129213,0.9355865374913941,1.1330177192964066,0.8075552831656629,0.7445741058395972,0.08119912997805565,0.7394002913057516,2.1622180633989934,2.3654322761401754,9.149208916403024e-10
100,99,0,local_loglinear,43,42,57,1.7637095704581438,1.8413734396903627,0.864805172272785,0.21492093145121036,0.8423513415383964,0.15764865846160359,1.0594561219228373,0.9369687238202634,1.1307273071006694,0.8045547028970006,0.7380757053692288,0.08624255912330922,0.7371001373862313,2.20370147900999,2.378449436635728,6.004887262247612e-12
100,99,0,local_loglinear,44,43,56,1.724691980179413,1.800743087767193,0.8510637807162308,0.21756771231617839,0.8338606412837656,0.16613935871623442,1.0588629522523845,0.9385281563386909,1.1282165005929432,0.8014974757643568,0.731531194025278,0.0913419591872568,0.7347114207884862,2.2466813090039506,2.3920818630606915,1.258454034051788e-9
100,99,0,local_loglinear,45,44,55,1.6854826665690972,1.7598913292957883,0.8372348083883527,0.2203628461774115,0.8253727946396873,0.17462720536031273,1.0582574272988912,0.940264797805384,1.1254887237817546,0.7983786316324302,0.7249408634217545,0.09649287681793745,0.7322311537946494,2.2912501663938487,2.4063611714344564,1.167951084528524e-9
100,99,0,local_loglinear,46,45,54,1.6461268706187326,1.7188660008077818,0.8233346245657079,0.2233141998482586,0.8168966776909781,0.18310332230902193,1.0576402462437846,0.9421789602576903,1.1225470859108497,0.7951932423679623,0.7183049135798167,0.1016910076529274,0.7296561181551973,2.337507254143111,2.421321784022598,1.0165620494620014e-9
100,99,0,local_loglinear,47,46,53,1.606667794668852,1.6777127616565986,0.8093789100511121,0.2264303155106455,0.808440657039247,0.19155934296075305,1.057012024374657,0.9442712922879428,1.1193944293419602,0.7919364133643872,0.7116234615531383,0.10693217704493838,0.7269828609832595,2.3855589386381295,2.437001135932836,8.797355965761268e-10
100,99,0,local_loglinear,48,47,52,1.5671468119799588,1.6364753170753843,0.7953827242904333,0.22972046398428536,0.8000126506211772,0.1999873493788228,1.05637328116954,0.946542711888246,1.1160334001856023,0.7886032660229959,0.7048965498241895,0.11221230877353311,0.7242076948133986,2.4355194368290083,2.4534398783587843,4.69083532336973e-12
100,99,0,local_loglinear,49,48,51,1.5276036548483272,1.5951956169220431,0.7813605725514371,0.2331946993147832,0.7916201665878211,0.20837983341217892,1.0557244647932882,0.948994389487163,1.1124664976826704,0.7851889302672205,0.6981241542011782,0.11752740603081782,0.7213266939088567,2.48751152234875,2.470682126911059,1.356153958772421e-9
100,99,0,local_loglinear,50,49,50,1.4880765885208107,1.553914040322462,0.7673264647258585,0.2368639211994267,0.7832703462269001,0.21672965377309994,1.0550659520962975,0.9516277318816653,1.108696096960208,0.7816885349994994,0.6913061915576939,0.12287352905737683,0.7183356923166865,2.5416673213013232,2.488775726055969,1.0940894477718473e-9
100,99,0,local_loglinear,51,50,49,1.448602568644533,1.512669562322704,0.753293971902415,0.2407399420350377,0.7749699964606481,0.22503000353935187,1.054398062557115,0.95444430332655,1.1047245594972839,0.7780972035531364,0.6844425273633492,0.12824677841641174,0.7152302804008183,2.5981291658129213,2.5077725523221295,9.61781142456648e-10
100,99,0,local_loglinear,52,51,48,1.4092173855626318,1.4714999081082498,0.7392762715021174,0.2448355650814961,0.7667256331486566,0.2332743668513434,1.0537210503975898,0.9574458332543554,1.1005542181075614,0.7744100438926221,0.6775329831727814,0.13364327056221426,0.7120058051954574,2.6570505756255685,2.527728827547672,4.220741528749976e-12
100,99,0,local_loglinear,53,52,47,1.3699557909756817,1.4304416871407366,0.7252861934888979,0.24916466629032105,0.7585435055354411,0.24145649446455886,1.0530351262735829,0.9606341363227066,1.0961874937159592,0.7706221481291433,0.6705773439207146,0.13905912451447622,0.7086573676259248,2.718597290700987,2.5487054883462132,1.3641615607173818e-9
100,99,0,local_loglinear,54,53,46,1.330851612877977,1.3895305156266933,0.7113362592145293,0.2537422863055569,0.750429624411324,0.249570375588676,1.0523404561518055,0.9640110825150088,1.0916269275726107,0.7667285906377734,0.6635753653163226,0.14449044554760448,0.7051798222217762,2.7829484283360832,2.570768582409588,1.0840798582408778e-9
100,99,0,local_loglinear,55,54,45,1.2919378568047937,1.3488011242557056,0.6974387174302975,0.25858473077442773,0.7423897841759082,0.2576102158240918,1.0516371704788694,0.9675785725509491,1.086875216455348,0.7627244296795632,0.6565267812920415,0.1499333122217158,0.7015677768303911,2.8502977472008135,2.593989712010289,9.81141582024329e-10
100,99,0,local_loglinear,56,55,44,1.2532467950475448,1.3082874541538425,0.6836055712281236,0.2637096838634023,0.7344295913884671,0.2655704086115329,1.0509253591247387,0.9713384362258972,1.0819353172186554,0.7586047063566288,0.6494313116074029,0.15538375852114206,0.6978155961956003,2.920855074265063,2.6184465057013684,3.5071573734002637e-12
100,99,0,local_loglinear,57,56,43,1.2148100410969327,1.2680227362800323,0.6698486050011982,0.2691363298408753,0.7265544798103809,0.2734455201896191,1.050205087865618,0.9752924345287662,1.0768104526239326,0.7543644510125549,0.6422886695214378,0.16083776437840974,0.6939174042735137,2.9948478422952394,2.644223157087291,1.2980080194324445e-9
100,99,0,local_loglinear,58,57,42,1.1766586130724952,1.2280395596398845,0.6561794053244696,0.274885488051368,0.7187697269428414,0.28123027305715864,1.0494763985737325,0.9794421493365727,1.0715042223622884,0.7499986898599067,0.6350985697405296,0.16629124489144886,0.6898670896553679,3.072522801870022,2.6714110100391006,1.011118813980794e-9
100,99,0,local_loglinear,59,58,41,1.1388229849567117,1.1883699264150323,0.6426093793116302,0.2809797603534518,0.7110804653291989,0.2889195346708011,1.0487393172645052,0.9837889353560523,1.066020646882907,0.7455024553395205,0.627860736625611,0.17174004283578104,0.6856583122377062,3.154147902517901,2.7001092102023883,9.260645623916337e-10
100,99,0,local_loglinear,60,59,40,1.1013331268428765,1.1490452964805018,0.6291497636890654,0.28744369718287954,0.7034917017993282,0.2965082982006718,1.0479938465216252,0.9883338729373173,1.060364189893643,0.7408707935804854,0.6205749127378246,0.17717991546330186,0.6812845155623003,3.2400144163942155,2.7304254013870413,2.6706538428752094e-12
100,99,0,local_loglinear,61,60,39,1.064218531280561,1.1100966162137895,0.6158116349574844,0.29430397571501643,0.6960083217454771,0.3039916782545229,1.04723998373766,0.9930776355590044,1.0545398931959309,0.7360987807553431,0.6132408676083214,0.18260653147059042,0.6767389386735952,3.3304392387548414,2.76247651771524,1.1413466497152619e-9
100,99,0,local_loglinear,62,61,38,1.0275082295271423,1.071554337303953,0.6026059126807328,0.301589598025582,0.6886350975801517,0.31136490241984827,1.046477717855813,0.9980204679786702,1.0485533628135755,0.7311815388065321,0.6058584069433217,0.18801546515858192,0.6720146333461687,3.425767463048416,2.796389642604014,8.88958035415259e-10
100,99,0,local_loglinear,63,62,37,0.9912307959306216,1.0334484227654228,0.5895433608096555,0.3093321073182442,0.6813766909865769,0.31862330901342306,1.0457070381859093,1.003162027221315,1.0424109065236857,0.726114255931553,0.5984273821949224,0.1934021951295395,0.667104483843559,3.5263752180460317,2.832302965515647,8.583709954230714e-10
100,99,0,local_loglinear,64,63,36,0.9554143418140234,0.9958083427403789,0.5766345804417778,0.31756582946111944,0.6742376620827107,0.32576233791728926,1.044927927098343,1.0085013485907495,1.0361195139287567,0.7208922051023271,0.5909477005696542,0.19876209824482133,0.6620012339319711,3.6326728596208215,2.870366814953958,1.980374219053917e-12
100,99,0,local_loglinear,65,64,35,0.9200864966400405,0.9586630561256739,0.5638900030081694,0.326328134242511,0.6672224662006061,0.3327775337993939,1.0441403756943333,1.0140366716380798,1.029686997421527,0.7155107706707762,0.5834193353557822,0.2040904528107006,0.6566975156177539,3.7451084671781447,2.910744821096172,1.0346452084015811e-9
100,99,0,local_loglinear,66,65,34,0.8852743793568164,0.922040982378676,0.5513198772959149,0.33565972432200086,0.6603354536094208,0.3396645463905792,1.0433443811938352,1.0197653938647884,1.0231219724369007,0.7099654752477673,0.5758423367115473,0.20938244020089603,0.651185884814963,3.8641717530887987,2.953615185482213,2.2825141085168443e-12
100,99,0,local_loglinear,67,66,33,0.8510045588812115,0.8859699617546876,0.5389342541197443,0.34560495129345825,0.6535808647170045,0.3464191352829955,1.0425399535264062,1.0256838745767813,1.0164339904013602,0.7042520107111678,0.5682168428329495,0.21463315044414338,0.645458861743995,3.990398397194356,2.9991720899570917,1.2236475607947164e-9
100,99,0,local_loglinear,68,67,32,0.8173030047759687,0.8504772057024205,0.5267429649118427,0.356212164753512,0.6469628279795505,0.3530371720204495,1.04172711236619,1.031787378183386,1.0096335101523575,0.6983662695236091,0.5605430915120877,0.21983758652906482,0.6395089791064184,4.1243748971326815,3.047627238643438,2.454689879820902e-12
100,99,0,local_loglinear,69,68,31,0.7841950275366751,0.8155892362206817,0.5147555976464956,0.36753409403590126,0.6404853533181123,0.3595146466818877,1.0409058928501531,1.0380698602900928,1.0027320247591696,0.6923043800379344,0.5528214319878282,0.22499067287711716,0.6333288360344396,4.266743957793003,3.099211566549947,6.047252712845945e-11
100,99,0,local_loglinear,70,69,30,0.75170520967407,0.7813318153776079,0.5029814712344185,0.37962826464046395,0.6341523205994739,0.3658476794005261,1.0400763526355679,1.0445239052696875,0.9957420288691513,0.6860627459816505,0.5450523370757485,0.2300872686044601,0.6269111576320293,4.41821047835503,3.154177137469581,1.1484107293821092e-9
100,99,0,local_loglinear,71,70,29,0.7198573289871043,0.7477298670481553,0.491429604859042,0.3925574558715249,0.627967470350331,0.37203252964966904,1.0392385688076264,1.0511404908833206,0.9886771348084095,0.6796380861768219,0.5372364155542744,0.23512218022193832,0.6202488630216937,4.579548253452926,3.212799228623179,2.0855821578632243e-12
100,99,0,local_loglinear,72,71,28,0.6886742739927653,0.7148073905751822,0.4801086845497745,0.4063902027206459,0.6219343951475856,0.37806560485241436,1.0383926381107034,1.0579089230846528,0.981552017807881,0.6730274750295175,0.5293744246755514,0.24009017491466017,0.6133351403984573,4.751607470749935,3.275378636174083,1.3228276276612238e-9
100,99,0,local_loglinear,73,72,27,0.6581779523928012,0.6825873667111403,0.4690270293965456,0.4212013381337179,0.6160565206176852,0.38394347938231477,1.037538688364227,1.0648165907527523,0.9743825343956731,0.6662283894040766,0.5214672826781783,0.24498600326931497,0.6061635275064002,4.93532302306023,3.342244240567455,1.857017302135358e-12
100,99,0,local_loglinear,74,73,26,0.6283891950177457,0.6510916595809193,0.45819255307670465,0.43707259115720914,0.6103370971591088,0.3896629028408912,1.0366768667891715,1.0718488890176021,0.9671856522045124,0.6592387503774623,0.513516081302654,0.2498044148906114,0.5987280010827755,5.131723885737118,3.413755825454839,1.3668434373257574e-9
100,99,0,local_loglinear,75,74,25,0.5993276548653769,0.6203409128506517,0.4476127273413156,0.4540932293015893,0.6047791782390386,0.3952208217609614,1.03580735560557,1.0789890316657416,0.9599795041535244,0.6520569722037362,0.5055220980304915,0.25454018609086504,0.5910230697995537,5.341943513803818,3.4903072273411824,8.485978659084191e-10
100,99,0,local_loglinear,76,75,24,0.571011704480382,0.5903544448808931,0.437294541692612,0.4723607623713319,0.5993856090029043,0.4006143909970957,1.0349303599301367,1.0862178603123052,0.9527834127424286,0.6446820055080097,0.4974868080545404,0.259188140734,0.5830438751966179,5.567231567347906,3.5723298030504225,1.0191906782123618e-12
100,99,0,local_loglinear,77,76,23,0.5434583317666313,0.561150141845948,0.4272444649442227,0.4919816979820704,0.5941590063223348,0.40584099367766524,1.0340461180037515,1.0935137907255301,0.9456178118409254,0.6371133841086676,0.48941189568346055,0.2637431793819889,0.5747862953659815,5.808966982393384,3.6602962953753946,8.415117268883521e-10
100,99,0,local_loglinear,78,77,22,0.5166830370529071,0.5327443522991064,0.41746840733030033,0.5130723559745672,0.5891017402507326,0.4108982597492674,1.0331549002872502,1.1008525727256573,0.9385043246337782,0.6293512696644128,0.48129926510183696,0.26820030875186446,0.5662470520350872,6.068672633787481,3.7547251252834672,9.349282004753275e-13
100,99,0,local_loglinear,79,78,21,0.4906997329808522,0.5051517849887419,0.40797168224614244,0.5357597449807072,0.5842159195642722,0.4157840804357278,1.0322570044505768,1.1082072620967744,0.9314656560700598,0.6213964920855737,0.4731510502761549,0.27255466905887143,0.5574238206389388,6.3480318229338515,3.8561851487247525,9.662955211232628e-10
100,99,0,local_loglinear,80,79,20,0.4655206486698433,0.4783854107920506,0.39875897209263905,0.560182491551918,0.5795033707571953,0.42049662924280473,1.031352764510454,1.1155480760270058,0.9245256091369805,0.6132505906290937,0.46496962376353135,0.2768015680373582,0.5483153385663809,6.648906718446832,3.9653009687765213,9.638263539089164e-13
100,99,0,local_loglinear,81,80,19,0.44115624080983357,0.4524563723193822,0.38983429460148705,0.5864918306624524,0.5749656250682776,0.42503437493172236,1.030442541702731,1.1228422580402686,0.9177090854250483,0.6049158473740275,0.45675760429690604,0.28093650928016634,0.5389215131764538,6.973359145730786,4.082758827927968,5.127586681365064e-11
100,99,0,local_loglinear,82,81,18,0.4176151128388219,0.4273739016474314,0.3812009742018607,0.6148526412261306,0.5706039003219959,0.4293960996780041,1.029526732558074,1.1300541040613377,0.9110419836165585,0.5963953192772824,0.4485178628590253,0.28495522585746724,0.529243523991833,7.323673890788811,4.209313191880059,1.2294804079044839e-9
100,99,0,local_loglinear,83,82,17,0.3949039446257045,0.40314524929506573,0.372861615786863,0.6454445277421839,0.5664190889832519,0.4335809110167481,1.0286057625636424,1.1371448746209398,0.9045512014522528,0.5876928622284955,0.4402535271091421,0.2888537093317872,0.5192839194858568,7.702384968694568,4.345794073756508,1.1518770638614808e-12
100,99,0,local_loglinear,84,83,16,0.37302743386419457,0.3797756255329844,0.36481808213620703,0.6784629359213309,0.5624117510193367,0.4375882489806633,1.0276800822223942,1.1440727311426717,0.8982646419655266,0.5788131472341089,0.43196798391403324,0.29262823495255597,0.5090467051282203,8.112305242924643,4.4931151979002095,6.518102282365044e-11
100,99,0,local_loglinear,85,84,15,0.3519882506178294,0.3572681553016229,0.35707147621346064,0.7141202786553232,0.5585821058102313,0.44141789418976873,1.0267501697234374,1.1507928500460465,0.892211113131572,0.5697616711456793,0.4236648797725949,0.29627538777082174,0.4985374194229698,8.556559766499278,4.652283115223681,9.327480892538222e-10
100,99,0,local_loglinear,86,85,14,0.33178700651561016,0.3356238488628022,0.3496221256443925,0.7526470647027744,0.5549300368010983,0.4450699631989017,1.025816516742287,1.1572573999326752,0.8864203562681605,0.5605447545454127,0.4153481190041921,0.29979207728902557,0.48776319793325773,9.03862353963946,4.824407345846075,1.2189728346464466e-9
100,99,0,local_loglinear,87,86,13,0.31242223900348925,0.31484158852026684,0.34246956911982435,0.7942930016686485,0.5514551066802698,0.44854489331973024,1.0248796155232256,1.1634156562459759,0.880923004620921,0.5511695277510763,0.40702185946863245,0.3031755419323209,0.47673282278956924,9.562364296281183,5.01071166565679,1.0366607849848123e-12
100,99,0,local_loglinear,88,87,12,0.29389041110323844,0.2949181322109687,0.3356125419154715,0.8393280463741858,0.5481565879986388,0.45184341200136124,1.0239399367925228,1.1692140489077054,0.8757506273116548,0.5416439025614096,0.39869050565681075,0.3064233383194045,0.46545675745154763,10.132091145201613,5.21254662585074,1.259788388471968e-9
100,99,0,local_loglinear,89,88,11,0.27618592659986757,0.2758481342505332,0.32904895795557343,0.8880433786430848,0.5450335186475942,0.4549664813524058,1.022997894549337,1.174596431661288,0.8709356396583481,0.5319765255626921,0.3903586990022172,0.3095333060335548,0.45394716619785686,10.752610150218624,5.4314033972182045,8.984680995781971e-13
100,99,0,local_loglinear,90,89,10,0.2593011598065646,0.2576241837380953,0.3227758773695824,0.9407522981672928,0.5420848044566001,0.4579151955433999,1.0220537723417074,1.1795042457438916,0.8665113127228439,0.5221767032838042,0.3820313052527279,0.31250348646615156,0.44221792434932067,11.429288464576018,5.668928889864104,6.120772986542472e-11
100,99,0,local_loglinear,91,90,9,0.24322649800649027,0.24023685930201494,0.3167894533861435,0.9977910399175522,0.5393093786253341,0.4606906213746659,1.021107629684569,1.1838767618584827,0.8625117601612567,0.5122542967158569,0.373713398654155,0.31533198512421035,0.4302846204161681,12.16812886625371,5.9269421220182705,1.6192516905529343e-10
100,99,0,local_loglinear,92,91,8,0.2279503940254637,0.22367480062934858,0.31108483556965005,1.0595196051474707,0.5367064699357104,0.46329353006428964,1.020159121669195,1.1876516081266955,0.8589717006979097,0.5022195640318947,0.3654102427571918,0.31801672743929843,0.41816456427430376,12.975858037645569,6.207451435312512,3.269277446715211e-10
100,99,0,local_loglinear,93,92,7,0.21345942425636538,0.2079247953774302,0.3056560025129919,1.126322791523676,0.5342760324565914,0.4657239675434086,1.0192072232087588,1.1907653104511458,0.8559261965925186,0.4920829330692992,0.35712726743221535,0.32055505577767796,0.40587681572069906,13.860033235843646,6.512671865427291,5.961977738842877e-10
100,99,0,local_loglinear,94,93,6,0.19973834548011796,0.1929718810652432,0.30049547573313334,1.1986118469370213,0.5320194381779312,0.4679805618220688,1.0182497754752529,1.1931541166011124,0.853410101266631,0.4818546668419473,0.3488700415586965,0.3229430684123964,0.393442261132301,14.829175088751377,6.845041182176751,1.034183241979745e-9
100,99,0,local_loglinear,95,94,5,0.18677014017158866,0.17879946161179186,0.295593838865624,1.2768275787672425,0.5299405908029068,0.4700594091970932,1.017282752945564,1.194755518488198,0.8514568354811184,0.4715443669429461,0.34064424052038533,0.3251745453329514,0.38088378066603407,15.89293918178373,7.207231812847515,1.7445017149648728e-9
100,99,0,local_loglinear,96,95,4,0.1745360345527747,0.1653894390567388,0.2909389406981419,1.3614464904109471,0.5280477148713753,0.47195228512862475,1.0162990816460085,1.195510227746055,0.8500965178374754,0.4611602289207155,0.3324556071467264,0.32723921192489236,0.36822657238221523,17.062347739825253,7.602153528422049,2.8933151786338344e-9
100,99,0,local_loglinear,97,96,3,0.16301546507856995,0.15272236270508527,0.2865145870280511,1.45299283755626,0.5263562292668106,0.4736437707331894,1.0152867366416323,1.1953657829987,0.849352349784247,0.4507079159283354,0.3243099039811971,0.32911994076024276,0.3554987374177331,18.350117820177683,8.03293762292404,4.746311919987816e-9
100,99,0,local_loglinear,98,97,2,0.15218595540377058,0.14077760084206795,0.28229840933340916,1.552061828595716,0.5248933605123606,0.4751066394876394,1.014225690012431,1.1942820171466009,0.8492346660595597,0.44018884499423994,0.31621285359636053,0.3307882538449478,0.342732289007532,19.77114885781816,8.50288599325577,7.726984268882948e-9
100,99,0,local_loglinear,99,98,1,0.1420228441216387,0.1295335452248444,0.2782584104645647,1.659363305362086,0.5237055467969037,0.47629445320309627,1.0130830332251468,1.1922399517084956,0.8497308211936577,0.4295975719009469,0.3081700619463469,0.3321971114072676,0.3299648419639259,21.343278859911138,9.01535555982397,1.2507869485523264e-8
100,99,0,local_loglinear,100,99,0,0.13249876881417919,0.11896786706048144,0.27434738736457603,1.7758024796675753,0.522870316029156,0.477129683970844,1.0118052258732695,1.1892562557371298,0.8507882308730242,0.4189178023519149,0.30018691720833546,0.33326938690840036,0.3172423910723678,23.08850034725022,9.573525503262902,4.289894060500628e-7
103,102,0,local_loglinear,1,0,102,1.891117961702422,1.9428526771862202,0.8997793665391877,0.21227216161864204,0.8920704391253633,0.10792956087463668,,,,0.9880491462976563,0.9337836851161863,0.05648762883966721,0.7484992857228352,1.0769936921911165,2.314972239768629,2.2026407712950254e-11
103,102,0,local_loglinear,2,1,101,1.9694842103461818,2.0253336123701144,0.9270390555600174,0.2078947558221351,0.909878753345489,0.09012124665451104,1.0396491854458558,1.0843741351411467,0.9587550567226788,0.9779677237590533,0.9332776870994215,0.04677388244599348,0.7526055737332547,1.0981306124113286,2.292727366039018,1.0005321777803343e-9
103,102,0,local_loglinear,3,2,100,2.0420803690515,2.101942089840419,0.9523612810797543,0.2041053208453425,0.9262210420382928,0.07377895796170719,1.0421804127906948,1.074025330016524,0.9703499383712495,0.9684625560930851,0.932346418224445,0.03800538134896995,0.7561498532732459,1.1194468319834576,2.2737838444967493,2.4488363837090035e-11
103,102,0,local_loglinear,4,3,99,2.1087135593577693,2.1724549217386127,0.9756750637289687,0.2008228895032129,0.9410621113885157,0.0589378886114843,1.0446078724078285,1.064059738106111,0.9817191977088576,0.9595216294279774,0.931016078795081,0.03015831000413262,0.7591967258074893,1.1408906094063627,2.2576859114648173,9.332569921762675e-10
103,102,0,local_loglinear,5,4,98,2.169289646583418,2.2367512693390985,0.9969426481666126,0.19798013954412938,0.954391704316045,0.04560829568395497,1.0469218143856014,1.0544692244466733,0.9928424558193888,0.951125633099479,0.9293125748981537,0.02320101407605303,0.761802842497355,1.1624243150352525,2.2440519426154655,2.1488815761246136e-11
103,102,0,local_loglinear,6,5,97,2.2237996507207867,2.2947994555585627,1.0161551044413641,0.19552089922392754,0.966220683117298,0.03377931688270197,1.0491133688006828,1.0452515893339807,1.0036945932501886,0.9432501057655946,0.9272611384123424,0.01709624236804117,0.7640177511500399,1.1840225588479112,2.232561439581732,1.0499541375261947e-9
103,102,0,local_loglinear,7,6,96,2.2723061706024903,2.346643560554805,1.0333278880123413,0.19339814244322784,0.9765773165706799,0.02342268342932008,1.0511749734741052,1.0364086352474653,1.0142476024653289,0.9358671680672994,0.9248860508679368,0.011803010275518763,0.7658847122434852,1.205670439247397,2.2229444275328025,8.295536416040022e-10
103,102,0,local_loglinear,8,7,95,2.314930393241448,2.3923904068542745,1.0484965609005612,0.19157237244705613,0.9855037944068016,0.014496205593198419,1.0531006657779933,1.027944463606296,1.0244723358725458,0.9289468964811154,0.9222104525846169,0.0072781210481598635,0.7674414569711421,1.2273619389665278,2.2149728191586755,1.863807593833481e-11
103,102,0,local_loglinear,9,8,94,2.3518400742093437,2.4321973592465223,1.0617128159038027,0.1900103127951681,0.9930530403216196,0.006946959678380438,1.0548862535648595,1.019864043920539,1.0343400768495463,0.9224583974057079,0.9192562205269574,0.0034773901171895605,0.768720872939916,1.249098470948718,2.208453383792652,1.2345950341539594e-9
103,102,0,local_loglinear,10,9,93,2.3832387273019777,2.466261223102666,1.0730408755742504,0.18868384874726674,0.9992859012241662,0.000714098775833838,1.0565293484466423,1.0121720758300587,1.0438238454466422,0.9163706176820291,0.9160439007044676,0.00035659724123045244,0.7697516194347822,1.2708876137042526,2.2032219897393515,2.5582935261915782e-11
103,102,0,local_loglinear,11,10,92,2.409356121887362,2.4948083748994767,1.0825543142297043,0.18756916535686882,1.0042687040663885,0.004268704066388462,1.0580293249360375,1.0048721390123008,1.0528994524377853,0.9106529497302457,0.9125926825113164,0.0021277807867533527,0.7705586694499882,1.292742006981457,2.1991388964211787,4.956070313250986e-10
103,102,0,local_loglinear,12,11,91,2.430440108068738,2.518086178466234,1.0903333142142733,0.18664604318516514,1.0080711763767891,0.008071176376789113,1.059387204845344,0.99796612866385,1.061546253342014,0.9052756712230497,0.9089204049557018,0.004018020636290018,0.771163783153123,1.3146783992728734,2.1960848968351385,1.0059931440794789e-9
103,102,0,local_loglinear,13,12,90,2.4467497264634264,2.5363556730429675,1.096462338485446,0.18589728330437613,1.0107647268339477,0.010764726833947691,1.0606054776582279,0.9914539248160469,1.0697476212573482,0.9002102466985978,0.9050435865558788,0.005354760995147367,0.7715859214454203,1.336716853166069,2.1939581368583836,8.72379825271953e-10
103,102,0,local_loglinear,14,13,89,2.458549509613458,2.5498854611980546,1.1010281898650218,0.18530823725467585,1.0124210573995949,0.01242105739959487,1.0616878873942848,0.9853332721780544,1.077491156923434,0.8954295198692697,0.9009774720072554,0.0061767403510542,0.7718416063951508,1.3588800974559028,2.192671481541278,1.6395860924404256e-11
103,102,0,local_loglinear,15,14,88,2.4661048556978757,2.5589466883101513,1.1041184329963356,0.18486641729093445,1.013111042970318,0.013111042970318065,1.0626392262144535,0.9795998158343394,1.084768707627194,0.8909078335528617,0.8967360901068457,0.006520624300598757,0.7719452299320827,1.3811929770485263,2.192150350476424,1.183199693594744e-9
103,102,0,local_loglinear,16,15,87,2.4696783614071234,2.563809016467098,1.1058201236489293,0.1845611786557792,1.0129038872932714,0.01290388729327141,1.0634650920737314,0.9742472658703335,1.0915761627759828,0.8866210768805095,0.8923323191083177,0.006420923519098509,0.7719093242815349,1.4036820385047777,2.1923309018317325,2.0514503450630517e-11
103,102,0,local_loglinear,17,16,86,2.4695269749943525,2.5647374550439688,1.1062188135965607,0.18438345619967283,1.0118664862839593,0.011866486283959254,1.06417168138179,0.9692676240302552,1.0979131614413362,0.8825466897097582,0.8877779558401941,0.00590996840034913,0.7717447944835663,1.426375201120985,2.1931585243230147,1.6111175027634268e-10
103,102,0,local_loglinear,18,17,85,2.4658998514968253,2.5619899327935802,1.1053977924782656,0.18432554556670985,1.0100629676444914,0.010062967644491438,1.0647655953969026,0.9646514852495004,1.10378267351292,0.8786636353438195,0.883083786281619,0.005017927267369507,0.7714611182669822,1.4493015030501883,2.194586581546667,1.1193532231691557e-9
103,102,0,local_loglinear,19,18,84,2.459036800080016,2.555815503328852,1.103437524715444,0.18438092315894866,1.0075543895124008,0.007554389512400839,1.065253659199526,0.9603883278353392,1.109190551701672,0.8749523452913263,0.8782596558606386,0.003772863168055751,0.7710665199082843,1.47249092834934,2.1965753536792847,8.523771050473501e-10
103,102,0,local_loglinear,20,19,83,2.449167217118798,2.546453074871285,1.1004152489350951,0.18454409732915325,1.004398562869651,0.004398562869651013,1.0656427703052092,0.956466821286295,1.114145045692322,0.8713946467779028,0.8733145380005938,0.002200816060775629,0.7705681208998759,1.4959742972214636,2.1990911461354767,1.3244476571817865e-11
103,102,0,local_loglinear,21,20,82,2.436509413130996,2.5341305672228462,1.0964047180545828,0.18481048250805288,1.0006499561692268,0.0006499561692268063,1.065939785113288,0.9528751201727564,1.1186563302440227,0.867973686264054,0.8682565999607346,0.00032589421049630807,0.7699720677002898,1.5197831875741952,2.20210555175888,1.102947153918267e-9
103,102,0,local_loglinear,22,21,81,2.4212702632046645,2.5190644260328523,1.0914760449931864,0.18517629639871067,0.9963596887123802,0.0036403112876197685,1.0661514101325358,0.9496010816790252,1.122736094874106,0.8646738416983165,0.8630932656100707,0.0018296175711123575,0.7692836438977685,1.5439499149356526,2.2055948205939138,1.2379292516662235e-9
103,102,0,local_loglinear,23,22,80,2.403645107994037,2.5014594158722696,1.0856956347198847,0.18563847486706414,0.9915755821548726,0.008424417845127374,1.066284122754951,0.9466325610635765,1.126397048456628,0.8614806322785294,0.8578312745486738,0.0042451438809453235,0.7685073672630712,1.5685075492078666,2.209539328043567,1.1961863115904533e-9
103,102,0,local_loglinear,24,23,79,2.383817848735306,2.481508631172462,1.0791261866428967,0.18619460083887085,0.9863422507063246,0.013657749293675359,1.0663441187123934,0.9439575561977525,1.1296526117208197,0.8583806302145217,0.8524767373858462,0.006901704812726395,0.7676470727598139,1.5934899560494724,2.21392313102421,1.213025519041815e-9
103,102,0,local_loglinear,25,24,78,2.3619611913264427,2.459393675716482,1.0718267548861498,0.18684284340048904,0.9807012110867533,0.019298788913246656,1.0663372800346358,0.9415643771293252,1.1325165925305316,0.8553613793435003,0.8470351871951127,0.00978180842473908,0.7667059824128979,1.6189318467128933,2.2187336039827863,1.6033868561378345e-11
103,102,0,local_loglinear,26,25,77,2.3382370072040386,2.435284980439305,1.063852838949546,0.18758191218979195,0.9746910421428219,0.025308957857178127,1.0662691280372971,0.9394417764419962,1.1350028865819037,0.8524113047155429,0.8415116273757062,0.012869331380261834,0.7656867698185623,1.6448688901680462,2.2239611123922987,6.840401247883346e-11
103,102,0,local_loglinear,27,26,76,2.312796765366283,2.4093422028181397,1.0552565137879517,0.1884110155829879,0.9683475275549127,0.03165247244508729,1.0661448331698826,0.9375790486797649,1.1371252745794131,0.8495196391329606,0.8359105755717449,0.01614941896228267,0.7645916112202795,1.6713378013299254,2.2295987629460763,1.66027874680785e-11
103,102,0,local_loglinear,28,27,75,2.285782024898125,2.3817147012406217,1.0460865763508074,0.18932982931969639,0.9617038236355377,0.03829617636446225,1.0659691977395427,0.9359660913072562,1.1388972395898576,0.8466763466563793,0.8302361043038122,0.01960838098247919,0.7634222317929793,1.6983764707164961,2.2356421850313923,1.1118358683717756e-9
103,102,0,local_loglinear,29,28,74,2.2573249597813487,2.352542050941286,1.0363887059328445,0.19033847129601456,0.954790626806932,0.04520937319306795,1.0657466611894657,0.934593474712712,1.1403318020351783,0.8438720520575966,0.8244918782193251,0.023233594617333014,0.7621799452671945,1.7260241058573882,2.242089351991998,9.447102595739253e-10
103,102,0,local_loglinear,30,29,73,2.22754890093121,2.321954583635071,1.0262056378556135,0.1914374803480132,0.9476363309916821,0.052363669008317903,1.0654813172181434,0.933452450907921,1.1414414480157022,0.8410979791196108,0.8186811882193523,0.027013417807302542,0.7608656859529165,1.7543213719472348,2.2489404465916776,1.0427087688693086e-11
103,102,0,local_loglinear,31,30,72,2.1965688882342955,2.2900739459366197,1.0155773331691855,0.1926278037954294,0.940267201835423,0.059732798164576995,1.0651769103058701,0.9325349936923804,1.1422380044831273,0.8383458848152356,0.8128069828277935,0.030937097835438354,0.7594800395621557,1.783310579053066,2.2561977371720836,5.132778899995668e-11
103,102,0,local_loglinear,32,31,71,2.164492213102175,2.25701364972465,1.0045411575806462,0.19391078531436315,0.9327075218877036,0.06729247811229644,1.0648368709830611,0.9318337779220222,1.1427326377432188,0.8356080083429492,0.806871896696487,0.03499469806335345,0.7580232655599904,1.8130358453982598,2.2638655021869862,9.143180066327688e-12
103,102,0,local_loglinear,33,32,70,2.1314189555567515,2.222879622858304,0.9931320532691591,0.19528815997244894,0.9249797465801709,0.0750202534198291,1.0644643195232435,0.9313421999887411,1.1429357754175766,0.8328770170010288,0.8008782768377984,0.03917702109005036,0.7564953185926643,1.8435433026859562,2.2719499639661747,6.70105293592085e-11
103,102,0,local_loglinear,34,33,69,2.0974425028345625,2.1877707428985347,0.9813827085415731,0.19676205174494618,0.9171046450550746,0.08289535494492539,1.064062090772893,0.9310543407035139,1.142857129014486,0.8301459595020223,0.7948282065154864,0.04347554128206316,0.7548958655434639,1.87488130416038,2.280459249868516,8.85104309793843e-10
103,102,0,local_loglinear,35,34,68,2.0626500489883948,2.1517793536545007,0.9693237228737827,0.19833497471264813,0.9091014340159015,0.09089856598409851,1.0636327528189786,0.9309649558312656,1.142505683115916,0.8274082227737231,0.7887235271126198,0.0478823418635915,0.7532242995200875,1.9071006497660452,2.289403374450819,8.095843562640709e-12
103,102,0,local_loglinear,36,35,67,2.027123072954114,2.114991762041583,0.9569837626061035,0.20000983887466176,0.9009879093348032,0.09901209066519678,1.0631786207028997,0.9310694652707773,1.1418896874613989,0.824657489700639,0.7825658581484574,0.05239005349028858,0.7514797525858773,1.9402548398160173,2.298794233442048,8.652156647783676e-10
103,102,0,local_loglinear,37,36,66,1.9909377905407823,2.0774887079074227,0.9443897142726934,0.2017899568457237,0.8927805574127666,0.10721944258723337,1.0627017853092817,0.9313638996789863,1.1410167236195903,0.8218877056217063,0.7763566155264146,0.056991803847818046,0.7496611039761847,1.9744003248982593,2.308645627567635,9.305378878497439e-10
103,102,0,local_loglinear,38,37,65,1.9541655850516602,2.039345814754736,0.9315668246495459,0.20367905713808176,0.8844946752333557,0.11550532476664432,1.0622041172160088,0.9318449030372367,1.139893681613627,0.8190930404372723,0.7700970283673354,0.06168116211261088,0.7477669892320503,2.009596808133409,2.3189732877950853,8.314974559783091e-10
103,102,0,local_loglinear,39,38,64,1.9168734089117976,2.0006340088472916,0.9185388398769138,0.20568129653872944,0.876144462323539,0.12385553767646096,1.0616873006935545,0.932509676445744,1.1385268458984472,0.8162678627324725,0.7637881543190479,0.06645209845685005,0.7457958040884907,2.045907530626016,2.3297949360749577,6.4674538754195955e-12
103,102,0,local_loglinear,40,39,63,1.8791241651651944,1.961419920574799,0.9053281292246198,0.20780128034699866,0.8677431276718052,0.13225687232819483,1.0611528308921188,0.9333559572810092,1.1369219027469424,0.8134067064355247,0.7574308938020293,0.07129893446314192,0.743745710770086,2.0833996263660017,2.3411303409977413,1.0299239025419797e-9
103,102,0,local_loglinear,41,40,62,1.840977059875458,1.921766253765691,0.8919558074550236,0.21004408197149477,0.8593029699380492,0.14069703006195078,1.0606020454904357,0.934382003871783,1.1350839818143295,0.8105042487882252,0.7510260029738554,0.07621630771306362,0.7416146394304142,2.1221444656689,2.353001408976296,1.0397843592844365e-9
103,102,0,local_loglinear,42,41,61,1.8024879342348108,1.8817321359949502,0.8784418441650649,0.21241526946980574,0.8508354672590241,0.14916453274097585,1.0600361249129213,0.9355865374913941,1.1330177192964066,0.8075552831656629,0.7445741058395972,0.08119912997805565,0.7394002913057516,2.1622180633989934,2.3654322761401754,9.149208916403024e-10
103,102,0,local_loglinear,43,42,60,1.7637095704581438,1.8413734396903627,0.864805172272785,0.21492093145121036,0.8423513415383964,0.15764865846160359,1.0594561219228373,0.9369687238202634,1.1307273071006694,0.8045547028970006,0.7380757053692288,0.08624255912330922,0.7371001373862313,2.20370147900999,2.378449436635728,6.004887262247612e-12
103,102,0,local_loglinear,44,43,59,1.724691980179413,1.800743087767193,0.8510637807162308,0.21756771231617839,0.8338606412837656,0.16613935871623442,1.0588629522523845,0.9385281563386909,1.1282165005929432,0.8014974757643568,0.731531194025278,0.0913419591872568,0.7347114207884862,2.2466813090039506,2.3920818630606915,1.258454034051788e-9
103,102,0,local_loglinear,45,44,58,1.6854826665690972,1.7598913292957883,0.8372348083883527,0.2203628461774115,0.8253727946396873,0.17462720536031273,1.0582574272988912,0.940264797805384,1.1254887237817546,0.7983786316324302,0.7249408634217545,0.09649287681793745,0.7322311537946494,2.2912501663938487,2.4063611714344564,1.167951084528524e-9
103,102,0,local_loglinear,46,45,57,1.6461268706187326,1.7188660008077818,0.8233346245657079,0.2233141998482586,0.8168966776909781,0.18310332230902193,1.0576402462437846,0.9421789602576903,1.1225470859108497,0.7951932423679623,0.7183049135798167,0.1016910076529274,0.7296561181551973,2.337507254143111,2.421321784022598,1.0165620494620014e-9
103,102,0,local_loglinear,47,46,56,1.606667794668852,1.6777127616565986,0.8093789100511121,0.2264303155106455,0.808440657039247,0.19155934296075305,1.057012024374657,0.9442712922879428,1.1193944293419602,0.7919364133643872,0.7116234615531383,0.10693217704493838,0.7269828609832595,2.3855589386381295,2.437001135932836,8.797355965761268e-10
103,102,0,local_loglinear,48,47,55,1.5671468119799588,1.6364753170753843,0.7953827242904333,0.22972046398428536,0.8000126506211772,0.1999873493788228,1.05637328116954,0.946542711888246,1.1160334001856023,0.7886032660229959,0.7048965498241895,0.11221230877353311,0.7242076948133986,2.4355194368290083,2.4534398783587843,4.69083532336973e-12
103,102,0,local_loglinear,49,48,54,1.5276036548483272,1.5951956169220431,0.7813605725514371,0.2331946993147832,0.7916201665878211,0.20837983341217892,1.0557244647932882,0.948994389487163,1.1124664976826704,0.7851889302672205,0.6981241542011782,0.11752740603081782,0.7213266939088567,2.48751152234875,2.470682126911059,1.356153958772421e-9
103,102,0,local_loglinear,50,49,53,1.4880765885208107,1.553914040322462,0.7673264647258585,0.2368639211994267,0.7832703462269001,0.21672965377309994,1.0550659520962975,0.9516277318816653,1.108696096960208,0.7816885349994994,0.6913061915576939,0.12287352905737683,0.7183356923166865,2.5416673213013232,2.488775726055969,1.0940894477718473e-9
103,102,0,local_loglinear,51,50,52,1.448602568644533,1.512669562322704,0.753293971902415,0.2407399420350377,0.7749699964606481,0.22503000353935187,1.054398062557115,0.95444430332655,1.1047245594972839,0.7780972035531364,0.6844425273633492,0.12824677841641174,0.7152302804008183,2.5981291658129213,2.5077725523221295,9.61781142456648e-10
103,102,0,local_loglinear,52,51,51,1.4092173855626318,1.4714999081082498,0.7392762715021174,0.2448355650814961,0.7667256331486566,0.2332743668513434,1.0537210503975898,0.9574458332543554,1.1005542181075614,0.7744100438926221,0.6775329831727814,0.13364327056221426,0.7120058051954574,2.6570505756255685,2.527728827547672,4.220741528749976e-12
103,102,0,local_loglinear,53,52,50,1.3699557909756817,1.4304416871407366,0.7252861934888979,0.24916466629032105,0.7585435055354411,0.24145649446455886,1.0530351262735829,0.9606341363227066,1.0961874937159592,0.7706221481291433,0.6705773439207146,0.13905912451447622,0.7086573676259248,2.718597290700987,2.5487054883462132,1.3641615607173818e-9
103,102,0,local_loglinear,54,53,49,1.330851612877977,1.3895305156266933,0.7113362592145293,0.2537422863055569,0.750429624411324,0.249570375588676,1.0523404561518055,0.9640110825150088,1.0916269275726107,0.7667285906377734,0.6635753653163226,0.14449044554760448,0.7051798222217762,2.7829484283360832,2.570768582409588,1.0840798582408778e-9
103,102,0,local_loglinear,55,54,48,1.2919378568047937,1.3488011242557056,0.6974387174302975,0.25858473077442773,0.7423897841759082,0.2576102158240918,1.0516371704788694,0.9675785725509491,1.086875216455348,0.7627244296795632,0.6565267812920415,0.1499333122217158,0.7015677768303911,2.8502977472008135,2.593989712010289,9.81141582024329e-10
103,102,0,local_loglinear,56,55,47,1.2532467950475448,1.3082874541538425,0.6836055712281236,0.2637096838634023,0.7344295913884671,0.2655704086115329,1.0509253591247387,0.9713384362258972,1.0819353172186554,0.7586047063566288,0.6494313116074029,0.15538375852114206,0.6978155961956003,2.920855074265063,2.6184465057013684,3.5071573734002637e-12
103,102,0,local_loglinear,57,56,46,1.2148100410969327,1.2680227362800323,0.6698486050011982,0.2691363298408753,0.7265544798103809,0.2734455201896191,1.050205087865618,0.9752924345287662,1.0768104526239326,0.7543644510125549,0.6422886695214378,0.16083776437840974,0.6939174042735137,2.9948478422952394,2.644223157087291,1.2980080194324445e-9
103,102,0,local_loglinear,58,57,45,1.1766586130724952,1.2280395596398845,0.6561794053244696,0.274885488051368,0.7187697269428414,0.28123027305715864,1.0494763985737325,0.9794421493365727,1.0715042223622884,0.7499986898599067,0.6350985697405296,0.16629124489144886,0.6898670896553679,3.072522801870022,2.6714110100391006,1.011118813980794e-9
103,102,0,local_loglinear,59,58,44,1.1388229849567117,1.1883699264150323,0.6426093793116302,0.2809797603534518,0.7110804653291989,0.2889195346708011,1.0487393172645052,0.9837889353560523,1.066020646882907,0.7455024553395205,0.627860736625611,0.17174004283578104,0.6856583122377062,3.154147902517901,2.7001092102023883,9.260645623916337e-10
103,102,0,local_loglinear,60,59,43,1.1013331268428765,1.1490452964805018,0.6291497636890654,0.28744369718287954,0.7034917017993282,0.2965082982006718,1.0479938465216252,0.9883338729373173,1.060364189893643,0.7408707935804854,0.6205749127378246,0.17717991546330186,0.6812845155623003,3.2400144163942155,2.7304254013870413,2.6706538428752094e-12
103,102,0,local_loglinear,61,60,42,1.064218531280561,1.1100966162137895,0.6158116349574844,0.29430397571501643,0.6960083217454771,0.3039916782545229,1.04723998373766,0.9930776355590044,1.0545398931959309,0.7360987807553431,0.6132408676083214,0.18260653147059042,0.6767389386735952,3.3304392387548414,2.76247651771524,1.1413466497152619e-9
103,102,0,local_loglinear,62,61,41,1.0275082295271423,1.071554337303953,0.6026059126807328,0.301589598025582,0.6886350975801517,0.31136490241984827,1.046477717855813,0.9980204679786702,1.0485533628135755,0.7311815388065321,0.6058584069433217,0.18801546515858192,0.6720146333461687,3.425767463048416,2.796389642604014,8.88958035415259e-10
103,102,0,local_loglinear,63,62,40,0.9912307959306216,1.0334484227654228,0.5895433608096555,0.3093321073182442,0.6813766909865769,0.31862330901342306,1.0457070381859093,1.003162027221315,1.0424109065236857,0.726114255931553,0.5984273821949224,0.1934021951295395,0.667104483843559,3.5263752180460317,2.832302965515647,8.583709954230714e-10
103,102,0,local_loglinear,64,63,39,0.9554143418140234,0.9958083427403789,0.5766345804417778,0.31756582946111944,0.6742376620827107,0.32576233791728926,1.044927927098343,1.0085013485907495,1.0361195139287567,0.7208922051023271,0.5909477005696542,0.19876209824482133,0.6620012339319711,3.6326728596208215,2.870366814953958,1.980374219053917e-12
103,102,0,local_loglinear,65,64,38,0.9200864966400405,0.9586630561256739,0.5638900030081694,0.326328134242511,0.6672224662006061,0.3327775337993939,1.0441403756943333,1.0140366716380798,1.029686997421527,0.7155107706707762,0.5834193353557822,0.2040904528107006,0.6566975156177539,3.7451084671781447,2.910744821096172,1.0346452084015811e-9
103,102,0,local_loglinear,66,65,37,0.8852743793568164,0.922040982378676,0.5513198772959149,0.33565972432200086,0.6603354536094208,0.3396645463905792,1.0433443811938352,1.0197653938647884,1.0231219724369007,0.7099654752477673,0.5758423367115473,0.20938244020089603,0.651185884814963,3.8641717530887987,2.953615185482213,2.2825141085168443e-12
103,102,0,local_loglinear,67,66,36,0.8510045588812115,0.8859699617546876,0.5389342541197443,0.34560495129345825,0.6535808647170045,0.3464191352829955,1.0425399535264062,1.0256838745767813,1.0164339904013602,0.7042520107111678,0.5682168428329495,0.21463315044414338,0.645458861743995,3.990398397194356,2.9991720899570917,1.2236475607947164e-9
103,102,0,local_loglinear,68,67,35,0.8173030047759687,0.8504772057024205,0.5267429649118427,0.356212164753512,0.6469628279795505,0.3530371720204495,1.04172711236619,1.031787378183386,1.0096335101523575,0.6983662695236091,0.5605430915120877,0.21983758652906482,0.6395089791064184,4.1243748971326815,3.047627238643438,1.0033016499668815e-9
103,102,0,local_loglinear,69,68,34,0.7841950275331013,0.8155892361638167,0.5147555979499199,0.3675340935925505,0.6404853525425859,0.3595146474574141,1.040905893789125,1.0380698602900928,1.0027320256637058,0.6923043804525446,0.5528214319878282,0.2249906734760015,0.6333288358348897,4.266743952910761,3.099211568236632,1.749673547324592e-12
103,102,0,local_loglinear,70,69,33,0.7517052097996482,0.7813318154236267,0.5029814717916442,0.37962826381360854,0.6341523193241885,0.3658476806758115,1.0400763532631696,1.0445239047487476,0.9957420299666117,0.6860627466766265,0.5450523370858431,0.23008726959893155,0.6269111573183138,4.418210469694458,3.1541771401920955,5.243925799485383e-11
103,102,0,local_loglinear,71,70,32,0.7198573293088427,0.7477298672991692,0.4914296056147272,0.39255745499225936,0.6279674692244533,0.37203253077554665,1.039238568820265,1.0511404899257075,0.9886771357211407,0.6796380868128472,0.5372364155809044,0.2351221811081992,0.6202488626607605,4.579548244969273,3.2127992318431926,2.6909210540434565e-10
103,102,0,local_loglinear,72,71,31,0.6886742744916864,0.7148073909566379,0.4801086856761855,0.406390201048292,0.6219343930388067,0.3780656069611933,1.0383926392655427,1.0579089217953719,0.9815520200957298,0.6730274762103305,0.5293744247168419,0.24009017659114107,0.6133351398661576,4.751607454322206,3.2753786410623387,1.7405214536501295e-12
103,102,0,local_loglinear,73,72,30,0.6581779531867737,0.6825873673733119,0.46902703091025527,0.4212013359326379,0.6160565181415074,0.3839434818584926,1.037538688990655,1.0648165887149543,0.9743825368486991,0.6662283908150738,0.5214672827463593,0.2449860052564547,0.6061635268485842,4.93532300222601,3.342244246794289,5.861896566314625e-11
103,102,0,local_loglinear,74,73,29,0.6283891961398078,0.6510916604812067,0.4581925554743662,0.4370725874585544,0.6103370930840596,0.3896629069159404,1.0366768690167367,1.071848886237088,0.967185656791762,0.6592387526818787,0.5135160814021649,0.24980441819239996,0.5987279999705438,5.131723850094295,3.4137558363228377,1.539140802514699e-10
103,102,0,local_loglinear,75,74,28,0.5993276565071273,0.6203409141841321,0.4476127308204653,0.4540932237746342,0.6047791725347068,0.3952208274652932,1.0358073580327738,1.0789890270479523,0.9599795105115009,0.6520569754390712,0.5055220981804633,0.2545401907559345,0.5910230681903684,5.341943460960268,3.4903072435969382,2.4527509918504816e-10
103,102,0,local_loglinear,76,75,27,0.571011706817455,0.5903544467426564,0.4372945469340108,0.47236075350099427,0.5993856002004041,0.4006143997995959,1.0349303643799002,1.0862178533898021,0.9527834229111157,0.644682010476369,0.49748680827396197,0.25918814799962187,0.5830438726971082,5.567231481881533,3.572329829195372,3.2591316587351457e-10
103,102,0,local_loglinear,77,76,26,0.5434583351288648,0.5611501444229343,0.427244473211704,0.4919816829448036,0.5941589918379555,0.4058410081620445,1.0340461261255507,1.0935137798528458,0.9456178286703459,0.6371133922175753,0.48941189600777746,0.26374319144689623,0.5747862912385399,5.8089668354744655,3.6602963401530064,3.8524435773885986e-10
103,102,0,local_loglinear,78,77,25,0.516683042024651,0.5327443560136954,0.417468420328617,0.5130723308520277,0.5891017170740086,0.4108982829259914,1.033154912958179,1.1008525547872379,0.9385043514368344,0.6293512825672134,0.4812992655947348,0.26820032822951306,0.5662470453590399,6.06867238668893,3.7547252005309977,1.3921403953126355e-9
103,102,0,local_loglinear,79,78,24,0.49069974042152975,0.5051517903314013,0.4079717031715431,0.5357597009741999,0.5842158804363473,0.4157841195636527,1.0322570272676814,1.1082072327408081,0.9314657013334163,0.6213965136915869,0.4731510510326443,0.27255470223013,0.5574238095476594,6.348031385313783,3.856185278838773,2.639979521099153e-12
103,102,0,local_loglinear,80,79,23,0.4655206600475632,0.47838541876629564,0.39875900579401224,0.5601824165811853,0.5795033073642497,0.4204966926357503,1.0313528004222645,1.1155480266027336,0.9245256822900979,0.6132506254376788,0.4649696249540992,0.27680162223761373,0.5483153203281335,6.648905970051261,3.965301191878272,7.530469183089971e-11
103,102,0,local_loglinear,81,80,22,0.4411562582640428,0.4524563842045392,0.38983434919067067,0.5864917016517829,0.5749655213413597,0.4250344786586403,1.0304426018159514,1.1228421754505413,0.9177092064630414,0.6049159039529536,0.4567576061736448,0.2809365987032292,0.5389214830267054,6.973357852331739,4.082759213246534,1.3572157242232676e-9
103,102,0,local_loglinear,82,81,21,0.4176151397506443,0.4273739194106521,0.3812010629657968,0.6148524178385553,0.5706037297814884,0.42939627021851157,1.029526832931496,1.1300539652354824,0.9110421843588342,0.5963954116218614,0.44851786582986164,0.2849553740716474,0.5292434740553323,7.323671642035901,4.20931385997878,8.724869014748972e-10
103,102,0,local_loglinear,83,82,20,0.3949039862873788,0.4031452760153569,0.37286175981287495,0.6454441424232671,0.5664188105973041,0.43358118940269585,1.0286059266177658,1.1371446405074672,0.904551531948245,0.5876930118375089,0.4402535318309364,0.2888539531766545,0.5192838372604874,7.7023810791206495,4.3457952277816085,7.75949411603813e-13
103,102,0,local_loglinear,84,83,19,0.37302749837331756,0.3797756656283575,0.3648183157795481,0.678462270050883,0.5624112963061402,0.4375887036938598,1.0276803527904514,1.144072337942396,0.8982651871810181,0.5788133895836602,0.43196799141515263,0.2926286362883199,0.5090465699652572,8.11229850312812,4.493117192174083,8.656561551052945e-10
103,102,0,local_loglinear,85,84,18,0.35198835051309074,0.3572682152679068,0.3570718553999515,0.7141191262179355,0.5585813629051128,0.44141863709488716,1.0267506160135667,1.1507921902672391,0.8922120124704119,0.5697620635180032,0.42366489168273724,0.2962760483188487,0.4985371974131484,8.55654807066642,4.652286566480307,6.992630314895227e-13
103,102,0,local_loglinear,86,85,17,0.3317871611964748,0.3356239382920581,0.3496227405401577,0.7526450704620499,0.5549288251491649,0.44507117485083514,1.0258172495524112,1.1572562934609816,0.8864218370198027,0.5605453882593278,0.4153481379016526,0.2997931623227401,0.4877628341533123,9.038603250810857,4.824413317721403,4.475775266442664e-11
103,102,0,local_loglinear,87,86,16,0.3124224783775215,0.3148417212249989,0.34247056594016984,0.794289547589664,0.5514531311273848,0.4485468688726152,1.0248808201136614,1.1634138043794124,0.8809254422250498,0.5511705500971601,0.4070218894064427,0.30317732324412694,0.4767322276293981,9.562329068242374,5.010722007293371,1.1105948059188587e-9
103,102,0,local_loglinear,88,87,15,0.29389078140707275,0.2949183279884992,0.33561415816319584,0.839322056345729,0.5481533666480832,0.45184663335191677,1.0239419178776374,1.169210953733354,0.8757546400058394,0.5416455506179692,0.398690553010971,0.30642626223437486,0.46545578468564214,10.132029896548543,5.2125645603812085,8.303046452817495e-13
103,102,0,local_loglinear,89,88,14,0.276186499378601,0.2758484214886522,0.329051577477444,0.8880329859365944,0.5450282704856765,0.4549717295143235,1.0230011447363732,1.1745912634213698,0.8709422388827903,0.5319791777873946,0.39035877379716766,0.30953810002021664,0.4539455791632032,10.752503613272967,5.431434518823219,5.6232083095681594e-11
103,102,0,local_loglinear,90,89,13,0.2593020457033189,0.257624602300491,0.3227801222385991,0.9407342516284576,0.5420762575787551,0.4579237424212449,1.022059104437618,1.179495630502026,0.8665221625302683,0.5221809661940461,0.38203142318744876,0.3125113414597339,0.44221533903893956,11.42910298384445,5.668982949476932,9.807157895171026e-11
103,102,0,local_loglinear,91,90,12,0.24322786840816765,0.2402374647047703,0.3167963302641818,0.9977596807687926,0.5392954674155717,0.46070453258442834,1.0211163678157724,1.1838624213614577,0.8625295890729219,0.5122611387371843,0.3737135842911571,0.315344844987852,0.4302804159903609,12.167805696775217,5.927036108092259,1.6564675604238396e-10
103,102,0,local_loglinear,92,91,11,0.2279525146835769,0.22367566889764487,0.3110959731525318,1.0594650762482978,0.5366838407782822,0.46331615922171776,1.0201734283753683,1.187627776202812,0.8590009839927764,0.5022305295554633,0.3654105344400008,0.31803776309012,0.41815773870015016,12.975294543068216,6.207614975084185,2.1746112621634413e-10
103,102,0,local_loglinear,93,92,10,0.2134627078589013,0.20792602859641,0.3056740348650242,1.1262279133751232,0.5342392445674088,0.4657607554325912,1.0192306247303862,1.1907257721433002,0.8559742709656618,0.49210048090769404,0.35712772489493694,0.32058943451833244,0.4058657549771507,13.85904997287905,6.512956667393549,3.0001338209218006e-10
103,102,0,local_loglinear,94,93,9,0.19974343401300482,0.192973612873344,0.30052466093032865,1.1984466633502118,0.5319596711533306,0.46804032884666935,1.018288014983706,1.1930886366401585,0.8534889895953528,0.4818827050145277,0.34887075766414777,0.3229992021066601,0.3934243708881661,14.827458118730446,6.8455375568396715,4.323197829719382e-10
103,102,0,local_loglinear,95,94,8,0.18677803430023876,0.1788018609869536,0.29564105692274756,1.2765398311702363,0.5298435563820787,0.4701564436179213,1.0173451728178555,1.1946472761734725,0.8515862322780944,0.47158909589227566,0.34064535932473583,0.3252661127522972,0.3808548996399246,15.889938908745343,7.208097597937039,6.449650445764786e-10
103,102,0,local_loglinear,96,95,7,0.17454829742266365,0.16539270905409828,0.2910153022470118,1.3609449771684468,0.527890285890396,0.472109714109604,1.0164008588700004,1.195331640066847,0.8503086715023789,0.4612314681352311,0.3324573516319672,0.32738843096237435,0.36818003989272646,17.057101410956662,7.60366476204374,9.870237572711032e-10
103,102,0,local_loglinear,97,96,6,0.16303454420393912,0.15272672779603771,0.2866380248110389,1.4521183369727657,0.5261010026634154,0.4738989973365846,1.0154524905863,1.1950717204854997,0.8497000415789029,0.4508211859505232,0.3243126185195748,0.32936285482575756,0.3554239138740082,18.34093790595139,8.035577371149506,1.5370333584086045e-9
103,102,0,local_loglinear,98,97,5,0.15221569236594062,0.1407832712812084,0.2824978500912889,1.5505362791317663,0.5244798961478915,0.4755201038521085,1.014495290350995,1.193798813760364,0.8498042372444833,0.4403686254708463,0.3162170687921543,0.33118325700891416,0.3426122114292327,19.75507565294671,8.507500165337438,2.4203596185246817e-9
103,102,0,local_loglinear,99,98,4,0.14206928351412654,0.12954063791437417,0.2785804863096763,1.6567009572819404,0.5230362622182508,0.47696373778174916,1.013520918496882,1.1914476493502917,0.850663408543015,0.42988238166506065,0.30817659334178715,0.332838666585495,0.329772510836254,21.315118326322168,9.023426441237143,3.83656018799453e-9
103,102,0,local_loglinear,100,99,3,0.13257144457925477,0.11897624711926187,0.2748672248687369,1.7711544850997907,0.5217877970282342,0.4782122029717658,1.0125152848891148,1.1879599992649297,0.852314291319258,0.4193680830256801,0.30019701500162377,0.3343100382752574,0.3169348854096315,23.039131822495804,9.587652404286683,6.102354820238338e-9
103,102,0,local_loglinear,101,100,2,0.12369674029844195,0.10906683876502932,0.27133250337343445,1.8945094163770235,0.5207658650456478,0.4792341349543522,1.01145505631447,1.1832906267185483,0.8547816009659389,0.4088266047375568,0.292284028071258,0.3355650884765138,0.30413296487668523,24.94836897454247,10.20469891488917,9.718728020710707e-9
103,102,0,local_loglinear,102,101,1,0.11541784816868088,0.0997887082390822,0.26793996827856364,2.0275093444394825,0.5200239237268841,0.4799760762731159,1.010302106529489,1.1774167146142198,0.8580667269196312,0.39825136386605414,0.28444312296234875,0.33655005914116,0.2914057159910525,27.06839774602393,10.879136408882681,1.5475035865590882e-8
103,102,0,local_loglinear,103,102,0,0.1077049470172388,0.09111799959682833,0.264636138767496,2.1711439730276445,0.5196509924038661,0.48034900759613386,1.0089947524678495,1.1703535605567519,0.8621281521011975,0.38762422612999187,0.27667948912476303,0.33717662369607726,0.27880036234268557,29.430920905961152,11.615234390472503,5.530626996828985e-7
104,103,0,local_loglinear,1,0,103,1.891117961702422,1.9428526771862202,0.8997793665391877,0.21227216161864204,0.8920704391253633,0.10792956087463668,,,,0.9880491462976563,0.9337836851161863,0.05648762883966721,0.7484992857228352,1.0769936921911165,2.314972239768629,2.2026407712950254e-11
104,103,0,local_loglinear,2,1,102,1.9694842103461818,2.0253336123701144,0.9270390555600174,0.2078947558221351,0.909878753345489,0.09012124665451104,1.0396491854458558,1.0843741351411467,0.9587550567226788,0.9779677237590533,0.9332776870994215,0.04677388244599348,0.7526055737332547,1.0981306124113286,2.292727366039018,1.0005321777803343e-9
104,103,0,local_loglinear,3,2,101,2.0420803690515,2.101942089840419,0.9523612810797543,0.2041053208453425,0.9262210420382928,0.07377895796170719,1.0421804127906948,1.074025330016524,0.9703499383712495,0.9684625560930851,0.932346418224445,0.03800538134896995,0.7561498532732459,1.1194468319834576,2.2737838444967493,2.4488363837090035e-11
104,103,0,local_loglinear,4,3,100,2.1087135593577693,2.1724549217386127,0.9756750637289687,0.2008228895032129,0.9410621113885157,0.0589378886114843,1.0446078724078285,1.064059738106111,0.9817191977088576,0.9595216294279774,0.931016078795081,0.03015831000413262,0.7591967258074893,1.1408906094063627,2.2576859114648173,9.332569921762675e-10
104,103,0,local_loglinear,5,4,99,2.169289646583418,2.2367512693390985,0.9969426481666126,0.19798013954412938,0.954391704316045,0.04560829568395497,1.0469218143856014,1.0544692244466733,0.9928424558193888,0.951125633099479,0.9293125748981537,0.02320101407605303,0.761802842497355,1.1624243150352525,2.2440519426154655,2.1488815761246136e-11
104,103,0,local_loglinear,6,5,98,2.2237996507207867,2.2947994555585627,1.0161551044413641,0.19552089922392754,0.966220683117298,0.03377931688270197,1.0491133688006828,1.0452515893339807,1.0036945932501886,0.9432501057655946,0.9272611384123424,0.01709624236804117,0.7640177511500399,1.1840225588479112,2.232561439581732,1.0499541375261947e-9
104,103,0,local_loglinear,7,6,97,2.2723061706024903,2.346643560554805,1.0333278880123413,0.19339814244322784,0.9765773165706799,0.02342268342932008,1.0511749734741052,1.0364086352474653,1.0142476024653289,0.9358671680672994,0.9248860508679368,0.011803010275518763,0.7658847122434852,1.205670439247397,2.2229444275328025,8.295536416040022e-10
104,103,0,local_loglinear,8,7,96,2.314930393241448,2.3923904068542745,1.0484965609005612,0.19157237244705613,0.9855037944068016,0.014496205593198419,1.0531006657779933,1.027944463606296,1.0244723358725458,0.9289468964811154,0.9222104525846169,0.0072781210481598635,0.7674414569711421,1.2273619389665278,2.2149728191586755,1.863807593833481e-11
104,103,0,local_loglinear,9,8,95,2.3518400742093437,2.4321973592465223,1.0617128159038027,0.1900103127951681,0.9930530403216196,0.006946959678380438,1.0548862535648595,1.019864043920539,1.0343400768495463,0.9224583974057079,0.9192562205269574,0.0034773901171895605,0.768720872939916,1.249098470948718,2.208453383792652,1.2345950341539594e-9
104,103,0,local_loglinear,10,9,94,2.3832387273019777,2.466261223102666,1.0730408755742504,0.18868384874726674,0.9992859012241662,0.000714098775833838,1.0565293484466423,1.0121720758300587,1.0438238454466422,0.9163706176820291,0.9160439007044676,0.00035659724123045244,0.7697516194347822,1.2708876137042526,2.2032219897393515,2.5582935261915782e-11
104,103,0,local_loglinear,11,10,93,2.409356121887362,2.4948083748994767,1.0825543142297043,0.18756916535686882,1.0042687040663885,0.004268704066388462,1.0580293249360375,1.0048721390123008,1.0528994524377853,0.9106529497302457,0.9125926825113164,0.0021277807867533527,0.7705586694499882,1.292742006981457,2.1991388964211787,4.956070313250986e-10
104,103,0,local_loglinear,12,11,92,2.430440108068738,2.518086178466234,1.0903333142142733,0.18664604318516514,1.0080711763767891,0.008071176376789113,1.059387204845344,0.99796612866385,1.061546253342014,0.9052756712230497,0.9089204049557018,0.004018020636290018,0.771163783153123,1.3146783992728734,2.1960848968351385,1.0059931440794789e-9
104,103,0,local_loglinear,13,12,91,2.4467497264634264,2.5363556730429675,1.096462338485446,0.18589728330437613,1.0107647268339477,0.010764726833947691,1.0606054776582279,0.9914539248160469,1.0697476212573482,0.9002102466985978,0.9050435865558788,0.005354760995147367,0.7715859214454203,1.336716853166069,2.1939581368583836,8.72379825271953e-10
104,103,0,local_loglinear,14,13,90,2.458549509613458,2.5498854611980546,1.1010281898650218,0.18530823725467585,1.0124210573995949,0.01242105739959487,1.0616878873942848,0.9853332721780544,1.077491156923434,0.8954295198692697,0.9009774720072554,0.0061767403510542,0.7718416063951508,1.3588800974559028,2.192671481541278,1.6395860924404256e-11
104,103,0,local_loglinear,15,14,89,2.4661048556978757,2.5589466883101513,1.1041184329963356,0.18486641729093445,1.013111042970318,0.013111042970318065,1.0626392262144535,0.9795998158343394,1.084768707627194,0.8909078335528617,0.8967360901068457,0.006520624300598757,0.7719452299320827,1.3811929770485263,2.192150350476424,1.183199693594744e-9
104,103,0,local_loglinear,16,15,88,2.4696783614071234,2.563809016467098,1.1058201236489293,0.1845611786557792,1.0129038872932714,0.01290388729327141,1.0634650920737314,0.9742472658703335,1.0915761627759828,0.8866210768805095,0.8923323191083177,0.006420923519098509,0.7719093242815349,1.4036820385047777,2.1923309018317325,2.0514503450630517e-11
104,103,0,local_loglinear,17,16,87,2.4695269749943525,2.5647374550439688,1.1062188135965607,0.18438345619967283,1.0118664862839593,0.011866486283959254,1.06417168138179,0.9692676240302552,1.0979131614413362,0.8825466897097582,0.8877779558401941,0.00590996840034913,0.7717447944835663,1.426375201120985,2.1931585243230147,1.6111175027634268e-10
104,103,0,local_loglinear,18,17,86,2.4658998514968253,2.5619899327935802,1.1053977924782656,0.18432554556670985,1.0100629676444914,0.010062967644491438,1.0647655953969026,0.9646514852495004,1.10378267351292,0.8786636353438195,0.883083786281619,0.005017927267369507,0.7714611182669822,1.4493015030501883,2.194586581546667,1.1193532231691557e-9
104,103,0,local_loglinear,19,18,85,2.459036800080016,2.555815503328852,1.103437524715444,0.18438092315894866,1.0075543895124008,0.007554389512400839,1.065253659199526,0.9603883278353392,1.109190551701672,0.8749523452913263,0.8782596558606386,0.003772863168055751,0.7710665199082843,1.47249092834934,2.1965753536792847,8.523771050473501e-10
104,103,0,local_loglinear,20,19,84,2.449167217118798,2.546453074871285,1.1004152489350951,0.18454409732915325,1.004398562869651,0.004398562869651013,1.0656427703052092,0.956466821286295,1.114145045692322,0.8713946467779028,0.8733145380005938,0.002200816060775629,0.7705681208998759,1.4959742972214636,2.1990911461354767,1.3244476571817865e-11
104,103,0,local_loglinear,21,20,83,2.436509413130996,2.5341305672228462,1.0964047180545828,0.18481048250805288,1.0006499561692268,0.0006499561692268063,1.065939785113288,0.9528751201727564,1.1186563302440227,0.867973686264054,0.8682565999607346,0.00032589421049630807,0.7699720677002898,1.5197831875741952,2.20210555175888,1.102947153918267e-9
104,103,0,local_loglinear,22,21,82,2.4212702632046645,2.5190644260328523,1.0914760449931864,0.18517629639871067,0.9963596887123802,0.0036403112876197685,1.0661514101325358,0.9496010816790252,1.122736094874106,0.8646738416983165,0.8630932656100707,0.0018296175711123575,0.7692836438977685,1.5439499149356526,2.2055948205939138,1.2379292516662235e-9
104,103,0,local_loglinear,23,22,81,2.403645107994037,2.5014594158722696,1.0856956347198847,0.18563847486706414,0.9915755821548726,0.008424417845127374,1.066284122754951,0.9466325610635765,1.126397048456628,0.8614806322785294,0.8578312745486738,0.0042451438809453235,0.7685073672630712,1.5685075492078666,2.209539328043567,1.1961863115904533e-9
104,103,0,local_loglinear,24,23,80,2.383817848735306,2.481508631172462,1.0791261866428967,0.18619460083887085,0.9863422507063246,0.013657749293675359,1.0663441187123934,0.9439575561977525,1.1296526117208197,0.8583806302145217,0.8524767373858462,0.006901704812726395,0.7676470727598139,1.5934899560494724,2.21392313102421,1.213025519041815e-9
104,103,0,local_loglinear,25,24,79,2.3619611913264427,2.459393675716482,1.0718267548861498,0.18684284340048904,0.9807012110867533,0.019298788913246656,1.0663372800346358,0.9415643771293252,1.1325165925305316,0.8553613793435003,0.8470351871951127,0.00978180842473908,0.7667059824128979,1.6189318467128933,2.2187336039827863,1.6033868561378345e-11
104,103,0,local_loglinear,26,25,78,2.3382370072040386,2.435284980439305,1.063852838949546,0.18758191218979195,0.9746910421428219,0.025308957857178127,1.0662691280372971,0.9394417764419962,1.1350028865819037,0.8524113047155429,0.8415116273757062,0.012869331380261834,0.7656867698185623,1.6448688901680462,2.2239611123922987,6.840401247883346e-11
104,103,0,local_loglinear,27,26,77,2.312796765366283,2.4093422028181397,1.0552565137879517,0.1884110155829879,0.9683475275549127,0.03165247244508729,1.0661448331698826,0.9375790486797649,1.1371252745794131,0.8495196391329606,0.8359105755717449,0.01614941896228267,0.7645916112202795,1.6713378013299254,2.2295987629460763,1.66027874680785e-11
104,103,0,local_loglinear,28,27,76,2.285782024898125,2.3817147012406217,1.0460865763508074,0.18932982931969639,0.9617038236355377,0.03829617636446225,1.0659691977395427,0.9359660913072562,1.1388972395898576,0.8466763466563793,0.8302361043038122,0.01960838098247919,0.7634222317929793,1.6983764707164961,2.2356421850313923,1.1118358683717756e-9
104,103,0,local_loglinear,29,28,75,2.2573249597813487,2.352542050941286,1.0363887059328445,0.19033847129601456,0.954790626806932,0.04520937319306795,1.0657466611894657,0.934593474712712,1.1403318020351783,0.8438720520575966,0.8244918782193251,0.023233594617333014,0.7621799452671945,1.7260241058573882,2.242089351991998,9.447102595739253e-10
104,103,0,local_loglinear,30,29,74,2.22754890093121,2.321954583635071,1.0262056378556135,0.1914374803480132,0.9476363309916821,0.052363669008317903,1.0654813172181434,0.933452450907921,1.1414414480157022,0.8410979791196108,0.8186811882193523,0.027013417807302542,0.7608656859529165,1.7543213719472348,2.2489404465916776,1.0427087688693086e-11
104,103,0,local_loglinear,31,30,73,2.1965688882342955,2.2900739459366197,1.0155773331691855,0.1926278037954294,0.940267201835423,0.059732798164576995,1.0651769103058701,0.9325349936923804,1.1422380044831273,0.8383458848152356,0.8128069828277935,0.030937097835438354,0.7594800395621557,1.783310579053066,2.2561977371720836,5.132778899995668e-11
104,103,0,local_loglinear,32,31,72,2.164492213102175,2.25701364972465,1.0045411575806462,0.19391078531436315,0.9327075218877036,0.06729247811229644,1.0648368709830611,0.9318337779220222,1.1427326377432188,0.8356080083429492,0.806871896696487,0.03499469806335345,0.7580232655599904,1.8130358453982598,2.2638655021869862,9.143180066327688e-12
104,103,0,local_loglinear,33,32,71,2.1314189555567515,2.222879622858304,0.9931320532691591,0.19528815997244894,0.9249797465801709,0.0750202534198291,1.0644643195232435,0.9313421999887411,1.1429357754175766,0.8328770170010288,0.8008782768377984,0.03917702109005036,0.7564953185926643,1.8435433026859562,2.2719499639661747,6.70105293592085e-11
104,103,0,local_loglinear,34,33,70,2.0974425028345625,2.1877707428985347,0.9813827085415731,0.19676205174494618,0.9171046450550746,0.08289535494492539,1.064062090772893,0.9310543407035139,1.142857129014486,0.8301459595020223,0.7948282065154864,0.04347554128206316,0.7548958655434639,1.87488130416038,2.280459249868516,8.85104309793843e-10
104,103,0,local_loglinear,35,34,69,2.0626500489883948,2.1517793536545007,0.9693237228737827,0.19833497471264813,0.9091014340159015,0.09089856598409851,1.0636327528189786,0.9309649558312656,1.142505683115916,0.8274082227737231,0.7887235271126198,0.0478823418635915,0.7532242995200875,1.9071006497660452,2.289403374450819,8.095843562640709e-12
104,103,0,local_loglinear,36,35,68,2.027123072954114,2.114991762041583,0.9569837626061035,0.20000983887466176,0.9009879093348032,0.09901209066519678,1.0631786207028997,0.9310694652707773,1.1418896874613989,0.824657489700639,0.7825658581484574,0.05239005349028858,0.7514797525858773,1.9402548398160173,2.298794233442048,8.652156647783676e-10
104,103,0,local_loglinear,37,36,67,1.9909377905407823,2.0774887079074227,0.9443897142726934,0.2017899568457237,0.8927805574127666,0.10721944258723337,1.0627017853092817,0.9313638996789863,1.1410167236195903,0.8218877056217063,0.7763566155264146,0.056991803847818046,0.7496611039761847,1.9744003248982593,2.308645627567635,9.305378878497439e-10
104,103,0,local_loglinear,38,37,66,1.9541655850516602,2.039345814754736,0.9315668246495459,0.20367905713808176,0.8844946752333557,0.11550532476664432,1.0622041172160088,0.9318449030372367,1.139893681613627,0.8190930404372723,0.7700970283673354,0.06168116211261088,0.7477669892320503,2.009596808133409,2.3189732877950853,8.314974559783091e-10
104,103,0,local_loglinear,39,38,65,1.9168734089117976,2.0006340088472916,0.9185388398769138,0.20568129653872944,0.876144462323539,0.12385553767646096,1.0616873006935545,0.932509676445744,1.1385268458984472,0.8162678627324725,0.7637881543190479,0.06645209845685005,0.7457958040884907,2.045907530626016,2.3297949360749577,6.4674538754195955e-12
104,103,0,local_loglinear,40,39,64,1.8791241651651944,1.961419920574799,0.9053281292246198,0.20780128034699866,0.8677431276718052,0.13225687232819483,1.0611528308921188,0.9333559572810092,1.1369219027469424,0.8134067064355247,0.7574308938020293,0.07129893446314192,0.743745710770086,2.0833996263660017,2.3411303409977413,1.0299239025419797e-9
104,103,0,local_loglinear,41,40,63,1.840977059875458,1.921766253765691,0.8919558074550236,0.21004408197149477,0.8593029699380492,0.14069703006195078,1.0606020454904357,0.934382003871783,1.1350839818143295,0.8105042487882252,0.7510260029738554,0.07621630771306362,0.7416146394304142,2.1221444656689,2.353001408976296,1.0397843592844365e-9
104,103,0,local_loglinear,42,41,62,1.8024879342348108,1.8817321359949502,0.8784418441650649,0.21241526946980574,0.8508354672590241,0.14916453274097585,1.0600361249129213,0.9355865374913941,1.1330177192964066,0.8075552831656629,0.7445741058395972,0.08119912997805565,0.7394002913057516,2.1622180633989934,2.3654322761401754,9.149208916403024e-10
104,103,0,local_loglinear,43,42,61,1.7637095704581438,1.8413734396903627,0.864805172272785,0.21492093145121036,0.8423513415383964,0.15764865846160359,1.0594561219228373,0.9369687238202634,1.1307273071006694,0.8045547028970006,0.7380757053692288,0.08624255912330922,0.7371001373862313,2.20370147900999,2.378449436635728,6.004887262247612e-12
104,103,0,local_loglinear,44,43,60,1.724691980179413,1.800743087767193,0.8510637807162308,0.21756771231617839,0.8338606412837656,0.16613935871623442,1.0588629522523845,0.9385281563386909,1.1282165005929432,0.8014974757643568,0.731531194025278,0.0913419591872568,0.7347114207884862,2.2466813090039506,2.3920818630606915,1.258454034051788e-9
104,103,0,local_loglinear,45,44,59,1.6854826665690972,1.7598913292957883,0.8372348083883527,0.2203628461774115,0.8253727946396873,0.17462720536031273,1.0582574272988912,0.940264797805384,1.1254887237817546,0.7983786316324302,0.7249408634217545,0.09649287681793745,0.7322311537946494,2.2912501663938487,2.4063611714344564,1.167951084528524e-9
104,103,0,local_loglinear,46,45,58,1.6461268706187326,1.7188660008077818,0.8233346245657079,0.2233141998482586,0.8168966776909781,0.18310332230902193,1.0576402462437846,0.9421789602576903,1.1225470859108497,0.7951932423679623,0.7183049135798167,0.1016910076529274,0.7296561181551973,2.337507254143111,2.421321784022598,1.0165620494620014e-9
104,103,0,local_loglinear,47,46,57,1.606667794668852,1.6777127616565986,0.8093789100511121,0.2264303155106455,0.808440657039247,0.19155934296075305,1.057012024374657,0.9442712922879428,1.1193944293419602,0.7919364133643872,0.7116234615531383,0.10693217704493838,0.7269828609832595,2.3855589386381295,2.437001135932836,8.797355965761268e-10
104,103,0,local_loglinear,48,47,56,1.5671468119799588,1.6364753170753843,0.7953827242904333,0.22972046398428536,0.8000126506211772,0.1999873493788228,1.05637328116954,0.946542711888246,1.1160334001856023,0.7886032660229959,0.7048965498241895,0.11221230877353311,0.7242076948133986,2.4355194368290083,2.4534398783587843,4.69083532336973e-12
104,103,0,local_loglinear,49,48,55,1.5276036548483272,1.5951956169220431,0.7813605725514371,0.2331946993147832,0.7916201665878211,0.20837983341217892,1.0557244647932882,0.948994389487163,1.1124664976826704,0.7851889302672205,0.6981241542011782,0.11752740603081782,0.7213266939088567,2.48751152234875,2.470682126911059,1.356153958772421e-9
104,103,0,local_loglinear,50,49,54,1.4880765885208107,1.553914040322462,0.7673264647258585,0.2368639211994267,0.7832703462269001,0.21672965377309994,1.0550659520962975,0.9516277318816653,1.108696096960208,0.7816885349994994,0.6913061915576939,0.12287352905737683,0.7183356923166865,2.5416673213013232,2.488775726055969,1.0940894477718473e-9
104,103,0,local_loglinear,51,50,53,1.448602568644533,1.512669562322704,0.753293971902415,0.2407399420350377,0.7749699964606481,0.22503000353935187,1.054398062557115,0.95444430332655,1.1047245594972839,0.7780972035531364,0.6844425273633492,0.12824677841641174,0.7152302804008183,2.5981291658129213,2.5077725523221295,9.61781142456648e-10
104,103,0,local_loglinear,52,51,52,1.4092173855626318,1.4714999081082498,0.7392762715021174,0.2448355650814961,0.7667256331486566,0.2332743668513434,1.0537210503975898,0.9574458332543554,1.1005542181075614,0.7744100438926221,0.6775329831727814,0.13364327056221426,0.7120058051954574,2.6570505756255685,2.527728827547672,4.220741528749976e-12
104,103,0,local_loglinear,53,52,51,1.3699557909756817,1.4304416871407366,0.7252861934888979,0.24916466629032105,0.7585435055354411,0.24145649446455886,1.0530351262735829,0.9606341363227066,1.0961874937159592,0.7706221481291433,0.6705773439207146,0.13905912451447622,0.7086573676259248,2.718597290700987,2.5487054883462132,1.3641615607173818e-9
104,103,0,local_loglinear,54,53,50,1.330851612877977,1.3895305156266933,0.7113362592145293,0.2537422863055569,0.750429624411324,0.249570375588676,1.0523404561518055,0.9640110825150088,1.0916269275726107,0.7667285906377734,0.6635753653163226,0.14449044554760448,0.7051798222217762,2.7829484283360832,2.570768582409588,1.0840798582408778e-9
104,103,0,local_loglinear,55,54,49,1.2919378568047937,1.3488011242557056,0.6974387174302975,0.25858473077442773,0.7423897841759082,0.2576102158240918,1.0516371704788694,0.9675785725509491,1.086875216455348,0.7627244296795632,0.6565267812920415,0.1499333122217158,0.7015677768303911,2.8502977472008135,2.593989712010289,9.81141582024329e-10
104,103,0,local_loglinear,56,55,48,1.2532467950475448,1.3082874541538425,0.6836055712281236,0.2637096838634023,0.7344295913884671,0.2655704086115329,1.0509253591247387,0.9713384362258972,1.0819353172186554,0.7586047063566288,0.6494313116074029,0.15538375852114206,0.6978155961956003,2.920855074265063,2.6184465057013684,3.5071573734002637e-12
104,103,0,local_loglinear,57,56,47,1.2148100410969327,1.2680227362800323,0.6698486050011982,0.2691363298408753,0.7265544798103809,0.2734455201896191,1.050205087865618,0.9752924345287662,1.0768104526239326,0.7543644510125549,0.6422886695214378,0.16083776437840974,0.6939174042735137,2.9948478422952394,2.644223157087291,1.2980080194324445e-9
104,103,0,local_loglinear,58,57,46,1.1766586130724952,1.2280395596398845,0.6561794053244696,0.274885488051368,0.7187697269428414,0.28123027305715864,1.0494763985737325,0.9794421493365727,1.0715042223622884,0.7499986898599067,0.6350985697405296,0.16629124489144886,0.6898670896553679,3.072522801870022,2.6714110100391006,1.011118813980794e-9
104,103,0,local_loglinear,59,58,45,1.1388229849567117,1.1883699264150323,0.6426093793116302,0.2809797603534518,0.7110804653291989,0.2889195346708011,1.0487393172645052,0.9837889353560523,1.066020646882907,0.7455024553395205,0.627860736625611,0.17174004283578104,0.6856583122377062,3.154147902517901,2.7001092102023883,9.260645623916337e-10
104,103,0,local_loglinear,60,59,44,1.1013331268428765,1.1490452964805018,0.6291497636890654,0.28744369718287954,0.7034917017993282,0.2965082982006718,1.0479938465216252,0.9883338729373173,1.060364189893643,0.7408707935804854,0.6205749127378246,0.17717991546330186,0.6812845155623003,3.2400144163942155,2.7304254013870413,2.6706538428752094e-12
104,103,0,local_loglinear,61,60,43,1.064218531280561,1.1100966162137895,0.6158116349574844,0.29430397571501643,0.6960083217454771,0.3039916782545229,1.04723998373766,0.9930776355590044,1.0545398931959309,0.7360987807553431,0.6132408676083214,0.18260653147059042,0.6767389386735952,3.3304392387548414,2.76247651771524,1.1413466497152619e-9
104,103,0,local_loglinear,62,61,42,1.0275082295271423,1.071554337303953,0.6026059126807328,0.301589598025582,0.6886350975801517,0.31136490241984827,1.046477717855813,0.9980204679786702,1.0485533628135755,0.7311815388065321,0.6058584069433217,0.18801546515858192,0.6720146333461687,3.425767463048416,2.796389642604014,8.88958035415259e-10
104,103,0,local_loglinear,63,62,41,0.9912307959306216,1.0334484227654228,0.5895433608096555,0.3093321073182442,0.6813766909865769,0.31862330901342306,1.0457070381859093,1.003162027221315,1.0424109065236857,0.726114255931553,0.5984273821949224,0.1934021951295395,0.667104483843559,3.5263752180460317,2.832302965515647,8.583709954230714e-10
104,103,0,local_loglinear,64,63,40,0.9554143418140234,0.9958083427403789,0.5766345804417778,0.31756582946111944,0.6742376620827107,0.32576233791728926,1.044927927098343,1.0085013485907495,1.0361195139287567,0.7208922051023271,0.5909477005696542,0.19876209824482133,0.6620012339319711,3.6326728596208215,2.870366814953958,1.980374219053917e-12
104,103,0,local_loglinear,65,64,39,0.9200864966400405,0.9586630561256739,0.5638900030081694,0.326328134242511,0.6672224662006061,0.3327775337993939,1.0441403756943333,1.0140366716380798,1.029686997421527,0.7155107706707762,0.5834193353557822,0.2040904528107006,0.6566975156177539,3.7451084671781447,2.910744821096172,1.0346452084015811e-9
104,103,0,local_loglinear,66,65,38,0.8852743793568164,0.922040982378676,0.5513198772959149,0.33565972432200086,0.6603354536094208,0.3396645463905792,1.0433443811938352,1.0197653938647884,1.0231219724369007,0.7099654752477673,0.5758423367115473,0.20938244020089603,0.651185884814963,3.8641717530887987,2.953615185482213,2.2825141085168443e-12
104,103,0,local_loglinear,67,66,37,0.8510045588812115,0.8859699617546876,0.5389342541197443,0.34560495129345825,0.6535808647170045,0.3464191352829955,1.0425399535264062,1.0256838745767813,1.0164339904013602,0.7042520107111678,0.5682168428329495,0.21463315044414338,0.645458861743995,3.990398397194356,2.9991720899570917,1.2236475607947164e-9
104,103,0,local_loglinear,68,67,36,0.8173030047759687,0.8504772057024205,0.5267429649118427,0.356212164753512,0.6469628279795505,0.3530371720204495,1.04172711236619,1.031787378183386,1.0096335101523575,0.6983662695236091,0.5605430915120877,0.21983758652906482,0.6395089791064184,4.1243748971326815,3.047627238643438,1.0033016499668815e-9
104,103,0,local_loglinear,69,68,35,0.7841950275331013,0.8155892361638167,0.5147555979499199,0.3675340935925505,0.6404853525425859,0.3595146474574141,1.040905893789125,1.0380698602900928,1.0027320256637058,0.6923043804525446,0.5528214319878282,0.2249906734760015,0.6333288358348897,4.266743952910761,3.099211568236632,1.749673547324592e-12
104,103,0,local_loglinear,70,69,34,0.7517052097996482,0.7813318154236267,0.5029814717916442,0.37962826381360854,0.6341523193241885,0.3658476806758115,1.0400763532631696,1.0445239047487476,0.9957420299666117,0.6860627466766265,0.5450523370858431,0.23008726959893155,0.6269111573183138,4.418210469694458,3.1541771401920955,5.243925799485383e-11
104,103,0,local_loglinear,71,70,33,0.7198573293088427,0.7477298672991692,0.4914296056147272,0.39255745499225936,0.6279674692244533,0.37203253077554665,1.039238568820265,1.0511404899257075,0.9886771357211407,0.6796380868128472,0.5372364155809044,0.2351221811081992,0.6202488626607605,4.579548244969273,3.2127992318431926,2.6909210540434565e-10
104,103,0,local_loglinear,72,71,32,0.6886742744916864,0.7148073909566379,0.4801086856761855,0.406390201048292,0.6219343930388067,0.3780656069611933,1.0383926392655427,1.0579089217953719,0.9815520200957298,0.6730274762103305,0.5293744247168419,0.24009017659114107,0.6133351398661576,4.751607454322206,3.2753786410623387,1.7405214536501295e-12
104,103,0,local_loglinear,73,72,31,0.6581779531867737,0.6825873673733119,0.46902703091025527,0.4212013359326379,0.6160565181415074,0.3839434818584926,1.037538688990655,1.0648165887149543,0.9743825368486991,0.6662283908150738,0.5214672827463593,0.2449860052564547,0.6061635268485842,4.93532300222601,3.342244246794289,5.861896566314625e-11
104,103,0,local_loglinear,74,73,30,0.6283891961398078,0.6510916604812067,0.4581925554743662,0.4370725874585544,0.6103370930840596,0.3896629069159404,1.0366768690167367,1.071848886237088,0.967185656791762,0.6592387526818787,0.5135160814021649,0.24980441819239996,0.5987279999705438,5.131723850094295,3.4137558363228377,1.539140802514699e-10
104,103,0,local_loglinear,75,74,29,0.5993276565071273,0.6203409141841321,0.4476127308204653,0.4540932237746342,0.6047791725347068,0.3952208274652932,1.0358073580327738,1.0789890270479523,0.9599795105115009,0.6520569754390712,0.5055220981804633,0.2545401907559345,0.5910230681903684,5.341943460960268,3.4903072435969382,1.3500253499588694e-9
104,103,0,local_loglinear,76,75,28,0.5710117068227846,0.5903544466964693,0.4372945471829575,0.47236075266493605,0.5993855991451118,0.4006144008548882,1.0349303655876558,1.0862178533898021,0.9527834240230065,0.6446820110383681,0.49748680827396197,0.2591881488713681,0.5830438725197873,5.567231472550454,3.572329831050155,1.8991681123482317e-12
104,103,0,local_loglinear,77,76,27,0.5434583352525474,0.5611501444602159,0.427244473810125,0.4919816814383696,0.5941589901538787,0.40584100984612126,1.0340461270488748,1.0935137792209706,0.9456178300611254,0.6371133931276837,0.4894118960200251,0.26374319285035824,0.5747862908707351,5.808966819330949,3.6602963441432292,8.900896726349179e-10
104,103,0,local_loglinear,78,77,26,0.5166830423367018,0.5327443561503471,0.41746842166022435,0.5130723275962332,0.5891017136915436,0.4108982863084564,1.0331549152707358,1.1008525533658544,0.9385043547492957,0.6293512843981737,0.4812992656262838,0.2682003310732452,0.5662470445566311,6.068672352206837,3.754725209575164,9.858275575892382e-13
104,103,0,local_loglinear,79,78,25,0.49069974108081377,0.5051517907430665,0.40797170546841666,0.535759696245601,0.5842158760650041,0.41578412393499586,1.032257029182941,1.1082072295134149,0.9314657057743417,0.6213965160860323,0.47315105110221634,0.2725547059364196,0.5574238082317259,6.348031337044677,3.8561852942762544,1.355488702272076e-9
104,103,0,local_loglinear,80,79,24,0.4655206611636472,0.47838541943648516,0.39875900986110896,0.560182407466081,0.5795032993241193,0.42049670067588074,1.031352805710601,1.1155480211486528,0.9245256915508145,0.6132506298093958,0.464969625072012,0.276801629112782,0.5483153179595398,6.648905876597663,3.965301220852406,1.192050852968787e-9
104,103,0,local_loglinear,81,80,23,0.44115626016970017,0.45245638534918065,0.38983435619298035,0.5864916849847683,0.5749655074855695,0.4250344925144305,1.0304426104244568,1.1228421653624105,0.9177092223748734,0.6049159114505347,0.45675760637826823,0.2809366106496567,0.5389214789326234,6.973357681736801,4.082759265569552,1.377923272475263e-9
104,103,0,local_loglinear,82,81,22,0.41761514293651936,0.4273739213640725,0.3812010745376742,0.6148523888723494,0.5706037072528589,0.4293962927471411,1.0295268460975278,1.1300539472568865,0.9110422105038614,0.596395423765486,0.4485178661802285,0.2849553936521817,0.5292434673162618,7.323671347097426,4.209313950140582,1.344179543840798e-12
104,103,0,local_loglinear,83,82,21,0.3949039914404539,0.4031452792031985,0.37286177847867863,0.6454440927251599,0.5664187743751735,0.4335812256248265,1.0286059474810425,1.1371446098889766,0.904551574651063,0.5876930312603345,0.4402535324122694,0.2888539849054744,0.5192838264214229,7.702380574815515,4.345795379906865,1.3730025522132875e-9
104,103,0,local_loglinear,84,83,20,0.37302750652494454,0.379775670538663,0.36481834641427247,0.6784621828572375,0.562411236317125,0.437588763682875,1.0276803891491937,1.1440722869298547,0.8982652590134829,0.5788134214941758,0.4319679923578783,0.2926286892368428,0.5090465520053737,8.112297616683504,4.493117457164868,8.598735790104973e-10
104,103,0,local_loglinear,85,84,19,0.3519883633529051,0.35726822282587295,0.35707190521705934,0.7141189750568679,0.55858126504338,0.44141873495662,1.02675067470407,1.150792103635842,0.8922121306360442,0.5697621151451724,0.4236648932068323,0.2962761353332428,0.4985371680153084,8.556546532784148,4.652287023485107,7.102153924356345e-13
104,103,0,local_loglinear,86,85,18,0.33178718127454815,0.33562394975215853,0.3496228214215248,0.7526448083765186,0.5549286654937056,0.44507133450629444,1.0258173461213518,1.1572561480032806,0.8864220318823001,0.5605454717009141,0.4153481403459267,0.2997933052957076,0.487762786075512,9.038600580488596,4.824414106975828,8.555886634934049e-10
104,103,0,local_loglinear,87,86,17,0.31242250964156265,0.314841738386081,0.3424706973432725,0.7942890923073155,0.5514528702212674,0.44854712977873257,1.0248809796523382,1.163413560691239,0.8809257638731732,0.5511706850426001,0.4070218933052533,0.30317755849949635,0.476732148915934,9.562324419747686,5.010723375038565,6.346939941924427e-13
104,103,0,local_loglinear,88,87,16,0.2938908299726944,0.29491835352965,0.33561437112013337,0.8393212675096907,0.5481529420492374,0.45184705795076263,1.0239421783378282,1.169210545547497,0.8757551685084698,0.5416457677879933,0.3986905592097064,0.3064266476314643,0.46545565630441194,10.132021826863221,5.212566927306075,4.338690190525927e-11
104,103,0,local_loglinear,89,88,15,0.2761865746509367,0.2758484591006785,0.3290519227118246,0.8880316167155516,0.5450275786720038,0.4549724213279962,1.0230015732331688,1.1745905823940503,0.8709431086601147,0.5319795273476808,0.3903587836126995,0.30953873196902804,0.4539453697940591,10.752489573287011,5.431438624553035,1.1585271830330501e-10
104,103,0,local_loglinear,90,89,14,0.25930216226832176,0.2576246572422104,0.3227806817354091,0.9407318735824541,0.5420751309659108,0.45792486903408924,1.0220598072785676,1.1794944950126915,0.8665235926069923,0.5221815280610149,0.38203143868962697,0.3125123768813527,0.44221499807893805,11.429078538595995,5.668990079110194,1.8510521334905625e-10
104,103,0,local_loglinear,91,90,13,0.2432280488557962,0.24023754429430444,0.3167972366960183,0.9977555479713516,0.5392936337069281,0.46070636629307193,1.0211175196282216,1.1838605311580417,0.8625319391544997,0.5122620405794451,0.3737136087176298,0.3153465401375649,0.4302798616240848,12.167763102549044,5.927048500607572,8.409960143881762e-10
104,103,0,local_loglinear,92,91,12,0.22795279404994126,0.22367578314534034,0.31109744130062145,1.0594578882956265,0.536680857367197,0.46331914263280305,1.020175314935781,1.1876246348715833,0.8590048446124491,0.5022319752227301,0.3654105728452247,0.31804053647780894,0.41815683878499765,12.975220258066257,6.207636537403581,1.105187075761008e-12
104,103,0,local_loglinear,93,92,11,0.21346314056368612,0.20792619097956613,0.3056764119907089,1.1262154061087872,0.5342343945315309,0.4657656054684691,1.019233710094842,1.1907205599526038,0.8559806090317381,0.4921027944384406,0.3571277851573047,0.32059396710362975,0.4058642967729459,13.858920348091795,6.512994215939862,4.169594659675132e-11
104,103,0,local_loglinear,94,93,10,0.199744104699477,0.19297384101694304,0.30052850839197737,1.1984248877341326,0.5319517916667236,0.4680482083332764,1.0182930568725148,1.1930800042787026,0.8534993908377013,0.4818864017454281,0.3488708520275703,0.32300660302783746,0.393422012461021,14.82723176700959,6.845602996725906,1.1250259652540809e-10
104,103,0,local_loglinear,95,94,9,0.1867790749090073,0.17880217718611302,0.2956472817279251,1.2765018984440608,0.5298307638021629,0.4701692361978371,1.0173534034499,1.1946330058770658,0.8516032944385192,0.4715949935693722,0.3406455067840566,0.32527818575775014,0.38085109262729067,15.889543377452837,7.208211734840009,2.3042217255669395e-10
104,103,0,local_loglinear,96,95,8,0.17454991407491846,0.16539314012362227,0.2910253691069636,1.3608788660342914,0.5278695314059068,0.47213046859409324,1.0164142805946212,1.1953080949433894,0.8503366495169259,0.46124086210343684,0.33245758159179384,0.32740810620301786,0.3681739068183269,17.056409786094402,7.603863979242595,4.2425486664548456e-10
104,103,0,local_loglinear,97,96,7,0.1630370596748835,0.1527273034403354,0.2866542977243245,1.4520030631792558,0.5260673556881553,0.4739326443118447,1.0154743530360992,1.1950329497400123,0.8497459030372533,0.45083612439285004,0.3243129763993753,0.3293948868447252,0.35541405373267865,18.33972774333693,8.035925330487247,7.400866697552429e-10
104,103,0,local_loglinear,98,97,6,0.15221961337248024,0.1407840194920389,0.2825241421793898,1.5503352042237168,0.524425389743732,0.475574610256268,1.0145308601579694,1.1937351028864596,0.8498793892420747,0.4403923408823866,0.3162176245916659,0.33123535145346317,0.34259639224975347,19.752956849794298,8.508108322473309,1.2514841250175515e-9
104,103,0,local_loglinear,99,98,5,0.14207540758821754,0.12954157477055037,0.2786229442058166,1.6563501001778709,0.5229480346479021,0.47705196535209793,1.0135787184453273,1.1913431771184324,0.8507865222319283,0.42991996558776824,0.3081774546963485,0.33292329615036065,0.32974718440999373,21.311406380007515,9.024490033445398,2.075576296452342e-9
104,103,0,local_loglinear,100,99,4,0.13258103021161602,0.11897735646506029,0.2749357501271026,1.7705421059281756,0.5216451031933371,0.4783548968066629,1.0126090838376323,1.1877890613131463,0.8525159195506937,0.41942753818381817,0.30019834702600245,0.33444736427615396,0.3168944223844085,23.032625013667296,9.589513615312194,3.3983360499483736e-9
104,103,0,local_loglinear,101,100,3,0.12371177835277374,0.10906803409116604,0.27144303519810825,1.8934403573612488,0.5205352751423811,0.47946472485761893,1.011607054363211,1.1830115654438336,0.8551117198788193,0.4089204799183241,0.2922860834298874,0.33578765110005493,0.30406844987522075,24.93695643981807,10.20795781185765,5.514163847449445e-9
104,103,0,local_loglinear,102,101,2,0.11544149552245991,0.09978976386695351,0.2681181465943095,2.025642741821903,0.5196516166891926,0.4803483833108074,1.0105480104106992,1.1769621896486278,0.8586070302839464,0.39839928268851416,0.28444628727611065,0.3369102864067066,0.29130304869374296,27.048369700073398,10.884845937914708,8.887533990563001e-9
104,103,0,local_loglinear,103,102,1,0.10774222007976106,0.09111842959742282,0.264923177608841,2.1678844064316554,0.5190503973894257,0.4809496026105743,1.009391809829502,1.1696149985322504,0.8630120262617935,0.3878567736280424,0.2766843492436224,0.337758808331426,0.2786372575691019,29.395753874646946,11.625243485892588,1.4248325302597073e-8
104,103,0,local_loglinear,104,103,0,0.10058353027446049,0.0830299435983109,0.2618023368709463,2.3211685451302517,0.5188251702916313,0.48117482970836867,1.0080736421604362,1.160982554620606,0.8682935313268867,0.37727398531910056,0.26900533229218837,0.3382404729486488,0.26611834701766657,32.015008988484205,12.433854008291036,5.283808907580308e-7
105,104,0,local_loglinear,1,0,104,1.891117961702422,1.9428526771862202,0.8997793665391877,0.21227216161864204,0.8920704391253633,0.10792956087463668,,,,0.9880491462976563,0.9337836851161863,0.05648762883966721,0.7484992857228352,1.0769936921911165,2.314972239768629,2.2026407712950254e-11
105,104,0,local_loglinear,2,1,103,1.9694842103461818,2.0253336123701144,0.9270390555600174,0.2078947558221351,0.909878753345489,0.09012124665451104,1.0396491854458558,1.0843741351411467,0.9587550567226788,0.9779677237590533,0.9332776870994215,0.04677388244599348,0.7526055737332547,1.0981306124113286,2.292727366039018,1.0005321777803343e-9
105,104,0,local_loglinear,3,2,102,2.0420803690515,2.101942089840419,0.9523612810797543,0.2041053208453425,0.9262210420382928,0.07377895796170719,1.0421804127906948,1.074025330016524,0.9703499383712495,0.9684625560930851,0.932346418224445,0.03800538134896995,0.7561498532732459,1.1194468319834576,2.2737838444967493,2.4488363837090035e-11
105,104,0,local_loglinear,4,3,101,2.1087135593577693,2.1724549217386127,0.9756750637289687,0.2008228895032129,0.9410621113885157,0.0589378886114843,1.0446078724078285,1.064059738106111,0.9817191977088576,0.9595216294279774,0.931016078795081,0.03015831000413262,0.7591967258074893,1.1408906094063627,2.2576859114648173,9.332569921762675e-10
105,104,0,local_loglinear,5,4,100,2.169289646583418,2.2367512693390985,0.9969426481666126,0.19798013954412938,0.954391704316045,0.04560829568395497,1.0469218143856014,1.0544692244466733,0.9928424558193888,0.951125633099479,0.9293125748981537,0.02320101407605303,0.761802842497355,1.1624243150352525,2.2440519426154655,2.1488815761246136e-11
105,104,0,local_loglinear,6,5,99,2.2237996507207867,2.2947994555585627,1.0161551044413641,0.19552089922392754,0.966220683117298,0.03377931688270197,1.0491133688006828,1.0452515893339807,1.0036945932501886,0.9432501057655946,0.9272611384123424,0.01709624236804117,0.7640177511500399,1.1840225588479112,2.232561439581732,1.0499541375261947e-9
105,104,0,local_loglinear,7,6,98,2.2723061706024903,2.346643560554805,1.0333278880123413,0.19339814244322784,0.9765773165706799,0.02342268342932008,1.0511749734741052,1.0364086352474653,1.0142476024653289,0.9358671680672994,0.9248860508679368,0.011803010275518763,0.7658847122434852,1.205670439247397,2.2229444275328025,8.295536416040022e-10
105,104,0,local_loglinear,8,7,97,2.314930393241448,2.3923904068542745,1.0484965609005612,0.19157237244705613,0.9855037944068016,0.014496205593198419,1.0531006657779933,1.027944463606296,1.0244723358725458,0.9289468964811154,0.9222104525846169,0.0072781210481598635,0.7674414569711421,1.2273619389665278,2.2149728191586755,1.863807593833481e-11
105,104,0,local_loglinear,9,8,96,2.3518400742093437,2.4321973592465223,1.0617128159038027,0.1900103127951681,0.9930530403216196,0.006946959678380438,1.0548862535648595,1.019864043920539,1.0343400768495463,0.9224583974057079,0.9192562205269574,0.0034773901171895605,0.768720872939916,1.249098470948718,2.208453383792652,1.2345950341539594e-9
105,104,0,local_loglinear,10,9,95,2.3832387273019777,2.466261223102666,1.0730408755742504,0.18868384874726674,0.9992859012241662,0.000714098775833838,1.0565293484466423,1.0121720758300587,1.0438238454466422,0.9163706176820291,0.9160439007044676,0.00035659724123045244,0.7697516194347822,1.2708876137042526,2.2032219897393515,2.5582935261915782e-11
105,104,0,local_loglinear,11,10,94,2.409356121887362,2.4948083748994767,1.0825543142297043,0.18756916535686882,1.0042687040663885,0.004268704066388462,1.0580293249360375,1.0048721390123008,1.0528994524377853,0.9106529497302457,0.9125926825113164,0.0021277807867533527,0.7705586694499882,1.292742006981457,2.1991388964211787,4.956070313250986e-10
105,104,0,local_loglinear,12,11,93,2.430440108068738,2.518086178466234,1.0903333142142733,0.18664604318516514,1.0080711763767891,0.008071176376789113,1.059387204845344,0.99796612866385,1.061546253342014,0.9052756712230497,0.9089204049557018,0.004018020636290018,0.771163783153123,1.3146783992728734,2.1960848968351385,1.0059931440794789e-9
105,104,0,local_loglinear,13,12,92,2.4467497264634264,2.5363556730429675,1.096462338485446,0.18589728330437613,1.0107647268339477,0.010764726833947691,1.0606054776582279,0.9914539248160469,1.0697476212573482,0.9002102466985978,0.9050435865558788,0.005354760995147367,0.7715859214454203,1.336716853166069,2.1939581368583836,8.72379825271953e-10
105,104,0,local_loglinear,14,13,91,2.458549509613458,2.5498854611980546,1.1010281898650218,0.18530823725467585,1.0124210573995949,0.01242105739959487,1.0616878873942848,0.9853332721780544,1.077491156923434,0.8954295198692697,0.9009774720072554,0.0061767403510542,0.7718416063951508,1.3588800974559028,2.192671481541278,1.6395860924404256e-11
105,104,0,local_loglinear,15,14,90,2.4661048556978757,2.5589466883101513,1.1041184329963356,0.18486641729093445,1.013111042970318,0.013111042970318065,1.0626392262144535,0.9795998158343394,1.084768707627194,0.8909078335528617,0.8967360901068457,0.006520624300598757,0.7719452299320827,1.3811929770485263,2.192150350476424,1.183199693594744e-9
105,104,0,local_loglinear,16,15,89,2.4696783614071234,2.563809016467098,1.1058201236489293,0.1845611786557792,1.0129038872932714,0.01290388729327141,1.0634650920737314,0.9742472658703335,1.0915761627759828,0.8866210768805095,0.8923323191083177,0.006420923519098509,0.7719093242815349,1.4036820385047777,2.1923309018317325,2.0514503450630517e-11
105,104,0,local_loglinear,17,16,88,2.4695269749943525,2.5647374550439688,1.1062188135965607,0.18438345619967283,1.0118664862839593,0.011866486283959254,1.06417168138179,0.9692676240302552,1.0979131614413362,0.8825466897097582,0.8877779558401941,0.00590996840034913,0.7717447944835663,1.426375201120985,2.1931585243230147,1.6111175027634268e-10
105,104,0,local_loglinear,18,17,87,2.4658998514968253,2.5619899327935802,1.1053977924782656,0.18432554556670985,1.0100629676444914,0.010062967644491438,1.0647655953969026,0.9646514852495004,1.10378267351292,0.8786636353438195,0.883083786281619,0.005017927267369507,0.7714611182669822,1.4493015030501883,2.194586581546667,1.1193532231691557e-9
105,104,0,local_loglinear,19,18,86,2.459036800080016,2.555815503328852,1.103437524715444,0.18438092315894866,1.0075543895124008,0.007554389512400839,1.065253659199526,0.9603883278353392,1.109190551701672,0.8749523452913263,0.8782596558606386,0.003772863168055751,0.7710665199082843,1.47249092834934,2.1965753536792847,8.523771050473501e-10
105,104,0,local_loglinear,20,19,85,2.449167217118798,2.546453074871285,1.1004152489350951,0.18454409732915325,1.004398562869651,0.004398562869651013,1.0656427703052092,0.956466821286295,1.114145045692322,0.8713946467779028,0.8733145380005938,0.002200816060775629,0.7705681208998759,1.4959742972214636,2.1990911461354767,1.3244476571817865e-11
105,104,0,local_loglinear,21,20,84,2.436509413130996,2.5341305672228462,1.0964047180545828,0.18481048250805288,1.0006499561692268,0.0006499561692268063,1.065939785113288,0.9528751201727564,1.1186563302440227,0.867973686264054,0.8682565999607346,0.00032589421049630807,0.7699720677002898,1.5197831875741952,2.20210555175888,1.102947153918267e-9
105,104,0,local_loglinear,22,21,83,2.4212702632046645,2.5190644260328523,1.0914760449931864,0.18517629639871067,0.9963596887123802,0.0036403112876197685,1.0661514101325358,0.9496010816790252,1.122736094874106,0.8646738416983165,0.8630932656100707,0.0018296175711123575,0.7692836438977685,1.5439499149356526,2.2055948205939138,1.2379292516662235e-9
105,104,0,local_loglinear,23,22,82,2.403645107994037,2.5014594158722696,1.0856956347198847,0.18563847486706414,0.9915755821548726,0.008424417845127374,1.066284122754951,0.9466325610635765,1.126397048456628,0.8614806322785294,0.8578312745486738,0.0042451438809453235,0.7685073672630712,1.5685075492078666,2.209539328043567,1.1961863115904533e-9
105,104,0,local_loglinear,24,23,81,2.383817848735306,2.481508631172462,1.0791261866428967,0.18619460083887085,0.9863422507063246,0.013657749293675359,1.0663441187123934,0.9439575561977525,1.1296526117208197,0.8583806302145217,0.8524767373858462,0.006901704812726395,0.7676470727598139,1.5934899560494724,2.21392313102421,1.213025519041815e-9
105,104,0,local_loglinear,25,24,80,2.3619611913264427,2.459393675716482,1.0718267548861498,0.18684284340048904,0.9807012110867533,0.019298788913246656,1.0663372800346358,0.9415643771293252,1.1325165925305316,0.8553613793435003,0.8470351871951127,0.00978180842473908,0.7667059824128979,1.6189318467128933,2.2187336039827863,1.6033868561378345e-11
105,104,0,local_loglinear,26,25,79,2.3382370072040386,2.435284980439305,1.063852838949546,0.18758191218979195,0.9746910421428219,0.025308957857178127,1.0662691280372971,0.9394417764419962,1.1350028865819037,0.8524113047155429,0.8415116273757062,0.012869331380261834,0.7656867698185623,1.6448688901680462,2.2239611123922987,6.840401247883346e-11
105,104,0,local_loglinear,27,26,78,2.312796765366283,2.4093422028181397,1.0552565137879517,0.1884110155829879,0.9683475275549127,0.03165247244508729,1.0661448331698826,0.9375790486797649,1.1371252745794131,0.8495196391329606,0.8359105755717449,0.01614941896228267,0.7645916112202795,1.6713378013299254,2.2295987629460763,1.66027874680785e-11
105,104,0,local_loglinear,28,27,77,2.285782024898125,2.3817147012406217,1.0460865763508074,0.18932982931969639,0.9617038236355377,0.03829617636446225,1.0659691977395427,0.9359660913072562,1.1388972395898576,0.8466763466563793,0.8302361043038122,0.01960838098247919,0.7634222317929793,1.6983764707164961,2.2356421850313923,1.1118358683717756e-9
105,104,0,local_loglinear,29,28,76,2.2573249597813487,2.352542050941286,1.0363887059328445,0.19033847129601456,0.954790626806932,0.04520937319306795,1.0657466611894657,0.934593474712712,1.1403318020351783,0.8438720520575966,0.8244918782193251,0.023233594617333014,0.7621799452671945,1.7260241058573882,2.242089351991998,9.447102595739253e-10
105,104,0,local_loglinear,30,29,75,2.22754890093121,2.321954583635071,1.0262056378556135,0.1914374803480132,0.9476363309916821,0.052363669008317903,1.0654813172181434,0.933452450907921,1.1414414480157022,0.8410979791196108,0.8186811882193523,0.027013417807302542,0.7608656859529165,1.7543213719472348,2.2489404465916776,1.0427087688693086e-11
105,104,0,local_loglinear,31,30,74,2.1965688882342955,2.2900739459366197,1.0155773331691855,0.1926278037954294,0.940267201835423,0.059732798164576995,1.0651769103058701,0.9325349936923804,1.1422380044831273,0.8383458848152356,0.8128069828277935,0.030937097835438354,0.7594800395621557,1.783310579053066,2.2561977371720836,5.132778899995668e-11
105,104,0,local_loglinear,32,31,73,2.164492213102175,2.25701364972465,1.0045411575806462,0.19391078531436315,0.9327075218877036,0.06729247811229644,1.0648368709830611,0.9318337779220222,1.1427326377432188,0.8356080083429492,0.806871896696487,0.03499469806335345,0.7580232655599904,1.8130358453982598,2.2638655021869862,9.143180066327688e-12
105,104,0,local_loglinear,33,32,72,2.1314189555567515,2.222879622858304,0.9931320532691591,0.19528815997244894,0.9249797465801709,0.0750202534198291,1.0644643195232435,0.9313421999887411,1.1429357754175766,0.8328770170010288,0.8008782768377984,0.03917702109005036,0.7564953185926643,1.8435433026859562,2.2719499639661747,6.70105293592085e-11
105,104,0,local_loglinear,34,33,71,2.0974425028345625,2.1877707428985347,0.9813827085415731,0.19676205174494618,0.9171046450550746,0.08289535494492539,1.064062090772893,0.9310543407035139,1.142857129014486,0.8301459595020223,0.7948282065154864,0.04347554128206316,0.7548958655434639,1.87488130416038,2.280459249868516,8.85104309793843e-10
105,104,0,local_loglinear,35,34,70,2.0626500489883948,2.1517793536545007,0.9693237228737827,0.19833497471264813,0.9091014340159015,0.09089856598409851,1.0636327528189786,0.9309649558312656,1.142505683115916,0.8274082227737231,0.7887235271126198,0.0478823418635915,0.7532242995200875,1.9071006497660452,2.289403374450819,8.095843562640709e-12
105,104,0,local_loglinear,36,35,69,2.027123072954114,2.114991762041583,0.9569837626061035,0.20000983887466176,0.9009879093348032,0.09901209066519678,1.0631786207028997,0.9310694652707773,1.1418896874613989,0.824657489700639,0.7825658581484574,0.05239005349028858,0.7514797525858773,1.9402548398160173,2.298794233442048,8.652156647783676e-10
105,104,0,local_loglinear,37,36,68,1.9909377905407823,2.0774887079074227,0.9443897142726934,0.2017899568457237,0.8927805574127666,0.10721944258723337,1.0627017853092817,0.9313638996789863,1.1410167236195903,0.8218877056217063,0.7763566155264146,0.056991803847818046,0.7496611039761847,1.9744003248982593,2.308645627567635,9.305378878497439e-10
105,104,0,local_loglinear,38,37,67,1.9541655850516602,2.039345814754736,0.9315668246495459,0.20367905713808176,0.8844946752333557,0.11550532476664432,1.0622041172160088,0.9318449030372367,1.139893681613627,0.8190930404372723,0.7700970283673354,0.06168116211261088,0.7477669892320503,2.009596808133409,2.3189732877950853,8.314974559783091e-10
105,104,0,local_loglinear,39,38,66,1.9168734089117976,2.0006340088472916,0.9185388398769138,0.20568129653872944,0.876144462323539,0.12385553767646096,1.0616873006935545,0.932509676445744,1.1385268458984472,0.8162678627324725,0.7637881543190479,0.06645209845685005,0.7457958040884907,2.045907530626016,2.3297949360749577,6.4674538754195955e-12
105,104,0,local_loglinear,40,39,65,1.8791241651651944,1.961419920574799,0.9053281292246198,0.20780128034699866,0.8677431276718052,0.13225687232819483,1.0611528308921188,0.9333559572810092,1.1369219027469424,0.8134067064355247,0.7574308938020293,0.07129893446314192,0.743745710770086,2.0833996263660017,2.3411303409977413,1.0299239025419797e-9
105,104,0,local_loglinear,41,40,64,1.840977059875458,1.921766253765691,0.8919558074550236,0.21004408197149477,0.8593029699380492,0.14069703006195078,1.0606020454904357,0.934382003871783,1.1350839818143295,0.8105042487882252,0.7510260029738554,0.07621630771306362,0.7416146394304142,2.1221444656689,2.353001408976296,1.0397843592844365e-9
105,104,0,local_loglinear,42,41,63,1.8024879342348108,1.8817321359949502,0.8784418441650649,0.21241526946980574,0.8508354672590241,0.14916453274097585,1.0600361249129213,0.9355865374913941,1.1330177192964066,0.8075552831656629,0.7445741058395972,0.08119912997805565,0.7394002913057516,2.1622180633989934,2.3654322761401754,9.149208916403024e-10
105,104,0,local_loglinear,43,42,62,1.7637095704581438,1.8413734396903627,0.864805172272785,0.21492093145121036,0.8423513415383964,0.15764865846160359,1.0594561219228373,0.9369687238202634,1.1307273071006694,0.8045547028970006,0.7380757053692288,0.08624255912330922,0.7371001373862313,2.20370147900999,2.378449436635728,6.004887262247612e-12
105,104,0,local_loglinear,44,43,61,1.724691980179413,1.800743087767193,0.8510637807162308,0.21756771231617839,0.8338606412837656,0.16613935871623442,1.0588629522523845,0.9385281563386909,1.1282165005929432,0.8014974757643568,0.731531194025278,0.0913419591872568,0.7347114207884862,2.2466813090039506,2.3920818630606915,1.258454034051788e-9
105,104,0,local_loglinear,45,44,60,1.6854826665690972,1.7598913292957883,0.8372348083883527,0.2203628461774115,0.8253727946396873,0.17462720536031273,1.0582574272988912,0.940264797805384,1.1254887237817546,0.7983786316324302,0.7249408634217545,0.09649287681793745,0.7322311537946494,2.2912501663938487,2.4063611714344564,1.167951084528524e-9
105,104,0,local_loglinear,46,45,59,1.6461268706187326,1.7188660008077818,0.8233346245657079,0.2233141998482586,0.8168966776909781,0.18310332230902193,1.0576402462437846,0.9421789602576903,1.1225470859108497,0.7951932423679623,0.7183049135798167,0.1016910076529274,0.7296561181551973,2.337507254143111,2.421321784022598,1.0165620494620014e-9
105,104,0,local_loglinear,47,46,58,1.606667794668852,1.6777127616565986,0.8093789100511121,0.2264303155106455,0.808440657039247,0.19155934296075305,1.057012024374657,0.9442712922879428,1.1193944293419602,0.7919364133643872,0.7116234615531383,0.10693217704493838,0.7269828609832595,2.3855589386381295,2.437001135932836,8.797355965761268e-10
105,104,0,local_loglinear,48,47,57,1.5671468119799588,1.6364753170753843,0.7953827242904333,0.22972046398428536,0.8000126506211772,0.1999873493788228,1.05637328116954,0.946542711888246,1.1160334001856023,0.7886032660229959,0.7048965498241895,0.11221230877353311,0.7242076948133986,2.4355194368290083,2.4534398783587843,4.69083532336973e-12
105,104,0,local_loglinear,49,48,56,1.5276036548483272,1.5951956169220431,0.7813605725514371,0.2331946993147832,0.7916201665878211,0.20837983341217892,1.0557244647932882,0.948994389487163,1.1124664976826704,0.7851889302672205,0.6981241542011782,0.11752740603081782,0.7213266939088567,2.48751152234875,2.470682126911059,1.356153958772421e-9
105,104,0,local_loglinear,50,49,55,1.4880765885208107,1.553914040322462,0.7673264647258585,0.2368639211994267,0.7832703462269001,0.21672965377309994,1.0550659520962975,0.9516277318816653,1.108696096960208,0.7816885349994994,0.6913061915576939,0.12287352905737683,0.7183356923166865,2.5416673213013232,2.488775726055969,1.0940894477718473e-9
105,104,0,local_loglinear,51,50,54,1.448602568644533,1.512669562322704,0.753293971902415,0.2407399420350377,0.7749699964606481,0.22503000353935187,1.054398062557115,0.95444430332655,1.1047245594972839,0.7780972035531364,0.6844425273633492,0.12824677841641174,0.7152302804008183,2.5981291658129213,2.5077725523221295,9.61781142456648e-10
105,104,0,local_loglinear,52,51,53,1.4092173855626318,1.4714999081082498,0.7392762715021174,0.2448355650814961,0.7667256331486566,0.2332743668513434,1.0537210503975898,0.9574458332543554,1.1005542181075614,0.7744100438926221,0.6775329831727814,0.13364327056221426,0.7120058051954574,2.6570505756255685,2.527728827547672,4.220741528749976e-12
105,104,0,local_loglinear,53,52,52,1.3699557909756817,1.4304416871407366,0.7252861934888979,0.24916466629032105,0.7585435055354411,0.24145649446455886,1.0530351262735829,0.9606341363227066,1.0961874937159592,0.7706221481291433,0.6705773439207146,0.13905912451447622,0.7086573676259248,2.718597290700987,2.5487054883462132,1.3641615607173818e-9
105,104,0,local_loglinear,54,53,51,1.330851612877977,1.3895305156266933,0.7113362592145293,0.2537422863055569,0.750429624411324,0.249570375588676,1.0523404561518055,0.9640110825150088,1.0916269275726107,0.7667285906377734,0.6635753653163226,0.14449044554760448,0.7051798222217762,2.7829484283360832,2.570768582409588,1.0840798582408778e-9
105,104,0,local_loglinear,55,54,50,1.2919378568047937,1.3488011242557056,0.6974387174302975,0.25858473077442773,0.7423897841759082,0.2576102158240918,1.0516371704788694,0.9675785725509491,1.086875216455348,0.7627244296795632,0.6565267812920415,0.1499333122217158,0.7015677768303911,2.8502977472008135,2.593989712010289,9.81141582024329e-10
105,104,0,local_loglinear,56,55,49,1.2532467950475448,1.3082874541538425,0.6836055712281236,0.2637096838634023,0.7344295913884671,0.2655704086115329,1.0509253591247387,0.9713384362258972,1.0819353172186554,0.7586047063566288,0.6494313116074029,0.15538375852114206,0.6978155961956003,2.920855074265063,2.6184465057013684,3.5071573734002637e-12
105,104,0,local_loglinear,57,56,48,1.2148100410969327,1.2680227362800323,0.6698486050011982,0.2691363298408753,0.7265544798103809,0.2734455201896191,1.050205087865618,0.9752924345287662,1.0768104526239326,0.7543644510125549,0.6422886695214378,0.16083776437840974,0.6939174042735137,2.9948478422952394,2.644223157087291,1.2980080194324445e-9
105,104,0,local_loglinear,58,57,47,1.1766586130724952,1.2280395596398845,0.6561794053244696,0.274885488051368,0.7187697269428414,0.28123027305715864,1.0494763985737325,0.9794421493365727,1.0715042223622884,0.7499986898599067,0.6350985697405296,0.16629124489144886,0.6898670896553679,3.072522801870022,2.6714110100391006,1.011118813980794e-9
105,104,0,local_loglinear,59,58,46,1.1388229849567117,1.1883699264150323,0.6426093793116302,0.2809797603534518,0.7110804653291989,0.2889195346708011,1.0487393172645052,0.9837889353560523,1.066020646882907,0.7455024553395205,0.627860736625611,0.17174004283578104,0.6856583122377062,3.154147902517901,2.7001092102023883,9.260645623916337e-10
105,104,0,local_loglinear,60,59,45,1.1013331268428765,1.1490452964805018,0.6291497636890654,0.28744369718287954,0.7034917017993282,0.2965082982006718,1.0479938465216252,0.9883338729373173,1.060364189893643,0.7408707935804854,0.6205749127378246,0.17717991546330186,0.6812845155623003,3.2400144163942155,2.7304254013870413,2.6706538428752094e-12
105,104,0,local_loglinear,61,60,44,1.064218531280561,1.1100966162137895,0.6158116349574844,0.29430397571501643,0.6960083217454771,0.3039916782545229,1.04723998373766,0.9930776355590044,1.0545398931959309,0.7360987807553431,0.6132408676083214,0.18260653147059042,0.6767389386735952,3.3304392387548414,2.76247651771524,1.1413466497152619e-9
105,104,0,local_loglinear,62,61,43,1.0275082295271423,1.071554337303953,0.6026059126807328,0.301589598025582,0.6886350975801517,0.31136490241984827,1.046477717855813,0.9980204679786702,1.0485533628135755,0.7311815388065321,0.6058584069433217,0.18801546515858192,0.6720146333461687,3.425767463048416,2.796389642604014,8.88958035415259e-10
105,104,0,local_loglinear,63,62,42,0.9912307959306216,1.0334484227654228,0.5895433608096555,0.3093321073182442,0.6813766909865769,0.31862330901342306,1.0457070381859093,1.003162027221315,1.0424109065236857,0.726114255931553,0.5984273821949224,0.1934021951295395,0.667104483843559,3.5263752180460317,2.832302965515647,8.583709954230714e-10
105,104,0,local_loglinear,64,63,41,0.9554143418140234,0.9958083427403789,0.5766345804417778,0.31756582946111944,0.6742376620827107,0.32576233791728926,1.044927927098343,1.0085013485907495,1.0361195139287567,0.7208922051023271,0.5909477005696542,0.19876209824482133,0.6620012339319711,3.6326728596208215,2.870366814953958,1.980374219053917e-12
105,104,0,local_loglinear,65,64,40,0.9200864966400405,0.9586630561256739,0.5638900030081694,0.326328134242511,0.6672224662006061,0.3327775337993939,1.0441403756943333,1.0140366716380798,1.029686997421527,0.7155107706707762,0.5834193353557822,0.2040904528107006,0.6566975156177539,3.7451084671781447,2.910744821096172,1.0346452084015811e-9
105,104,0,local_loglinear,66,65,39,0.8852743793568164,0.922040982378676,0.5513198772959149,0.33565972432200086,0.6603354536094208,0.3396645463905792,1.0433443811938352,1.0197653938647884,1.0231219724369007,0.7099654752477673,0.5758423367115473,0.20938244020089603,0.651185884814963,3.8641717530887987,2.953615185482213,2.2825141085168443e-12
105,104,0,local_loglinear,67,66,38,0.8510045588812115,0.8859699617546876,0.5389342541197443,0.34560495129345825,0.6535808647170045,0.3464191352829955,1.0425399535264062,1.0256838745767813,1.0164339904013602,0.7042520107111678,0.5682168428329495,0.21463315044414338,0.645458861743995,3.990398397194356,2.9991720899570917,1.2236475607947164e-9
105,104,0,local_loglinear,68,67,37,0.8173030047759687,0.8504772057024205,0.5267429649118427,0.356212164753512,0.6469628279795505,0.3530371720204495,1.04172711236619,1.031787378183386,1.0096335101523575,0.6983662695236091,0.5605430915120877,0.21983758652906482,0.6395089791064184,4.1243748971326815,3.047627238643438,1.0033016499668815e-9
105,104,0,local_loglinear,69,68,36,0.7841950275331013,0.8155892361638167,0.5147555979499199,0.3675340935925505,0.6404853525425859,0.3595146474574141,1.040905893789125,1.0380698602900928,1.0027320256637058,0.6923043804525446,0.5528214319878282,0.2249906734760015,0.6333288358348897,4.266743952910761,3.099211568236632,1.749673547324592e-12
105,104,0,local_loglinear,70,69,35,0.7517052097996482,0.7813318154236267,0.5029814717916442,0.37962826381360854,0.6341523193241885,0.3658476806758115,1.0400763532631696,1.0445239047487476,0.9957420299666117,0.6860627466766265,0.5450523370858431,0.23008726959893155,0.6269111573183138,4.418210469694458,3.1541771401920955,5.243925799485383e-11
105,104,0,local_loglinear,71,70,34,0.7198573293088427,0.7477298672991692,0.4914296056147272,0.39255745499225936,0.6279674692244533,0.37203253077554665,1.039238568820265,1.0511404899257075,0.9886771357211407,0.6796380868128472,0.5372364155809044,0.2351221811081992,0.6202488626607605,4.579548244969273,3.2127992318431926,2.6909210540434565e-10
105,104,0,local_loglinear,72,71,33,0.6886742744916864,0.7148073909566379,0.4801086856761855,0.406390201048292,0.6219343930388067,0.3780656069611933,1.0383926392655427,1.0579089217953719,0.9815520200957298,0.6730274762103305,0.5293744247168419,0.24009017659114107,0.6133351398661576,4.751607454322206,3.2753786410623387,1.7405214536501295e-12
105,104,0,local_loglinear,73,72,32,0.6581779531867737,0.6825873673733119,0.46902703091025527,0.4212013359326379,0.6160565181415074,0.3839434818584926,1.037538688990655,1.0648165887149543,0.9743825368486991,0.6662283908150738,0.5214672827463593,0.2449860052564547,0.6061635268485842,4.93532300222601,3.342244246794289,8.214939017065265e-10
105,104,0,local_loglinear,74,73,31,0.6283891961415734,0.651091660447801,0.4581925556553407,0.43707258699633517,0.6103370924403221,0.3896629075596779,1.0366768697695314,1.071848886237088,0.967185657494095,0.6592387530259947,0.5135160814021649,0.24980441871438985,0.5987279998440144,5.13172384495305,3.4137558375592003,1.1708400687150828e-12
105,104,0,local_loglinear,75,74,30,0.5993276565912304,0.6203409142124385,0.4476127311958395,0.4540932229126229,0.6047791714715144,0.3952208285284856,1.035807358587065,1.078989026644719,0.9599795113839721,0.652056976016377,0.5055220981882178,0.25454019162595604,0.5910230679671241,5.3419434517752205,3.490307245852119,4.472456315933164e-11
105,104,0,local_loglinear,76,75,29,0.5710117070294565,0.590354446863017,0.4372945476638418,0.47236075196788085,0.5993855984775497,0.4006144015224503,1.0349303653174609,1.0862178525696373,0.9527834244936714,0.6446820114200074,0.4974868082943953,0.25918814942227575,0.5830438722861668,5.5672314659369295,3.5723298334938307,1.2211805502204034e-10
105,104,0,local_loglinear,77,76,28,0.5434583355408594,0.5611501446848712,0.4272444745176861,0.4919816802516684,0.5941589890359268,0.4058410109640732,1.0340461276732462,1.0935137782510649,0.9456178314708301,0.6371133937579279,0.4894118960484607,0.2637431937814749,0.5747862905178166,5.808966807865792,3.6602963479719577,8.505466585013713e-10
105,104,0,local_loglinear,78,77,27,0.5166830427534436,0.5327443564690425,0.4174684226874766,0.5130723255572819,0.5891017118256039,0.4108982881743961,1.0331549162578988,1.1008525518549805,0.9385043569340794,0.6293512854392962,0.48129926566777115,0.26820033264132537,0.5662470440433357,6.068672332242532,3.754725215360655,1.3711320528798147e-9
105,104,0,local_loglinear,79,78,26,0.49069974169588443,0.5051517911415789,0.4079717074853883,0.5357596919605542,0.5842158721246901,0.41578412787530994,1.0322570321603763,1.1082072271905623,0.9314657104134497,0.6213965182443993,0.47315105116494516,0.2725547092772564,0.5574238070987579,6.348031293534369,3.856185307567328,1.5058135617955162e-12
105,104,0,local_loglinear,80,79,25,0.46552066217654464,0.4783854201496328,0.39875901285547705,0.5601824008972998,0.5795032937896836,0.42049670621031643,1.0313528081711694,1.1155480163356168,0.9245256977453877,0.6132506328513868,0.4649696251783152,0.2768016338445949,0.5483153163403666,6.64890581115537,3.965301240659155,1.3762757330477301e-9
105,104,0,local_loglinear,81,80,24,0.4411562617159111,0.45245638640091496,0.3898343610349935,0.5864916735310308,0.5749654982721292,0.42503450172787083,1.030442615842693,1.1228421580466186,0.917709233179603,0.60491591647549,0.45675760654449915,0.2809366185925857,0.5389214762570325,6.973357566874053,4.082759299764033,8.659878192326119e-10
105,104,0,local_loglinear,82,81,23,0.4176151453203775,0.4273739229585934,0.3812010822540346,0.6148523694547515,0.5706036924898321,0.4293963075101679,1.0295268544521443,1.1300539349392162,0.9110422278274009,0.5963954317675799,0.44851786644363745,0.2849554064823242,0.5292434630067305,7.3236711521168525,4.209314007797663,7.992173790652187e-13
105,104,0,local_loglinear,83,82,22,0.39490399509881463,0.40314528156999574,0.37286179097418,0.6454440592315108,0.566418750229599,0.433581249770401,1.0286059617220935,1.1371445895575807,0.9045516033473673,0.5876930442437889,0.44025353282730206,0.28885400605499945,0.5192838193201829,7.702380237159725,4.345795479572108,8.669347398650358e-10
105,104,0,local_loglinear,84,83,21,0.3730275121588202,0.37977567407633994,0.36481836656219724,0.6784621253965083,0.5624111971792111,0.43758880282078894,1.0276804121804008,1.1440722528212626,0.8982653059246551,0.5788134423675041,0.43196799301401323,0.2926287237801729,0.5090465404048237,8.112297035969384,4.493117628326284,7.303580668604035e-13
105,104,0,local_loglinear,85,84,20,0.3519883720222784,0.35726822809398284,0.357071937676428,0.714118876421158,0.5585812016485823,0.44141879835141773,1.026750712316495,1.1507920467664352,0.8922122074109923,0.56976214865347,0.42366489424252685,0.29627619169966457,0.4985371491064077,8.556545533530349,4.652287317433896,4.5170535938298495e-11
105,104,0,local_loglinear,86,85,19,0.331787194611921,0.3356239575225096,0.3496228740277795,0.7526446378126402,0.5549285620434694,0.4450714379565306,1.0258174087614673,1.1572560533525118,0.8864221585099742,0.560545525831984,0.41534814197798353,0.2997933979348939,0.4877627550412278,9.038598846991372,4.824414616440715,1.1197554651967187e-9
105,104,0,local_loglinear,87,86,18,0.31242253020630295,0.3148417498360403,0.3424707826235249,0.7942887966877709,0.5514527012793624,0.4485472987206376,1.024881082853276,1.1634134023310123,0.8809259724873606,0.5511707724896318,0.40702189588002025,0.30317771083051404,0.47673209807494715,9.562321406122306,5.010724258464803,1.4019367166252126e-9
105,104,0,local_loglinear,88,87,17,0.2938908617369389,0.29491837033306445,0.335614509682307,0.8393207538742494,0.5481526658440008,0.4518473341559992,1.0239423489030461,1.169210280771483,0.8757555127101821,0.5416459091018716,0.39869056327391716,0.30642689833475867,0.46545557292542405,10.132016574970212,5.212568464539443,1.1542995646081267e-12
105,104,0,local_loglinear,89,88,16,0.27618662377496295,0.27584848374231924,0.32905214731542565,0.888030725481973,0.5450271286206602,0.45497287137933984,1.023001852005165,1.1745901393028848,0.870943674541924,0.5319797547930429,0.3903587900297668,0.3095391430753701,0.4539452337317102,10.752480437054738,5.431441292738781,6.783182631636577e-11
105,104,0,local_loglinear,90,89,15,0.2593022382421686,0.2576246931445791,0.322781045714114,0.9407303260150333,0.5420743980399624,0.4579256019600376,1.0220602645291053,1.1794937562950105,0.8665245229780355,0.5221818936309158,0.38203144880615014,0.3125130504822662,0.44221477641542206,11.429062632677596,5.668994714205307,9.522112958675731e-10
105,104,0,local_loglinear,91,90,14,0.24322816638471162,0.24023759620177385,0.3167978265358954,0.9977528577086358,0.5392924401901724,0.4607075598098276,1.0211182697758867,1.1838593014860754,0.862533468710426,0.5122626276013086,0.3737136246399714,0.315347643471765,0.4302795009989169,12.167735376631557,5.927056562181075,6.447037473071844e-13
105,104,0,local_loglinear,92,91,13,0.22795297594094316,0.2236758576169013,0.3110983965896526,1.0594532114745117,0.5366789165017873,0.46332108349821266,1.0201765417222621,1.187622590618783,0.8590073561927809,0.5022329157603999,0.36541059786604735,0.3180423407185109,0.4181562533638087,12.975171927861517,6.207650564384795,1.0474253193234403e-9
105,104,0,local_loglinear,93,92,12,0.21346342221415218,0.20792629673769764,0.30567795884864707,1.1262072674339918,0.5342312387309084,0.4657687612690916,1.019235718260963,1.1907171686468097,0.8559847334856802,0.49210429985202425,0.3571278243974285,0.3205969163665269,0.40586334798322016,13.85883600104231,6.513018647311754,6.027569506307163e-13
105,104,0,local_loglinear,94,93,11,0.19974454119639448,0.19297398955923506,0.3005310119735868,1.198410718342675,0.5319466646671093,0.46805333533289073,1.0182963376140421,1.1930743870492437,0.8535061591025609,0.4818888072039453,0.3488709134566417,0.3230114186900026,0.39342047792636764,14.827084481657192,6.845645576358598,4.8657602646305864e-11
105,104,0,local_loglinear,95,94,10,0.1867797521061848,0.1788023830221885,0.2956513322035465,1.2764772160633044,0.5298224399677709,0.4701775600322291,1.0173587591533957,1.194623720082525,0.8516143971116832,0.47159883119980717,0.34064560276199474,0.32528604152705165,0.3808486155685317,15.889286010910991,7.208286000250894,1.2831987307020814e-10
105,104,0,local_loglinear,96,95,9,0.17455096609706613,0.16539342070722757,0.2910319195283718,1.360835848960502,0.5278560269679483,0.4721439730320517,1.016423014329911,1.1952927740691115,0.8503548556306604,0.46124697485485877,0.3324577312524767,0.3274209087907174,0.36816991635790147,17.05595975967854,7.603993603323698,2.579837520993882e-10
105,104,0,local_loglinear,97,96,8,0.16303869655876677,0.1527276781135373,0.28666488627748105,1.4519280582896903,0.5260454624903382,0.47395453750966177,1.015488579756548,1.1950077215805215,0.8497757474014136,0.4508458452222505,0.3243132092985861,0.32941573026166016,0.3554076384723835,18.338940321820214,8.036151733873835,4.680322339429206e-10
105,104,0,local_loglinear,98,97,7,0.15222216486090365,0.14078450650253868,0.2825412499293549,1.5502043742221943,0.524389924046544,0.47561007595345595,1.014554008039763,1.1936936460718288,0.8499282972464727,0.4404077737474115,0.3162179862825144,0.3312692504821032,0.3425861004340302,19.75157821406355,8.508504019044077,8.069810492872194e-10
105,104,0,local_loglinear,99,98,6,0.14207939269818376,0.12954218466364967,0.2786505704968485,1.6561218213582072,0.522890628028409,0.477109371971591,1.0136163365054303,1.191275196294051,0.8508666508449925,0.4299444251052292,0.3081780152293496,0.33297836885733767,0.3297307087017586,21.308991173041836,9.025182037586642,1.3520892141542899e-9
105,104,0,local_loglinear,100,99,5,0.1325872680123445,0.1189780789316755,0.274980337335389,1.7701436929823466,0.521552258315137,0.47844774168486304,1.0126701402390343,1.1876778292639387,0.8526471702066165,0.4194662358310074,0.3001992138741798,0.33453673544966933,0.3168681035225053,23.028391395716543,9.590724516552001,2.2260739629042284e-9
105,104,0,local_loglinear,101,100,4,0.12372156474041163,0.10906881333663998,0.2715149537509956,1.8927448873580928,0.5203852424852387,0.47961475751476135,1.0117060181630715,1.1828299718822226,0.8553266675794123,0.4089815919048069,0.2922874210876153,0.33593251052481765,0.30402649617977584,24.92953117061751,10.210077889586819,3.623304425280932e-9
105,104,0,local_loglinear,102,101,3,0.11545688580612454,0.09979045425068032,0.268234077747489,2.0244286020773803,0.5194093820726676,0.4805906179273324,1.0107081782194212,1.1766664068850199,0.8589589813267987,0.3984956057896219,0.28444834688572673,0.3371447917293302,0.29123630940481626,27.035339586593704,10.888559851072586,5.850709201187399e-9
105,104,0,local_loglinear,103,102,2,0.10776648129863924,0.09111871785319842,0.2651099335553356,2.165764693336236,0.5186596451592724,0.48134035484072757,1.0096505968319767,1.169134355186039,0.8635881687621058,0.38800828051963626,0.27668751322017426,0.3381379226684771,0.27853129358392736,29.372876073705495,11.63175301136091,9.391296318289243e-9
105,104,0,local_loglinear,104,103,1,0.10062186569537655,0.08302921498859639,0.26210298007263516,2.3174678046196986,0.5181954093106721,0.4818045906893279,1.008490939385531,1.1602033937250722,0.8692363294573402,0.3775117419086155,0.26901018124426446,0.33885244522173863,0.26595038836400864,31.974819848941486,12.445270050963703,1.500208173285232e-8
105,104,0,local_loglinear,105,104,0,0.09399211301480416,0.07549775800982308,0.25915495879957234,2.4805468790946423,0.5181152057741854,0.48188479422581465,1.007161003178673,1.149881786938563,0.8758822120838451,0.36698606918507204,0.26142125861566134,0.3391907648298256,0.25354075781384505,34.881878851889404,13.3342862082969,5.674334913045487e-7
