T_report,model_T,n_buffer,terminal_rule,t,model_t,periods_to_report_end,e_W_over_e_US,Y_W_over_Y_US,Q_W_over_e_US,zeta,abs_zeta_gap,Lambda_u,Lambda_b,Lambda_u_over_Lambda_b,phi_US,hkt_scalar_phi_US_same_state,abs_log_phi_US_vs_HKT_scalar,phi_W,q_US,q_W,residual_norm
30,29,0,local_loglinear,1,0,29,1.8905489305118306,1.9413556198342408,0.9038178660077935,0.8825268256025048,0.11747317439749516,,,,0.9932766422755183,0.9337836851161863,0.061764406780686135,0.7466805409386618,1.0667190368697315,2.3249284524801364,9.444954717907831e-12
30,29,0,local_loglinear,2,1,28,1.9730369965815278,2.0276623268270644,0.9344461533419904,0.8969721907464306,0.10302780925356936,1.0410485222195913,1.0940509703533396,0.9515539498889797,0.9850947192320787,0.9334988401525799,0.053798077696574825,0.750253589602985,1.083364371299011,2.3054292629678668,1.0337757456800832e-9
30,29,0,local_loglinear,3,2,27,2.051702867258132,2.110129678780688,0.9637229365529928,0.9105977686669502,0.08940223133304981,1.0419289427183027,1.096424269484925,0.9502972268278748,0.9771604547428103,0.9328681467363176,0.04638700160438913,0.7534054885661245,1.10050617573145,2.2884313376320096,1.1128440389470764e-11
30,29,0,local_loglinear,4,3,26,2.126174026037522,2.188356539664401,0.9915254772824805,0.9233037039377787,0.07669629606222128,1.0427915173281632,1.0987247394364401,0.9490925978994827,0.9695114709625504,0.9319032261304545,0.03956333177575462,0.7561709199883961,1.1180545029724822,2.2736719496259354,8.270892818756261e-10
30,29,0,local_loglinear,5,4,25,2.196164190831236,2.262029823537337,1.01775798962433,0.9350165022328139,0.06498349776718615,1.0436295525569184,1.101031987877902,0.9478648795375877,0.9621723309417423,0.9306175157916621,0.03334521154070946,0.7585831856939277,1.1359354436448321,2.260913731007415,9.838129220639274e-12
30,29,0,local_loglinear,6,5,24,2.2614673298440646,2.3309189243458075,1.042350532179529,0.9456855065393132,0.05431449346068684,1.0444387180030943,1.103404488672037,0.9465601497235987,0.9551573234048734,0.9290256677546951,0.027739695585295827,0.7606735474154225,1.1540886322725397,2.2499446748777023,5.682049252982957e-11
30,29,0,local_loglinear,7,6,23,2.3219506375199512,2.3948690328421343,1.065257221198012,0.9552798427877041,0.04472015721229594,1.045216242404463,1.1058860590689237,0.9451391794236558,0.9484726569064315,0.9271430686002351,0.022745072521321373,0.7624709205032096,1.1724653386413668,2.240576762030441,9.714246345858652e-10
30,29,0,local_loglinear,8,7,22,2.377546816451963,2.453793661750894,1.086453993967009,0.9637856695346951,0.03621433046530487,1.0459604020390112,1.108510140541346,0.9435731472228226,0.9421182211139875,0.9249854571377998,0.018352751447243874,0.7640017838919609,1.191026930560612,2.23264395842543,1.2412151345979e-11
30,29,0,local_loglinear,9,8,21,2.4282460089677573,2.5076667130052157,1.1059361177611953,0.971203644211674,0.028796355788325956,1.0466702007008222,1.1113027184861686,0.9418407633579897,0.9360890216732748,0.9225686220287679,0.014548820409187618,0.7652902172039343,1.209743572421203,2.2260000113947087,6.384870623883154e-11
30,29,0,local_loglinear,10,9,20,2.474087694933606,2.556514410294899,1.123715585989107,0.9775466041917334,0.022453395808266552,1.0473451428501173,1.1142843339712056,0.9399262925266809,0.9303763437305916,0.9199081656514785,0.01131532985156232,0.7663580149181889,1.2285931182533951,2.2205162439638655,1.0202551814253778e-9
30,29,0,local_loglinear,11,10,19,2.515152803113967,2.600407352283261,1.1398185280008086,0.9828374330811602,0.017162566918839772,1.0479850961272155,1.1174714922381428,0.9378181934898799,0.9249687041356146,0.9170193225562462,0.008631360048788062,0.7672248381761576,1.2475601350861658,2.2160794864164233,1.3768943568158373e-11
30,29,0,local_loglinear,12,11,18,2.5515562383936516,2.6394529070935993,1.1542827110896337,0.9871071361765282,0.012892863823471767,1.048590182301545,1.1208776460806418,0.9355081582437983,0.9198526190229895,0.9139168232015074,0.006473896244768032,0.7679083863450198,1.2666350575290162,2.2125901767470935,6.626803281190713e-11
30,29,0,local_loglinear,13,12,17,2.583439955973103,2.673788092892989,1.167155206067399,0.9903931016945146,0.009606898305485445,1.0491607171742026,1.1245138970565591,0.9329904413990834,0.9150132284857179,0.910614794691982,0.004818552572913984,0.768424569965138,1.2858134312410658,2.2099606717353057,1.5407022435094814e-10
30,29,0,local_loglinear,14,13,16,2.6109666777026668,2.7035730595370158,1.1784902490462914,0.9927375665737788,0.0072624334262212376,1.0496971554989103,1.1283894732486055,0.9302613861478679,0.9104347939538332,0.9071266919410665,0.0036401581914465436,0.7687876804177628,1.3050952559321705,2.2081137483878805,6.648920674936035e-10
30,29,0,local_loglinear,15,14,15,2.634314290929124,2.7289852250812316,1.188347328456802,0.9941862646444016,0.005813735355598371,1.0502000625628996,1.132512076236549,0.9273190852435053,0.9061010971120671,0.9034652533394745,0.002913234583657054,0.7690105485191588,1.3244843998766722,2.206981299501425,1.2109744659572407e-11
30,29,0,local_loglinear,16,15,14,2.6536709461187935,2.7502140989431947,1.1967895037070801,0.9947872611267694,0.0052127388732305935,1.0506700870234789,1.1368881238995052,0.9241631299830101,0.9019957524230409,0.8996424762381396,0.0026123752102867326,0.7691046911237845,1.3439880917721712,2.2065031989526647,5.5853017554332266e-11
30,29,0,local_loglinear,17,16,13,2.669230836601034,2.7674567845626763,1.2038819572894197,0.9945899464957488,0.005410053504251167,1.0511079504102985,1.1415229196586598,0.9207944337417269,0.8981024553212127,0.8956696081052729,0.002712550560096394,0.769080443303059,1.3636164642434307,2.2066263259676395,1.2296680342190925e-10
30,29,0,local_loglinear,18,17,12,2.681190633537958,2.7809141462839277,1.2096907693692813,0.9936441951490005,0.0063558048509995135,1.0515144300771992,1.1464207844964582,0.9172150787017137,0.894405170389732,0.8915571501803876,0.0031893423401944537,0.7689470775944806,1.3833821634497743,2.207303722496736,1.933535776510161e-10
30,29,0,local_loglinear,19,18,11,2.6897465272493726,2.7907875973419913,1.2142819007277705,0.9919996658358701,0.00800033416412993,1.0518903502129144,1.1515851570392577,0.9134281939837953,0.8908882739944847,0.8873148706929048,0.004019122474792677,0.768712910331808,1.403300009025862,2.2084938692722678,7.424511160426101e-10
30,29,0,local_loglinear,20,19,10,2.695091822621314,2.797276462235433,1.2177203653673743,0.9897052347389805,0.010294765261019467,1.0522365713586335,1.157018679510361,0.9094378422688298,0.8875366576774583,0.8829518253680813,0.005179183713291138,0.7683853964670312,1.4233867057611984,2.2101600621055337,1.34405658706531e-11
30,29,0,local_loglinear,21,20,9,2.6974150303603968,2.8005758603832014,1.2200695670171595,0.9868085622092829,0.013191437790717075,1.0525539701616762,1.1627232899350006,0.9052488922110753,0.8843357925497007,0.8784763832637195,0.00664782209399499,0.7679712158410692,1.4436606237378793,2.212269864525246,5.649888672299127e-11
30,29,0,local_loglinear,22,21,8,2.6968983865997824,2.800875043872215,1.2213907764845897,0.9833557712155998,0.016644228784400195,1.052843423283405,1.16870030869375,0.9008668992824708,0.8812717638484594,0.8738962560616721,0.00840438193530671,0.7674763516444666,1.4641416370544447,2.2147946259473654,1.1440198991362944e-10
30,29,0,local_loglinear,23,22,7,2.693716739823623,2.798356134237893,1.2217427125852467,0.9793912667171778,0.0206087332828222,1.0531057613295427,1.1749505629741233,0.8962979333052467,0.8783312611685354,0.8692185293705681,0.010429247219006926,0.766906167171439,1.4848510798077637,2.2177090285775547,1.047723892964878e-9
30,29,0,local_loglinear,24,23,6,2.6880367259471574,2.79319318076788,1.2211811847014469,0.9749577041992128,0.025042295800787207,1.0533417030127092,1.1814745375357822,0.8915483741271975,0.8755015178383704,0.8644496941015285,0.012703772720281531,0.7662654856600145,1.505811861470913,2.220990633622381,1.8536879728871634e-11
30,29,0,local_loglinear,25,24,5,2.6800161480595417,2.7855514666975454,1.2197587265676846,0.9700961842766068,0.02990381572339318,1.0535517195531585,1.1882726162139639,0.886624588648648,0.8727701609222503,0.8595956758199024,0.015210111873941862,0.7655586862619234,1.527048890670147,2.224619355281167,8.690747475940356e-11
30,29,0,local_loglinear,26,25,4,2.6698034400802646,2.775586953996362,1.217524118708329,0.9648467757763792,0.03515322422362077,1.0537358024547785,1.195345470595352,0.8815324342425931,0.8701249190555472,0.854661858611159,0.01793088275593424,0.7647898339234791,1.5485900259961614,2.2285767656354363,2.390314998480029e-10
30,29,0,local_loglinear,27,26,3,2.657537049779301,2.7634457350660746,1.2145216042326634,0.9592496423760242,0.04075035762397583,1.0538929980545728,1.2026947397321046,0.8762763843877153,0.8675530533535863,0.849653098171012,0.02084852017258157,0.7639628841862928,1.5704680772577977,2.232845011386421,5.450036871726535e-10
30,29,0,local_loglinear,28,27,2,2.6433444522159397,2.7492632565906647,1.2107894559829708,0.9533472397111759,0.04665276028882415,1.0540205389509008,1.2103242816440571,0.8708579633874324,0.8650402803682129,0.8445737140187739,0.02394405313440015,0.7630820331496971,1.5927247894717491,2.23740496609596,1.149729303829139e-9
30,29,0,local_loglinear,29,28,1,2.6273402991829578,2.733162930133438,1.2063572545856034,0.9471885132314735,0.05281148676852654,1.0541121793697514,1.2182425156610752,0.8652728548040708,0.8625687290691164,0.8394274425913089,0.02719478813914261,0.7621523496910282,1.6154186714103131,2.242232882860283,2.3355372241460873e-9
30,29,0,local_loglinear,30,29,0,2.6096228010153113,2.7152534316706003,1.2012406764343835,0.9408368615585062,0.05916313844149379,1.05415501227421,1.2264669156460886,0.8595054614407543,0.8601130614280935,0.8342173168598117,0.030569907193234186,0.7611809503640775,1.6386402796927975,2.2472941465739535,1.0187088860673365e-7
35,34,0,local_loglinear,1,0,34,1.8905489305118306,1.9413556198342408,0.9038178660077935,0.8825268256025048,0.11747317439749516,,,,0.9932766422755183,0.9337836851161863,0.061764406780686135,0.7466805409386618,1.0667190368697315,2.3249284524801364,9.444954717907831e-12
35,34,0,local_loglinear,2,1,33,1.9730369965815278,2.0276623268270644,0.9344461533419904,0.8969721907464306,0.10302780925356936,1.0410485222195913,1.0940509703533396,0.9515539498889797,0.9850947192320787,0.9334988401525799,0.053798077696574825,0.750253589602985,1.083364371299011,2.3054292629678668,1.0337757456800832e-9
35,34,0,local_loglinear,3,2,32,2.051702867258132,2.110129678780688,0.9637229365529928,0.9105977686669502,0.08940223133304981,1.0419289427183027,1.096424269484925,0.9502972268278748,0.9771604547428103,0.9328681467363176,0.04638700160438913,0.7534054885661245,1.10050617573145,2.2884313376320096,1.1128440389470764e-11
35,34,0,local_loglinear,4,3,31,2.126174026037522,2.188356539664401,0.9915254772824805,0.9233037039377787,0.07669629606222128,1.0427915173281632,1.0987247394364401,0.9490925978994827,0.9695114709625504,0.9319032261304545,0.03956333177575462,0.7561709199883961,1.1180545029724822,2.2736719496259354,8.270892818756261e-10
35,34,0,local_loglinear,5,4,30,2.196164190831236,2.262029823537337,1.01775798962433,0.9350165022328139,0.06498349776718615,1.0436295525569184,1.101031987877902,0.9478648795375877,0.9621723309417423,0.9306175157916621,0.03334521154070946,0.7585831856939277,1.1359354436448321,2.260913731007415,9.838129220639274e-12
35,34,0,local_loglinear,6,5,29,2.2614673298440646,2.3309189243458075,1.042350532179529,0.9456855065393132,0.05431449346068684,1.0444387180030943,1.103404488672037,0.9465601497235987,0.9551573234048734,0.9290256677546951,0.027739695585295827,0.7606735474154225,1.1540886322725397,2.2499446748777023,5.682049252982957e-11
35,34,0,local_loglinear,7,6,28,2.3219506375199512,2.3948690328421343,1.065257221198012,0.9552798427877041,0.04472015721229594,1.045216242404463,1.1058860590689237,0.9451391794236558,0.9484726569064315,0.9271430686002351,0.022745072521321373,0.7624709205032096,1.1724653386413668,2.240576762030441,9.714246345858652e-10
35,34,0,local_loglinear,8,7,27,2.377546816451963,2.453793661750894,1.086453993967009,0.9637856695346951,0.03621433046530487,1.0459604020390112,1.108510140541346,0.9435731472228226,0.9421182211139875,0.9249854571377998,0.018352751447243874,0.7640017838919609,1.191026930560612,2.23264395842543,8.75092022904396e-10
35,34,0,local_loglinear,9,8,26,2.4282460088881583,2.5076667127550936,1.1059361183680212,0.9712036428486633,0.02879635715133666,1.0466702017052871,1.1113027184861686,0.9418407642618524,0.9360890223261428,0.9225686220287679,0.014548821106629806,0.765290216978601,1.2097435708927469,2.2260000125540698,1.0425094033209275e-9
35,34,0,local_loglinear,10,9,25,2.474087695558794,2.556514410843932,1.123715586654697,0.9775466034982793,0.022453396501720735,1.0473451424061284,1.1142843329866217,0.9399262929587497,0.9303763440861988,0.9199081656784494,0.011315330204461904,0.7663580147864385,1.2285931173481655,2.220516244639231,1.153708957415837e-9
35,34,0,local_loglinear,11,10,24,2.5151528040837325,2.60040735307698,1.139818529137699,0.9828374315247396,0.01716256847526043,1.047985096723926,1.1174714915735724,0.9378181945815917,0.924968704906955,0.9170193225977741,0.008631360837412103,0.7672248379385846,1.2475601331158161,2.2160794876305974,8.852511845630487e-10
35,34,0,local_loglinear,12,11,23,2.551556240180098,2.639452908712126,1.154282712599362,0.9871071345446434,0.012892865455356617,1.04859018237508,1.1208776448498512,0.9355081593366469,0.9198526198544367,0.9139168232745203,0.0064738970687695935,0.7679083861088616,1.266635055301397,2.2125901779511854,1.3056622056201702e-11
35,34,0,local_loglinear,13,12,22,2.583439958556241,2.673788095082877,1.1671552087048116,0.9903930981987488,0.009606901801251233,1.049160718517307,1.1245138956905572,0.9329904437268193,0.9150132302039949,0.9106147947986885,0.0048185543336046605,0.7684245694753853,1.2858134266369892,2.209960674227945,1.1765141587004923e-9
35,34,0,local_loglinear,14,13,21,2.6109666818317336,2.703573062552152,1.1784902548905807,0.992737557419822,0.007262442580178052,1.0496971596161595,1.12838947053172,0.9302613920364934,0.9104347983211097,0.9071266921172203,0.0036401627941708703,0.7687876791041943,1.3050952441989985,2.208113755065021,1.7463757878459537e-11
35,34,0,local_loglinear,15,14,20,2.6343142993656685,2.7289852314735357,1.188347339800897,0.994186247950635,0.005813752049364962,1.050200068254634,1.1325120693030566,0.9273190959465208,0.9061011050640542,0.9034652536916319,0.0029132429699201684,0.7690105460516303,1.3244843780158053,2.2069813120347344,8.254799512537534e-11
35,34,0,local_loglinear,16,15,19,2.653670962431017,2.750214111288087,1.196789525571763,0.9947872290022732,0.005212770997726768,1.0506700984884647,1.1368881106777686,0.9241631508153392,0.901995767650055,0.8996424769091014,0.0026123913459471237,0.7691046864079361,1.3439880490940046,2.2065032228980774,8.586122069828539e-10
35,34,0,local_loglinear,17,16,18,2.669230867999237,2.7674568080473976,1.2038819999334835,0.9945898830007032,0.005410116999296832,1.051107973645105,1.1415228940134814,0.9207944747822915,0.8981024852620715,0.8956696093836876,0.0027125824706773632,0.7690804340994359,1.3636163787881883,2.2066263727042976,1.7380436488804594e-11
35,34,0,local_loglinear,18,17,17,2.6811906947913777,2.780914192164833,1.2096908520843992,0.9936440724609489,0.0063559275390511205,1.0515144742546148,1.146420733756503,0.9172151578322325,0.8944052280805741,0.8915571526473476,0.003189404075078797,0.7689470598846916,1.3833819956260538,2.2073038124697266,9.836598890693972e-10
35,34,0,local_loglinear,19,18,16,2.6897466461015616,2.790787686141342,1.2142820614739798,0.9919994272004461,0.008000572799553907,1.0518904370159032,1.1515850578929163,0.913428348002859,0.8908883859332505,0.8873148754381235,0.0040192427754333765,0.7687128760368378,1.4032996773229787,2.2084940436457234,1.6559585734917493e-11
35,34,0,local_loglinear,20,19,15,2.695092053580845,2.7972766352225573,1.2177206759379444,0.9897047756699829,0.010295224330017061,1.0522367374155124,1.157018484657704,0.9094381389479783,0.8875368727672605,0.8829518345107057,0.0051794157033456245,0.7683853306360668,1.4233860563944254,2.2101603972032575,1.001639960924639e-9
35,34,0,local_loglinear,21,20,14,2.697415476665646,2.800576194452676,1.2200701668897516,0.986807675513217,0.01319232448678298,1.0525542936571282,1.1627229099455045,0.9052494662777911,0.8843362076604782,0.8784764008103803,0.006648271523936725,0.7679710890831404,1.4436593474881974,2.212270510682173,1.701601245226887e-11
35,34,0,local_loglinear,22,21,13,2.6968992483088563,2.800875689091776,1.2213919331211047,0.983354062774764,0.016645937225235996,1.052844048592213,1.1686995654940058,0.900868007208661,0.88127256360938,0.8738962897392291,0.008405250905357764,0.7674761079511646,1.4641391333027796,2.2147958703175252,1.01355578009314e-9
35,34,0,local_loglinear,23,22,12,2.6937184004074872,2.7983573776279944,1.2217449410686785,0.9793879753084023,0.02061202469159773,1.053106973220358,1.1749491111368666,0.8963000722655846,0.8783328027138589,0.8692185939535644,0.010430928001606304,0.7669056984555063,1.4848461665429942,2.2177114267065297,1.7348501001816745e-11
35,34,0,local_loglinear,24,23,11,2.6880399225735085,2.7931955754848246,1.221185472590728,0.9749513730406659,0.025048626959334075,1.0533440458739491,1.1814716997873038,0.8915524985182285,0.8755044863167737,0.8644498179187383,0.012707020085514803,0.7662645849327879,1.5058022299846017,2.2209952523215835,1.0252376218291799e-9
35,34,0,local_loglinear,25,24,10,2.6800222922526076,2.7855560712905776,1.2197669702339495,0.9700840106292684,0.029915989370731588,1.0535562540524024,1.1882670729654943,0.8866325408000229,0.8727758778499757,0.8595959130465045,0.015216386202343696,0.7655569552068683,1.5270300099054623,2.22462825346495,1.7622958097246737e-11
35,34,0,local_loglinear,26,25,9,2.669815237125061,2.7755958005694645,1.217539951459691,0.9648233916318649,0.035176608368135076,1.0537445682128572,1.195334639934878,0.8815477549201329,0.8701359235436794,0.8546623129766553,0.017942998065225535,0.7647865086723702,1.5485530346481764,2.2285939041812717,6.914175861133993e-11
35,34,0,local_loglinear,27,26,8,2.6575596739702174,2.7634627145240764,1.2145519820085282,0.959204765462896,0.040795234537103986,1.0539099352807353,1.2026735838819065,0.8763058816665764,0.8675742258305371,0.8496539680292527,0.0208719009158235,0.7639564993183423,1.5703956403631825,2.2328780141434863,1.2735582261050796e-10
35,34,0,local_loglinear,28,27,7,2.6433877894561064,2.7492958128430938,1.210847680145295,0.9532611994118627,0.046738800588137286,1.054053242211352,1.2102829681479885,0.8709147116432582,0.8650809928324175,0.8445753784672174,0.023989145514146742,0.7630697796141533,1.5925830239608083,2.2374684981916193,1.9099185479690707e-10
35,34,0,local_loglinear,29,28,6,2.6274232123235763,2.73322528753249,1.206468729973193,0.947023721067825,0.05297627893217505,1.0541752745330137,1.2181618674839387,0.8653819354158309,0.8626469630554682,0.8394306256129245,0.0272816909810919,0.7621288466252101,1.6151413993087735,2.2423551385197875,2.510151217893226e-10
35,34,0,local_loglinear,30,29,5,2.609781231237741,2.7153727359859943,1.2014538643148747,0.9405215744134943,0.059478425586505734,1.0542766338835499,1.226309557116892,0.8597149290446703,0.8602632824153594,0.8342233998860427,0.030737252679024746,0.761135897913234,1.638098351012658,2.247529298209797,3.6392554246646506e-10
35,34,0,local_loglinear,31,30,4,2.590568994187117,2.6958513855767094,1.1958387573180145,0.9337826578069063,0.06621734219309372,1.0543575910297103,1.234725781458545,0.8539204468414264,0.8579212976537195,0.8289570240399886,0.03434405453666317,0.7600929085805435,1.6614835416848428,2.252983523846483,5.799262999947461e-10
35,34,0,local_loglinear,32,31,3,2.5698855971962318,2.674766252692489,1.189655721044428,0.9268342870413695,0.0731657129586305,1.0544178094915349,1.2434112125114511,0.8480041026506541,0.8556121929881005,0.8236344686512553,0.03809040242947917,0.7590017516037194,1.6853300881296143,2.258710916288925,9.962307972167728e-10
35,34,0,local_loglinear,33,32,2,2.5478219094124572,2.6522141130548595,1.1829330143181804,0.9197045563459983,0.08029544365400165,1.054455823279549,1.2523682637367233,0.8419694540432876,0.8533263312368935,0.81825835440797,0.04196391976866637,0.7578644029512174,1.7096772148101833,2.264704042353563,1.8010492867379378e-9
35,34,0,local_loglinear,34,33,1,2.5244598657177066,2.628283071819211,1.175693408922952,0.9124248171771041,0.08757518282289589,1.054468044794499,1.2616026024026061,0.8358163202789544,0.851052035038147,0.8128309310099793,0.04595014147532939,0.7566833100054995,1.7345753642044581,2.27095295558225,3.3585601833915646e-9
35,34,0,local_loglinear,35,34,0,2.4998707377654146,2.6030513524559042,1.1679513514287865,0.9050342561283565,0.09496574387164347,1.0544468792281358,1.2711260111518712,0.8295376461320427,0.8487733076278409,0.8073540135265826,0.05002988906821615,0.755462071762508,1.7600960428751666,2.277441505553839,1.328317894135117e-7
40,39,0,local_loglinear,1,0,39,1.8905489305118306,1.9413556198342408,0.9038178660077935,0.8825268256025048,0.11747317439749516,,,,0.9932766422755183,0.9337836851161863,0.061764406780686135,0.7466805409386618,1.0667190368697315,2.3249284524801364,9.444954717907831e-12
40,39,0,local_loglinear,2,1,38,1.9730369965815278,2.0276623268270644,0.9344461533419904,0.8969721907464306,0.10302780925356936,1.0410485222195913,1.0940509703533396,0.9515539498889797,0.9850947192320787,0.9334988401525799,0.053798077696574825,0.750253589602985,1.083364371299011,2.3054292629678668,1.0337757456800832e-9
40,39,0,local_loglinear,3,2,37,2.051702867258132,2.110129678780688,0.9637229365529928,0.9105977686669502,0.08940223133304981,1.0419289427183027,1.096424269484925,0.9502972268278748,0.9771604547428103,0.9328681467363176,0.04638700160438913,0.7534054885661245,1.10050617573145,2.2884313376320096,1.1128440389470764e-11
40,39,0,local_loglinear,4,3,36,2.126174026037522,2.188356539664401,0.9915254772824805,0.9233037039377787,0.07669629606222128,1.0427915173281632,1.0987247394364401,0.9490925978994827,0.9695114709625504,0.9319032261304545,0.03956333177575462,0.7561709199883961,1.1180545029724822,2.2736719496259354,8.270892818756261e-10
40,39,0,local_loglinear,5,4,35,2.196164190831236,2.262029823537337,1.01775798962433,0.9350165022328139,0.06498349776718615,1.0436295525569184,1.101031987877902,0.9478648795375877,0.9621723309417423,0.9306175157916621,0.03334521154070946,0.7585831856939277,1.1359354436448321,2.260913731007415,9.838129220639274e-12
40,39,0,local_loglinear,6,5,34,2.2614673298440646,2.3309189243458075,1.042350532179529,0.9456855065393132,0.05431449346068684,1.0444387180030943,1.103404488672037,0.9465601497235987,0.9551573234048734,0.9290256677546951,0.027739695585295827,0.7606735474154225,1.1540886322725397,2.2499446748777023,5.682049252982957e-11
40,39,0,local_loglinear,7,6,33,2.3219506375199512,2.3948690328421343,1.065257221198012,0.9552798427877041,0.04472015721229594,1.045216242404463,1.1058860590689237,0.9451391794236558,0.9484726569064315,0.9271430686002351,0.022745072521321373,0.7624709205032096,1.1724653386413668,2.240576762030441,9.714246345858652e-10
40,39,0,local_loglinear,8,7,32,2.377546816451963,2.453793661750894,1.086453993967009,0.9637856695346951,0.03621433046530487,1.0459604020390112,1.108510140541346,0.9435731472228226,0.9421182211139875,0.9249854571377998,0.018352751447243874,0.7640017838919609,1.191026930560612,2.23264395842543,8.75092022904396e-10
40,39,0,local_loglinear,9,8,31,2.4282460088881583,2.5076667127550936,1.1059361183680212,0.9712036428486633,0.02879635715133666,1.0466702017052871,1.1113027184861686,0.9418407642618524,0.9360890223261428,0.9225686220287679,0.014548821106629806,0.765290216978601,1.2097435708927469,2.2260000125540698,1.0425094033209275e-9
40,39,0,local_loglinear,10,9,30,2.474087695558794,2.556514410843932,1.123715586654697,0.9775466034982793,0.022453396501720735,1.0473451424061284,1.1142843329866217,0.9399262929587497,0.9303763440861988,0.9199081656784494,0.011315330204461904,0.7663580147864385,1.2285931173481655,2.220516244639231,1.153708957415837e-9
40,39,0,local_loglinear,11,10,29,2.5151528040837325,2.60040735307698,1.139818529137699,0.9828374315247396,0.01716256847526043,1.047985096723926,1.1174714915735724,0.9378181945815917,0.924968704906955,0.9170193225977741,0.008631360837412103,0.7672248379385846,1.2475601331158161,2.2160794876305974,8.852511845630487e-10
40,39,0,local_loglinear,12,11,28,2.551556240180098,2.639452908712126,1.154282712599362,0.9871071345446434,0.012892865455356617,1.04859018237508,1.1208776448498512,0.9355081593366469,0.9198526198544367,0.9139168232745203,0.0064738970687695935,0.7679083861088616,1.266635055301397,2.2125901779511854,1.3056622056201702e-11
40,39,0,local_loglinear,13,12,27,2.583439958556241,2.673788095082877,1.1671552087048116,0.9903930981987488,0.009606901801251233,1.049160718517307,1.1245138956905572,0.9329904437268193,0.9150132302039949,0.9106147947986885,0.0048185543336046605,0.7684245694753853,1.2858134266369892,2.209960674227945,1.1765141587004923e-9
40,39,0,local_loglinear,14,13,26,2.6109666818317336,2.703573062552152,1.1784902548905807,0.992737557419822,0.007262442580178052,1.0496971596161595,1.12838947053172,0.9302613920364934,0.9104347983211097,0.9071266921172203,0.0036401627941708703,0.7687876791041943,1.3050952441989985,2.208113755065021,8.064491128042302e-10
40,39,0,local_loglinear,15,14,25,2.63431429929749,2.728985231218461,1.188347340358036,0.9941862465676244,0.005813753432375557,1.0502000692265459,1.1325120693030566,0.927319096804712,0.9061011056935916,0.9034652536916319,0.002913243664696294,0.7690105458591946,1.324484376346682,2.206981313012173,1.10692303785187e-9
40,39,0,local_loglinear,16,15,24,2.6536709630717255,2.75021411182953,1.1967895261644688,0.9947872281214634,0.005212771878536637,1.0506700981358308,1.136888109745114,0.9241631512633086,0.901995768074523,0.8996424769344458,0.0026123917883630887,0.7691046863092016,1.3439880478893949,2.2065032233994164,1.1629629748738409e-9
40,39,0,local_loglinear,17,16,23,2.669230869007755,2.7674568087553912,1.2038820014558589,0.9945898806264097,0.005410119373590261,1.0511079747877736,1.1415228934052801,0.9207944762738928,0.8981024863760944,0.8956696094259391,0.0027125836639226575,0.7690804337544915,1.3636163756207593,2.20662637445595,8.319246669863628e-10
40,39,0,local_loglinear,18,17,22,2.6811906969801083,2.7809141939672437,1.2096908544840699,0.9936440692427703,0.006355930757229733,1.0515144749064256,1.1464207318806254,0.9172151599016248,0.8944052296156885,0.891557152733844,0.0031894056944137966,0.7689470594306317,1.3833819911119194,2.207303814776537,1.2998524844080807e-11
40,39,0,local_loglinear,19,18,21,2.689746649889783,2.7907876893702475,1.2142820652933999,0.9919994224468499,0.00800057755315009,1.0518904382166516,1.1515850552433529,0.913428351147164,0.8908883882157599,0.8873148755851537,0.004019245171790892,0.7687128753613713,1.403299670440496,2.208494047080147,1.0940413667686774e-9
40,39,0,local_loglinear,20,19,20,2.695092059551142,2.79727663977532,1.2177206836767889,0.9897047643724584,0.010295235627541643,1.052236742284255,1.157018480581126,0.9094381463602523,0.8875368780720779,0.8829518347471803,0.005179421412533622,0.7683853290267232,1.4233860403525087,2.2101604053952597,1.6991928864555824e-11
40,39,0,local_loglinear,21,20,19,2.6974154880124055,2.80057620327836,1.2200701811038503,0.9868076553476122,0.013192344652387833,1.0525543004464257,1.1627229005881063,0.9052494794022228,0.8843362171460171,0.8784764012540758,0.006648281745030932,0.7679710861907205,1.4436593182206063,2.2122705254264785,9.136142850729977e-10
40,39,0,local_loglinear,22,21,18,2.6968992690772526,2.8008757047285595,1.2213919606939239,0.9833540222011505,0.016645977798849465,1.0528440640430599,1.1686995483501355,0.9008680336442074,0.8812725826152416,0.8738962905513254,0.008405271542458098,0.7674761021744027,1.4641390737733635,2.2147958998153947,1.588640531112643e-11
40,39,0,local_loglinear,23,22,17,2.6937184402229013,2.7983574077791307,1.2217449934486309,0.9793878988037308,0.020612101196269217,1.0531070008113137,1.1749490766456634,0.8963001220595925,0.8783328385910045,0.8692185955000544,0.010430967069302466,0.7669056875514129,1.4848460520846392,2.217711482496064,6.736305511131266e-11
40,39,0,local_loglinear,24,23,16,2.6880399981299186,2.793195632414112,1.221185572931528,0.974951225726094,0.02504877427390595,1.0533441004516926,1.1814716335733737,0.8915525946787584,0.8755045554325651,0.8644498208436013,0.012707095645975414,0.7662645639635025,1.5058020056254733,2.220995359846897,1.4189899720664774e-10
40,39,0,local_loglinear,25,24,15,2.680022436503982,2.7855561799933457,1.2197671619731663,0.9700837290924784,0.02991627090752158,1.0535563583199246,1.188266943723651,0.8866327249821607,0.8727760101450506,0.8595959186116944,0.015216531307803871,0.765556915138879,1.5270295727933125,2.2246284594280286,9.41604982680263e-10
40,39,0,local_loglinear,26,25,14,2.6698155121289537,2.775596007151128,1.2175403193740735,0.9648228490357628,0.035177150964237236,1.0537447722243936,1.1953343889126349,0.8815481107198448,0.8701361789390613,0.8546623235662572,0.017943279186843242,0.7647864315286315,1.5485521760390943,2.228594301787126,1.7018224149209416e-11
40,39,0,local_loglinear,27,26,13,2.657560200226285,2.763463109800728,1.2145526875675752,0.9592037238607805,0.040796276139219545,1.0539103285364915,1.2026730927872338,0.8763065664785268,0.8675747173073868,0.849653988261514,0.020872443598757062,0.7639563511394437,1.5703939588347577,2.2328787800743863,1.0154412045591434e-9
40,39,0,local_loglinear,28,27,12,2.6433887964342593,2.7492965693510603,1.2108490328395154,0.9532592004012965,0.046740799598703475,1.0540540028306629,1.2102820090296444,0.8709160302860001,0.8650819387876898,0.8445754171441542,0.023990193206538224,0.763069494965974,1.592579730247123,2.2374699740668365,1.7504449296727238e-11
40,39,0,local_loglinear,29,28,11,2.627425138819049,2.7332267364259955,1.206471320019605,0.9470198921327583,0.05298010786724172,1.0541767409268987,1.2181599936827439,0.8653844703435953,0.8626487810403898,0.8394306995741718,0.027283710319560922,0.7621283006010342,1.6151349569678113,2.2423579788870587,8.511927230726302e-10
40,39,0,local_loglinear,30,29,10,2.6097849125002646,2.7153755079546213,1.2014588183946773,0.9405142470378433,0.059485752962156746,1.054279462060147,1.2263059003697976,0.85971979890354,0.8602667743916258,0.8342235412378924,0.030741142424385248,0.7611348510800579,1.63808575685272,2.247534762602885,1.0922804957091214e-9
40,39,0,local_loglinear,31,30,9,2.5905760203036143,2.695856683666658,1.1958482220318254,0.9337686521905723,0.06623134780942774,1.0543630392242762,1.2347186481982877,0.8539297926396527,0.8579279993075767,0.8289572940205547,0.034351540321070795,0.7600909031706243,1.6614589412374665,2.252994030086596,1.253137359217371e-9
40,39,0,local_loglinear,32,31,8,2.5698989897825166,2.674776367230668,1.1896737807637527,0.9268075488906294,0.07319245110937056,1.0544282946557428,1.2433973067794595,0.8480220191137715,0.8556250429010449,0.8236349839133097,0.03810479510591011,0.7589979130602278,1.685282076104105,2.2587311030188983,7.441483802415478e-10
40,39,0,local_loglinear,33,32,7,2.5478474015770454,2.65223339794577,1.1829674296939379,0.91965357375216,0.08034642624784005,1.0544759812362214,1.2523411757234952,0.8420037619756738,0.8533509461723094,0.8182593369288516,0.041991564470958725,0.7578570620632221,1.709583594120612,2.26474280174737,1.2500261281225731e-11
40,39,0,local_loglinear,34,33,6,2.524508317829118,2.6283197906150515,1.175758905958715,0.9123277277345273,0.0876722722654727,1.054506758459359,1.2615498788219865,0.8358819386864348,0.8510991394218895,0.8128328027085514,0.04600318567314879,0.7566692836614021,1.7343929735879988,2.2710273213356627,5.6975393070788265e-11
40,39,0,local_loglinear,35,34,5,2.499962690167009,2.6031211645420664,1.168075834195092,0.9048495941687464,0.09515040583125356,1.054521147735672,1.2710234802629503,0.8296629953032117,0.848863354259118,0.8073575754365416,0.05013156193852408,0.7554352956014418,1.759741037086581,2.2775840811414425,1.5198919470621023e-10
40,39,0,local_loglinear,36,35,4,2.4742857189547185,2.576717137154572,1.1599437492725824,0.8972376477072557,0.10276235229274433,1.054519448011295,1.2807626550960727,0.823352745190867,0.8466374899879214,0.8018356112905496,0.0543689967030985,0.7541556438382111,1.7856604727208214,2.284413510165845,3.3803723917068264e-10
40,39,0,local_loglinear,37,36,3,2.447547118596586,2.5491816438067203,1.1513860038673223,0.8895097250826652,0.11049027491733476,1.0545015834093967,1.29076897043276,0.8169560994759975,0.8444153967284352,0.7962686409193842,0.058707932235384536,0.7528307696146335,1.812186759072485,2.2915167047674827,6.995647864327445e-10
40,39,0,local_loglinear,38,37,2,2.41981121567547,2.520583125855178,1.142423461592727,0.8816838052610672,0.11831619473893284,1.0544668114487246,1.3010453785984442,0.8104765819810626,0.8421904981232383,0.7906581742004586,0.06314050295613483,0.7514611226086101,1.8393598645698386,2.2988948298208967,1.3997529089229618e-9
40,39,0,local_loglinear,39,38,1,2.391136746490274,2.490984481600537,1.1330737939295539,0.873779369423352,0.126220630576648,1.0544131724150898,1.3115971218211349,0.803915436282028,0.8399551113605663,0.7850054919904943,0.06765773762881391,0.7500473622187653,1.867227422533977,2.3065480249107444,2.752785979921601e-9
40,39,0,local_loglinear,40,39,0,2.3615761114101077,2.4604425907268537,1.1233500410439792,0.865819853544138,0.13418014645586196,1.0543364438903418,1.322433461421352,0.7972699380709413,0.8376991938829546,0.7793116149453436,0.07224809379159039,0.7485907270556353,1.895850741219013,2.3144733591302735,1.1554241739818533e-7
45,44,0,local_loglinear,1,0,44,1.8905489305118306,1.9413556198342408,0.9038178660077935,0.8825268256025048,0.11747317439749516,,,,0.9932766422755183,0.9337836851161863,0.061764406780686135,0.7466805409386618,1.0667190368697315,2.3249284524801364,9.444954717907831e-12
45,44,0,local_loglinear,2,1,43,1.9730369965815278,2.0276623268270644,0.9344461533419904,0.8969721907464306,0.10302780925356936,1.0410485222195913,1.0940509703533396,0.9515539498889797,0.9850947192320787,0.9334988401525799,0.053798077696574825,0.750253589602985,1.083364371299011,2.3054292629678668,1.0337757456800832e-9
45,44,0,local_loglinear,3,2,42,2.051702867258132,2.110129678780688,0.9637229365529928,0.9105977686669502,0.08940223133304981,1.0419289427183027,1.096424269484925,0.9502972268278748,0.9771604547428103,0.9328681467363176,0.04638700160438913,0.7534054885661245,1.10050617573145,2.2884313376320096,1.1128440389470764e-11
45,44,0,local_loglinear,4,3,41,2.126174026037522,2.188356539664401,0.9915254772824805,0.9233037039377787,0.07669629606222128,1.0427915173281632,1.0987247394364401,0.9490925978994827,0.9695114709625504,0.9319032261304545,0.03956333177575462,0.7561709199883961,1.1180545029724822,2.2736719496259354,8.270892818756261e-10
45,44,0,local_loglinear,5,4,40,2.196164190831236,2.262029823537337,1.01775798962433,0.9350165022328139,0.06498349776718615,1.0436295525569184,1.101031987877902,0.9478648795375877,0.9621723309417423,0.9306175157916621,0.03334521154070946,0.7585831856939277,1.1359354436448321,2.260913731007415,9.838129220639274e-12
45,44,0,local_loglinear,6,5,39,2.2614673298440646,2.3309189243458075,1.042350532179529,0.9456855065393132,0.05431449346068684,1.0444387180030943,1.103404488672037,0.9465601497235987,0.9551573234048734,0.9290256677546951,0.027739695585295827,0.7606735474154225,1.1540886322725397,2.2499446748777023,5.682049252982957e-11
45,44,0,local_loglinear,7,6,38,2.3219506375199512,2.3948690328421343,1.065257221198012,0.9552798427877041,0.04472015721229594,1.045216242404463,1.1058860590689237,0.9451391794236558,0.9484726569064315,0.9271430686002351,0.022745072521321373,0.7624709205032096,1.1724653386413668,2.240576762030441,9.714246345858652e-10
45,44,0,local_loglinear,8,7,37,2.377546816451963,2.453793661750894,1.086453993967009,0.9637856695346951,0.03621433046530487,1.0459604020390112,1.108510140541346,0.9435731472228226,0.9421182211139875,0.9249854571377998,0.018352751447243874,0.7640017838919609,1.191026930560612,2.23264395842543,8.75092022904396e-10
45,44,0,local_loglinear,9,8,36,2.4282460088881583,2.5076667127550936,1.1059361183680212,0.9712036428486633,0.02879635715133666,1.0466702017052871,1.1113027184861686,0.9418407642618524,0.9360890223261428,0.9225686220287679,0.014548821106629806,0.765290216978601,1.2097435708927469,2.2260000125540698,1.0425094033209275e-9
45,44,0,local_loglinear,10,9,35,2.474087695558794,2.556514410843932,1.123715586654697,0.9775466034982793,0.022453396501720735,1.0473451424061284,1.1142843329866217,0.9399262929587497,0.9303763440861988,0.9199081656784494,0.011315330204461904,0.7663580147864385,1.2285931173481655,2.220516244639231,1.153708957415837e-9
45,44,0,local_loglinear,11,10,34,2.5151528040837325,2.60040735307698,1.139818529137699,0.9828374315247396,0.01716256847526043,1.047985096723926,1.1174714915735724,0.9378181945815917,0.924968704906955,0.9170193225977741,0.008631360837412103,0.7672248379385846,1.2475601331158161,2.2160794876305974,8.852511845630487e-10
45,44,0,local_loglinear,12,11,33,2.551556240180098,2.639452908712126,1.154282712599362,0.9871071345446434,0.012892865455356617,1.04859018237508,1.1208776448498512,0.9355081593366469,0.9198526198544367,0.9139168232745203,0.0064738970687695935,0.7679083861088616,1.266635055301397,2.2125901779511854,1.3056622056201702e-11
45,44,0,local_loglinear,13,12,32,2.583439958556241,2.673788095082877,1.1671552087048116,0.9903930981987488,0.009606901801251233,1.049160718517307,1.1245138956905572,0.9329904437268193,0.9150132302039949,0.9106147947986885,0.0048185543336046605,0.7684245694753853,1.2858134266369892,2.209960674227945,1.1765141587004923e-9
45,44,0,local_loglinear,14,13,31,2.6109666818317336,2.703573062552152,1.1784902548905807,0.992737557419822,0.007262442580178052,1.0496971596161595,1.12838947053172,0.9302613920364934,0.9104347983211097,0.9071266921172203,0.0036401627941708703,0.7687876791041943,1.3050952441989985,2.208113755065021,8.064491128042302e-10
45,44,0,local_loglinear,15,14,30,2.63431429929749,2.728985231218461,1.188347340358036,0.9941862465676244,0.005813753432375557,1.0502000692265459,1.1325120693030566,0.927319096804712,0.9061011056935916,0.9034652536916319,0.002913243664696294,0.7690105458591946,1.324484376346682,2.206981313012173,1.10692303785187e-9
45,44,0,local_loglinear,16,15,29,2.6536709630717255,2.75021411182953,1.1967895261644688,0.9947872281214634,0.005212771878536637,1.0506700981358308,1.136888109745114,0.9241631512633086,0.901995768074523,0.8996424769344458,0.0026123917883630887,0.7691046863092016,1.3439880478893949,2.2065032233994164,1.1629629748738409e-9
45,44,0,local_loglinear,17,16,28,2.669230869007755,2.7674568087553912,1.2038820014558589,0.9945898806264097,0.005410119373590261,1.0511079747877736,1.1415228934052801,0.9207944762738928,0.8981024863760944,0.8956696094259391,0.0027125836639226575,0.7690804337544915,1.3636163756207593,2.20662637445595,8.319246669863628e-10
45,44,0,local_loglinear,18,17,27,2.6811906969801083,2.7809141939672437,1.2096908544840699,0.9936440692427703,0.006355930757229733,1.0515144749064256,1.1464207318806254,0.9172151599016248,0.8944052296156885,0.891557152733844,0.0031894056944137966,0.7689470594306317,1.3833819911119194,2.207303814776537,1.2998524844080807e-11
45,44,0,local_loglinear,19,18,26,2.689746649889783,2.7907876893702475,1.2142820652933999,0.9919994224468499,0.00800057755315009,1.0518904382166516,1.1515850552433529,0.913428351147164,0.8908883882157599,0.8873148755851537,0.004019245171790892,0.7687128753613713,1.403299670440496,2.208494047080147,1.0940413667686774e-9
45,44,0,local_loglinear,20,19,25,2.695092059551142,2.79727663977532,1.2177206836767889,0.9897047643724584,0.010295235627541643,1.052236742284255,1.157018480581126,0.9094381463602523,0.8875368780720779,0.8829518347471803,0.005179421412533622,0.7683853290267232,1.4233860403525087,2.2101604053952597,1.0815002906779151e-9
45,44,0,local_loglinear,21,20,24,2.697415487930644,2.800576202937952,1.220070181859999,0.9868076535137529,0.01319234648624712,1.0525543017651744,1.1627229005881063,0.9052494805364127,0.8843362179680363,0.8784764012540758,0.0066482826745634105,0.7679710859381212,1.4436593157782858,2.2122705267141205,1.0924306831598558e-9
45,44,0,local_loglinear,22,21,23,2.6968992699689007,2.800875705632867,1.2213919611355843,0.9833540221115505,0.01664597788844946,1.0528440628313682,1.168699547019777,0.9008680336329007,0.8812725826877591,0.8738962905834311,0.008405271588006885,0.7674761021623692,1.464139073474095,2.214795899876842,1.0916143094342083e-9
45,44,0,local_loglinear,23,22,22,2.693718441098499,2.7983574083768636,1.2217449947813481,0.9793878966478711,0.02061210335212893,1.053107002323367,1.1749490764298236,0.8963001235111538,0.8783328395931076,0.8692185955348226,0.010430968170218075,0.7669056872541732,1.4848460489089577,2.2177114840168564,1.7585286649830676e-11
45,44,0,local_loglinear,24,23,21,2.6880399999986313,2.793195633744727,1.2211855756241268,0.9749512215211478,0.02504877847885223,1.0533441020252436,1.181471631790817,0.8915525973557539,0.8755045573951095,0.8644498209169111,0.012707097802785478,0.7662645633778843,1.505801999279846,2.220995362849802,1.247404092011286e-9
45,44,0,local_loglinear,25,24,20,2.6800224404027784,2.7855561831329516,1.2197671664105074,0.9700837228677417,0.029916277132258307,1.0535563599092954,1.1882669401373778,0.8866327289956344,0.8727760130957163,0.8595959187600257,0.015216534516026808,0.7655569142926619,1.5270295629807873,2.224628463777872,8.748848464628237e-10
45,44,0,local_loglinear,26,25,19,2.669815518906286,2.7755960124184575,1.2175403278794437,0.9648228369139276,0.03517716308607244,1.0537447768923223,1.1953343833939034,0.8815481186949823,0.8701361846687937,0.8546623238265261,0.017943285467183517,0.7647864298061473,1.5485521567160423,2.228594310664967,1.4055711473073102e-11
45,44,0,local_loglinear,27,26,18,2.6575602126315365,2.763463119283215,1.2145527036671415,0.9592037004759641,0.04079629952403585,1.053910337408009,1.202673081697588,0.8763065819353016,0.8675747283641297,0.8496539887379937,0.020872455782391663,0.7639563478160923,1.5703939209478033,2.232878797252664,7.914456808202568e-10
45,44,0,local_loglinear,28,27,17,2.64338881965952,2.7492965870130757,1.2108490633560838,0.9532591558176376,0.04674084418236235,1.0540540196879553,1.2102819873912865,0.8709160597853115,0.8650819599145778,0.8445754180354683,0.02399021657303263,0.7630694886186649,1.5925796566099872,2.23747000697708,1.1666779360181238e-9
45,44,0,local_loglinear,29,28,16,2.627425182496421,2.7332267691899514,1.2064713789837251,0.9470198047065408,0.05298019529345921,1.0541767751782687,1.2181599517394057,0.8653845282575691,0.8626488225408212,0.8394307012533719,0.027283756427299882,0.7621282881439078,1.6151348099300342,2.242358043687941,1.9481420173694554e-11
45,44,0,local_loglinear,30,29,15,2.6097849962831465,2.715375571168261,1.2014589307794292,0.9405140811903742,0.05948591880962584,1.0542795255425672,1.2263058169762158,0.8597199091350433,0.8602668534480732,0.8342235444555175,0.03074123046494598,0.761134827372692,1.6380854716795834,2.247534886353841,7.682652452146591e-11
45,44,0,local_loglinear,31,30,14,2.590576179879915,2.695856804398718,1.1958484357707186,0.9337683370235991,0.06623166297640093,1.0543631611264226,1.2347184865864718,0.8539300031388829,0.8579281501717922,0.8289573001501658,0.03435170877386812,0.7600908580183663,1.6614583873003352,2.2529942666378155,9.975796152741149e-10
45,44,0,local_loglinear,32,31,13,2.569899292691067,2.6747765964622667,1.1896741877334436,0.9268069474961189,0.07319305250388108,1.0544285303442065,1.2433969934287084,0.8480224223774138,0.8556253319909749,0.8236349955642763,0.03810511882994355,0.7589978267274962,1.685280995806718,2.258731557042017,1.7436702942121245e-11
45,44,0,local_loglinear,33,32,12,2.547847976707469,2.6522338336514393,1.1829682041791,0.9196524280347481,0.08034757196525188,1.0544764339018917,1.2523405660699114,0.8420045333283774,0.8533514994441866,0.8182593590916118,0.041992185737596055,0.7578568970869037,1.7095814896519694,2.2647436728226427,1.1584697162520771e-9
45,44,0,local_loglinear,34,33,11,2.524509408939053,2.628320617833036,1.1757603798280505,0.9123255437808995,0.08767445621910053,1.0545076302259455,1.2615486933480315,0.8358834151913561,0.8511001991257471,0.8128328448570394,0.0460043789189272,0.7566689681649232,1.7343888705600727,2.2710289940967443,1.9477794241338526e-11
45,44,0,local_loglinear,35,34,10,2.499964759875275,2.603122736248038,1.1680786350367203,0.9048454401981167,0.09515455980188325,1.0545228188434463,1.2710211734002683,0.8296658158906668,0.8488653801954471,0.8073576556096385,0.050133849278597514,0.7554346933167787,1.7597330510100726,2.277587288293208,7.63356895361137e-11
45,44,0,local_loglinear,36,35,9,2.474289639949622,2.576720120050507,1.159949064862784,0.897229756984977,0.10277024301502302,1.0545226505794187,1.280758172861684,0.8233581271812055,0.8466413589906374,0.80183576366689,0.054373376504012944,0.7541544952297078,1.7856449435510993,2.284419654015843,1.1857564052502878e-9
45,44,0,local_loglinear,37,36,8,2.4475545360819853,2.5491872970695573,1.1513960791098887,0.8894947539789794,0.11050524602102063,1.0545077154509626,1.2907602697284095,0.8169663571011857,0.8444227781765644,0.7962689302378387,0.058716310343741945,0.7528285810948127,1.8121565880689325,2.291528465715166,8.326432134432924e-10
45,44,0,local_loglinear,38,37,7,2.4198252270557106,2.5205938255838687,1.1424425313619582,0.881655440805728,0.118344559194272,1.0544785354307324,1.301028504279675,0.8104961051676213,0.8422045634095946,0.7906587229626139,0.06315650959666747,0.751456957240147,1.839301309662667,2.298917322484477,1.3498246647082249e-11
45,44,0,local_loglinear,39,38,6,2.391163171264836,2.491004701375172,1.1331098350816746,0.8737257052813399,0.12627429471866014,1.0544355597552884,1.3115644314030326,0.8039525428631186,0.8399818792640029,0.7850065316252568,0.06768828101039404,0.7500394431644427,1.8671139031951196,2.306591001185165,6.222440380992933e-11
45,44,0,local_loglinear,40,39,5,2.361625863943632,2.4604807376153603,1.1234180571278987,0.8657184636709859,0.13428153632901407,1.0543791408835077,1.3223702028416848,0.7973403655177027,0.8377500728877958,0.7793135820669805,0.07230630437661928,0.7485756880173724,1.8956308953273966,2.3145553972144155,1.656923753373382e-10
45,44,0,local_loglinear,41,40,4,2.331267151403986,2.4290789057979336,1.1133859762676703,0.8576458449275134,0.1423541550724866,1.0543094965323545,1.3334486342928007,0.7906637491825933,0.8355045982407464,0.7735809479325888,0.077005535565798,0.747065192072507,1.9248909252472728,2.322817438294636,3.6681567129597956e-10
45,44,0,local_loglinear,42,41,3,2.3001374857914842,2.39685262451614,1.1030310838659738,0.8495194439721125,0.15048055602788746,1.054226637380486,1.3448033758418116,0.7839262276692069,0.8332409020384685,0.7678095596649683,0.0817810652705468,0.7455073387191004,1.9549353432357681,2.3313849395479855,7.551583765843481e-10
45,44,0,local_loglinear,43,42,2,2.268284090595576,2.3638519727648952,1.0923694836495688,0.8413507100584507,0.15864928994154925,1.054130228717504,1.3564391691101838,0.7771304845236866,0.830954235753281,0.7620002095608771,0.08662789134239507,0.743901447569052,1.9858092179530211,2.3402663384439673,1.5028428060635848e-9
45,44,0,local_loglinear,44,43,1,2.235750981726301,2.3301237843149294,1.081415611379905,0.8331515909321181,0.1668484090678819,1.0540193295644327,1.3683623197941985,0.7702779551273796,0.828639327995884,0.7561535505750197,0.091540526921054,0.7422468681353945,2.017563112909397,2.349470195630886,2.939344921244101e-9
45,44,0,local_loglinear,45,44,0,2.202578742985653,2.2957115439868434,1.0701816268986002,0.8249356595049687,0.17506434049503128,1.0538918991350397,1.3805815917462203,0.7633680656295228,0.8262897933057042,0.7502700845072316,0.0965122969627383,0.7405431508493724,2.0502563261103326,2.359004244420271,1.2185658663711252e-7
50,49,0,local_loglinear,1,0,49,1.8905489305118306,1.9413556198342408,0.9038178660077935,0.8825268256025048,0.11747317439749516,,,,0.9932766422755183,0.9337836851161863,0.061764406780686135,0.7466805409386618,1.0667190368697315,2.3249284524801364,9.444954717907831e-12
50,49,0,local_loglinear,2,1,48,1.9730369965815278,2.0276623268270644,0.9344461533419904,0.8969721907464306,0.10302780925356936,1.0410485222195913,1.0940509703533396,0.9515539498889797,0.9850947192320787,0.9334988401525799,0.053798077696574825,0.750253589602985,1.083364371299011,2.3054292629678668,1.0337757456800832e-9
50,49,0,local_loglinear,3,2,47,2.051702867258132,2.110129678780688,0.9637229365529928,0.9105977686669502,0.08940223133304981,1.0419289427183027,1.096424269484925,0.9502972268278748,0.9771604547428103,0.9328681467363176,0.04638700160438913,0.7534054885661245,1.10050617573145,2.2884313376320096,1.1128440389470764e-11
50,49,0,local_loglinear,4,3,46,2.126174026037522,2.188356539664401,0.9915254772824805,0.9233037039377787,0.07669629606222128,1.0427915173281632,1.0987247394364401,0.9490925978994827,0.9695114709625504,0.9319032261304545,0.03956333177575462,0.7561709199883961,1.1180545029724822,2.2736719496259354,8.270892818756261e-10
50,49,0,local_loglinear,5,4,45,2.196164190831236,2.262029823537337,1.01775798962433,0.9350165022328139,0.06498349776718615,1.0436295525569184,1.101031987877902,0.9478648795375877,0.9621723309417423,0.9306175157916621,0.03334521154070946,0.7585831856939277,1.1359354436448321,2.260913731007415,9.838129220639274e-12
50,49,0,local_loglinear,6,5,44,2.2614673298440646,2.3309189243458075,1.042350532179529,0.9456855065393132,0.05431449346068684,1.0444387180030943,1.103404488672037,0.9465601497235987,0.9551573234048734,0.9290256677546951,0.027739695585295827,0.7606735474154225,1.1540886322725397,2.2499446748777023,5.682049252982957e-11
50,49,0,local_loglinear,7,6,43,2.3219506375199512,2.3948690328421343,1.065257221198012,0.9552798427877041,0.04472015721229594,1.045216242404463,1.1058860590689237,0.9451391794236558,0.9484726569064315,0.9271430686002351,0.022745072521321373,0.7624709205032096,1.1724653386413668,2.240576762030441,9.714246345858652e-10
50,49,0,local_loglinear,8,7,42,2.377546816451963,2.453793661750894,1.086453993967009,0.9637856695346951,0.03621433046530487,1.0459604020390112,1.108510140541346,0.9435731472228226,0.9421182211139875,0.9249854571377998,0.018352751447243874,0.7640017838919609,1.191026930560612,2.23264395842543,8.75092022904396e-10
50,49,0,local_loglinear,9,8,41,2.4282460088881583,2.5076667127550936,1.1059361183680212,0.9712036428486633,0.02879635715133666,1.0466702017052871,1.1113027184861686,0.9418407642618524,0.9360890223261428,0.9225686220287679,0.014548821106629806,0.765290216978601,1.2097435708927469,2.2260000125540698,1.0425094033209275e-9
50,49,0,local_loglinear,10,9,40,2.474087695558794,2.556514410843932,1.123715586654697,0.9775466034982793,0.022453396501720735,1.0473451424061284,1.1142843329866217,0.9399262929587497,0.9303763440861988,0.9199081656784494,0.011315330204461904,0.7663580147864385,1.2285931173481655,2.220516244639231,1.153708957415837e-9
50,49,0,local_loglinear,11,10,39,2.5151528040837325,2.60040735307698,1.139818529137699,0.9828374315247396,0.01716256847526043,1.047985096723926,1.1174714915735724,0.9378181945815917,0.924968704906955,0.9170193225977741,0.008631360837412103,0.7672248379385846,1.2475601331158161,2.2160794876305974,8.852511845630487e-10
50,49,0,local_loglinear,12,11,38,2.551556240180098,2.639452908712126,1.154282712599362,0.9871071345446434,0.012892865455356617,1.04859018237508,1.1208776448498512,0.9355081593366469,0.9198526198544367,0.9139168232745203,0.0064738970687695935,0.7679083861088616,1.266635055301397,2.2125901779511854,1.3056622056201702e-11
50,49,0,local_loglinear,13,12,37,2.583439958556241,2.673788095082877,1.1671552087048116,0.9903930981987488,0.009606901801251233,1.049160718517307,1.1245138956905572,0.9329904437268193,0.9150132302039949,0.9106147947986885,0.0048185543336046605,0.7684245694753853,1.2858134266369892,2.209960674227945,1.1765141587004923e-9
50,49,0,local_loglinear,14,13,36,2.6109666818317336,2.703573062552152,1.1784902548905807,0.992737557419822,0.007262442580178052,1.0496971596161595,1.12838947053172,0.9302613920364934,0.9104347983211097,0.9071266921172203,0.0036401627941708703,0.7687876791041943,1.3050952441989985,2.208113755065021,8.064491128042302e-10
50,49,0,local_loglinear,15,14,35,2.63431429929749,2.728985231218461,1.188347340358036,0.9941862465676244,0.005813753432375557,1.0502000692265459,1.1325120693030566,0.927319096804712,0.9061011056935916,0.9034652536916319,0.002913243664696294,0.7690105458591946,1.324484376346682,2.206981313012173,1.10692303785187e-9
50,49,0,local_loglinear,16,15,34,2.6536709630717255,2.75021411182953,1.1967895261644688,0.9947872281214634,0.005212771878536637,1.0506700981358308,1.136888109745114,0.9241631512633086,0.901995768074523,0.8996424769344458,0.0026123917883630887,0.7691046863092016,1.3439880478893949,2.2065032233994164,1.1629629748738409e-9
50,49,0,local_loglinear,17,16,33,2.669230869007755,2.7674568087553912,1.2038820014558589,0.9945898806264097,0.005410119373590261,1.0511079747877736,1.1415228934052801,0.9207944762738928,0.8981024863760944,0.8956696094259391,0.0027125836639226575,0.7690804337544915,1.3636163756207593,2.20662637445595,8.319246669863628e-10
50,49,0,local_loglinear,18,17,32,2.6811906969801083,2.7809141939672437,1.2096908544840699,0.9936440692427703,0.006355930757229733,1.0515144749064256,1.1464207318806254,0.9172151599016248,0.8944052296156885,0.891557152733844,0.0031894056944137966,0.7689470594306317,1.3833819911119194,2.207303814776537,1.2998524844080807e-11
50,49,0,local_loglinear,19,18,31,2.689746649889783,2.7907876893702475,1.2142820652933999,0.9919994224468499,0.00800057755315009,1.0518904382166516,1.1515850552433529,0.913428351147164,0.8908883882157599,0.8873148755851537,0.004019245171790892,0.7687128753613713,1.403299670440496,2.208494047080147,1.0940413667686774e-9
50,49,0,local_loglinear,20,19,30,2.695092059551142,2.79727663977532,1.2177206836767889,0.9897047643724584,0.010295235627541643,1.052236742284255,1.157018480581126,0.9094381463602523,0.8875368780720779,0.8829518347471803,0.005179421412533622,0.7683853290267232,1.4233860403525087,2.2101604053952597,1.0815002906779151e-9
50,49,0,local_loglinear,21,20,29,2.697415487930644,2.800576202937952,1.220070181859999,0.9868076535137529,0.01319234648624712,1.0525543017651744,1.1627229005881063,0.9052494805364127,0.8843362179680363,0.8784764012540758,0.0066482826745634105,0.7679710859381212,1.4436593157782858,2.2122705267141205,1.0924306831598558e-9
50,49,0,local_loglinear,22,21,28,2.6968992699689007,2.800875705632867,1.2213919611355843,0.9833540221115505,0.01664597788844946,1.0528440628313682,1.168699547019777,0.9008680336329007,0.8812725826877591,0.8738962905834311,0.008405271588006885,0.7674761021623692,1.464139073474095,2.214795899876842,1.0916143094342083e-9
50,49,0,local_loglinear,23,22,27,2.693718441098499,2.7983574083768636,1.2217449947813481,0.9793878966478711,0.02061210335212893,1.053107002323367,1.1749490764298236,0.8963001235111538,0.8783328395931076,0.8692185955348226,0.010430968170218075,0.7669056872541732,1.4848460489089577,2.2177114840168564,1.7585286649830676e-11
50,49,0,local_loglinear,24,23,26,2.6880399999986313,2.793195633744727,1.2211855756241268,0.9749512215211478,0.02504877847885223,1.0533441020252436,1.181471631790817,0.8915525973557539,0.8755045573951095,0.8644498209169111,0.012707097802785478,0.7662645633778843,1.505801999279846,2.220995362849802,3.784702236030334e-10
50,49,0,local_loglinear,25,24,25,2.6800224403420065,2.7855561828693807,1.2197671670229668,0.9700837214459317,0.02991627855406831,1.053556360968695,1.1882669401373778,0.8866327298871847,0.87277601373533,0.8595959187600257,0.015216535248876562,0.7655569140892424,1.5270295609378417,2.224628464823517,1.437695799768458e-11
50,49,0,local_loglinear,26,25,24,2.66981551954747,2.775596012916294,1.2175403287102815,0.9648228357731614,0.035177164226838586,1.0537447767315022,1.1953343822658948,0.8815481193923385,0.870136185207946,0.8546623238509572,0.0179432860582161,0.7647864296348634,1.5485521548979542,2.228594311547781,5.5459231390744344e-11
50,49,0,local_loglinear,27,26,23,2.6575602138094387,2.7634631201946025,1.2145527051834133,0.9592036983420239,0.0407963016579761,1.0539103381906127,1.2026730806164831,0.8763065833737499,0.8675747293744143,0.8496539887827699,0.020872456894185126,0.7639563475044889,1.5703939174826163,2.23287879886333,1.1508522189018284e-9
50,49,0,local_loglinear,28,27,22,2.643388821956519,2.74929658924265,1.210849064830845,0.9532591548379504,0.04674084516204957,1.0540540188585914,1.2102819853751083,0.8709160605508836,0.8650819604433143,0.8445754181181424,0.02399021708634244,0.7630694884837276,1.5925796546009194,2.237470007676717,8.898333542911657e-10
50,49,0,local_loglinear,29,28,21,2.6274251852960973,2.7332267718322183,1.2064713810267549,0.9470198029668361,0.05298019703316392,1.0541767757996028,1.2181599504800056,0.8653845296623103,0.8626488234370288,0.8394307013554316,0.027283757344619797,0.7621282879013926,1.6151348065704794,2.2423580449494844,1.4305869822729932e-11
50,49,0,local_loglinear,30,29,20,2.609784999916241,2.715375574403002,1.2014589340527975,0.9405140775246226,0.05948592247537743,1.0542795270904564,1.2263058149400632,0.8597199118247557,0.8602668552610895,0.8342235445904309,0.03074123241072718,0.7611348268585473,1.6380854649655117,2.247534889037646,8.609828067420729e-10
50,49,0,local_loglinear,31,30,19,2.590576185269966,2.6958568091172377,1.195848440844464,0.9337683309469339,0.0662316690530661,1.0543631630957584,1.2347184826735462,0.8539300074400256,0.8579281531663995,0.8289573003515109,0.034351712021488956,0.7600908571849159,1.6614583760738846,2.252994271004235,1.326097003071515e-11
50,49,0,local_loglinear,32,31,18,2.569899300921086,2.6747766034952027,1.189674196152666,0.9268069369545118,0.07319306304548823,1.0544285340964488,1.2433969870275312,0.8480224297608835,0.8556253371683606,0.8236349958747555,0.03810512450397774,0.7589978252356766,1.6852809761590204,2.2587315648874857,1.0899233541344461e-9
50,49,0,local_loglinear,33,32,17,2.5478479896900583,2.6522338439739124,1.1829682200354241,0.9196524056944904,0.08034759430550964,1.0544764436450034,1.2523405548053095,0.8420045486819946,0.8533515103009849,0.8182593595897469,0.04199219785136149,0.7578568938915877,1.7095814481663498,2.264743689693922,1.0852274816955326e-9
50,49,0,local_loglinear,34,33,16,2.5245094320077768,2.6283206357905233,1.1757604094510403,0.9123255010263954,0.08767449897360458,1.054507647389176,1.261548669898132,0.835883444333801,0.8511002199388438,0.812832845746972,0.046004402278417345,0.7566689619971,1.7343887897848957,2.271029026798538,1.19425834801175e-9
50,49,0,local_loglinear,35,34,15,2.4999648020677525,2.60312276845484,1.1680786915431463,0.9048453567274269,0.09515464327257306,1.0545228532922795,1.2710211278528674,0.8296658727252489,0.8488654209316913,0.807357657246013,0.05013389524082015,0.7554346812328162,1.759732890356017,2.2775873526400963,1.9555308058724784e-11
50,49,0,local_loglinear,36,35,14,2.4742897193446325,2.5767201805925986,1.1599491719853459,0.8972295982510388,0.10277040174896124,1.0545227150836538,1.2807580827077727,0.8233582355023572,0.8466414368459406,0.8018357667549307,0.054373464610626476,0.7541544721408207,1.7856446309931493,2.2844197775174115,7.808376555199557e-11
50,49,0,local_loglinear,37,36,13,2.4475546858721984,2.549187411627203,1.151396281337348,0.8894944546318629,0.11050554536813706,1.054507837373026,1.2907600946229525,0.8169665623890093,0.8444229258322001,0.7962689360814073,0.05871647786488415,0.7528285373097905,1.8121559843661557,2.2915287010136405,1.0627581447380868e-9
50,49,0,local_loglinear,38,37,12,2.4198255087292946,2.5205940410266376,1.1424429135777148,0.8816548731798037,0.11834512682019627,1.0544787702209086,1.301028166365448,0.8104964961417402,0.8422048449429663,0.7906587339956401,0.06315682992385183,0.7514568738878638,1.8393001374841293,2.29891777258365,1.7855677778441308e-11
50,49,0,local_loglinear,39,38,11,2.3911637013805076,2.491005107339248,1.13311055703422,0.8737246312141168,0.1262753687858832,1.0544360079407555,1.3115637768398898,0.8039532858107263,0.8399824150896464,0.7850065524833842,0.06768889234098088,0.7500392846656803,1.8671116307710953,2.3065918613615364,1.0556417714555677e-9
50,49,0,local_loglinear,40,39,10,2.3616268609567244,2.4604815021612687,1.1234194197495109,0.865716432645151,0.13428356735484903,1.0543799970141017,1.3223689363005782,0.7973417766178063,0.8377510921909297,0.7793136214908172,0.07230747050304592,0.7485753867881701,1.8956264912986522,2.3145570404668847,1.706586210008563e-11
50,49,0,local_loglinear,41,40,9,2.3312690251193984,2.4290803454622663,1.1133885438756088,0.8576420128672763,0.14235798713272374,1.0543111260715918,1.3334461847394572,0.7906664236904276,0.8355065333555626,0.7735810224175659,0.077007755380301,0.7470646206439661,1.9248824052913924,2.3228205722341126,6.778732893816596e-11
50,49,0,local_loglinear,42,41,8,2.300141001374673,2.3968553311173766,1.1030359148049023,0.8495122240356661,0.15048777596433394,1.0542297374817682,1.3447986465045518,0.783931289804581,0.8332445710579127,0.7678097002211792,0.08178528551131356,0.7455062559991998,1.9549188785639264,2.331390910499632,8.913494238027633e-10
50,49,0,local_loglinear,43,42,7,2.268290675480661,2.363857052387724,1.0923785597635574,0.8413371250769467,0.1586628749230533,1.0541361199510249,1.3564300491817907,0.7771400527339306,0.8309611838336756,0.7620004744514275,0.0866359052502563,0.7438993982986097,1.9857774321237425,2.340277704359067,1.4176754370470662e-11
50,49,0,local_loglinear,44,43,6,2.235763294627539,2.3301333016908825,1.0814326364586986,0.833126068781041,0.166873931218959,1.0540305067448577,1.3683447532243214,0.7702960122156173,0.8286524668312917,0.7561540491303398,0.09155572338056786,0.7422429943335676,2.0175018222533208,2.3494918079278775,6.793067617408389e-11
50,49,0,local_loglinear,45,44,5,2.202601724927002,2.2957293433556476,1.0702135129188795,0.8248877803749652,0.17511221962503476,1.053913078301236,1.380547800006182,0.7634020917613404,0.8263146048765807,0.7502710215151962,0.09654107530499217,0.7405358368407983,2.0501382752285764,2.3590452988324255,1.8488672892003194e-10
50,49,0,local_loglinear,46,45,4,2.1688466858468325,2.2606881641862784,1.0587358335280308,0.8166304462940632,0.18336955370593677,1.0537839491980647,1.393044932930126,0.7564608465152227,0.8239438388224307,0.7443518898727388,0.10158847754082695,0.7387765702581888,2.0837357807868524,2.368951493290596,4.142191707697522e-10
50,49,0,local_loglinear,47,46,3,2.134536956389158,2.225050696097289,1.047013567881176,0.808361811649573,0.191638188350427,1.0536431543193236,1.4058426671209407,0.749474446153427,0.8215364253228059,0.7383970600839318,0.1066945747973368,0.7369636980500196,2.118346451888795,2.379224955367934,8.575154787702893e-10
50,49,0,local_loglinear,48,47,2,2.0997095491822475,2.1888560086844677,1.0350600335893447,0.8000893037636795,0.19991069623632052,1.0534906176947927,1.4189483684186577,0.7424446450217578,0.8190885806585633,0.7324068509188466,0.11185606827292899,0.7350955942362274,2.154026005961563,2.3898814851335706,1.708786867628965e-9
50,49,0,local_loglinear,49,48,1,2.0643998423679646,2.152141464213246,1.0228878757853141,0.7918202097818905,0.2081797902181095,1.053326091454647,1.432370405620603,0.735372699213422,0.8165963930016228,0.7263814975314884,0.11706960627970917,0.7331705238495945,2.190834464404633,2.400938057521773,3.3371895147640713e-9
50,49,0,local_loglinear,50,49,0,2.028641649030855,2.1149428187398405,1.0105089737670654,0.783561953864569,0.21643804613543105,1.05314904456326,1.4461183741465435,0.7282592237200483,0.8140556771646579,0.7203211522554904,0.12233160576760227,0.7311866800282074,2.228837238285172,2.41241266465701,1.3669488415368558e-7
55,54,0,local_loglinear,1,0,54,1.8905489305118306,1.9413556198342408,0.9038178660077935,0.8825268256025048,0.11747317439749516,,,,0.9932766422755183,0.9337836851161863,0.061764406780686135,0.7466805409386618,1.0667190368697315,2.3249284524801364,9.444954717907831e-12
55,54,0,local_loglinear,2,1,53,1.9730369965815278,2.0276623268270644,0.9344461533419904,0.8969721907464306,0.10302780925356936,1.0410485222195913,1.0940509703533396,0.9515539498889797,0.9850947192320787,0.9334988401525799,0.053798077696574825,0.750253589602985,1.083364371299011,2.3054292629678668,1.0337757456800832e-9
55,54,0,local_loglinear,3,2,52,2.051702867258132,2.110129678780688,0.9637229365529928,0.9105977686669502,0.08940223133304981,1.0419289427183027,1.096424269484925,0.9502972268278748,0.9771604547428103,0.9328681467363176,0.04638700160438913,0.7534054885661245,1.10050617573145,2.2884313376320096,1.1128440389470764e-11
55,54,0,local_loglinear,4,3,51,2.126174026037522,2.188356539664401,0.9915254772824805,0.9233037039377787,0.07669629606222128,1.0427915173281632,1.0987247394364401,0.9490925978994827,0.9695114709625504,0.9319032261304545,0.03956333177575462,0.7561709199883961,1.1180545029724822,2.2736719496259354,8.270892818756261e-10
55,54,0,local_loglinear,5,4,50,2.196164190831236,2.262029823537337,1.01775798962433,0.9350165022328139,0.06498349776718615,1.0436295525569184,1.101031987877902,0.9478648795375877,0.9621723309417423,0.9306175157916621,0.03334521154070946,0.7585831856939277,1.1359354436448321,2.260913731007415,9.838129220639274e-12
55,54,0,local_loglinear,6,5,49,2.2614673298440646,2.3309189243458075,1.042350532179529,0.9456855065393132,0.05431449346068684,1.0444387180030943,1.103404488672037,0.9465601497235987,0.9551573234048734,0.9290256677546951,0.027739695585295827,0.7606735474154225,1.1540886322725397,2.2499446748777023,5.682049252982957e-11
55,54,0,local_loglinear,7,6,48,2.3219506375199512,2.3948690328421343,1.065257221198012,0.9552798427877041,0.04472015721229594,1.045216242404463,1.1058860590689237,0.9451391794236558,0.9484726569064315,0.9271430686002351,0.022745072521321373,0.7624709205032096,1.1724653386413668,2.240576762030441,9.714246345858652e-10
55,54,0,local_loglinear,8,7,47,2.377546816451963,2.453793661750894,1.086453993967009,0.9637856695346951,0.03621433046530487,1.0459604020390112,1.108510140541346,0.9435731472228226,0.9421182211139875,0.9249854571377998,0.018352751447243874,0.7640017838919609,1.191026930560612,2.23264395842543,8.75092022904396e-10
55,54,0,local_loglinear,9,8,46,2.4282460088881583,2.5076667127550936,1.1059361183680212,0.9712036428486633,0.02879635715133666,1.0466702017052871,1.1113027184861686,0.9418407642618524,0.9360890223261428,0.9225686220287679,0.014548821106629806,0.765290216978601,1.2097435708927469,2.2260000125540698,1.0425094033209275e-9
55,54,0,local_loglinear,10,9,45,2.474087695558794,2.556514410843932,1.123715586654697,0.9775466034982793,0.022453396501720735,1.0473451424061284,1.1142843329866217,0.9399262929587497,0.9303763440861988,0.9199081656784494,0.011315330204461904,0.7663580147864385,1.2285931173481655,2.220516244639231,1.153708957415837e-9
55,54,0,local_loglinear,11,10,44,2.5151528040837325,2.60040735307698,1.139818529137699,0.9828374315247396,0.01716256847526043,1.047985096723926,1.1174714915735724,0.9378181945815917,0.924968704906955,0.9170193225977741,0.008631360837412103,0.7672248379385846,1.2475601331158161,2.2160794876305974,8.852511845630487e-10
55,54,0,local_loglinear,12,11,43,2.551556240180098,2.639452908712126,1.154282712599362,0.9871071345446434,0.012892865455356617,1.04859018237508,1.1208776448498512,0.9355081593366469,0.9198526198544367,0.9139168232745203,0.0064738970687695935,0.7679083861088616,1.266635055301397,2.2125901779511854,1.3056622056201702e-11
55,54,0,local_loglinear,13,12,42,2.583439958556241,2.673788095082877,1.1671552087048116,0.9903930981987488,0.009606901801251233,1.049160718517307,1.1245138956905572,0.9329904437268193,0.9150132302039949,0.9106147947986885,0.0048185543336046605,0.7684245694753853,1.2858134266369892,2.209960674227945,1.1765141587004923e-9
55,54,0,local_loglinear,14,13,41,2.6109666818317336,2.703573062552152,1.1784902548905807,0.992737557419822,0.007262442580178052,1.0496971596161595,1.12838947053172,0.9302613920364934,0.9104347983211097,0.9071266921172203,0.0036401627941708703,0.7687876791041943,1.3050952441989985,2.208113755065021,8.064491128042302e-10
55,54,0,local_loglinear,15,14,40,2.63431429929749,2.728985231218461,1.188347340358036,0.9941862465676244,0.005813753432375557,1.0502000692265459,1.1325120693030566,0.927319096804712,0.9061011056935916,0.9034652536916319,0.002913243664696294,0.7690105458591946,1.324484376346682,2.206981313012173,1.10692303785187e-9
55,54,0,local_loglinear,16,15,39,2.6536709630717255,2.75021411182953,1.1967895261644688,0.9947872281214634,0.005212771878536637,1.0506700981358308,1.136888109745114,0.9241631512633086,0.901995768074523,0.8996424769344458,0.0026123917883630887,0.7691046863092016,1.3439880478893949,2.2065032233994164,1.1629629748738409e-9
55,54,0,local_loglinear,17,16,38,2.669230869007755,2.7674568087553912,1.2038820014558589,0.9945898806264097,0.005410119373590261,1.0511079747877736,1.1415228934052801,0.9207944762738928,0.8981024863760944,0.8956696094259391,0.0027125836639226575,0.7690804337544915,1.3636163756207593,2.20662637445595,8.319246669863628e-10
55,54,0,local_loglinear,18,17,37,2.6811906969801083,2.7809141939672437,1.2096908544840699,0.9936440692427703,0.006355930757229733,1.0515144749064256,1.1464207318806254,0.9172151599016248,0.8944052296156885,0.891557152733844,0.0031894056944137966,0.7689470594306317,1.3833819911119194,2.207303814776537,1.2998524844080807e-11
55,54,0,local_loglinear,19,18,36,2.689746649889783,2.7907876893702475,1.2142820652933999,0.9919994224468499,0.00800057755315009,1.0518904382166516,1.1515850552433529,0.913428351147164,0.8908883882157599,0.8873148755851537,0.004019245171790892,0.7687128753613713,1.403299670440496,2.208494047080147,1.0940413667686774e-9
55,54,0,local_loglinear,20,19,35,2.695092059551142,2.79727663977532,1.2177206836767889,0.9897047643724584,0.010295235627541643,1.052236742284255,1.157018480581126,0.9094381463602523,0.8875368780720779,0.8829518347471803,0.005179421412533622,0.7683853290267232,1.4233860403525087,2.2101604053952597,1.0815002906779151e-9
55,54,0,local_loglinear,21,20,34,2.697415487930644,2.800576202937952,1.220070181859999,0.9868076535137529,0.01319234648624712,1.0525543017651744,1.1627229005881063,0.9052494805364127,0.8843362179680363,0.8784764012540758,0.0066482826745634105,0.7679710859381212,1.4436593157782858,2.2122705267141205,1.0924306831598558e-9
55,54,0,local_loglinear,22,21,33,2.6968992699689007,2.800875705632867,1.2213919611355843,0.9833540221115505,0.01664597788844946,1.0528440628313682,1.168699547019777,0.9008680336329007,0.8812725826877591,0.8738962905834311,0.008405271588006885,0.7674761021623692,1.464139073474095,2.214795899876842,1.0916143094342083e-9
55,54,0,local_loglinear,23,22,32,2.693718441098499,2.7983574083768636,1.2217449947813481,0.9793878966478711,0.02061210335212893,1.053107002323367,1.1749490764298236,0.8963001235111538,0.8783328395931076,0.8692185955348226,0.010430968170218075,0.7669056872541732,1.4848460489089577,2.2177114840168564,1.7585286649830676e-11
55,54,0,local_loglinear,24,23,31,2.6880399999986313,2.793195633744727,1.2211855756241268,0.9749512215211478,0.02504877847885223,1.0533441020252436,1.181471631790817,0.8915525973557539,0.8755045573951095,0.8644498209169111,0.012707097802785478,0.7662645633778843,1.505801999279846,2.220995362849802,3.784702236030334e-10
55,54,0,local_loglinear,25,24,30,2.6800224403420065,2.7855561828693807,1.2197671670229668,0.9700837214459317,0.02991627855406831,1.053556360968695,1.1882669401373778,0.8866327298871847,0.87277601373533,0.8595959187600257,0.015216535248876562,0.7655569140892424,1.5270295609378417,2.224628464823517,1.437695799768458e-11
55,54,0,local_loglinear,26,25,29,2.66981551954747,2.775596012916294,1.2175403287102815,0.9648228357731614,0.035177164226838586,1.0537447767315022,1.1953343822658948,0.8815481193923385,0.870136185207946,0.8546623238509572,0.0179432860582161,0.7647864296348634,1.5485521548979542,2.228594311547781,5.5459231390744344e-11
55,54,0,local_loglinear,27,26,28,2.6575602138094387,2.7634631201946025,1.2145527051834133,0.9592036983420239,0.0407963016579761,1.0539103381906127,1.2026730806164831,0.8763065833737499,0.8675747293744143,0.8496539887827699,0.020872456894185126,0.7639563475044889,1.5703939174826163,2.23287879886333,1.1508522189018284e-9
55,54,0,local_loglinear,28,27,27,2.643388821956519,2.74929658924265,1.210849064830845,0.9532591548379504,0.04674084516204957,1.0540540188585914,1.2102819853751083,0.8709160605508836,0.8650819604433143,0.8445754181181424,0.02399021708634244,0.7630694884837276,1.5925796546009194,2.237470007676717,8.898333542911657e-10
55,54,0,local_loglinear,29,28,26,2.6274251852960973,2.7332267718322183,1.2064713810267549,0.9470198029668361,0.05298019703316392,1.0541767757996028,1.2181599504800056,0.8653845296623103,0.8626488234370288,0.8394307013554316,0.027283757344619797,0.7621282879013926,1.6151348065704794,2.2423580449494844,1.4305869822729932e-11
55,54,0,local_loglinear,30,29,25,2.609784999916241,2.715375574403002,1.2014589340527975,0.9405140775246226,0.05948592247537743,1.0542795270904564,1.2263058149400632,0.8597199118247557,0.8602668552610895,0.8342235445904309,0.03074123241072718,0.7611348268585473,1.6380854649655117,2.247534889037646,8.609828067420729e-10
55,54,0,local_loglinear,31,30,24,2.590576185269966,2.6958568091172377,1.195848440844464,0.9337683309469339,0.0662316690530661,1.0543631630957584,1.2347184826735462,0.8539300074400256,0.8579281531663995,0.8289573003515109,0.034351712021488956,0.7600908571849159,1.6614583760738846,2.252994271004235,1.3133039732392e-9
55,54,0,local_loglinear,32,31,23,2.5698993008433804,2.6747766031345503,1.1896741970523783,0.9268069349416811,0.0731930650583189,1.0544285357000869,1.2433969870275312,0.8480224310506068,0.8556253380955429,0.8236349958747555,0.03810512558760884,0.7589978249328404,1.6852809728044842,2.258731566480098,2.1184539370567852e-11
55,54,0,local_loglinear,33,32,22,2.547847990572902,2.6522338446214357,1.1829682213340613,0.9196524037980283,0.08034759620197174,1.0544764436161553,1.2523405529546063,0.8420045499032698,0.8533515112139372,0.818259359623682,0.04199219887973235,0.7578568936026544,1.7095814447016902,2.264743691219491,8.29130028894917e-11
55,54,0,local_loglinear,34,33,21,2.524509433811739,2.628320637403762,1.1757604111633657,0.9123254992408295,0.08767450075917049,1.054507647380014,1.2615486678890473,0.8358834456577282,0.8511002208391152,0.8128328458139011,0.04600440325385044,0.7566689617121657,1.7343887862040472,2.2710290283092593,8.879585178518245e-10
55,54,0,local_loglinear,35,34,20,2.4999648048195438,2.6031227712511176,1.1680786929350313,0.9048453563868122,0.09515464361318782,1.0545228521268863,1.2710211256397121,0.8296658732530028,0.8488654211946475,0.8073576573450556,0.05013389542791896,0.755434681197955,1.759732889043627,2.2775873528257313,1.2733018067736549e-11
55,54,0,local_loglinear,36,35,19,2.474289722287076,2.5767201834805475,1.1599491737520988,0.897229597096102,0.10277040290389805,1.0545227157384414,1.2807580817569115,0.8233582366248853,0.8466414375021888,0.801835766862794,0.05437346525122541,0.7541544720128835,1.7856446280992395,2.284419778201742,5.445828100452155e-11
55,54,0,local_loglinear,37,36,18,2.4475546893466227,2.549187414848004,1.1513962839932437,0.8894944518123693,0.1105055481876307,1.0545078387583622,1.2907600929010905,0.8169665645521068,0.8444229273026719,0.7962689362119804,0.058716479442295494,0.7528285369703649,1.8121559781203904,2.2915287028376965,1.2529058898612058e-9
55,54,0,local_loglinear,38,37,17,2.419825513422004,2.520594045071436,1.1424429184083014,0.8816548671390225,0.11834513286097748,1.0544787731183896,1.3010281629241702,0.8104965005126098,0.8422048480073296,0.7906587341774294,0.06315683333243174,0.7514568730132896,1.8393001245226217,2.2989177773063187,1.8345007139152465e-11
55,54,0,local_loglinear,39,38,16,2.391163708739622,2.4910051133991824,1.1331105656121394,0.8737246195111537,0.12627538048884634,1.0544360129486743,1.3115637694505966,0.8039532941584449,0.8399824209929634,0.7850065527717136,0.06768889900159075,0.750039282951677,1.867111605539185,2.306591870663472,8.011796865418734e-11
55,54,0,local_loglinear,40,39,15,2.3616268734675137,2.4604815123771218,1.1234194348170548,0.8657164119483516,0.13428358805164842,1.0543800051807641,1.322368922091545,0.7973417913611338,0.8377511026749717,0.7793136219833021,0.07230748238560589,0.7485753836969602,1.895626445704042,2.314557057329929,6.460278597599346e-10
55,54,0,local_loglinear,41,40,14,2.331269046593779,2.4290803624320074,1.11338857164027,0.8576419725430938,0.14235802745690618,1.0543111437040837,1.3334461589872366,0.7906664521834476,0.8355065537923317,0.7735810232700879,0.07700777873858883,0.7470646146627863,1.9248823150829866,2.3228206050372955,1.2752140926604643e-9
55,54,0,local_loglinear,42,41,13,2.3001410400845828,2.3968553610955206,1.1030359673164565,0.8495121458734018,0.15048785412659815,1.0542297720164877,1.3447985963189955,0.783931344739757,0.8332446108089778,0.7678097017710315,0.08178533119913503,0.7455062443121412,1.9549187000867643,2.331390974951201,1.9586785430697796e-11
55,54,0,local_loglinear,43,42,12,2.268290747445054,2.3638571082301207,1.0923786578500427,0.8413369792136495,0.15866302078635053,1.0541361827393785,1.356429950368504,0.7771401556364921,0.8309612584936958,0.7620004773481626,0.0866359912965482,0.7438993762859356,1.9857770903934528,2.34027782644891,1.0516691012046761e-9
55,54,0,local_loglinear,44,43,11,2.2357634280822944,2.330133404963545,1.0814328205500225,0.8331257930825321,0.1668742069174679,1.0540306282134893,1.3683445641456993,0.7702962074260542,0.8286526087877951,0.7561540545375496,0.091555887539676,0.7422429525003624,2.017501159986715,2.349492041320807,1.633219737431798e-11
55,54,0,local_loglinear,45,44,10,2.202601973639322,2.2957295360880767,1.0702138575789608,0.8248872630622649,0.1751127369377351,1.0539133071917566,1.3805474348542943,0.763402459476511,0.8263148729875125,0.7502710316594627,0.09654138625006084,0.7405357578356906,2.050136999567518,2.3590457423034716,9.013973850838458e-10
55,54,0,local_loglinear,46,45,9,2.1688471488529526,2.2606885234059346,1.0587364783814586,0.8166294757414392,0.18337052425856082,1.0537843835376821,1.393044231387819,0.7564615392634377,0.8239443451681289,0.7443519088939237,0.10158906652570754,0.7387764210829836,2.0837333231541653,2.3689523359200457,1.1496023517607157e-9
55,54,0,local_loglinear,47,46,8,2.1345378176514944,2.2250513654032877,1.0470147727336152,0.8083599942645706,0.1916400057354294,1.0536439756376137,1.4058413195186479,0.749475748798147,0.821537379872832,0.7383970957369346,0.10669568842068147,0.7369634167991652,2.1183417241391163,2.3792265543844504,1.6715930994724916e-11
55,54,0,local_loglinear,48,47,7,2.099711148928677,2.1888572544055624,1.0350622802265461,0.8000859086392298,0.1999140913607702,1.0534921665219545,1.4189457836241708,0.742447089015057,0.8190903761284227,0.7324069176731431,0.11185816916060148,0.7350950650905788,2.1540169286070743,2.389884513760709,7.184935782745703e-11
55,54,0,local_loglinear,49,48,6,2.064402807545779,2.1521437775600716,1.0228920580367258,0.7918138763604082,0.20818612363959177,1.053329010984894,1.4323654578396408,0.7353772776492203,0.816599765464252,0.7263816223070056,0.11707356439580932,0.733169529533607,2.1908170550898785,2.40094378815026,1.3371333561088985e-10
55,54,0,local_loglinear,50,49,5,2.028647134012489,2.1149471056097764,1.0105167466839733,0.783550156392976,0.21644984360702402,1.0531545402755689,1.446108915737064,0.7282677873117108,0.8140620026916223,0.7203213851073362,0.12233905286246924,0.7311848138841728,2.228803886344787,2.4124234971806127,2.4786499822053975e-10
55,54,0,local_loglinear,51,50,4,1.9924773144744803,2.0773021695470533,0.9979486402750546,0.7753006228405742,0.22469937715942578,1.0529687805643557,1.460185486762784,0.7211198783373588,0.8114735667381364,0.7142263148727237,0.12765193336367237,0.7291387554085584,2.2680431152187777,2.424344420483495,4.613126700307161e-10
55,54,0,local_loglinear,52,51,3,1.9559255482491635,2.0392428318990494,0.9851997683261213,0.7670707507937379,0.23292924920626212,1.0527717811404373,1.4746052256046154,0.7139346605182288,0.8088309762883802,0.7080964592519909,0.13300963974858784,0.7270290133311191,2.3086045324328834,2.4367291498620682,8.631398055475391e-10
55,54,0,local_loglinear,53,52,2,1.9190232225105088,2.000802060692933,0.9722820017855033,0.7588655555209834,0.24113444447901655,1.052563664466029,1.489378858356284,0.7067131768122886,0.8061308313324347,0.7019318107824832,0.13840978741592716,0.7248530491565911,2.350562083041041,2.449602301007828,1.6219852369281463e-9
55,54,0,local_loglinear,54,53,1,1.8818011098311047,1.9620121183162622,0.959207208406028,0.7506894449196873,0.24931055508031275,1.0523447222771798,1.504517605611487,0.6994565689043374,0.8033699039102953,0.6957323142236809,0.14385027996610877,0.7226080917775903,2.3939936353678934,2.4629908313345026,3.0567376472689114e-9
55,54,0,local_loglinear,55,54,0,1.844289617847906,1.9229047893365299,0.9459874997204673,0.7425459206591066,0.25745407934089337,1.0521155883424886,1.520032877513492,0.692166336601591,0.8005453163799525,0.6894978766274227,0.14932952328263938,0.7202910758152319,2.438980188161436,2.476924540998883,1.1772684197764547e-7
60,59,0,local_loglinear,1,0,59,1.8905489305118306,1.9413556198342408,0.9038178660077935,0.8825268256025048,0.11747317439749516,,,,0.9932766422755183,0.9337836851161863,0.061764406780686135,0.7466805409386618,1.0667190368697315,2.3249284524801364,9.444954717907831e-12
60,59,0,local_loglinear,2,1,58,1.9730369965815278,2.0276623268270644,0.9344461533419904,0.8969721907464306,0.10302780925356936,1.0410485222195913,1.0940509703533396,0.9515539498889797,0.9850947192320787,0.9334988401525799,0.053798077696574825,0.750253589602985,1.083364371299011,2.3054292629678668,1.0337757456800832e-9
60,59,0,local_loglinear,3,2,57,2.051702867258132,2.110129678780688,0.9637229365529928,0.9105977686669502,0.08940223133304981,1.0419289427183027,1.096424269484925,0.9502972268278748,0.9771604547428103,0.9328681467363176,0.04638700160438913,0.7534054885661245,1.10050617573145,2.2884313376320096,1.1128440389470764e-11
60,59,0,local_loglinear,4,3,56,2.126174026037522,2.188356539664401,0.9915254772824805,0.9233037039377787,0.07669629606222128,1.0427915173281632,1.0987247394364401,0.9490925978994827,0.9695114709625504,0.9319032261304545,0.03956333177575462,0.7561709199883961,1.1180545029724822,2.2736719496259354,8.270892818756261e-10
60,59,0,local_loglinear,5,4,55,2.196164190831236,2.262029823537337,1.01775798962433,0.9350165022328139,0.06498349776718615,1.0436295525569184,1.101031987877902,0.9478648795375877,0.9621723309417423,0.9306175157916621,0.03334521154070946,0.7585831856939277,1.1359354436448321,2.260913731007415,9.838129220639274e-12
60,59,0,local_loglinear,6,5,54,2.2614673298440646,2.3309189243458075,1.042350532179529,0.9456855065393132,0.05431449346068684,1.0444387180030943,1.103404488672037,0.9465601497235987,0.9551573234048734,0.9290256677546951,0.027739695585295827,0.7606735474154225,1.1540886322725397,2.2499446748777023,5.682049252982957e-11
60,59,0,local_loglinear,7,6,53,2.3219506375199512,2.3948690328421343,1.065257221198012,0.9552798427877041,0.04472015721229594,1.045216242404463,1.1058860590689237,0.9451391794236558,0.9484726569064315,0.9271430686002351,0.022745072521321373,0.7624709205032096,1.1724653386413668,2.240576762030441,9.714246345858652e-10
60,59,0,local_loglinear,8,7,52,2.377546816451963,2.453793661750894,1.086453993967009,0.9637856695346951,0.03621433046530487,1.0459604020390112,1.108510140541346,0.9435731472228226,0.9421182211139875,0.9249854571377998,0.018352751447243874,0.7640017838919609,1.191026930560612,2.23264395842543,8.75092022904396e-10
60,59,0,local_loglinear,9,8,51,2.4282460088881583,2.5076667127550936,1.1059361183680212,0.9712036428486633,0.02879635715133666,1.0466702017052871,1.1113027184861686,0.9418407642618524,0.9360890223261428,0.9225686220287679,0.014548821106629806,0.765290216978601,1.2097435708927469,2.2260000125540698,1.0425094033209275e-9
60,59,0,local_loglinear,10,9,50,2.474087695558794,2.556514410843932,1.123715586654697,0.9775466034982793,0.022453396501720735,1.0473451424061284,1.1142843329866217,0.9399262929587497,0.9303763440861988,0.9199081656784494,0.011315330204461904,0.7663580147864385,1.2285931173481655,2.220516244639231,1.153708957415837e-9
60,59,0,local_loglinear,11,10,49,2.5151528040837325,2.60040735307698,1.139818529137699,0.9828374315247396,0.01716256847526043,1.047985096723926,1.1174714915735724,0.9378181945815917,0.924968704906955,0.9170193225977741,0.008631360837412103,0.7672248379385846,1.2475601331158161,2.2160794876305974,8.852511845630487e-10
60,59,0,local_loglinear,12,11,48,2.551556240180098,2.639452908712126,1.154282712599362,0.9871071345446434,0.012892865455356617,1.04859018237508,1.1208776448498512,0.9355081593366469,0.9198526198544367,0.9139168232745203,0.0064738970687695935,0.7679083861088616,1.266635055301397,2.2125901779511854,1.3056622056201702e-11
60,59,0,local_loglinear,13,12,47,2.583439958556241,2.673788095082877,1.1671552087048116,0.9903930981987488,0.009606901801251233,1.049160718517307,1.1245138956905572,0.9329904437268193,0.9150132302039949,0.9106147947986885,0.0048185543336046605,0.7684245694753853,1.2858134266369892,2.209960674227945,1.1765141587004923e-9
60,59,0,local_loglinear,14,13,46,2.6109666818317336,2.703573062552152,1.1784902548905807,0.992737557419822,0.007262442580178052,1.0496971596161595,1.12838947053172,0.9302613920364934,0.9104347983211097,0.9071266921172203,0.0036401627941708703,0.7687876791041943,1.3050952441989985,2.208113755065021,8.064491128042302e-10
60,59,0,local_loglinear,15,14,45,2.63431429929749,2.728985231218461,1.188347340358036,0.9941862465676244,0.005813753432375557,1.0502000692265459,1.1325120693030566,0.927319096804712,0.9061011056935916,0.9034652536916319,0.002913243664696294,0.7690105458591946,1.324484376346682,2.206981313012173,1.10692303785187e-9
60,59,0,local_loglinear,16,15,44,2.6536709630717255,2.75021411182953,1.1967895261644688,0.9947872281214634,0.005212771878536637,1.0506700981358308,1.136888109745114,0.9241631512633086,0.901995768074523,0.8996424769344458,0.0026123917883630887,0.7691046863092016,1.3439880478893949,2.2065032233994164,1.1629629748738409e-9
60,59,0,local_loglinear,17,16,43,2.669230869007755,2.7674568087553912,1.2038820014558589,0.9945898806264097,0.005410119373590261,1.0511079747877736,1.1415228934052801,0.9207944762738928,0.8981024863760944,0.8956696094259391,0.0027125836639226575,0.7690804337544915,1.3636163756207593,2.20662637445595,8.319246669863628e-10
60,59,0,local_loglinear,18,17,42,2.6811906969801083,2.7809141939672437,1.2096908544840699,0.9936440692427703,0.006355930757229733,1.0515144749064256,1.1464207318806254,0.9172151599016248,0.8944052296156885,0.891557152733844,0.0031894056944137966,0.7689470594306317,1.3833819911119194,2.207303814776537,1.2998524844080807e-11
60,59,0,local_loglinear,19,18,41,2.689746649889783,2.7907876893702475,1.2142820652933999,0.9919994224468499,0.00800057755315009,1.0518904382166516,1.1515850552433529,0.913428351147164,0.8908883882157599,0.8873148755851537,0.004019245171790892,0.7687128753613713,1.403299670440496,2.208494047080147,1.0940413667686774e-9
60,59,0,local_loglinear,20,19,40,2.695092059551142,2.79727663977532,1.2177206836767889,0.9897047643724584,0.010295235627541643,1.052236742284255,1.157018480581126,0.9094381463602523,0.8875368780720779,0.8829518347471803,0.005179421412533622,0.7683853290267232,1.4233860403525087,2.2101604053952597,1.0815002906779151e-9
60,59,0,local_loglinear,21,20,39,2.697415487930644,2.800576202937952,1.220070181859999,0.9868076535137529,0.01319234648624712,1.0525543017651744,1.1627229005881063,0.9052494805364127,0.8843362179680363,0.8784764012540758,0.0066482826745634105,0.7679710859381212,1.4436593157782858,2.2122705267141205,1.0924306831598558e-9
60,59,0,local_loglinear,22,21,38,2.6968992699689007,2.800875705632867,1.2213919611355843,0.9833540221115505,0.01664597788844946,1.0528440628313682,1.168699547019777,0.9008680336329007,0.8812725826877591,0.8738962905834311,0.008405271588006885,0.7674761021623692,1.464139073474095,2.214795899876842,1.0916143094342083e-9
60,59,0,local_loglinear,23,22,37,2.693718441098499,2.7983574083768636,1.2217449947813481,0.9793878966478711,0.02061210335212893,1.053107002323367,1.1749490764298236,0.8963001235111538,0.8783328395931076,0.8692185955348226,0.010430968170218075,0.7669056872541732,1.4848460489089577,2.2177114840168564,1.7585286649830676e-11
60,59,0,local_loglinear,24,23,36,2.6880399999986313,2.793195633744727,1.2211855756241268,0.9749512215211478,0.02504877847885223,1.0533441020252436,1.181471631790817,0.8915525973557539,0.8755045573951095,0.8644498209169111,0.012707097802785478,0.7662645633778843,1.505801999279846,2.220995362849802,3.784702236030334e-10
60,59,0,local_loglinear,25,24,35,2.6800224403420065,2.7855561828693807,1.2197671670229668,0.9700837214459317,0.02991627855406831,1.053556360968695,1.1882669401373778,0.8866327298871847,0.87277601373533,0.8595959187600257,0.015216535248876562,0.7655569140892424,1.5270295609378417,2.224628464823517,1.437695799768458e-11
60,59,0,local_loglinear,26,25,34,2.66981551954747,2.775596012916294,1.2175403287102815,0.9648228357731614,0.035177164226838586,1.0537447767315022,1.1953343822658948,0.8815481193923385,0.870136185207946,0.8546623238509572,0.0179432860582161,0.7647864296348634,1.5485521548979542,2.228594311547781,5.5459231390744344e-11
60,59,0,local_loglinear,27,26,33,2.6575602138094387,2.7634631201946025,1.2145527051834133,0.9592036983420239,0.0407963016579761,1.0539103381906127,1.2026730806164831,0.8763065833737499,0.8675747293744143,0.8496539887827699,0.020872456894185126,0.7639563475044889,1.5703939174826163,2.23287879886333,1.1508522189018284e-9
60,59,0,local_loglinear,28,27,32,2.643388821956519,2.74929658924265,1.210849064830845,0.9532591548379504,0.04674084516204957,1.0540540188585914,1.2102819853751083,0.8709160605508836,0.8650819604433143,0.8445754181181424,0.02399021708634244,0.7630694884837276,1.5925796546009194,2.237470007676717,8.898333542911657e-10
60,59,0,local_loglinear,29,28,31,2.6274251852960973,2.7332267718322183,1.2064713810267549,0.9470198029668361,0.05298019703316392,1.0541767757996028,1.2181599504800056,0.8653845296623103,0.8626488234370288,0.8394307013554316,0.027283757344619797,0.7621282879013926,1.6151348065704794,2.2423580449494844,1.4305869822729932e-11
60,59,0,local_loglinear,30,29,30,2.609784999916241,2.715375574403002,1.2014589340527975,0.9405140775246226,0.05948592247537743,1.0542795270904564,1.2263058149400632,0.8597199118247557,0.8602668552610895,0.8342235445904309,0.03074123241072718,0.7611348268585473,1.6380854649655117,2.247534889037646,8.609828067420729e-10
60,59,0,local_loglinear,31,30,29,2.590576185269966,2.6958568091172377,1.195848440844464,0.9337683309469339,0.0662316690530661,1.0543631630957584,1.2347184826735462,0.8539300074400256,0.8579281531663995,0.8289573003515109,0.034351712021488956,0.7600908571849159,1.6614583760738846,2.252994271004235,1.3133039732392e-9
60,59,0,local_loglinear,32,31,28,2.5698993008433804,2.6747766031345503,1.1896741970523783,0.9268069349416811,0.0731930650583189,1.0544285357000869,1.2433969870275312,0.8480224310506068,0.8556253380955429,0.8236349958747555,0.03810512558760884,0.7589978249328404,1.6852809728044842,2.258731566480098,2.1184539370567852e-11
60,59,0,local_loglinear,33,32,27,2.547847990572902,2.6522338446214357,1.1829682213340613,0.9196524037980283,0.08034759620197174,1.0544764436161553,1.2523405529546063,0.8420045499032698,0.8533515112139372,0.818259359623682,0.04199219887973235,0.7578568936026544,1.7095814447016902,2.264743691219491,8.29130028894917e-11
60,59,0,local_loglinear,34,33,26,2.524509433811739,2.628320637403762,1.1757604111633657,0.9123254992408295,0.08767450075917049,1.054507647380014,1.2615486678890473,0.8358834456577282,0.8511002208391152,0.8128328458139011,0.04600440325385044,0.7566689617121657,1.7343887862040472,2.2710290283092593,8.879585178518245e-10
60,59,0,local_loglinear,35,34,25,2.4999648048195438,2.6031227712511176,1.1680786929350313,0.9048453563868122,0.09515464361318782,1.0545228521268863,1.2710211256397121,0.8296658732530028,0.8488654211946475,0.8073576573450556,0.05013389542791896,0.755434681197955,1.759732889043627,2.2775873528257313,1.2733018067736549e-11
60,59,0,local_loglinear,36,35,24,2.474289722287076,2.5767201834805475,1.1599491737520988,0.897229597096102,0.10277040290389805,1.0545227157384414,1.2807580817569115,0.8233582366248853,0.8466414375021888,0.801835766862794,0.05437346525122541,0.7541544720128835,1.7856446280992395,2.284419778201742,5.445828100452155e-11
60,59,0,local_loglinear,37,36,23,2.4475546893466227,2.549187414848004,1.1513962839932437,0.8894944518123693,0.1105055481876307,1.0545078387583622,1.2907600929010905,0.8169665645521068,0.8444229273026719,0.7962689362119804,0.058716479442295494,0.7528285369703649,1.8121559781203904,2.2915287028376965,1.2529058898612058e-9
60,59,0,local_loglinear,38,37,22,2.419825513422004,2.520594045071436,1.1424429184083014,0.8816548671390225,0.11834513286097748,1.0544787731183896,1.3010281629241702,0.8104965005126098,0.8422048480073296,0.7906587341774294,0.06315683333243174,0.7514568730132896,1.8393001245226217,2.2989177773063187,1.8345007139152465e-11
60,59,0,local_loglinear,39,38,21,2.391163708739622,2.4910051133991824,1.1331105656121394,0.8737246195111537,0.12627538048884634,1.0544360129486743,1.3115637694505966,0.8039532941584449,0.8399824209929634,0.7850065527717136,0.06768889900159075,0.750039282951677,1.867111605539185,2.306591870663472,8.011796865418734e-11
60,59,0,local_loglinear,40,39,20,2.3616268734675137,2.4604815123771218,1.1234194348170548,0.8657164119483516,0.13428358805164842,1.0543800051807641,1.322368922091545,0.7973417913611338,0.8377511026749717,0.7793136219833021,0.07230748238560589,0.7485753836969602,1.895626445704042,2.314557057329929,2.9879495082163807e-10
60,59,0,local_loglinear,41,40,19,2.331269046632857,2.4290803626353545,1.1133885710952243,0.8576419737933955,0.14235802620660454,1.054311142618872,1.3334461589872366,0.7906664513696077,0.8355065531870446,0.7735810232700879,0.07700777801413353,0.7470646148553557,1.9248823176668426,2.3228206039811687,1.523356435397221e-11
60,59,0,local_loglinear,42,41,18,2.300141039651849,2.3968553611694485,1.1030359652685886,0.8495121498971526,0.15048785010284738,1.05422976952353,1.3447985976888384,0.7839313420874487,0.8332446088261993,0.7678097017502061,0.08178532884667053,0.7455062449457036,1.9549187087886966,2.331390971457243,6.97690040371232e-11
60,59,0,local_loglinear,43,42,17,2.2682907453147414,2.363857106947524,1.0923786535010638,0.8413369863563053,0.15866301364369473,1.054136179779386,1.3564299550894185,0.7771401507495426,0.8309612548956349,0.7620004772597642,0.08663598708255807,0.7438993774391738,1.9857771066769454,2.340277820052656,6.769155052294531e-10
60,59,0,local_loglinear,44,43,16,2.2357634229839594,2.3301334016544626,1.08143281125575,0.8331258086368888,0.1668741913631112,1.0540306205236392,1.3683445732460673,0.770296196683271,0.8286526008826285,0.7561540543278051,0.09155587827727552,0.7422429548899163,2.0175011965290137,2.3494920279891733,1.7910782000879867e-11
60,59,0,local_loglinear,45,44,15,2.202601962064154,2.295729527704514,1.0702138393477427,0.824887291768306,0.175112708231694,1.0539132946735654,1.380547454743265,0.7634024394109347,0.8263148582068518,0.7502710311852734,0.09654136899464116,0.7405357622858882,2.050137069572653,2.359045717323642,7.671899692958247e-11
60,59,0,local_loglinear,46,45,14,2.168847125420883,2.260688505904888,1.0587364431805242,0.8166295302706075,0.18337046972939253,1.0537843588210125,1.3930442697893877,0.7564615006674071,0.8239443168345656,0.7443519079297445,0.10158903343331907,0.7387764295463889,2.083733460290137,2.368952288113734,1.5217916857202408e-10
60,59,0,local_loglinear,47,46,13,2.1345377718865195,2.225051330633365,1.0470147056267127,0.8083600972157359,0.19163990278426413,1.0536439286833277,1.405841394607879,0.7494756753674997,0.8215373259364046,0.738397093841354,0.10669562533479418,0.7369634328528215,2.118341990810551,2.3792264631133553,9.113643824049508e-10
60,59,0,local_loglinear,48,47,12,2.099711061345132,2.188857187066307,1.0350621539359417,0.8000861015593544,0.19991389844064555,1.05349207829978,1.4189459293740483,0.7424469505786707,0.8190902742592381,0.7324069140193108,0.11185804978071992,0.7350950952547007,2.154017443089168,2.389884341112668,1.397639419908832e-11
60,59,0,local_loglinear,49,48,11,2.0644026423861868,2.152143649484354,1.0228918219457865,0.7918142354726848,0.2081857645273152,1.0533288457587546,1.4323657380521895,0.7353770184360383,0.8165995743835729,0.7263816153602245,0.11707333996381344,0.7331695860676071,2.1908180409763203,2.4009434623223527,9.416262469770625e-10
60,59,0,local_loglinear,50,49,10,2.0286468259921207,2.114946865701293,1.010516306669472,0.7835508256811893,0.21644917431881072,1.0531542282478101,1.446109451428358,0.7282673017644575,0.8140616439869938,0.7203213720361017,0.1223386303732513,0.7311849199803073,2.22880577707063,2.412422881315754,1.186817022193847e-9
60,59,0,local_loglinear,51,50,9,1.9924767431639847,2.0773017231560513,0.9979478224406623,0.7753018679981218,0.22469813200187816,1.0529681940118831,1.4601865107349117,0.7211189709470226,0.8114728946290388,0.7142262904021668,0.12765113936742192,0.7291389542969053,2.2680467352912608,2.4243432574123496,7.162788297805909e-10
60,59,0,local_loglinear,52,51,8,1.9559244927717994,2.0392420050339335,0.9851982523429657,0.7670730623929202,0.23292693760707983,1.0527706813185411,1.474607179298287,0.71393296879208,0.808829719675502,0.7080964136062773,0.13300815059378418,0.7270293854793031,2.3086114507185536,2.436726956894951,1.1484442782565244e-9
60,59,0,local_loglinear,53,52,7,1.919021279134577,2.000800535114431,0.9722791973264598,0.7588698409217303,0.24113015907826973,1.0525616033785823,1.4893825779706578,0.7067100279988093,0.8061284853225954,0.701931725892279,0.13840699813987165,0.7248537447242938,2.350575289497372,2.449598169697186,1.5234526416736362e-11
60,59,0,local_loglinear,54,53,6,1.8817975412816559,1.9620093118693822,0.9592020308026021,0.7506973756773628,0.24930262432263717,1.0523408676166228,1.5045246772369154,0.6994507192459377,0.80336553178948,0.6957321567158665,0.14384506411643336,0.7226093899017877,2.394018810266627,2.4629830578626395,7.926817761397395e-11
60,59,0,local_loglinear,55,54,5,1.8442830815616564,1.9228996410779562,0.945977957490646,0.7425605769295169,0.25743942307048306,1.052108386575455,1.5200462997164355,0.6921554868241354,0.8005371801380924,0.6894975850042706,0.14931978280661093,0.7202934956196465,2.4390281266437595,2.47690992753643,2.1189888152341503e-10
60,59,0,local_loglinear,56,55,4,1.8065071957583256,1.8835022657918146,0.9326180913869638,0.7344640497491175,0.2655359502508825,1.051864122834181,1.5359610825556567,0.6848247229571756,0.7976397621658253,0.6832278437297341,0.15482867315148427,0.7179030359232113,2.4856951658933113,2.4914094600871133,4.6218691914366423e-10
60,59,0,local_loglinear,57,56,3,1.7684988189777655,1.843847507398154,0.9191335656827263,0.7264119956942985,0.2735880043057015,1.051608153163482,1.5522833642084215,0.6774588824507205,0.79466968250241,0.6769227254847316,0.16036941077090036,0.7154347569805938,2.534117745718451,2.5065150232357327,9.336038362770515e-10
60,59,0,local_loglinear,58,57,2,1.7302867043281007,1.8039654307663093,0.9055357042455812,0.7184080103819611,0.2815919896180389,1.051340791955077,1.5690279746005535,0.6700586662406256,0.7916235421639042,0.6705819899700365,0.16593997618037462,0.7128851307947656,2.584399250935705,2.52226312421868,1.8214933009610001e-9
60,59,0,local_loglinear,59,58,1,1.691899666520342,1.763886058881923,0.8918363077671283,0.7104546911119944,0.28954530888800556,1.0510628206459478,1.5862097534113764,0.6626253674115188,0.7884983752957868,0.6642053751057266,0.17153894438990122,0.7102502739614934,2.6366475022512943,2.5386941164700376,3.4932112986610557e-9
60,59,0,local_loglinear,60,59,0,1.653366947965673,1.7236396832606737,0.8780481476731107,0.7025529051891671,0.29744709481083287,1.0507759052100412,1.6038426782783435,0.6551614565700448,0.7852920900454142,0.6577926148618614,0.17716603113893467,0.7075258033484627,2.6909720656569176,2.555853358359197,1.3425608610194743e-7
65,64,0,local_loglinear,1,0,64,1.8905489305118306,1.9413556198342408,0.9038178660077935,0.8825268256025048,0.11747317439749516,,,,0.9932766422755183,0.9337836851161863,0.061764406780686135,0.7466805409386618,1.0667190368697315,2.3249284524801364,9.444954717907831e-12
65,64,0,local_loglinear,2,1,63,1.9730369965815278,2.0276623268270644,0.9344461533419904,0.8969721907464306,0.10302780925356936,1.0410485222195913,1.0940509703533396,0.9515539498889797,0.9850947192320787,0.9334988401525799,0.053798077696574825,0.750253589602985,1.083364371299011,2.3054292629678668,1.0337757456800832e-9
65,64,0,local_loglinear,3,2,62,2.051702867258132,2.110129678780688,0.9637229365529928,0.9105977686669502,0.08940223133304981,1.0419289427183027,1.096424269484925,0.9502972268278748,0.9771604547428103,0.9328681467363176,0.04638700160438913,0.7534054885661245,1.10050617573145,2.2884313376320096,1.1128440389470764e-11
65,64,0,local_loglinear,4,3,61,2.126174026037522,2.188356539664401,0.9915254772824805,0.9233037039377787,0.07669629606222128,1.0427915173281632,1.0987247394364401,0.9490925978994827,0.9695114709625504,0.9319032261304545,0.03956333177575462,0.7561709199883961,1.1180545029724822,2.2736719496259354,8.270892818756261e-10
65,64,0,local_loglinear,5,4,60,2.196164190831236,2.262029823537337,1.01775798962433,0.9350165022328139,0.06498349776718615,1.0436295525569184,1.101031987877902,0.9478648795375877,0.9621723309417423,0.9306175157916621,0.03334521154070946,0.7585831856939277,1.1359354436448321,2.260913731007415,9.838129220639274e-12
65,64,0,local_loglinear,6,5,59,2.2614673298440646,2.3309189243458075,1.042350532179529,0.9456855065393132,0.05431449346068684,1.0444387180030943,1.103404488672037,0.9465601497235987,0.9551573234048734,0.9290256677546951,0.027739695585295827,0.7606735474154225,1.1540886322725397,2.2499446748777023,5.682049252982957e-11
65,64,0,local_loglinear,7,6,58,2.3219506375199512,2.3948690328421343,1.065257221198012,0.9552798427877041,0.04472015721229594,1.045216242404463,1.1058860590689237,0.9451391794236558,0.9484726569064315,0.9271430686002351,0.022745072521321373,0.7624709205032096,1.1724653386413668,2.240576762030441,9.714246345858652e-10
65,64,0,local_loglinear,8,7,57,2.377546816451963,2.453793661750894,1.086453993967009,0.9637856695346951,0.03621433046530487,1.0459604020390112,1.108510140541346,0.9435731472228226,0.9421182211139875,0.9249854571377998,0.018352751447243874,0.7640017838919609,1.191026930560612,2.23264395842543,8.75092022904396e-10
65,64,0,local_loglinear,9,8,56,2.4282460088881583,2.5076667127550936,1.1059361183680212,0.9712036428486633,0.02879635715133666,1.0466702017052871,1.1113027184861686,0.9418407642618524,0.9360890223261428,0.9225686220287679,0.014548821106629806,0.765290216978601,1.2097435708927469,2.2260000125540698,1.0425094033209275e-9
65,64,0,local_loglinear,10,9,55,2.474087695558794,2.556514410843932,1.123715586654697,0.9775466034982793,0.022453396501720735,1.0473451424061284,1.1142843329866217,0.9399262929587497,0.9303763440861988,0.9199081656784494,0.011315330204461904,0.7663580147864385,1.2285931173481655,2.220516244639231,1.153708957415837e-9
65,64,0,local_loglinear,11,10,54,2.5151528040837325,2.60040735307698,1.139818529137699,0.9828374315247396,0.01716256847526043,1.047985096723926,1.1174714915735724,0.9378181945815917,0.924968704906955,0.9170193225977741,0.008631360837412103,0.7672248379385846,1.2475601331158161,2.2160794876305974,8.852511845630487e-10
65,64,0,local_loglinear,12,11,53,2.551556240180098,2.639452908712126,1.154282712599362,0.9871071345446434,0.012892865455356617,1.04859018237508,1.1208776448498512,0.9355081593366469,0.9198526198544367,0.9139168232745203,0.0064738970687695935,0.7679083861088616,1.266635055301397,2.2125901779511854,1.3056622056201702e-11
65,64,0,local_loglinear,13,12,52,2.583439958556241,2.673788095082877,1.1671552087048116,0.9903930981987488,0.009606901801251233,1.049160718517307,1.1245138956905572,0.9329904437268193,0.9150132302039949,0.9106147947986885,0.0048185543336046605,0.7684245694753853,1.2858134266369892,2.209960674227945,1.1765141587004923e-9
65,64,0,local_loglinear,14,13,51,2.6109666818317336,2.703573062552152,1.1784902548905807,0.992737557419822,0.007262442580178052,1.0496971596161595,1.12838947053172,0.9302613920364934,0.9104347983211097,0.9071266921172203,0.0036401627941708703,0.7687876791041943,1.3050952441989985,2.208113755065021,8.064491128042302e-10
65,64,0,local_loglinear,15,14,50,2.63431429929749,2.728985231218461,1.188347340358036,0.9941862465676244,0.005813753432375557,1.0502000692265459,1.1325120693030566,0.927319096804712,0.9061011056935916,0.9034652536916319,0.002913243664696294,0.7690105458591946,1.324484376346682,2.206981313012173,1.10692303785187e-9
65,64,0,local_loglinear,16,15,49,2.6536709630717255,2.75021411182953,1.1967895261644688,0.9947872281214634,0.005212771878536637,1.0506700981358308,1.136888109745114,0.9241631512633086,0.901995768074523,0.8996424769344458,0.0026123917883630887,0.7691046863092016,1.3439880478893949,2.2065032233994164,1.1629629748738409e-9
65,64,0,local_loglinear,17,16,48,2.669230869007755,2.7674568087553912,1.2038820014558589,0.9945898806264097,0.005410119373590261,1.0511079747877736,1.1415228934052801,0.9207944762738928,0.8981024863760944,0.8956696094259391,0.0027125836639226575,0.7690804337544915,1.3636163756207593,2.20662637445595,8.319246669863628e-10
65,64,0,local_loglinear,18,17,47,2.6811906969801083,2.7809141939672437,1.2096908544840699,0.9936440692427703,0.006355930757229733,1.0515144749064256,1.1464207318806254,0.9172151599016248,0.8944052296156885,0.891557152733844,0.0031894056944137966,0.7689470594306317,1.3833819911119194,2.207303814776537,1.2998524844080807e-11
65,64,0,local_loglinear,19,18,46,2.689746649889783,2.7907876893702475,1.2142820652933999,0.9919994224468499,0.00800057755315009,1.0518904382166516,1.1515850552433529,0.913428351147164,0.8908883882157599,0.8873148755851537,0.004019245171790892,0.7687128753613713,1.403299670440496,2.208494047080147,1.0940413667686774e-9
65,64,0,local_loglinear,20,19,45,2.695092059551142,2.79727663977532,1.2177206836767889,0.9897047643724584,0.010295235627541643,1.052236742284255,1.157018480581126,0.9094381463602523,0.8875368780720779,0.8829518347471803,0.005179421412533622,0.7683853290267232,1.4233860403525087,2.2101604053952597,1.0815002906779151e-9
65,64,0,local_loglinear,21,20,44,2.697415487930644,2.800576202937952,1.220070181859999,0.9868076535137529,0.01319234648624712,1.0525543017651744,1.1627229005881063,0.9052494805364127,0.8843362179680363,0.8784764012540758,0.0066482826745634105,0.7679710859381212,1.4436593157782858,2.2122705267141205,1.0924306831598558e-9
65,64,0,local_loglinear,22,21,43,2.6968992699689007,2.800875705632867,1.2213919611355843,0.9833540221115505,0.01664597788844946,1.0528440628313682,1.168699547019777,0.9008680336329007,0.8812725826877591,0.8738962905834311,0.008405271588006885,0.7674761021623692,1.464139073474095,2.214795899876842,1.0916143094342083e-9
65,64,0,local_loglinear,23,22,42,2.693718441098499,2.7983574083768636,1.2217449947813481,0.9793878966478711,0.02061210335212893,1.053107002323367,1.1749490764298236,0.8963001235111538,0.8783328395931076,0.8692185955348226,0.010430968170218075,0.7669056872541732,1.4848460489089577,2.2177114840168564,1.7585286649830676e-11
65,64,0,local_loglinear,24,23,41,2.6880399999986313,2.793195633744727,1.2211855756241268,0.9749512215211478,0.02504877847885223,1.0533441020252436,1.181471631790817,0.8915525973557539,0.8755045573951095,0.8644498209169111,0.012707097802785478,0.7662645633778843,1.505801999279846,2.220995362849802,3.784702236030334e-10
65,64,0,local_loglinear,25,24,40,2.6800224403420065,2.7855561828693807,1.2197671670229668,0.9700837214459317,0.02991627855406831,1.053556360968695,1.1882669401373778,0.8866327298871847,0.87277601373533,0.8595959187600257,0.015216535248876562,0.7655569140892424,1.5270295609378417,2.224628464823517,1.437695799768458e-11
65,64,0,local_loglinear,26,25,39,2.66981551954747,2.775596012916294,1.2175403287102815,0.9648228357731614,0.035177164226838586,1.0537447767315022,1.1953343822658948,0.8815481193923385,0.870136185207946,0.8546623238509572,0.0179432860582161,0.7647864296348634,1.5485521548979542,2.228594311547781,5.5459231390744344e-11
65,64,0,local_loglinear,27,26,38,2.6575602138094387,2.7634631201946025,1.2145527051834133,0.9592036983420239,0.0407963016579761,1.0539103381906127,1.2026730806164831,0.8763065833737499,0.8675747293744143,0.8496539887827699,0.020872456894185126,0.7639563475044889,1.5703939174826163,2.23287879886333,1.1508522189018284e-9
65,64,0,local_loglinear,28,27,37,2.643388821956519,2.74929658924265,1.210849064830845,0.9532591548379504,0.04674084516204957,1.0540540188585914,1.2102819853751083,0.8709160605508836,0.8650819604433143,0.8445754181181424,0.02399021708634244,0.7630694884837276,1.5925796546009194,2.237470007676717,8.898333542911657e-10
65,64,0,local_loglinear,29,28,36,2.6274251852960973,2.7332267718322183,1.2064713810267549,0.9470198029668361,0.05298019703316392,1.0541767757996028,1.2181599504800056,0.8653845296623103,0.8626488234370288,0.8394307013554316,0.027283757344619797,0.7621282879013926,1.6151348065704794,2.2423580449494844,1.4305869822729932e-11
65,64,0,local_loglinear,30,29,35,2.609784999916241,2.715375574403002,1.2014589340527975,0.9405140775246226,0.05948592247537743,1.0542795270904564,1.2263058149400632,0.8597199118247557,0.8602668552610895,0.8342235445904309,0.03074123241072718,0.7611348268585473,1.6380854649655117,2.247534889037646,8.609828067420729e-10
65,64,0,local_loglinear,31,30,34,2.590576185269966,2.6958568091172377,1.195848440844464,0.9337683309469339,0.0662316690530661,1.0543631630957584,1.2347184826735462,0.8539300074400256,0.8579281531663995,0.8289573003515109,0.034351712021488956,0.7600908571849159,1.6614583760738846,2.252994271004235,1.3133039732392e-9
65,64,0,local_loglinear,32,31,33,2.5698993008433804,2.6747766031345503,1.1896741970523783,0.9268069349416811,0.0731930650583189,1.0544285357000869,1.2433969870275312,0.8480224310506068,0.8556253380955429,0.8236349958747555,0.03810512558760884,0.7589978249328404,1.6852809728044842,2.258731566480098,2.1184539370567852e-11
65,64,0,local_loglinear,33,32,32,2.547847990572902,2.6522338446214357,1.1829682213340613,0.9196524037980283,0.08034759620197174,1.0544764436161553,1.2523405529546063,0.8420045499032698,0.8533515112139372,0.818259359623682,0.04199219887973235,0.7578568936026544,1.7095814447016902,2.264743691219491,8.29130028894917e-11
65,64,0,local_loglinear,34,33,31,2.524509433811739,2.628320637403762,1.1757604111633657,0.9123254992408295,0.08767450075917049,1.054507647380014,1.2615486678890473,0.8358834456577282,0.8511002208391152,0.8128328458139011,0.04600440325385044,0.7566689617121657,1.7343887862040472,2.2710290283092593,8.879585178518245e-10
65,64,0,local_loglinear,35,34,30,2.4999648048195438,2.6031227712511176,1.1680786929350313,0.9048453563868122,0.09515464361318782,1.0545228521268863,1.2710211256397121,0.8296658732530028,0.8488654211946475,0.8073576573450556,0.05013389542791896,0.755434681197955,1.759732889043627,2.2775873528257313,1.2733018067736549e-11
65,64,0,local_loglinear,36,35,29,2.474289722287076,2.5767201834805475,1.1599491737520988,0.897229597096102,0.10277040290389805,1.0545227157384414,1.2807580817569115,0.8233582366248853,0.8466414375021888,0.801835766862794,0.05437346525122541,0.7541544720128835,1.7856446280992395,2.284419778201742,5.445828100452155e-11
65,64,0,local_loglinear,37,36,28,2.4475546893466227,2.549187414848004,1.1513962839932437,0.8894944518123693,0.1105055481876307,1.0545078387583622,1.2907600929010905,0.8169665645521068,0.8444229273026719,0.7962689362119804,0.058716479442295494,0.7528285369703649,1.8121559781203904,2.2915287028376965,1.2529058898612058e-9
65,64,0,local_loglinear,38,37,27,2.419825513422004,2.520594045071436,1.1424429184083014,0.8816548671390225,0.11834513286097748,1.0544787731183896,1.3010281629241702,0.8104965005126098,0.8422048480073296,0.7906587341774294,0.06315683333243174,0.7514568730132896,1.8393001245226217,2.2989177773063187,1.8345007139152465e-11
65,64,0,local_loglinear,39,38,26,2.391163708739622,2.4910051133991824,1.1331105656121394,0.8737246195111537,0.12627538048884634,1.0544360129486743,1.3115637694505966,0.8039532941584449,0.8399824209929634,0.7850065527717136,0.06768889900159075,0.750039282951677,1.867111605539185,2.306591870663472,8.011796865418734e-11
65,64,0,local_loglinear,40,39,25,2.3616268734675137,2.4604815123771218,1.1234194348170548,0.8657164119483516,0.13428358805164842,1.0543800051807641,1.322368922091545,0.7973417913611338,0.8377511026749717,0.7793136219833021,0.07230748238560589,0.7485753836969602,1.895626445704042,2.314557057329929,2.9879495082163807e-10
65,64,0,local_loglinear,41,40,24,2.331269046632857,2.4290803626353545,1.1133885710952243,0.8576419737933955,0.14235802620660454,1.054311142618872,1.3334461589872366,0.7906664513696077,0.8355065531870446,0.7735810232700879,0.07700777801413353,0.7470646148553557,1.9248823176668426,2.3228206039811687,7.692975964530758e-10
65,64,0,local_loglinear,42,41,23,2.3001410396833863,2.3968553613466446,1.1030359648137917,0.8495121510335847,0.15048784896641532,1.0542297685472155,1.3447985976888384,0.7839313413614556,0.8332446082725442,0.7678097017502061,0.08178532818221362,0.7455062451074794,1.954918711197913,2.331390970565085,9.4879295098094e-10
65,64,0,local_loglinear,43,42,22,2.268290744832541,2.3638571065499434,1.092378653024026,0.8413369872002933,0.15866301279970674,1.0541361800414322,1.3564299563055315,0.7771401502459825,0.8309612544613133,0.7620004772408553,0.08663598658469915,0.7438993775241354,1.9857771086723497,2.3402778195814298,8.606440529680023e-10
65,64,0,local_loglinear,44,43,21,2.2357634221793936,2.330133401062325,1.0814328100380377,0.8331258105381537,0.1668741894618463,1.0540306194764717,1.3683445741913671,0.7702961953858432,0.8286525999077965,0.7561540542943066,0.09155587714517058,0.742242955179868,2.017501201063455,2.349492026371494,1.2537669970550832e-11
65,64,0,local_loglinear,45,44,20,2.202601960464334,2.295729526493829,1.0702138370399328,0.8248872953330233,0.1751127046669767,1.0539132931062558,1.3805474572294847,0.7634024369008465,0.8263148563635498,0.7502710311192189,0.09654136685193185,0.7405357628261386,2.050137078329101,2.359045714291111,5.8091572829530206e-11
65,64,0,local_loglinear,46,45,19,2.168847122347357,2.2606885035486863,1.0587364388063203,0.8166295369452006,0.18337046305479943,1.0537843558376807,1.3930442745690619,0.7564614959303205,0.8239443133564343,0.7443519078026333,0.10158902938276829,0.7387764305699589,2.0837334771581606,2.368952282332006,2.0739260997077634e-10
65,64,0,local_loglinear,47,46,18,2.1345377660738563,2.225051326179265,1.0470146974057302,0.8083601100696278,0.19163988993037218,1.0536439227922012,1.4058414038294291,0.7494756662608864,0.821537319197012,0.7383970935999713,0.10669561745830325,0.7369634347831302,2.118342024149124,2.379226452138821,1.777342299510885e-11
65,64,0,local_loglinear,48,47,17,2.0997110503182985,2.188857178403034,1.0350621386821075,0.8000861242997084,0.19991387570029162,1.0534920684108506,1.4189459473190764,0.7424469342199357,0.8190902622178037,0.7324069135582671,0.11185803570922523,0.735095098817853,2.1540175040204628,2.389884320718531,7.739969640360668e-11
65,64,0,local_loglinear,49,48,16,2.064402622201735,2.1521436336544317,1.0228917937189894,0.7918142778590925,0.20818572214090747,1.053328826227615,1.4323657713933058,0.7353769876831181,0.8165995517965415,0.7263816145101587,0.11707331347422564,0.733169592747194,2.1908181576334154,2.4009434238252427,9.863174876671447e-10
65,64,0,local_loglinear,50,49,15,2.0286467889273,2.1149468366515984,1.0105162544255737,0.7835509047048631,0.2164490952951369,1.0531541914306708,1.4461095149718057,0.7282672443042488,0.8140616016002122,0.7203213704623059,0.12233858048983212,0.7311849324864496,2.2288060006132917,2.4124228087203496,1.1547179939827473e-9
65,64,0,local_loglinear,51,50,14,1.9924766750049623,2.0773016697086257,0.997947725639558,0.7753020149360077,0.2246979850639923,1.0529681248406149,1.4601866318530032,0.7211188637608463,0.8114728152782387,0.7142262874815837,0.1276510456704361,0.7291389777372494,2.2680471628214134,2.4243431203365615,1.588341244760994e-11
65,64,0,local_loglinear,52,51,13,1.9559243674563753,2.0392419065638365,0.9851980735244743,0.7670733342942154,0.23292666570578457,1.0527705523911357,1.474607410058974,0.7139327696373315,0.8088295718090669,0.7080964081859544,0.1330079754332641,0.7270294292208603,2.3086122650153156,2.436726699138152,7.361399305045325e-11
65,64,0,local_loglinear,53,52,12,1.9190210493412467,2.000800354255321,0.9722788675777473,0.7588703435851515,0.24112965641484851,1.0525613623544352,1.4893830158954413,0.7067096583759673,0.8061282100529938,0.701931715854428,0.1384066709690113,0.7248538262594768,2.3505768394339337,2.4495976854212618,1.091085986645401e-9
65,64,0,local_loglinear,54,53,11,1.8817971208765776,1.9620089809826795,0.9592014221618873,0.7506983078324669,0.24930169216753306,1.0523404137171548,1.504525507376243,0.6994500316264772,0.8033650178576897,0.6957321381580455,0.1438444510665542,0.7226095423205542,2.3940217697367365,2.462982145145766,1.4797303916092412e-11
65,64,0,local_loglinear,55,54,10,1.8442823123710883,1.9228990350316102,0.9459768358894806,0.7425623002381316,0.25743769976186837,1.0521075396093054,1.520047877151367,0.6921542113403683,0.8005362234420133,0.6894975506818997,0.1493186375170698,0.7202937798653737,2.439033763709282,2.47690821095401,7.1983887630595e-11
65,64,0,local_loglinear,56,55,9,1.8065057906750475,1.8835011575139509,0.9326160276302575,0.7344672310209819,0.2655327689790181,1.051862542207908,1.535964073176369,0.6848223604818174,0.7976379838846165,0.683227780329138,0.15482653651569947,0.7179035653110557,2.4857058918862758,2.491406234960062,1.218006778929101e-9
65,64,0,local_loglinear,57,56,8,1.7684962569710907,1.8438454846271355,0.9191297736507138,0.7264178615009025,0.2735821384990975,1.0516052058066852,1.552289026619651,0.6774545125122207,0.7946663811008421,0.6769226085359719,0.16036542909507334,0.7154357419044971,2.5341381388465996,2.506508968252018,1.5579810291728804e-11
65,64,0,local_loglinear,58,57,7,1.730282041155072,1.8039617453750076,0.9055287479644882,0.7184188076768304,0.2815811923231696,1.0513353079504233,1.5690386841214126,0.6700505975983131,0.7916174236734793,0.6705817745464635,0.1659325683587194,0.7128869606280569,2.5844379752744744,2.5222517688493276,7.990278428043013e-11
65,64,0,local_loglinear,59,58,6,1.6918911961862224,1.763879358721681,0.891823567049215,0.7104745376075233,0.2895254623924767,1.0510526280870858,1.5862299786914946,0.6626104929337644,0.7884870526863842,0.6642049789307058,0.17152518103984585,0.710253669301497,2.636720961945806,2.5386728398946725,1.5384362316040951e-10
65,64,0,local_loglinear,60,59,5,1.653351593654483,1.7236275286666805,0.8780248491826607,0.7025893333957142,0.29741066660428583,1.0507569870370432,1.6038808247119218,0.6551340790708519,0.7852711679680671,0.6577918874620741,0.17714049418948333,0.7075320958610409,2.6911112810095275,2.555813526687299,2.8908196751933455e-10
65,64,0,local_loglinear,61,60,4,1.6146910316410072,1.6832353483219396,0.864143299051163,0.6947672116229717,0.3052327883770283,1.050448299472018,1.6220100171991012,0.6476213391616038,0.7819656797928725,0.6513421359401617,0.18277579325654117,0.7047182234577164,2.747742140272553,2.5737186931688063,5.39079994902236e-10
65,64,0,local_loglinear,62,61,3,1.5759373665327283,1.642731921630225,0.8501898392656627,0.6870117628252042,0.31298823717479585,1.0501266754092553,1.6406370563548707,0.6400725080185634,0.7785666099451807,0.6448553366448209,0.18842854215289,0.7018077503986164,2.806755855259205,2.5924372305974934,1.003988271898278e-9
65,64,0,local_loglinear,63,62,2,1.5371186913200776,1.6021465203428393,0.8361758291733508,0.6793258435087605,0.32067415649123954,1.049792608460574,1.659781721376055,0.6324883537036636,0.7750702831320487,0.6383310877319628,0.19409661812669327,0.6987960218876191,2.86830324763075,2.612022796274221,1.8712085581415328e-9
65,64,0,local_loglinear,64,63,1,1.4982636007355725,1.5615088085899544,0.822113440308273,0.6717110068757878,0.3282889931242122,1.0494473153341237,1.679463317228315,0.6248706384763844,0.7714736795804559,0.6317689879273329,0.19977875342304469,0.6956779111655941,2.9325416968766964,2.632534952504967,3.4909949857957084e-9
65,64,0,local_loglinear,65,64,0,1.4594016123969997,1.5208491892617597,0.8080163146353202,0.6641664610396275,0.3358335389603725,1.0490933581431707,1.6996992017236972,0.6172229516135945,0.7677750802748158,0.6251686606466909,0.20547535566282332,0.692447607919603,2.999630572352512,2.6540410270416572,1.261285812319863e-7
70,69,0,local_loglinear,1,0,69,1.8905489305118306,1.9413556198342408,0.9038178660077935,0.8825268256025048,0.11747317439749516,,,,0.9932766422755183,0.9337836851161863,0.061764406780686135,0.7466805409386618,1.0667190368697315,2.3249284524801364,9.444954717907831e-12
70,69,0,local_loglinear,2,1,68,1.9730369965815278,2.0276623268270644,0.9344461533419904,0.8969721907464306,0.10302780925356936,1.0410485222195913,1.0940509703533396,0.9515539498889797,0.9850947192320787,0.9334988401525799,0.053798077696574825,0.750253589602985,1.083364371299011,2.3054292629678668,1.0337757456800832e-9
70,69,0,local_loglinear,3,2,67,2.051702867258132,2.110129678780688,0.9637229365529928,0.9105977686669502,0.08940223133304981,1.0419289427183027,1.096424269484925,0.9502972268278748,0.9771604547428103,0.9328681467363176,0.04638700160438913,0.7534054885661245,1.10050617573145,2.2884313376320096,1.1128440389470764e-11
70,69,0,local_loglinear,4,3,66,2.126174026037522,2.188356539664401,0.9915254772824805,0.9233037039377787,0.07669629606222128,1.0427915173281632,1.0987247394364401,0.9490925978994827,0.9695114709625504,0.9319032261304545,0.03956333177575462,0.7561709199883961,1.1180545029724822,2.2736719496259354,8.270892818756261e-10
70,69,0,local_loglinear,5,4,65,2.196164190831236,2.262029823537337,1.01775798962433,0.9350165022328139,0.06498349776718615,1.0436295525569184,1.101031987877902,0.9478648795375877,0.9621723309417423,0.9306175157916621,0.03334521154070946,0.7585831856939277,1.1359354436448321,2.260913731007415,9.838129220639274e-12
70,69,0,local_loglinear,6,5,64,2.2614673298440646,2.3309189243458075,1.042350532179529,0.9456855065393132,0.05431449346068684,1.0444387180030943,1.103404488672037,0.9465601497235987,0.9551573234048734,0.9290256677546951,0.027739695585295827,0.7606735474154225,1.1540886322725397,2.2499446748777023,5.682049252982957e-11
70,69,0,local_loglinear,7,6,63,2.3219506375199512,2.3948690328421343,1.065257221198012,0.9552798427877041,0.04472015721229594,1.045216242404463,1.1058860590689237,0.9451391794236558,0.9484726569064315,0.9271430686002351,0.022745072521321373,0.7624709205032096,1.1724653386413668,2.240576762030441,9.714246345858652e-10
70,69,0,local_loglinear,8,7,62,2.377546816451963,2.453793661750894,1.086453993967009,0.9637856695346951,0.03621433046530487,1.0459604020390112,1.108510140541346,0.9435731472228226,0.9421182211139875,0.9249854571377998,0.018352751447243874,0.7640017838919609,1.191026930560612,2.23264395842543,8.75092022904396e-10
70,69,0,local_loglinear,9,8,61,2.4282460088881583,2.5076667127550936,1.1059361183680212,0.9712036428486633,0.02879635715133666,1.0466702017052871,1.1113027184861686,0.9418407642618524,0.9360890223261428,0.9225686220287679,0.014548821106629806,0.765290216978601,1.2097435708927469,2.2260000125540698,1.0425094033209275e-9
70,69,0,local_loglinear,10,9,60,2.474087695558794,2.556514410843932,1.123715586654697,0.9775466034982793,0.022453396501720735,1.0473451424061284,1.1142843329866217,0.9399262929587497,0.9303763440861988,0.9199081656784494,0.011315330204461904,0.7663580147864385,1.2285931173481655,2.220516244639231,1.153708957415837e-9
70,69,0,local_loglinear,11,10,59,2.5151528040837325,2.60040735307698,1.139818529137699,0.9828374315247396,0.01716256847526043,1.047985096723926,1.1174714915735724,0.9378181945815917,0.924968704906955,0.9170193225977741,0.008631360837412103,0.7672248379385846,1.2475601331158161,2.2160794876305974,8.852511845630487e-10
70,69,0,local_loglinear,12,11,58,2.551556240180098,2.639452908712126,1.154282712599362,0.9871071345446434,0.012892865455356617,1.04859018237508,1.1208776448498512,0.9355081593366469,0.9198526198544367,0.9139168232745203,0.0064738970687695935,0.7679083861088616,1.266635055301397,2.2125901779511854,1.3056622056201702e-11
70,69,0,local_loglinear,13,12,57,2.583439958556241,2.673788095082877,1.1671552087048116,0.9903930981987488,0.009606901801251233,1.049160718517307,1.1245138956905572,0.9329904437268193,0.9150132302039949,0.9106147947986885,0.0048185543336046605,0.7684245694753853,1.2858134266369892,2.209960674227945,1.1765141587004923e-9
70,69,0,local_loglinear,14,13,56,2.6109666818317336,2.703573062552152,1.1784902548905807,0.992737557419822,0.007262442580178052,1.0496971596161595,1.12838947053172,0.9302613920364934,0.9104347983211097,0.9071266921172203,0.0036401627941708703,0.7687876791041943,1.3050952441989985,2.208113755065021,8.064491128042302e-10
70,69,0,local_loglinear,15,14,55,2.63431429929749,2.728985231218461,1.188347340358036,0.9941862465676244,0.005813753432375557,1.0502000692265459,1.1325120693030566,0.927319096804712,0.9061011056935916,0.9034652536916319,0.002913243664696294,0.7690105458591946,1.324484376346682,2.206981313012173,1.10692303785187e-9
70,69,0,local_loglinear,16,15,54,2.6536709630717255,2.75021411182953,1.1967895261644688,0.9947872281214634,0.005212771878536637,1.0506700981358308,1.136888109745114,0.9241631512633086,0.901995768074523,0.8996424769344458,0.0026123917883630887,0.7691046863092016,1.3439880478893949,2.2065032233994164,1.1629629748738409e-9
70,69,0,local_loglinear,17,16,53,2.669230869007755,2.7674568087553912,1.2038820014558589,0.9945898806264097,0.005410119373590261,1.0511079747877736,1.1415228934052801,0.9207944762738928,0.8981024863760944,0.8956696094259391,0.0027125836639226575,0.7690804337544915,1.3636163756207593,2.20662637445595,8.319246669863628e-10
70,69,0,local_loglinear,18,17,52,2.6811906969801083,2.7809141939672437,1.2096908544840699,0.9936440692427703,0.006355930757229733,1.0515144749064256,1.1464207318806254,0.9172151599016248,0.8944052296156885,0.891557152733844,0.0031894056944137966,0.7689470594306317,1.3833819911119194,2.207303814776537,1.2998524844080807e-11
70,69,0,local_loglinear,19,18,51,2.689746649889783,2.7907876893702475,1.2142820652933999,0.9919994224468499,0.00800057755315009,1.0518904382166516,1.1515850552433529,0.913428351147164,0.8908883882157599,0.8873148755851537,0.004019245171790892,0.7687128753613713,1.403299670440496,2.208494047080147,1.0940413667686774e-9
70,69,0,local_loglinear,20,19,50,2.695092059551142,2.79727663977532,1.2177206836767889,0.9897047643724584,0.010295235627541643,1.052236742284255,1.157018480581126,0.9094381463602523,0.8875368780720779,0.8829518347471803,0.005179421412533622,0.7683853290267232,1.4233860403525087,2.2101604053952597,1.0815002906779151e-9
70,69,0,local_loglinear,21,20,49,2.697415487930644,2.800576202937952,1.220070181859999,0.9868076535137529,0.01319234648624712,1.0525543017651744,1.1627229005881063,0.9052494805364127,0.8843362179680363,0.8784764012540758,0.0066482826745634105,0.7679710859381212,1.4436593157782858,2.2122705267141205,1.0924306831598558e-9
70,69,0,local_loglinear,22,21,48,2.6968992699689007,2.800875705632867,1.2213919611355843,0.9833540221115505,0.01664597788844946,1.0528440628313682,1.168699547019777,0.9008680336329007,0.8812725826877591,0.8738962905834311,0.008405271588006885,0.7674761021623692,1.464139073474095,2.214795899876842,1.0916143094342083e-9
70,69,0,local_loglinear,23,22,47,2.693718441098499,2.7983574083768636,1.2217449947813481,0.9793878966478711,0.02061210335212893,1.053107002323367,1.1749490764298236,0.8963001235111538,0.8783328395931076,0.8692185955348226,0.010430968170218075,0.7669056872541732,1.4848460489089577,2.2177114840168564,1.7585286649830676e-11
70,69,0,local_loglinear,24,23,46,2.6880399999986313,2.793195633744727,1.2211855756241268,0.9749512215211478,0.02504877847885223,1.0533441020252436,1.181471631790817,0.8915525973557539,0.8755045573951095,0.8644498209169111,0.012707097802785478,0.7662645633778843,1.505801999279846,2.220995362849802,3.784702236030334e-10
70,69,0,local_loglinear,25,24,45,2.6800224403420065,2.7855561828693807,1.2197671670229668,0.9700837214459317,0.02991627855406831,1.053556360968695,1.1882669401373778,0.8866327298871847,0.87277601373533,0.8595959187600257,0.015216535248876562,0.7655569140892424,1.5270295609378417,2.224628464823517,1.437695799768458e-11
70,69,0,local_loglinear,26,25,44,2.66981551954747,2.775596012916294,1.2175403287102815,0.9648228357731614,0.035177164226838586,1.0537447767315022,1.1953343822658948,0.8815481193923385,0.870136185207946,0.8546623238509572,0.0179432860582161,0.7647864296348634,1.5485521548979542,2.228594311547781,5.5459231390744344e-11
70,69,0,local_loglinear,27,26,43,2.6575602138094387,2.7634631201946025,1.2145527051834133,0.9592036983420239,0.0407963016579761,1.0539103381906127,1.2026730806164831,0.8763065833737499,0.8675747293744143,0.8496539887827699,0.020872456894185126,0.7639563475044889,1.5703939174826163,2.23287879886333,1.1508522189018284e-9
70,69,0,local_loglinear,28,27,42,2.643388821956519,2.74929658924265,1.210849064830845,0.9532591548379504,0.04674084516204957,1.0540540188585914,1.2102819853751083,0.8709160605508836,0.8650819604433143,0.8445754181181424,0.02399021708634244,0.7630694884837276,1.5925796546009194,2.237470007676717,8.898333542911657e-10
70,69,0,local_loglinear,29,28,41,2.6274251852960973,2.7332267718322183,1.2064713810267549,0.9470198029668361,0.05298019703316392,1.0541767757996028,1.2181599504800056,0.8653845296623103,0.8626488234370288,0.8394307013554316,0.027283757344619797,0.7621282879013926,1.6151348065704794,2.2423580449494844,1.4305869822729932e-11
70,69,0,local_loglinear,30,29,40,2.609784999916241,2.715375574403002,1.2014589340527975,0.9405140775246226,0.05948592247537743,1.0542795270904564,1.2263058149400632,0.8597199118247557,0.8602668552610895,0.8342235445904309,0.03074123241072718,0.7611348268585473,1.6380854649655117,2.247534889037646,8.609828067420729e-10
70,69,0,local_loglinear,31,30,39,2.590576185269966,2.6958568091172377,1.195848440844464,0.9337683309469339,0.0662316690530661,1.0543631630957584,1.2347184826735462,0.8539300074400256,0.8579281531663995,0.8289573003515109,0.034351712021488956,0.7600908571849159,1.6614583760738846,2.252994271004235,1.3133039732392e-9
70,69,0,local_loglinear,32,31,38,2.5698993008433804,2.6747766031345503,1.1896741970523783,0.9268069349416811,0.0731930650583189,1.0544285357000869,1.2433969870275312,0.8480224310506068,0.8556253380955429,0.8236349958747555,0.03810512558760884,0.7589978249328404,1.6852809728044842,2.258731566480098,2.1184539370567852e-11
70,69,0,local_loglinear,33,32,37,2.547847990572902,2.6522338446214357,1.1829682213340613,0.9196524037980283,0.08034759620197174,1.0544764436161553,1.2523405529546063,0.8420045499032698,0.8533515112139372,0.818259359623682,0.04199219887973235,0.7578568936026544,1.7095814447016902,2.264743691219491,8.29130028894917e-11
70,69,0,local_loglinear,34,33,36,2.524509433811739,2.628320637403762,1.1757604111633657,0.9123254992408295,0.08767450075917049,1.054507647380014,1.2615486678890473,0.8358834456577282,0.8511002208391152,0.8128328458139011,0.04600440325385044,0.7566689617121657,1.7343887862040472,2.2710290283092593,8.879585178518245e-10
70,69,0,local_loglinear,35,34,35,2.4999648048195438,2.6031227712511176,1.1680786929350313,0.9048453563868122,0.09515464361318782,1.0545228521268863,1.2710211256397121,0.8296658732530028,0.8488654211946475,0.8073576573450556,0.05013389542791896,0.755434681197955,1.759732889043627,2.2775873528257313,1.2733018067736549e-11
70,69,0,local_loglinear,36,35,34,2.474289722287076,2.5767201834805475,1.1599491737520988,0.897229597096102,0.10277040290389805,1.0545227157384414,1.2807580817569115,0.8233582366248853,0.8466414375021888,0.801835766862794,0.05437346525122541,0.7541544720128835,1.7856446280992395,2.284419778201742,5.445828100452155e-11
70,69,0,local_loglinear,37,36,33,2.4475546893466227,2.549187414848004,1.1513962839932437,0.8894944518123693,0.1105055481876307,1.0545078387583622,1.2907600929010905,0.8169665645521068,0.8444229273026719,0.7962689362119804,0.058716479442295494,0.7528285369703649,1.8121559781203904,2.2915287028376965,1.2529058898612058e-9
70,69,0,local_loglinear,38,37,32,2.419825513422004,2.520594045071436,1.1424429184083014,0.8816548671390225,0.11834513286097748,1.0544787731183896,1.3010281629241702,0.8104965005126098,0.8422048480073296,0.7906587341774294,0.06315683333243174,0.7514568730132896,1.8393001245226217,2.2989177773063187,1.8345007139152465e-11
70,69,0,local_loglinear,39,38,31,2.391163708739622,2.4910051133991824,1.1331105656121394,0.8737246195111537,0.12627538048884634,1.0544360129486743,1.3115637694505966,0.8039532941584449,0.8399824209929634,0.7850065527717136,0.06768889900159075,0.750039282951677,1.867111605539185,2.306591870663472,8.011796865418734e-11
70,69,0,local_loglinear,40,39,30,2.3616268734675137,2.4604815123771218,1.1234194348170548,0.8657164119483516,0.13428358805164842,1.0543800051807641,1.322368922091545,0.7973417913611338,0.8377511026749717,0.7793136219833021,0.07230748238560589,0.7485753836969602,1.895626445704042,2.314557057329929,2.9879495082163807e-10
70,69,0,local_loglinear,41,40,29,2.331269046632857,2.4290803626353545,1.1133885710952243,0.8576419737933955,0.14235802620660454,1.054311142618872,1.3334461589872366,0.7906664513696077,0.8355065531870446,0.7735810232700879,0.07700777801413353,0.7470646148553557,1.9248823176668426,2.3228206039811687,7.692975964530758e-10
70,69,0,local_loglinear,42,41,28,2.3001410396833863,2.3968553613466446,1.1030359648137917,0.8495121510335847,0.15048784896641532,1.0542297685472155,1.3447985976888384,0.7839313413614556,0.8332446082725442,0.7678097017502061,0.08178532818221362,0.7455062451074794,1.954918711197913,2.331390970565085,9.4879295098094e-10
70,69,0,local_loglinear,43,42,27,2.268290744832541,2.3638571065499434,1.092378653024026,0.8413369872002933,0.15866301279970674,1.0541361800414322,1.3564299563055315,0.7771401502459825,0.8309612544613133,0.7620004772408553,0.08663598658469915,0.7438993775241354,1.9857771086723497,2.3402778195814298,8.606440529680023e-10
70,69,0,local_loglinear,44,43,26,2.2357634221793936,2.330133401062325,1.0814328100380377,0.8331258105381537,0.1668741894618463,1.0540306194764717,1.3683445741913671,0.7702961953858432,0.8286525999077965,0.7561540542943066,0.09155587714517058,0.742242955179868,2.017501201063455,2.349492026371494,1.2537669970550832e-11
70,69,0,local_loglinear,45,44,25,2.202601960464334,2.295729526493829,1.0702138370399328,0.8248872953330233,0.1751127046669767,1.0539132931062558,1.3805474572294847,0.7634024369008465,0.8263148563635498,0.7502710311192189,0.09654136685193185,0.7405357628261386,2.050137078329101,2.359045714291111,7.244689085879575e-10
70,69,0,local_loglinear,46,45,24,2.1688471223700536,2.260688503701465,1.0587364384315603,0.8166295380296211,0.18337046197037887,1.0537843548938552,1.3930442745690619,0.7564614952527933,0.8239443128140294,0.7443519078026333,0.10158902872446543,0.7387764307073825,2.0837334797123988,2.368952281555756,8.502484153513635e-10
70,69,0,local_loglinear,47,46,23,2.13453776563944,2.225051325802776,1.0470146969402807,0.8083601106694358,0.1916398893305642,1.053643923150116,1.4058414050212344,0.7494756658801078,0.8215373188751305,0.7383970935820054,0.10669561709083022,0.7369634348738483,2.118342025766712,2.3792264516230537,1.198459416426131e-11
70,69,0,local_loglinear,48,47,22,2.0997110496343647,2.1888571778384134,1.035062137916546,0.800086125529751,0.199913874470249,1.0534920678453217,1.4189459482199716,0.7424469333499971,0.8190902615626238,0.7324069135298579,0.11185803494812682,0.7350950989733315,2.1540175073491046,2.389884319828633,1.2955743843543341e-9
70,69,0,local_loglinear,49,48,21,2.0644026210804274,2.152143632981196,1.0228917914760622,0.7918142819792735,0.2081857180207265,1.0533288234317257,1.4323657730819215,0.7353769848642443,0.8165995496378333,0.7263816144606079,0.11707331089890816,0.7331695933655918,2.1908181686526613,2.40094342026117,1.7451306848980922e-11
70,69,0,local_loglinear,50,49,20,2.0286467861631854,2.1149468345286078,1.0105162503199343,0.7835509109339649,0.2164490890660351,1.053154189156416,1.4461095206873573,0.7282672398532002,0.8140615982647458,0.7203213703433426,0.12233857655767058,0.7311849334966722,2.2288060181836644,2.412422802856229,8.433044833805258e-11
70,69,0,local_loglinear,51,50,19,1.992476669749164,2.0773016654325924,0.9979477186416269,0.775302024876576,0.22469797512342404,1.0529681209430344,1.4601866414357854,0.7211188563591175,0.8114728098791953,0.7142262872566023,0.12765103933204835,0.7291389793702574,2.26804719202328,2.4243431107869657,9.191992425216923e-10
70,69,0,local_loglinear,52,51,18,1.9559243583262012,2.039241899378974,0.9851980605853897,0.7670733540424094,0.2329266459575906,1.052770542455281,1.4746074261461382,0.7139327551107477,0.8088295610681958,0.7080964077910981,0.13300796271137164,0.7270294323740425,2.3086123241699954,2.4367266805573298,1.8049005007820475e-11
70,69,0,local_loglinear,53,52,17,1.919021032634048,2.0008003411162245,0.9722788436102974,0.7588703802498781,0.24112961975012193,1.052561344688927,1.4893830476203578,0.7067096314615928,0.8061281899767608,0.7019317151241682,0.1384066471048523,0.7248538321848307,2.350576952467271,2.449597650227794,8.4705530947793e-11
70,69,0,local_loglinear,54,53,16,1.8817970902515095,1.9620089567183085,0.9592013783515917,0.750698374252845,0.24930162574715498,1.0523403820899129,1.5045255678157423,0.6994499825069054,0.8033649812041733,0.6957321368063836,0.1438444073843595,0.7226095532200193,2.3940219809350576,2.4629820798774076,1.0845975414441456e-9
70,69,0,local_loglinear,55,54,15,1.8442822568926915,1.9228989913136587,0.9459767550586118,0.7425624245005819,0.25743757549941815,1.052107477859667,1.5200479900377772,0.6921541193140353,0.8005361544567346,0.6894975482061465,0.14931855493389115,0.7202938003412507,2.439034170190554,2.4769080872986384,1.2747768310403028e-9
70,69,0,local_loglinear,56,55,14,1.806505689381734,1.8835010777955798,0.9326158782041865,0.7344674620183282,0.26553253798167176,1.0518624265839474,1.5359642887482605,0.6848221890895434,0.7976378547970496,0.6832277757566245,0.15482638137091692,0.7179036037315679,2.4857066703577777,2.4914060008955565,1.6123293357416674e-11
70,69,0,local_loglinear,57,56,13,1.7684960716620448,1.8438453383156972,0.9191294993033258,0.72641828566068,0.27358171433932,1.0516049935332887,1.552289437313463,0.6774541965274817,0.794666142372269,0.6769226000760793,0.16036514117902465,0.7154358131723884,2.534139613524925,2.5065085301216383,8.130370175271664e-11
70,69,0,local_loglinear,58,57,12,1.7302817038966136,1.8039614788167846,0.9055282447981007,0.7184195883302933,0.2815804116697067,1.0513349114913535,1.5690394587532785,0.6700500141192874,0.7916169813000977,0.6705817589657632,0.16593203277097593,0.7128870929944184,2.5844407751458296,2.522250947428333,1.2270432302270192e-9
70,69,0,local_loglinear,59,58,11,1.6918905836704314,1.7638788743411955,0.8918226451300348,0.7104759739371401,0.2895240260628599,1.051051889715618,1.586231441326978,0.6626094164646932,0.7884862332906638,0.6642049502815446,0.1715241849723501,0.7102539150776446,2.636726278090816,2.53867129977219,1.510167289574601e-11
70,69,0,local_loglinear,60,59,10,1.6533504829388574,1.7236266495325634,0.878023163132815,0.7025919695735788,0.29740803042642117,1.0507556181118816,1.6038835853026072,0.6551320979531279,0.7852696539941753,0.6577918348426641,0.17713864621846476,0.7075325513398554,2.691121355302642,2.5558106435376717,6.864328147523675e-10
70,69,0,local_loglinear,61,60,9,1.6146890220601013,1.6832337567409839,0.8641402203518771,0.6947720441145339,0.30522795588546614,1.0504457614143607,1.622015217096784,0.6476176982448628,0.7819628861309383,0.6513420394717788,0.18277236874274166,0.704719066630025,2.747761216376009,2.5737132997656045,8.168407847906325e-12
70,69,0,local_loglinear,62,61,8,1.5759337382961343,1.6427290466079878,0.8501842267847352,0.6870206076821201,0.31297939231787986,1.050121978445122,1.6406468395128289,0.6400658284003055,0.7785614634504222,0.6448551600820207,0.18842220571559987,0.701809309220159,2.8067919372426187,2.592427150537238,4.959412726888401e-11
70,69,0,local_loglinear,63,62,7,1.53711215491269,1.6021413392107673,0.8361656136762481,0.6793420098790881,0.3206579901209119,1.0497839264040307,1.659800101867708,0.6324761187945163,0.7750608163902907,0.6383307651372789,0.19408490938127915,0.6987989003491722,2.86837143344022,2.612003971527104,1.3357662637865518e-10
70,69,0,local_loglinear,64,63,6,1.4982518504697047,1.5614994933941069,0.8220948755381817,0.6717405149673806,0.32825948503261937,1.0494312885132095,1.679497806574404,0.6248482638114826,0.7714562919115938,0.6317683995274259,0.19975714626957658,0.6956832201029439,2.9326704364748086,2.6324998231566124,2.1636533345186748e-10
70,69,0,local_loglinear,65,64,5,1.4593805346221622,1.520832480480485,0.8079826282306718,0.6642202484304307,0.3357797515695693,1.0490638121951215,1.6997638368961057,0.6171820987266028,0.76774319176859,0.625167589246256,0.20543553492376265,0.692457387990849,2.999873431956806,2.6539755180299274,3.6682860175955987e-10
70,69,0,local_loglinear,66,65,4,1.4205261373246756,1.48016946729932,0.7938396980734532,0.6567850884501014,0.3432149115498986,1.048681382625832,1.7206230025913252,0.6094777188532742,0.7639168456657581,0.618527847343955,0.21111672767239054,0.6891162330248594,3.070179414039782,2.6764972087084464,6.432787866068408e-10
70,69,0,local_loglinear,67,66,3,1.3817169250456138,1.439539919457181,0.7796772660593662,0.6494384615471469,0.3505615384528531,1.0482841526291167,1.7421007578789205,0.6017356618944624,0.7599727451308006,0.6118486820327644,0.2167975706071681,0.6856542452825054,3.1438021983764197,2.7001371646153722,1.1542896004260835e-9
70,69,0,local_loglinear,68,67,2,1.3429816667000118,1.3989737421465556,0.7655071131002338,0.6421829634833763,0.35781703651662367,1.0478727822017302,1.76422258125472,0.5939572440210351,0.7559067877148855,0.6051296084402951,0.2224754079903844,0.6820654926745048,3.2209697748879274,2.724974873141109,2.1017954064339664e-9
70,69,0,local_loglinear,69,68,1,1.304349890091062,1.3585014904699226,0.7513420451444355,0.635019670911899,0.36498032908810096,1.0474488685214889,1.7870128910913656,0.5861451105043737,0.7517157167158947,0.5983701666870695,0.22814864591184175,0.6783434748647827,3.301921745396209,2.7510987007128245,3.860929398126802e-9
70,69,0,local_loglinear,70,69,0,1.2658522985255352,1.3181547028004088,0.7371966403359356,0.6279468974683565,0.3720531025316435,1.047015727836992,1.8104929799021943,0.5783042184971927,0.7473979123346608,0.59156995095179,0.23381778711070367,0.6744808621419756,3.386903022624717,2.7786085547638018,1.3257996751609225e-7
75,74,0,local_loglinear,1,0,74,1.8905489305118306,1.9413556198342408,0.9038178660077935,0.8825268256025048,0.11747317439749516,,,,0.9932766422755183,0.9337836851161863,0.061764406780686135,0.7466805409386618,1.0667190368697315,2.3249284524801364,9.444954717907831e-12
75,74,0,local_loglinear,2,1,73,1.9730369965815278,2.0276623268270644,0.9344461533419904,0.8969721907464306,0.10302780925356936,1.0410485222195913,1.0940509703533396,0.9515539498889797,0.9850947192320787,0.9334988401525799,0.053798077696574825,0.750253589602985,1.083364371299011,2.3054292629678668,1.0337757456800832e-9
75,74,0,local_loglinear,3,2,72,2.051702867258132,2.110129678780688,0.9637229365529928,0.9105977686669502,0.08940223133304981,1.0419289427183027,1.096424269484925,0.9502972268278748,0.9771604547428103,0.9328681467363176,0.04638700160438913,0.7534054885661245,1.10050617573145,2.2884313376320096,1.1128440389470764e-11
75,74,0,local_loglinear,4,3,71,2.126174026037522,2.188356539664401,0.9915254772824805,0.9233037039377787,0.07669629606222128,1.0427915173281632,1.0987247394364401,0.9490925978994827,0.9695114709625504,0.9319032261304545,0.03956333177575462,0.7561709199883961,1.1180545029724822,2.2736719496259354,8.270892818756261e-10
75,74,0,local_loglinear,5,4,70,2.196164190831236,2.262029823537337,1.01775798962433,0.9350165022328139,0.06498349776718615,1.0436295525569184,1.101031987877902,0.9478648795375877,0.9621723309417423,0.9306175157916621,0.03334521154070946,0.7585831856939277,1.1359354436448321,2.260913731007415,9.838129220639274e-12
75,74,0,local_loglinear,6,5,69,2.2614673298440646,2.3309189243458075,1.042350532179529,0.9456855065393132,0.05431449346068684,1.0444387180030943,1.103404488672037,0.9465601497235987,0.9551573234048734,0.9290256677546951,0.027739695585295827,0.7606735474154225,1.1540886322725397,2.2499446748777023,5.682049252982957e-11
75,74,0,local_loglinear,7,6,68,2.3219506375199512,2.3948690328421343,1.065257221198012,0.9552798427877041,0.04472015721229594,1.045216242404463,1.1058860590689237,0.9451391794236558,0.9484726569064315,0.9271430686002351,0.022745072521321373,0.7624709205032096,1.1724653386413668,2.240576762030441,9.714246345858652e-10
75,74,0,local_loglinear,8,7,67,2.377546816451963,2.453793661750894,1.086453993967009,0.9637856695346951,0.03621433046530487,1.0459604020390112,1.108510140541346,0.9435731472228226,0.9421182211139875,0.9249854571377998,0.018352751447243874,0.7640017838919609,1.191026930560612,2.23264395842543,8.75092022904396e-10
75,74,0,local_loglinear,9,8,66,2.4282460088881583,2.5076667127550936,1.1059361183680212,0.9712036428486633,0.02879635715133666,1.0466702017052871,1.1113027184861686,0.9418407642618524,0.9360890223261428,0.9225686220287679,0.014548821106629806,0.765290216978601,1.2097435708927469,2.2260000125540698,1.0425094033209275e-9
75,74,0,local_loglinear,10,9,65,2.474087695558794,2.556514410843932,1.123715586654697,0.9775466034982793,0.022453396501720735,1.0473451424061284,1.1142843329866217,0.9399262929587497,0.9303763440861988,0.9199081656784494,0.011315330204461904,0.7663580147864385,1.2285931173481655,2.220516244639231,1.153708957415837e-9
75,74,0,local_loglinear,11,10,64,2.5151528040837325,2.60040735307698,1.139818529137699,0.9828374315247396,0.01716256847526043,1.047985096723926,1.1174714915735724,0.9378181945815917,0.924968704906955,0.9170193225977741,0.008631360837412103,0.7672248379385846,1.2475601331158161,2.2160794876305974,8.852511845630487e-10
75,74,0,local_loglinear,12,11,63,2.551556240180098,2.639452908712126,1.154282712599362,0.9871071345446434,0.012892865455356617,1.04859018237508,1.1208776448498512,0.9355081593366469,0.9198526198544367,0.9139168232745203,0.0064738970687695935,0.7679083861088616,1.266635055301397,2.2125901779511854,1.3056622056201702e-11
75,74,0,local_loglinear,13,12,62,2.583439958556241,2.673788095082877,1.1671552087048116,0.9903930981987488,0.009606901801251233,1.049160718517307,1.1245138956905572,0.9329904437268193,0.9150132302039949,0.9106147947986885,0.0048185543336046605,0.7684245694753853,1.2858134266369892,2.209960674227945,1.1765141587004923e-9
75,74,0,local_loglinear,14,13,61,2.6109666818317336,2.703573062552152,1.1784902548905807,0.992737557419822,0.007262442580178052,1.0496971596161595,1.12838947053172,0.9302613920364934,0.9104347983211097,0.9071266921172203,0.0036401627941708703,0.7687876791041943,1.3050952441989985,2.208113755065021,8.064491128042302e-10
75,74,0,local_loglinear,15,14,60,2.63431429929749,2.728985231218461,1.188347340358036,0.9941862465676244,0.005813753432375557,1.0502000692265459,1.1325120693030566,0.927319096804712,0.9061011056935916,0.9034652536916319,0.002913243664696294,0.7690105458591946,1.324484376346682,2.206981313012173,1.10692303785187e-9
75,74,0,local_loglinear,16,15,59,2.6536709630717255,2.75021411182953,1.1967895261644688,0.9947872281214634,0.005212771878536637,1.0506700981358308,1.136888109745114,0.9241631512633086,0.901995768074523,0.8996424769344458,0.0026123917883630887,0.7691046863092016,1.3439880478893949,2.2065032233994164,1.1629629748738409e-9
75,74,0,local_loglinear,17,16,58,2.669230869007755,2.7674568087553912,1.2038820014558589,0.9945898806264097,0.005410119373590261,1.0511079747877736,1.1415228934052801,0.9207944762738928,0.8981024863760944,0.8956696094259391,0.0027125836639226575,0.7690804337544915,1.3636163756207593,2.20662637445595,8.319246669863628e-10
75,74,0,local_loglinear,18,17,57,2.6811906969801083,2.7809141939672437,1.2096908544840699,0.9936440692427703,0.006355930757229733,1.0515144749064256,1.1464207318806254,0.9172151599016248,0.8944052296156885,0.891557152733844,0.0031894056944137966,0.7689470594306317,1.3833819911119194,2.207303814776537,1.2998524844080807e-11
75,74,0,local_loglinear,19,18,56,2.689746649889783,2.7907876893702475,1.2142820652933999,0.9919994224468499,0.00800057755315009,1.0518904382166516,1.1515850552433529,0.913428351147164,0.8908883882157599,0.8873148755851537,0.004019245171790892,0.7687128753613713,1.403299670440496,2.208494047080147,1.0940413667686774e-9
75,74,0,local_loglinear,20,19,55,2.695092059551142,2.79727663977532,1.2177206836767889,0.9897047643724584,0.010295235627541643,1.052236742284255,1.157018480581126,0.9094381463602523,0.8875368780720779,0.8829518347471803,0.005179421412533622,0.7683853290267232,1.4233860403525087,2.2101604053952597,1.0815002906779151e-9
75,74,0,local_loglinear,21,20,54,2.697415487930644,2.800576202937952,1.220070181859999,0.9868076535137529,0.01319234648624712,1.0525543017651744,1.1627229005881063,0.9052494805364127,0.8843362179680363,0.8784764012540758,0.0066482826745634105,0.7679710859381212,1.4436593157782858,2.2122705267141205,1.0924306831598558e-9
75,74,0,local_loglinear,22,21,53,2.6968992699689007,2.800875705632867,1.2213919611355843,0.9833540221115505,0.01664597788844946,1.0528440628313682,1.168699547019777,0.9008680336329007,0.8812725826877591,0.8738962905834311,0.008405271588006885,0.7674761021623692,1.464139073474095,2.214795899876842,1.0916143094342083e-9
75,74,0,local_loglinear,23,22,52,2.693718441098499,2.7983574083768636,1.2217449947813481,0.9793878966478711,0.02061210335212893,1.053107002323367,1.1749490764298236,0.8963001235111538,0.8783328395931076,0.8692185955348226,0.010430968170218075,0.7669056872541732,1.4848460489089577,2.2177114840168564,1.7585286649830676e-11
75,74,0,local_loglinear,24,23,51,2.6880399999986313,2.793195633744727,1.2211855756241268,0.9749512215211478,0.02504877847885223,1.0533441020252436,1.181471631790817,0.8915525973557539,0.8755045573951095,0.8644498209169111,0.012707097802785478,0.7662645633778843,1.505801999279846,2.220995362849802,3.784702236030334e-10
75,74,0,local_loglinear,25,24,50,2.6800224403420065,2.7855561828693807,1.2197671670229668,0.9700837214459317,0.02991627855406831,1.053556360968695,1.1882669401373778,0.8866327298871847,0.87277601373533,0.8595959187600257,0.015216535248876562,0.7655569140892424,1.5270295609378417,2.224628464823517,1.437695799768458e-11
75,74,0,local_loglinear,26,25,49,2.66981551954747,2.775596012916294,1.2175403287102815,0.9648228357731614,0.035177164226838586,1.0537447767315022,1.1953343822658948,0.8815481193923385,0.870136185207946,0.8546623238509572,0.0179432860582161,0.7647864296348634,1.5485521548979542,2.228594311547781,5.5459231390744344e-11
75,74,0,local_loglinear,27,26,48,2.6575602138094387,2.7634631201946025,1.2145527051834133,0.9592036983420239,0.0407963016579761,1.0539103381906127,1.2026730806164831,0.8763065833737499,0.8675747293744143,0.8496539887827699,0.020872456894185126,0.7639563475044889,1.5703939174826163,2.23287879886333,1.1508522189018284e-9
75,74,0,local_loglinear,28,27,47,2.643388821956519,2.74929658924265,1.210849064830845,0.9532591548379504,0.04674084516204957,1.0540540188585914,1.2102819853751083,0.8709160605508836,0.8650819604433143,0.8445754181181424,0.02399021708634244,0.7630694884837276,1.5925796546009194,2.237470007676717,8.898333542911657e-10
75,74,0,local_loglinear,29,28,46,2.6274251852960973,2.7332267718322183,1.2064713810267549,0.9470198029668361,0.05298019703316392,1.0541767757996028,1.2181599504800056,0.8653845296623103,0.8626488234370288,0.8394307013554316,0.027283757344619797,0.7621282879013926,1.6151348065704794,2.2423580449494844,1.4305869822729932e-11
75,74,0,local_loglinear,30,29,45,2.609784999916241,2.715375574403002,1.2014589340527975,0.9405140775246226,0.05948592247537743,1.0542795270904564,1.2263058149400632,0.8597199118247557,0.8602668552610895,0.8342235445904309,0.03074123241072718,0.7611348268585473,1.6380854649655117,2.247534889037646,8.609828067420729e-10
75,74,0,local_loglinear,31,30,44,2.590576185269966,2.6958568091172377,1.195848440844464,0.9337683309469339,0.0662316690530661,1.0543631630957584,1.2347184826735462,0.8539300074400256,0.8579281531663995,0.8289573003515109,0.034351712021488956,0.7600908571849159,1.6614583760738846,2.252994271004235,1.3133039732392e-9
75,74,0,local_loglinear,32,31,43,2.5698993008433804,2.6747766031345503,1.1896741970523783,0.9268069349416811,0.0731930650583189,1.0544285357000869,1.2433969870275312,0.8480224310506068,0.8556253380955429,0.8236349958747555,0.03810512558760884,0.7589978249328404,1.6852809728044842,2.258731566480098,2.1184539370567852e-11
75,74,0,local_loglinear,33,32,42,2.547847990572902,2.6522338446214357,1.1829682213340613,0.9196524037980283,0.08034759620197174,1.0544764436161553,1.2523405529546063,0.8420045499032698,0.8533515112139372,0.818259359623682,0.04199219887973235,0.7578568936026544,1.7095814447016902,2.264743691219491,8.29130028894917e-11
75,74,0,local_loglinear,34,33,41,2.524509433811739,2.628320637403762,1.1757604111633657,0.9123254992408295,0.08767450075917049,1.054507647380014,1.2615486678890473,0.8358834456577282,0.8511002208391152,0.8128328458139011,0.04600440325385044,0.7566689617121657,1.7343887862040472,2.2710290283092593,8.879585178518245e-10
75,74,0,local_loglinear,35,34,40,2.4999648048195438,2.6031227712511176,1.1680786929350313,0.9048453563868122,0.09515464361318782,1.0545228521268863,1.2710211256397121,0.8296658732530028,0.8488654211946475,0.8073576573450556,0.05013389542791896,0.755434681197955,1.759732889043627,2.2775873528257313,1.2733018067736549e-11
75,74,0,local_loglinear,36,35,39,2.474289722287076,2.5767201834805475,1.1599491737520988,0.897229597096102,0.10277040290389805,1.0545227157384414,1.2807580817569115,0.8233582366248853,0.8466414375021888,0.801835766862794,0.05437346525122541,0.7541544720128835,1.7856446280992395,2.284419778201742,5.445828100452155e-11
75,74,0,local_loglinear,37,36,38,2.4475546893466227,2.549187414848004,1.1513962839932437,0.8894944518123693,0.1105055481876307,1.0545078387583622,1.2907600929010905,0.8169665645521068,0.8444229273026719,0.7962689362119804,0.058716479442295494,0.7528285369703649,1.8121559781203904,2.2915287028376965,1.2529058898612058e-9
75,74,0,local_loglinear,38,37,37,2.419825513422004,2.520594045071436,1.1424429184083014,0.8816548671390225,0.11834513286097748,1.0544787731183896,1.3010281629241702,0.8104965005126098,0.8422048480073296,0.7906587341774294,0.06315683333243174,0.7514568730132896,1.8393001245226217,2.2989177773063187,1.8345007139152465e-11
75,74,0,local_loglinear,39,38,36,2.391163708739622,2.4910051133991824,1.1331105656121394,0.8737246195111537,0.12627538048884634,1.0544360129486743,1.3115637694505966,0.8039532941584449,0.8399824209929634,0.7850065527717136,0.06768889900159075,0.750039282951677,1.867111605539185,2.306591870663472,8.011796865418734e-11
75,74,0,local_loglinear,40,39,35,2.3616268734675137,2.4604815123771218,1.1234194348170548,0.8657164119483516,0.13428358805164842,1.0543800051807641,1.322368922091545,0.7973417913611338,0.8377511026749717,0.7793136219833021,0.07230748238560589,0.7485753836969602,1.895626445704042,2.314557057329929,2.9879495082163807e-10
75,74,0,local_loglinear,41,40,34,2.331269046632857,2.4290803626353545,1.1133885710952243,0.8576419737933955,0.14235802620660454,1.054311142618872,1.3334461589872366,0.7906664513696077,0.8355065531870446,0.7735810232700879,0.07700777801413353,0.7470646148553557,1.9248823176668426,2.3228206039811687,7.692975964530758e-10
75,74,0,local_loglinear,42,41,33,2.3001410396833863,2.3968553613466446,1.1030359648137917,0.8495121510335847,0.15048784896641532,1.0542297685472155,1.3447985976888384,0.7839313413614556,0.8332446082725442,0.7678097017502061,0.08178532818221362,0.7455062451074794,1.954918711197913,2.331390970565085,9.4879295098094e-10
75,74,0,local_loglinear,43,42,32,2.268290744832541,2.3638571065499434,1.092378653024026,0.8413369872002933,0.15866301279970674,1.0541361800414322,1.3564299563055315,0.7771401502459825,0.8309612544613133,0.7620004772408553,0.08663598658469915,0.7438993775241354,1.9857771086723497,2.3402778195814298,8.606440529680023e-10
75,74,0,local_loglinear,44,43,31,2.2357634221793936,2.330133401062325,1.0814328100380377,0.8331258105381537,0.1668741894618463,1.0540306194764717,1.3683445741913671,0.7702961953858432,0.8286525999077965,0.7561540542943066,0.09155587714517058,0.742242955179868,2.017501201063455,2.349492026371494,1.2537669970550832e-11
75,74,0,local_loglinear,45,44,30,2.202601960464334,2.295729526493829,1.0702138370399328,0.8248872953330233,0.1751127046669767,1.0539132931062558,1.3805474572294847,0.7634024369008465,0.8263148563635498,0.7502710311192189,0.09654136685193185,0.7405357628261386,2.050137078329101,2.359045714291111,7.244689085879575e-10
75,74,0,local_loglinear,46,45,29,2.1688471223700536,2.260688503701465,1.0587364384315603,0.8166295380296211,0.18337046197037887,1.0537843548938552,1.3930442745690619,0.7564614952527933,0.8239443128140294,0.7443519078026333,0.10158902872446543,0.7387764307073825,2.0837334797123988,2.368952281555756,8.502484153513635e-10
75,74,0,local_loglinear,47,46,28,2.13453776563944,2.225051325802776,1.0470146969402807,0.8083601106694358,0.1916398893305642,1.053643923150116,1.4058414050212344,0.7494756658801078,0.8215373188751305,0.7383970935820054,0.10669561709083022,0.7369634348738483,2.118342025766712,2.3792264516230537,1.198459416426131e-11
75,74,0,local_loglinear,48,47,27,2.0997110496343647,2.1888571778384134,1.035062137916546,0.800086125529751,0.199913874470249,1.0534920678453217,1.4189459482199716,0.7424469333499971,0.8190902615626238,0.7324069135298579,0.11185803494812682,0.7350950989733315,2.1540175073491046,2.389884319828633,1.2955743843543341e-9
75,74,0,local_loglinear,49,48,26,2.0644026210804274,2.152143632981196,1.0228917914760622,0.7918142819792735,0.2081857180207265,1.0533288234317257,1.4323657730819215,0.7353769848642443,0.8165995496378333,0.7263816144606079,0.11707331089890816,0.7331695933655918,2.1908181686526613,2.40094342026117,7.099960770851222e-10
75,74,0,local_loglinear,50,49,25,2.0286467861836797,2.1149468346625184,1.0105162499495928,0.7835509119071964,0.2164490880928036,1.0531541882478368,1.4461095206873573,0.7282672392249081,0.8140615977644334,0.7203213703433426,0.12233857594308276,0.7311849336375564,2.2288060207443525,2.412422802038427,1.005685536997215e-11
75,74,0,local_loglinear,51,50,24,1.9924766693939333,2.0773016652747964,0.9979477177728019,0.7753020267263656,0.2246979732736344,1.052968120087526,1.4601866426730687,0.7211188551621907,0.8114728089035848,0.7142262872405607,0.12765103815223705,0.7291389796287034,2.2680471971945284,2.424343109275608,1.157639037943826e-9
75,74,0,local_loglinear,52,51,23,1.9559243572146114,2.039241898312817,0.9851980597454812,0.7670733547970118,0.23292664520298823,1.0527705434046926,1.4746074286816182,0.7139327545270326,0.8088295606217459,0.7080964077441654,0.1330079622256814,0.7270294324799026,2.308612326762686,2.436726679933527,8.98579684471297e-10
75,74,0,local_loglinear,53,52,22,1.919021031253956,2.000800339988715,0.972278841844426,0.758870382940602,0.24112961705939795,1.052561342750525,1.4893830491188589,0.7067096294490768,0.806128188495419,0.7019317150635391,0.138406645353626,0.7248538325925169,2.3505769608378206,2.4495976478063533,1.1544660172762278e-11
75,74,0,local_loglinear,54,53,21,1.8817970878583652,1.9620089548036992,0.9592013750832428,0.7506983793299911,0.24930162067000894,1.0523403795827224,1.5045255722160586,0.6994499787947773,0.8033649783988464,0.6957321366999591,0.1438444040453563,0.7226095540117797,2.39402199711308,2.4629820751361744,5.889146990017199e-11
75,74,0,local_loglinear,55,54,20,1.8442822525934621,1.9228989877478515,0.9459767494158291,0.7425624324788247,0.2574375675211753,1.052107474569178,1.5200479985287392,0.6921541132829472,0.8005361499890878,0.6894975480137127,0.1493185496321657,0.7202938016851824,2.4390341966663764,2.476908079182534,9.641366498940573e-10
75,74,0,local_loglinear,56,55,19,1.8065056821076766,1.8835010718366882,0.9326158684200544,0.7344674764850075,0.26553252351499246,1.0518624196095885,1.5359643030901102,0.6848221781544093,0.7976378466646468,0.6832277754286695,0.15482637165531718,0.7179036061162605,2.4857067195933067,2.491405986367591,1.2939124057134972e-11
75,74,0,local_loglinear,57,56,18,1.7684960591267345,1.8438453282111233,0.9191294816116591,0.7264183124620124,0.2735816875379876,1.051604979995669,1.5522894634421545,0.6774541764032638,0.794666127243692,0.6769225995035639,0.1603651229871351,0.7154358176464074,2.5341397071575753,2.5065085026169176,6.73457809152848e-11
75,74,0,local_loglinear,58,57,17,1.730281681762983,1.8039614611309382,0.9055282125926739,0.7184196377876143,0.2815803622123857,1.0513348862955918,1.5690395080387374,0.6700499770141134,0.7916169532316757,0.6705817579423077,0.1659319988401215,0.712887101350555,2.5844409529737056,2.5222508955729817,1.4356389426322108e-10
75,74,0,local_loglinear,59,58,16,1.6918905440832361,1.7638788426873084,0.891822586869034,0.7104760633827495,0.2895239366172505,1.0510518444808028,1.5862315343126374,0.6626093491050509,0.7884861821838373,0.6642049484292079,0.1715241229447669,0.7102539304194613,2.6367266100074644,2.5386712036348476,1.1697204062229845e-9
75,74,0,local_loglinear,60,59,15,1.6533504123181066,1.7236265934406358,0.8780230568136173,0.7025921353521103,0.2974078646478897,1.050755531247829,1.603883758234824,0.6551319731576135,0.7852695587421916,0.6577918314958571,0.1771385300079604,0.7075325799333395,2.6911219893246368,2.5558104625430422,1.0866432731128556e-9
75,74,0,local_loglinear,61,60,14,1.6146888949348053,1.6832336559223784,0.8641400261656192,0.6947723484831855,0.3052276515168145,1.0504456012166021,1.6220155443787587,0.6476174688072603,0.7819627101416633,0.6513420333665356,0.18277215305514008,0.7047191197285765,2.7477624182536466,2.573712960118042,1.2498063205366123e-11
75,74,0,local_loglinear,62,61,13,1.5759335092222346,1.6427288649595742,0.8501838729549585,0.6870211647976571,0.31297883520234293,1.0501216825495174,1.6406474560295934,0.640065407525659,0.7785611392535822,0.64485514893142,0.18842180660220853,0.7018094074164205,2.806794210363497,2.5924265155568142,7.078981809348632e-11
75,74,0,local_loglinear,63,62,12,1.537111742657184,1.6021410123068267,0.8361649698692046,0.6793430281780909,0.3206569718219091,1.0497833795104392,1.659801260021614,0.6324753479803774,0.7750602200672491,0.6383307447878612,0.19408417187138544,0.6987990816852738,2.8683757288050584,2.612002785620474,1.4951434162749164e-10
75,74,0,local_loglinear,64,63,11,1.498251109800498,1.5614989060936937,0.8220937057459388,0.6717423736149488,0.3282576263850512,1.0494302790266918,1.6794999794890078,0.6248468543274313,0.7714551967002795,0.6317683624348767,0.19975578531347238,0.6956835545684428,2.9326785459633826,2.6324976100150286,2.3575842866188105e-10
75,74,0,local_loglinear,65,64,10,1.4593792064412183,1.520831427483211,0.8079805058836715,0.6642236363246176,0.33577636367538244,1.0490619513165367,1.6997679087330988,0.6171795254673575,0.7677411832958433,0.6251675217309498,0.2054330268422117,0.6924580041340479,2.999888729462271,2.6539713910520404,3.225298172427391e-10
75,74,0,local_loglinear,66,65,9,1.4205237604119787,1.4801675834452173,0.7938358532035183,0.6567912555607454,0.34320874443925464,1.048677956789283,1.7206306234547868,0.6094730283735643,0.7639131678938573,0.6185277246432497,0.21111211167464983,0.689117366729613,3.070208247212943,2.676489518203695,3.986497338314021e-10
75,74,0,local_loglinear,67,66,8,1.3817126801961002,1.4395365568458482,0.7796703108695157,0.6494496728900949,0.3505503271099051,1.0482778540061561,1.7421150038372835,0.6017271257621676,0.7599660207642448,0.6118484593987179,0.21678908627113708,0.6856563289118088,3.1438565007377632,2.700122842634495,1.1457202233053538e-9
75,74,0,local_loglinear,68,67,7,1.342974102102489,1.3989677541773664,0.7654945497743751,0.6422033195187861,0.35779668048121394,1.0478612155593192,1.7642491798143585,0.5939417331454163,0.755894510701957,0.6051292051506192,0.2224598328728395,0.6820693178637933,3.2210719720892156,2.7249482168870762,1.1114095570363038e-11
75,74,0,local_loglinear,69,68,6,1.3043364382931772,1.3584908524663752,0.7513193844478283,0.6350565800773592,0.3649434199226408,1.0474276588939628,1.7870624960323604,0.586116971969063,0.7516933371933038,0.5983694373565436,0.22812009307312991,0.6783504893475001,3.3021139264186057,2.751049115217346,8.199051308217306e-11
75,74,0,local_loglinear,70,69,5,1.2658284303089107,1.318135850090935,0.737155826398674,0.6280137340455274,0.3719862659544726,1.0469768843457856,1.8105853785697337,0.5782532526429888,0.7473571788249699,0.5915686342534314,0.23376551096469284,0.6744937102735341,3.3872641585029273,2.7785163664563353,2.4045174776207947e-10
75,74,0,local_loglinear,71,70,4,1.2274792122251823,1.277933122786723,0.7230151666188392,0.6210788313962157,0.37892116860378433,1.0465087645967004,1.8348491081026674,0.5703514038158957,0.7428807843831035,0.584726284783949,0.23939173165958233,0.6704925313400103,3.476828533660417,2.8074490477109246,5.504358107184391e-10
75,74,0,local_loglinear,72,71,3,1.1893183967302223,1.2379134961916576,0.7089091143445564,0.6142554712915245,0.38574452870847553,1.0460234886489366,1.8598853835503248,0.5624128765677959,0.7382591275224486,0.5778418989719747,0.24499458421040088,0.6663401399875113,3.571138048585583,2.8379556329518105,1.1408455521491137e-9
75,74,0,local_loglinear,73,72,2,1.1513762029407948,1.1981083486409774,0.6948500345164329,0.6075464021503083,0.3924535978496917,1.0455218239295578,1.8857255726691098,0.5544400728732211,0.7334876767492565,0.5709150221696184,0.2505704210668815,0.6620292772884045,3.670548760490643,2.870155554728278,2.2502499902754403e-9
75,74,0,local_loglinear,74,73,1,1.1136836599032058,1.1585497693740814,0.6808513629882892,0.6009528023476965,0.39904719765230345,1.0450055898800117,1.912399272075993,0.5464369314184127,0.728562870201124,0.5639452557418376,0.2561167403058447,0.6575520874233931,3.775439361229505,2.90418147714854,4.318958807241598e-9
75,74,0,local_loglinear,75,74,0,1.0762729449728692,1.1192708163840348,0.6669283367546006,0.5944729956494228,0.4055270043505772,1.0444785058796868,1.939931791616982,0.538409912344953,0.723482951686702,0.5569322886890622,0.2616333138813829,0.652899844362179,3.886204110207801,2.940182815186895,1.5226828260948604e-7
80,79,0,local_loglinear,1,0,79,1.8905489305118306,1.9413556198342408,0.9038178660077935,0.8825268256025048,0.11747317439749516,,,,0.9932766422755183,0.9337836851161863,0.061764406780686135,0.7466805409386618,1.0667190368697315,2.3249284524801364,9.444954717907831e-12
80,79,0,local_loglinear,2,1,78,1.9730369965815278,2.0276623268270644,0.9344461533419904,0.8969721907464306,0.10302780925356936,1.0410485222195913,1.0940509703533396,0.9515539498889797,0.9850947192320787,0.9334988401525799,0.053798077696574825,0.750253589602985,1.083364371299011,2.3054292629678668,1.0337757456800832e-9
80,79,0,local_loglinear,3,2,77,2.051702867258132,2.110129678780688,0.9637229365529928,0.9105977686669502,0.08940223133304981,1.0419289427183027,1.096424269484925,0.9502972268278748,0.9771604547428103,0.9328681467363176,0.04638700160438913,0.7534054885661245,1.10050617573145,2.2884313376320096,1.1128440389470764e-11
80,79,0,local_loglinear,4,3,76,2.126174026037522,2.188356539664401,0.9915254772824805,0.9233037039377787,0.07669629606222128,1.0427915173281632,1.0987247394364401,0.9490925978994827,0.9695114709625504,0.9319032261304545,0.03956333177575462,0.7561709199883961,1.1180545029724822,2.2736719496259354,8.270892818756261e-10
80,79,0,local_loglinear,5,4,75,2.196164190831236,2.262029823537337,1.01775798962433,0.9350165022328139,0.06498349776718615,1.0436295525569184,1.101031987877902,0.9478648795375877,0.9621723309417423,0.9306175157916621,0.03334521154070946,0.7585831856939277,1.1359354436448321,2.260913731007415,9.838129220639274e-12
80,79,0,local_loglinear,6,5,74,2.2614673298440646,2.3309189243458075,1.042350532179529,0.9456855065393132,0.05431449346068684,1.0444387180030943,1.103404488672037,0.9465601497235987,0.9551573234048734,0.9290256677546951,0.027739695585295827,0.7606735474154225,1.1540886322725397,2.2499446748777023,5.682049252982957e-11
80,79,0,local_loglinear,7,6,73,2.3219506375199512,2.3948690328421343,1.065257221198012,0.9552798427877041,0.04472015721229594,1.045216242404463,1.1058860590689237,0.9451391794236558,0.9484726569064315,0.9271430686002351,0.022745072521321373,0.7624709205032096,1.1724653386413668,2.240576762030441,9.714246345858652e-10
80,79,0,local_loglinear,8,7,72,2.377546816451963,2.453793661750894,1.086453993967009,0.9637856695346951,0.03621433046530487,1.0459604020390112,1.108510140541346,0.9435731472228226,0.9421182211139875,0.9249854571377998,0.018352751447243874,0.7640017838919609,1.191026930560612,2.23264395842543,8.75092022904396e-10
80,79,0,local_loglinear,9,8,71,2.4282460088881583,2.5076667127550936,1.1059361183680212,0.9712036428486633,0.02879635715133666,1.0466702017052871,1.1113027184861686,0.9418407642618524,0.9360890223261428,0.9225686220287679,0.014548821106629806,0.765290216978601,1.2097435708927469,2.2260000125540698,1.0425094033209275e-9
80,79,0,local_loglinear,10,9,70,2.474087695558794,2.556514410843932,1.123715586654697,0.9775466034982793,0.022453396501720735,1.0473451424061284,1.1142843329866217,0.9399262929587497,0.9303763440861988,0.9199081656784494,0.011315330204461904,0.7663580147864385,1.2285931173481655,2.220516244639231,1.153708957415837e-9
80,79,0,local_loglinear,11,10,69,2.5151528040837325,2.60040735307698,1.139818529137699,0.9828374315247396,0.01716256847526043,1.047985096723926,1.1174714915735724,0.9378181945815917,0.924968704906955,0.9170193225977741,0.008631360837412103,0.7672248379385846,1.2475601331158161,2.2160794876305974,8.852511845630487e-10
80,79,0,local_loglinear,12,11,68,2.551556240180098,2.639452908712126,1.154282712599362,0.9871071345446434,0.012892865455356617,1.04859018237508,1.1208776448498512,0.9355081593366469,0.9198526198544367,0.9139168232745203,0.0064738970687695935,0.7679083861088616,1.266635055301397,2.2125901779511854,1.3056622056201702e-11
80,79,0,local_loglinear,13,12,67,2.583439958556241,2.673788095082877,1.1671552087048116,0.9903930981987488,0.009606901801251233,1.049160718517307,1.1245138956905572,0.9329904437268193,0.9150132302039949,0.9106147947986885,0.0048185543336046605,0.7684245694753853,1.2858134266369892,2.209960674227945,1.1765141587004923e-9
80,79,0,local_loglinear,14,13,66,2.6109666818317336,2.703573062552152,1.1784902548905807,0.992737557419822,0.007262442580178052,1.0496971596161595,1.12838947053172,0.9302613920364934,0.9104347983211097,0.9071266921172203,0.0036401627941708703,0.7687876791041943,1.3050952441989985,2.208113755065021,8.064491128042302e-10
80,79,0,local_loglinear,15,14,65,2.63431429929749,2.728985231218461,1.188347340358036,0.9941862465676244,0.005813753432375557,1.0502000692265459,1.1325120693030566,0.927319096804712,0.9061011056935916,0.9034652536916319,0.002913243664696294,0.7690105458591946,1.324484376346682,2.206981313012173,1.10692303785187e-9
80,79,0,local_loglinear,16,15,64,2.6536709630717255,2.75021411182953,1.1967895261644688,0.9947872281214634,0.005212771878536637,1.0506700981358308,1.136888109745114,0.9241631512633086,0.901995768074523,0.8996424769344458,0.0026123917883630887,0.7691046863092016,1.3439880478893949,2.2065032233994164,1.1629629748738409e-9
80,79,0,local_loglinear,17,16,63,2.669230869007755,2.7674568087553912,1.2038820014558589,0.9945898806264097,0.005410119373590261,1.0511079747877736,1.1415228934052801,0.9207944762738928,0.8981024863760944,0.8956696094259391,0.0027125836639226575,0.7690804337544915,1.3636163756207593,2.20662637445595,8.319246669863628e-10
80,79,0,local_loglinear,18,17,62,2.6811906969801083,2.7809141939672437,1.2096908544840699,0.9936440692427703,0.006355930757229733,1.0515144749064256,1.1464207318806254,0.9172151599016248,0.8944052296156885,0.891557152733844,0.0031894056944137966,0.7689470594306317,1.3833819911119194,2.207303814776537,1.2998524844080807e-11
80,79,0,local_loglinear,19,18,61,2.689746649889783,2.7907876893702475,1.2142820652933999,0.9919994224468499,0.00800057755315009,1.0518904382166516,1.1515850552433529,0.913428351147164,0.8908883882157599,0.8873148755851537,0.004019245171790892,0.7687128753613713,1.403299670440496,2.208494047080147,1.0940413667686774e-9
80,79,0,local_loglinear,20,19,60,2.695092059551142,2.79727663977532,1.2177206836767889,0.9897047643724584,0.010295235627541643,1.052236742284255,1.157018480581126,0.9094381463602523,0.8875368780720779,0.8829518347471803,0.005179421412533622,0.7683853290267232,1.4233860403525087,2.2101604053952597,1.0815002906779151e-9
80,79,0,local_loglinear,21,20,59,2.697415487930644,2.800576202937952,1.220070181859999,0.9868076535137529,0.01319234648624712,1.0525543017651744,1.1627229005881063,0.9052494805364127,0.8843362179680363,0.8784764012540758,0.0066482826745634105,0.7679710859381212,1.4436593157782858,2.2122705267141205,1.0924306831598558e-9
80,79,0,local_loglinear,22,21,58,2.6968992699689007,2.800875705632867,1.2213919611355843,0.9833540221115505,0.01664597788844946,1.0528440628313682,1.168699547019777,0.9008680336329007,0.8812725826877591,0.8738962905834311,0.008405271588006885,0.7674761021623692,1.464139073474095,2.214795899876842,1.0916143094342083e-9
80,79,0,local_loglinear,23,22,57,2.693718441098499,2.7983574083768636,1.2217449947813481,0.9793878966478711,0.02061210335212893,1.053107002323367,1.1749490764298236,0.8963001235111538,0.8783328395931076,0.8692185955348226,0.010430968170218075,0.7669056872541732,1.4848460489089577,2.2177114840168564,1.7585286649830676e-11
80,79,0,local_loglinear,24,23,56,2.6880399999986313,2.793195633744727,1.2211855756241268,0.9749512215211478,0.02504877847885223,1.0533441020252436,1.181471631790817,0.8915525973557539,0.8755045573951095,0.8644498209169111,0.012707097802785478,0.7662645633778843,1.505801999279846,2.220995362849802,3.784702236030334e-10
80,79,0,local_loglinear,25,24,55,2.6800224403420065,2.7855561828693807,1.2197671670229668,0.9700837214459317,0.02991627855406831,1.053556360968695,1.1882669401373778,0.8866327298871847,0.87277601373533,0.8595959187600257,0.015216535248876562,0.7655569140892424,1.5270295609378417,2.224628464823517,1.437695799768458e-11
80,79,0,local_loglinear,26,25,54,2.66981551954747,2.775596012916294,1.2175403287102815,0.9648228357731614,0.035177164226838586,1.0537447767315022,1.1953343822658948,0.8815481193923385,0.870136185207946,0.8546623238509572,0.0179432860582161,0.7647864296348634,1.5485521548979542,2.228594311547781,5.5459231390744344e-11
80,79,0,local_loglinear,27,26,53,2.6575602138094387,2.7634631201946025,1.2145527051834133,0.9592036983420239,0.0407963016579761,1.0539103381906127,1.2026730806164831,0.8763065833737499,0.8675747293744143,0.8496539887827699,0.020872456894185126,0.7639563475044889,1.5703939174826163,2.23287879886333,1.1508522189018284e-9
80,79,0,local_loglinear,28,27,52,2.643388821956519,2.74929658924265,1.210849064830845,0.9532591548379504,0.04674084516204957,1.0540540188585914,1.2102819853751083,0.8709160605508836,0.8650819604433143,0.8445754181181424,0.02399021708634244,0.7630694884837276,1.5925796546009194,2.237470007676717,8.898333542911657e-10
80,79,0,local_loglinear,29,28,51,2.6274251852960973,2.7332267718322183,1.2064713810267549,0.9470198029668361,0.05298019703316392,1.0541767757996028,1.2181599504800056,0.8653845296623103,0.8626488234370288,0.8394307013554316,0.027283757344619797,0.7621282879013926,1.6151348065704794,2.2423580449494844,1.4305869822729932e-11
80,79,0,local_loglinear,30,29,50,2.609784999916241,2.715375574403002,1.2014589340527975,0.9405140775246226,0.05948592247537743,1.0542795270904564,1.2263058149400632,0.8597199118247557,0.8602668552610895,0.8342235445904309,0.03074123241072718,0.7611348268585473,1.6380854649655117,2.247534889037646,8.609828067420729e-10
80,79,0,local_loglinear,31,30,49,2.590576185269966,2.6958568091172377,1.195848440844464,0.9337683309469339,0.0662316690530661,1.0543631630957584,1.2347184826735462,0.8539300074400256,0.8579281531663995,0.8289573003515109,0.034351712021488956,0.7600908571849159,1.6614583760738846,2.252994271004235,1.3133039732392e-9
80,79,0,local_loglinear,32,31,48,2.5698993008433804,2.6747766031345503,1.1896741970523783,0.9268069349416811,0.0731930650583189,1.0544285357000869,1.2433969870275312,0.8480224310506068,0.8556253380955429,0.8236349958747555,0.03810512558760884,0.7589978249328404,1.6852809728044842,2.258731566480098,2.1184539370567852e-11
80,79,0,local_loglinear,33,32,47,2.547847990572902,2.6522338446214357,1.1829682213340613,0.9196524037980283,0.08034759620197174,1.0544764436161553,1.2523405529546063,0.8420045499032698,0.8533515112139372,0.818259359623682,0.04199219887973235,0.7578568936026544,1.7095814447016902,2.264743691219491,8.29130028894917e-11
80,79,0,local_loglinear,34,33,46,2.524509433811739,2.628320637403762,1.1757604111633657,0.9123254992408295,0.08767450075917049,1.054507647380014,1.2615486678890473,0.8358834456577282,0.8511002208391152,0.8128328458139011,0.04600440325385044,0.7566689617121657,1.7343887862040472,2.2710290283092593,8.879585178518245e-10
80,79,0,local_loglinear,35,34,45,2.4999648048195438,2.6031227712511176,1.1680786929350313,0.9048453563868122,0.09515464361318782,1.0545228521268863,1.2710211256397121,0.8296658732530028,0.8488654211946475,0.8073576573450556,0.05013389542791896,0.755434681197955,1.759732889043627,2.2775873528257313,1.2733018067736549e-11
80,79,0,local_loglinear,36,35,44,2.474289722287076,2.5767201834805475,1.1599491737520988,0.897229597096102,0.10277040290389805,1.0545227157384414,1.2807580817569115,0.8233582366248853,0.8466414375021888,0.801835766862794,0.05437346525122541,0.7541544720128835,1.7856446280992395,2.284419778201742,5.445828100452155e-11
80,79,0,local_loglinear,37,36,43,2.4475546893466227,2.549187414848004,1.1513962839932437,0.8894944518123693,0.1105055481876307,1.0545078387583622,1.2907600929010905,0.8169665645521068,0.8444229273026719,0.7962689362119804,0.058716479442295494,0.7528285369703649,1.8121559781203904,2.2915287028376965,1.2529058898612058e-9
80,79,0,local_loglinear,38,37,42,2.419825513422004,2.520594045071436,1.1424429184083014,0.8816548671390225,0.11834513286097748,1.0544787731183896,1.3010281629241702,0.8104965005126098,0.8422048480073296,0.7906587341774294,0.06315683333243174,0.7514568730132896,1.8393001245226217,2.2989177773063187,1.8345007139152465e-11
80,79,0,local_loglinear,39,38,41,2.391163708739622,2.4910051133991824,1.1331105656121394,0.8737246195111537,0.12627538048884634,1.0544360129486743,1.3115637694505966,0.8039532941584449,0.8399824209929634,0.7850065527717136,0.06768889900159075,0.750039282951677,1.867111605539185,2.306591870663472,8.011796865418734e-11
80,79,0,local_loglinear,40,39,40,2.3616268734675137,2.4604815123771218,1.1234194348170548,0.8657164119483516,0.13428358805164842,1.0543800051807641,1.322368922091545,0.7973417913611338,0.8377511026749717,0.7793136219833021,0.07230748238560589,0.7485753836969602,1.895626445704042,2.314557057329929,2.9879495082163807e-10
80,79,0,local_loglinear,41,40,39,2.331269046632857,2.4290803626353545,1.1133885710952243,0.8576419737933955,0.14235802620660454,1.054311142618872,1.3334461589872366,0.7906664513696077,0.8355065531870446,0.7735810232700879,0.07700777801413353,0.7470646148553557,1.9248823176668426,2.3228206039811687,7.692975964530758e-10
80,79,0,local_loglinear,42,41,38,2.3001410396833863,2.3968553613466446,1.1030359648137917,0.8495121510335847,0.15048784896641532,1.0542297685472155,1.3447985976888384,0.7839313413614556,0.8332446082725442,0.7678097017502061,0.08178532818221362,0.7455062451074794,1.954918711197913,2.331390970565085,9.4879295098094e-10
80,79,0,local_loglinear,43,42,37,2.268290744832541,2.3638571065499434,1.092378653024026,0.8413369872002933,0.15866301279970674,1.0541361800414322,1.3564299563055315,0.7771401502459825,0.8309612544613133,0.7620004772408553,0.08663598658469915,0.7438993775241354,1.9857771086723497,2.3402778195814298,8.606440529680023e-10
80,79,0,local_loglinear,44,43,36,2.2357634221793936,2.330133401062325,1.0814328100380377,0.8331258105381537,0.1668741894618463,1.0540306194764717,1.3683445741913671,0.7702961953858432,0.8286525999077965,0.7561540542943066,0.09155587714517058,0.742242955179868,2.017501201063455,2.349492026371494,1.2537669970550832e-11
80,79,0,local_loglinear,45,44,35,2.202601960464334,2.295729526493829,1.0702138370399328,0.8248872953330233,0.1751127046669767,1.0539132931062558,1.3805474572294847,0.7634024369008465,0.8263148563635498,0.7502710311192189,0.09654136685193185,0.7405357628261386,2.050137078329101,2.359045714291111,7.244689085879575e-10
80,79,0,local_loglinear,46,45,34,2.1688471223700536,2.260688503701465,1.0587364384315603,0.8166295380296211,0.18337046197037887,1.0537843548938552,1.3930442745690619,0.7564614952527933,0.8239443128140294,0.7443519078026333,0.10158902872446543,0.7387764307073825,2.0837334797123988,2.368952281555756,8.502484153513635e-10
80,79,0,local_loglinear,47,46,33,2.13453776563944,2.225051325802776,1.0470146969402807,0.8083601106694358,0.1916398893305642,1.053643923150116,1.4058414050212344,0.7494756658801078,0.8215373188751305,0.7383970935820054,0.10669561709083022,0.7369634348738483,2.118342025766712,2.3792264516230537,1.198459416426131e-11
80,79,0,local_loglinear,48,47,32,2.0997110496343647,2.1888571778384134,1.035062137916546,0.800086125529751,0.199913874470249,1.0534920678453217,1.4189459482199716,0.7424469333499971,0.8190902615626238,0.7324069135298579,0.11185803494812682,0.7350950989733315,2.1540175073491046,2.389884319828633,1.2955743843543341e-9
80,79,0,local_loglinear,49,48,31,2.0644026210804274,2.152143632981196,1.0228917914760622,0.7918142819792735,0.2081857180207265,1.0533288234317257,1.4323657730819215,0.7353769848642443,0.8165995496378333,0.7263816144606079,0.11707331089890816,0.7331695933655918,2.1908181686526613,2.40094342026117,7.099960770851222e-10
80,79,0,local_loglinear,50,49,30,2.0286467861836797,2.1149468346625184,1.0105162499495928,0.7835509119071964,0.2164490880928036,1.0531541882478368,1.4461095206873573,0.7282672392249081,0.8140615977644334,0.7203213703433426,0.12233857594308276,0.7311849336375564,2.2288060207443525,2.412422802038427,1.005685536997215e-11
80,79,0,local_loglinear,51,50,29,1.9924766693939333,2.0773016652747964,0.9979477177728019,0.7753020267263656,0.2246979732736344,1.052968120087526,1.4601866426730687,0.7211188551621907,0.8114728089035848,0.7142262872405607,0.12765103815223705,0.7291389796287034,2.2680471971945284,2.424343109275608,1.157639037943826e-9
80,79,0,local_loglinear,52,51,28,1.9559243572146114,2.039241898312817,0.9851980597454812,0.7670733547970118,0.23292664520298823,1.0527705434046926,1.4746074286816182,0.7139327545270326,0.8088295606217459,0.7080964077441654,0.1330079622256814,0.7270294324799026,2.308612326762686,2.436726679933527,8.98579684471297e-10
80,79,0,local_loglinear,53,52,27,1.919021031253956,2.000800339988715,0.972278841844426,0.758870382940602,0.24112961705939795,1.052561342750525,1.4893830491188589,0.7067096294490768,0.806128188495419,0.7019317150635391,0.138406645353626,0.7248538325925169,2.3505769608378206,2.4495976478063533,1.1544660172762278e-11
80,79,0,local_loglinear,54,53,26,1.8817970878583652,1.9620089548036992,0.9592013750832428,0.7506983793299911,0.24930162067000894,1.0523403795827224,1.5045255722160586,0.6994499787947773,0.8033649783988464,0.6957321366999591,0.1438444040453563,0.7226095540117797,2.39402199711308,2.4629820751361744,1.0712016996350753e-9
80,79,0,local_loglinear,55,54,25,1.8442822526164673,1.9228989879224343,0.945976748912163,0.7425624338820856,0.25743756611791435,1.0521074731922675,1.5200479985287392,0.6921541123771136,0.8005361492421768,0.6894975480137127,0.14931854869915212,0.7202938018867038,2.439034200941169,2.4769080779655304,1.4098428711787166e-11
80,79,0,local_loglinear,56,55,24,1.8065056816125078,1.8835010714675593,0.9326158675620458,0.7344674777700094,0.2655325222299906,1.051862419579872,1.5359643050712004,0.684822177251777,0.7976378459494505,0.6832277754057423,0.15482637079223158,0.7179036063545275,2.4857067238947375,2.4914059849160277,1.2322611814076328e-9
80,79,0,local_loglinear,57,56,23,1.768496058120324,1.8438453272659658,0.9191294807835922,0.7264183134173616,0.2735816865826384,1.051604980371001,1.5522894657908894,0.6774541756200153,0.7946661266764725,0.6769225994590784,0.16036512233906897,0.7154358177685023,2.534139710782062,2.50650850186632,9.244502044105065e-10
80,79,0,local_loglinear,58,57,22,1.7302816804416474,1.8039614600740685,0.9055282107671329,0.7184196407952697,0.28158035920473035,1.0513348840970604,1.569039509949158,0.6700499747970827,0.791616951525968,0.6705817578811148,0.1659319967766614,0.7128871018100704,2.584440963775155,2.5222508927213845,1.0877275732882195e-11
80,79,0,local_loglinear,59,58,21,1.691890541715846,1.7638788408137192,0.8918225834221652,0.7104760689988007,0.28952393100119933,1.051051841555312,1.5862315397546622,0.6626093449874759,0.7884861789805268,0.6642049483176353,0.17152411905013767,0.7102539313216484,2.6367266307879835,2.5386711979814196,6.002290220532908e-11
80,79,0,local_loglinear,60,59,20,1.6533504080090868,1.723626589893246,0.8780230507659597,0.7025921442032083,0.29740785579679174,1.0507555273216058,1.6038837687735377,0.65513196640496,0.7852695536252156,0.6577918312905726,0.1771385238038383,0.7075325814953723,2.691122023520927,2.5558104526554923,9.110948274032605e-10
80,79,0,local_loglinear,61,60,19,1.614688887584008,1.6832336499403213,0.8641400156001383,0.6947723646094374,0.30522763539056263,1.050445592887336,1.6220155623441772,0.6476174564991263,0.7819627007819953,0.6513420330132991,0.1827721416280054,0.7047191225198454,2.7477624823301885,2.573712942263551,1.3023908522669718e-9
80,79,0,local_loglinear,62,61,18,1.5759334964954659,1.6427288548783632,0.8501838532948254,0.6870211958869883,0.3129788041130117,1.0501216651284033,1.640647489004748,0.6400653840426317,0.7785611211632111,0.6448551483101197,0.18842178433003487,0.7018094128729155,2.8067943371998956,2.592426480272713,1.4578780624847052e-11
80,79,0,local_loglinear,63,62,17,1.537111719713776,1.6021409941274685,0.8361649340213472,0.6793430850211202,0.3206569149788798,1.0497833489688495,1.6598013245199381,0.6324753050022278,0.7750601867812001,0.6383307436532533,0.19408413070244201,0.6987990917849503,2.8683759685601427,2.612002719570367,8.347109044269708e-11
80,79,0,local_loglinear,64,63,16,1.498251068529502,1.5614988733853319,0.8220936405348935,0.6717424773853466,0.32825752261465335,1.0494302226555838,1.6795001006435752,0.624846775688461,0.7714551355555842,0.6317683603656745,0.19975570932981723,0.6956835732179059,2.9326789987002257,2.6324974866125417,1.1019653993134586e-9
80,79,0,local_loglinear,65,64,15,1.4593791323815126,1.5208313689048139,0.8079803871132721,0.6642238268067768,0.33577617319322317,1.0490618459989778,1.6997681359100705,0.6171793810202831,0.767741070405486,0.6251675179632561,0.2054328858266894,0.6924580386804624,2.999889589126305,2.653971159657596,1.2870204208170447e-9
80,79,0,local_loglinear,66,65,14,1.4205236274291608,1.4801674783270606,0.793835637030536,0.656791603702961,0.34320839629703903,1.0486777625354051,1.7206310510437017,0.6094727640183509,0.7639129603490673,0.6185277177734787,0.21111185109490027,0.6891174306361779,3.070209873998344,2.676489084693452,1.314941201807696e-11
80,79,0,local_loglinear,67,66,13,1.3817124417882813,1.4395363682688778,0.7796699191356673,0.6494503057240457,0.3505496942759543,1.0482774985053518,1.742115806670201,0.6017266444008568,0.759965641276153,0.6118484468889416,0.21678860736812405,0.6856564464414396,3.1438595649632437,2.700122034789237,8.345301026336415e-11
80,79,0,local_loglinear,68,67,12,1.3429736763393603,1.3989674173298878,0.7654938416457459,0.6422044669530327,0.3577955330469673,1.0478605642199414,1.764250679809594,0.5939408589787429,0.7558938187175802,0.605129182445036,0.2224589549433092,0.682069533634695,3.221077732325808,2.724946713275369,1.2846473132885925e-9
80,79,0,local_loglinear,69,68,11,1.3043356806592328,1.358490253589535,0.7513181067152724,0.6350586618146841,0.36494133818531593,1.04742646199677,1.7870652922630819,0.586115385112954,0.7516920750702952,0.5983693962736925,0.22811848268995588,0.6783508851026396,3.3021247648757805,2.7510463176576043,1.2392156363514627e-11
80,79,0,local_loglinear,70,69,10,1.2658270851732971,1.3181347878806984,0.7371535247957214,0.6280175035452749,0.37198249645472514,1.0469746939484703,1.8105905894509615,0.5782503786601211,0.7473548817485126,0.5915685600448024,0.2337625628045562,0.6744944350841602,3.3872845253447292,2.778511165909621,8.645368149051992e-11
80,79,0,local_loglinear,71,70,9,1.2274768300494021,1.2779312442607986,0.723011027005297,0.6210856485052445,0.3789143514947555,1.0465047584958673,1.8348588028779984,0.5703462069421428,0.7428766100132774,0.5847261510072417,0.2393863412638333,0.6704938573606636,3.4768667798533444,2.807439384474335,1.6569746775326644e-10
80,79,0,local_loglinear,72,71,8,1.1893141881308633,1.237910183175222,0.7089016797572014,0.6142677846355578,0.38573221536444224,1.0460161711616458,1.8599033991933818,0.5624034945122907,0.738251553228172,0.5778416582654806,0.24498474105003187,0.6663425632804133,3.571209823673205,2.837937684876896,1.3755102305781818e-9
80,79,0,local_loglinear,73,72,7,1.1513687850149448,1.1981025216096388,0.6948367008578794,0.6075686169781092,0.39243138302189084,1.045508473369049,1.8857590119452854,0.5544231615738311,0.7334739536433226,0.5709145898561683,0.2505524687326729,0.6620337011988179,3.6706833839851165,2.8701222300231626,1.1780881550339821e-11
80,79,0,local_loglinear,74,73,6,1.113670615345371,1.1585395476715468,0.680827483150781,0.6009928287713353,0.3990071712286647,1.0449812679011277,1.9124612712323912,0.5464064991118702,0.7285380467289938,0.5639444806835334,0.2560840422440128,0.6575601545109753,3.7756917033634134,2.9041196255280433,9.770423865313638e-11
80,79,0,local_loglinear,75,74,5,1.0762500593779274,1.1192529345065385,0.6668856282882197,0.5945450267469448,0.40545497325305524,1.0444342497494883,1.9400466072969567,0.5383552363232581,0.723438118832667,0.5569309016837991,0.2615738343158867,0.652914538516215,3.886676847179457,2.94006805295192,2.773089434206605e-10
80,79,0,local_loglinear,76,75,4,1.0391379007434636,1.0802747515874171,0.6530230041882632,0.5882296287775173,0.4117703712224827,1.0438672917527707,1.9685519210705558,0.530271658359453,0.718168603727399,0.549873470436196,0.2670161676064986,0.6480891898332972,4.004121968617296,2.978118616834554,6.161595996566235e-10
80,79,0,local_loglinear,77,76,3,1.0023653548263847,1.0416374817537075,0.6392518441249284,0.5820506725855511,0.4179493274144489,1.0432805706739448,1.9980140418770522,0.522158778070361,0.7127242324650614,0.5427718640221844,0.27240548313484664,0.643076141995801,4.128554291220287,3.018436990302378,1.247760323508868e-9
80,79,0,local_loglinear,78,77,2,0.9659641191472097,1.003374051213301,0.6255849219058737,0.5760114767675443,0.4239885232324557,1.0426747986961522,2.028468837162735,0.5140206147581566,0.7071002797196796,0.5356258351742986,0.27773664559454714,0.6378670724264209,4.260547150271906,3.0612055296008354,2.417387721104239e-9
80,79,0,local_loglinear,79,78,1,0.9299664677604765,0.965517888094914,0.6120358628671874,0.5701140439583242,0.4298859560416758,1.0420516307876013,2.059949747949138,0.5058626463218608,0.7012929760415355,0.5284352336320874,0.2830054895928454,0.6324531949895784,4.400719884821334,3.106626153673112,4.574392854158547e-9
80,79,0,local_loglinear,80,79,0,0.8944054269196717,0.9281030351371788,0.5986196973898597,0.5643580062192491,0.43564199378075086,1.0414143930353872,2.0924851678547682,0.4976926044847683,0.6953002112153245,0.521200035979237,0.2882097965985169,0.6268250503745907,4.549733244755357,3.1549245350194526,1.5334018399361038e-7
85,84,0,local_loglinear,1,0,84,1.8905489305118306,1.9413556198342408,0.9038178660077935,0.8825268256025048,0.11747317439749516,,,,0.9932766422755183,0.9337836851161863,0.061764406780686135,0.7466805409386618,1.0667190368697315,2.3249284524801364,9.444954717907831e-12
85,84,0,local_loglinear,2,1,83,1.9730369965815278,2.0276623268270644,0.9344461533419904,0.8969721907464306,0.10302780925356936,1.0410485222195913,1.0940509703533396,0.9515539498889797,0.9850947192320787,0.9334988401525799,0.053798077696574825,0.750253589602985,1.083364371299011,2.3054292629678668,1.0337757456800832e-9
85,84,0,local_loglinear,3,2,82,2.051702867258132,2.110129678780688,0.9637229365529928,0.9105977686669502,0.08940223133304981,1.0419289427183027,1.096424269484925,0.9502972268278748,0.9771604547428103,0.9328681467363176,0.04638700160438913,0.7534054885661245,1.10050617573145,2.2884313376320096,1.1128440389470764e-11
85,84,0,local_loglinear,4,3,81,2.126174026037522,2.188356539664401,0.9915254772824805,0.9233037039377787,0.07669629606222128,1.0427915173281632,1.0987247394364401,0.9490925978994827,0.9695114709625504,0.9319032261304545,0.03956333177575462,0.7561709199883961,1.1180545029724822,2.2736719496259354,8.270892818756261e-10
85,84,0,local_loglinear,5,4,80,2.196164190831236,2.262029823537337,1.01775798962433,0.9350165022328139,0.06498349776718615,1.0436295525569184,1.101031987877902,0.9478648795375877,0.9621723309417423,0.9306175157916621,0.03334521154070946,0.7585831856939277,1.1359354436448321,2.260913731007415,9.838129220639274e-12
85,84,0,local_loglinear,6,5,79,2.2614673298440646,2.3309189243458075,1.042350532179529,0.9456855065393132,0.05431449346068684,1.0444387180030943,1.103404488672037,0.9465601497235987,0.9551573234048734,0.9290256677546951,0.027739695585295827,0.7606735474154225,1.1540886322725397,2.2499446748777023,5.682049252982957e-11
85,84,0,local_loglinear,7,6,78,2.3219506375199512,2.3948690328421343,1.065257221198012,0.9552798427877041,0.04472015721229594,1.045216242404463,1.1058860590689237,0.9451391794236558,0.9484726569064315,0.9271430686002351,0.022745072521321373,0.7624709205032096,1.1724653386413668,2.240576762030441,9.714246345858652e-10
85,84,0,local_loglinear,8,7,77,2.377546816451963,2.453793661750894,1.086453993967009,0.9637856695346951,0.03621433046530487,1.0459604020390112,1.108510140541346,0.9435731472228226,0.9421182211139875,0.9249854571377998,0.018352751447243874,0.7640017838919609,1.191026930560612,2.23264395842543,8.75092022904396e-10
85,84,0,local_loglinear,9,8,76,2.4282460088881583,2.5076667127550936,1.1059361183680212,0.9712036428486633,0.02879635715133666,1.0466702017052871,1.1113027184861686,0.9418407642618524,0.9360890223261428,0.9225686220287679,0.014548821106629806,0.765290216978601,1.2097435708927469,2.2260000125540698,1.0425094033209275e-9
85,84,0,local_loglinear,10,9,75,2.474087695558794,2.556514410843932,1.123715586654697,0.9775466034982793,0.022453396501720735,1.0473451424061284,1.1142843329866217,0.9399262929587497,0.9303763440861988,0.9199081656784494,0.011315330204461904,0.7663580147864385,1.2285931173481655,2.220516244639231,1.153708957415837e-9
85,84,0,local_loglinear,11,10,74,2.5151528040837325,2.60040735307698,1.139818529137699,0.9828374315247396,0.01716256847526043,1.047985096723926,1.1174714915735724,0.9378181945815917,0.924968704906955,0.9170193225977741,0.008631360837412103,0.7672248379385846,1.2475601331158161,2.2160794876305974,8.852511845630487e-10
85,84,0,local_loglinear,12,11,73,2.551556240180098,2.639452908712126,1.154282712599362,0.9871071345446434,0.012892865455356617,1.04859018237508,1.1208776448498512,0.9355081593366469,0.9198526198544367,0.9139168232745203,0.0064738970687695935,0.7679083861088616,1.266635055301397,2.2125901779511854,1.3056622056201702e-11
85,84,0,local_loglinear,13,12,72,2.583439958556241,2.673788095082877,1.1671552087048116,0.9903930981987488,0.009606901801251233,1.049160718517307,1.1245138956905572,0.9329904437268193,0.9150132302039949,0.9106147947986885,0.0048185543336046605,0.7684245694753853,1.2858134266369892,2.209960674227945,1.1765141587004923e-9
85,84,0,local_loglinear,14,13,71,2.6109666818317336,2.703573062552152,1.1784902548905807,0.992737557419822,0.007262442580178052,1.0496971596161595,1.12838947053172,0.9302613920364934,0.9104347983211097,0.9071266921172203,0.0036401627941708703,0.7687876791041943,1.3050952441989985,2.208113755065021,8.064491128042302e-10
85,84,0,local_loglinear,15,14,70,2.63431429929749,2.728985231218461,1.188347340358036,0.9941862465676244,0.005813753432375557,1.0502000692265459,1.1325120693030566,0.927319096804712,0.9061011056935916,0.9034652536916319,0.002913243664696294,0.7690105458591946,1.324484376346682,2.206981313012173,1.10692303785187e-9
85,84,0,local_loglinear,16,15,69,2.6536709630717255,2.75021411182953,1.1967895261644688,0.9947872281214634,0.005212771878536637,1.0506700981358308,1.136888109745114,0.9241631512633086,0.901995768074523,0.8996424769344458,0.0026123917883630887,0.7691046863092016,1.3439880478893949,2.2065032233994164,1.1629629748738409e-9
85,84,0,local_loglinear,17,16,68,2.669230869007755,2.7674568087553912,1.2038820014558589,0.9945898806264097,0.005410119373590261,1.0511079747877736,1.1415228934052801,0.9207944762738928,0.8981024863760944,0.8956696094259391,0.0027125836639226575,0.7690804337544915,1.3636163756207593,2.20662637445595,8.319246669863628e-10
85,84,0,local_loglinear,18,17,67,2.6811906969801083,2.7809141939672437,1.2096908544840699,0.9936440692427703,0.006355930757229733,1.0515144749064256,1.1464207318806254,0.9172151599016248,0.8944052296156885,0.891557152733844,0.0031894056944137966,0.7689470594306317,1.3833819911119194,2.207303814776537,1.2998524844080807e-11
85,84,0,local_loglinear,19,18,66,2.689746649889783,2.7907876893702475,1.2142820652933999,0.9919994224468499,0.00800057755315009,1.0518904382166516,1.1515850552433529,0.913428351147164,0.8908883882157599,0.8873148755851537,0.004019245171790892,0.7687128753613713,1.403299670440496,2.208494047080147,1.0940413667686774e-9
85,84,0,local_loglinear,20,19,65,2.695092059551142,2.79727663977532,1.2177206836767889,0.9897047643724584,0.010295235627541643,1.052236742284255,1.157018480581126,0.9094381463602523,0.8875368780720779,0.8829518347471803,0.005179421412533622,0.7683853290267232,1.4233860403525087,2.2101604053952597,1.0815002906779151e-9
85,84,0,local_loglinear,21,20,64,2.697415487930644,2.800576202937952,1.220070181859999,0.9868076535137529,0.01319234648624712,1.0525543017651744,1.1627229005881063,0.9052494805364127,0.8843362179680363,0.8784764012540758,0.0066482826745634105,0.7679710859381212,1.4436593157782858,2.2122705267141205,1.0924306831598558e-9
85,84,0,local_loglinear,22,21,63,2.6968992699689007,2.800875705632867,1.2213919611355843,0.9833540221115505,0.01664597788844946,1.0528440628313682,1.168699547019777,0.9008680336329007,0.8812725826877591,0.8738962905834311,0.008405271588006885,0.7674761021623692,1.464139073474095,2.214795899876842,1.0916143094342083e-9
85,84,0,local_loglinear,23,22,62,2.693718441098499,2.7983574083768636,1.2217449947813481,0.9793878966478711,0.02061210335212893,1.053107002323367,1.1749490764298236,0.8963001235111538,0.8783328395931076,0.8692185955348226,0.010430968170218075,0.7669056872541732,1.4848460489089577,2.2177114840168564,1.7585286649830676e-11
85,84,0,local_loglinear,24,23,61,2.6880399999986313,2.793195633744727,1.2211855756241268,0.9749512215211478,0.02504877847885223,1.0533441020252436,1.181471631790817,0.8915525973557539,0.8755045573951095,0.8644498209169111,0.012707097802785478,0.7662645633778843,1.505801999279846,2.220995362849802,3.784702236030334e-10
85,84,0,local_loglinear,25,24,60,2.6800224403420065,2.7855561828693807,1.2197671670229668,0.9700837214459317,0.02991627855406831,1.053556360968695,1.1882669401373778,0.8866327298871847,0.87277601373533,0.8595959187600257,0.015216535248876562,0.7655569140892424,1.5270295609378417,2.224628464823517,1.437695799768458e-11
85,84,0,local_loglinear,26,25,59,2.66981551954747,2.775596012916294,1.2175403287102815,0.9648228357731614,0.035177164226838586,1.0537447767315022,1.1953343822658948,0.8815481193923385,0.870136185207946,0.8546623238509572,0.0179432860582161,0.7647864296348634,1.5485521548979542,2.228594311547781,5.5459231390744344e-11
85,84,0,local_loglinear,27,26,58,2.6575602138094387,2.7634631201946025,1.2145527051834133,0.9592036983420239,0.0407963016579761,1.0539103381906127,1.2026730806164831,0.8763065833737499,0.8675747293744143,0.8496539887827699,0.020872456894185126,0.7639563475044889,1.5703939174826163,2.23287879886333,1.1508522189018284e-9
85,84,0,local_loglinear,28,27,57,2.643388821956519,2.74929658924265,1.210849064830845,0.9532591548379504,0.04674084516204957,1.0540540188585914,1.2102819853751083,0.8709160605508836,0.8650819604433143,0.8445754181181424,0.02399021708634244,0.7630694884837276,1.5925796546009194,2.237470007676717,8.898333542911657e-10
85,84,0,local_loglinear,29,28,56,2.6274251852960973,2.7332267718322183,1.2064713810267549,0.9470198029668361,0.05298019703316392,1.0541767757996028,1.2181599504800056,0.8653845296623103,0.8626488234370288,0.8394307013554316,0.027283757344619797,0.7621282879013926,1.6151348065704794,2.2423580449494844,1.4305869822729932e-11
85,84,0,local_loglinear,30,29,55,2.609784999916241,2.715375574403002,1.2014589340527975,0.9405140775246226,0.05948592247537743,1.0542795270904564,1.2263058149400632,0.8597199118247557,0.8602668552610895,0.8342235445904309,0.03074123241072718,0.7611348268585473,1.6380854649655117,2.247534889037646,8.609828067420729e-10
85,84,0,local_loglinear,31,30,54,2.590576185269966,2.6958568091172377,1.195848440844464,0.9337683309469339,0.0662316690530661,1.0543631630957584,1.2347184826735462,0.8539300074400256,0.8579281531663995,0.8289573003515109,0.034351712021488956,0.7600908571849159,1.6614583760738846,2.252994271004235,1.3133039732392e-9
85,84,0,local_loglinear,32,31,53,2.5698993008433804,2.6747766031345503,1.1896741970523783,0.9268069349416811,0.0731930650583189,1.0544285357000869,1.2433969870275312,0.8480224310506068,0.8556253380955429,0.8236349958747555,0.03810512558760884,0.7589978249328404,1.6852809728044842,2.258731566480098,2.1184539370567852e-11
85,84,0,local_loglinear,33,32,52,2.547847990572902,2.6522338446214357,1.1829682213340613,0.9196524037980283,0.08034759620197174,1.0544764436161553,1.2523405529546063,0.8420045499032698,0.8533515112139372,0.818259359623682,0.04199219887973235,0.7578568936026544,1.7095814447016902,2.264743691219491,8.29130028894917e-11
85,84,0,local_loglinear,34,33,51,2.524509433811739,2.628320637403762,1.1757604111633657,0.9123254992408295,0.08767450075917049,1.054507647380014,1.2615486678890473,0.8358834456577282,0.8511002208391152,0.8128328458139011,0.04600440325385044,0.7566689617121657,1.7343887862040472,2.2710290283092593,8.879585178518245e-10
85,84,0,local_loglinear,35,34,50,2.4999648048195438,2.6031227712511176,1.1680786929350313,0.9048453563868122,0.09515464361318782,1.0545228521268863,1.2710211256397121,0.8296658732530028,0.8488654211946475,0.8073576573450556,0.05013389542791896,0.755434681197955,1.759732889043627,2.2775873528257313,1.2733018067736549e-11
85,84,0,local_loglinear,36,35,49,2.474289722287076,2.5767201834805475,1.1599491737520988,0.897229597096102,0.10277040290389805,1.0545227157384414,1.2807580817569115,0.8233582366248853,0.8466414375021888,0.801835766862794,0.05437346525122541,0.7541544720128835,1.7856446280992395,2.284419778201742,5.445828100452155e-11
85,84,0,local_loglinear,37,36,48,2.4475546893466227,2.549187414848004,1.1513962839932437,0.8894944518123693,0.1105055481876307,1.0545078387583622,1.2907600929010905,0.8169665645521068,0.8444229273026719,0.7962689362119804,0.058716479442295494,0.7528285369703649,1.8121559781203904,2.2915287028376965,1.2529058898612058e-9
85,84,0,local_loglinear,38,37,47,2.419825513422004,2.520594045071436,1.1424429184083014,0.8816548671390225,0.11834513286097748,1.0544787731183896,1.3010281629241702,0.8104965005126098,0.8422048480073296,0.7906587341774294,0.06315683333243174,0.7514568730132896,1.8393001245226217,2.2989177773063187,1.8345007139152465e-11
85,84,0,local_loglinear,39,38,46,2.391163708739622,2.4910051133991824,1.1331105656121394,0.8737246195111537,0.12627538048884634,1.0544360129486743,1.3115637694505966,0.8039532941584449,0.8399824209929634,0.7850065527717136,0.06768889900159075,0.750039282951677,1.867111605539185,2.306591870663472,8.011796865418734e-11
85,84,0,local_loglinear,40,39,45,2.3616268734675137,2.4604815123771218,1.1234194348170548,0.8657164119483516,0.13428358805164842,1.0543800051807641,1.322368922091545,0.7973417913611338,0.8377511026749717,0.7793136219833021,0.07230748238560589,0.7485753836969602,1.895626445704042,2.314557057329929,2.9879495082163807e-10
85,84,0,local_loglinear,41,40,44,2.331269046632857,2.4290803626353545,1.1133885710952243,0.8576419737933955,0.14235802620660454,1.054311142618872,1.3334461589872366,0.7906664513696077,0.8355065531870446,0.7735810232700879,0.07700777801413353,0.7470646148553557,1.9248823176668426,2.3228206039811687,7.692975964530758e-10
85,84,0,local_loglinear,42,41,43,2.3001410396833863,2.3968553613466446,1.1030359648137917,0.8495121510335847,0.15048784896641532,1.0542297685472155,1.3447985976888384,0.7839313413614556,0.8332446082725442,0.7678097017502061,0.08178532818221362,0.7455062451074794,1.954918711197913,2.331390970565085,9.4879295098094e-10
85,84,0,local_loglinear,43,42,42,2.268290744832541,2.3638571065499434,1.092378653024026,0.8413369872002933,0.15866301279970674,1.0541361800414322,1.3564299563055315,0.7771401502459825,0.8309612544613133,0.7620004772408553,0.08663598658469915,0.7438993775241354,1.9857771086723497,2.3402778195814298,8.606440529680023e-10
85,84,0,local_loglinear,44,43,41,2.2357634221793936,2.330133401062325,1.0814328100380377,0.8331258105381537,0.1668741894618463,1.0540306194764717,1.3683445741913671,0.7702961953858432,0.8286525999077965,0.7561540542943066,0.09155587714517058,0.742242955179868,2.017501201063455,2.349492026371494,1.2537669970550832e-11
85,84,0,local_loglinear,45,44,40,2.202601960464334,2.295729526493829,1.0702138370399328,0.8248872953330233,0.1751127046669767,1.0539132931062558,1.3805474572294847,0.7634024369008465,0.8263148563635498,0.7502710311192189,0.09654136685193185,0.7405357628261386,2.050137078329101,2.359045714291111,7.244689085879575e-10
85,84,0,local_loglinear,46,45,39,2.1688471223700536,2.260688503701465,1.0587364384315603,0.8166295380296211,0.18337046197037887,1.0537843548938552,1.3930442745690619,0.7564614952527933,0.8239443128140294,0.7443519078026333,0.10158902872446543,0.7387764307073825,2.0837334797123988,2.368952281555756,8.502484153513635e-10
85,84,0,local_loglinear,47,46,38,2.13453776563944,2.225051325802776,1.0470146969402807,0.8083601106694358,0.1916398893305642,1.053643923150116,1.4058414050212344,0.7494756658801078,0.8215373188751305,0.7383970935820054,0.10669561709083022,0.7369634348738483,2.118342025766712,2.3792264516230537,1.198459416426131e-11
85,84,0,local_loglinear,48,47,37,2.0997110496343647,2.1888571778384134,1.035062137916546,0.800086125529751,0.199913874470249,1.0534920678453217,1.4189459482199716,0.7424469333499971,0.8190902615626238,0.7324069135298579,0.11185803494812682,0.7350950989733315,2.1540175073491046,2.389884319828633,1.2955743843543341e-9
85,84,0,local_loglinear,49,48,36,2.0644026210804274,2.152143632981196,1.0228917914760622,0.7918142819792735,0.2081857180207265,1.0533288234317257,1.4323657730819215,0.7353769848642443,0.8165995496378333,0.7263816144606079,0.11707331089890816,0.7331695933655918,2.1908181686526613,2.40094342026117,7.099960770851222e-10
85,84,0,local_loglinear,50,49,35,2.0286467861836797,2.1149468346625184,1.0105162499495928,0.7835509119071964,0.2164490880928036,1.0531541882478368,1.4461095206873573,0.7282672392249081,0.8140615977644334,0.7203213703433426,0.12233857594308276,0.7311849336375564,2.2288060207443525,2.412422802038427,1.005685536997215e-11
85,84,0,local_loglinear,51,50,34,1.9924766693939333,2.0773016652747964,0.9979477177728019,0.7753020267263656,0.2246979732736344,1.052968120087526,1.4601866426730687,0.7211188551621907,0.8114728089035848,0.7142262872405607,0.12765103815223705,0.7291389796287034,2.2680471971945284,2.424343109275608,1.157639037943826e-9
85,84,0,local_loglinear,52,51,33,1.9559243572146114,2.039241898312817,0.9851980597454812,0.7670733547970118,0.23292664520298823,1.0527705434046926,1.4746074286816182,0.7139327545270326,0.8088295606217459,0.7080964077441654,0.1330079622256814,0.7270294324799026,2.308612326762686,2.436726679933527,8.98579684471297e-10
85,84,0,local_loglinear,53,52,32,1.919021031253956,2.000800339988715,0.972278841844426,0.758870382940602,0.24112961705939795,1.052561342750525,1.4893830491188589,0.7067096294490768,0.806128188495419,0.7019317150635391,0.138406645353626,0.7248538325925169,2.3505769608378206,2.4495976478063533,1.1544660172762278e-11
85,84,0,local_loglinear,54,53,31,1.8817970878583652,1.9620089548036992,0.9592013750832428,0.7506983793299911,0.24930162067000894,1.0523403795827224,1.5045255722160586,0.6994499787947773,0.8033649783988464,0.6957321366999591,0.1438444040453563,0.7226095540117797,2.39402199711308,2.4629820751361744,1.0712016996350753e-9
85,84,0,local_loglinear,55,54,30,1.8442822526164673,1.9228989879224343,0.945976748912163,0.7425624338820856,0.25743756611791435,1.0521074731922675,1.5200479985287392,0.6921541123771136,0.8005361492421768,0.6894975480137127,0.14931854869915212,0.7202938018867038,2.439034200941169,2.4769080779655304,1.4098428711787166e-11
85,84,0,local_loglinear,56,55,29,1.8065056816125078,1.8835010714675593,0.9326158675620458,0.7344674777700094,0.2655325222299906,1.051862419579872,1.5359643050712004,0.684822177251777,0.7976378459494505,0.6832277754057423,0.15482637079223158,0.7179036063545275,2.4857067238947375,2.4914059849160277,1.2322611814076328e-9
85,84,0,local_loglinear,57,56,28,1.768496058120324,1.8438453272659658,0.9191294807835922,0.7264183134173616,0.2735816865826384,1.051604980371001,1.5522894657908894,0.6774541756200153,0.7946661266764725,0.6769225994590784,0.16036512233906897,0.7154358177685023,2.534139710782062,2.50650850186632,9.244502044105065e-10
85,84,0,local_loglinear,58,57,27,1.7302816804416474,1.8039614600740685,0.9055282107671329,0.7184196407952697,0.28158035920473035,1.0513348840970604,1.569039509949158,0.6700499747970827,0.791616951525968,0.6705817578811148,0.1659319967766614,0.7128871018100704,2.584440963775155,2.5222508927213845,7.908245394229213e-10
85,84,0,local_loglinear,59,58,26,1.6918905417313632,1.7638788409282131,0.8918225830479342,0.7104760699480464,0.28952393005195365,1.0510518405527853,1.5862315397546622,0.6626093443554579,0.788486178461217,0.6642049483176353,0.17152411839152154,0.7102539314785419,2.6367266340626316,2.538671196998267,9.479275545977895e-12
85,84,0,local_loglinear,60,59,25,1.6533504076974275,1.723626589746456,0.8780230499268317,0.7025921459407732,0.29740785405922676,1.0507555264460458,1.6038837703230224,0.6551319652261481,0.7852695526501215,0.6577918312752182,0.17713852258544904,0.7075325817752671,2.6911220299102756,2.555810450883779,5.448208291502214e-11
85,84,0,local_loglinear,61,60,24,1.6146888866797728,1.6832336492134743,0.8641400141705213,0.6947723666101723,0.3052276333898277,1.0504455924028535,1.622015565421711,0.6476174549716767,0.7819626996208414,0.6513420329695343,0.18277214021027482,0.7047191229178966,2.7477624902791624,2.573712939717397,1.2173302950017569e-9
85,84,0,local_loglinear,62,61,23,1.5759334948517632,1.6427288532622852,0.8501838521332694,0.6870211968241198,0.3129788031758802,1.050121666350872,1.6406474933087247,0.6400653831086358,0.7785611205484111,0.6448551482330986,0.18842178365981238,0.7018094129901169,2.8067943418262926,2.592426479514837,1.2608298658964396e-11
85,84,0,local_loglinear,63,62,22,1.5371117177657352,1.6021409922899277,0.8361649323807541,0.6793430870014006,0.32065691299859944,1.0497833478155787,1.6598013271126466,0.6324753033194391,0.7750601855563687,0.638330743559314,0.19408412926930102,0.6987990920360218,2.868375977685773,2.6120027179284024,1.3356341179367252e-9
85,84,0,local_loglinear,64,63,21,1.4982510659902657,1.5614988712534352,0.8220936371657293,0.6717424826493706,0.32825751735062936,1.0494302187685494,1.6795001052407201,0.6248467716637244,0.7714551324263056,0.6317683602378448,0.19975570547582105,0.6956835740836079,2.9326790220017176,2.6324974808842363,1.3631190609592424e-11
85,84,0,local_loglinear,65,64,20,1.4593791281903554,1.520831365361709,0.807980381382945,0.6642238352006542,0.3357761647993458,1.049061841990535,1.6997681474212099,0.6171793744824029,0.7677410653720231,0.6251675177487142,0.20543287961366602,0.692458040195235,2.999889627743169,2.6539711495115372,1.0179277354203001e-9
85,84,0,local_loglinear,66,65,19,1.4205236206328555,1.480167472700609,0.7938356271578587,0.6567916188442783,0.3432083811557217,1.0486777542552328,1.72063107058133,0.6094727522855484,0.7639129512572632,0.6185277174210855,0.2111118397630063,0.689117433372805,3.0702099455889007,2.676489066129544,1.2272286761145435e-9
85,84,0,local_loglinear,67,66,18,1.3817124304303061,1.4395363591695742,0.7796699010588585,0.6494503346900706,0.35054966530992937,1.0482774813377498,1.7421158422269665,0.6017266222650985,0.7599656238739936,0.6118484462899989,0.21678858544841734,0.6856564517730015,3.1438597056449655,2.700121998142514,1.2740199516089483e-9
85,84,0,local_loglinear,68,67,17,1.3429736564291275,1.3989674016009557,0.765493808525814,0.642204520955529,0.35779547904447095,1.047860532649168,1.7642507486429422,0.593940817911048,0.7558937861532078,0.6051291813788044,0.22245891362468084,0.682069543727374,3.2210780033840662,2.7249466429439964,1.2379745524639606e-11
85,84,0,local_loglinear,69,68,16,1.304335645135013,1.3584902254124025,0.7513180472289394,0.6350587583182822,0.3649412416817178,1.0474264073275779,1.7870654234832735,0.5861153114842197,0.7516920165289652,0.5983693943426138,0.22811840803778483,0.6783509034593135,3.302125267777923,2.751046187895928,8.318589671511439e-11
85,84,0,local_loglinear,70,69,15,1.265827022410176,1.3181347382236668,0.7371534178265925,0.6280176783229156,0.37198232167708445,1.0469745923632754,1.8105908314516108,0.5782502452660059,0.7473547752091028,0.591568556577516,0.23376242611040632,0.6744944687019085,3.38728547015603,2.7785109247012167,1.3090018290302796e-9
85,84,0,local_loglinear,71,70,14,1.2274767192044185,1.277931156871413,0.723010834370707,0.6210859660251241,0.3789140339748759,1.0465045710660352,1.8348592528415217,0.5703459649264022,0.7428764155869526,0.584726144777439,0.23938609019713553,0.6704939190689331,3.476868561223668,2.8074389347830007,1.191201789424678e-11
85,84,0,local_loglinear,72,71,13,1.1893139922265887,1.237910028983129,0.7089013336385152,0.6142683581511632,0.3857316418488368,1.0460158303252096,1.8599042379549564,0.5624030576301866,0.7382512004486761,0.5778416470552861,0.24498428259191735,0.6663426761064632,3.571213166706611,2.8379368492369514,1.0683720958836018e-9
85,84,0,local_loglinear,73,72,12,1.1513684396438306,1.198102250309857,0.694836079996462,0.6075696512146269,0.3924303487853731,1.0455078520102157,1.8857605691069985,0.5544223742600132,0.7334733147558578,0.5709145697217111,0.2505516329561634,0.6620339072047626,3.6706896517038317,2.870120678223024,1.0770819633809324e-9
85,84,0,local_loglinear,74,73,11,1.1136700080259627,1.1585390718641269,0.6808263708563423,0.6009946932452961,0.3990053067547039,1.0449801343161138,1.9124641578859436,0.5464050816362723,0.7285368904960906,0.5639444445925121,0.25608251918117386,0.6575605303643111,3.775703457534633,2.9041167438499893,8.795027553995987e-12
85,84,0,local_loglinear,75,74,10,1.076248993662041,1.119252101889143,0.666883638910993,0.5945483819878307,0.40545161801216933,1.0444321885375496,1.940051955401817,0.5383526897975422,0.7234360306984301,0.5569308370893953,0.2615710638911375,0.6529152231092952,3.8866988673831084,2.940062706402222,1.3375295042124107e-9
85,84,0,local_loglinear,76,75,9,1.039136035233505,1.0802732989424695,0.6530194505925989,0.5882356608220722,0.41176433917792776,1.0438635445409767,1.9685618137728935,0.5302670900337824,0.7181648377676904,0.5498733550469261,0.2670111336018679,0.6480904356631614,4.004163208554482,2.978108697643381,1.0296944112427808e-11
85,84,0,local_loglinear,77,76,8,1.0023620968764935,1.04163495422283,0.6392455055097176,0.5820615017640974,0.41793849823590257,1.0432737717093818,1.9980323233786594,0.5221505976165655,0.7127174527366775,0.5427716582628535,0.27239634976498894,0.6430784062945524,4.128631474689902,3.0184185948473687,9.015759825427587e-11
85,84,0,local_loglinear,78,77,7,0.9659584433300541,1.0033696664937493,0.6255736307025954,0.5760308952034092,0.4239691047965908,1.0426624755641347,2.028502577355022,0.5140059900360932,0.7070880940570167,0.5356254689729507,0.2777200958471624,0.6378711832665334,4.260691540937741,3.0611714204183276,1.6797072035556353e-10
85,84,0,local_loglinear,79,78,6,0.929956603711054,0.9655103043096159,0.6120157756718528,0.5701488233808103,0.4298511766191897,1.0420293238405867,2.0600119480295866,0.5058365437332991,0.7012711096245439,0.5284345831292359,0.28297553996030556,0.6324606499662921,4.400989892176788,3.1065629155789565,3.0834084170613106e-10
85,84,0,local_loglinear,80,79,5,0.8943883258177469,0.9280899581125002,0.5985840079331827,0.5644202250625152,0.4355797749374848,1.0413740657503507,2.0925997041480295,0.4976460924113198,0.69526103790969,0.5211988826771192,0.28815566766397965,0.6268385546390967,4.550237960720541,3.15480730254917,5.632043572328469e-10
85,84,0,local_loglinear,81,80,4,0.85928552068485,0.8911418812654616,0.5852905125550316,0.5588499409905724,0.4411500590094276,1.0406965664282863,2.126304621235357,0.48943907473786813,0.6890526845127068,0.5139183488919878,0.29325333473495474,0.620996543480315,4.709219051572398,3.2061392752645395,1.027377967139255e-9
85,84,0,local_loglinear,82,81,3,0.8246801987808844,0.8546994206614933,0.5721476022798989,0.5534426275152667,0.44655737248473326,1.0399968624124474,2.1611644315533654,0.48122060831111124,0.6826412218250529,0.5065930769492648,0.2982613523192829,0.6149261945161484,4.878795784214614,3.2608162774908034,1.873648117020597e-9
85,84,0,local_loglinear,83,82,2,0.7906044008770216,0.818795938684712,0.5591677494544781,0.5482026163882016,0.45179738361179844,1.039275253570363,2.197215097995942,0.47299659214897793,0.6760223251074391,0.49922329202612814,0.30317262613158275,0.608619047444196,5.059917847389363,3.31912115922859,3.4163271442048324e-9
85,84,0,local_loglinear,84,83,1,0.7570901292240841,0.7834647299420447,0.5463636598888606,0.5431336816070685,0.45686631839293146,1.0385324602452208,2.2344897898303784,0.4647738669345437,0.6691923684735382,0.49180936745666026,0.3079803882034257,0.602066620098586,5.253629602832393,3.381365364202205,6.226121875233683e-9
85,84,0,local_loglinear,85,84,0,0.7241692890477098,0.748738938994621,0.5337484235174533,0.5382386457670569,0.46176135423294307,1.0377698942539213,2.273017423635251,0.4565604660408671,0.6621487210984589,0.4843518458639864,0.31267858805550397,0.5952603946922054,5.461076591700332,3.4478929098759274,1.9428834278231756e-7
90,89,0,local_loglinear,1,0,89,1.8905489305118306,1.9413556198342408,0.9038178660077935,0.8825268256025048,0.11747317439749516,,,,0.9932766422755183,0.9337836851161863,0.061764406780686135,0.7466805409386618,1.0667190368697315,2.3249284524801364,9.444954717907831e-12
90,89,0,local_loglinear,2,1,88,1.9730369965815278,2.0276623268270644,0.9344461533419904,0.8969721907464306,0.10302780925356936,1.0410485222195913,1.0940509703533396,0.9515539498889797,0.9850947192320787,0.9334988401525799,0.053798077696574825,0.750253589602985,1.083364371299011,2.3054292629678668,1.0337757456800832e-9
90,89,0,local_loglinear,3,2,87,2.051702867258132,2.110129678780688,0.9637229365529928,0.9105977686669502,0.08940223133304981,1.0419289427183027,1.096424269484925,0.9502972268278748,0.9771604547428103,0.9328681467363176,0.04638700160438913,0.7534054885661245,1.10050617573145,2.2884313376320096,1.1128440389470764e-11
90,89,0,local_loglinear,4,3,86,2.126174026037522,2.188356539664401,0.9915254772824805,0.9233037039377787,0.07669629606222128,1.0427915173281632,1.0987247394364401,0.9490925978994827,0.9695114709625504,0.9319032261304545,0.03956333177575462,0.7561709199883961,1.1180545029724822,2.2736719496259354,8.270892818756261e-10
90,89,0,local_loglinear,5,4,85,2.196164190831236,2.262029823537337,1.01775798962433,0.9350165022328139,0.06498349776718615,1.0436295525569184,1.101031987877902,0.9478648795375877,0.9621723309417423,0.9306175157916621,0.03334521154070946,0.7585831856939277,1.1359354436448321,2.260913731007415,9.838129220639274e-12
90,89,0,local_loglinear,6,5,84,2.2614673298440646,2.3309189243458075,1.042350532179529,0.9456855065393132,0.05431449346068684,1.0444387180030943,1.103404488672037,0.9465601497235987,0.9551573234048734,0.9290256677546951,0.027739695585295827,0.7606735474154225,1.1540886322725397,2.2499446748777023,5.682049252982957e-11
90,89,0,local_loglinear,7,6,83,2.3219506375199512,2.3948690328421343,1.065257221198012,0.9552798427877041,0.04472015721229594,1.045216242404463,1.1058860590689237,0.9451391794236558,0.9484726569064315,0.9271430686002351,0.022745072521321373,0.7624709205032096,1.1724653386413668,2.240576762030441,9.714246345858652e-10
90,89,0,local_loglinear,8,7,82,2.377546816451963,2.453793661750894,1.086453993967009,0.9637856695346951,0.03621433046530487,1.0459604020390112,1.108510140541346,0.9435731472228226,0.9421182211139875,0.9249854571377998,0.018352751447243874,0.7640017838919609,1.191026930560612,2.23264395842543,8.75092022904396e-10
90,89,0,local_loglinear,9,8,81,2.4282460088881583,2.5076667127550936,1.1059361183680212,0.9712036428486633,0.02879635715133666,1.0466702017052871,1.1113027184861686,0.9418407642618524,0.9360890223261428,0.9225686220287679,0.014548821106629806,0.765290216978601,1.2097435708927469,2.2260000125540698,1.0425094033209275e-9
90,89,0,local_loglinear,10,9,80,2.474087695558794,2.556514410843932,1.123715586654697,0.9775466034982793,0.022453396501720735,1.0473451424061284,1.1142843329866217,0.9399262929587497,0.9303763440861988,0.9199081656784494,0.011315330204461904,0.7663580147864385,1.2285931173481655,2.220516244639231,1.153708957415837e-9
90,89,0,local_loglinear,11,10,79,2.5151528040837325,2.60040735307698,1.139818529137699,0.9828374315247396,0.01716256847526043,1.047985096723926,1.1174714915735724,0.9378181945815917,0.924968704906955,0.9170193225977741,0.008631360837412103,0.7672248379385846,1.2475601331158161,2.2160794876305974,8.852511845630487e-10
90,89,0,local_loglinear,12,11,78,2.551556240180098,2.639452908712126,1.154282712599362,0.9871071345446434,0.012892865455356617,1.04859018237508,1.1208776448498512,0.9355081593366469,0.9198526198544367,0.9139168232745203,0.0064738970687695935,0.7679083861088616,1.266635055301397,2.2125901779511854,1.3056622056201702e-11
90,89,0,local_loglinear,13,12,77,2.583439958556241,2.673788095082877,1.1671552087048116,0.9903930981987488,0.009606901801251233,1.049160718517307,1.1245138956905572,0.9329904437268193,0.9150132302039949,0.9106147947986885,0.0048185543336046605,0.7684245694753853,1.2858134266369892,2.209960674227945,1.1765141587004923e-9
90,89,0,local_loglinear,14,13,76,2.6109666818317336,2.703573062552152,1.1784902548905807,0.992737557419822,0.007262442580178052,1.0496971596161595,1.12838947053172,0.9302613920364934,0.9104347983211097,0.9071266921172203,0.0036401627941708703,0.7687876791041943,1.3050952441989985,2.208113755065021,8.064491128042302e-10
90,89,0,local_loglinear,15,14,75,2.63431429929749,2.728985231218461,1.188347340358036,0.9941862465676244,0.005813753432375557,1.0502000692265459,1.1325120693030566,0.927319096804712,0.9061011056935916,0.9034652536916319,0.002913243664696294,0.7690105458591946,1.324484376346682,2.206981313012173,1.10692303785187e-9
90,89,0,local_loglinear,16,15,74,2.6536709630717255,2.75021411182953,1.1967895261644688,0.9947872281214634,0.005212771878536637,1.0506700981358308,1.136888109745114,0.9241631512633086,0.901995768074523,0.8996424769344458,0.0026123917883630887,0.7691046863092016,1.3439880478893949,2.2065032233994164,1.1629629748738409e-9
90,89,0,local_loglinear,17,16,73,2.669230869007755,2.7674568087553912,1.2038820014558589,0.9945898806264097,0.005410119373590261,1.0511079747877736,1.1415228934052801,0.9207944762738928,0.8981024863760944,0.8956696094259391,0.0027125836639226575,0.7690804337544915,1.3636163756207593,2.20662637445595,8.319246669863628e-10
90,89,0,local_loglinear,18,17,72,2.6811906969801083,2.7809141939672437,1.2096908544840699,0.9936440692427703,0.006355930757229733,1.0515144749064256,1.1464207318806254,0.9172151599016248,0.8944052296156885,0.891557152733844,0.0031894056944137966,0.7689470594306317,1.3833819911119194,2.207303814776537,1.2998524844080807e-11
90,89,0,local_loglinear,19,18,71,2.689746649889783,2.7907876893702475,1.2142820652933999,0.9919994224468499,0.00800057755315009,1.0518904382166516,1.1515850552433529,0.913428351147164,0.8908883882157599,0.8873148755851537,0.004019245171790892,0.7687128753613713,1.403299670440496,2.208494047080147,1.0940413667686774e-9
90,89,0,local_loglinear,20,19,70,2.695092059551142,2.79727663977532,1.2177206836767889,0.9897047643724584,0.010295235627541643,1.052236742284255,1.157018480581126,0.9094381463602523,0.8875368780720779,0.8829518347471803,0.005179421412533622,0.7683853290267232,1.4233860403525087,2.2101604053952597,1.0815002906779151e-9
90,89,0,local_loglinear,21,20,69,2.697415487930644,2.800576202937952,1.220070181859999,0.9868076535137529,0.01319234648624712,1.0525543017651744,1.1627229005881063,0.9052494805364127,0.8843362179680363,0.8784764012540758,0.0066482826745634105,0.7679710859381212,1.4436593157782858,2.2122705267141205,1.0924306831598558e-9
90,89,0,local_loglinear,22,21,68,2.6968992699689007,2.800875705632867,1.2213919611355843,0.9833540221115505,0.01664597788844946,1.0528440628313682,1.168699547019777,0.9008680336329007,0.8812725826877591,0.8738962905834311,0.008405271588006885,0.7674761021623692,1.464139073474095,2.214795899876842,1.0916143094342083e-9
90,89,0,local_loglinear,23,22,67,2.693718441098499,2.7983574083768636,1.2217449947813481,0.9793878966478711,0.02061210335212893,1.053107002323367,1.1749490764298236,0.8963001235111538,0.8783328395931076,0.8692185955348226,0.010430968170218075,0.7669056872541732,1.4848460489089577,2.2177114840168564,1.7585286649830676e-11
90,89,0,local_loglinear,24,23,66,2.6880399999986313,2.793195633744727,1.2211855756241268,0.9749512215211478,0.02504877847885223,1.0533441020252436,1.181471631790817,0.8915525973557539,0.8755045573951095,0.8644498209169111,0.012707097802785478,0.7662645633778843,1.505801999279846,2.220995362849802,3.784702236030334e-10
90,89,0,local_loglinear,25,24,65,2.6800224403420065,2.7855561828693807,1.2197671670229668,0.9700837214459317,0.02991627855406831,1.053556360968695,1.1882669401373778,0.8866327298871847,0.87277601373533,0.8595959187600257,0.015216535248876562,0.7655569140892424,1.5270295609378417,2.224628464823517,1.437695799768458e-11
90,89,0,local_loglinear,26,25,64,2.66981551954747,2.775596012916294,1.2175403287102815,0.9648228357731614,0.035177164226838586,1.0537447767315022,1.1953343822658948,0.8815481193923385,0.870136185207946,0.8546623238509572,0.0179432860582161,0.7647864296348634,1.5485521548979542,2.228594311547781,5.5459231390744344e-11
90,89,0,local_loglinear,27,26,63,2.6575602138094387,2.7634631201946025,1.2145527051834133,0.9592036983420239,0.0407963016579761,1.0539103381906127,1.2026730806164831,0.8763065833737499,0.8675747293744143,0.8496539887827699,0.020872456894185126,0.7639563475044889,1.5703939174826163,2.23287879886333,1.1508522189018284e-9
90,89,0,local_loglinear,28,27,62,2.643388821956519,2.74929658924265,1.210849064830845,0.9532591548379504,0.04674084516204957,1.0540540188585914,1.2102819853751083,0.8709160605508836,0.8650819604433143,0.8445754181181424,0.02399021708634244,0.7630694884837276,1.5925796546009194,2.237470007676717,8.898333542911657e-10
90,89,0,local_loglinear,29,28,61,2.6274251852960973,2.7332267718322183,1.2064713810267549,0.9470198029668361,0.05298019703316392,1.0541767757996028,1.2181599504800056,0.8653845296623103,0.8626488234370288,0.8394307013554316,0.027283757344619797,0.7621282879013926,1.6151348065704794,2.2423580449494844,1.4305869822729932e-11
90,89,0,local_loglinear,30,29,60,2.609784999916241,2.715375574403002,1.2014589340527975,0.9405140775246226,0.05948592247537743,1.0542795270904564,1.2263058149400632,0.8597199118247557,0.8602668552610895,0.8342235445904309,0.03074123241072718,0.7611348268585473,1.6380854649655117,2.247534889037646,8.609828067420729e-10
90,89,0,local_loglinear,31,30,59,2.590576185269966,2.6958568091172377,1.195848440844464,0.9337683309469339,0.0662316690530661,1.0543631630957584,1.2347184826735462,0.8539300074400256,0.8579281531663995,0.8289573003515109,0.034351712021488956,0.7600908571849159,1.6614583760738846,2.252994271004235,1.3133039732392e-9
90,89,0,local_loglinear,32,31,58,2.5698993008433804,2.6747766031345503,1.1896741970523783,0.9268069349416811,0.0731930650583189,1.0544285357000869,1.2433969870275312,0.8480224310506068,0.8556253380955429,0.8236349958747555,0.03810512558760884,0.7589978249328404,1.6852809728044842,2.258731566480098,2.1184539370567852e-11
90,89,0,local_loglinear,33,32,57,2.547847990572902,2.6522338446214357,1.1829682213340613,0.9196524037980283,0.08034759620197174,1.0544764436161553,1.2523405529546063,0.8420045499032698,0.8533515112139372,0.818259359623682,0.04199219887973235,0.7578568936026544,1.7095814447016902,2.264743691219491,8.29130028894917e-11
90,89,0,local_loglinear,34,33,56,2.524509433811739,2.628320637403762,1.1757604111633657,0.9123254992408295,0.08767450075917049,1.054507647380014,1.2615486678890473,0.8358834456577282,0.8511002208391152,0.8128328458139011,0.04600440325385044,0.7566689617121657,1.7343887862040472,2.2710290283092593,8.879585178518245e-10
90,89,0,local_loglinear,35,34,55,2.4999648048195438,2.6031227712511176,1.1680786929350313,0.9048453563868122,0.09515464361318782,1.0545228521268863,1.2710211256397121,0.8296658732530028,0.8488654211946475,0.8073576573450556,0.05013389542791896,0.755434681197955,1.759732889043627,2.2775873528257313,1.2733018067736549e-11
90,89,0,local_loglinear,36,35,54,2.474289722287076,2.5767201834805475,1.1599491737520988,0.897229597096102,0.10277040290389805,1.0545227157384414,1.2807580817569115,0.8233582366248853,0.8466414375021888,0.801835766862794,0.05437346525122541,0.7541544720128835,1.7856446280992395,2.284419778201742,5.445828100452155e-11
90,89,0,local_loglinear,37,36,53,2.4475546893466227,2.549187414848004,1.1513962839932437,0.8894944518123693,0.1105055481876307,1.0545078387583622,1.2907600929010905,0.8169665645521068,0.8444229273026719,0.7962689362119804,0.058716479442295494,0.7528285369703649,1.8121559781203904,2.2915287028376965,1.2529058898612058e-9
90,89,0,local_loglinear,38,37,52,2.419825513422004,2.520594045071436,1.1424429184083014,0.8816548671390225,0.11834513286097748,1.0544787731183896,1.3010281629241702,0.8104965005126098,0.8422048480073296,0.7906587341774294,0.06315683333243174,0.7514568730132896,1.8393001245226217,2.2989177773063187,1.8345007139152465e-11
90,89,0,local_loglinear,39,38,51,2.391163708739622,2.4910051133991824,1.1331105656121394,0.8737246195111537,0.12627538048884634,1.0544360129486743,1.3115637694505966,0.8039532941584449,0.8399824209929634,0.7850065527717136,0.06768889900159075,0.750039282951677,1.867111605539185,2.306591870663472,8.011796865418734e-11
90,89,0,local_loglinear,40,39,50,2.3616268734675137,2.4604815123771218,1.1234194348170548,0.8657164119483516,0.13428358805164842,1.0543800051807641,1.322368922091545,0.7973417913611338,0.8377511026749717,0.7793136219833021,0.07230748238560589,0.7485753836969602,1.895626445704042,2.314557057329929,2.9879495082163807e-10
90,89,0,local_loglinear,41,40,49,2.331269046632857,2.4290803626353545,1.1133885710952243,0.8576419737933955,0.14235802620660454,1.054311142618872,1.3334461589872366,0.7906664513696077,0.8355065531870446,0.7735810232700879,0.07700777801413353,0.7470646148553557,1.9248823176668426,2.3228206039811687,7.692975964530758e-10
90,89,0,local_loglinear,42,41,48,2.3001410396833863,2.3968553613466446,1.1030359648137917,0.8495121510335847,0.15048784896641532,1.0542297685472155,1.3447985976888384,0.7839313413614556,0.8332446082725442,0.7678097017502061,0.08178532818221362,0.7455062451074794,1.954918711197913,2.331390970565085,9.4879295098094e-10
90,89,0,local_loglinear,43,42,47,2.268290744832541,2.3638571065499434,1.092378653024026,0.8413369872002933,0.15866301279970674,1.0541361800414322,1.3564299563055315,0.7771401502459825,0.8309612544613133,0.7620004772408553,0.08663598658469915,0.7438993775241354,1.9857771086723497,2.3402778195814298,8.606440529680023e-10
90,89,0,local_loglinear,44,43,46,2.2357634221793936,2.330133401062325,1.0814328100380377,0.8331258105381537,0.1668741894618463,1.0540306194764717,1.3683445741913671,0.7702961953858432,0.8286525999077965,0.7561540542943066,0.09155587714517058,0.742242955179868,2.017501201063455,2.349492026371494,1.2537669970550832e-11
90,89,0,local_loglinear,45,44,45,2.202601960464334,2.295729526493829,1.0702138370399328,0.8248872953330233,0.1751127046669767,1.0539132931062558,1.3805474572294847,0.7634024369008465,0.8263148563635498,0.7502710311192189,0.09654136685193185,0.7405357628261386,2.050137078329101,2.359045714291111,7.244689085879575e-10
90,89,0,local_loglinear,46,45,44,2.1688471223700536,2.260688503701465,1.0587364384315603,0.8166295380296211,0.18337046197037887,1.0537843548938552,1.3930442745690619,0.7564614952527933,0.8239443128140294,0.7443519078026333,0.10158902872446543,0.7387764307073825,2.0837334797123988,2.368952281555756,8.502484153513635e-10
90,89,0,local_loglinear,47,46,43,2.13453776563944,2.225051325802776,1.0470146969402807,0.8083601106694358,0.1916398893305642,1.053643923150116,1.4058414050212344,0.7494756658801078,0.8215373188751305,0.7383970935820054,0.10669561709083022,0.7369634348738483,2.118342025766712,2.3792264516230537,1.198459416426131e-11
90,89,0,local_loglinear,48,47,42,2.0997110496343647,2.1888571778384134,1.035062137916546,0.800086125529751,0.199913874470249,1.0534920678453217,1.4189459482199716,0.7424469333499971,0.8190902615626238,0.7324069135298579,0.11185803494812682,0.7350950989733315,2.1540175073491046,2.389884319828633,1.2955743843543341e-9
90,89,0,local_loglinear,49,48,41,2.0644026210804274,2.152143632981196,1.0228917914760622,0.7918142819792735,0.2081857180207265,1.0533288234317257,1.4323657730819215,0.7353769848642443,0.8165995496378333,0.7263816144606079,0.11707331089890816,0.7331695933655918,2.1908181686526613,2.40094342026117,7.099960770851222e-10
90,89,0,local_loglinear,50,49,40,2.0286467861836797,2.1149468346625184,1.0105162499495928,0.7835509119071964,0.2164490880928036,1.0531541882478368,1.4461095206873573,0.7282672392249081,0.8140615977644334,0.7203213703433426,0.12233857594308276,0.7311849336375564,2.2288060207443525,2.412422802038427,1.005685536997215e-11
90,89,0,local_loglinear,51,50,39,1.9924766693939333,2.0773016652747964,0.9979477177728019,0.7753020267263656,0.2246979732736344,1.052968120087526,1.4601866426730687,0.7211188551621907,0.8114728089035848,0.7142262872405607,0.12765103815223705,0.7291389796287034,2.2680471971945284,2.424343109275608,1.157639037943826e-9
90,89,0,local_loglinear,52,51,38,1.9559243572146114,2.039241898312817,0.9851980597454812,0.7670733547970118,0.23292664520298823,1.0527705434046926,1.4746074286816182,0.7139327545270326,0.8088295606217459,0.7080964077441654,0.1330079622256814,0.7270294324799026,2.308612326762686,2.436726679933527,8.98579684471297e-10
90,89,0,local_loglinear,53,52,37,1.919021031253956,2.000800339988715,0.972278841844426,0.758870382940602,0.24112961705939795,1.052561342750525,1.4893830491188589,0.7067096294490768,0.806128188495419,0.7019317150635391,0.138406645353626,0.7248538325925169,2.3505769608378206,2.4495976478063533,1.1544660172762278e-11
90,89,0,local_loglinear,54,53,36,1.8817970878583652,1.9620089548036992,0.9592013750832428,0.7506983793299911,0.24930162067000894,1.0523403795827224,1.5045255722160586,0.6994499787947773,0.8033649783988464,0.6957321366999591,0.1438444040453563,0.7226095540117797,2.39402199711308,2.4629820751361744,1.0712016996350753e-9
90,89,0,local_loglinear,55,54,35,1.8442822526164673,1.9228989879224343,0.945976748912163,0.7425624338820856,0.25743756611791435,1.0521074731922675,1.5200479985287392,0.6921541123771136,0.8005361492421768,0.6894975480137127,0.14931854869915212,0.7202938018867038,2.439034200941169,2.4769080779655304,1.4098428711787166e-11
90,89,0,local_loglinear,56,55,34,1.8065056816125078,1.8835010714675593,0.9326158675620458,0.7344674777700094,0.2655325222299906,1.051862419579872,1.5359643050712004,0.684822177251777,0.7976378459494505,0.6832277754057423,0.15482637079223158,0.7179036063545275,2.4857067238947375,2.4914059849160277,1.2322611814076328e-9
90,89,0,local_loglinear,57,56,33,1.768496058120324,1.8438453272659658,0.9191294807835922,0.7264183134173616,0.2735816865826384,1.051604980371001,1.5522894657908894,0.6774541756200153,0.7946661266764725,0.6769225994590784,0.16036512233906897,0.7154358177685023,2.534139710782062,2.50650850186632,9.244502044105065e-10
90,89,0,local_loglinear,58,57,32,1.7302816804416474,1.8039614600740685,0.9055282107671329,0.7184196407952697,0.28158035920473035,1.0513348840970604,1.569039509949158,0.6700499747970827,0.791616951525968,0.6705817578811148,0.1659319967766614,0.7128871018100704,2.584440963775155,2.5222508927213845,7.908245394229213e-10
90,89,0,local_loglinear,59,58,31,1.6918905417313632,1.7638788409282131,0.8918225830479342,0.7104760699480464,0.28952393005195365,1.0510518405527853,1.5862315397546622,0.6626093443554579,0.788486178461217,0.6642049483176353,0.17152411839152154,0.7102539314785419,2.6367266340626316,2.538671196998267,9.479275545977895e-12
90,89,0,local_loglinear,60,59,30,1.6533504076974275,1.723626589746456,0.8780230499268317,0.7025921459407732,0.29740785405922676,1.0507555264460458,1.6038837703230224,0.6551319652261481,0.7852695526501215,0.6577918312752182,0.17713852258544904,0.7075325817752671,2.6911220299102756,2.555810450883779,5.448208291502214e-11
90,89,0,local_loglinear,61,60,29,1.6146888866797728,1.6832336492134743,0.8641400141705213,0.6947723666101723,0.3052276333898277,1.0504455924028535,1.622015565421711,0.6476174549716767,0.7819626996208414,0.6513420329695343,0.18277214021027482,0.7047191229178966,2.7477624902791624,2.573712939717397,1.2173302950017569e-9
90,89,0,local_loglinear,62,61,28,1.5759334948517632,1.6427288532622852,0.8501838521332694,0.6870211968241198,0.3129788031758802,1.050121666350872,1.6406474933087247,0.6400653831086358,0.7785611205484111,0.6448551482330986,0.18842178365981238,0.7018094129901169,2.8067943418262926,2.592426479514837,1.2260661894961402e-9
90,89,0,local_loglinear,63,62,27,1.5371117177911153,1.602140992450179,0.8361649317522789,0.6793430882955197,0.3206569117044803,1.0497833462934618,1.6598013271126466,0.6324753024023915,0.7750601848295233,0.638330743559314,0.1940841283315089,0.6987990923136285,2.8683759827771467,2.6120027161129027,1.3097342919980412e-11
90,89,0,local_loglinear,64,63,26,1.498251065563669,1.5614988708948896,0.8220936365377114,0.6717424834776822,0.3282575165223178,1.0494302192736173,1.6795001078207348,0.6248467710045724,0.7714551319332634,0.6317683602171995,0.19975570486939281,0.6956835742562082,2.9326790256760695,2.6324974797421508,7.459952079954827e-11
90,89,0,local_loglinear,65,64,25,1.4593791274948211,1.520831364787329,0.8079803803474944,0.6642238367160758,0.33577616328392423,1.0490618411719836,1.6997681494074077,0.6171793732796554,0.7677410644686559,0.6251675177144116,0.20543287849187924,0.692458040484147,2.9998896346479373,2.653971147576382,1.2619521219495434e-10
90,89,0,local_loglinear,66,65,24,1.4205236194565825,1.4801674716388864,0.793835625725372,0.656791620434846,0.34320837956515404,1.0486777540159689,1.7206310741226565,0.6094727508921026,0.7639129502753017,0.6185277173620007,0.21111183857309468,0.6891174337220064,3.0702099534545875,2.6764890637607355,2.172692982273955e-10
90,89,0,local_loglinear,67,66,23,1.381712428745136,1.439536357578858,0.779669899312809,0.6494503362687245,0.3505496637312755,1.048277481243315,1.7421158466056745,0.6017266206984864,0.7599656228608229,0.6118484462044975,0.21678858425498054,0.6856564521363416,3.1438597141672973,2.7001219956450795,1.0851024801216752e-9
90,89,0,local_loglinear,68,67,22,1.3429736542172481,1.3989673993682503,0.7654938071661156,0.6422045217646606,0.3577954782353394,1.047860533751467,1.7642507536188905,0.593940816860676,0.7558937855467907,0.6051291812666171,0.22245891300782322,0.6820695437732358,3.221078009056158,2.724946642624406,8.863178608830397e-12
90,89,0,local_loglinear,69,68,21,1.3043356427131239,1.3584902230426021,0.7513180454444015,0.6350587601168075,0.3649412398831925,1.047426406138036,1.7870654266658592,0.5861153097747669,0.7516920153248299,0.5983693942152868,0.22811840664867494,0.6783509036425288,3.3021252787341555,2.7510461866007963,8.321868367617474e-10
90,89,0,local_loglinear,70,69,20,1.2658270195299761,1.3181347356017281,0.7371534147168449,0.6280176826692584,0.3719823173307416,1.0469745890920636,1.8105908368695551,0.5782502417289619,0.7473547724703397,0.5915685564195234,0.23376242271287118,0.6744944693857612,3.3872854949412856,2.7785109197945537,7.258140583288331e-12
90,89,0,local_loglinear,71,70,19,1.2274767151592558,1.2779311532455702,0.7230108295061999,0.6210859726970169,0.37891402730298307,1.0465045678072722,1.834859264624878,0.5703459594876458,0.7428764113796902,0.5847261445491785,0.23938608492403157,0.6704939202715663,3.4768686004698965,2.8074389260189614,1.1798767539246766e-9
90,89,0,local_loglinear,72,71,18,1.1893139864265025,1.2379100241038778,0.708901325043561,0.6142683716159918,0.3857316283840082,1.0460158214038031,1.8599042569188433,0.5624030470991314,0.7382511920758453,0.577841646720286,0.2449842718302222,0.6663426786339457,3.5712132465835307,2.8379368305172967,1.2643923626408986e-9
90,89,0,local_loglinear,73,72,17,1.1513684303681846,1.1981022427470633,0.6948360647577665,0.6075696758004802,0.39243032419951984,1.0455078369483435,1.8857606064080974,0.5544223553061566,0.733473299482969,0.5709145691756796,0.2505516130898868,0.662033912020309,3.670689802055906,2.870120641948526,7.502260732169236e-10
90,89,0,local_loglinear,74,73,16,1.1136699925398847,1.1585390594403708,0.6808263440276772,0.6009947373746886,0.39900526262531144,1.0449801076130383,1.9124642273516488,0.5464050478267564,0.7285368630375392,0.563944443665775,0.2560824831344914,0.6575605391702679,3.7757037372566122,2.9041166763345223,6.170258633629831e-12
90,89,0,local_loglinear,75,74,15,1.0762489673472877,1.1192520810531272,0.666883591280734,0.5945484615499563,0.40545153845004367,1.044432139551043,1.9400520829058527,0.5383526291658467,0.7234359810921787,0.556930835486567,0.261570998198766,0.6529152392450167,3.886699391093773,2.9400625803852924,1.0907071839335924e-9
90,89,0,local_loglinear,76,75,14,1.0391359899750623,1.0802732634165781,0.6530193659159719,0.5882358037228516,0.41176419627714844,1.0438634558372848,1.9685620492238711,0.5302669815507417,0.7181647484551557,0.5498733522382178,0.2670110143476129,0.6480904650843874,4.004164187246931,2.9781084633946873,8.419594150383116e-12
90,89,0,local_loglinear,77,76,13,1.0023620186527684,1.0416348932657038,0.6392453548088628,0.5820617584414963,0.4179382415585037,1.043273610450709,1.99803275746185,0.5221504034678616,0.7127172919473498,0.5427716533118323,0.2723961332863227,0.643078459869246,4.128633305880171,3.0184181596016857,7.449642585818021e-11
90,89,0,local_loglinear,78,77,12,0.9659583078207536,1.003369561551378,0.6255733625502743,0.576031355569848,0.42396864443015203,1.0426621833047198,2.028503378045301,0.5140056430714186,0.7070878050745302,0.5356254602177455,0.27771970349908637,0.6378712806452544,4.260694965934602,3.06117061243746,1.587753449020883e-10
90,89,0,local_loglinear,79,78,11,0.9299563689300397,0.9655101235560851,0.6120152989471096,0.5701496480405372,0.42985035195946275,1.042028794849257,2.0600134236758474,0.5058359245979482,0.7012705910749462,0.528434567632744,0.2829748298429045,0.6324608266529014,4.40099629625907,3.1065614168284945,2.448306340181707e-10
90,89,0,local_loglinear,80,79,10,0.8943879194630527,0.9280896471415682,0.598583161268756,0.5644217005125366,0.4355782994874634,1.0413731094609229,2.092602420900549,0.49764498934908485,0.695260108939985,0.5211988552579843,0.2881543841256953,0.6268388747701461,4.550249931477134,3.154804523524588,3.1999919222564405e-10
90,89,0,local_loglinear,81,80,9,0.8592848185603367,0.8911413473822007,0.5852890105016728,0.5588525776864768,0.4411474223135232,1.0406948398962497,2.126309617637304,0.4894371126687753,0.6890510230634977,0.5139183004281818,0.29325101782679064,0.6209971227967233,4.709241420909205,3.2061341230433062,1.1629944831617993e-9
90,89,0,local_loglinear,82,81,8,0.8246789880794734,0.8546985065310538,0.5721449404118878,0.5534473350516752,0.4465526649483248,1.0399937480104864,2.1611736105237345,0.4812171233936437,0.6826382547081692,0.5065929914145564,0.2982571746282483,0.6149272416802748,4.878837582424417,3.2608067251695916,6.913580684126933e-12
90,89,0,local_loglinear,83,82,7,0.7906023177496806,0.818794377880467,0.5591630375801999,0.5482110093512379,0.4517889906487621,1.039269646600451,2.1972319445369415,0.47299041377239454,0.6760170366799005,0.4992231413086087,0.30316510514574274,0.6086209380387977,5.0599959106577685,3.319103448478487,8.216198788938755e-11
90,89,0,local_loglinear,84,83,6,0.7570865536307201,0.7834620736634217,0.5463553292754573,0.5431486278705253,0.4568513721294747,1.0385223775580175,2.2345206700484987,0.46476293170090793,0.6691829593728886,0.49180910239433384,0.30796686667563977,0.6020700292471409,5.253775358743331,3.3813325254585553,2.372989405059808e-10
90,89,0,local_loglinear,85,84,5,0.7241631668414723,0.7487344338421721,0.5337337126224811,0.5382652312651258,0.4617347687348742,1.037751788040648,2.2730739608517405,0.4565411446848801,0.6621320108013202,0.4843513806461407,0.31265431176196695,0.5952665343904617,5.4613486776768685,3.447832015448909,5.284155368568175e-10
90,89,0,local_loglinear,86,85,4,0.6918632009754633,0.7146438756046469,0.5213098573686951,0.5335659377656443,0.4664340622343557,1.0369576668439826,2.3129236862241234,0.4483319847603052,0.654860593428671,0.4768506500645612,0.31721903925126677,0.5882027855803353,5.684016853638039,3.518972697650438,1.0658903671058922e-9
90,89,0,local_loglinear,87,86,3,0.6602170939131762,0.6812222209840939,0.5090950651150689,0.5290560777057614,0.47094392229423865,1.0361396278942248,2.354099221348723,0.4401427172218315,0.6473654999381778,0.46930776621426507,0.32165227872297064,0.5808715685739244,5.923226374061099,3.595161054699298,2.0490420070176895e-9
90,89,0,local_loglinear,88,87,2,0.6292544676846945,0.6485004993422914,0.4971000574787115,0.5247414539758684,0.47525854602413165,1.035296897576668,2.396627529552108,0.4319807249189651,0.6396438146137612,0.46172377802268527,0.3259446525514312,0.5732663070798407,6.180590590277676,3.676842163559685,3.836720550001179e-9
90,89,0,local_loglinear,89,88,1,0.5990038759284337,0.6165087197070318,0.4853346446743249,0.520628825716331,0.47937117428366904,1.0344279321148306,2.4405338730483064,0.4238531345696081,0.6316926833192429,0.4540999363365319,0.3300857174061558,0.565381316298406,6.457917391632668,3.764502118836328,7.073462251363429e-9
90,89,0,local_loglinear,90,89,0,0.5694924914312393,0.5852756049287864,0.4738071902696559,0.5167267848807376,0.48327321511926236,1.0335297369937333,2.485843686703924,0.4157661813257978,0.6235088548761281,0.4464376968102488,0.334063113144343,0.5572121705615123,6.7572471475343985,3.8586692576355826,2.2241438583946449e-7
95,94,0,local_loglinear,1,0,94,1.8905489305118306,1.9413556198342408,0.9038178660077935,0.8825268256025048,0.11747317439749516,,,,0.9932766422755183,0.9337836851161863,0.061764406780686135,0.7466805409386618,1.0667190368697315,2.3249284524801364,9.444954717907831e-12
95,94,0,local_loglinear,2,1,93,1.9730369965815278,2.0276623268270644,0.9344461533419904,0.8969721907464306,0.10302780925356936,1.0410485222195913,1.0940509703533396,0.9515539498889797,0.9850947192320787,0.9334988401525799,0.053798077696574825,0.750253589602985,1.083364371299011,2.3054292629678668,1.0337757456800832e-9
95,94,0,local_loglinear,3,2,92,2.051702867258132,2.110129678780688,0.9637229365529928,0.9105977686669502,0.08940223133304981,1.0419289427183027,1.096424269484925,0.9502972268278748,0.9771604547428103,0.9328681467363176,0.04638700160438913,0.7534054885661245,1.10050617573145,2.2884313376320096,1.1128440389470764e-11
95,94,0,local_loglinear,4,3,91,2.126174026037522,2.188356539664401,0.9915254772824805,0.9233037039377787,0.07669629606222128,1.0427915173281632,1.0987247394364401,0.9490925978994827,0.9695114709625504,0.9319032261304545,0.03956333177575462,0.7561709199883961,1.1180545029724822,2.2736719496259354,8.270892818756261e-10
95,94,0,local_loglinear,5,4,90,2.196164190831236,2.262029823537337,1.01775798962433,0.9350165022328139,0.06498349776718615,1.0436295525569184,1.101031987877902,0.9478648795375877,0.9621723309417423,0.9306175157916621,0.03334521154070946,0.7585831856939277,1.1359354436448321,2.260913731007415,9.838129220639274e-12
95,94,0,local_loglinear,6,5,89,2.2614673298440646,2.3309189243458075,1.042350532179529,0.9456855065393132,0.05431449346068684,1.0444387180030943,1.103404488672037,0.9465601497235987,0.9551573234048734,0.9290256677546951,0.027739695585295827,0.7606735474154225,1.1540886322725397,2.2499446748777023,5.682049252982957e-11
95,94,0,local_loglinear,7,6,88,2.3219506375199512,2.3948690328421343,1.065257221198012,0.9552798427877041,0.04472015721229594,1.045216242404463,1.1058860590689237,0.9451391794236558,0.9484726569064315,0.9271430686002351,0.022745072521321373,0.7624709205032096,1.1724653386413668,2.240576762030441,9.714246345858652e-10
95,94,0,local_loglinear,8,7,87,2.377546816451963,2.453793661750894,1.086453993967009,0.9637856695346951,0.03621433046530487,1.0459604020390112,1.108510140541346,0.9435731472228226,0.9421182211139875,0.9249854571377998,0.018352751447243874,0.7640017838919609,1.191026930560612,2.23264395842543,8.75092022904396e-10
95,94,0,local_loglinear,9,8,86,2.4282460088881583,2.5076667127550936,1.1059361183680212,0.9712036428486633,0.02879635715133666,1.0466702017052871,1.1113027184861686,0.9418407642618524,0.9360890223261428,0.9225686220287679,0.014548821106629806,0.765290216978601,1.2097435708927469,2.2260000125540698,1.0425094033209275e-9
95,94,0,local_loglinear,10,9,85,2.474087695558794,2.556514410843932,1.123715586654697,0.9775466034982793,0.022453396501720735,1.0473451424061284,1.1142843329866217,0.9399262929587497,0.9303763440861988,0.9199081656784494,0.011315330204461904,0.7663580147864385,1.2285931173481655,2.220516244639231,1.153708957415837e-9
95,94,0,local_loglinear,11,10,84,2.5151528040837325,2.60040735307698,1.139818529137699,0.9828374315247396,0.01716256847526043,1.047985096723926,1.1174714915735724,0.9378181945815917,0.924968704906955,0.9170193225977741,0.008631360837412103,0.7672248379385846,1.2475601331158161,2.2160794876305974,8.852511845630487e-10
95,94,0,local_loglinear,12,11,83,2.551556240180098,2.639452908712126,1.154282712599362,0.9871071345446434,0.012892865455356617,1.04859018237508,1.1208776448498512,0.9355081593366469,0.9198526198544367,0.9139168232745203,0.0064738970687695935,0.7679083861088616,1.266635055301397,2.2125901779511854,1.3056622056201702e-11
95,94,0,local_loglinear,13,12,82,2.583439958556241,2.673788095082877,1.1671552087048116,0.9903930981987488,0.009606901801251233,1.049160718517307,1.1245138956905572,0.9329904437268193,0.9150132302039949,0.9106147947986885,0.0048185543336046605,0.7684245694753853,1.2858134266369892,2.209960674227945,1.1765141587004923e-9
95,94,0,local_loglinear,14,13,81,2.6109666818317336,2.703573062552152,1.1784902548905807,0.992737557419822,0.007262442580178052,1.0496971596161595,1.12838947053172,0.9302613920364934,0.9104347983211097,0.9071266921172203,0.0036401627941708703,0.7687876791041943,1.3050952441989985,2.208113755065021,8.064491128042302e-10
95,94,0,local_loglinear,15,14,80,2.63431429929749,2.728985231218461,1.188347340358036,0.9941862465676244,0.005813753432375557,1.0502000692265459,1.1325120693030566,0.927319096804712,0.9061011056935916,0.9034652536916319,0.002913243664696294,0.7690105458591946,1.324484376346682,2.206981313012173,1.10692303785187e-9
95,94,0,local_loglinear,16,15,79,2.6536709630717255,2.75021411182953,1.1967895261644688,0.9947872281214634,0.005212771878536637,1.0506700981358308,1.136888109745114,0.9241631512633086,0.901995768074523,0.8996424769344458,0.0026123917883630887,0.7691046863092016,1.3439880478893949,2.2065032233994164,1.1629629748738409e-9
95,94,0,local_loglinear,17,16,78,2.669230869007755,2.7674568087553912,1.2038820014558589,0.9945898806264097,0.005410119373590261,1.0511079747877736,1.1415228934052801,0.9207944762738928,0.8981024863760944,0.8956696094259391,0.0027125836639226575,0.7690804337544915,1.3636163756207593,2.20662637445595,8.319246669863628e-10
95,94,0,local_loglinear,18,17,77,2.6811906969801083,2.7809141939672437,1.2096908544840699,0.9936440692427703,0.006355930757229733,1.0515144749064256,1.1464207318806254,0.9172151599016248,0.8944052296156885,0.891557152733844,0.0031894056944137966,0.7689470594306317,1.3833819911119194,2.207303814776537,1.2998524844080807e-11
95,94,0,local_loglinear,19,18,76,2.689746649889783,2.7907876893702475,1.2142820652933999,0.9919994224468499,0.00800057755315009,1.0518904382166516,1.1515850552433529,0.913428351147164,0.8908883882157599,0.8873148755851537,0.004019245171790892,0.7687128753613713,1.403299670440496,2.208494047080147,1.0940413667686774e-9
95,94,0,local_loglinear,20,19,75,2.695092059551142,2.79727663977532,1.2177206836767889,0.9897047643724584,0.010295235627541643,1.052236742284255,1.157018480581126,0.9094381463602523,0.8875368780720779,0.8829518347471803,0.005179421412533622,0.7683853290267232,1.4233860403525087,2.2101604053952597,1.0815002906779151e-9
95,94,0,local_loglinear,21,20,74,2.697415487930644,2.800576202937952,1.220070181859999,0.9868076535137529,0.01319234648624712,1.0525543017651744,1.1627229005881063,0.9052494805364127,0.8843362179680363,0.8784764012540758,0.0066482826745634105,0.7679710859381212,1.4436593157782858,2.2122705267141205,1.0924306831598558e-9
95,94,0,local_loglinear,22,21,73,2.6968992699689007,2.800875705632867,1.2213919611355843,0.9833540221115505,0.01664597788844946,1.0528440628313682,1.168699547019777,0.9008680336329007,0.8812725826877591,0.8738962905834311,0.008405271588006885,0.7674761021623692,1.464139073474095,2.214795899876842,1.0916143094342083e-9
95,94,0,local_loglinear,23,22,72,2.693718441098499,2.7983574083768636,1.2217449947813481,0.9793878966478711,0.02061210335212893,1.053107002323367,1.1749490764298236,0.8963001235111538,0.8783328395931076,0.8692185955348226,0.010430968170218075,0.7669056872541732,1.4848460489089577,2.2177114840168564,1.7585286649830676e-11
95,94,0,local_loglinear,24,23,71,2.6880399999986313,2.793195633744727,1.2211855756241268,0.9749512215211478,0.02504877847885223,1.0533441020252436,1.181471631790817,0.8915525973557539,0.8755045573951095,0.8644498209169111,0.012707097802785478,0.7662645633778843,1.505801999279846,2.220995362849802,3.784702236030334e-10
95,94,0,local_loglinear,25,24,70,2.6800224403420065,2.7855561828693807,1.2197671670229668,0.9700837214459317,0.02991627855406831,1.053556360968695,1.1882669401373778,0.8866327298871847,0.87277601373533,0.8595959187600257,0.015216535248876562,0.7655569140892424,1.5270295609378417,2.224628464823517,1.437695799768458e-11
95,94,0,local_loglinear,26,25,69,2.66981551954747,2.775596012916294,1.2175403287102815,0.9648228357731614,0.035177164226838586,1.0537447767315022,1.1953343822658948,0.8815481193923385,0.870136185207946,0.8546623238509572,0.0179432860582161,0.7647864296348634,1.5485521548979542,2.228594311547781,5.5459231390744344e-11
95,94,0,local_loglinear,27,26,68,2.6575602138094387,2.7634631201946025,1.2145527051834133,0.9592036983420239,0.0407963016579761,1.0539103381906127,1.2026730806164831,0.8763065833737499,0.8675747293744143,0.8496539887827699,0.020872456894185126,0.7639563475044889,1.5703939174826163,2.23287879886333,1.1508522189018284e-9
95,94,0,local_loglinear,28,27,67,2.643388821956519,2.74929658924265,1.210849064830845,0.9532591548379504,0.04674084516204957,1.0540540188585914,1.2102819853751083,0.8709160605508836,0.8650819604433143,0.8445754181181424,0.02399021708634244,0.7630694884837276,1.5925796546009194,2.237470007676717,8.898333542911657e-10
95,94,0,local_loglinear,29,28,66,2.6274251852960973,2.7332267718322183,1.2064713810267549,0.9470198029668361,0.05298019703316392,1.0541767757996028,1.2181599504800056,0.8653845296623103,0.8626488234370288,0.8394307013554316,0.027283757344619797,0.7621282879013926,1.6151348065704794,2.2423580449494844,1.4305869822729932e-11
95,94,0,local_loglinear,30,29,65,2.609784999916241,2.715375574403002,1.2014589340527975,0.9405140775246226,0.05948592247537743,1.0542795270904564,1.2263058149400632,0.8597199118247557,0.8602668552610895,0.8342235445904309,0.03074123241072718,0.7611348268585473,1.6380854649655117,2.247534889037646,8.609828067420729e-10
95,94,0,local_loglinear,31,30,64,2.590576185269966,2.6958568091172377,1.195848440844464,0.9337683309469339,0.0662316690530661,1.0543631630957584,1.2347184826735462,0.8539300074400256,0.8579281531663995,0.8289573003515109,0.034351712021488956,0.7600908571849159,1.6614583760738846,2.252994271004235,1.3133039732392e-9
95,94,0,local_loglinear,32,31,63,2.5698993008433804,2.6747766031345503,1.1896741970523783,0.9268069349416811,0.0731930650583189,1.0544285357000869,1.2433969870275312,0.8480224310506068,0.8556253380955429,0.8236349958747555,0.03810512558760884,0.7589978249328404,1.6852809728044842,2.258731566480098,2.1184539370567852e-11
95,94,0,local_loglinear,33,32,62,2.547847990572902,2.6522338446214357,1.1829682213340613,0.9196524037980283,0.08034759620197174,1.0544764436161553,1.2523405529546063,0.8420045499032698,0.8533515112139372,0.818259359623682,0.04199219887973235,0.7578568936026544,1.7095814447016902,2.264743691219491,8.29130028894917e-11
95,94,0,local_loglinear,34,33,61,2.524509433811739,2.628320637403762,1.1757604111633657,0.9123254992408295,0.08767450075917049,1.054507647380014,1.2615486678890473,0.8358834456577282,0.8511002208391152,0.8128328458139011,0.04600440325385044,0.7566689617121657,1.7343887862040472,2.2710290283092593,8.879585178518245e-10
95,94,0,local_loglinear,35,34,60,2.4999648048195438,2.6031227712511176,1.1680786929350313,0.9048453563868122,0.09515464361318782,1.0545228521268863,1.2710211256397121,0.8296658732530028,0.8488654211946475,0.8073576573450556,0.05013389542791896,0.755434681197955,1.759732889043627,2.2775873528257313,1.2733018067736549e-11
95,94,0,local_loglinear,36,35,59,2.474289722287076,2.5767201834805475,1.1599491737520988,0.897229597096102,0.10277040290389805,1.0545227157384414,1.2807580817569115,0.8233582366248853,0.8466414375021888,0.801835766862794,0.05437346525122541,0.7541544720128835,1.7856446280992395,2.284419778201742,5.445828100452155e-11
95,94,0,local_loglinear,37,36,58,2.4475546893466227,2.549187414848004,1.1513962839932437,0.8894944518123693,0.1105055481876307,1.0545078387583622,1.2907600929010905,0.8169665645521068,0.8444229273026719,0.7962689362119804,0.058716479442295494,0.7528285369703649,1.8121559781203904,2.2915287028376965,1.2529058898612058e-9
95,94,0,local_loglinear,38,37,57,2.419825513422004,2.520594045071436,1.1424429184083014,0.8816548671390225,0.11834513286097748,1.0544787731183896,1.3010281629241702,0.8104965005126098,0.8422048480073296,0.7906587341774294,0.06315683333243174,0.7514568730132896,1.8393001245226217,2.2989177773063187,1.8345007139152465e-11
95,94,0,local_loglinear,39,38,56,2.391163708739622,2.4910051133991824,1.1331105656121394,0.8737246195111537,0.12627538048884634,1.0544360129486743,1.3115637694505966,0.8039532941584449,0.8399824209929634,0.7850065527717136,0.06768889900159075,0.750039282951677,1.867111605539185,2.306591870663472,8.011796865418734e-11
95,94,0,local_loglinear,40,39,55,2.3616268734675137,2.4604815123771218,1.1234194348170548,0.8657164119483516,0.13428358805164842,1.0543800051807641,1.322368922091545,0.7973417913611338,0.8377511026749717,0.7793136219833021,0.07230748238560589,0.7485753836969602,1.895626445704042,2.314557057329929,2.9879495082163807e-10
95,94,0,local_loglinear,41,40,54,2.331269046632857,2.4290803626353545,1.1133885710952243,0.8576419737933955,0.14235802620660454,1.054311142618872,1.3334461589872366,0.7906664513696077,0.8355065531870446,0.7735810232700879,0.07700777801413353,0.7470646148553557,1.9248823176668426,2.3228206039811687,7.692975964530758e-10
95,94,0,local_loglinear,42,41,53,2.3001410396833863,2.3968553613466446,1.1030359648137917,0.8495121510335847,0.15048784896641532,1.0542297685472155,1.3447985976888384,0.7839313413614556,0.8332446082725442,0.7678097017502061,0.08178532818221362,0.7455062451074794,1.954918711197913,2.331390970565085,9.4879295098094e-10
95,94,0,local_loglinear,43,42,52,2.268290744832541,2.3638571065499434,1.092378653024026,0.8413369872002933,0.15866301279970674,1.0541361800414322,1.3564299563055315,0.7771401502459825,0.8309612544613133,0.7620004772408553,0.08663598658469915,0.7438993775241354,1.9857771086723497,2.3402778195814298,8.606440529680023e-10
95,94,0,local_loglinear,44,43,51,2.2357634221793936,2.330133401062325,1.0814328100380377,0.8331258105381537,0.1668741894618463,1.0540306194764717,1.3683445741913671,0.7702961953858432,0.8286525999077965,0.7561540542943066,0.09155587714517058,0.742242955179868,2.017501201063455,2.349492026371494,1.2537669970550832e-11
95,94,0,local_loglinear,45,44,50,2.202601960464334,2.295729526493829,1.0702138370399328,0.8248872953330233,0.1751127046669767,1.0539132931062558,1.3805474572294847,0.7634024369008465,0.8263148563635498,0.7502710311192189,0.09654136685193185,0.7405357628261386,2.050137078329101,2.359045714291111,7.244689085879575e-10
95,94,0,local_loglinear,46,45,49,2.1688471223700536,2.260688503701465,1.0587364384315603,0.8166295380296211,0.18337046197037887,1.0537843548938552,1.3930442745690619,0.7564614952527933,0.8239443128140294,0.7443519078026333,0.10158902872446543,0.7387764307073825,2.0837334797123988,2.368952281555756,8.502484153513635e-10
95,94,0,local_loglinear,47,46,48,2.13453776563944,2.225051325802776,1.0470146969402807,0.8083601106694358,0.1916398893305642,1.053643923150116,1.4058414050212344,0.7494756658801078,0.8215373188751305,0.7383970935820054,0.10669561709083022,0.7369634348738483,2.118342025766712,2.3792264516230537,1.198459416426131e-11
95,94,0,local_loglinear,48,47,47,2.0997110496343647,2.1888571778384134,1.035062137916546,0.800086125529751,0.199913874470249,1.0534920678453217,1.4189459482199716,0.7424469333499971,0.8190902615626238,0.7324069135298579,0.11185803494812682,0.7350950989733315,2.1540175073491046,2.389884319828633,1.2955743843543341e-9
95,94,0,local_loglinear,49,48,46,2.0644026210804274,2.152143632981196,1.0228917914760622,0.7918142819792735,0.2081857180207265,1.0533288234317257,1.4323657730819215,0.7353769848642443,0.8165995496378333,0.7263816144606079,0.11707331089890816,0.7331695933655918,2.1908181686526613,2.40094342026117,7.099960770851222e-10
95,94,0,local_loglinear,50,49,45,2.0286467861836797,2.1149468346625184,1.0105162499495928,0.7835509119071964,0.2164490880928036,1.0531541882478368,1.4461095206873573,0.7282672392249081,0.8140615977644334,0.7203213703433426,0.12233857594308276,0.7311849336375564,2.2288060207443525,2.412422802038427,1.005685536997215e-11
95,94,0,local_loglinear,51,50,44,1.9924766693939333,2.0773016652747964,0.9979477177728019,0.7753020267263656,0.2246979732736344,1.052968120087526,1.4601866426730687,0.7211188551621907,0.8114728089035848,0.7142262872405607,0.12765103815223705,0.7291389796287034,2.2680471971945284,2.424343109275608,1.157639037943826e-9
95,94,0,local_loglinear,52,51,43,1.9559243572146114,2.039241898312817,0.9851980597454812,0.7670733547970118,0.23292664520298823,1.0527705434046926,1.4746074286816182,0.7139327545270326,0.8088295606217459,0.7080964077441654,0.1330079622256814,0.7270294324799026,2.308612326762686,2.436726679933527,8.98579684471297e-10
95,94,0,local_loglinear,53,52,42,1.919021031253956,2.000800339988715,0.972278841844426,0.758870382940602,0.24112961705939795,1.052561342750525,1.4893830491188589,0.7067096294490768,0.806128188495419,0.7019317150635391,0.138406645353626,0.7248538325925169,2.3505769608378206,2.4495976478063533,1.1544660172762278e-11
95,94,0,local_loglinear,54,53,41,1.8817970878583652,1.9620089548036992,0.9592013750832428,0.7506983793299911,0.24930162067000894,1.0523403795827224,1.5045255722160586,0.6994499787947773,0.8033649783988464,0.6957321366999591,0.1438444040453563,0.7226095540117797,2.39402199711308,2.4629820751361744,1.0712016996350753e-9
95,94,0,local_loglinear,55,54,40,1.8442822526164673,1.9228989879224343,0.945976748912163,0.7425624338820856,0.25743756611791435,1.0521074731922675,1.5200479985287392,0.6921541123771136,0.8005361492421768,0.6894975480137127,0.14931854869915212,0.7202938018867038,2.439034200941169,2.4769080779655304,1.4098428711787166e-11
95,94,0,local_loglinear,56,55,39,1.8065056816125078,1.8835010714675593,0.9326158675620458,0.7344674777700094,0.2655325222299906,1.051862419579872,1.5359643050712004,0.684822177251777,0.7976378459494505,0.6832277754057423,0.15482637079223158,0.7179036063545275,2.4857067238947375,2.4914059849160277,1.2322611814076328e-9
95,94,0,local_loglinear,57,56,38,1.768496058120324,1.8438453272659658,0.9191294807835922,0.7264183134173616,0.2735816865826384,1.051604980371001,1.5522894657908894,0.6774541756200153,0.7946661266764725,0.6769225994590784,0.16036512233906897,0.7154358177685023,2.534139710782062,2.50650850186632,9.244502044105065e-10
95,94,0,local_loglinear,58,57,37,1.7302816804416474,1.8039614600740685,0.9055282107671329,0.7184196407952697,0.28158035920473035,1.0513348840970604,1.569039509949158,0.6700499747970827,0.791616951525968,0.6705817578811148,0.1659319967766614,0.7128871018100704,2.584440963775155,2.5222508927213845,7.908245394229213e-10
95,94,0,local_loglinear,59,58,36,1.6918905417313632,1.7638788409282131,0.8918225830479342,0.7104760699480464,0.28952393005195365,1.0510518405527853,1.5862315397546622,0.6626093443554579,0.788486178461217,0.6642049483176353,0.17152411839152154,0.7102539314785419,2.6367266340626316,2.538671196998267,9.479275545977895e-12
95,94,0,local_loglinear,60,59,35,1.6533504076974275,1.723626589746456,0.8780230499268317,0.7025921459407732,0.29740785405922676,1.0507555264460458,1.6038837703230224,0.6551319652261481,0.7852695526501215,0.6577918312752182,0.17713852258544904,0.7075325817752671,2.6911220299102756,2.555810450883779,5.448208291502214e-11
95,94,0,local_loglinear,61,60,34,1.6146888866797728,1.6832336492134743,0.8641400141705213,0.6947723666101723,0.3052276333898277,1.0504455924028535,1.622015565421711,0.6476174549716767,0.7819626996208414,0.6513420329695343,0.18277214021027482,0.7047191229178966,2.7477624902791624,2.573712939717397,1.2173302950017569e-9
95,94,0,local_loglinear,62,61,33,1.5759334948517632,1.6427288532622852,0.8501838521332694,0.6870211968241198,0.3129788031758802,1.050121666350872,1.6406474933087247,0.6400653831086358,0.7785611205484111,0.6448551482330986,0.18842178365981238,0.7018094129901169,2.8067943418262926,2.592426479514837,1.2260661894961402e-9
95,94,0,local_loglinear,63,62,32,1.5371117177911153,1.602140992450179,0.8361649317522789,0.6793430882955197,0.3206569117044803,1.0497833462934618,1.6598013271126466,0.6324753024023915,0.7750601848295233,0.638330743559314,0.1940841283315089,0.6987990923136285,2.8683759827771467,2.6120027161129027,1.3097342919980412e-11
95,94,0,local_loglinear,64,63,31,1.498251065563669,1.5614988708948896,0.8220936365377114,0.6717424834776822,0.3282575165223178,1.0494302192736173,1.6795001078207348,0.6248467710045724,0.7714551319332634,0.6317683602171995,0.19975570486939281,0.6956835742562082,2.9326790256760695,2.6324974797421508,7.459952079954827e-11
95,94,0,local_loglinear,65,64,30,1.4593791274948211,1.520831364787329,0.8079803803474944,0.6642238367160758,0.33577616328392423,1.0490618411719836,1.6997681494074077,0.6171793732796554,0.7677410644686559,0.6251675177144116,0.20543287849187924,0.692458040484147,2.9998896346479373,2.653971147576382,1.2619521219495434e-10
95,94,0,local_loglinear,66,65,29,1.4205236194565825,1.4801674716388864,0.793835625725372,0.656791620434846,0.34320837956515404,1.0486777540159689,1.7206310741226565,0.6094727508921026,0.7639129502753017,0.6185277173620007,0.21111183857309468,0.6891174337220064,3.0702099534545875,2.6764890637607355,2.172692982273955e-10
95,94,0,local_loglinear,67,66,28,1.381712428745136,1.439536357578858,0.779669899312809,0.6494503362687245,0.3505496637312755,1.048277481243315,1.7421158466056745,0.6017266206984864,0.7599656228608229,0.6118484462044975,0.21678858425498054,0.6856564521363416,3.1438597141672973,2.7001219956450795,1.0851024801216752e-9
95,94,0,local_loglinear,68,67,27,1.3429736542172481,1.3989673993682503,0.7654938071661156,0.6422045217646606,0.3577954782353394,1.047860533751467,1.7642507536188905,0.593940816860676,0.7558937855467907,0.6051291812666171,0.22245891300782322,0.6820695437732358,3.221078009056158,2.724946642624406,8.863178608830397e-12
95,94,0,local_loglinear,69,68,26,1.3043356427131239,1.3584902230426021,0.7513180454444015,0.6350587601168075,0.3649412398831925,1.047426406138036,1.7870654266658592,0.5861153097747669,0.7516920153248299,0.5983693942152868,0.22811840664867494,0.6783509036425288,3.3021252787341555,2.7510461866007963,8.321868367617474e-10
95,94,0,local_loglinear,70,69,25,1.2658270195299761,1.3181347356017281,0.7371534147168449,0.6280176826692584,0.3719823173307416,1.0469745890920636,1.8105908368695551,0.5782502417289619,0.7473547724703397,0.5915685564195234,0.23376242271287118,0.6744944693857612,3.3872854949412856,2.7785109197945537,7.258140583288331e-12
95,94,0,local_loglinear,71,70,24,1.2274767151592558,1.2779311532455702,0.7230108295061999,0.6210859726970169,0.37891402730298307,1.0465045678072722,1.834859264624878,0.5703459594876458,0.7428764113796902,0.5847261445491785,0.23938608492403157,0.6704939202715663,3.4768686004698965,2.8074389260189614,1.1798767539246766e-9
95,94,0,local_loglinear,72,71,23,1.1893139864265025,1.2379100241038778,0.708901325043561,0.6142683716159918,0.3857316283840082,1.0460158214038031,1.8599042569188433,0.5624030470991314,0.7382511920758453,0.577841646720286,0.2449842718302222,0.6663426786339457,3.5712132465835307,2.8379368305172967,3.977552552386608e-11
95,94,0,local_loglinear,73,72,22,1.1513684303565865,1.198102242633819,0.6948360652764356,0.6075696746362825,0.39243032536371747,1.0455078384808705,1.8857606064080974,0.5544223561188404,0.7334733001734569,0.5709145691756796,0.2505516140312815,0.6620339117577441,3.6706897954565885,2.870120643926372,1.0690171916515726e-9
95,94,0,local_loglinear,74,73,21,1.1136699928162739,1.1585390594110203,0.6808263458275471,0.600994733651433,0.39900526634856703,1.0449801110531112,1.9124642244112904,0.5464050504656028,0.7285368652770345,0.5639444436832699,0.256082486177432,0.6575605383430531,3.77570371492645,2.9041166826767952,8.43521723632356e-10
95,94,0,local_loglinear,75,74,20,1.0762489685520782,1.1192520816944023,0.6668835951592211,0.5945484542289152,0.4054515457710848,1.044432144530692,1.9400520729767954,0.5383526344878602,0.7234359855619122,0.5569308355598834,0.2615710042456006,0.6529152376317084,3.8866993445202445,2.940062592984925,1.274531518682208e-9
95,94,0,local_loglinear,76,75,19,1.0391359929408754,1.0802732652641072,0.6530193740718844,0.5882357885651396,0.4117642114348604,1.0438634667007682,1.9685620284698204,0.5302669926596989,0.7181647577806708,0.549873352421038,0.267011027000339,0.6480904617924578,4.004164086050679,2.9781084896046814,9.70612465013283e-12
95,94,0,local_loglinear,77,76,18,1.0023620251557999,1.0416348978688754,0.6392453699764231,0.5820617315279817,0.4179382684720183,1.0432736272111398,1.998032713024883,0.5221504234691412,0.7127173086628237,0.5427716537196858,0.2723961559880566,0.6430784540128429,4.12863311651199,3.018418207179633,8.482772276724187e-11
95,94,0,local_loglinear,78,77,17,0.9659583203804012,1.003369570833059,0.6255733900595185,0.5760313076107946,0.4239686923892054,1.0426622136083856,2.0285032952926074,0.5140056789791824,0.7070878350399254,0.5356254610224052,0.27771974437541064,0.6378712701861983,4.260694611793759,3.061170699219415,1.7786075291524884e-10
95,94,0,local_loglinear,79,78,16,0.9299563918911479,0.965510140810453,0.6120153482252033,0.5701495624333954,0.42985043756660457,1.0420288496255916,2.0600132706725276,0.5058359887581709,0.7012706447696183,0.5284345691377352,0.2829749035625776,0.63246080791721,4.400995634144011,3.1065615757546112,1.2117710153917237e-9
95,94,0,local_loglinear,80,79,15,0.8943879603100908,0.9280896779311544,0.5985832492449827,0.5644215464390928,0.4355784535609072,1.0413732098691284,2.092602139067684,0.4976451043546629,0.695260205786554,0.5211988579988289,0.28815451816240334,0.6268388409922147,4.550248684755564,3.1548048167471494,1.0575020360933096e-9
95,94,0,local_loglinear,81,80,14,0.8592848903541035,0.8911414014580293,0.5852891673156397,0.5588523017359069,0.44114769826409306,1.0406950211421138,2.1263090967351093,0.48943731781050703,0.6890511967673351,0.5139183053645218,0.29325126031285825,0.6209970617349889,4.709239083648712,3.2061346661027117,6.725768473047052e-12
95,94,0,local_loglinear,82,81,13,0.824679113182618,0.8546986004471994,0.5721452188010617,0.5534468416672824,0.4465531583327176,1.0399940747983698,2.161172650586733,0.48121748834644174,0.6826385654821948,0.5065930002284058,0.2982576124841959,0.6149271315582308,4.878833206169737,3.2608077297103746,1.2043069001761173e-9
95,94,0,local_loglinear,83,82,12,0.7906025343543094,0.8187945395797743,0.5591635312826325,0.5482101290351281,0.4517898709648719,1.0392702353416343,2.197230180299641,0.47299106150085146,0.6760175911437761,0.4992231569516633,0.30316589400277527,0.6086207392580022,5.059987727991604,3.3191053106145474,1.1773620940176046e-9
95,94,0,local_loglinear,84,83,11,0.7570869268498184,0.7834623502778553,0.5463562031266467,0.5431470597003185,0.4568529402996815,1.0385234361219375,2.234517432290042,0.4647640788631523,0.6691839463273199,0.49180913002807103,0.3079682853514796,0.6020696708454174,5.253760071777157,3.3813359777532894,6.588574837926101e-12
95,94,0,local_loglinear,85,84,10,0.7241638073426491,0.7487349045280647,0.5337352563189853,0.5382624425244001,0.46173755747559986,1.0377536873209574,2.2730680291258945,0.45654317161815183,0.6621337633812497,0.4843514292773231,0.31265685822760014,0.5952658892459848,5.461320142466625,3.4478384140105214,7.587116635378538e-10
95,94,0,local_loglinear,86,85,9,0.691864296222651,0.7146446724029246,0.521312580658381,0.5335609833253897,0.4664390166746103,1.0369610731760357,2.3129128389512466,0.44833556012695625,0.6548637001929334,0.476850735363768,0.31722360452095516,0.5882016254841251,5.683963594675695,3.5189845614710977,3.915338294611216e-12
95,94,0,local_loglinear,87,86,8,0.6602189610053405,0.6812235638300662,0.5090998629084175,0.5290472869948102,0.4709527130051898,1.036145725913164,2.354079409110406,0.44014901192509803,0.647370996094927,0.46930791541299877,0.32166045081117334,0.5808694852193043,5.923127002178569,3.5951830559991502,5.365848781355859e-11
95,94,0,local_loglinear,88,87,7,0.6292576413513096,0.6485027525298841,0.4971084995393942,0.5247258748459404,0.47527412515405965,1.0353077997361413,2.396591393617766,0.4319917873748583,0.6396535188895984,0.46172403830654896,0.3259592600889471,0.5732625706008341,6.180405213134009,3.676882975220032,1.5181464896593542e-10
95,94,0,local_loglinear,89,88,6,0.5990092557072557,0.6165124840152751,0.48534948111330956,0.5206012489783365,0.4793987510216635,1.0344473937901033,2.4404680517541535,0.42387254078026787,0.6317097833796935,0.45410038927960916,0.33011178980870454,0.565374624278661,6.457571627897884,3.7645778423408784,3.317460820669269e-10
95,94,0,local_loglinear,90,89,5,0.5695015866444221,0.5852818662142085,0.47383323337960054,0.5166780305209369,0.48332196947906314,1.0335644243483069,2.4857239575501873,0.41580016204491965,0.6235389251200821,0.44643848308006495,0.3341095782275366,0.5572002027219998,6.756602325681131,3.8588097942778163,6.586103189792308e-10
95,94,0,local_loglinear,91,90,4,0.5407610410916908,0.5548386423600471,0.46256938647263024,0.5129612327339659,0.4870387672660341,1.0326583896484236,2.532369092537949,0.40778352282505936,0.6151405939394301,0.4387400747102106,0.33794369693018694,0.5487348938051305,7.079705715352253,3.9601736822944327,1.248920840232168e-9
95,94,0,local_loglinear,92,91,3,0.512812377838351,0.5252089442891696,0.45156642267379105,0.5094567712535948,0.4905432287464052,1.0317279520833478,2.58040974336327,0.3998310557991492,0.6065147097096821,0.43100716622299884,0.34160426459419246,0.5399756048283015,7.429360582077699,4.069320635052899,2.310359493534119e-9
95,94,0,local_loglinear,93,92,2,0.48567838865177304,0.49641702237953655,0.4408311174810985,0.5061723872996031,0.4938276127003969,1.0307702052514325,2.6298506696972455,0.3919500894589186,0.5976609844272852,0.42324200719744853,0.34507954103815275,0.5309209668254647,7.80836761088256,4.186960167774046,4.212051709096622e-9
95,94,0,local_loglinear,94,93,1,0.45937950933769145,0.4684849458342588,0.4303676250128366,0.5031192912512471,0.4968807087487529,1.0297793885273072,2.680699841685341,0.3841457266173786,0.5885780474046332,0.4154470851518217,0.3483542848517527,0.5215719369801484,8.219923605987203,4.3138590663006555,7.608094470774182e-9
95,94,0,local_loglinear,95,94,0,0.4339333200277022,0.4414322625887618,0.4201759512464215,0.5003150559167352,0.4996849440832648,1.0287446478657682,2.7329775163096652,0.3764189942019283,0.5792619006209477,0.40762509988623197,0.3514068288262009,0.5119327420802546,8.667735220456466,4.450833695381328,2.355094210389942e-7
100,99,0,local_loglinear,1,0,99,1.8905489305118306,1.9413556198342408,0.9038178660077935,0.8825268256025048,0.11747317439749516,,,,0.9932766422755183,0.9337836851161863,0.061764406780686135,0.7466805409386618,1.0667190368697315,2.3249284524801364,9.444954717907831e-12
100,99,0,local_loglinear,2,1,98,1.9730369965815278,2.0276623268270644,0.9344461533419904,0.8969721907464306,0.10302780925356936,1.0410485222195913,1.0940509703533396,0.9515539498889797,0.9850947192320787,0.9334988401525799,0.053798077696574825,0.750253589602985,1.083364371299011,2.3054292629678668,1.0337757456800832e-9
100,99,0,local_loglinear,3,2,97,2.051702867258132,2.110129678780688,0.9637229365529928,0.9105977686669502,0.08940223133304981,1.0419289427183027,1.096424269484925,0.9502972268278748,0.9771604547428103,0.9328681467363176,0.04638700160438913,0.7534054885661245,1.10050617573145,2.2884313376320096,1.1128440389470764e-11
100,99,0,local_loglinear,4,3,96,2.126174026037522,2.188356539664401,0.9915254772824805,0.9233037039377787,0.07669629606222128,1.0427915173281632,1.0987247394364401,0.9490925978994827,0.9695114709625504,0.9319032261304545,0.03956333177575462,0.7561709199883961,1.1180545029724822,2.2736719496259354,8.270892818756261e-10
100,99,0,local_loglinear,5,4,95,2.196164190831236,2.262029823537337,1.01775798962433,0.9350165022328139,0.06498349776718615,1.0436295525569184,1.101031987877902,0.9478648795375877,0.9621723309417423,0.9306175157916621,0.03334521154070946,0.7585831856939277,1.1359354436448321,2.260913731007415,9.838129220639274e-12
100,99,0,local_loglinear,6,5,94,2.2614673298440646,2.3309189243458075,1.042350532179529,0.9456855065393132,0.05431449346068684,1.0444387180030943,1.103404488672037,0.9465601497235987,0.9551573234048734,0.9290256677546951,0.027739695585295827,0.7606735474154225,1.1540886322725397,2.2499446748777023,5.682049252982957e-11
100,99,0,local_loglinear,7,6,93,2.3219506375199512,2.3948690328421343,1.065257221198012,0.9552798427877041,0.04472015721229594,1.045216242404463,1.1058860590689237,0.9451391794236558,0.9484726569064315,0.9271430686002351,0.022745072521321373,0.7624709205032096,1.1724653386413668,2.240576762030441,9.714246345858652e-10
100,99,0,local_loglinear,8,7,92,2.377546816451963,2.453793661750894,1.086453993967009,0.9637856695346951,0.03621433046530487,1.0459604020390112,1.108510140541346,0.9435731472228226,0.9421182211139875,0.9249854571377998,0.018352751447243874,0.7640017838919609,1.191026930560612,2.23264395842543,8.75092022904396e-10
100,99,0,local_loglinear,9,8,91,2.4282460088881583,2.5076667127550936,1.1059361183680212,0.9712036428486633,0.02879635715133666,1.0466702017052871,1.1113027184861686,0.9418407642618524,0.9360890223261428,0.9225686220287679,0.014548821106629806,0.765290216978601,1.2097435708927469,2.2260000125540698,1.0425094033209275e-9
100,99,0,local_loglinear,10,9,90,2.474087695558794,2.556514410843932,1.123715586654697,0.9775466034982793,0.022453396501720735,1.0473451424061284,1.1142843329866217,0.9399262929587497,0.9303763440861988,0.9199081656784494,0.011315330204461904,0.7663580147864385,1.2285931173481655,2.220516244639231,1.153708957415837e-9
100,99,0,local_loglinear,11,10,89,2.5151528040837325,2.60040735307698,1.139818529137699,0.9828374315247396,0.01716256847526043,1.047985096723926,1.1174714915735724,0.9378181945815917,0.924968704906955,0.9170193225977741,0.008631360837412103,0.7672248379385846,1.2475601331158161,2.2160794876305974,8.852511845630487e-10
100,99,0,local_loglinear,12,11,88,2.551556240180098,2.639452908712126,1.154282712599362,0.9871071345446434,0.012892865455356617,1.04859018237508,1.1208776448498512,0.9355081593366469,0.9198526198544367,0.9139168232745203,0.0064738970687695935,0.7679083861088616,1.266635055301397,2.2125901779511854,1.3056622056201702e-11
100,99,0,local_loglinear,13,12,87,2.583439958556241,2.673788095082877,1.1671552087048116,0.9903930981987488,0.009606901801251233,1.049160718517307,1.1245138956905572,0.9329904437268193,0.9150132302039949,0.9106147947986885,0.0048185543336046605,0.7684245694753853,1.2858134266369892,2.209960674227945,1.1765141587004923e-9
100,99,0,local_loglinear,14,13,86,2.6109666818317336,2.703573062552152,1.1784902548905807,0.992737557419822,0.007262442580178052,1.0496971596161595,1.12838947053172,0.9302613920364934,0.9104347983211097,0.9071266921172203,0.0036401627941708703,0.7687876791041943,1.3050952441989985,2.208113755065021,8.064491128042302e-10
100,99,0,local_loglinear,15,14,85,2.63431429929749,2.728985231218461,1.188347340358036,0.9941862465676244,0.005813753432375557,1.0502000692265459,1.1325120693030566,0.927319096804712,0.9061011056935916,0.9034652536916319,0.002913243664696294,0.7690105458591946,1.324484376346682,2.206981313012173,1.10692303785187e-9
100,99,0,local_loglinear,16,15,84,2.6536709630717255,2.75021411182953,1.1967895261644688,0.9947872281214634,0.005212771878536637,1.0506700981358308,1.136888109745114,0.9241631512633086,0.901995768074523,0.8996424769344458,0.0026123917883630887,0.7691046863092016,1.3439880478893949,2.2065032233994164,1.1629629748738409e-9
100,99,0,local_loglinear,17,16,83,2.669230869007755,2.7674568087553912,1.2038820014558589,0.9945898806264097,0.005410119373590261,1.0511079747877736,1.1415228934052801,0.9207944762738928,0.8981024863760944,0.8956696094259391,0.0027125836639226575,0.7690804337544915,1.3636163756207593,2.20662637445595,8.319246669863628e-10
100,99,0,local_loglinear,18,17,82,2.6811906969801083,2.7809141939672437,1.2096908544840699,0.9936440692427703,0.006355930757229733,1.0515144749064256,1.1464207318806254,0.9172151599016248,0.8944052296156885,0.891557152733844,0.0031894056944137966,0.7689470594306317,1.3833819911119194,2.207303814776537,1.2998524844080807e-11
100,99,0,local_loglinear,19,18,81,2.689746649889783,2.7907876893702475,1.2142820652933999,0.9919994224468499,0.00800057755315009,1.0518904382166516,1.1515850552433529,0.913428351147164,0.8908883882157599,0.8873148755851537,0.004019245171790892,0.7687128753613713,1.403299670440496,2.208494047080147,1.0940413667686774e-9
100,99,0,local_loglinear,20,19,80,2.695092059551142,2.79727663977532,1.2177206836767889,0.9897047643724584,0.010295235627541643,1.052236742284255,1.157018480581126,0.9094381463602523,0.8875368780720779,0.8829518347471803,0.005179421412533622,0.7683853290267232,1.4233860403525087,2.2101604053952597,1.0815002906779151e-9
100,99,0,local_loglinear,21,20,79,2.697415487930644,2.800576202937952,1.220070181859999,0.9868076535137529,0.01319234648624712,1.0525543017651744,1.1627229005881063,0.9052494805364127,0.8843362179680363,0.8784764012540758,0.0066482826745634105,0.7679710859381212,1.4436593157782858,2.2122705267141205,1.0924306831598558e-9
100,99,0,local_loglinear,22,21,78,2.6968992699689007,2.800875705632867,1.2213919611355843,0.9833540221115505,0.01664597788844946,1.0528440628313682,1.168699547019777,0.9008680336329007,0.8812725826877591,0.8738962905834311,0.008405271588006885,0.7674761021623692,1.464139073474095,2.214795899876842,1.0916143094342083e-9
100,99,0,local_loglinear,23,22,77,2.693718441098499,2.7983574083768636,1.2217449947813481,0.9793878966478711,0.02061210335212893,1.053107002323367,1.1749490764298236,0.8963001235111538,0.8783328395931076,0.8692185955348226,0.010430968170218075,0.7669056872541732,1.4848460489089577,2.2177114840168564,1.7585286649830676e-11
100,99,0,local_loglinear,24,23,76,2.6880399999986313,2.793195633744727,1.2211855756241268,0.9749512215211478,0.02504877847885223,1.0533441020252436,1.181471631790817,0.8915525973557539,0.8755045573951095,0.8644498209169111,0.012707097802785478,0.7662645633778843,1.505801999279846,2.220995362849802,3.784702236030334e-10
100,99,0,local_loglinear,25,24,75,2.6800224403420065,2.7855561828693807,1.2197671670229668,0.9700837214459317,0.02991627855406831,1.053556360968695,1.1882669401373778,0.8866327298871847,0.87277601373533,0.8595959187600257,0.015216535248876562,0.7655569140892424,1.5270295609378417,2.224628464823517,1.437695799768458e-11
100,99,0,local_loglinear,26,25,74,2.66981551954747,2.775596012916294,1.2175403287102815,0.9648228357731614,0.035177164226838586,1.0537447767315022,1.1953343822658948,0.8815481193923385,0.870136185207946,0.8546623238509572,0.0179432860582161,0.7647864296348634,1.5485521548979542,2.228594311547781,5.5459231390744344e-11
100,99,0,local_loglinear,27,26,73,2.6575602138094387,2.7634631201946025,1.2145527051834133,0.9592036983420239,0.0407963016579761,1.0539103381906127,1.2026730806164831,0.8763065833737499,0.8675747293744143,0.8496539887827699,0.020872456894185126,0.7639563475044889,1.5703939174826163,2.23287879886333,1.1508522189018284e-9
100,99,0,local_loglinear,28,27,72,2.643388821956519,2.74929658924265,1.210849064830845,0.9532591548379504,0.04674084516204957,1.0540540188585914,1.2102819853751083,0.8709160605508836,0.8650819604433143,0.8445754181181424,0.02399021708634244,0.7630694884837276,1.5925796546009194,2.237470007676717,8.898333542911657e-10
100,99,0,local_loglinear,29,28,71,2.6274251852960973,2.7332267718322183,1.2064713810267549,0.9470198029668361,0.05298019703316392,1.0541767757996028,1.2181599504800056,0.8653845296623103,0.8626488234370288,0.8394307013554316,0.027283757344619797,0.7621282879013926,1.6151348065704794,2.2423580449494844,1.4305869822729932e-11
100,99,0,local_loglinear,30,29,70,2.609784999916241,2.715375574403002,1.2014589340527975,0.9405140775246226,0.05948592247537743,1.0542795270904564,1.2263058149400632,0.8597199118247557,0.8602668552610895,0.8342235445904309,0.03074123241072718,0.7611348268585473,1.6380854649655117,2.247534889037646,8.609828067420729e-10
100,99,0,local_loglinear,31,30,69,2.590576185269966,2.6958568091172377,1.195848440844464,0.9337683309469339,0.0662316690530661,1.0543631630957584,1.2347184826735462,0.8539300074400256,0.8579281531663995,0.8289573003515109,0.034351712021488956,0.7600908571849159,1.6614583760738846,2.252994271004235,1.3133039732392e-9
100,99,0,local_loglinear,32,31,68,2.5698993008433804,2.6747766031345503,1.1896741970523783,0.9268069349416811,0.0731930650583189,1.0544285357000869,1.2433969870275312,0.8480224310506068,0.8556253380955429,0.8236349958747555,0.03810512558760884,0.7589978249328404,1.6852809728044842,2.258731566480098,2.1184539370567852e-11
100,99,0,local_loglinear,33,32,67,2.547847990572902,2.6522338446214357,1.1829682213340613,0.9196524037980283,0.08034759620197174,1.0544764436161553,1.2523405529546063,0.8420045499032698,0.8533515112139372,0.818259359623682,0.04199219887973235,0.7578568936026544,1.7095814447016902,2.264743691219491,8.29130028894917e-11
100,99,0,local_loglinear,34,33,66,2.524509433811739,2.628320637403762,1.1757604111633657,0.9123254992408295,0.08767450075917049,1.054507647380014,1.2615486678890473,0.8358834456577282,0.8511002208391152,0.8128328458139011,0.04600440325385044,0.7566689617121657,1.7343887862040472,2.2710290283092593,8.879585178518245e-10
100,99,0,local_loglinear,35,34,65,2.4999648048195438,2.6031227712511176,1.1680786929350313,0.9048453563868122,0.09515464361318782,1.0545228521268863,1.2710211256397121,0.8296658732530028,0.8488654211946475,0.8073576573450556,0.05013389542791896,0.755434681197955,1.759732889043627,2.2775873528257313,1.2733018067736549e-11
100,99,0,local_loglinear,36,35,64,2.474289722287076,2.5767201834805475,1.1599491737520988,0.897229597096102,0.10277040290389805,1.0545227157384414,1.2807580817569115,0.8233582366248853,0.8466414375021888,0.801835766862794,0.05437346525122541,0.7541544720128835,1.7856446280992395,2.284419778201742,5.445828100452155e-11
100,99,0,local_loglinear,37,36,63,2.4475546893466227,2.549187414848004,1.1513962839932437,0.8894944518123693,0.1105055481876307,1.0545078387583622,1.2907600929010905,0.8169665645521068,0.8444229273026719,0.7962689362119804,0.058716479442295494,0.7528285369703649,1.8121559781203904,2.2915287028376965,1.2529058898612058e-9
100,99,0,local_loglinear,38,37,62,2.419825513422004,2.520594045071436,1.1424429184083014,0.8816548671390225,0.11834513286097748,1.0544787731183896,1.3010281629241702,0.8104965005126098,0.8422048480073296,0.7906587341774294,0.06315683333243174,0.7514568730132896,1.8393001245226217,2.2989177773063187,1.8345007139152465e-11
100,99,0,local_loglinear,39,38,61,2.391163708739622,2.4910051133991824,1.1331105656121394,0.8737246195111537,0.12627538048884634,1.0544360129486743,1.3115637694505966,0.8039532941584449,0.8399824209929634,0.7850065527717136,0.06768889900159075,0.750039282951677,1.867111605539185,2.306591870663472,8.011796865418734e-11
100,99,0,local_loglinear,40,39,60,2.3616268734675137,2.4604815123771218,1.1234194348170548,0.8657164119483516,0.13428358805164842,1.0543800051807641,1.322368922091545,0.7973417913611338,0.8377511026749717,0.7793136219833021,0.07230748238560589,0.7485753836969602,1.895626445704042,2.314557057329929,2.9879495082163807e-10
100,99,0,local_loglinear,41,40,59,2.331269046632857,2.4290803626353545,1.1133885710952243,0.8576419737933955,0.14235802620660454,1.054311142618872,1.3334461589872366,0.7906664513696077,0.8355065531870446,0.7735810232700879,0.07700777801413353,0.7470646148553557,1.9248823176668426,2.3228206039811687,7.692975964530758e-10
100,99,0,local_loglinear,42,41,58,2.3001410396833863,2.3968553613466446,1.1030359648137917,0.8495121510335847,0.15048784896641532,1.0542297685472155,1.3447985976888384,0.7839313413614556,0.8332446082725442,0.7678097017502061,0.08178532818221362,0.7455062451074794,1.954918711197913,2.331390970565085,9.4879295098094e-10
100,99,0,local_loglinear,43,42,57,2.268290744832541,2.3638571065499434,1.092378653024026,0.8413369872002933,0.15866301279970674,1.0541361800414322,1.3564299563055315,0.7771401502459825,0.8309612544613133,0.7620004772408553,0.08663598658469915,0.7438993775241354,1.9857771086723497,2.3402778195814298,8.606440529680023e-10
100,99,0,local_loglinear,44,43,56,2.2357634221793936,2.330133401062325,1.0814328100380377,0.8331258105381537,0.1668741894618463,1.0540306194764717,1.3683445741913671,0.7702961953858432,0.8286525999077965,0.7561540542943066,0.09155587714517058,0.742242955179868,2.017501201063455,2.349492026371494,1.2537669970550832e-11
100,99,0,local_loglinear,45,44,55,2.202601960464334,2.295729526493829,1.0702138370399328,0.8248872953330233,0.1751127046669767,1.0539132931062558,1.3805474572294847,0.7634024369008465,0.8263148563635498,0.7502710311192189,0.09654136685193185,0.7405357628261386,2.050137078329101,2.359045714291111,7.244689085879575e-10
100,99,0,local_loglinear,46,45,54,2.1688471223700536,2.260688503701465,1.0587364384315603,0.8166295380296211,0.18337046197037887,1.0537843548938552,1.3930442745690619,0.7564614952527933,0.8239443128140294,0.7443519078026333,0.10158902872446543,0.7387764307073825,2.0837334797123988,2.368952281555756,8.502484153513635e-10
100,99,0,local_loglinear,47,46,53,2.13453776563944,2.225051325802776,1.0470146969402807,0.8083601106694358,0.1916398893305642,1.053643923150116,1.4058414050212344,0.7494756658801078,0.8215373188751305,0.7383970935820054,0.10669561709083022,0.7369634348738483,2.118342025766712,2.3792264516230537,1.198459416426131e-11
100,99,0,local_loglinear,48,47,52,2.0997110496343647,2.1888571778384134,1.035062137916546,0.800086125529751,0.199913874470249,1.0534920678453217,1.4189459482199716,0.7424469333499971,0.8190902615626238,0.7324069135298579,0.11185803494812682,0.7350950989733315,2.1540175073491046,2.389884319828633,1.2955743843543341e-9
100,99,0,local_loglinear,49,48,51,2.0644026210804274,2.152143632981196,1.0228917914760622,0.7918142819792735,0.2081857180207265,1.0533288234317257,1.4323657730819215,0.7353769848642443,0.8165995496378333,0.7263816144606079,0.11707331089890816,0.7331695933655918,2.1908181686526613,2.40094342026117,7.099960770851222e-10
100,99,0,local_loglinear,50,49,50,2.0286467861836797,2.1149468346625184,1.0105162499495928,0.7835509119071964,0.2164490880928036,1.0531541882478368,1.4461095206873573,0.7282672392249081,0.8140615977644334,0.7203213703433426,0.12233857594308276,0.7311849336375564,2.2288060207443525,2.412422802038427,1.005685536997215e-11
100,99,0,local_loglinear,51,50,49,1.9924766693939333,2.0773016652747964,0.9979477177728019,0.7753020267263656,0.2246979732736344,1.052968120087526,1.4601866426730687,0.7211188551621907,0.8114728089035848,0.7142262872405607,0.12765103815223705,0.7291389796287034,2.2680471971945284,2.424343109275608,1.157639037943826e-9
100,99,0,local_loglinear,52,51,48,1.9559243572146114,2.039241898312817,0.9851980597454812,0.7670733547970118,0.23292664520298823,1.0527705434046926,1.4746074286816182,0.7139327545270326,0.8088295606217459,0.7080964077441654,0.1330079622256814,0.7270294324799026,2.308612326762686,2.436726679933527,8.98579684471297e-10
100,99,0,local_loglinear,53,52,47,1.919021031253956,2.000800339988715,0.972278841844426,0.758870382940602,0.24112961705939795,1.052561342750525,1.4893830491188589,0.7067096294490768,0.806128188495419,0.7019317150635391,0.138406645353626,0.7248538325925169,2.3505769608378206,2.4495976478063533,1.1544660172762278e-11
100,99,0,local_loglinear,54,53,46,1.8817970878583652,1.9620089548036992,0.9592013750832428,0.7506983793299911,0.24930162067000894,1.0523403795827224,1.5045255722160586,0.6994499787947773,0.8033649783988464,0.6957321366999591,0.1438444040453563,0.7226095540117797,2.39402199711308,2.4629820751361744,1.0712016996350753e-9
100,99,0,local_loglinear,55,54,45,1.8442822526164673,1.9228989879224343,0.945976748912163,0.7425624338820856,0.25743756611791435,1.0521074731922675,1.5200479985287392,0.6921541123771136,0.8005361492421768,0.6894975480137127,0.14931854869915212,0.7202938018867038,2.439034200941169,2.4769080779655304,1.4098428711787166e-11
100,99,0,local_loglinear,56,55,44,1.8065056816125078,1.8835010714675593,0.9326158675620458,0.7344674777700094,0.2655325222299906,1.051862419579872,1.5359643050712004,0.684822177251777,0.7976378459494505,0.6832277754057423,0.15482637079223158,0.7179036063545275,2.4857067238947375,2.4914059849160277,1.2322611814076328e-9
100,99,0,local_loglinear,57,56,43,1.768496058120324,1.8438453272659658,0.9191294807835922,0.7264183134173616,0.2735816865826384,1.051604980371001,1.5522894657908894,0.6774541756200153,0.7946661266764725,0.6769225994590784,0.16036512233906897,0.7154358177685023,2.534139710782062,2.50650850186632,9.244502044105065e-10
100,99,0,local_loglinear,58,57,42,1.7302816804416474,1.8039614600740685,0.9055282107671329,0.7184196407952697,0.28158035920473035,1.0513348840970604,1.569039509949158,0.6700499747970827,0.791616951525968,0.6705817578811148,0.1659319967766614,0.7128871018100704,2.584440963775155,2.5222508927213845,7.908245394229213e-10
100,99,0,local_loglinear,59,58,41,1.6918905417313632,1.7638788409282131,0.8918225830479342,0.7104760699480464,0.28952393005195365,1.0510518405527853,1.5862315397546622,0.6626093443554579,0.788486178461217,0.6642049483176353,0.17152411839152154,0.7102539314785419,2.6367266340626316,2.538671196998267,9.479275545977895e-12
100,99,0,local_loglinear,60,59,40,1.6533504076974275,1.723626589746456,0.8780230499268317,0.7025921459407732,0.29740785405922676,1.0507555264460458,1.6038837703230224,0.6551319652261481,0.7852695526501215,0.6577918312752182,0.17713852258544904,0.7075325817752671,2.6911220299102756,2.555810450883779,5.448208291502214e-11
100,99,0,local_loglinear,61,60,39,1.6146888866797728,1.6832336492134743,0.8641400141705213,0.6947723666101723,0.3052276333898277,1.0504455924028535,1.622015565421711,0.6476174549716767,0.7819626996208414,0.6513420329695343,0.18277214021027482,0.7047191229178966,2.7477624902791624,2.573712939717397,1.2173302950017569e-9
100,99,0,local_loglinear,62,61,38,1.5759334948517632,1.6427288532622852,0.8501838521332694,0.6870211968241198,0.3129788031758802,1.050121666350872,1.6406474933087247,0.6400653831086358,0.7785611205484111,0.6448551482330986,0.18842178365981238,0.7018094129901169,2.8067943418262926,2.592426479514837,1.2260661894961402e-9
100,99,0,local_loglinear,63,62,37,1.5371117177911153,1.602140992450179,0.8361649317522789,0.6793430882955197,0.3206569117044803,1.0497833462934618,1.6598013271126466,0.6324753024023915,0.7750601848295233,0.638330743559314,0.1940841283315089,0.6987990923136285,2.8683759827771467,2.6120027161129027,1.3097342919980412e-11
100,99,0,local_loglinear,64,63,36,1.498251065563669,1.5614988708948896,0.8220936365377114,0.6717424834776822,0.3282575165223178,1.0494302192736173,1.6795001078207348,0.6248467710045724,0.7714551319332634,0.6317683602171995,0.19975570486939281,0.6956835742562082,2.9326790256760695,2.6324974797421508,7.459952079954827e-11
100,99,0,local_loglinear,65,64,35,1.4593791274948211,1.520831364787329,0.8079803803474944,0.6642238367160758,0.33577616328392423,1.0490618411719836,1.6997681494074077,0.6171793732796554,0.7677410644686559,0.6251675177144116,0.20543287849187924,0.692458040484147,2.9998896346479373,2.653971147576382,1.2619521219495434e-10
100,99,0,local_loglinear,66,65,34,1.4205236194565825,1.4801674716388864,0.793835625725372,0.656791620434846,0.34320837956515404,1.0486777540159689,1.7206310741226565,0.6094727508921026,0.7639129502753017,0.6185277173620007,0.21111183857309468,0.6891174337220064,3.0702099534545875,2.6764890637607355,2.172692982273955e-10
100,99,0,local_loglinear,67,66,33,1.381712428745136,1.439536357578858,0.779669899312809,0.6494503362687245,0.3505496637312755,1.048277481243315,1.7421158466056745,0.6017266206984864,0.7599656228608229,0.6118484462044975,0.21678858425498054,0.6856564521363416,3.1438597141672973,2.7001219956450795,1.0851024801216752e-9
100,99,0,local_loglinear,68,67,32,1.3429736542172481,1.3989673993682503,0.7654938071661156,0.6422045217646606,0.3577954782353394,1.047860533751467,1.7642507536188905,0.593940816860676,0.7558937855467907,0.6051291812666171,0.22245891300782322,0.6820695437732358,3.221078009056158,2.724946642624406,8.863178608830397e-12
100,99,0,local_loglinear,69,68,31,1.3043356427131239,1.3584902230426021,0.7513180454444015,0.6350587601168075,0.3649412398831925,1.047426406138036,1.7870654266658592,0.5861153097747669,0.7516920153248299,0.5983693942152868,0.22811840664867494,0.6783509036425288,3.3021252787341555,2.7510461866007963,8.321868367617474e-10
100,99,0,local_loglinear,70,69,30,1.2658270195299761,1.3181347356017281,0.7371534147168449,0.6280176826692584,0.3719823173307416,1.0469745890920636,1.8105908368695551,0.5782502417289619,0.7473547724703397,0.5915685564195234,0.23376242271287118,0.6744944693857612,3.3872854949412856,2.7785109197945537,7.258140583288331e-12
100,99,0,local_loglinear,71,70,29,1.2274767151592558,1.2779311532455702,0.7230108295061999,0.6210859726970169,0.37891402730298307,1.0465045678072722,1.834859264624878,0.5703459594876458,0.7428764113796902,0.5847261445491785,0.23938608492403157,0.6704939202715663,3.4768686004698965,2.8074389260189614,1.6251155862123748e-10
100,99,0,local_loglinear,72,71,28,1.189313986416011,1.237910024006283,0.7089013254809094,0.6142683706336121,0.38573162936638794,1.0460158226791918,1.8599042569188433,0.5624030477848595,0.7382511926559554,0.577841646720286,0.24498427261601174,0.6663426784157189,3.571213241228949,2.83793683213358,8.857062331311164e-12
100,99,0,local_loglinear,73,72,27,1.1513684306064678,1.1981022427428538,0.694836066214043,0.6075696729254918,0.3924303270745082,1.045507839504214,1.8857606039946972,0.55442235737106,0.7334733012069633,0.5709145691905624,0.25055161541427123,0.6620339113647429,3.6706897854594485,2.870120646886766,6.910627633718273e-11
100,99,0,local_loglinear,74,73,26,1.1136699935164003,1.1585390599635912,0.6808263471891484,0.6009947316710091,0.39900526832899086,1.0449801115288126,1.9124642197488113,0.5464050520464447,0.7285368665084302,0.5639444437241683,0.2560824877951411,0.6575605378695251,3.775703702387658,2.904116686307346,1.3556963827686655e-9
100,99,0,local_loglinear,75,74,25,1.076248969775409,1.119252082832444,0.6668835964702645,0.5945484525391156,0.4054515474608844,1.044432144046887,1.940052066867805,0.5383526359336903,0.7234359866630464,0.5569308356311091,0.2615710056398003,0.6529152373468395,3.8866993325868533,2.940062595209697,8.452789100212862e-10
100,99,0,local_loglinear,76,75,24,1.0391359945524086,1.080273266724464,0.6530193760282689,0.5882357858295453,0.4117642141704547,1.0438634681824173,1.9685620229216345,0.5302669949068564,0.7181647595467275,0.5498733525186057,0.267011029282027,0.648090461298753,4.00416406632012,2.978108493535507,6.2782730761851485e-12
100,99,0,local_loglinear,77,76,23,1.0023620273795577,1.0416348997896199,0.6392453732112581,0.5820617265068904,0.41793827349310964,1.0432736304347157,1.9980327040710606,0.5221504274224389,0.7127173118631857,0.5427716538591034,0.2723961602215609,0.6430784530474375,4.1286330796812,3.018418215022674,1.0155639776331148e-9
100,99,0,local_loglinear,78,77,22,0.9659583237024949,1.003369573515621,0.6255733959321276,0.5760312975617086,0.42396870243829143,1.042662220700659,2.028503279069506,0.5140056865862885,0.7070878413785183,0.5356254612370339,0.27771975293906803,0.637871268177474,4.260694536448843,3.061170715886411,1.2479424369906793e-9
100,99,0,local_loglinear,79,78,21,0.9299563973543913,0.9655101450341768,0.6120153590870416,0.5701495432693201,0.4298504567306799,1.042028862778701,2.060013238522859,0.5058360030374816,0.7012706568227884,0.5284345694999417,0.2829749200647599,0.6324608039326404,4.4009954852669395,3.1065616095538573,1.105272010635726e-9
100,99,0,local_loglinear,80,79,20,0.8943879697345979,0.9280896851539815,0.5985832688221352,0.5644215123611196,0.4355784876388804,1.0413732320079532,2.0926020765609032,0.49764512979906955,0.6952602272505278,0.5211988586381395,0.28815454780764466,0.6268388336005434,4.550248408107614,3.1548048809134523,7.31015875107572e-12
100,99,0,local_loglinear,81,80,19,0.8592849066113265,0.8911414138961362,0.5852892016872934,0.5588522417465432,0.44114775825345676,1.040695059746632,2.1263089812708302,0.4894373625439141,0.6890512345981975,0.5139183064899957,0.2932513130257032,0.6209970485518013,4.709238574057764,3.206134783348894,7.420672233586861e-11
100,99,0,local_loglinear,82,81,18,0.8246791410078389,0.854698621532404,0.5721452795698649,0.5534467345548657,0.4465532654451343,1.039994145675106,2.161172441217613,0.4812175677611219,0.6826386330244458,0.5065930021976799,0.29825770753981773,0.6149271077260845,4.8788322544289295,3.260807947108895,1.273271445424247e-10
100,99,0,local_loglinear,83,82,17,0.7906025820244555,0.8187945754385021,0.5591636383847025,0.5482099390971814,0.4517900609028186,1.0392703615179752,2.1972297964111807,0.4729912015645588,0.6760177108790508,0.49922316040442594,0.30316606420506703,0.6086206964162829,5.059985960052575,3.319105711946836,2.220159352478008e-10
100,99,0,local_loglinear,84,83,16,0.7570870082915329,0.7834624109837715,0.5463563918205155,0.543146722392659,0.45685327760734096,1.038523662983673,2.2345167320481156,0.4647643260347314,0.6691841587481862,0.49180913606914345,0.3079685905007605,0.6020695938187143,5.253756780392639,3.3813367197115776,1.260769635862982e-9
100,99,0,local_loglinear,85,84,15,0.7241639462590713,0.7487350068932048,0.5337355893149995,0.5382618413494449,0.4617381586505551,1.0377540975293098,2.273066751052204,0.45654360878268657,0.6621341412918909,0.48435143983630136,0.31265740717386664,0.5952657504136202,5.4613139884383095,3.447839790956264,1.2864212287746081e-9
100,99,0,local_loglinear,86,85,14,0.6918645331277226,0.7146448450001857,0.5213131680737036,0.5335599149209767,0.46644008507902335,1.0369618080763516,2.312910500043719,0.4483363312401197,0.6548643702539324,0.47685075382844466,0.3172245890051134,0.5882013755556285,5.683952107020676,3.5189871173935714,8.017646598540945e-10
100,99,0,local_loglinear,87,86,13,0.6602193643239895,0.6812238541076756,0.5091008978203885,0.5290453905190249,0.4709546094809751,1.0361470420140009,2.35407513631538,0.4401503698967688,0.6473721819108811,0.46930794765839645,0.32166221384203003,0.58086903610716,5.9231055618255715,3.595187798881611,3.9185531344575456e-12
100,99,0,local_loglinear,88,87,12,0.629258326513583,0.6485032391785618,0.49711032041558095,0.5247225136238282,0.47527748637617184,1.035310151860494,2.3965835984357637,0.4319941739300206,0.6396556127304097,0.4617240945181481,0.3259624117391589,0.5732617650029496,6.180365215540363,3.6768917744451532,5.509989393653516e-11
100,99,0,local_loglinear,89,88,11,0.5990104168068763,0.6165132966791546,0.4853526811398398,0.520595298901766,0.47940470109823397,1.0344515928970521,2.44045385271508,0.42387672757925454,0.6317134731992624,0.45410048705955275,0.33011741546926987,0.5653731813279197,6.457497022480531,3.7645941703397567,1.535756271321437e-10
100,99,0,local_loglinear,90,89,10,0.569503549374031,0.5852832176620115,0.4738388505325225,0.516667510497629,0.48333248950237095,1.0335719092149485,2.4856981286382456,0.41580749380101767,0.6235454141440514,0.4464386527841788,0.33411960481113834,0.5571976220980905,6.756463187424005,3.85884009918469,2.4165799350076273e-10
100,99,0,local_loglinear,91,90,9,0.5407643505843827,0.5548408799538552,0.4625792349516487,0.5129426560792142,0.4870573439207858,1.0326717102038387,2.5323221739790482,0.40779633840239116,0.6151519817164617,0.43874036855352405,0.33796153949407604,0.5487302857822102,7.079446259804803,3.960229941841144,3.372789705225643e-10
100,99,0,local_loglinear,92,91,8,0.512817944252991,0.5252126319902507,0.4515836694573531,0.5094240098731668,0.4905759901268332,1.0317516193040477,2.5803246390806507,0.39985341521664214,0.606534651101382,0.4310076737803117,0.34163596510807537,0.5399673901845383,7.428876833545401,4.069425103606857,4.159083047231867e-10
100,99,0,local_loglinear,93,92,7,0.48568772791187637,0.4964230704013972,0.44086128421714693,0.5061146859850308,0.49388531401496916,1.0308121842213123,2.6296965354182276,0.39198902623848636,0.5976958259697241,0.42324288171076396,0.3451357696139714,0.530906347971667,7.807465801623877,4.187154203760159,5.518423940577778e-10
100,99,0,local_loglinear,94,93,6,0.4593951403680412,0.4684948139347392,0.43042032639580263,0.5030178014936382,0.4969821985063618,1.0298537150505263,2.6804211279926027,0.3842134000121821,0.5886387811797376,0.4154485880357658,0.3484538493173972,0.5215459681918024,8.21824269263667,4.314219548192748,7.897514349831268e-10
100,99,0,local_loglinear,95,94,5,0.43395941890201173,0.44144827583163115,0.4202679073372535,0.5001367955081653,0.49986320449183475,1.0288760024117465,2.7324743691036315,0.37653637817992114,0.5793675129730024,0.4076276757697225,0.35158281526375845,0.5118866984804666,8.664602598628331,4.4515035583358165,1.2085682689576995e-9
100,99,0,local_loglinear,96,95,4,0.40939734131362043,0.415301436435547,0.4104096213167535,0.49747601840395006,0.5025239815960499,1.0278778272600504,2.7858263801264567,0.36896693727675595,0.5698864375220952,0.39978331487806995,0.35451442103803965,0.5019309357741123,9.150366012992688,4.599974470235347,1.947341467011922e-9
100,99,0,local_loglinear,97,96,3,0.385722942444561,0.390069616948064,0.4008489429874787,0.49504178734463844,0.5049582126553616,1.026856112533719,2.8404447376584607,0.36151244166792507,0.5601998399641179,0.3919189543898478,0.3572385077401834,0.4916834553691544,9.679859204763702,4.760689951383088,3.2501891260496372e-9
100,99,0,local_loglinear,98,97,2,0.36294718546972954,0.3657652540806392,0.391586243380329,0.49284424426545004,0.50715575573455,1.025804459563092,2.8963008772255043,0.35417745015005336,0.5503109118294214,0.38403830352413393,0.3597411163693156,0.48115204637543696,10.258028837611551,4.934796031655616,5.5442052607506364e-9
100,99,0,local_loglinear,99,98,1,0.3410775528075546,0.3423976740430127,0.3826171493140752,0.4909005926182295,0.5090994073817705,1.0247106292987787,2.9533819885549066,0.34696176561981773,0.5402201083451612,0.3761452964032066,0.36200116920468617,0.4703485073504224,10.890615777832773,5.123516403857565,9.57378499661532e-9
100,99,0,local_loglinear,100,99,0,0.32011749615058593,0.31997286317008644,0.3739297762622779,0.489240696757155,0.510759303242845,1.0235522260036498,3.011712207295009,0.3398572491502967,0.529922384048847,0.368244031764157,0.3639847024417412,0.4592902677048419,11.584433763132262,5.32812279497322,2.894600143553029e-7
105,104,0,local_loglinear,1,0,104,1.8905489305118306,1.9413556198342408,0.9038178660077935,0.8825268256025048,0.11747317439749516,,,,0.9932766422755183,0.9337836851161863,0.061764406780686135,0.7466805409386618,1.0667190368697315,2.3249284524801364,9.444954717907831e-12
105,104,0,local_loglinear,2,1,103,1.9730369965815278,2.0276623268270644,0.9344461533419904,0.8969721907464306,0.10302780925356936,1.0410485222195913,1.0940509703533396,0.9515539498889797,0.9850947192320787,0.9334988401525799,0.053798077696574825,0.750253589602985,1.083364371299011,2.3054292629678668,1.0337757456800832e-9
105,104,0,local_loglinear,3,2,102,2.051702867258132,2.110129678780688,0.9637229365529928,0.9105977686669502,0.08940223133304981,1.0419289427183027,1.096424269484925,0.9502972268278748,0.9771604547428103,0.9328681467363176,0.04638700160438913,0.7534054885661245,1.10050617573145,2.2884313376320096,1.1128440389470764e-11
105,104,0,local_loglinear,4,3,101,2.126174026037522,2.188356539664401,0.9915254772824805,0.9233037039377787,0.07669629606222128,1.0427915173281632,1.0987247394364401,0.9490925978994827,0.9695114709625504,0.9319032261304545,0.03956333177575462,0.7561709199883961,1.1180545029724822,2.2736719496259354,8.270892818756261e-10
105,104,0,local_loglinear,5,4,100,2.196164190831236,2.262029823537337,1.01775798962433,0.9350165022328139,0.06498349776718615,1.0436295525569184,1.101031987877902,0.9478648795375877,0.9621723309417423,0.9306175157916621,0.03334521154070946,0.7585831856939277,1.1359354436448321,2.260913731007415,9.838129220639274e-12
105,104,0,local_loglinear,6,5,99,2.2614673298440646,2.3309189243458075,1.042350532179529,0.9456855065393132,0.05431449346068684,1.0444387180030943,1.103404488672037,0.9465601497235987,0.9551573234048734,0.9290256677546951,0.027739695585295827,0.7606735474154225,1.1540886322725397,2.2499446748777023,5.682049252982957e-11
105,104,0,local_loglinear,7,6,98,2.3219506375199512,2.3948690328421343,1.065257221198012,0.9552798427877041,0.04472015721229594,1.045216242404463,1.1058860590689237,0.9451391794236558,0.9484726569064315,0.9271430686002351,0.022745072521321373,0.7624709205032096,1.1724653386413668,2.240576762030441,9.714246345858652e-10
105,104,0,local_loglinear,8,7,97,2.377546816451963,2.453793661750894,1.086453993967009,0.9637856695346951,0.03621433046530487,1.0459604020390112,1.108510140541346,0.9435731472228226,0.9421182211139875,0.9249854571377998,0.018352751447243874,0.7640017838919609,1.191026930560612,2.23264395842543,8.75092022904396e-10
105,104,0,local_loglinear,9,8,96,2.4282460088881583,2.5076667127550936,1.1059361183680212,0.9712036428486633,0.02879635715133666,1.0466702017052871,1.1113027184861686,0.9418407642618524,0.9360890223261428,0.9225686220287679,0.014548821106629806,0.765290216978601,1.2097435708927469,2.2260000125540698,1.0425094033209275e-9
105,104,0,local_loglinear,10,9,95,2.474087695558794,2.556514410843932,1.123715586654697,0.9775466034982793,0.022453396501720735,1.0473451424061284,1.1142843329866217,0.9399262929587497,0.9303763440861988,0.9199081656784494,0.011315330204461904,0.7663580147864385,1.2285931173481655,2.220516244639231,1.153708957415837e-9
105,104,0,local_loglinear,11,10,94,2.5151528040837325,2.60040735307698,1.139818529137699,0.9828374315247396,0.01716256847526043,1.047985096723926,1.1174714915735724,0.9378181945815917,0.924968704906955,0.9170193225977741,0.008631360837412103,0.7672248379385846,1.2475601331158161,2.2160794876305974,8.852511845630487e-10
105,104,0,local_loglinear,12,11,93,2.551556240180098,2.639452908712126,1.154282712599362,0.9871071345446434,0.012892865455356617,1.04859018237508,1.1208776448498512,0.9355081593366469,0.9198526198544367,0.9139168232745203,0.0064738970687695935,0.7679083861088616,1.266635055301397,2.2125901779511854,1.3056622056201702e-11
105,104,0,local_loglinear,13,12,92,2.583439958556241,2.673788095082877,1.1671552087048116,0.9903930981987488,0.009606901801251233,1.049160718517307,1.1245138956905572,0.9329904437268193,0.9150132302039949,0.9106147947986885,0.0048185543336046605,0.7684245694753853,1.2858134266369892,2.209960674227945,1.1765141587004923e-9
105,104,0,local_loglinear,14,13,91,2.6109666818317336,2.703573062552152,1.1784902548905807,0.992737557419822,0.007262442580178052,1.0496971596161595,1.12838947053172,0.9302613920364934,0.9104347983211097,0.9071266921172203,0.0036401627941708703,0.7687876791041943,1.3050952441989985,2.208113755065021,8.064491128042302e-10
105,104,0,local_loglinear,15,14,90,2.63431429929749,2.728985231218461,1.188347340358036,0.9941862465676244,0.005813753432375557,1.0502000692265459,1.1325120693030566,0.927319096804712,0.9061011056935916,0.9034652536916319,0.002913243664696294,0.7690105458591946,1.324484376346682,2.206981313012173,1.10692303785187e-9
105,104,0,local_loglinear,16,15,89,2.6536709630717255,2.75021411182953,1.1967895261644688,0.9947872281214634,0.005212771878536637,1.0506700981358308,1.136888109745114,0.9241631512633086,0.901995768074523,0.8996424769344458,0.0026123917883630887,0.7691046863092016,1.3439880478893949,2.2065032233994164,1.1629629748738409e-9
105,104,0,local_loglinear,17,16,88,2.669230869007755,2.7674568087553912,1.2038820014558589,0.9945898806264097,0.005410119373590261,1.0511079747877736,1.1415228934052801,0.9207944762738928,0.8981024863760944,0.8956696094259391,0.0027125836639226575,0.7690804337544915,1.3636163756207593,2.20662637445595,8.319246669863628e-10
105,104,0,local_loglinear,18,17,87,2.6811906969801083,2.7809141939672437,1.2096908544840699,0.9936440692427703,0.006355930757229733,1.0515144749064256,1.1464207318806254,0.9172151599016248,0.8944052296156885,0.891557152733844,0.0031894056944137966,0.7689470594306317,1.3833819911119194,2.207303814776537,1.2998524844080807e-11
105,104,0,local_loglinear,19,18,86,2.689746649889783,2.7907876893702475,1.2142820652933999,0.9919994224468499,0.00800057755315009,1.0518904382166516,1.1515850552433529,0.913428351147164,0.8908883882157599,0.8873148755851537,0.004019245171790892,0.7687128753613713,1.403299670440496,2.208494047080147,1.0940413667686774e-9
105,104,0,local_loglinear,20,19,85,2.695092059551142,2.79727663977532,1.2177206836767889,0.9897047643724584,0.010295235627541643,1.052236742284255,1.157018480581126,0.9094381463602523,0.8875368780720779,0.8829518347471803,0.005179421412533622,0.7683853290267232,1.4233860403525087,2.2101604053952597,1.0815002906779151e-9
105,104,0,local_loglinear,21,20,84,2.697415487930644,2.800576202937952,1.220070181859999,0.9868076535137529,0.01319234648624712,1.0525543017651744,1.1627229005881063,0.9052494805364127,0.8843362179680363,0.8784764012540758,0.0066482826745634105,0.7679710859381212,1.4436593157782858,2.2122705267141205,1.0924306831598558e-9
105,104,0,local_loglinear,22,21,83,2.6968992699689007,2.800875705632867,1.2213919611355843,0.9833540221115505,0.01664597788844946,1.0528440628313682,1.168699547019777,0.9008680336329007,0.8812725826877591,0.8738962905834311,0.008405271588006885,0.7674761021623692,1.464139073474095,2.214795899876842,1.0916143094342083e-9
105,104,0,local_loglinear,23,22,82,2.693718441098499,2.7983574083768636,1.2217449947813481,0.9793878966478711,0.02061210335212893,1.053107002323367,1.1749490764298236,0.8963001235111538,0.8783328395931076,0.8692185955348226,0.010430968170218075,0.7669056872541732,1.4848460489089577,2.2177114840168564,1.7585286649830676e-11
105,104,0,local_loglinear,24,23,81,2.6880399999986313,2.793195633744727,1.2211855756241268,0.9749512215211478,0.02504877847885223,1.0533441020252436,1.181471631790817,0.8915525973557539,0.8755045573951095,0.8644498209169111,0.012707097802785478,0.7662645633778843,1.505801999279846,2.220995362849802,3.784702236030334e-10
105,104,0,local_loglinear,25,24,80,2.6800224403420065,2.7855561828693807,1.2197671670229668,0.9700837214459317,0.02991627855406831,1.053556360968695,1.1882669401373778,0.8866327298871847,0.87277601373533,0.8595959187600257,0.015216535248876562,0.7655569140892424,1.5270295609378417,2.224628464823517,1.437695799768458e-11
105,104,0,local_loglinear,26,25,79,2.66981551954747,2.775596012916294,1.2175403287102815,0.9648228357731614,0.035177164226838586,1.0537447767315022,1.1953343822658948,0.8815481193923385,0.870136185207946,0.8546623238509572,0.0179432860582161,0.7647864296348634,1.5485521548979542,2.228594311547781,5.5459231390744344e-11
105,104,0,local_loglinear,27,26,78,2.6575602138094387,2.7634631201946025,1.2145527051834133,0.9592036983420239,0.0407963016579761,1.0539103381906127,1.2026730806164831,0.8763065833737499,0.8675747293744143,0.8496539887827699,0.020872456894185126,0.7639563475044889,1.5703939174826163,2.23287879886333,1.1508522189018284e-9
105,104,0,local_loglinear,28,27,77,2.643388821956519,2.74929658924265,1.210849064830845,0.9532591548379504,0.04674084516204957,1.0540540188585914,1.2102819853751083,0.8709160605508836,0.8650819604433143,0.8445754181181424,0.02399021708634244,0.7630694884837276,1.5925796546009194,2.237470007676717,8.898333542911657e-10
105,104,0,local_loglinear,29,28,76,2.6274251852960973,2.7332267718322183,1.2064713810267549,0.9470198029668361,0.05298019703316392,1.0541767757996028,1.2181599504800056,0.8653845296623103,0.8626488234370288,0.8394307013554316,0.027283757344619797,0.7621282879013926,1.6151348065704794,2.2423580449494844,1.4305869822729932e-11
105,104,0,local_loglinear,30,29,75,2.609784999916241,2.715375574403002,1.2014589340527975,0.9405140775246226,0.05948592247537743,1.0542795270904564,1.2263058149400632,0.8597199118247557,0.8602668552610895,0.8342235445904309,0.03074123241072718,0.7611348268585473,1.6380854649655117,2.247534889037646,8.609828067420729e-10
105,104,0,local_loglinear,31,30,74,2.590576185269966,2.6958568091172377,1.195848440844464,0.9337683309469339,0.0662316690530661,1.0543631630957584,1.2347184826735462,0.8539300074400256,0.8579281531663995,0.8289573003515109,0.034351712021488956,0.7600908571849159,1.6614583760738846,2.252994271004235,1.3133039732392e-9
105,104,0,local_loglinear,32,31,73,2.5698993008433804,2.6747766031345503,1.1896741970523783,0.9268069349416811,0.0731930650583189,1.0544285357000869,1.2433969870275312,0.8480224310506068,0.8556253380955429,0.8236349958747555,0.03810512558760884,0.7589978249328404,1.6852809728044842,2.258731566480098,2.1184539370567852e-11
105,104,0,local_loglinear,33,32,72,2.547847990572902,2.6522338446214357,1.1829682213340613,0.9196524037980283,0.08034759620197174,1.0544764436161553,1.2523405529546063,0.8420045499032698,0.8533515112139372,0.818259359623682,0.04199219887973235,0.7578568936026544,1.7095814447016902,2.264743691219491,8.29130028894917e-11
105,104,0,local_loglinear,34,33,71,2.524509433811739,2.628320637403762,1.1757604111633657,0.9123254992408295,0.08767450075917049,1.054507647380014,1.2615486678890473,0.8358834456577282,0.8511002208391152,0.8128328458139011,0.04600440325385044,0.7566689617121657,1.7343887862040472,2.2710290283092593,8.879585178518245e-10
105,104,0,local_loglinear,35,34,70,2.4999648048195438,2.6031227712511176,1.1680786929350313,0.9048453563868122,0.09515464361318782,1.0545228521268863,1.2710211256397121,0.8296658732530028,0.8488654211946475,0.8073576573450556,0.05013389542791896,0.755434681197955,1.759732889043627,2.2775873528257313,1.2733018067736549e-11
105,104,0,local_loglinear,36,35,69,2.474289722287076,2.5767201834805475,1.1599491737520988,0.897229597096102,0.10277040290389805,1.0545227157384414,1.2807580817569115,0.8233582366248853,0.8466414375021888,0.801835766862794,0.05437346525122541,0.7541544720128835,1.7856446280992395,2.284419778201742,5.445828100452155e-11
105,104,0,local_loglinear,37,36,68,2.4475546893466227,2.549187414848004,1.1513962839932437,0.8894944518123693,0.1105055481876307,1.0545078387583622,1.2907600929010905,0.8169665645521068,0.8444229273026719,0.7962689362119804,0.058716479442295494,0.7528285369703649,1.8121559781203904,2.2915287028376965,1.2529058898612058e-9
105,104,0,local_loglinear,38,37,67,2.419825513422004,2.520594045071436,1.1424429184083014,0.8816548671390225,0.11834513286097748,1.0544787731183896,1.3010281629241702,0.8104965005126098,0.8422048480073296,0.7906587341774294,0.06315683333243174,0.7514568730132896,1.8393001245226217,2.2989177773063187,1.8345007139152465e-11
105,104,0,local_loglinear,39,38,66,2.391163708739622,2.4910051133991824,1.1331105656121394,0.8737246195111537,0.12627538048884634,1.0544360129486743,1.3115637694505966,0.8039532941584449,0.8399824209929634,0.7850065527717136,0.06768889900159075,0.750039282951677,1.867111605539185,2.306591870663472,8.011796865418734e-11
105,104,0,local_loglinear,40,39,65,2.3616268734675137,2.4604815123771218,1.1234194348170548,0.8657164119483516,0.13428358805164842,1.0543800051807641,1.322368922091545,0.7973417913611338,0.8377511026749717,0.7793136219833021,0.07230748238560589,0.7485753836969602,1.895626445704042,2.314557057329929,2.9879495082163807e-10
105,104,0,local_loglinear,41,40,64,2.331269046632857,2.4290803626353545,1.1133885710952243,0.8576419737933955,0.14235802620660454,1.054311142618872,1.3334461589872366,0.7906664513696077,0.8355065531870446,0.7735810232700879,0.07700777801413353,0.7470646148553557,1.9248823176668426,2.3228206039811687,7.692975964530758e-10
105,104,0,local_loglinear,42,41,63,2.3001410396833863,2.3968553613466446,1.1030359648137917,0.8495121510335847,0.15048784896641532,1.0542297685472155,1.3447985976888384,0.7839313413614556,0.8332446082725442,0.7678097017502061,0.08178532818221362,0.7455062451074794,1.954918711197913,2.331390970565085,9.4879295098094e-10
105,104,0,local_loglinear,43,42,62,2.268290744832541,2.3638571065499434,1.092378653024026,0.8413369872002933,0.15866301279970674,1.0541361800414322,1.3564299563055315,0.7771401502459825,0.8309612544613133,0.7620004772408553,0.08663598658469915,0.7438993775241354,1.9857771086723497,2.3402778195814298,8.606440529680023e-10
105,104,0,local_loglinear,44,43,61,2.2357634221793936,2.330133401062325,1.0814328100380377,0.8331258105381537,0.1668741894618463,1.0540306194764717,1.3683445741913671,0.7702961953858432,0.8286525999077965,0.7561540542943066,0.09155587714517058,0.742242955179868,2.017501201063455,2.349492026371494,1.2537669970550832e-11
105,104,0,local_loglinear,45,44,60,2.202601960464334,2.295729526493829,1.0702138370399328,0.8248872953330233,0.1751127046669767,1.0539132931062558,1.3805474572294847,0.7634024369008465,0.8263148563635498,0.7502710311192189,0.09654136685193185,0.7405357628261386,2.050137078329101,2.359045714291111,7.244689085879575e-10
105,104,0,local_loglinear,46,45,59,2.1688471223700536,2.260688503701465,1.0587364384315603,0.8166295380296211,0.18337046197037887,1.0537843548938552,1.3930442745690619,0.7564614952527933,0.8239443128140294,0.7443519078026333,0.10158902872446543,0.7387764307073825,2.0837334797123988,2.368952281555756,8.502484153513635e-10
105,104,0,local_loglinear,47,46,58,2.13453776563944,2.225051325802776,1.0470146969402807,0.8083601106694358,0.1916398893305642,1.053643923150116,1.4058414050212344,0.7494756658801078,0.8215373188751305,0.7383970935820054,0.10669561709083022,0.7369634348738483,2.118342025766712,2.3792264516230537,1.198459416426131e-11
105,104,0,local_loglinear,48,47,57,2.0997110496343647,2.1888571778384134,1.035062137916546,0.800086125529751,0.199913874470249,1.0534920678453217,1.4189459482199716,0.7424469333499971,0.8190902615626238,0.7324069135298579,0.11185803494812682,0.7350950989733315,2.1540175073491046,2.389884319828633,1.2955743843543341e-9
105,104,0,local_loglinear,49,48,56,2.0644026210804274,2.152143632981196,1.0228917914760622,0.7918142819792735,0.2081857180207265,1.0533288234317257,1.4323657730819215,0.7353769848642443,0.8165995496378333,0.7263816144606079,0.11707331089890816,0.7331695933655918,2.1908181686526613,2.40094342026117,7.099960770851222e-10
105,104,0,local_loglinear,50,49,55,2.0286467861836797,2.1149468346625184,1.0105162499495928,0.7835509119071964,0.2164490880928036,1.0531541882478368,1.4461095206873573,0.7282672392249081,0.8140615977644334,0.7203213703433426,0.12233857594308276,0.7311849336375564,2.2288060207443525,2.412422802038427,1.005685536997215e-11
105,104,0,local_loglinear,51,50,54,1.9924766693939333,2.0773016652747964,0.9979477177728019,0.7753020267263656,0.2246979732736344,1.052968120087526,1.4601866426730687,0.7211188551621907,0.8114728089035848,0.7142262872405607,0.12765103815223705,0.7291389796287034,2.2680471971945284,2.424343109275608,1.157639037943826e-9
105,104,0,local_loglinear,52,51,53,1.9559243572146114,2.039241898312817,0.9851980597454812,0.7670733547970118,0.23292664520298823,1.0527705434046926,1.4746074286816182,0.7139327545270326,0.8088295606217459,0.7080964077441654,0.1330079622256814,0.7270294324799026,2.308612326762686,2.436726679933527,8.98579684471297e-10
105,104,0,local_loglinear,53,52,52,1.919021031253956,2.000800339988715,0.972278841844426,0.758870382940602,0.24112961705939795,1.052561342750525,1.4893830491188589,0.7067096294490768,0.806128188495419,0.7019317150635391,0.138406645353626,0.7248538325925169,2.3505769608378206,2.4495976478063533,1.1544660172762278e-11
105,104,0,local_loglinear,54,53,51,1.8817970878583652,1.9620089548036992,0.9592013750832428,0.7506983793299911,0.24930162067000894,1.0523403795827224,1.5045255722160586,0.6994499787947773,0.8033649783988464,0.6957321366999591,0.1438444040453563,0.7226095540117797,2.39402199711308,2.4629820751361744,1.0712016996350753e-9
105,104,0,local_loglinear,55,54,50,1.8442822526164673,1.9228989879224343,0.945976748912163,0.7425624338820856,0.25743756611791435,1.0521074731922675,1.5200479985287392,0.6921541123771136,0.8005361492421768,0.6894975480137127,0.14931854869915212,0.7202938018867038,2.439034200941169,2.4769080779655304,1.4098428711787166e-11
105,104,0,local_loglinear,56,55,49,1.8065056816125078,1.8835010714675593,0.9326158675620458,0.7344674777700094,0.2655325222299906,1.051862419579872,1.5359643050712004,0.684822177251777,0.7976378459494505,0.6832277754057423,0.15482637079223158,0.7179036063545275,2.4857067238947375,2.4914059849160277,1.2322611814076328e-9
105,104,0,local_loglinear,57,56,48,1.768496058120324,1.8438453272659658,0.9191294807835922,0.7264183134173616,0.2735816865826384,1.051604980371001,1.5522894657908894,0.6774541756200153,0.7946661266764725,0.6769225994590784,0.16036512233906897,0.7154358177685023,2.534139710782062,2.50650850186632,9.244502044105065e-10
105,104,0,local_loglinear,58,57,47,1.7302816804416474,1.8039614600740685,0.9055282107671329,0.7184196407952697,0.28158035920473035,1.0513348840970604,1.569039509949158,0.6700499747970827,0.791616951525968,0.6705817578811148,0.1659319967766614,0.7128871018100704,2.584440963775155,2.5222508927213845,7.908245394229213e-10
105,104,0,local_loglinear,59,58,46,1.6918905417313632,1.7638788409282131,0.8918225830479342,0.7104760699480464,0.28952393005195365,1.0510518405527853,1.5862315397546622,0.6626093443554579,0.788486178461217,0.6642049483176353,0.17152411839152154,0.7102539314785419,2.6367266340626316,2.538671196998267,9.479275545977895e-12
105,104,0,local_loglinear,60,59,45,1.6533504076974275,1.723626589746456,0.8780230499268317,0.7025921459407732,0.29740785405922676,1.0507555264460458,1.6038837703230224,0.6551319652261481,0.7852695526501215,0.6577918312752182,0.17713852258544904,0.7075325817752671,2.6911220299102756,2.555810450883779,5.448208291502214e-11
105,104,0,local_loglinear,61,60,44,1.6146888866797728,1.6832336492134743,0.8641400141705213,0.6947723666101723,0.3052276333898277,1.0504455924028535,1.622015565421711,0.6476174549716767,0.7819626996208414,0.6513420329695343,0.18277214021027482,0.7047191229178966,2.7477624902791624,2.573712939717397,1.2173302950017569e-9
105,104,0,local_loglinear,62,61,43,1.5759334948517632,1.6427288532622852,0.8501838521332694,0.6870211968241198,0.3129788031758802,1.050121666350872,1.6406474933087247,0.6400653831086358,0.7785611205484111,0.6448551482330986,0.18842178365981238,0.7018094129901169,2.8067943418262926,2.592426479514837,1.2260661894961402e-9
105,104,0,local_loglinear,63,62,42,1.5371117177911153,1.602140992450179,0.8361649317522789,0.6793430882955197,0.3206569117044803,1.0497833462934618,1.6598013271126466,0.6324753024023915,0.7750601848295233,0.638330743559314,0.1940841283315089,0.6987990923136285,2.8683759827771467,2.6120027161129027,1.3097342919980412e-11
105,104,0,local_loglinear,64,63,41,1.498251065563669,1.5614988708948896,0.8220936365377114,0.6717424834776822,0.3282575165223178,1.0494302192736173,1.6795001078207348,0.6248467710045724,0.7714551319332634,0.6317683602171995,0.19975570486939281,0.6956835742562082,2.9326790256760695,2.6324974797421508,7.459952079954827e-11
105,104,0,local_loglinear,65,64,40,1.4593791274948211,1.520831364787329,0.8079803803474944,0.6642238367160758,0.33577616328392423,1.0490618411719836,1.6997681494074077,0.6171793732796554,0.7677410644686559,0.6251675177144116,0.20543287849187924,0.692458040484147,2.9998896346479373,2.653971147576382,1.2619521219495434e-10
105,104,0,local_loglinear,66,65,39,1.4205236194565825,1.4801674716388864,0.793835625725372,0.656791620434846,0.34320837956515404,1.0486777540159689,1.7206310741226565,0.6094727508921026,0.7639129502753017,0.6185277173620007,0.21111183857309468,0.6891174337220064,3.0702099534545875,2.6764890637607355,2.172692982273955e-10
105,104,0,local_loglinear,67,66,38,1.381712428745136,1.439536357578858,0.779669899312809,0.6494503362687245,0.3505496637312755,1.048277481243315,1.7421158466056745,0.6017266206984864,0.7599656228608229,0.6118484462044975,0.21678858425498054,0.6856564521363416,3.1438597141672973,2.7001219956450795,1.0851024801216752e-9
105,104,0,local_loglinear,68,67,37,1.3429736542172481,1.3989673993682503,0.7654938071661156,0.6422045217646606,0.3577954782353394,1.047860533751467,1.7642507536188905,0.593940816860676,0.7558937855467907,0.6051291812666171,0.22245891300782322,0.6820695437732358,3.221078009056158,2.724946642624406,8.863178608830397e-12
105,104,0,local_loglinear,69,68,36,1.3043356427131239,1.3584902230426021,0.7513180454444015,0.6350587601168075,0.3649412398831925,1.047426406138036,1.7870654266658592,0.5861153097747669,0.7516920153248299,0.5983693942152868,0.22811840664867494,0.6783509036425288,3.3021252787341555,2.7510461866007963,8.321868367617474e-10
105,104,0,local_loglinear,70,69,35,1.2658270195299761,1.3181347356017281,0.7371534147168449,0.6280176826692584,0.3719823173307416,1.0469745890920636,1.8105908368695551,0.5782502417289619,0.7473547724703397,0.5915685564195234,0.23376242271287118,0.6744944693857612,3.3872854949412856,2.7785109197945537,7.258140583288331e-12
105,104,0,local_loglinear,71,70,34,1.2274767151592558,1.2779311532455702,0.7230108295061999,0.6210859726970169,0.37891402730298307,1.0465045678072722,1.834859264624878,0.5703459594876458,0.7428764113796902,0.5847261445491785,0.23938608492403157,0.6704939202715663,3.4768686004698965,2.8074389260189614,1.6251155862123748e-10
105,104,0,local_loglinear,72,71,33,1.189313986416011,1.237910024006283,0.7089013254809094,0.6142683706336121,0.38573162936638794,1.0460158226791918,1.8599042569188433,0.5624030477848595,0.7382511926559554,0.577841646720286,0.24498427261601174,0.6663426784157189,3.571213241228949,2.83793683213358,8.857062331311164e-12
105,104,0,local_loglinear,73,72,32,1.1513684306064678,1.1981022427428538,0.694836066214043,0.6075696729254918,0.3924303270745082,1.045507839504214,1.8857606039946972,0.55442235737106,0.7334733012069633,0.5709145691905624,0.25055161541427123,0.6620339113647429,3.6706897854594485,2.870120646886766,6.910627633718273e-11
105,104,0,local_loglinear,74,73,31,1.1136699935164003,1.1585390599635912,0.6808263471891484,0.6009947316710091,0.39900526832899086,1.0449801115288126,1.9124642197488113,0.5464050520464447,0.7285368665084302,0.5639444437241683,0.2560824877951411,0.6575605378695251,3.775703702387658,2.904116686307346,2.906350416746117e-10
105,104,0,local_loglinear,75,74,30,1.0762489697664535,1.1192520827343055,0.6668835969402969,0.594548451485641,0.40545154851435905,1.044432145472528,1.940052066867805,0.5383526366685372,0.7234359872927328,0.5569308356311091,0.261571006510211,0.6529152371018617,3.886699326115013,2.940062597122927,9.077412453520739e-12
105,104,0,local_loglinear,76,75,29,1.0391359948062817,1.0802732668983717,0.6530193766796369,0.5882357847732826,0.41176421522671736,1.0438634682569607,1.9685620200998706,0.5302669957048154,0.718164760200188,0.5498733525341555,0.2670110301636516,0.648090461041437,4.004164059204426,2.9781084955842285,7.597731403760925e-11
105,104,0,local_loglinear,77,76,28,1.002362027883721,1.0416349001593448,0.6392453743620032,0.5820617246404732,0.41793827535952677,1.0432736315988977,1.9980327007703687,0.5221504288676804,0.712717313026261,0.5427716538903886,0.27239616179580983,0.6430784526067747,4.128633066477607,3.01841821860266,1.084993839604863e-9
105,104,0,local_loglinear,78,77,27,0.9659583246464797,1.003369574375914,0.6255733970786583,0.5760312959580792,0.4239687040419208,1.0426622202866767,2.028503273079247,0.5140056879000872,0.7070878424220046,0.5356254612958928,0.2777197543049318,0.6378712678885735,4.2606945238157135,3.0611707182835075,7.134623257515428e-12
105,104,0,local_loglinear,79,78,26,0.9299563986374688,0.9655101462322311,0.6120153604712779,0.5701495413666068,0.4298504586333932,1.0420288631974444,2.0600132329437755,0.505836004610697,0.7012706580807392,0.5284345695827974,0.2829749217017815,0.6324608036366234,4.400995469270502,3.106561612064829,1.1285376300086754e-9
105,104,0,local_loglinear,80,79,25,0.8943879713843442,0.9280896866133745,0.5985832711266179,0.5644215088901963,0.43557849110980373,1.0413732343713042,2.092602069716105,0.4976451325562261,0.6952602294971729,0.5211988587493324,0.28815455082567704,0.6268388329318976,4.550248378679908,3.1548048867178924,8.124324576472644e-10
105,104,0,local_loglinear,81,80,24,0.859284908934055,0.8911414157999125,0.5852892058195939,0.5588522347560573,0.4411477652439427,1.0406950649193003,2.12630896880119,0.4894373678468952,0.689051239046616,0.5139183066514903,0.2932513191673217,0.6209970471087822,4.7092385138122115,3.2061347961825484,1.2953888667380388e-9
105,104,0,local_loglinear,82,81,23,0.8246791446572396,0.8546986243394026,0.5721452872341483,0.5534467209515743,0.4465532790484257,1.039994155574608,2.1611724165614197,0.48121757783181096,0.6826386416158766,0.5065930024580008,0.2982577196115722,0.6149271047761641,4.878832133252236,3.260807974018277,7.870886682612154e-12
105,104,0,local_loglinear,83,82,22,0.7906025881830415,0.8187945801008066,0.5591636519724393,0.5482099148265308,0.4517900851734692,1.0392703777511323,2.1972297478614298,0.472991219403732,0.6760177261893073,0.4992231608533122,0.30316608595361233,0.6086206910268277,5.059985733900304,3.319105762434134,8.703046673314077e-11
105,104,0,local_loglinear,84,83,21,0.7570870187543659,0.7834624188008368,0.546356415877493,0.543146679164017,0.45685332083598296,1.0385236921651884,2.2345166429106715,0.46476435763414675,0.6691841859790174,0.4918091368488863,0.30796862960788346,0.6020695840325029,5.253756358392682,3.3813368139770943,1.1473225208132329e-9
105,104,0,local_loglinear,85,84,20,0.724163964073676,0.7487350200443241,0.5337356318736601,0.5382617645936016,0.46173823540639836,1.0377541498114728,2.273066587689251,0.45654366459472295,0.6621341895565845,0.48435144119513074,0.31265747726102433,0.595265732696893,5.461313202341001,3.447839966671635,6.1795550047495555e-12
105,104,0,local_loglinear,86,85,19,0.6918645634500614,0.7146448671863556,0.5213132426955932,0.5335597795603326,0.4664402204396674,1.0369619003201982,2.312910201277658,0.4483364290353242,0.6548644551860715,0.4768507561967954,0.3172247137326986,0.5882013439108373,5.683950650533257,3.5189874410128597,8.061344610048434e-11
105,104,0,local_loglinear,87,86,18,0.6602194157194743,0.6812238912349122,0.5091010289004032,0.5290451509311856,0.47095484906881435,1.0361472077559508,2.354074594324261,0.44015054164134404,0.6473723317748822,0.46930795177307305,0.32166243657035504,0.580868979372768,5.923102851598642,3.5951883980300763,1.1243207194895402e-9
105,104,0,local_loglinear,88,87,17,0.6292584135118934,0.6485033010551008,0.4971105510637091,0.5247220880026947,0.4752779119973053,1.0353104504119441,2.3965826124780976,0.43199447622688864,0.6396558779024375,0.4617241016610778,0.3259628108233148,0.5732616630634668,6.180360149737035,3.676892887891812,5.228359381468182e-12
105,104,0,local_loglinear,89,88,16,0.5990105640602592,0.6165133998250053,0.4853530864246954,0.5205945454365667,0.4794054545634333,1.0344521246636065,2.4404520544921606,0.4238772578053651,0.6317139404838129,0.4541004994664801,0.3301181278566575,0.5653729986818719,6.457487574022315,3.764596237115362,7.840792099564964e-11
105,104,0,local_loglinear,90,89,15,0.5695037981274279,0.585283389020911,0.4738395619199841,0.5166661783367159,0.4833338216632841,1.0335728570866656,2.485694857684317,0.4158084222974762,0.6235462359036037,0.4464386742993174,0.3341208744998898,0.5571972953752402,6.756445567052563,3.85884393599765,1.7015688721853468e-10
105,104,0,local_loglinear,91,90,14,0.5407647698719829,0.5548411635156808,0.4625804821872009,0.512940303718884,0.487059696281116,1.0326733970912811,2.53231623229381,0.40779796137699204,0.615153423827239,0.4387404057890746,0.33796379893835143,0.5487297023146136,7.079413403750781,3.9602370655072154,1.2744202079839323e-9
105,104,0,local_loglinear,92,91,13,0.5128186493439426,0.525213099137497,0.45158585382207433,0.5094198603430524,0.4905801396569476,1.0317546179239674,2.580313861686015,0.3998562474294518,0.6065371770078977,0.4310077380795556,0.3416399804042852,0.539966349856208,7.428815561960497,4.069438334120199,4.72912754935059e-12
105,104,0,local_loglinear,93,92,12,0.4856889108855818,0.4964238365219671,0.440865105062885,0.5061073777641475,0.4938926222358525,1.0308175017745664,2.629677012906241,0.3919939584653925,0.5977002392857126,0.42324299249107655,0.34514289172794155,0.5309044965458148,7.807351581911282,4.1871787786901455,1.1614670112517154e-9
105,104,0,local_loglinear,94,93,11,0.45939712031475827,0.46849606393374416,0.4304270017017267,0.5030049467076291,0.4969950532923709,1.029863131986618,2.6803858255176296,0.3842219736361027,0.5886464750328672,0.41544877841108263,0.3484664615765478,0.521542679310586,8.218029788449611,4.314265205534224,7.669244047800125e-10
105,104,0,local_loglinear,95,94,10,0.4339627249517936,0.4414503044133051,0.4202795548174002,0.5001142172564013,0.49988578274359874,1.0288926461161598,2.7324106346608716,0.37655125224026187,0.5793808935614092,0.40762800207621697,0.3516051096612357,0.5118808677273146,8.664205831081414,4.4515883975371775,2.4015914731924594e-12
105,104,0,local_loglinear,96,95,9,0.4094028488899485,0.41530470966395905,0.410429918239945,0.49743642022688966,0.5025635797731103,1.0279071882123512,2.785711518347856,0.368992690536018,0.5699096506014155,0.3997838726530085,0.35455375783217324,0.5019206201620775,9.149626756517051,4.600132138728577,4.986262875528212e-11
105,104,0,local_loglinear,97,96,8,0.3857320970759065,0.39007486598998603,0.4008842661376591,0.4949724437428509,0.5050275562571491,1.0269078076956948,2.840238115346402,0.3615569420560539,0.560240008834314,0.3919199051483031,0.3573077838037807,0.4916652447873435,9.678482123984212,4.760983009894709,1.3830374790375342e-10
105,104,0,local_loglinear,98,97,7,0.36296236984794084,0.36577361609618997,0.3916476343114252,0.4927230004233629,0.5072769995766371,1.0258952912501866,2.895929898455416,0.354254186814868,0.5503802394531166,0.38403991945828764,0.35986287971103015,0.4811199715360177,10.255464255145435,4.935340797508568,2.9517275663111274e-10
105,104,0,local_loglinear,99,98,6,0.3411026880103113,0.3424109003993878,0.3827236978480705,0.49068894648851663,0.5093110535114833,1.0248698820113882,2.952717252059394,0.3470938103865466,0.5403394353025875,0.37614803470373637,0.36221475075072906,0.47029214699376337,10.885840993043857,5.124529139109897,5.719091932836587e-10
105,104,0,local_loglinear,100,99,5,0.3201590256797492,0.31999362142399773,0.37411443564499863,0.488871860087031,0.511128139912969,1.0238308008586574,3.0105236132013253,0.3400839629256181,0.5301271861297394,0.3682486577125821,0.364358541294559,0.45919147691067835,11.575546702468507,5.3300055703736495,1.0579088662910636e-9
105,104,0,local_loglinear,101,100,4,0.3001341431545577,0.2985255343169565,0.3658195966296037,0.4872750603395265,0.5127249396604735,1.0227754319341038,3.0692696990907145,0.3332308764645563,0.5197530355776301,0.360346464002101,0.36628779853224624,0.44783036108237245,12.331301468295672,5.553369295438058,1.9079090340690767e-9
105,104,0,local_loglinear,102,101,3,0.2810274040926324,0.27800716614712756,0.3578358225915546,0.4859053737941696,0.5140946262058304,1.0216979399712258,3.1288809460734006,0.3265378125854897,0.5092255890869188,0.3524463687828241,0.36799265354975264,0.4362243988440081,13.160776150518283,5.796363427743097,3.3886815542901474e-9
105,104,0,local_loglinear,103,102,2,0.26283454848785365,0.2584357669660711,0.3501551807960402,0.48477616830918957,0.5152238316908104,1.0205869246101757,3.1893004827419467,0.32000337695767805,0.4985510587827363,0.3445534841648473,0.36945667902633794,0.4243932000327057,14.072835113716875,6.060865504427263,5.95821594919344e-9
105,104,0,local_loglinear,104,103,1,0.24554737216406972,0.23980529715168822,0.3427626886446278,0.483912533393125,0.516087466606875,1.019421452048655,3.250511479822047,0.31361878226760315,0.48773089789200713,0.33667305658537405,0.3706515140653621,0.41236173062861425,15.077914457167603,6.348854610259544,1.039923451923448e-8
105,104,0,local_loglinear,105,104,0,0.2291532297657672,0.22210645981777571,0.3356321254197465,0.48336009059278834,0.5166399094072116,1.0181643694672262,3.312575458698037,0.3073633739553821,0.4767579648995288,0.3288103750500263,0.3715277340270603,0.4001625806244164,16.188641443724485,6.662333297029246,3.417701996054203e-7
