T_report,model_T,n_buffer,terminal_rule,t,model_t,periods_to_report_end,e_W_over_e_US,Y_W_over_Y_US,Q_W_over_e_US,Q_US_over_e_W,zeta,abs_zeta_gap,Lambda_u,Lambda_b,Lambda_u_over_Lambda_b,phi_US,hkt_scalar_phi_US_same_state,abs_log_phi_US_vs_HKT_scalar,phi_W,q_US,q_W,residual_norm
30,29,0,local_loglinear,1,0,29,1.8901678313037162,1.9403612229421892,0.906495185575314,0.20859957981904168,0.8761960342164987,0.12380396578350128,,,,0.9967870194975489,0.9337836851161863,0.0652923148876943,0.7454800772873249,1.0599016809375605,2.331535287067304,1.4385464361577594e-11
30,29,0,local_loglinear,2,1,28,1.975646808183075,2.0298378997365614,0.9377968877670639,0.20320507284525097,0.8921365634962873,0.10786343650371266,1.0398130356575166,1.109641184299132,0.9370714158507734,0.9878698857804787,0.9336475050616719,0.056452031101244,0.7493925019821268,1.0775853119138288,2.310105976853435,8.704611592333116e-10
30,29,0,local_loglinear,3,2,27,2.0568655473342874,2.115032983101668,0.9675963367839989,0.19846672526247533,0.907154154410322,0.09284584558967801,1.0408510000703133,1.1098776538759065,0.9378069703768349,0.9792619875951668,0.9331339948481145,0.04825040634362443,0.7528321553153103,1.095752628014387,2.2915092581587935,1.510138936482579e-11
30,29,0,local_loglinear,4,3,26,2.1334270501436787,2.1955205927312305,0.9957507620826066,0.1943005459390854,0.9211689790313984,0.07883102096860162,1.0418324245073733,1.1102221713612235,0.9383999449677728,0.970986254084108,0.9322574166490485,0.04070333706688293,0.755845845984557,1.1143363102595618,2.275399485057946,6.804612867019944e-11
30,29,0,local_loglinear,5,4,25,2.2050203127968544,2.2709619270357666,1.022147274181834,0.19063514651171637,0.9341208230918643,0.06587917690813572,1.042758876924645,1.1106782356557465,0.938848753355645,0.9630567041350837,0.9310332686021787,0.033817281958049165,0.758475812843969,1.1332791342463269,2.261479328613506,1.102014068821173e-9
30,29,0,local_loglinear,6,5,24,2.2714163800182234,2.3411019551352608,1.0467017062869575,0.18740970361341763,0.9459677123597272,0.05403228764027279,1.0436320559352623,1.1112472351202805,0.939153793100147,0.9554799258220061,0.9294778538154913,0.027590773411079135,0.7607599601063894,1.1525333081461338,2.2494929484413464,1.8515267363542256e-11
30,29,0,local_loglinear,7,6,23,2.3324626695661284,2.40576425502939,1.0693568037167978,0.18457226465414503,0.9566842603179402,0.04331573968205982,1.0444537569305032,1.1119290875239092,0.939316876093544,0.9482564355401442,0.9276079161920683,0.02201582789785942,0.762732154125845,1.172059722776271,2.2392200828674595,9.008339591858506e-10
30,29,0,local_loglinear,8,7,22,2.3880761210335546,2.464844544843354,1.0900799484565769,0.18207834248871443,0.9662598707881517,0.033740129211848324,1.0452258313166438,1.1127227176081878,0.9393407852437583,0.9413818840049846,0.9254403390280612,0.017079218674762718,0.764422554182782,1.1918271803011482,2.2304709433821452,1.571188456414364e-11
30,29,0,local_loglinear,9,8,21,2.4382356428139906,2.5183033797784256,1.1088605992113667,0.17988974677885128,0.974696871939952,0.025303128060047975,1.0459501660223909,1.113626422254604,0.9392289416991396,0.9348481106609922,0.9229919003958746,0.012763608439646301,0.7658579510831246,1.211811617252459,2.223081839198384,7.828597232682896e-10
30,29,0,local_loglinear,10,9,20,2.4829742623138844,2.566158428338065,1.1257075957355223,0.17797361074869072,0.9820086552445972,0.01799134475540276,1.0466286676018766,1.1146381369935479,0.93898515838054,0.9286440499116478,0.9202790789779525,0.009048540609580324,0.7670620983732365,1.2319953439669737,2.216911441092824,1.54882598039286e-11
30,29,0,local_loglinear,11,10,19,2.522371306088342,2.6084766713176526,1.1406464395496139,0.17630158276329366,0.9882178968446466,0.01178210315535344,1.0472632345559503,1.1157556253526677,0.938613447926764,0.9227564888568188,0.9173179038724901,0.005911283633574335,0.7680560296478884,1.2523663396320353,2.2118375839898263,1.0482158974149053e-9
30,29,0,local_loglinear,12,11,18,2.556544847210346,2.6453667744590623,1.1537166524407958,0.1748491496216393,0.9933548722318061,0.006645127768193926,1.0478557531533785,1.1169766226094187,0.9381178906908868,0.9171707035295091,0.9141238417037012,0.0033275527905987506,0.7688583516524093,1.2729175816368072,2.2077545557113387,2.0256175742879426e-11
30,29,0,local_loglinear,13,12,17,2.585644605620161,2.6769718434051564,1.164969271010932,0.1735950735883754,0.9974559235244836,0.0025440764755163547,1.0484080728890992,1.118298928400809,0.9375025284056606,0.9118709731374588,0.910711715392367,0.0012721045895126987,0.7694855149493276,1.293646450668058,2.204570780397557,1.0120781005779154e-9
30,29,0,local_loglinear,14,13,16,2.60984540911387,2.70346268249713,1.1744645328643886,0.17252091838635505,1.0005620596149718,0.0005620596149717993,1.048922007761269,1.1197204787227013,0.9367712993494643,0.9068410032410452,0.9070956488884392,0.00028076575746768806,0.7699520564474793,1.31455417562986,2.202206861704443,1.9584457219647038e-11
30,29,0,local_loglinear,15,14,15,2.6293412937452296,2.7250316584709138,1.1822697718293331,0.1716106544137054,1.0027177335479946,0.0027177335479946496,1.0493993135197588,1.1212393844349255,0.9359279812032537,0.9020642548249339,0.9032890334485733,0.0013568300669957178,0.7702708193861467,1.3356453608787082,2.2005939077730283,1.0058031502794904e-9
30,29,0,local_loglinear,16,15,14,2.6443402616936704,2.7418871970627134,1.1884575460395888,0.17085032419320048,1.0039697577499915,0.0039697577499915315,1.0498416927327054,1.1228539652079252,0.9349761636530359,0.8975242098223161,0.8993045109562816,0.001981604251919275,0.7704531468281625,1.3569275507026874,2.199672119763259,1.9320572973622544e-11
30,29,0,local_loglinear,17,16,13,2.6550597067536064,2.7542489409382993,1.1931039903853478,0.17022776350516033,1.004366390785185,0.00436639078518497,1.0502507749358108,1.124562760737617,0.933919218743235,0.8932045673260427,0.8951539710854977,0.0021801048164419162,0.770509055568199,1.378410873242707,2.1993895794572653,9.9836833754245e-10
30,29,0,local_loglinear,18,17,12,2.6617224736404315,2.7623435402850305,1.1962873971284098,0.16973236368921668,1.003956548745998,0.003956548745998045,1.0506281234890387,1.1263645459745153,0.932760292610284,0.8890893975512718,0.8908485589418034,0.0019766553737362302,0.770447387453112,1.4001077170852392,2.199701228423518,1.9020895716930874e-11
30,29,0,local_loglinear,19,18,11,2.6645535234983817,2.766401062123931,1.198087001241797,0.16935487415175532,1.0027891703170768,0.0027891703170768167,1.0509752164754218,1.1282583310515946,0.9315022876860648,0.8851632447192915,0.8863986909805317,0.0013947539023321937,0.7702759453981733,1.4220324847823294,2.200567984414636,9.912268089781515e-10
30,29,0,local_loglinear,20,19,10,2.6637771460394966,2.766651959606758,1.1985819629971384,0.1690872339996576,1.0009126880340455,0.000912688034045539,1.0512934519375652,1.130243371986454,0.9301478584120066,0.8814112017479323,0.8818140767186202,0.0004569750475097445,0.7700016115610793,1.4442013791131683,2.2019559943457527,1.870604121643075e-11
30,29,0,local_loglinear,21,20,9,2.6596146733060118,2.763324566544946,1.1978505151129615,0.1689224350915391,0.9983746378223105,0.0016253621776894933,1.0515841231450376,1.1323191738092204,0.9286993874769575,0.8778189434251276,0.8771037447439918,0.0008150771832315662,0.769630455478161,1.4666322758184203,2.2038359739640407,6.984710669468715e-11
30,29,0,local_loglinear,22,21,8,2.6522826240384707,2.756643044843777,1.1959692569201674,0.1688544096504134,0.9952213704623674,0.004778629537632639,1.0518484092631128,1.1344855153907123,0.9271589588350632,0.8743727333390222,0.8722760710672566,0.002400784031147879,0.769167831077528,1.4893446563282666,2.206182631521156,1.277518352817527e-10
30,29,0,local_loglinear,23,22,7,2.6419912222648994,2.7468257367355315,1.1930125531096192,0.1688779486347552,0.991497906504724,0.008502093495275975,1.0520873278103051,1.1367424861064204,0.925528288657463,0.87105938500993,0.8673388085394387,0.004280471718311085,0.7686184715452208,1.5123596761426046,2.208974123436947,1.9056656918323369e-10
30,29,0,local_loglinear,24,23,6,2.628943209936288,2.734083844869252,1.1890519915182898,0.16898865571778243,0.9872479533456114,0.01275204665438856,1.0523016616973737,1.139090572916107,0.9238085949596169,0.8678661662124469,0.8622991153715807,0.006435304317490703,0.7679865884034567,1.535700429569134,2.212191503970344,2.5037928353061134e-10
30,29,0,local_loglinear,25,24,5,2.613332865493821,2.7186203629434327,1.184155822538572,0.1691829548713553,0.982514169437046,0.017485830562954052,1.052491811209805,1.1415308294026518,0.9220003385809213,0.8647806049483083,0.857163580472942,0.008847062781898674,0.7672759903556661,1.5593925803875166,2.2158180841545545,3.629029073688153e-10
30,29,0,local_loglinear,26,25,4,2.595345103699168,2.7006291509078233,1.178388251590629,0.16945818712436647,0.9773388360776931,0.02266116392230688,1.0526575089401184,1.1440652088014678,0.9201027186578737,0.8617901193463292,0.8519382418707431,0.011497721845761255,0.7664902490824214,1.5834656778392675,2.2198385543883448,5.783312771758545e-10
30,29,0,local_loglinear,27,26,3,2.5751544657626857,2.680293999951272,1.1718083562053383,0.16981286755567476,0.9717652538443629,0.028234746155637147,1.0527972698061452,1.1466972127574013,0.9181126962666457,0.858881319213608,0.8466285917442697,0.01436865091918127,0.7656329630763289,1.607955786727669,2.224237598678074,9.94122059993715e-10
30,29,0,local_loglinear,28,27,2,2.552923679310131,2.6577874361310605,1.1644682078275022,0.17024724152024032,0.965840476031672,0.034159523968328,1.052907331463555,1.1494331486460063,0.9160231133962377,0.856038685713728,0.8412395562489836,0.01743910239234242,0.7647082167055119,1.6329106618631335,2.228997482858103,1.7996101287529383e-9
30,29,0,local_loglinear,29,28,1,2.528801219637214,2.633268825833558,1.1564094148910915,0.17076440995418352,0.9596205514728189,0.04037944852718112,1.0529796167664223,1.152284560304587,0.9138190799745549,0.8532420667454416,0.8357754280205334,0.020683339824558028,0.7637214200240723,1.6583998696185227,2.234093625582855,3.3626902766237487e-9
30,29,0,local_loglinear,30,29,0,2.5029168333091367,2.606880993075212,1.1476566140546438,0.17137254595191,0.9531805111779535,0.04681948882204645,1.0529978234614503,1.1552729185737989,0.9114710528845351,0.8504619145445395,0.8302397096618779,0.02406516484077062,0.7626808845436508,1.6845345447713995,2.239486246849006,1.3116486360967873e-7
35,34,0,local_loglinear,1,0,34,1.8901678313037162,1.9403612229421892,0.906495185575314,0.20859957981904168,0.8761960342164987,0.12380396578350128,,,,0.9967870194975489,0.9337836851161863,0.0652923148876943,0.7454800772873249,1.0599016809375605,2.331535287067304,1.4385464361577594e-11
35,34,0,local_loglinear,2,1,33,1.975646808183075,2.0298378997365614,0.9377968877670639,0.20320507284525097,0.8921365634962873,0.10786343650371266,1.0398130356575166,1.109641184299132,0.9370714158507734,0.9878698857804787,0.9336475050616719,0.056452031101244,0.7493925019821268,1.0775853119138288,2.310105976853435,8.704611592333116e-10
35,34,0,local_loglinear,3,2,32,2.0568655473342874,2.115032983101668,0.9675963367839989,0.19846672526247533,0.907154154410322,0.09284584558967801,1.0408510000703133,1.1098776538759065,0.9378069703768349,0.9792619875951668,0.9331339948481145,0.04825040634362443,0.7528321553153103,1.095752628014387,2.2915092581587935,1.510138936482579e-11
35,34,0,local_loglinear,4,3,31,2.1334270501436787,2.1955205927312305,0.9957507620826066,0.1943005459390854,0.9211689790313984,0.07883102096860162,1.0418324245073733,1.1102221713612235,0.9383999449677728,0.970986254084108,0.9322574166490485,0.04070333706688293,0.755845845984557,1.1143363102595618,2.275399485057946,6.804612867019944e-11
35,34,0,local_loglinear,5,4,30,2.2050203127968544,2.2709619270357666,1.022147274181834,0.19063514651171637,0.9341208230918643,0.06587917690813572,1.042758876924645,1.1106782356557465,0.938848753355645,0.9630567041350837,0.9310332686021787,0.033817281958049165,0.758475812843969,1.1332791342463269,2.261479328613506,1.102014068821173e-9
35,34,0,local_loglinear,6,5,29,2.2714163800182234,2.3411019551352608,1.0467017062869575,0.18740970361341763,0.9459677123597272,0.05403228764027279,1.0436320559352623,1.1112472351202805,0.939153793100147,0.9554799258220061,0.9294778538154913,0.027590773411079135,0.7607599601063894,1.1525333081461338,2.2494929484413464,1.8515267363542256e-11
35,34,0,local_loglinear,7,6,28,2.3324626695661284,2.40576425502939,1.0693568037167978,0.18457226465414503,0.9566842603179402,0.04331573968205982,1.0444537569305032,1.1119290875239092,0.939316876093544,0.9482564355401442,0.9276079161920683,0.02201582789785942,0.762732154125845,1.172059722776271,2.2392200828674595,9.008339591858506e-10
35,34,0,local_loglinear,8,7,27,2.3880761210335546,2.464844544843354,1.0900799484565769,0.18207834248871443,0.9662598707881517,0.033740129211848324,1.0452258313166438,1.1127227176081878,0.9393407852437583,0.9413818840049846,0.9254403390280612,0.017079218674762718,0.764422554182782,1.1918271803011482,2.2304709433821452,4.736811134280673e-10
35,34,0,local_loglinear,9,8,26,2.438235642771009,2.5183033796370458,1.108860599524741,0.1798897466341622,0.9746968711388009,0.02530312886119912,1.045950166587269,1.113626422254604,0.9392289422063816,0.9348481110430179,0.9229919003958746,0.012763608848296373,0.7658579509667104,1.2118116163555621,2.22308183979617,9.82698497464882e-10
35,34,0,local_loglinear,10,9,25,2.4829742625993108,2.566158428400635,1.1257075966836925,0.1779736103981056,0.9820086534230518,0.01799134657694823,1.0466286683639079,1.114638136468152,0.9389851595067982,0.9286440507850507,0.9202790789937363,0.009048541532943391,0.7670620980908742,1.2319953418364027,2.216911442536716,8.171120551540273e-10
35,34,0,local_loglinear,11,10,24,2.5223713072712655,2.6084766722567694,1.1406464410118238,0.17630158230116152,0.9882178947177187,0.011782105282281297,1.0472632347924655,1.1157556240179916,0.9386134492615189,0.92275648989854,0.9173179039241663,0.00591128470616345,0.7680560293319746,1.2523663369644416,2.211837585599746,1.4857210857681834e-11
35,34,0,local_loglinear,12,11,23,2.5565448494756944,2.645366776455414,1.1537166545553694,0.17484914902874643,0.9933548697436663,0.006645130256333731,1.0478557534575925,1.1169766209560903,0.9381178923518266,0.9171707047700384,0.9141238417978976,0.003327554040114075,0.768858351284202,1.2729175783194957,2.2077545575825566,1.1040160197100243e-9
35,34,0,local_loglinear,13,12,22,2.5856446089826073,2.676971845938852,1.1649692755951357,0.17359507216184408,0.9974559166249307,0.0025440833750692837,1.048408076071815,1.1182989263232292,0.9375025329933894,0.9118709764315017,0.9107117155368505,0.0012721080432639004,0.7694855139240172,1.293646441890437,2.2045707855968826,1.957956940282605e-11
35,34,0,local_loglinear,14,13,21,2.6098454157663498,2.703462687754256,1.1744645411323025,0.17252091593796404,1.0005620479655717,0.0005620479655716881,1.048922011306951,1.1197204733933073,0.9367713069746757,0.906841008794521,0.9070956491661575,0.0002807599396502103,0.7699520546989983,1.3145541604313906,2.2022068705566933,8.265116074379319e-11
35,34,0,local_loglinear,15,14,20,2.6293413058567454,2.7250316678363915,1.1822697874802088,0.17161064976328808,1.0027177109945078,0.0027177109945077937,1.0493993215073767,1.1212393751783623,0.9359279960538689,0.9020642654705666,0.9032890339496686,0.0013568188203282594,0.7702708160242875,1.3356453311821896,2.2005939247748323,1.648922586292994e-10
35,34,0,local_loglinear,16,15,19,2.6443402843973858,2.741887214609851,1.1884575751973518,0.17085031556438235,1.0039697156642264,0.003969715664226436,1.0498417070540103,1.1228539474245511,0.9349761912152454,0.8975242295708322,0.8993045118834964,0.001981583279630675,0.7704531406154825,1.3569274944389167,2.199672151162672,2.4480602054217845e-11
35,34,0,local_loglinear,17,16,18,2.6550597489941996,2.754248973076661,1.1931040461122784,0.17022774697188134,1.0043663092155808,0.004366309215580788,1.050250803913886,1.1245627276337733,0.9339192720033953,0.8932046053451186,0.8951539727990503,0.002180064165895071,0.770509043570137,1.3784107627998659,2.1993896400848105,1.0104752658042043e-9
35,34,0,local_loglinear,18,17,17,2.661722553573208,2.7623436005522186,1.1962875040727246,0.16973233193047757,1.0039563910442801,0.003956391044280139,1.0506281795005685,1.1263644819688816,0.9327603953420777,0.8890894706931902,0.8908485621613385,0.001976576721647763,0.7704473643270711,1.4001075003498995,2.1997013453068206,1.940480295878461e-11
35,34,0,local_loglinear,19,18,16,2.664553675988306,2.766401176495989,1.1980872068375523,0.16935481305983513,1.0027888659664357,0.002788865966435683,1.05097532472948,1.1282582072635863,0.9315024858347418,0.8851633853662553,0.8863986970817217,0.0013946018916526776,0.7702759008516417,1.4220320596027693,2.200568209694169,7.588474538070018e-11
35,34,0,local_loglinear,20,19,15,2.663777438028292,2.7666521781864044,1.198582357695726,0.1690871166577717,1.0009121031427333,0.0009121031427332671,1.051293659913008,1.1302431324968092,0.9301482395125068,0.8814114713739687,0.8818140883303494,0.00045668231289208716,0.7700015260198739,1.4442005475197004,2.2019564273518424,1.5060624661159649e-10
35,34,0,local_loglinear,21,20,14,2.6596152320645805,2.763324983802348,1.1978512735031845,0.16892220904507785,0.9983735115784139,0.0016264884215860809,1.0515845261105259,1.1323187115697018,0.9287001224705929,0.8778194616848173,0.8771037668595565,0.0008156423634919918,0.7696302908216001,1.466630645388493,2.203836808516585,8.610637003516143e-10
35,34,0,local_loglinear,22,21,13,2.6522836939032177,2.756643842341365,1.1959707142082805,0.16885397363237928,0.9952192020353854,0.004780797964614614,1.051849188793789,1.1344846212173643,0.9271603767225132,0.8743737301662594,0.8722761132557915,0.0024018757128660972,0.7691675139584959,1.4893414579481095,2.2061842413894883,1.6954688627821515e-11
35,34,0,local_loglinear,23,22,12,2.6419932711457883,2.74682726281672,1.1930153512074262,0.16887710762106764,0.9914937377453862,0.008506262254613817,1.0520888324743345,1.136740755223446,0.9255310215982607,0.8710613008965815,0.8673388891086218,0.004282578313778068,0.768617861126161,1.5123534070096483,2.208977228140273,1.0885823131226644e-9
35,34,0,local_loglinear,24,23,11,2.628947130584792,2.7340867636723365,1.1890573604637278,0.16898703267558648,0.9872399436856035,0.012760056314396473,1.052304568122766,1.139087223738703,0.9238138627074582,0.8678698486845661,0.8622992692635165,0.006439368975138388,0.7679854133543638,1.5356881421467967,2.212197493553439,2.0018695486255017e-11
35,34,0,local_loglinear,25,24,10,2.6133403617018542,2.7186259432569027,1.1841661146478109,0.16917982234167023,0.9824987958023021,0.01750120419769785,1.0524974196992902,1.1415243483728066,0.9220104864163253,0.8647876799491192,0.8571638744325603,0.00885490107064646,0.7672737292786774,1.5593685089370657,2.215829637927354,7.489927102539586e-11
35,34,0,local_loglinear,26,25,9,2.5953594207060835,2.7006398101982767,1.1784079639568223,0.1694521399891914,0.9773093508438977,0.022690649156102305,1.052668330478634,1.1440526712804175,0.920122260892493,0.8618037091647364,0.8519388032584059,0.011512832058283407,0.7664858990658174,1.5834185347678729,2.219860842942191,1.0794596189465548e-9
35,34,0,local_loglinear,27,26,8,2.5751817798017447,2.680314341896072,1.171846079042933,0.16980119176465447,0.971708744935467,0.028291255064533005,1.0528181437420516,1.1466729630034436,0.9181503163591116,0.8589074167912655,0.8466296635546255,0.014397770029471874,0.765624595727248,1.6078634834750658,2.224280598986678,7.601303537078973e-10
35,34,0,local_loglinear,28,27,7,2.5529757330755456,2.657826221115778,1.164540334122715,0.1702246955611093,0.9657322598615214,0.03426774013847855,1.0529475768696248,1.1493862529779415,0.9160955023966452,0.8560887867099051,0.8412416019416085,0.017495195478896552,0.764692125906625,1.6327299970991995,2.229080441133897,1.3487877403644257e-11
35,34,0,local_loglinear,29,28,6,2.528900312722452,2.63334270492091,1.1565472012850693,0.1707208705315525,0.9594134730566496,0.04058652694335041,1.0530571757312375,1.1521938921029162,0.9139583041958848,0.8533382133678842,0.8357793310736763,0.020791347383832176,0.7636904847521235,1.6580463730283954,2.234253667942479,6.004474314929859e-11
35,34,0,local_loglinear,30,29,5,2.503105265138689,2.6070215814841036,1.147919606908396,0.17128846116651772,0.9527845533409208,0.047215446659079174,1.0531472142430691,1.1550976709430605,0.9117386700150165,0.8506463475685458,0.8302471533440876,0.024273037846368667,0.7626214255620622,1.6838431096666904,2.239794985205676,1.5917810343028672e-10
35,34,0,local_loglinear,31,30,4,2.4757310126930427,2.5790111510606586,1.1387066680814228,0.1719268214461271,0.945876808373147,0.05412319162685297,1.0532174992810113,1.1581000525155372,0.9094356718085731,0.8480038279526241,0.8246489788841629,0.027927334224876282,0.7614865627102284,1.7101539579008993,2.24569997425588,3.53815474885004e-10
35,34,0,local_loglinear,32,31,3,2.446908486242715,2.5494501364923394,1.1289531677349303,0.17263610794999473,0.9387216834994566,0.061278316500543384,1.0532670001712292,1.1612046266653622,0.9070468511617129,0.845400799089694,0.8189883338713742,0.03174099395875685,0.7602875409676955,1.7370179307333422,2.2519642042891963,7.337633792607267e-10
35,34,0,local_loglinear,33,32,2,2.416758637803331,2.518467374378427,1.1186985038661277,0.17341767923432683,0.9313526094163703,0.06864739058362967,1.0532931308474076,1.1644169841199634,0.904566959441475,0.8428260201412121,0.8132683518060226,0.035699423793681656,0.7590263364807964,1.764483175580981,2.2585816319276675,1.4739243156266949e-9
35,34,0,local_loglinear,34,33,1,2.3853912905433754,2.4861810225359267,1.1079746211480515,0.17427488875119376,0.9238084484166962,0.07619155158330382,1.0532903720858657,1.1677464024181787,0.9019855423272582,0.8402651929695725,0.8074917337943337,0.03978472967167809,0.7577058127984612,1.7926144615314237,2.2655416091720633,2.9138771838306264e-9
35,34,0,local_loglinear,35,34,0,2.3529026991760658,2.4526968049429354,1.096802001757867,0.17521463331056975,0.916139963670187,0.08386003632981298,1.0532476308554213,1.1712090928597965,0.8992823205322432,0.8376978024137608,0.8016606514440938,0.043972027351766474,0.756330767929461,1.8215076964469692,2.272823193812688,1.222842387425076e-7
40,39,0,local_loglinear,1,0,39,1.8901678313037162,1.9403612229421892,0.906495185575314,0.20859957981904168,0.8761960342164987,0.12380396578350128,,,,0.9967870194975489,0.9337836851161863,0.0652923148876943,0.7454800772873249,1.0599016809375605,2.331535287067304,1.4385464361577594e-11
40,39,0,local_loglinear,2,1,38,1.975646808183075,2.0298378997365614,0.9377968877670639,0.20320507284525097,0.8921365634962873,0.10786343650371266,1.0398130356575166,1.109641184299132,0.9370714158507734,0.9878698857804787,0.9336475050616719,0.056452031101244,0.7493925019821268,1.0775853119138288,2.310105976853435,8.704611592333116e-10
40,39,0,local_loglinear,3,2,37,2.0568655473342874,2.115032983101668,0.9675963367839989,0.19846672526247533,0.907154154410322,0.09284584558967801,1.0408510000703133,1.1098776538759065,0.9378069703768349,0.9792619875951668,0.9331339948481145,0.04825040634362443,0.7528321553153103,1.095752628014387,2.2915092581587935,1.510138936482579e-11
40,39,0,local_loglinear,4,3,36,2.1334270501436787,2.1955205927312305,0.9957507620826066,0.1943005459390854,0.9211689790313984,0.07883102096860162,1.0418324245073733,1.1102221713612235,0.9383999449677728,0.970986254084108,0.9322574166490485,0.04070333706688293,0.755845845984557,1.1143363102595618,2.275399485057946,6.804612867019944e-11
40,39,0,local_loglinear,5,4,35,2.2050203127968544,2.2709619270357666,1.022147274181834,0.19063514651171637,0.9341208230918643,0.06587917690813572,1.042758876924645,1.1106782356557465,0.938848753355645,0.9630567041350837,0.9310332686021787,0.033817281958049165,0.758475812843969,1.1332791342463269,2.261479328613506,1.102014068821173e-9
40,39,0,local_loglinear,6,5,34,2.2714163800182234,2.3411019551352608,1.0467017062869575,0.18740970361341763,0.9459677123597272,0.05403228764027279,1.0436320559352623,1.1112472351202805,0.939153793100147,0.9554799258220061,0.9294778538154913,0.027590773411079135,0.7607599601063894,1.1525333081461338,2.2494929484413464,1.8515267363542256e-11
40,39,0,local_loglinear,7,6,33,2.3324626695661284,2.40576425502939,1.0693568037167978,0.18457226465414503,0.9566842603179402,0.04331573968205982,1.0444537569305032,1.1119290875239092,0.939316876093544,0.9482564355401442,0.9276079161920683,0.02201582789785942,0.762732154125845,1.172059722776271,2.2392200828674595,9.008339591858506e-10
40,39,0,local_loglinear,8,7,32,2.3880761210335546,2.464844544843354,1.0900799484565769,0.18207834248871443,0.9662598707881517,0.033740129211848324,1.0452258313166438,1.1127227176081878,0.9393407852437583,0.9413818840049846,0.9254403390280612,0.017079218674762718,0.764422554182782,1.1918271803011482,2.2304709433821452,4.736811134280673e-10
40,39,0,local_loglinear,9,8,31,2.438235642771009,2.5183033796370458,1.108860599524741,0.1798897466341622,0.9746968711388009,0.02530312886119912,1.045950166587269,1.113626422254604,0.9392289422063816,0.9348481110430179,0.9229919003958746,0.012763608848296373,0.7658579509667104,1.2118116163555621,2.22308183979617,9.82698497464882e-10
40,39,0,local_loglinear,10,9,30,2.4829742625993108,2.566158428400635,1.1257075966836925,0.1779736103981056,0.9820086534230518,0.01799134657694823,1.0466286683639079,1.114638136468152,0.9389851595067982,0.9286440507850507,0.9202790789937363,0.009048541532943391,0.7670620980908742,1.2319953418364027,2.216911442536716,8.171120551540273e-10
40,39,0,local_loglinear,11,10,29,2.5223713072712655,2.6084766722567694,1.1406464410118238,0.17630158230116152,0.9882178947177187,0.011782105282281297,1.0472632347924655,1.1157556240179916,0.9386134492615189,0.92275648989854,0.9173179039241663,0.00591128470616345,0.7680560293319746,1.2523663369644416,2.211837585599746,1.4857210857681834e-11
40,39,0,local_loglinear,12,11,28,2.5565448494756944,2.645366776455414,1.1537166545553694,0.17484914902874643,0.9933548697436663,0.006645130256333731,1.0478557534575925,1.1169766209560903,0.9381178923518266,0.9171707047700384,0.9141238417978976,0.003327554040114075,0.768858351284202,1.2729175783194957,2.2077545575825566,1.1040160197100243e-9
40,39,0,local_loglinear,13,12,27,2.5856446089826073,2.676971845938852,1.1649692755951357,0.17359507216184408,0.9974559166249307,0.0025440833750692837,1.048408076071815,1.1182989263232292,0.9375025329933894,0.9118709764315017,0.9107117155368505,0.0012721080432639004,0.7694855139240172,1.293646441890437,2.2045707855968826,1.957956940282605e-11
40,39,0,local_loglinear,14,13,26,2.6098454157663498,2.703462687754256,1.1744645411323025,0.17252091593796404,1.0005620479655717,0.0005620479655716881,1.048922011306951,1.1197204733933073,0.9367713069746757,0.906841008794521,0.9070956491661575,0.0002807599396502103,0.7699520546989983,1.3145541604313906,2.2022068705566933,6.193810256415276e-11
40,39,0,local_loglinear,15,14,25,2.629341305855575,2.725031667817535,1.1822697874690613,0.17161064973602672,1.0027177108347736,0.002717710834773568,1.0493993215810349,1.1212393751783623,0.9359279961195625,0.9020642655424191,0.9032890339496686,0.0013568187406748228,0.7702708160277864,1.3356453309892908,2.2005939247571367,1.026515574623986e-9
40,39,0,local_loglinear,16,15,24,2.644340284362755,2.741887214298123,1.1884575760909968,0.1708503152227788,1.0039697136437091,0.003969713643709127,1.0498417084178964,1.12285394742309,0.9349761924311223,0.8975242304773982,0.8993045118863858,0.001981582272769636,0.7704531403174638,1.356927491946181,2.199672152668884,7.950726364087276e-10
40,39,0,local_loglinear,17,16,23,2.6550597499283173,2.7542489736997076,1.193104047597907,0.17022774649606104,1.0043663067615396,0.004366306761539596,1.0502508042481102,1.124562726225206,0.9339192734703764,0.8932046064765542,0.895153972838201,0.0021800629429163942,0.7705090432221112,1.378410759540518,2.199389641843424,1.4209353474072677e-11
40,39,0,local_loglinear,18,17,22,2.661722555700096,2.7623436023101253,1.1962875063976661,0.16973233127260348,1.003956387955221,0.003956387955220908,1.050628180021099,1.1263644801498145,0.9327603973106094,0.8890894721468103,0.8908485622453577,0.0019765751810077725,0.7704473638812729,1.4001074959953042,2.199701347559969,1.049328978890423e-9
40,39,0,local_loglinear,19,18,21,2.6645536794648517,2.766401178973804,1.1980872119169879,0.16935481150790974,1.002788858085505,0.002788858085505108,1.0509753282152554,1.1282582047793117,0.9315024909753057,0.8851633889914383,0.8863986972229212,0.0013945979554524507,0.7702758997085627,1.422032048682287,2.2005682154749175,1.8244047157409886e-11
40,39,0,local_loglinear,20,19,20,2.6637774450945537,2.766652183330011,1.1985823676816878,0.16908711363887538,1.000912087927502,0.00091208792750197,1.0512936653423273,1.1302431264125454,0.9301482493233043,0.8814114783692141,0.8818140886136578,0.0004566746977583691,0.770001523808724,1.4442005259885184,2.2019564385445953,7.617039259223596e-11
40,39,0,local_loglinear,21,20,19,2.6596152460459765,2.7633249940863234,1.1978512929556182,0.16892220319757748,0.9983734822665633,0.0016265177334366943,1.0515845366068335,1.132318699685861,0.9287001414871754,0.8778194751534687,0.8771037674154651,0.0008156570729961898,0.7696302865469183,1.4666306030634408,2.203836830182577,9.63468083985138e-10
40,39,0,local_loglinear,22,21,18,2.652283721158762,2.7566438624794345,1.195970751908927,0.16885396230822797,0.995219145518374,0.004780854481626018,1.0518492091540963,1.1344845980766682,0.9271604135810512,0.8743737561252335,0.8722761143334543,0.0024019041660531537,0.7691675056925595,1.4893413747105555,2.206184283351891,1.913666799931262e-11
40,39,0,local_loglinear,23,22,17,2.6419933239054534,2.7468273019480822,1.193015423797525,0.16887708576312263,0.9914936292150637,0.008506370784936323,1.052088871602597,1.136740710211353,0.9255310926684267,0.8710613507549365,0.867338891185885,0.004282633157421278,0.7686178452323478,1.5123532439146832,2.20897730897921,7.366372016537863e-11
40,39,0,local_loglinear,24,23,16,2.6289472321397693,2.7340868394126123,1.1890574991573002,0.16898699080537777,0.987239737212059,0.012760262787940957,1.0523046423250337,1.1390871366341884,0.9238139984921765,0.8678699436306735,0.8622992732490073,0.0064394737545182545,0.7679853830405469,1.535687825292553,2.212197648072518,9.018031738493949e-10
40,39,0,local_loglinear,25,24,15,2.613340555399552,2.7186260873705943,1.1841663808163645,0.1691797413004735,0.9824983979834042,0.017501602016595785,1.0524975653410562,1.14152418112763,0.9220107490858137,0.8647878630187786,0.8571638820293588,0.00885510390109609,0.7672736707799338,1.559367886107566,2.2158299368485785,1.6998662459893896e-11
40,39,0,local_loglinear,26,25,14,2.5953597908922834,2.7006400857222275,1.1784084739017,0.16945198352250157,0.9773085878249829,0.022691412175017134,1.0526686105413463,1.1440523469315715,0.920122766554063,0.8618040608384487,0.8519388177751177,0.011513223085649754,0.7664857865079312,1.583417314868784,2.2198614196691575,1.0183743475612923e-9
40,39,0,local_loglinear,27,26,13,2.5751824863227215,2.6803148680069744,1.171847055030238,0.16980088967217263,0.9717072827684349,0.028292717231565123,1.0528186838473248,1.146672335538921,0.9181512897950169,0.8589080920851311,0.8466296912800104,0.014398523505494809,0.7656243792233389,1.6078610951884984,2.224281711629797,1.8396655499077106e-11
40,39,0,local_loglinear,28,27,12,2.552977079806048,2.657827224697249,1.1645421997675605,0.1702241124456678,0.9657294611202607,0.0342705388797393,1.0529486173569051,1.1493850394864724,0.916097374842591,0.8560900825671526,0.841241654867066,0.017496646259168053,0.7646917097611036,1.6327253245755946,2.2290825866894868,1.0161646686639636e-9
40,39,0,local_loglinear,29,28,11,2.5289028760555428,2.6333446159444667,1.1565507658244538,0.17071974419419608,0.9594081157603757,0.04059188423962434,1.053059183374418,1.1521915467006618,0.9139619071064073,0.8533407011276578,0.8357794320398975,0.02079414190152326,0.7636896845013853,1.6580372279752196,2.234257808235012,1.8131702902418744e-11
40,39,0,local_loglinear,30,29,10,2.5031101400563425,2.6070252186429865,1.1479264109343335,0.1712862859382394,0.9527743092991048,0.04722569070089522,1.0531510811282296,1.1550931359101189,0.9117455972919731,0.850651120517031,0.8302473459244417,0.024278416842084427,0.7626198875399532,1.6838252217197058,2.239802972170335,6.902848252681335e-11
40,39,0,local_loglinear,31,30,9,2.475740273529239,2.5790180664865066,1.1387196446967447,0.17192262047324613,0.9458572343028843,0.054142765697115736,1.0532249465376555,1.158091287609705,0.909448985417641,0.8480129819275135,0.824649346044835,0.027937683667016905,0.7614836076457822,1.7101189800406524,2.2457153807000045,1.0267438544333238e-9
40,39,0,local_loglinear,32,31,8,2.4469260599371,2.5494632716078502,1.1289778968117052,0.17262799441346094,0.9386843071221638,0.061315692877836225,1.0532813381469488,1.16118769070335,0.9070724281523854,0.8454183494258145,0.8189890335593153,0.03176089919343811,0.7602818648591989,1.736949555075972,2.2519939211432765,7.202564964363877e-10
40,39,0,local_loglinear,33,32,7,2.4167919515522427,2.518492299489392,1.118745590185861,0.1734020099245057,0.9312812932633941,0.06871870673660585,1.0533207202278265,1.164384266790261,0.9046160707164207,0.8428596534893891,0.8132696845851264,0.035737689650991084,0.7590154376476226,1.7643495611044484,2.258638944193538,1.2304952086083568e-11
40,39,0,local_loglinear,34,33,6,2.3854543750549646,2.4862282732736443,1.1080642032991648,0.17424462918277775,0.9236724733641937,0.07632752663580633,1.0533434342002803,1.16768321709125,0.9020797925178757,0.8403296177980616,0.8074942712418947,0.03985825637395973,0.7576848932941702,1.7923534549065063,2.2656521266494516,5.569626698052832e-11
40,39,0,local_loglinear,35,34,5,2.3530220307497416,2.4527862863873313,1.0969722926305276,0.17515620192589257,0.9158808932312789,0.08411910676872114,1.053349631334899,1.1710871066655477,0.8994630931717075,0.8378211473405721,0.8016654798639855,0.044113236257032284,0.7562906287210824,1.8209980138866297,2.2730362790875747,1.4821269923035236e-10
40,39,0,local_loglinear,36,35,4,2.319596144870966,2.4182736890589163,1.0855054252439755,0.17613753393800693,0.9079287659770663,0.09207123402293371,1.0533391418632325,1.1745990275957954,0.8967648679390096,0.835327142937455,0.7957857250943845,0.048493476044599526,0.7548329340121772,1.8503231847983035,2.28079503027547,3.296368615194429e-10
40,39,0,local_loglinear,37,36,3,2.2852706098630042,2.3827902952147153,1.0736959364746568,0.17719002997557162,0.8998381508087079,0.10016184919129212,1.0533112287747208,1.1782229122545724,0.8939829787889385,0.8328401783921806,0.789857157428246,0.0529896453540023,0.7533121000021503,1.8803736270710156,2.288932268091167,6.833020887417964e-10
40,39,0,local_loglinear,38,37,2,2.2501319036698133,2.3464284257648784,1.0615723493333669,0.17831597894338294,0.8916321625658233,0.10836783743417666,1.0532641075259983,1.181964145377273,0.8911134162955555,0.830351911109567,0.7838816597006495,0.05759153552341742,0.7517286133756316,1.9112016109275316,2.297451091592896,1.371255766349598e-9
40,39,0,local_loglinear,39,38,1,2.2142585872137523,2.3092726324425934,1.0491581562485344,0.17951910932492754,0.8833371764259671,0.1166628235740329,1.0531940317659985,1.1858307064734366,0.8881487264721887,0.8278519881305908,0.7778608238198683,0.062286761625666986,0.7500835193015477,1.9428725237459514,2.30635181766198,2.707654885818902e-9
40,39,0,local_loglinear,40,39,0,2.1777200151415186,2.271398823785515,1.0364693969194374,0.18080566452834876,0.874986921098551,0.12501307890144897,1.0530935387139895,1.189835400870639,0.8850749758692745,0.8253259885105391,0.7717958914100709,0.06705832017436181,0.7483791066603245,1.975475449859441,2.3156281514869814,1.1379846087364585e-7
45,44,0,local_loglinear,1,0,44,1.8901678313037162,1.9403612229421892,0.906495185575314,0.20859957981904168,0.8761960342164987,0.12380396578350128,,,,0.9967870194975489,0.9337836851161863,0.0652923148876943,0.7454800772873249,1.0599016809375605,2.331535287067304,1.4385464361577594e-11
45,44,0,local_loglinear,2,1,43,1.975646808183075,2.0298378997365614,0.9377968877670639,0.20320507284525097,0.8921365634962873,0.10786343650371266,1.0398130356575166,1.109641184299132,0.9370714158507734,0.9878698857804787,0.9336475050616719,0.056452031101244,0.7493925019821268,1.0775853119138288,2.310105976853435,8.704611592333116e-10
45,44,0,local_loglinear,3,2,42,2.0568655473342874,2.115032983101668,0.9675963367839989,0.19846672526247533,0.907154154410322,0.09284584558967801,1.0408510000703133,1.1098776538759065,0.9378069703768349,0.9792619875951668,0.9331339948481145,0.04825040634362443,0.7528321553153103,1.095752628014387,2.2915092581587935,1.510138936482579e-11
45,44,0,local_loglinear,4,3,41,2.1334270501436787,2.1955205927312305,0.9957507620826066,0.1943005459390854,0.9211689790313984,0.07883102096860162,1.0418324245073733,1.1102221713612235,0.9383999449677728,0.970986254084108,0.9322574166490485,0.04070333706688293,0.755845845984557,1.1143363102595618,2.275399485057946,6.804612867019944e-11
45,44,0,local_loglinear,5,4,40,2.2050203127968544,2.2709619270357666,1.022147274181834,0.19063514651171637,0.9341208230918643,0.06587917690813572,1.042758876924645,1.1106782356557465,0.938848753355645,0.9630567041350837,0.9310332686021787,0.033817281958049165,0.758475812843969,1.1332791342463269,2.261479328613506,1.102014068821173e-9
45,44,0,local_loglinear,6,5,39,2.2714163800182234,2.3411019551352608,1.0467017062869575,0.18740970361341763,0.9459677123597272,0.05403228764027279,1.0436320559352623,1.1112472351202805,0.939153793100147,0.9554799258220061,0.9294778538154913,0.027590773411079135,0.7607599601063894,1.1525333081461338,2.2494929484413464,1.8515267363542256e-11
45,44,0,local_loglinear,7,6,38,2.3324626695661284,2.40576425502939,1.0693568037167978,0.18457226465414503,0.9566842603179402,0.04331573968205982,1.0444537569305032,1.1119290875239092,0.939316876093544,0.9482564355401442,0.9276079161920683,0.02201582789785942,0.762732154125845,1.172059722776271,2.2392200828674595,9.008339591858506e-10
45,44,0,local_loglinear,8,7,37,2.3880761210335546,2.464844544843354,1.0900799484565769,0.18207834248871443,0.9662598707881517,0.033740129211848324,1.0452258313166438,1.1127227176081878,0.9393407852437583,0.9413818840049846,0.9254403390280612,0.017079218674762718,0.764422554182782,1.1918271803011482,2.2304709433821452,4.736811134280673e-10
45,44,0,local_loglinear,9,8,36,2.438235642771009,2.5183033796370458,1.108860599524741,0.1798897466341622,0.9746968711388009,0.02530312886119912,1.045950166587269,1.113626422254604,0.9392289422063816,0.9348481110430179,0.9229919003958746,0.012763608848296373,0.7658579509667104,1.2118116163555621,2.22308183979617,9.82698497464882e-10
45,44,0,local_loglinear,10,9,35,2.4829742625993108,2.566158428400635,1.1257075966836925,0.1779736103981056,0.9820086534230518,0.01799134657694823,1.0466286683639079,1.114638136468152,0.9389851595067982,0.9286440507850507,0.9202790789937363,0.009048541532943391,0.7670620980908742,1.2319953418364027,2.216911442536716,8.171120551540273e-10
45,44,0,local_loglinear,11,10,34,2.5223713072712655,2.6084766722567694,1.1406464410118238,0.17630158230116152,0.9882178947177187,0.011782105282281297,1.0472632347924655,1.1157556240179916,0.9386134492615189,0.92275648989854,0.9173179039241663,0.00591128470616345,0.7680560293319746,1.2523663369644416,2.211837585599746,1.4857210857681834e-11
45,44,0,local_loglinear,12,11,33,2.5565448494756944,2.645366776455414,1.1537166545553694,0.17484914902874643,0.9933548697436663,0.006645130256333731,1.0478557534575925,1.1169766209560903,0.9381178923518266,0.9171707047700384,0.9141238417978976,0.003327554040114075,0.768858351284202,1.2729175783194957,2.2077545575825566,1.1040160197100243e-9
45,44,0,local_loglinear,13,12,32,2.5856446089826073,2.676971845938852,1.1649692755951357,0.17359507216184408,0.9974559166249307,0.0025440833750692837,1.048408076071815,1.1182989263232292,0.9375025329933894,0.9118709764315017,0.9107117155368505,0.0012721080432639004,0.7694855139240172,1.293646441890437,2.2045707855968826,1.957956940282605e-11
45,44,0,local_loglinear,14,13,31,2.6098454157663498,2.703462687754256,1.1744645411323025,0.17252091593796404,1.0005620479655717,0.0005620479655716881,1.048922011306951,1.1197204733933073,0.9367713069746757,0.906841008794521,0.9070956491661575,0.0002807599396502103,0.7699520546989983,1.3145541604313906,2.2022068705566933,6.193810256415276e-11
45,44,0,local_loglinear,15,14,30,2.629341305855575,2.725031667817535,1.1822697874690613,0.17161064973602672,1.0027177108347736,0.002717710834773568,1.0493993215810349,1.1212393751783623,0.9359279961195625,0.9020642655424191,0.9032890339496686,0.0013568187406748228,0.7702708160277864,1.3356453309892908,2.2005939247571367,1.026515574623986e-9
45,44,0,local_loglinear,16,15,29,2.644340284362755,2.741887214298123,1.1884575760909968,0.1708503152227788,1.0039697136437091,0.003969713643709127,1.0498417084178964,1.12285394742309,0.9349761924311223,0.8975242304773982,0.8993045118863858,0.001981582272769636,0.7704531403174638,1.356927491946181,2.199672152668884,7.950726364087276e-10
45,44,0,local_loglinear,17,16,28,2.6550597499283173,2.7542489736997076,1.193104047597907,0.17022774649606104,1.0043663067615396,0.004366306761539596,1.0502508042481102,1.124562726225206,0.9339192734703764,0.8932046064765542,0.895153972838201,0.0021800629429163942,0.7705090432221112,1.378410759540518,2.199389641843424,1.4209353474072677e-11
45,44,0,local_loglinear,18,17,27,2.661722555700096,2.7623436023101253,1.1962875063976661,0.16973233127260348,1.003956387955221,0.003956387955220908,1.050628180021099,1.1263644801498145,0.9327603973106094,0.8890894721468103,0.8908485622453577,0.0019765751810077725,0.7704473638812729,1.4001074959953042,2.199701347559969,1.049328978890423e-9
45,44,0,local_loglinear,19,18,26,2.6645536794648517,2.766401178973804,1.1980872119169879,0.16935481150790974,1.002788858085505,0.002788858085505108,1.0509753282152554,1.1282582047793117,0.9315024909753057,0.8851633889914383,0.8863986972229212,0.0013945979554524507,0.7702758997085627,1.422032048682287,2.2005682154749175,7.649084206865124e-10
45,44,0,local_loglinear,20,19,25,2.663777445037193,2.7666521830889885,1.198582368218447,0.1690871134204569,1.0009120866130192,0.0009120866130192251,1.0512936662669305,1.1302431264125454,0.9301482501413613,0.8814114789490859,0.8818140886136578,0.00045667403986834887,0.7700015236259673,1.4442005242610987,2.2019564394697015,1.047951502761669e-9
45,44,0,local_loglinear,21,20,24,2.659615246640195,2.7633249945844267,1.1978512935215324,0.16892220301842378,0.9983734814307783,0.001626518569221691,1.0515845362735723,1.1323186988020797,0.9287001419177137,0.8778194755443719,0.877103767438175,0.0008156574924159388,0.7696302864499942,1.4666306018186606,2.2038368306738323,1.0902539900675643e-9
45,44,0,local_loglinear,22,21,23,2.652283722104379,2.7566438631784362,1.195970753215495,0.16885396191588453,0.9952191435607408,0.004780856439259185,1.0518492100255692,1.134484597488567,0.9271604148298448,0.8743737570248927,0.8722761143712745,0.0024019051516135093,0.7691675054062447,1.489341371824599,2.206184284805382,7.592414284667339e-10
45,44,0,local_loglinear,23,22,22,2.6419933257887647,2.7468273035299453,1.1930154257648782,0.16887708520628725,0.9914936266526031,0.0085063733473969,1.0520888720754458,1.1367407086517483,0.9255310943542214,0.8710613519556273,0.867338891258346,0.004282634452300066,0.7686178448683191,1.5123532399290702,2.208977310830729,1.3170892727522658e-11
45,44,0,local_loglinear,24,23,21,2.6289472351793273,2.734086841819037,1.1890575027794235,0.16898698971775178,0.9872397319994688,0.012760268000531205,1.0523046442990145,1.1390871345151017,0.9238140019437322,0.8678699460454498,0.8622992733673052,0.006439476399746652,0.7679853823061236,1.5356878171894068,2.2121976518161057,9.814481339123318e-10
45,44,0,local_loglinear,25,24,20,2.6133405607455122,2.7186260914390945,1.1841663878682869,0.16917973917672405,0.9824983876597321,0.017501612340267925,1.0524975692732752,1.1415241769464215,0.9220107559076912,0.8647878677825797,0.8571638822394128,0.008855109164674496,0.7672736692618678,1.5593678698672764,2.215829944605707,1.6554251586472772e-11
45,44,0,local_loglinear,26,25,19,2.595359800825723,2.7006400932010264,1.1784084873063005,0.1694519794309842,0.97730856796783,0.022691432032169945,1.0526686178507603,1.1440523384582986,0.9201227797578867,0.8618040700029657,0.8519388181651719,0.011513233261914085,0.766485783579479,1.583417283046494,2.219861434674038,9.65746967779065e-10
45,44,0,local_loglinear,27,26,18,2.575182505018605,2.6803148820212623,1.171847080555094,0.16980088179536015,0.9717072447469858,0.028292755253014223,1.052818697881479,1.1466723191573256,0.918151315150942,0.85890810965857,0.8466296920142129,0.014398543098497307,0.7656243735940146,1.6078610330019418,2.224281740559674,1.76443544139186e-11
45,44,0,local_loglinear,28,27,17,2.552977115155155,2.657827251120675,1.16454224846844,0.17022409724443002,0.9657293882510568,0.03427061174894319,1.05294864448242,1.1493850078742298,0.9160974236386054,0.8560901163188291,0.8412416562569871,0.017496684032321325,0.7646916989274639,1.6327252028437105,2.229082642545413,7.003368394874283e-11
45,44,0,local_loglinear,29,28,16,2.528902943145932,2.633344666292638,1.1565508580958688,0.170719715149321,0.9594079779870067,0.04059202201299328,1.053059234389921,1.1521914855860145,0.9139619998617904,0.8533407651509536,0.8357794346810132,0.02079421376810925,0.7636896638988211,1.6580369925020029,2.23425791482756,1.409151908953104e-10
45,44,0,local_loglinear,30,29,15,2.5031102666298994,2.607025313417186,1.1479265865472772,0.17128622991236178,0.9527740458354714,0.04722595416452857,1.0531511805933607,1.1550930189773683,0.9117457757001604,0.8506512433187605,0.8302473509230215,0.02427855518352115,0.7626198479595407,1.6838247613612263,2.2398031777123886,8.736569936791958e-10
45,44,0,local_loglinear,31,30,14,2.4757405128966314,2.57901824536098,1.1387199796189422,0.17192251205986211,0.945856729301245,0.05414327069875502,1.053225139222847,1.1580910618628888,0.9094493290783577,0.8480132181170096,0.8246493555348748,0.02793795068009358,0.7614835314315428,1.710118077511281,2.2457157780506,1.608440516964227e-11
45,44,0,local_loglinear,32,31,13,2.446926513820784,2.5494636112009683,1.1289785343753858,0.17262778534094167,0.9386833443842512,0.06131665561574884,1.0532817069240936,1.1611872537545838,0.9070730870653392,0.84541880154725,0.8189890516290839,0.03176141191997542,0.7602817186467029,1.7369477935380597,2.2519946866359586,1.093167926260774e-9
45,44,0,local_loglinear,33,32,12,2.416792810885033,2.5184929426937783,1.1187468039323654,0.17340160609912633,0.9312794555917484,0.0687205444082516,1.053321431487059,1.1643834237346895,0.9046173365373015,0.8428605202354086,0.813269718963981,0.035738675717743446,0.759015156813491,1.7643461178973365,2.258640421008014,1.8841029324423845e-11
45,44,0,local_loglinear,34,33,11,2.3854560015722255,2.4862294918035577,1.108066512187803,0.17424384938442766,0.9236689694469552,0.0763310305530448,1.0533448018404576,1.1676815885750556,0.902082221854568,0.8403312781585348,0.8074943366655443,0.03986015119572217,0.7576843542440742,1.7923467288801895,2.2656549745511856,1.0902827227963629e-9
45,44,0,local_loglinear,35,34,10,2.3530251067962964,2.4527885930241307,1.0969766821491191,0.1751546958527377,0.9158742153661354,0.08412578463386455,1.053352262118926,1.1710839623817755,0.8994677546233284,0.837824327346946,0.8016656043311576,0.044116876556195256,0.7562895942140293,1.8209848763892365,2.273041771326415,1.852684346102546e-11
45,44,0,local_loglinear,36,35,9,2.3196019576517735,2.418278053024271,1.0855137630265095,0.1761346259454812,0.9079160514520024,0.09208394854799762,1.053344196286038,1.1745929571160256,0.8967738056869595,0.8353332291708339,0.7957859618213223,0.04850046459003721,0.7548309498937344,1.8502975387840355,2.280805618036094,7.289506637379648e-11
45,44,0,local_loglinear,37,36,8,2.2852815827550184,2.3827985430883105,1.0737117612292173,0.1771844156349448,0.8998139595594435,0.10018604044055646,1.0533209376343067,1.1782111979960168,0.8940001074729793,0.8328518213261529,0.7898576074214272,0.05300305533562641,0.7533082961258455,1.880323579787709,2.2889526753335754,1.3416202376143435e-10
45,44,0,local_loglinear,38,37,7,2.2501525957132977,2.346443998152724,1.0616023602263565,0.1783051407411314,0.8915861672615149,0.10841383273848515,1.053282747934421,1.1819415472387786,0.891146224950864,0.8303741729192813,0.7838825146100932,0.05761725464458378,0.7517213237129122,1.9111039783556107,2.2974904183416234,2.014078290733309e-10
45,44,0,local_loglinear,39,38,6,2.214297566056768,2.3093020031559774,1.049215025428115,0.17949818921799598,0.8832497855489014,0.11675021445109857,1.0532298020016828,1.185787126169624,0.8882115337209529,0.8278945314596547,0.7778624470517772,0.06233606353637708,0.7500695553935363,1.9426821257726286,2.30642759016539,2.644196085488624e-10
45,44,0,local_loglinear,40,39,5,2.1777933640910083,2.271454160233655,1.0365770757941921,0.18076528937727357,0.8748209948084827,0.12517900519151726,1.0531621428869236,1.1897513859455553,0.8851951385204083,0.8254072454111164,0.7717989715921558,0.06715277871751446,0.7483523690356517,1.9751042716402558,2.315774117654668,3.8238671064261355e-10
45,44,0,local_loglinear,41,40,4,2.1407114582831244,2.232976418483261,1.0237136947514414,0.1821085656067918,0.8663153178799184,0.13368468212008155,1.053079598630694,1.1938382191242165,0.8820957327059096,0.8229066416568324,0.7656934684964911,0.07206083964174603,0.7465690352207187,2.008420235249572,2.325540948044085,6.071135731049009e-10
45,44,0,local_loglinear,42,41,3,2.1031181312384324,2.1939393395351097,1.0106478292730485,0.18353064502985755,0.8577480604448403,0.1422519395551597,1.0529816211665142,1.1980521741198669,0.8789113228228755,0.8203868157790685,0.7595471375262075,0.07705357158789156,0.7447187834861003,2.0426846194270856,2.3357397234750548,1.038782329223535e-9
45,44,0,local_loglinear,43,42,2,2.0650745534760393,2.1544082518084595,0.9973998817626037,0.18503486020588938,0.8491350695937296,0.15086493040627036,1.0528669771501467,1.2023988616712395,0.875638700860665,0.8178412556548588,0.7533609971317958,0.0821237289979217,0.7428009243588377,2.0779589850005658,2.3463821337518502,1.8711685025033643e-9
45,44,0,local_loglinear,44,43,1,2.026636603992738,2.114443208120999,0.983987016885064,0.18662563477944105,0.8404940948608788,0.15950590513912122,1.0527331568042784,1.2068857296973252,0.8722724371496987,0.8152621477242995,0.7471358715773662,0.08726265691616458,0.7408150786355588,2.11431587436235,2.3574786412577193,3.479133133276339e-9
45,44,0,local_loglinear,45,44,0,1.987854233178239,2.0740985900586746,0.9704217505846762,0.18830921945857468,0.8318472867715948,0.1681527132284052,1.0525752459080593,1.2115235443775858,0.8688029636673834,0.8126390807782627,0.7408723561899899,0.09245872429245977,0.7387616117531365,2.15184640759655,2.3690359899780176,1.3600697433246508e-7
50,49,0,local_loglinear,1,0,49,1.8901678313037162,1.9403612229421892,0.906495185575314,0.20859957981904168,0.8761960342164987,0.12380396578350128,,,,0.9967870194975489,0.9337836851161863,0.0652923148876943,0.7454800772873249,1.0599016809375605,2.331535287067304,1.4385464361577594e-11
50,49,0,local_loglinear,2,1,48,1.975646808183075,2.0298378997365614,0.9377968877670639,0.20320507284525097,0.8921365634962873,0.10786343650371266,1.0398130356575166,1.109641184299132,0.9370714158507734,0.9878698857804787,0.9336475050616719,0.056452031101244,0.7493925019821268,1.0775853119138288,2.310105976853435,8.704611592333116e-10
50,49,0,local_loglinear,3,2,47,2.0568655473342874,2.115032983101668,0.9675963367839989,0.19846672526247533,0.907154154410322,0.09284584558967801,1.0408510000703133,1.1098776538759065,0.9378069703768349,0.9792619875951668,0.9331339948481145,0.04825040634362443,0.7528321553153103,1.095752628014387,2.2915092581587935,1.510138936482579e-11
50,49,0,local_loglinear,4,3,46,2.1334270501436787,2.1955205927312305,0.9957507620826066,0.1943005459390854,0.9211689790313984,0.07883102096860162,1.0418324245073733,1.1102221713612235,0.9383999449677728,0.970986254084108,0.9322574166490485,0.04070333706688293,0.755845845984557,1.1143363102595618,2.275399485057946,6.804612867019944e-11
50,49,0,local_loglinear,5,4,45,2.2050203127968544,2.2709619270357666,1.022147274181834,0.19063514651171637,0.9341208230918643,0.06587917690813572,1.042758876924645,1.1106782356557465,0.938848753355645,0.9630567041350837,0.9310332686021787,0.033817281958049165,0.758475812843969,1.1332791342463269,2.261479328613506,1.102014068821173e-9
50,49,0,local_loglinear,6,5,44,2.2714163800182234,2.3411019551352608,1.0467017062869575,0.18740970361341763,0.9459677123597272,0.05403228764027279,1.0436320559352623,1.1112472351202805,0.939153793100147,0.9554799258220061,0.9294778538154913,0.027590773411079135,0.7607599601063894,1.1525333081461338,2.2494929484413464,1.8515267363542256e-11
50,49,0,local_loglinear,7,6,43,2.3324626695661284,2.40576425502939,1.0693568037167978,0.18457226465414503,0.9566842603179402,0.04331573968205982,1.0444537569305032,1.1119290875239092,0.939316876093544,0.9482564355401442,0.9276079161920683,0.02201582789785942,0.762732154125845,1.172059722776271,2.2392200828674595,9.008339591858506e-10
50,49,0,local_loglinear,8,7,42,2.3880761210335546,2.464844544843354,1.0900799484565769,0.18207834248871443,0.9662598707881517,0.033740129211848324,1.0452258313166438,1.1127227176081878,0.9393407852437583,0.9413818840049846,0.9254403390280612,0.017079218674762718,0.764422554182782,1.1918271803011482,2.2304709433821452,4.736811134280673e-10
50,49,0,local_loglinear,9,8,41,2.438235642771009,2.5183033796370458,1.108860599524741,0.1798897466341622,0.9746968711388009,0.02530312886119912,1.045950166587269,1.113626422254604,0.9392289422063816,0.9348481110430179,0.9229919003958746,0.012763608848296373,0.7658579509667104,1.2118116163555621,2.22308183979617,9.82698497464882e-10
50,49,0,local_loglinear,10,9,40,2.4829742625993108,2.566158428400635,1.1257075966836925,0.1779736103981056,0.9820086534230518,0.01799134657694823,1.0466286683639079,1.114638136468152,0.9389851595067982,0.9286440507850507,0.9202790789937363,0.009048541532943391,0.7670620980908742,1.2319953418364027,2.216911442536716,8.171120551540273e-10
50,49,0,local_loglinear,11,10,39,2.5223713072712655,2.6084766722567694,1.1406464410118238,0.17630158230116152,0.9882178947177187,0.011782105282281297,1.0472632347924655,1.1157556240179916,0.9386134492615189,0.92275648989854,0.9173179039241663,0.00591128470616345,0.7680560293319746,1.2523663369644416,2.211837585599746,1.4857210857681834e-11
50,49,0,local_loglinear,12,11,38,2.5565448494756944,2.645366776455414,1.1537166545553694,0.17484914902874643,0.9933548697436663,0.006645130256333731,1.0478557534575925,1.1169766209560903,0.9381178923518266,0.9171707047700384,0.9141238417978976,0.003327554040114075,0.768858351284202,1.2729175783194957,2.2077545575825566,1.1040160197100243e-9
50,49,0,local_loglinear,13,12,37,2.5856446089826073,2.676971845938852,1.1649692755951357,0.17359507216184408,0.9974559166249307,0.0025440833750692837,1.048408076071815,1.1182989263232292,0.9375025329933894,0.9118709764315017,0.9107117155368505,0.0012721080432639004,0.7694855139240172,1.293646441890437,2.2045707855968826,1.957956940282605e-11
50,49,0,local_loglinear,14,13,36,2.6098454157663498,2.703462687754256,1.1744645411323025,0.17252091593796404,1.0005620479655717,0.0005620479655716881,1.048922011306951,1.1197204733933073,0.9367713069746757,0.906841008794521,0.9070956491661575,0.0002807599396502103,0.7699520546989983,1.3145541604313906,2.2022068705566933,6.193810256415276e-11
50,49,0,local_loglinear,15,14,35,2.629341305855575,2.725031667817535,1.1822697874690613,0.17161064973602672,1.0027177108347736,0.002717710834773568,1.0493993215810349,1.1212393751783623,0.9359279961195625,0.9020642655424191,0.9032890339496686,0.0013568187406748228,0.7702708160277864,1.3356453309892908,2.2005939247571367,1.026515574623986e-9
50,49,0,local_loglinear,16,15,34,2.644340284362755,2.741887214298123,1.1884575760909968,0.1708503152227788,1.0039697136437091,0.003969713643709127,1.0498417084178964,1.12285394742309,0.9349761924311223,0.8975242304773982,0.8993045118863858,0.001981582272769636,0.7704531403174638,1.356927491946181,2.199672152668884,7.950726364087276e-10
50,49,0,local_loglinear,17,16,33,2.6550597499283173,2.7542489736997076,1.193104047597907,0.17022774649606104,1.0043663067615396,0.004366306761539596,1.0502508042481102,1.124562726225206,0.9339192734703764,0.8932046064765542,0.895153972838201,0.0021800629429163942,0.7705090432221112,1.378410759540518,2.199389641843424,1.4209353474072677e-11
50,49,0,local_loglinear,18,17,32,2.661722555700096,2.7623436023101253,1.1962875063976661,0.16973233127260348,1.003956387955221,0.003956387955220908,1.050628180021099,1.1263644801498145,0.9327603973106094,0.8890894721468103,0.8908485622453577,0.0019765751810077725,0.7704473638812729,1.4001074959953042,2.199701347559969,1.049328978890423e-9
50,49,0,local_loglinear,19,18,31,2.6645536794648517,2.766401178973804,1.1980872119169879,0.16935481150790974,1.002788858085505,0.002788858085505108,1.0509753282152554,1.1282582047793117,0.9315024909753057,0.8851633889914383,0.8863986972229212,0.0013945979554524507,0.7702758997085627,1.422032048682287,2.2005682154749175,7.649084206865124e-10
50,49,0,local_loglinear,20,19,30,2.663777445037193,2.7666521830889885,1.198582368218447,0.1690871134204569,1.0009120866130192,0.0009120866130192251,1.0512936662669305,1.1302431264125454,0.9301482501413613,0.8814114789490859,0.8818140886136578,0.00045667403986834887,0.7700015236259673,1.4442005242610987,2.2019564394697015,1.047951502761669e-9
50,49,0,local_loglinear,21,20,29,2.659615246640195,2.7633249945844267,1.1978512935215324,0.16892220301842378,0.9983734814307783,0.001626518569221691,1.0515845362735723,1.1323186988020797,0.9287001419177137,0.8778194755443719,0.877103767438175,0.0008156574924159388,0.7696302864499942,1.4666306018186606,2.2038368306738323,1.0902539900675643e-9
50,49,0,local_loglinear,22,21,28,2.652283722104379,2.7566438631784362,1.195970753215495,0.16885396191588453,0.9952191435607408,0.004780856439259185,1.0518492100255692,1.134484597488567,0.9271604148298448,0.8743737570248927,0.8722761143712745,0.0024019051516135093,0.7691675054062447,1.489341371824599,2.206184284805382,7.592414284667339e-10
50,49,0,local_loglinear,23,22,27,2.6419933257887647,2.7468273035299453,1.1930154257648782,0.16887708520628725,0.9914936266526031,0.0085063733473969,1.0520888720754458,1.1367407086517483,0.9255310943542214,0.8710613519556273,0.867338891258346,0.004282634452300066,0.7686178448683191,1.5123532399290702,2.208977310830729,1.3170892727522658e-11
50,49,0,local_loglinear,24,23,26,2.6289472351793273,2.734086841819037,1.1890575027794235,0.16898698971775178,0.9872397319994688,0.012760268000531205,1.0523046442990145,1.1390871345151017,0.9238140019437322,0.8678699460454498,0.8622992733673052,0.006439476399746652,0.7679853823061236,1.5356878171894068,2.2121976518161057,9.814481339123318e-10
50,49,0,local_loglinear,25,24,25,2.6133405607455122,2.7186260914390945,1.1841663878682869,0.16917973917672405,0.9824983876597321,0.017501612340267925,1.0524975692732752,1.1415241769464215,0.9220107559076912,0.8647878677825797,0.8571638822394128,0.008855109164674496,0.7672736692618678,1.5593678698672764,2.215829944605707,1.1527821532430709e-9
50,49,0,local_loglinear,26,25,24,2.595359800751789,2.7006400928610983,1.1784084881026573,0.16945197910510915,0.9773085660605164,0.022691433939483585,1.052668619246076,1.1440523384582986,0.9201227809775123,0.8618040708453701,0.8519388181651719,0.011513234239403647,0.766485783306228,1.5834172802192605,2.2198614360741296,1.1267632884180743e-9
50,49,0,local_loglinear,27,26,23,2.5751825058919025,2.680314882902008,1.1718470810125532,0.16980088171277719,0.9717072446039202,0.028292755396079783,1.0528186966291293,1.1466723177972258,0.9181513151478264,0.8589081097541544,0.8466296920460488,0.014398543172180228,0.7656243735741461,1.6078610325862688,2.224281740661781,1.0913031887169187e-9
50,49,0,local_loglinear,28,27,22,2.552977116038422,2.657827251729451,1.1645422498254856,0.17022409679670725,0.9657293860451173,0.034270613954882734,1.0529486460223632,1.1493850076181062,0.9160974251825417,0.8560901173336352,0.8412416562922294,0.017496685175824422,0.7646916986101528,1.6327251992021723,2.2290826441814007,1.850956735324117e-11
50,49,0,local_loglinear,29,28,21,2.5289029449778373,2.633344667598498,1.156550860805446,0.17071971426411808,0.9594079737073403,0.04059202629265968,1.0530592360120603,1.1521914838105003,0.9139620026780686,0.8533407671303976,0.8357794347539136,0.020794216000525667,0.7636896632726744,1.6580369852470254,2.234257918067087,1.1751061437209798e-9
50,49,0,local_loglinear,30,29,20,2.503110270366026,2.6070253163938393,1.1479265910381644,0.17128622848732022,0.9527740393308289,0.04722596066917106,1.0531511823626094,1.1550930154431471,0.9117457800215093,0.8506512463735438,0.8302473510688615,0.02427855859897396,0.762619847024455,1.6838247498462335,2.239803182568312,8.204070215288574e-10
50,49,0,local_loglinear,31,30,19,2.4757405193989492,2.5790182503745243,1.138719988203756,0.171922509322923,0.9458567167277868,0.05414328327221318,1.05322514412642,1.1580910563319455,0.9094493376559954,0.8480132240193294,0.8246493557923116,0.02793795732809068,0.7614835295351896,1.7101180548964816,2.2457157879374283,1.3541171055618193e-11
50,49,0,local_loglinear,32,31,18,2.4469265256714454,2.5494636202051932,1.1289785505530603,0.17262778007052088,0.9386833202718534,0.061316679728146584,1.053281716213512,1.1611872427737282,0.9070731036430763,0.8454188128906486,0.8189890521008001,0.03176142476149185,0.7602817149892602,1.7369477492862821,2.251994705784432,9.48726673896459e-10
50,49,0,local_loglinear,33,32,17,2.4167928329036217,2.518492959335421,1.1187468344875138,0.17340159597727417,0.9312794097153904,0.06872059028460964,1.0533214491887843,1.164383402537912,0.9046173682078815,0.842860541896516,0.8132697198447638,0.03573870033424481,0.7590151498051356,1.7643460317799238,2.2586404578626733,1.2019825023494717e-9
50,49,0,local_loglinear,34,33,16,2.3854560426905405,2.4862295224942574,1.1080665709082866,0.17424382950641285,0.923668879994695,0.07633112000530495,1.0533448375347632,1.1676815478127975,0.9020822839136233,0.840331320532114,0.8074943383220377,0.03986019956917217,0.757684340494829,1.792346557269525,2.2656550471910704,2.0130990127380472e-11
50,49,0,local_loglinear,35,34,15,2.353025184961164,2.4527886517658284,1.0969767932868475,0.1751546577734223,0.9158740466758141,0.08412595332418593,1.0533523278891062,1.171083882237003,0.8994678723414703,0.837824407697893,0.8016656074945703,0.044116968514430255,0.7562895680676934,1.8209845443790578,2.2730419101386024,7.946804035046982e-11
50,49,0,local_loglinear,36,35,14,2.319602104964784,2.418278163753653,1.085513973909462,0.17613455245296666,0.9079157302820703,0.09208426971792971,1.0533443239617182,1.1745928036194457,0.8967740315757879,0.8353333829320796,0.7957859678211419,0.04850064112227695,0.7548308997593497,1.8502968908121855,2.280805885566876,9.994340560938646e-10
50,49,0,local_loglinear,37,36,13,2.2852818603884955,2.3827987516986977,1.0737121618246281,0.17718427346194165,0.8998133468637556,0.10018665313624442,1.0533211841526133,1.1782109019251972,0.8940005413559542,0.832852116204244,0.7898576188090332,0.053003394976563506,0.7533081998104799,1.88032231230772,2.2889531920550272,1.707427134241877e-11
50,49,0,local_loglinear,38,37,12,2.250153119494036,2.3464443922503975,1.061603120150529,0.17830486624988018,0.8915850022514105,0.10841499774858954,1.0532832201383553,1.181940975019325,0.891147055901953,0.8303747367949831,0.7838825362530104,0.05761790609664125,0.7517211391014124,1.9111015055271159,2.2974914143089142,1.1303937514878012e-9
50,49,0,local_loglinear,39,38,11,2.2142985529764116,2.309302746481609,1.0492164663650574,0.17949765901082726,0.8832475702451736,0.11675242975482636,1.053230709589839,1.1857860224084429,0.8882131258813697,0.8278956099344565,0.7778624881559042,0.062337313364849434,0.7500692014717424,1.942677299693487,2.306429510703527,1.8458898894895095e-11
50,49,0,local_loglinear,40,39,10,2.1777952222979318,2.27145556179692,1.0365798047709918,0.18076426601166087,0.8748167886275278,0.12518321137247224,1.0531638823794462,1.1897492563529524,0.885198185042625,0.8254093054759529,0.7717990496306004,0.06715517341828217,0.7483516913371616,1.9750948628730949,2.315777817528826,7.485148377702568e-11
50,49,0,local_loglinear,41,40,9,2.140714952433849,2.2329790574700996,1.023718858531614,0.1821065907305513,0.8663073371414279,0.13369266285857206,1.0530829335549963,1.1938341143321027,0.8821015590965496,0.822910574576054,0.7656936165321664,0.07206542559674875,0.7465677381781447,2.0084018986249754,2.325548074060804,1.1441392837435585e-9
50,49,0,local_loglinear,42,41,8,2.1031246937059884,2.1939443019083567,1.0106575926719181,0.1835268341947165,0.8577329265613173,0.14226707343868272,1.0529880130741647,1.1980442651796621,0.8789224602784236,0.8203943208738135,0.7595474181316331,0.07706235034741188,0.7447163020049646,2.042648891637854,2.3357534466684178,7.974698700777996e-10
50,49,0,local_loglinear,43,42,7,2.065086865299819,2.1544175729034807,0.9974183266377923,0.18502750818862454,0.8491063930655182,0.15089360693448184,1.0528792187434368,1.202383627267381,0.8756599764555028,0.8178555682475321,0.7533615286735897,0.0821405237377626,0.7427961793078061,2.07788939939903,2.3464085546934252,1.2369891700848676e-11
50,49,0,local_loglinear,44,43,6,2.026659676306621,2.114460696163482,0.9840218337860449,0.18661145380984992,0.8404397968297297,0.1595602031702703,1.0527565883930876,1.20685639713913,0.8723130530597194,0.8152894251909506,0.7471368777436289,0.08729476818168846,0.7408060099480294,2.11418039567601,2.3575294956812054,5.94354397711706e-11
50,49,0,local_loglinear,45,44,5,1.9878974214621217,2.0741313613844707,0.9704874185812383,0.18828187115228776,0.8317445470482139,0.16825545295178612,1.0526200722423593,1.2114670911860579,0.8688804507366492,0.8126910345985061,0.7408742593830431,0.09252008561768937,0.7387442882389691,2.1515827278132513,2.369133851633669,1.6007433456220597e-10
50,49,0,local_loglinear,46,45,4,1.9488507413358382,2.033483407569833,0.9568329547253569,0.19004236803551308,0.8230315774027286,0.1769684225972714,1.0524694797235328,1.2162206211108875,0.8653606602741323,0.8100554958999151,0.7345743395293702,0.0978115572158958,0.736609383254815,2.1901617714671926,2.3812406466312455,3.5674274581024396e-10
50,49,0,local_loglinear,47,46,3,1.9095668289831442,1.992567062753437,0.9430748583108759,0.19189704179378933,0.8143116124209159,0.18568838757908412,1.0523043840060684,1.2211224349803882,0.8617517407441367,0.8073777372950844,0.7282376609701164,0.10316418241322284,0.7343995758892693,2.229988429983538,2.3938702099024813,7.387497789743209e-10
50,49,0,local_loglinear,48,47,2,1.870089553340833,1.9514291160119275,0.9292279428257822,0.19385062350801446,0.8055956131798773,0.19440438682012273,1.0521239346734448,1.2261787761931964,0.8580510078145999,0.8046522901534542,0.72186464434202,0.10857259830200405,0.732113129358618,2.271140789961409,2.407043841979237,1.4790950815814841e-9
50,49,0,local_loglinear,49,48,1,1.8304594422884863,1.910112977980094,0.915305058600297,0.1959087398991639,0.7968955617228081,0.20310443827719193,1.0519265016223964,1.2313971725009933,0.8542544396832679,0.8018728781353962,0.715455582287593,0.11403057143062464,0.7297484236384194,2.313707020550551,2.4207830934045065,2.911884855791771e-9
50,49,0,local_loglinear,50,49,0,1.7907134205538358,1.8686585497945272,0.9013163346521851,0.19807839920226256,0.7882258839406927,0.2117741160593073,1.0517089976494383,1.2367873641194465,0.8503555487068077,0.7990316556247421,0.709010621329554,0.11953005689759522,0.7273042117937285,2.3577906550395547,2.435108288821805,1.207409139369274e-7
55,54,0,local_loglinear,1,0,54,1.8901678313037162,1.9403612229421892,0.906495185575314,0.20859957981904168,0.8761960342164987,0.12380396578350128,,,,0.9967870194975489,0.9337836851161863,0.0652923148876943,0.7454800772873249,1.0599016809375605,2.331535287067304,1.4385464361577594e-11
55,54,0,local_loglinear,2,1,53,1.975646808183075,2.0298378997365614,0.9377968877670639,0.20320507284525097,0.8921365634962873,0.10786343650371266,1.0398130356575166,1.109641184299132,0.9370714158507734,0.9878698857804787,0.9336475050616719,0.056452031101244,0.7493925019821268,1.0775853119138288,2.310105976853435,8.704611592333116e-10
55,54,0,local_loglinear,3,2,52,2.0568655473342874,2.115032983101668,0.9675963367839989,0.19846672526247533,0.907154154410322,0.09284584558967801,1.0408510000703133,1.1098776538759065,0.9378069703768349,0.9792619875951668,0.9331339948481145,0.04825040634362443,0.7528321553153103,1.095752628014387,2.2915092581587935,1.510138936482579e-11
55,54,0,local_loglinear,4,3,51,2.1334270501436787,2.1955205927312305,0.9957507620826066,0.1943005459390854,0.9211689790313984,0.07883102096860162,1.0418324245073733,1.1102221713612235,0.9383999449677728,0.970986254084108,0.9322574166490485,0.04070333706688293,0.755845845984557,1.1143363102595618,2.275399485057946,6.804612867019944e-11
55,54,0,local_loglinear,5,4,50,2.2050203127968544,2.2709619270357666,1.022147274181834,0.19063514651171637,0.9341208230918643,0.06587917690813572,1.042758876924645,1.1106782356557465,0.938848753355645,0.9630567041350837,0.9310332686021787,0.033817281958049165,0.758475812843969,1.1332791342463269,2.261479328613506,1.102014068821173e-9
55,54,0,local_loglinear,6,5,49,2.2714163800182234,2.3411019551352608,1.0467017062869575,0.18740970361341763,0.9459677123597272,0.05403228764027279,1.0436320559352623,1.1112472351202805,0.939153793100147,0.9554799258220061,0.9294778538154913,0.027590773411079135,0.7607599601063894,1.1525333081461338,2.2494929484413464,1.8515267363542256e-11
55,54,0,local_loglinear,7,6,48,2.3324626695661284,2.40576425502939,1.0693568037167978,0.18457226465414503,0.9566842603179402,0.04331573968205982,1.0444537569305032,1.1119290875239092,0.939316876093544,0.9482564355401442,0.9276079161920683,0.02201582789785942,0.762732154125845,1.172059722776271,2.2392200828674595,9.008339591858506e-10
55,54,0,local_loglinear,8,7,47,2.3880761210335546,2.464844544843354,1.0900799484565769,0.18207834248871443,0.9662598707881517,0.033740129211848324,1.0452258313166438,1.1127227176081878,0.9393407852437583,0.9413818840049846,0.9254403390280612,0.017079218674762718,0.764422554182782,1.1918271803011482,2.2304709433821452,4.736811134280673e-10
55,54,0,local_loglinear,9,8,46,2.438235642771009,2.5183033796370458,1.108860599524741,0.1798897466341622,0.9746968711388009,0.02530312886119912,1.045950166587269,1.113626422254604,0.9392289422063816,0.9348481110430179,0.9229919003958746,0.012763608848296373,0.7658579509667104,1.2118116163555621,2.22308183979617,9.82698497464882e-10
55,54,0,local_loglinear,10,9,45,2.4829742625993108,2.566158428400635,1.1257075966836925,0.1779736103981056,0.9820086534230518,0.01799134657694823,1.0466286683639079,1.114638136468152,0.9389851595067982,0.9286440507850507,0.9202790789937363,0.009048541532943391,0.7670620980908742,1.2319953418364027,2.216911442536716,8.171120551540273e-10
55,54,0,local_loglinear,11,10,44,2.5223713072712655,2.6084766722567694,1.1406464410118238,0.17630158230116152,0.9882178947177187,0.011782105282281297,1.0472632347924655,1.1157556240179916,0.9386134492615189,0.92275648989854,0.9173179039241663,0.00591128470616345,0.7680560293319746,1.2523663369644416,2.211837585599746,1.4857210857681834e-11
55,54,0,local_loglinear,12,11,43,2.5565448494756944,2.645366776455414,1.1537166545553694,0.17484914902874643,0.9933548697436663,0.006645130256333731,1.0478557534575925,1.1169766209560903,0.9381178923518266,0.9171707047700384,0.9141238417978976,0.003327554040114075,0.768858351284202,1.2729175783194957,2.2077545575825566,1.1040160197100243e-9
55,54,0,local_loglinear,13,12,42,2.5856446089826073,2.676971845938852,1.1649692755951357,0.17359507216184408,0.9974559166249307,0.0025440833750692837,1.048408076071815,1.1182989263232292,0.9375025329933894,0.9118709764315017,0.9107117155368505,0.0012721080432639004,0.7694855139240172,1.293646441890437,2.2045707855968826,1.957956940282605e-11
55,54,0,local_loglinear,14,13,41,2.6098454157663498,2.703462687754256,1.1744645411323025,0.17252091593796404,1.0005620479655717,0.0005620479655716881,1.048922011306951,1.1197204733933073,0.9367713069746757,0.906841008794521,0.9070956491661575,0.0002807599396502103,0.7699520546989983,1.3145541604313906,2.2022068705566933,6.193810256415276e-11
55,54,0,local_loglinear,15,14,40,2.629341305855575,2.725031667817535,1.1822697874690613,0.17161064973602672,1.0027177108347736,0.002717710834773568,1.0493993215810349,1.1212393751783623,0.9359279961195625,0.9020642655424191,0.9032890339496686,0.0013568187406748228,0.7702708160277864,1.3356453309892908,2.2005939247571367,1.026515574623986e-9
55,54,0,local_loglinear,16,15,39,2.644340284362755,2.741887214298123,1.1884575760909968,0.1708503152227788,1.0039697136437091,0.003969713643709127,1.0498417084178964,1.12285394742309,0.9349761924311223,0.8975242304773982,0.8993045118863858,0.001981582272769636,0.7704531403174638,1.356927491946181,2.199672152668884,7.950726364087276e-10
55,54,0,local_loglinear,17,16,38,2.6550597499283173,2.7542489736997076,1.193104047597907,0.17022774649606104,1.0043663067615396,0.004366306761539596,1.0502508042481102,1.124562726225206,0.9339192734703764,0.8932046064765542,0.895153972838201,0.0021800629429163942,0.7705090432221112,1.378410759540518,2.199389641843424,1.4209353474072677e-11
55,54,0,local_loglinear,18,17,37,2.661722555700096,2.7623436023101253,1.1962875063976661,0.16973233127260348,1.003956387955221,0.003956387955220908,1.050628180021099,1.1263644801498145,0.9327603973106094,0.8890894721468103,0.8908485622453577,0.0019765751810077725,0.7704473638812729,1.4001074959953042,2.199701347559969,1.049328978890423e-9
55,54,0,local_loglinear,19,18,36,2.6645536794648517,2.766401178973804,1.1980872119169879,0.16935481150790974,1.002788858085505,0.002788858085505108,1.0509753282152554,1.1282582047793117,0.9315024909753057,0.8851633889914383,0.8863986972229212,0.0013945979554524507,0.7702758997085627,1.422032048682287,2.2005682154749175,7.649084206865124e-10
55,54,0,local_loglinear,20,19,35,2.663777445037193,2.7666521830889885,1.198582368218447,0.1690871134204569,1.0009120866130192,0.0009120866130192251,1.0512936662669305,1.1302431264125454,0.9301482501413613,0.8814114789490859,0.8818140886136578,0.00045667403986834887,0.7700015236259673,1.4442005242610987,2.2019564394697015,1.047951502761669e-9
55,54,0,local_loglinear,21,20,34,2.659615246640195,2.7633249945844267,1.1978512935215324,0.16892220301842378,0.9983734814307783,0.001626518569221691,1.0515845362735723,1.1323186988020797,0.9287001419177137,0.8778194755443719,0.877103767438175,0.0008156574924159388,0.7696302864499942,1.4666306018186606,2.2038368306738323,1.0902539900675643e-9
55,54,0,local_loglinear,22,21,33,2.652283722104379,2.7566438631784362,1.195970753215495,0.16885396191588453,0.9952191435607408,0.004780856439259185,1.0518492100255692,1.134484597488567,0.9271604148298448,0.8743737570248927,0.8722761143712745,0.0024019051516135093,0.7691675054062447,1.489341371824599,2.206184284805382,7.592414284667339e-10
55,54,0,local_loglinear,23,22,32,2.6419933257887647,2.7468273035299453,1.1930154257648782,0.16887708520628725,0.9914936266526031,0.0085063733473969,1.0520888720754458,1.1367407086517483,0.9255310943542214,0.8710613519556273,0.867338891258346,0.004282634452300066,0.7686178448683191,1.5123532399290702,2.208977310830729,1.3170892727522658e-11
55,54,0,local_loglinear,24,23,31,2.6289472351793273,2.734086841819037,1.1890575027794235,0.16898698971775178,0.9872397319994688,0.012760268000531205,1.0523046442990145,1.1390871345151017,0.9238140019437322,0.8678699460454498,0.8622992733673052,0.006439476399746652,0.7679853823061236,1.5356878171894068,2.2121976518161057,9.814481339123318e-10
55,54,0,local_loglinear,25,24,30,2.6133405607455122,2.7186260914390945,1.1841663878682869,0.16917973917672405,0.9824983876597321,0.017501612340267925,1.0524975692732752,1.1415241769464215,0.9220107559076912,0.8647878677825797,0.8571638822394128,0.008855109164674496,0.7672736692618678,1.5593678698672764,2.215829944605707,1.1527821532430709e-9
55,54,0,local_loglinear,26,25,29,2.595359800751789,2.7006400928610983,1.1784084881026573,0.16945197910510915,0.9773085660605164,0.022691433939483585,1.052668619246076,1.1440523384582986,0.9201227809775123,0.8618040708453701,0.8519388181651719,0.011513234239403647,0.766485783306228,1.5834172802192605,2.2198614360741296,1.1267632884180743e-9
55,54,0,local_loglinear,27,26,28,2.5751825058919025,2.680314882902008,1.1718470810125532,0.16980088171277719,0.9717072446039202,0.028292755396079783,1.0528186966291293,1.1466723177972258,0.9181513151478264,0.8589081097541544,0.8466296920460488,0.014398543172180228,0.7656243735741461,1.6078610325862688,2.224281740661781,1.0913031887169187e-9
55,54,0,local_loglinear,28,27,27,2.552977116038422,2.657827251729451,1.1645422498254856,0.17022409679670725,0.9657293860451173,0.034270613954882734,1.0529486460223632,1.1493850076181062,0.9160974251825417,0.8560901173336352,0.8412416562922294,0.017496685175824422,0.7646916986101528,1.6327251992021723,2.2290826441814007,1.850956735324117e-11
55,54,0,local_loglinear,29,28,26,2.5289029449778373,2.633344667598498,1.156550860805446,0.17071971426411808,0.9594079737073403,0.04059202629265968,1.0530592360120603,1.1521914838105003,0.9139620026780686,0.8533407671303976,0.8357794347539136,0.020794216000525667,0.7636896632726744,1.6580369852470254,2.234257918067087,2.6091721954306976e-10
55,54,0,local_loglinear,30,29,25,2.503110270312838,2.607025316141709,1.1479265916657282,0.171286228230682,0.952774037883042,0.047225962116957954,1.0531511834679321,1.1550930154431471,0.9117457809784215,0.8506512470202767,0.8302473510688615,0.02427855935925366,0.7626198468049646,1.683824747499209,2.2398031837081316,1.5667372238132135e-11
55,54,0,local_loglinear,31,30,24,2.4757405200005054,2.5790182508166026,1.1387199890963489,0.1719225090424728,0.9458567154146738,0.054143284585326246,1.0532251440702989,1.1580910552248744,0.9094493384769188,0.8480132246325895,0.8246493558161265,0.027937958022384635,0.7614835293264015,1.7101180525555622,2.245715789025968,8.077301435300291e-10
55,54,0,local_loglinear,32,31,23,2.446926526882852,2.5494636212875017,1.1289785516429445,0.17262777975143526,0.9386833190015053,0.061316680998494744,1.053281716183894,1.161187241602302,0.9070731045326412,0.8454188135101438,0.818989052146897,0.03176142543797397,0.7602817148079384,1.736947746807421,2.2519947067337407,1.2927948504170405e-11
55,54,0,local_loglinear,33,32,22,2.416792834701483,2.5184929610445095,1.1187468357779,0.1734015956383472,0.9312794085879144,0.06872059141208564,1.0533214491126217,1.1643834013485013,0.9046173690665326,0.8428605424770906,0.8132697199130725,0.03573870093906667,0.759015149647452,1.7643460293324853,2.2586404586918807,1.1083871163768055e-9
55,54,0,local_loglinear,34,33,21,2.385456044971676,2.486229524555968,1.108066572944624,0.17424382891656845,0.9236688777511972,0.07633112224880279,1.0533448384675268,1.1676815466102888,0.9020822856414279,0.8403313216438928,0.8074943384108488,0.039860200782212835,0.7576843401558826,1.7923465526228266,2.265655048981789,1.7648640840514633e-11
55,54,0,local_loglinear,35,34,20,2.3530251881838717,2.452788654509782,1.0969767967548385,0.1751546566733973,0.9158740421782269,0.08412595782177312,1.0533523297517338,1.1710838799871854,0.8994678756599912,0.8378244098857163,0.8016656076226221,0.04411697096601286,0.756289567379685,1.8209845352031793,2.2730419137912725,9.508856799904889e-10
55,54,0,local_loglinear,36,35,19,2.3196021100899595,2.418278168091386,1.0855139794848259,0.17613455061518205,0.9079157228149402,0.09208427718505985,1.0533443264362155,1.1745927993140894,0.8967740369695116,0.8353333865754985,0.7957859680261445,0.048500645226301126,0.7548308986372712,1.8502968752506732,2.2808058915545946,1.2730004480463896e-9
55,54,0,local_loglinear,37,36,18,2.2852818685254896,2.3827987581973735,1.0737121722182061,0.1771842698856722,0.8998133319058969,0.10018666809410315,1.0533211905253694,1.1782108948223586,0.8940005521542737,0.832852123460114,0.789857619141275,0.05300340326800318,0.7533081974679497,1.8803222809442786,2.28895320462245,2.0240530668074708e-11
55,54,0,local_loglinear,38,37,17,2.2501531336528604,2.3464444032620873,1.0616031394286372,0.1783048593952627,0.8915849735861844,0.10841502641381562,1.0532832318583256,1.1819409607727465,0.8911470765593019,0.8303747507237559,0.7838825368372391,0.05761792212542047,0.7517211345660932,1.9111014442730798,2.29749143877668,7.901492141497097e-11
55,54,0,local_loglinear,39,38,16,2.21429857859054,2.3093027663419488,1.0492165018035955,0.1794976461772087,0.883247517312313,0.11675248268768701,1.0532307306493398,1.1857859949779068,0.8882131641881664,0.8278956357911138,0.777862489220513,0.06233734322799972,0.7500691929985498,1.9426771837096106,2.306429556682894,1.398192462102337e-10
55,54,0,local_loglinear,40,39,15,2.1777952687629907,2.27145559739401,1.0365798710933694,0.1807642413458982,0.8748166879213967,0.12518331207860334,1.0531639241205504,1.1897492049271665,0.8851982583884328,0.8254093548853622,0.771799051580154,0.0671552307527889,0.7483516750952982,1.97509463693124,2.3157779062008905,8.640574151287655e-10
55,54,0,local_loglinear,41,40,14,2.140715038070691,2.23297912250954,1.0237189836956615,0.18210654294060719,0.8663071444533864,0.1336928555466136,1.0530830146913754,1.1938340155139329,0.8821017000743059,0.8229106695909375,0.7656936201599993,0.07206553632075172,0.7465677069068667,2.0084014554475234,2.3255482458671723,1.4394118556185572e-11
55,54,0,local_loglinear,42,41,13,2.1031248534588345,2.193944423249632,1.010657828388825,0.18352674238379293,0.8577325626259819,0.14226743737401815,1.0529881662180864,1.1980440740487464,0.8789227283263055,0.8203945014447758,0.7595474249618255,0.07706256145758522,0.7447162423326217,2.042648031751309,2.335753776672458,1.078113928120226e-9
55,54,0,local_loglinear,43,42,12,2.0650871633245127,2.1544177989988884,0.9974187713984647,0.18502733107283154,0.8491057028059981,0.15089429719400194,1.052879513702836,1.2023832604073155,0.8756604889410768,0.8178559128458232,0.7533615415406765,0.08214092800180942,0.7427960651031549,2.0778877237930287,2.346409190602395,1.684544665290047e-11
55,54,0,local_loglinear,44,43,11,2.0266602333598267,2.114461118833384,0.9840226727723778,0.18661111226717944,0.8404384896331972,0.15956151036680277,1.0527571526599608,1.206855690640302,0.8723140312669996,0.8152900819882694,0.747136902037552,0.08729554126553085,0.7408057916261321,2.1141771334643935,2.3575307199838553,1.0909898188229865e-9
55,54,0,local_loglinear,45,44,10,1.9878984628009546,2.0741321517948,0.9704890010169201,0.18828121222148797,0.8317420718875472,0.16825792811245277,1.052621153111358,1.2114657315361115,0.8688823180963261,0.8126922864008361,0.7408743052755049,0.092521563990479,0.7387438709236617,2.151576375021233,2.3691362091497155,1.669321167287208e-11
55,54,0,local_loglinear,46,45,9,1.9488526876953616,2.0334848862412693,0.956835936727583,0.19004109754043294,0.8230268971427758,0.17697310285722423,1.0524715451703075,1.2162180040604125,0.8653642206056578,0.81005787879841,0.7345744262397802,0.09781438081831889,0.7366085864595093,2.1901494112109887,2.381245182473461,7.20259336826768e-11
55,54,0,local_loglinear,47,46,8,1.9095704634952526,1.9925698264234002,0.9430804734222599,0.19189459252797358,0.8143027688797225,0.18569723112027747,1.0523083312216601,1.2211174019633384,0.8617585250441412,0.807382270399771,0.7282378247142434,0.10316957214967354,0.734398055383265,2.229964389274813,2.393878934508968,1.3356195466352836e-10
55,54,0,local_loglinear,48,47,7,1.8700963331202043,1.9514342757894352,0.9292385078335191,0.19384590262210266,0.8055789148532675,0.1944210851467325,1.0521314737418583,1.2261691008186697,0.8580639269407355,0.8046609080015528,0.7218649533548214,0.10858288019635054,0.7321102293851669,2.271094046136124,2.4070606195049895,2.0171950278292902e-10
55,54,0,local_loglinear,49,48,6,1.830472075237521,1.9101226000496054,0.9153249211429049,0.19589964218946398,0.796864054615191,0.20313594538480895,1.0519408923627103,1.2313785805272108,0.854279024337361,0.8018892502587762,0.715456165026227,0.11405017407764032,0.7297428957229258,2.313616163651305,2.420815349008054,2.642069007140656e-10
55,54,0,local_loglinear,50,49,5,1.7907369328384382,1.8686764712212602,0.9013536465880151,0.19806087016050553,0.7881664781034128,0.21183352189658722,1.0517364496934598,1.2367516539089134,0.850402298933105,0.79906273709917,0.7090117194166592,0.11956740630999318,0.7272936803742294,2.357614113573364,2.4351702869024274,3.806377507567898e-10
55,54,0,local_loglinear,51,50,4,1.750927818296863,1.8271350896619785,0.8873377164101921,0.20033513783480913,0.7794941462606749,0.22050585373932508,1.0515179249103832,1.2422945135771073,0.8464320766277916,0.7961767461504589,0.7025317887571778,0.1251305530150858,0.7247600556554469,2.4031775403650673,2.450154728189843,6.013577363734318e-10
55,54,0,local_loglinear,52,51,3,1.711079488045625,1.7855353789614599,0.8732892753233337,0.2027285573752334,0.7708548359240944,0.22914516407590557,1.05128496312392,1.248013812720012,0.8423664485192461,0.7932265238076609,0.6960164622985627,0.13073552229505164,0.7221393566197448,2.450403275976907,2.465800134885816,1.0233212290301661e-9
55,54,0,local_loglinear,53,52,2,1.671224673846864,1.743912143911304,0.8592195359204785,0.20524790711992247,0.7622563702983197,0.23774362970168028,1.0510369786416305,1.2539168101406748,0.838203116938608,0.7902070677458027,0.6894657488475173,0.13637800153515592,0.7194288145858958,2.4993966647093586,2.4821400756707788,1.8332605179357503e-9
55,54,0,local_loglinear,54,53,1,1.6313941462412755,1.7022981730957985,0.8451386303985718,0.20790080448084017,0.7537070120642102,0.2462929879357898,1.0507729711355727,1.2600116382273392,0.8339390996529713,0.7871129172875121,0.6828795760148325,0.14205318845924428,0.7166256234216255,2.5502736387404914,2.4992099666321663,3.3907483860342763e-9
55,54,0,local_loglinear,55,54,0,1.5916166650093801,1.6607242518825918,0.8310552736629692,0.2106960052724852,0.7452161627613147,0.25478383723868525,1.0504911770957663,1.2663078055265393,0.8295701665196362,0.7839377698110328,0.6762577836228523,0.14775530188620536,0.7137270680608357,2.603164198507773,2.5170464150821124,1.2893884617268213e-7
60,59,0,local_loglinear,1,0,59,1.8901678313037162,1.9403612229421892,0.906495185575314,0.20859957981904168,0.8761960342164987,0.12380396578350128,,,,0.9967870194975489,0.9337836851161863,0.0652923148876943,0.7454800772873249,1.0599016809375605,2.331535287067304,1.4385464361577594e-11
60,59,0,local_loglinear,2,1,58,1.975646808183075,2.0298378997365614,0.9377968877670639,0.20320507284525097,0.8921365634962873,0.10786343650371266,1.0398130356575166,1.109641184299132,0.9370714158507734,0.9878698857804787,0.9336475050616719,0.056452031101244,0.7493925019821268,1.0775853119138288,2.310105976853435,8.704611592333116e-10
60,59,0,local_loglinear,3,2,57,2.0568655473342874,2.115032983101668,0.9675963367839989,0.19846672526247533,0.907154154410322,0.09284584558967801,1.0408510000703133,1.1098776538759065,0.9378069703768349,0.9792619875951668,0.9331339948481145,0.04825040634362443,0.7528321553153103,1.095752628014387,2.2915092581587935,1.510138936482579e-11
60,59,0,local_loglinear,4,3,56,2.1334270501436787,2.1955205927312305,0.9957507620826066,0.1943005459390854,0.9211689790313984,0.07883102096860162,1.0418324245073733,1.1102221713612235,0.9383999449677728,0.970986254084108,0.9322574166490485,0.04070333706688293,0.755845845984557,1.1143363102595618,2.275399485057946,6.804612867019944e-11
60,59,0,local_loglinear,5,4,55,2.2050203127968544,2.2709619270357666,1.022147274181834,0.19063514651171637,0.9341208230918643,0.06587917690813572,1.042758876924645,1.1106782356557465,0.938848753355645,0.9630567041350837,0.9310332686021787,0.033817281958049165,0.758475812843969,1.1332791342463269,2.261479328613506,1.102014068821173e-9
60,59,0,local_loglinear,6,5,54,2.2714163800182234,2.3411019551352608,1.0467017062869575,0.18740970361341763,0.9459677123597272,0.05403228764027279,1.0436320559352623,1.1112472351202805,0.939153793100147,0.9554799258220061,0.9294778538154913,0.027590773411079135,0.7607599601063894,1.1525333081461338,2.2494929484413464,1.8515267363542256e-11
60,59,0,local_loglinear,7,6,53,2.3324626695661284,2.40576425502939,1.0693568037167978,0.18457226465414503,0.9566842603179402,0.04331573968205982,1.0444537569305032,1.1119290875239092,0.939316876093544,0.9482564355401442,0.9276079161920683,0.02201582789785942,0.762732154125845,1.172059722776271,2.2392200828674595,9.008339591858506e-10
60,59,0,local_loglinear,8,7,52,2.3880761210335546,2.464844544843354,1.0900799484565769,0.18207834248871443,0.9662598707881517,0.033740129211848324,1.0452258313166438,1.1127227176081878,0.9393407852437583,0.9413818840049846,0.9254403390280612,0.017079218674762718,0.764422554182782,1.1918271803011482,2.2304709433821452,4.736811134280673e-10
60,59,0,local_loglinear,9,8,51,2.438235642771009,2.5183033796370458,1.108860599524741,0.1798897466341622,0.9746968711388009,0.02530312886119912,1.045950166587269,1.113626422254604,0.9392289422063816,0.9348481110430179,0.9229919003958746,0.012763608848296373,0.7658579509667104,1.2118116163555621,2.22308183979617,9.82698497464882e-10
60,59,0,local_loglinear,10,9,50,2.4829742625993108,2.566158428400635,1.1257075966836925,0.1779736103981056,0.9820086534230518,0.01799134657694823,1.0466286683639079,1.114638136468152,0.9389851595067982,0.9286440507850507,0.9202790789937363,0.009048541532943391,0.7670620980908742,1.2319953418364027,2.216911442536716,8.171120551540273e-10
60,59,0,local_loglinear,11,10,49,2.5223713072712655,2.6084766722567694,1.1406464410118238,0.17630158230116152,0.9882178947177187,0.011782105282281297,1.0472632347924655,1.1157556240179916,0.9386134492615189,0.92275648989854,0.9173179039241663,0.00591128470616345,0.7680560293319746,1.2523663369644416,2.211837585599746,1.4857210857681834e-11
60,59,0,local_loglinear,12,11,48,2.5565448494756944,2.645366776455414,1.1537166545553694,0.17484914902874643,0.9933548697436663,0.006645130256333731,1.0478557534575925,1.1169766209560903,0.9381178923518266,0.9171707047700384,0.9141238417978976,0.003327554040114075,0.768858351284202,1.2729175783194957,2.2077545575825566,1.1040160197100243e-9
60,59,0,local_loglinear,13,12,47,2.5856446089826073,2.676971845938852,1.1649692755951357,0.17359507216184408,0.9974559166249307,0.0025440833750692837,1.048408076071815,1.1182989263232292,0.9375025329933894,0.9118709764315017,0.9107117155368505,0.0012721080432639004,0.7694855139240172,1.293646441890437,2.2045707855968826,1.957956940282605e-11
60,59,0,local_loglinear,14,13,46,2.6098454157663498,2.703462687754256,1.1744645411323025,0.17252091593796404,1.0005620479655717,0.0005620479655716881,1.048922011306951,1.1197204733933073,0.9367713069746757,0.906841008794521,0.9070956491661575,0.0002807599396502103,0.7699520546989983,1.3145541604313906,2.2022068705566933,6.193810256415276e-11
60,59,0,local_loglinear,15,14,45,2.629341305855575,2.725031667817535,1.1822697874690613,0.17161064973602672,1.0027177108347736,0.002717710834773568,1.0493993215810349,1.1212393751783623,0.9359279961195625,0.9020642655424191,0.9032890339496686,0.0013568187406748228,0.7702708160277864,1.3356453309892908,2.2005939247571367,1.026515574623986e-9
60,59,0,local_loglinear,16,15,44,2.644340284362755,2.741887214298123,1.1884575760909968,0.1708503152227788,1.0039697136437091,0.003969713643709127,1.0498417084178964,1.12285394742309,0.9349761924311223,0.8975242304773982,0.8993045118863858,0.001981582272769636,0.7704531403174638,1.356927491946181,2.199672152668884,7.950726364087276e-10
60,59,0,local_loglinear,17,16,43,2.6550597499283173,2.7542489736997076,1.193104047597907,0.17022774649606104,1.0043663067615396,0.004366306761539596,1.0502508042481102,1.124562726225206,0.9339192734703764,0.8932046064765542,0.895153972838201,0.0021800629429163942,0.7705090432221112,1.378410759540518,2.199389641843424,1.4209353474072677e-11
60,59,0,local_loglinear,18,17,42,2.661722555700096,2.7623436023101253,1.1962875063976661,0.16973233127260348,1.003956387955221,0.003956387955220908,1.050628180021099,1.1263644801498145,0.9327603973106094,0.8890894721468103,0.8908485622453577,0.0019765751810077725,0.7704473638812729,1.4001074959953042,2.199701347559969,1.049328978890423e-9
60,59,0,local_loglinear,19,18,41,2.6645536794648517,2.766401178973804,1.1980872119169879,0.16935481150790974,1.002788858085505,0.002788858085505108,1.0509753282152554,1.1282582047793117,0.9315024909753057,0.8851633889914383,0.8863986972229212,0.0013945979554524507,0.7702758997085627,1.422032048682287,2.2005682154749175,7.649084206865124e-10
60,59,0,local_loglinear,20,19,40,2.663777445037193,2.7666521830889885,1.198582368218447,0.1690871134204569,1.0009120866130192,0.0009120866130192251,1.0512936662669305,1.1302431264125454,0.9301482501413613,0.8814114789490859,0.8818140886136578,0.00045667403986834887,0.7700015236259673,1.4442005242610987,2.2019564394697015,1.047951502761669e-9
60,59,0,local_loglinear,21,20,39,2.659615246640195,2.7633249945844267,1.1978512935215324,0.16892220301842378,0.9983734814307783,0.001626518569221691,1.0515845362735723,1.1323186988020797,0.9287001419177137,0.8778194755443719,0.877103767438175,0.0008156574924159388,0.7696302864499942,1.4666306018186606,2.2038368306738323,1.0902539900675643e-9
60,59,0,local_loglinear,22,21,38,2.652283722104379,2.7566438631784362,1.195970753215495,0.16885396191588453,0.9952191435607408,0.004780856439259185,1.0518492100255692,1.134484597488567,0.9271604148298448,0.8743737570248927,0.8722761143712745,0.0024019051516135093,0.7691675054062447,1.489341371824599,2.206184284805382,7.592414284667339e-10
60,59,0,local_loglinear,23,22,37,2.6419933257887647,2.7468273035299453,1.1930154257648782,0.16887708520628725,0.9914936266526031,0.0085063733473969,1.0520888720754458,1.1367407086517483,0.9255310943542214,0.8710613519556273,0.867338891258346,0.004282634452300066,0.7686178448683191,1.5123532399290702,2.208977310830729,1.3170892727522658e-11
60,59,0,local_loglinear,24,23,36,2.6289472351793273,2.734086841819037,1.1890575027794235,0.16898698971775178,0.9872397319994688,0.012760268000531205,1.0523046442990145,1.1390871345151017,0.9238140019437322,0.8678699460454498,0.8622992733673052,0.006439476399746652,0.7679853823061236,1.5356878171894068,2.2121976518161057,9.814481339123318e-10
60,59,0,local_loglinear,25,24,35,2.6133405607455122,2.7186260914390945,1.1841663878682869,0.16917973917672405,0.9824983876597321,0.017501612340267925,1.0524975692732752,1.1415241769464215,0.9220107559076912,0.8647878677825797,0.8571638822394128,0.008855109164674496,0.7672736692618678,1.5593678698672764,2.215829944605707,1.1527821532430709e-9
60,59,0,local_loglinear,26,25,34,2.595359800751789,2.7006400928610983,1.1784084881026573,0.16945197910510915,0.9773085660605164,0.022691433939483585,1.052668619246076,1.1440523384582986,0.9201227809775123,0.8618040708453701,0.8519388181651719,0.011513234239403647,0.766485783306228,1.5834172802192605,2.2198614360741296,1.1267632884180743e-9
60,59,0,local_loglinear,27,26,33,2.5751825058919025,2.680314882902008,1.1718470810125532,0.16980088171277719,0.9717072446039202,0.028292755396079783,1.0528186966291293,1.1466723177972258,0.9181513151478264,0.8589081097541544,0.8466296920460488,0.014398543172180228,0.7656243735741461,1.6078610325862688,2.224281740661781,1.0913031887169187e-9
60,59,0,local_loglinear,28,27,32,2.552977116038422,2.657827251729451,1.1645422498254856,0.17022409679670725,0.9657293860451173,0.034270613954882734,1.0529486460223632,1.1493850076181062,0.9160974251825417,0.8560901173336352,0.8412416562922294,0.017496685175824422,0.7646916986101528,1.6327251992021723,2.2290826441814007,1.850956735324117e-11
60,59,0,local_loglinear,29,28,31,2.5289029449778373,2.633344667598498,1.156550860805446,0.17071971426411808,0.9594079737073403,0.04059202629265968,1.0530592360120603,1.1521914838105003,0.9139620026780686,0.8533407671303976,0.8357794347539136,0.020794216000525667,0.7636896632726744,1.6580369852470254,2.234257918067087,2.6091721954306976e-10
60,59,0,local_loglinear,30,29,30,2.503110270312838,2.607025316141709,1.1479265916657282,0.171286228230682,0.952774037883042,0.047225962116957954,1.0531511834679321,1.1550930154431471,0.9117457809784215,0.8506512470202767,0.8302473510688615,0.02427855935925366,0.7626198468049646,1.683824747499209,2.2398031837081316,1.5667372238132135e-11
60,59,0,local_loglinear,31,30,29,2.4757405200005054,2.5790182508166026,1.1387199890963489,0.1719225090424728,0.9458567154146738,0.054143284585326246,1.0532251440702989,1.1580910552248744,0.9094493384769188,0.8480132246325895,0.8246493558161265,0.027937958022384635,0.7614835293264015,1.7101180525555622,2.245715789025968,8.077301435300291e-10
60,59,0,local_loglinear,32,31,28,2.446926526882852,2.5494636212875017,1.1289785516429445,0.17262777975143526,0.9386833190015053,0.061316680998494744,1.053281716183894,1.161187241602302,0.9070731045326412,0.8454188135101438,0.818989052146897,0.03176142543797397,0.7602817148079384,1.736947746807421,2.2519947067337407,1.2927948504170405e-11
60,59,0,local_loglinear,33,32,27,2.416792834701483,2.5184929610445095,1.1187468357779,0.1734015956383472,0.9312794085879144,0.06872059141208564,1.0533214491126217,1.1643834013485013,0.9046173690665326,0.8428605424770906,0.8132697199130725,0.03573870093906667,0.759015149647452,1.7643460293324853,2.2586404586918807,1.1083871163768055e-9
60,59,0,local_loglinear,34,33,26,2.385456044971676,2.486229524555968,1.108066572944624,0.17424382891656845,0.9236688777511972,0.07633112224880279,1.0533448384675268,1.1676815466102888,0.9020822856414279,0.8403313216438928,0.8074943384108488,0.039860200782212835,0.7576843401558826,1.7923465526228266,2.265655048981789,1.7648640840514633e-11
60,59,0,local_loglinear,35,34,25,2.3530251881838717,2.452788654509782,1.0969767967548385,0.1751546566733973,0.9158740421782269,0.08412595782177312,1.0533523297517338,1.1710838799871854,0.8994678756599912,0.8378244098857163,0.8016656076226221,0.04411697096601286,0.756289567379685,1.8209845352031793,2.2730419137912725,9.508856799904889e-10
60,59,0,local_loglinear,36,35,24,2.3196021100899595,2.418278168091386,1.0855139794848259,0.17613455061518205,0.9079157228149402,0.09208427718505985,1.0533443264362155,1.1745927993140894,0.8967740369695116,0.8353333865754985,0.7957859680261445,0.048500645226301126,0.7548308986372712,1.8502968752506732,2.2808058915545946,1.2730004480463896e-9
60,59,0,local_loglinear,37,36,23,2.2852818685254896,2.3827987581973735,1.0737121722182061,0.1771842698856722,0.8998133319058969,0.10018666809410315,1.0533211905253694,1.1782108948223586,0.8940005521542737,0.832852123460114,0.789857619141275,0.05300340326800318,0.7533081974679497,1.8803222809442786,2.28895320462245,7.76892927321203e-10
60,59,0,local_loglinear,38,37,22,2.250153133619715,2.3464444030787095,1.0616031399025796,0.17830485915956618,0.8915849723944883,0.1084150276055117,1.0532832328214372,1.1819409607727465,0.8911470773741579,0.830374751277201,0.7838825368372391,0.05761792279192082,0.751721134389844,1.911101441919073,2.297491439727533,9.455903068259882e-10
60,59,0,local_loglinear,39,38,21,2.214298579061432,2.3093027667180537,1.0492165023414268,0.17949764595141357,0.8832475163890823,0.11675248361091772,1.0532307304289243,1.1857859940239068,0.888213164716879,0.8278956362428158,0.777862489239763,0.06233734374885505,0.7500691928841133,1.942677181681145,2.3064295573038778,7.634772419352635e-10
60,59,0,local_loglinear,40,39,20,2.1777952695506997,2.2714555978377566,1.0365798726825972,0.18076424065066987,0.8748166848732291,0.12518331512677094,1.0531639259228844,1.1897492041400277,0.8851982604889662,0.8254093563550243,0.7717990516148592,0.06715523248834757,0.7483516746491506,1.9750946302941632,2.315777908636622,1.1697807383657795e-11
60,59,0,local_loglinear,41,40,19,2.14071504004441,2.232979124000511,1.0237189866344611,0.18210654182863684,0.8663071399623095,0.13369286003769054,1.0530830160893425,1.1938340128265539,0.8821017032309496,0.822910671805751,0.7656936202447922,0.07206553890145026,0.7465677061660597,2.0084014451161485,2.3255482499372118,5.293022632550788e-11
60,59,0,local_loglinear,42,41,18,2.1031248571648287,2.1939444260601815,1.0106578339055992,0.1835267402503687,0.8577325541666295,0.14226744583337048,1.0529881697717882,1.198044069558471,0.8789227345867653,0.8203945056427151,0.7595474251212644,0.07706256636464859,0.7447162409301009,2.0426480117581223,2.335753784428774,2.1176711455447926e-10
60,59,0,local_loglinear,43,42,17,2.065087170288674,2.1544178044444924,0.9974187811830777,0.1850273272286666,0.8491056880282747,0.15089431197172531,1.0528795194198668,1.2023832518270527,0.87566049994458,0.8178559202495401,0.7533615418404571,0.08214093665647865,0.742796062665443,2.0778876877033947,2.3464092041759494,1.628522802352202e-11
60,59,0,local_loglinear,44,43,16,2.0266602458718865,2.11446112847811,0.98402269104109,0.18661110487852756,0.8404384615456467,0.15956153845435328,1.0527571648312937,1.2068556753832707,0.8723140523799263,0.8152900961258523,0.7471369025826622,0.08729555787648746,0.7408057869435275,2.1141770631586243,2.3575307462429143,6.932486882067487e-11
60,59,0,local_loglinear,45,44,15,1.987898485755176,2.0741321695513424,0.970489034693511,0.18828119835165202,0.8317420202209311,0.16825797977906887,1.052621175025793,1.211465702198988,0.8688823572265654,0.812692312587598,0.7408743062853536,0.09252159484966357,0.7387438621929978,2.151576241926968,2.369136258471406,1.3525611441749558e-10
60,59,0,local_loglinear,46,45,14,1.948852729558903,2.0334849183728867,0.9568359996725514,0.1900410708789973,0.8230267993574019,0.17697320064259814,1.052471588371463,1.216217949024972,0.8653642952854111,0.8100579286414541,0.734574428103121,0.09781443981191643,0.7366085697909978,2.190149152470145,2.3812452773608803,9.156767518228817e-10
60,59,0,local_loglinear,47,46,13,1.9095705406265295,1.9925698852416363,0.9430805918540968,0.19189454088715216,0.8143025826336864,0.18569741736631362,1.0523084149498438,1.2211172963908208,0.8617586681149184,0.8073823658966011,0.7282378281885045,0.10316968565846127,0.7343980234065508,2.2299638827209898,2.3938791179906698,1.4105342045949526e-11
60,59,0,local_loglinear,48,47,12,1.8700964764786268,1.9514343850357483,0.9292387305910911,0.19384580309502047,0.8055785629959277,0.19442143700407233,1.0521316327002386,1.2261688970160802,0.8580641991985226,0.8046610896198995,0.7218649598891937,0.1085830968521832,0.7321101683235055,2.2710930609462667,2.407060972773418,1.120561943468952e-9
60,59,0,local_loglinear,49,48,11,1.8304723418890432,1.9101228030969444,0.9153253404794633,0.19589945002709658,0.7968633890352779,0.20313661096472213,1.0519411971664638,1.2313781887407698,0.8542795436730924,0.8018895961172846,0.7154561773291106,0.11405058818627076,0.7297427790089281,2.3136142444029297,2.420816030045755,1.6248774797323052e-11
60,59,0,local_loglinear,50,49,10,1.7907374292980889,1.8686768495626553,0.90135443458765,0.1980604998676962,0.788165223063495,0.211834776936505,1.0517370297695403,1.2367508997539118,0.8504032865299023,0.7990633937676591,0.7090117426062887,0.11956819540109254,0.7272934579449364,2.3576103839797358,2.435171596361055,7.373437937868923e-11
60,59,0,local_loglinear,51,50,9,1.7509287414465151,1.8271357936663717,0.8873391957180493,0.20033442445806562,0.7794917815217175,0.2205082184782825,1.0515190308154736,1.2422930653110986,0.8464339536115411,0.7961779920003476,0.7025318324283065,0.12513205564196905,0.7247596320907255,2.40317029548895,2.450157244800334,1.14292989489194e-9
60,59,0,local_loglinear,52,51,8,1.7110812023782238,1.7855366869199898,0.8732920504318733,0.2027271829368464,0.7708503820762872,0.2291496179237128,1.0512870716652305,1.2480110331189878,0.8423700141799939,0.7932288864780276,0.6960165444672153,0.1307383827919452,0.7221385503469128,2.4503892028387515,2.465804971317904,1.61160734946183e-11
60,59,0,local_loglinear,53,52,7,1.6712278538998862,1.743914571364698,0.8592247366890845,0.20524526032006155,0.7622479909507109,0.23775200904928906,1.0510409921388013,1.253911476679422,0.8382098829832411,0.7902115434682995,0.6894659033359245,0.13638344143632755,0.7194272811823574,2.499369345623851,2.4821493653930595,7.727371716064623e-11
60,59,0,local_loglinear,54,53,6,1.6314000371219506,1.702302671377073,0.8451483681935054,0.2078957086104391,0.7536912594323657,0.2463087405676343,1.0507806078900104,1.2600014122625613,0.8339519286753362,0.7871213890726005,0.6828798661887312,0.14206352658728263,0.7166227090429408,2.55022062482087,2.499227805120299,1.5043043752447493e-10
60,59,0,local_loglinear,55,54,5,1.5916275627925534,1.6607325750483917,0.8310734901385907,0.21068619644244022,0.7451865719060317,0.25481342809396834,1.0505056976668987,1.2662882097585124,0.8295944711253653,0.7839537921244686,0.6762583281232459,0.14777493475732703,0.713721532643755,2.6030613587235347,2.517080660087437,2.871988489695712e-10
60,59,0,local_loglinear,56,55,4,1.5519388664849711,1.6192343999319474,0.8170101268578532,0.2136250658927086,0.7367400946984611,0.26325990530153887,1.0502159988911128,1.2727796170090266,0.8251357775190272,0.7807040458780828,0.6696011272143341,0.15351393289682694,0.7107202642286738,2.6580191333454817,2.5357515091879055,5.459964941188397e-10
60,59,0,local_loglinear,57,56,3,1.5123611487036632,1.5778369443082814,0.8029678171017186,0.2167214010692761,0.7283578379328838,0.2716421620671162,1.0499111908938648,1.2794837915312551,0.8205740454416828,0.7773673420276166,0.6629080491783403,0.1592767167640538,0.707615231844462,2.7152318026373226,2.555287362429256,1.0391263117741312e-9
60,59,0,local_loglinear,58,57,2,1.4729204964724039,1.5365678213763392,0.7889556298102517,0.21998511444324823,0.7200457421828617,0.27995425781713834,1.0495908638860783,1.2864093536466386,0.8159073633216044,0.7739387302711863,0.6561788314793249,0.1650593498446689,0.7044025873417791,2.774848708479136,2.5757388705366524,1.982327143352773e-9
60,59,0,local_loglinear,59,58,1,1.4336419801290514,1.495453571777687,0.7749821470852557,0.22342706228133524,0.7118098132965119,0.28819018670348806,1.0492544598205582,1.2935654800967056,0.8111336271451192,0.7704130499246512,0.6494131665104355,0.1708576651465894,0.7010783252028303,2.8370322526473886,2.597160488982923,3.789749069041646e-9
60,59,0,local_loglinear,60,59,0,1.3945497134917415,1.4545197456788568,0.7610553895850267,0.2270592104711224,0.7036563486848105,0.29634365131518947,1.048901160251241,1.3009620754876798,0.806250374253261,0.7667848083479598,0.6426107031304487,0.17666709670297231,0.697638321721049,2.901960067809302,2.619610530292531,1.468485764274754e-7
65,64,0,local_loglinear,1,0,64,1.8901678313037162,1.9403612229421892,0.906495185575314,0.20859957981904168,0.8761960342164987,0.12380396578350128,,,,0.9967870194975489,0.9337836851161863,0.0652923148876943,0.7454800772873249,1.0599016809375605,2.331535287067304,1.4385464361577594e-11
65,64,0,local_loglinear,2,1,63,1.975646808183075,2.0298378997365614,0.9377968877670639,0.20320507284525097,0.8921365634962873,0.10786343650371266,1.0398130356575166,1.109641184299132,0.9370714158507734,0.9878698857804787,0.9336475050616719,0.056452031101244,0.7493925019821268,1.0775853119138288,2.310105976853435,8.704611592333116e-10
65,64,0,local_loglinear,3,2,62,2.0568655473342874,2.115032983101668,0.9675963367839989,0.19846672526247533,0.907154154410322,0.09284584558967801,1.0408510000703133,1.1098776538759065,0.9378069703768349,0.9792619875951668,0.9331339948481145,0.04825040634362443,0.7528321553153103,1.095752628014387,2.2915092581587935,1.510138936482579e-11
65,64,0,local_loglinear,4,3,61,2.1334270501436787,2.1955205927312305,0.9957507620826066,0.1943005459390854,0.9211689790313984,0.07883102096860162,1.0418324245073733,1.1102221713612235,0.9383999449677728,0.970986254084108,0.9322574166490485,0.04070333706688293,0.755845845984557,1.1143363102595618,2.275399485057946,6.804612867019944e-11
65,64,0,local_loglinear,5,4,60,2.2050203127968544,2.2709619270357666,1.022147274181834,0.19063514651171637,0.9341208230918643,0.06587917690813572,1.042758876924645,1.1106782356557465,0.938848753355645,0.9630567041350837,0.9310332686021787,0.033817281958049165,0.758475812843969,1.1332791342463269,2.261479328613506,1.102014068821173e-9
65,64,0,local_loglinear,6,5,59,2.2714163800182234,2.3411019551352608,1.0467017062869575,0.18740970361341763,0.9459677123597272,0.05403228764027279,1.0436320559352623,1.1112472351202805,0.939153793100147,0.9554799258220061,0.9294778538154913,0.027590773411079135,0.7607599601063894,1.1525333081461338,2.2494929484413464,1.8515267363542256e-11
65,64,0,local_loglinear,7,6,58,2.3324626695661284,2.40576425502939,1.0693568037167978,0.18457226465414503,0.9566842603179402,0.04331573968205982,1.0444537569305032,1.1119290875239092,0.939316876093544,0.9482564355401442,0.9276079161920683,0.02201582789785942,0.762732154125845,1.172059722776271,2.2392200828674595,9.008339591858506e-10
65,64,0,local_loglinear,8,7,57,2.3880761210335546,2.464844544843354,1.0900799484565769,0.18207834248871443,0.9662598707881517,0.033740129211848324,1.0452258313166438,1.1127227176081878,0.9393407852437583,0.9413818840049846,0.9254403390280612,0.017079218674762718,0.764422554182782,1.1918271803011482,2.2304709433821452,4.736811134280673e-10
65,64,0,local_loglinear,9,8,56,2.438235642771009,2.5183033796370458,1.108860599524741,0.1798897466341622,0.9746968711388009,0.02530312886119912,1.045950166587269,1.113626422254604,0.9392289422063816,0.9348481110430179,0.9229919003958746,0.012763608848296373,0.7658579509667104,1.2118116163555621,2.22308183979617,9.82698497464882e-10
65,64,0,local_loglinear,10,9,55,2.4829742625993108,2.566158428400635,1.1257075966836925,0.1779736103981056,0.9820086534230518,0.01799134657694823,1.0466286683639079,1.114638136468152,0.9389851595067982,0.9286440507850507,0.9202790789937363,0.009048541532943391,0.7670620980908742,1.2319953418364027,2.216911442536716,8.171120551540273e-10
65,64,0,local_loglinear,11,10,54,2.5223713072712655,2.6084766722567694,1.1406464410118238,0.17630158230116152,0.9882178947177187,0.011782105282281297,1.0472632347924655,1.1157556240179916,0.9386134492615189,0.92275648989854,0.9173179039241663,0.00591128470616345,0.7680560293319746,1.2523663369644416,2.211837585599746,1.4857210857681834e-11
65,64,0,local_loglinear,12,11,53,2.5565448494756944,2.645366776455414,1.1537166545553694,0.17484914902874643,0.9933548697436663,0.006645130256333731,1.0478557534575925,1.1169766209560903,0.9381178923518266,0.9171707047700384,0.9141238417978976,0.003327554040114075,0.768858351284202,1.2729175783194957,2.2077545575825566,1.1040160197100243e-9
65,64,0,local_loglinear,13,12,52,2.5856446089826073,2.676971845938852,1.1649692755951357,0.17359507216184408,0.9974559166249307,0.0025440833750692837,1.048408076071815,1.1182989263232292,0.9375025329933894,0.9118709764315017,0.9107117155368505,0.0012721080432639004,0.7694855139240172,1.293646441890437,2.2045707855968826,1.957956940282605e-11
65,64,0,local_loglinear,14,13,51,2.6098454157663498,2.703462687754256,1.1744645411323025,0.17252091593796404,1.0005620479655717,0.0005620479655716881,1.048922011306951,1.1197204733933073,0.9367713069746757,0.906841008794521,0.9070956491661575,0.0002807599396502103,0.7699520546989983,1.3145541604313906,2.2022068705566933,6.193810256415276e-11
65,64,0,local_loglinear,15,14,50,2.629341305855575,2.725031667817535,1.1822697874690613,0.17161064973602672,1.0027177108347736,0.002717710834773568,1.0493993215810349,1.1212393751783623,0.9359279961195625,0.9020642655424191,0.9032890339496686,0.0013568187406748228,0.7702708160277864,1.3356453309892908,2.2005939247571367,1.026515574623986e-9
65,64,0,local_loglinear,16,15,49,2.644340284362755,2.741887214298123,1.1884575760909968,0.1708503152227788,1.0039697136437091,0.003969713643709127,1.0498417084178964,1.12285394742309,0.9349761924311223,0.8975242304773982,0.8993045118863858,0.001981582272769636,0.7704531403174638,1.356927491946181,2.199672152668884,7.950726364087276e-10
65,64,0,local_loglinear,17,16,48,2.6550597499283173,2.7542489736997076,1.193104047597907,0.17022774649606104,1.0043663067615396,0.004366306761539596,1.0502508042481102,1.124562726225206,0.9339192734703764,0.8932046064765542,0.895153972838201,0.0021800629429163942,0.7705090432221112,1.378410759540518,2.199389641843424,1.4209353474072677e-11
65,64,0,local_loglinear,18,17,47,2.661722555700096,2.7623436023101253,1.1962875063976661,0.16973233127260348,1.003956387955221,0.003956387955220908,1.050628180021099,1.1263644801498145,0.9327603973106094,0.8890894721468103,0.8908485622453577,0.0019765751810077725,0.7704473638812729,1.4001074959953042,2.199701347559969,1.049328978890423e-9
65,64,0,local_loglinear,19,18,46,2.6645536794648517,2.766401178973804,1.1980872119169879,0.16935481150790974,1.002788858085505,0.002788858085505108,1.0509753282152554,1.1282582047793117,0.9315024909753057,0.8851633889914383,0.8863986972229212,0.0013945979554524507,0.7702758997085627,1.422032048682287,2.2005682154749175,7.649084206865124e-10
65,64,0,local_loglinear,20,19,45,2.663777445037193,2.7666521830889885,1.198582368218447,0.1690871134204569,1.0009120866130192,0.0009120866130192251,1.0512936662669305,1.1302431264125454,0.9301482501413613,0.8814114789490859,0.8818140886136578,0.00045667403986834887,0.7700015236259673,1.4442005242610987,2.2019564394697015,1.047951502761669e-9
65,64,0,local_loglinear,21,20,44,2.659615246640195,2.7633249945844267,1.1978512935215324,0.16892220301842378,0.9983734814307783,0.001626518569221691,1.0515845362735723,1.1323186988020797,0.9287001419177137,0.8778194755443719,0.877103767438175,0.0008156574924159388,0.7696302864499942,1.4666306018186606,2.2038368306738323,1.0902539900675643e-9
65,64,0,local_loglinear,22,21,43,2.652283722104379,2.7566438631784362,1.195970753215495,0.16885396191588453,0.9952191435607408,0.004780856439259185,1.0518492100255692,1.134484597488567,0.9271604148298448,0.8743737570248927,0.8722761143712745,0.0024019051516135093,0.7691675054062447,1.489341371824599,2.206184284805382,7.592414284667339e-10
65,64,0,local_loglinear,23,22,42,2.6419933257887647,2.7468273035299453,1.1930154257648782,0.16887708520628725,0.9914936266526031,0.0085063733473969,1.0520888720754458,1.1367407086517483,0.9255310943542214,0.8710613519556273,0.867338891258346,0.004282634452300066,0.7686178448683191,1.5123532399290702,2.208977310830729,1.3170892727522658e-11
65,64,0,local_loglinear,24,23,41,2.6289472351793273,2.734086841819037,1.1890575027794235,0.16898698971775178,0.9872397319994688,0.012760268000531205,1.0523046442990145,1.1390871345151017,0.9238140019437322,0.8678699460454498,0.8622992733673052,0.006439476399746652,0.7679853823061236,1.5356878171894068,2.2121976518161057,9.814481339123318e-10
65,64,0,local_loglinear,25,24,40,2.6133405607455122,2.7186260914390945,1.1841663878682869,0.16917973917672405,0.9824983876597321,0.017501612340267925,1.0524975692732752,1.1415241769464215,0.9220107559076912,0.8647878677825797,0.8571638822394128,0.008855109164674496,0.7672736692618678,1.5593678698672764,2.215829944605707,1.1527821532430709e-9
65,64,0,local_loglinear,26,25,39,2.595359800751789,2.7006400928610983,1.1784084881026573,0.16945197910510915,0.9773085660605164,0.022691433939483585,1.052668619246076,1.1440523384582986,0.9201227809775123,0.8618040708453701,0.8519388181651719,0.011513234239403647,0.766485783306228,1.5834172802192605,2.2198614360741296,1.1267632884180743e-9
65,64,0,local_loglinear,27,26,38,2.5751825058919025,2.680314882902008,1.1718470810125532,0.16980088171277719,0.9717072446039202,0.028292755396079783,1.0528186966291293,1.1466723177972258,0.9181513151478264,0.8589081097541544,0.8466296920460488,0.014398543172180228,0.7656243735741461,1.6078610325862688,2.224281740661781,1.0913031887169187e-9
65,64,0,local_loglinear,28,27,37,2.552977116038422,2.657827251729451,1.1645422498254856,0.17022409679670725,0.9657293860451173,0.034270613954882734,1.0529486460223632,1.1493850076181062,0.9160974251825417,0.8560901173336352,0.8412416562922294,0.017496685175824422,0.7646916986101528,1.6327251992021723,2.2290826441814007,1.850956735324117e-11
65,64,0,local_loglinear,29,28,36,2.5289029449778373,2.633344667598498,1.156550860805446,0.17071971426411808,0.9594079737073403,0.04059202629265968,1.0530592360120603,1.1521914838105003,0.9139620026780686,0.8533407671303976,0.8357794347539136,0.020794216000525667,0.7636896632726744,1.6580369852470254,2.234257918067087,2.6091721954306976e-10
65,64,0,local_loglinear,30,29,35,2.503110270312838,2.607025316141709,1.1479265916657282,0.171286228230682,0.952774037883042,0.047225962116957954,1.0531511834679321,1.1550930154431471,0.9117457809784215,0.8506512470202767,0.8302473510688615,0.02427855935925366,0.7626198468049646,1.683824747499209,2.2398031837081316,1.5667372238132135e-11
65,64,0,local_loglinear,31,30,34,2.4757405200005054,2.5790182508166026,1.1387199890963489,0.1719225090424728,0.9458567154146738,0.054143284585326246,1.0532251440702989,1.1580910552248744,0.9094493384769188,0.8480132246325895,0.8246493558161265,0.027937958022384635,0.7614835293264015,1.7101180525555622,2.245715789025968,8.077301435300291e-10
65,64,0,local_loglinear,32,31,33,2.446926526882852,2.5494636212875017,1.1289785516429445,0.17262777975143526,0.9386833190015053,0.061316680998494744,1.053281716183894,1.161187241602302,0.9070731045326412,0.8454188135101438,0.818989052146897,0.03176142543797397,0.7602817148079384,1.736947746807421,2.2519947067337407,1.2927948504170405e-11
65,64,0,local_loglinear,33,32,32,2.416792834701483,2.5184929610445095,1.1187468357779,0.1734015956383472,0.9312794085879144,0.06872059141208564,1.0533214491126217,1.1643834013485013,0.9046173690665326,0.8428605424770906,0.8132697199130725,0.03573870093906667,0.759015149647452,1.7643460293324853,2.2586404586918807,1.1083871163768055e-9
65,64,0,local_loglinear,34,33,31,2.385456044971676,2.486229524555968,1.108066572944624,0.17424382891656845,0.9236688777511972,0.07633112224880279,1.0533448384675268,1.1676815466102888,0.9020822856414279,0.8403313216438928,0.8074943384108488,0.039860200782212835,0.7576843401558826,1.7923465526228266,2.265655048981789,1.7648640840514633e-11
65,64,0,local_loglinear,35,34,30,2.3530251881838717,2.452788654509782,1.0969767967548385,0.1751546566733973,0.9158740421782269,0.08412595782177312,1.0533523297517338,1.1710838799871854,0.8994678756599912,0.8378244098857163,0.8016656076226221,0.04411697096601286,0.756289567379685,1.8209845352031793,2.2730419137912725,9.508856799904889e-10
65,64,0,local_loglinear,36,35,29,2.3196021100899595,2.418278168091386,1.0855139794848259,0.17613455061518205,0.9079157228149402,0.09208427718505985,1.0533443264362155,1.1745927993140894,0.8967740369695116,0.8353333865754985,0.7957859680261445,0.048500645226301126,0.7548308986372712,1.8502968752506732,2.2808058915545946,1.2730004480463896e-9
65,64,0,local_loglinear,37,36,28,2.2852818685254896,2.3827987581973735,1.0737121722182061,0.1771842698856722,0.8998133319058969,0.10018666809410315,1.0533211905253694,1.1782108948223586,0.8940005521542737,0.832852123460114,0.789857619141275,0.05300340326800318,0.7533081974679497,1.8803222809442786,2.28895320462245,7.76892927321203e-10
65,64,0,local_loglinear,38,37,27,2.250153133619715,2.3464444030787095,1.0616031399025796,0.17830485915956618,0.8915849723944883,0.1084150276055117,1.0532832328214372,1.1819409607727465,0.8911470773741579,0.830374751277201,0.7838825368372391,0.05761792279192082,0.751721134389844,1.911101441919073,2.297491439727533,9.455903068259882e-10
65,64,0,local_loglinear,39,38,26,2.214298579061432,2.3093027667180537,1.0492165023414268,0.17949764595141357,0.8832475163890823,0.11675248361091772,1.0532307304289243,1.1857859940239068,0.888213164716879,0.8278956362428158,0.777862489239763,0.06233734374885505,0.7500691928841133,1.942677181681145,2.3064295573038778,7.634772419352635e-10
65,64,0,local_loglinear,40,39,25,2.1777952695506997,2.2714555978377566,1.0365798726825972,0.18076424065066987,0.8748166848732291,0.12518331512677094,1.0531639259228844,1.1897492041400277,0.8851982604889662,0.8254093563550243,0.7717990516148592,0.06715523248834757,0.7483516746491506,1.9750946302941632,2.315777908636622,1.1697807383657795e-11
65,64,0,local_loglinear,41,40,24,2.14071504004441,2.232979124000511,1.0237189866344611,0.18210654182863684,0.8663071399623095,0.13369286003769054,1.0530830160893425,1.1938340128265539,0.8821017032309496,0.822910671805751,0.7656936202447922,0.07206553890145026,0.7465677061660597,2.0084014451161485,2.3255482499372118,5.293022632550788e-11
65,64,0,local_loglinear,42,41,23,2.1031248571648287,2.1939444260601815,1.0106578339055992,0.1835267402503687,0.8577325541666295,0.14226744583337048,1.0529881697717882,1.198044069558471,0.8789227345867653,0.8203945056427151,0.7595474251212644,0.07706256636464859,0.7447162409301009,2.0426480117581223,2.335753784428774,2.1176711455447926e-10
65,64,0,local_loglinear,43,42,22,2.065087170288674,2.1544178044444924,0.9974187811830777,0.1850273272286666,0.8491056880282747,0.15089431197172531,1.0528795194198668,1.2023832518270527,0.87566049994458,0.8178559202495401,0.7533615418404571,0.08214093665647865,0.742796062665443,2.0778876877033947,2.3464092041759494,1.628522802352202e-11
65,64,0,local_loglinear,44,43,21,2.0266602458718865,2.11446112847811,0.98402269104109,0.18661110487852756,0.8404384615456467,0.15956153845435328,1.0527571648312937,1.2068556753832707,0.8723140523799263,0.8152900961258523,0.7471369025826622,0.08729555787648746,0.7408057869435275,2.1141770631586243,2.3575307462429143,1.0486480462401257e-9
65,64,0,local_loglinear,45,44,20,1.9878984857223065,2.074132169344598,0.9704890352667136,0.18828119801134371,0.8317420187038487,0.16825798129615133,1.0526211763404967,1.211465702198988,0.8688823583117827,0.8126923133242132,0.7408743062853536,0.09252159575605237,0.7387438619640502,2.1515762382965655,2.369136259764788,8.004606448951363e-10
65,64,0,local_loglinear,46,45,19,1.9488527300944285,2.0334849187226225,0.9568360005983709,0.19004107039955792,0.8230267975072133,0.1769732024927867,1.0524715886762548,1.216217947696063,0.8653642964815637,0.8100579295724578,0.7345744281273507,0.09781444092823682,0.7366085695303437,2.1901491476803967,2.3812452788446827,1.1470490484383157e-11
65,64,0,local_loglinear,47,46,18,1.9095705418305435,1.9925698862298822,0.9430805934006711,0.1918945402225089,0.8143025803267095,0.18569741967329045,1.0523084154807534,1.2211172946435802,0.8617586697827428,0.8073823670920033,0.7282378282429081,0.10316968706434543,0.7343980230276544,2.2299638763344785,2.3938791201647684,8.12733488383295e-10
65,64,0,local_loglinear,48,47,17,1.8700964784735123,1.9514343864906623,0.9292387339165624,0.19384580156589432,0.8055785575005648,0.19442144249943516,1.0521316357326735,1.2261688944735345,0.8580642034508751,0.8046610924460111,0.721864959981815,0.1085831002360513,0.7321101673828496,2.2710930456547636,2.4070609782155246,1.1080465205101401e-11
65,64,0,local_loglinear,49,48,16,1.8304723458349386,1.9101228062100861,0.9153253462728677,0.19589944742839324,0.7968633801822648,0.20313661981773523,1.0519412005104254,1.231378182736111,0.8542795505545029,0.8018896007385363,0.7154561775115682,0.11405059369420054,0.7297427774499016,2.3136142186793967,2.42081603914283,5.2885771867587344e-11
65,64,0,local_loglinear,50,49,15,1.7907374363060322,1.8686768550098638,0.9013544453030198,0.19806049489071934,0.7881652063424683,0.21183479365753166,1.051737037514424,1.2367508895730346,0.8504032997926662,0.7990634025375554,0.7090117429340617,0.11956820591401665,0.7272934549737711,2.3576103340894683,2.4351716138525434,7.459086534046973e-10
65,64,0,local_loglinear,51,50,14,1.7509287541307545,1.827135803334116,0.8873392159901983,0.20033441463071125,0.7794917489308116,0.22050825106918837,1.051519046522772,1.242293045857409,0.8464339795100695,0.7961780091699133,0.7025318330294603,0.12513207635125678,0.7247596262934094,2.403170195647782,2.4501572792451234,1.2232498289513033e-9
65,64,0,local_loglinear,52,51,13,1.711081225946589,1.7855367048790356,0.8732920886856219,0.2027271639878105,0.7708503206420843,0.22914967935791575,1.0512871008467277,1.248010994945739,0.8423700633281965,0.7932289190657781,0.6960165455989251,0.13073842224836826,0.7221385392191497,2.450389008739788,2.4658050380679533,1.6691289671417447e-11
65,64,0,local_loglinear,53,52,12,1.6712278976884067,1.7439146047708947,0.8592248083974957,0.20524522382846333,0.7622478753987316,0.23775212460126838,1.0510410474753678,1.2539114031177605,0.8382099762886196,0.7902116051880416,0.689465905465138,0.13638351645345845,0.719427260026966,2.4993689689052605,2.4821494935578023,7.948501383728125e-11
65,64,0,local_loglinear,54,53,11,1.631400118296321,1.7023027333469871,0.8451485024704481,0.2078956383582407,0.7536910422464956,0.24630895775350437,1.0507807131712907,1.2600012712348467,0.8339521055732648,0.7871215058766841,0.6828798701890453,0.142063669123256,0.7166226688434438,2.5502198939090968,2.4992280511769085,1.530900413118321e-10
65,64,0,local_loglinear,55,54,10,1.5916277130071181,1.6607326897648893,0.8310737412891032,0.21068606121556133,0.7451861639444479,0.2548138360555521,1.0505058978441295,1.2662879395385938,0.8295948062388636,0.7839540130260677,0.6762583356300755,0.14777520543560332,0.7137214563206635,2.6030599409021553,2.517081132267163,1.0778523155465255e-9
65,64,0,local_loglinear,56,55,9,1.5519391440186028,1.6192346117630534,0.8170105966217364,0.21362480522153043,0.7367393274592059,0.2632606725407941,1.0502163806479339,1.2727790995539652,0.8251364129219072,0.780704464096399,0.6696011412870122,0.1535144475739736,0.7107201192082707,2.6580163788908253,2.535752416370867,8.02575891291253e-10
65,64,0,local_loglinear,57,56,8,1.5123616611791086,1.5778373354215651,0.8029686950516454,0.21672089911406658,0.7283563977697327,0.2716436022302673,1.0499119156699739,1.2794827996969518,0.8205752479975876,0.7773681323020947,0.6629080755566492,0.15927769357538224,0.7076149565501589,2.7152264585799677,2.555289104487567,1.2641585844949799e-9
65,64,0,local_loglinear,58,57,7,1.4729214414370424,1.5365685423911115,0.7889572689622693,0.21998414818989898,0.7200430414337022,0.27995695856629776,1.0495922397307078,1.2864074546052786,0.8159096373184224,0.7739402220603238,0.6561788808721698,0.16506120209809283,0.704402065189011,2.774838345078805,2.575742214460484,1.5650806658284173e-11
65,64,0,local_loglinear,59,58,6,1.433643719993956,1.4954548990015246,0.7749852033291823,0.22342520358388285,0.7118047555697883,0.2881952444302117,1.0492570668605326,1.293561846658737,0.811137920904793,0.770415861812162,0.6494132588940822,0.17086117272690077,0.7010773361175768,2.837012173187421,2.5971669023830066,8.913296523362655e-11
65,64,0,local_loglinear,60,59,5,1.3945529112497277,1.454522183733226,0.7610610821013892,0.22705563606551463,0.7036468850907157,0.2963531149092843,1.048906099083599,1.3009551314594325,0.806258474038931,0.766790103280144,0.6426108756866873,0.1766737335245932,0.697636449568981,2.9019211779970995,2.619622827411175,2.4367765305834233e-10
65,64,0,local_loglinear,61,60,4,1.3556727230041714,1.4137954080884203,0.7471932304132274,0.23088801907943715,0.6955746434099103,0.30442535659008974,1.0485390224416815,1.3085968308620903,0.8012697247256167,0.7630579194876823,0.6357713670778296,0.18249492562712843,0.6940748715086541,2.9697529628030432,2.6431745475919515,5.400970249979541e-10
65,64,0,local_loglinear,62,61,3,1.3170262622256084,1.373298927868599,0.7333897572550344,0.23493601790662835,0.687593123390523,0.31240687660947697,1.0481555173508883,1.3164968281226888,0.7961701805583137,0.759214208685536,0.6288943441673351,0.1883206941653947,0.6903878490865195,3.040710869093676,2.6678919676222446,1.1075771655731637e-9
65,64,0,local_loglinear,63,62,2,1.2786361348449646,1.3330565476219098,0.7196585992642931,0.23921448537345621,0.679707299948541,0.32029270005145904,1.0477552685695555,1.3246653491075349,0.7909584630378218,0.7552538039085892,0.6219793991514739,0.1941468850204261,0.6865704054086201,3.1150154597306834,2.693850842806388,2.1938906441491344e-9
65,64,0,local_loglinear,64,63,1,1.2405245410939858,1.29309161929896,0.7060075694389274,0.24373956160562463,0.6719220173494816,0.32807798265051835,1.0473379842899462,1.3331129281160332,0.7856333564854504,0.7511714924353414,0.6150261116079834,0.19996925300236706,0.6826173322551146,3.1929060909784504,2.7211333563051325,4.272748624176761e-9
65,64,0,local_loglinear,65,64,0,1.2027133693541707,1.2534271373581307,0.6924444172527954,0.24852877256274272,0.6642419498453169,0.3357580501546831,1.0469034305107159,1.341850345596608,0.7801938822359851,0.7469620521455279,0.6080340554877086,0.20578349078893143,0.6785231783297744,3.2746425173428606,2.7498287965540724,1.654721328480844e-7
70,69,0,local_loglinear,1,0,69,1.8901678313037162,1.9403612229421892,0.906495185575314,0.20859957981904168,0.8761960342164987,0.12380396578350128,,,,0.9967870194975489,0.9337836851161863,0.0652923148876943,0.7454800772873249,1.0599016809375605,2.331535287067304,1.4385464361577594e-11
70,69,0,local_loglinear,2,1,68,1.975646808183075,2.0298378997365614,0.9377968877670639,0.20320507284525097,0.8921365634962873,0.10786343650371266,1.0398130356575166,1.109641184299132,0.9370714158507734,0.9878698857804787,0.9336475050616719,0.056452031101244,0.7493925019821268,1.0775853119138288,2.310105976853435,8.704611592333116e-10
70,69,0,local_loglinear,3,2,67,2.0568655473342874,2.115032983101668,0.9675963367839989,0.19846672526247533,0.907154154410322,0.09284584558967801,1.0408510000703133,1.1098776538759065,0.9378069703768349,0.9792619875951668,0.9331339948481145,0.04825040634362443,0.7528321553153103,1.095752628014387,2.2915092581587935,1.510138936482579e-11
70,69,0,local_loglinear,4,3,66,2.1334270501436787,2.1955205927312305,0.9957507620826066,0.1943005459390854,0.9211689790313984,0.07883102096860162,1.0418324245073733,1.1102221713612235,0.9383999449677728,0.970986254084108,0.9322574166490485,0.04070333706688293,0.755845845984557,1.1143363102595618,2.275399485057946,6.804612867019944e-11
70,69,0,local_loglinear,5,4,65,2.2050203127968544,2.2709619270357666,1.022147274181834,0.19063514651171637,0.9341208230918643,0.06587917690813572,1.042758876924645,1.1106782356557465,0.938848753355645,0.9630567041350837,0.9310332686021787,0.033817281958049165,0.758475812843969,1.1332791342463269,2.261479328613506,1.102014068821173e-9
70,69,0,local_loglinear,6,5,64,2.2714163800182234,2.3411019551352608,1.0467017062869575,0.18740970361341763,0.9459677123597272,0.05403228764027279,1.0436320559352623,1.1112472351202805,0.939153793100147,0.9554799258220061,0.9294778538154913,0.027590773411079135,0.7607599601063894,1.1525333081461338,2.2494929484413464,1.8515267363542256e-11
70,69,0,local_loglinear,7,6,63,2.3324626695661284,2.40576425502939,1.0693568037167978,0.18457226465414503,0.9566842603179402,0.04331573968205982,1.0444537569305032,1.1119290875239092,0.939316876093544,0.9482564355401442,0.9276079161920683,0.02201582789785942,0.762732154125845,1.172059722776271,2.2392200828674595,9.008339591858506e-10
70,69,0,local_loglinear,8,7,62,2.3880761210335546,2.464844544843354,1.0900799484565769,0.18207834248871443,0.9662598707881517,0.033740129211848324,1.0452258313166438,1.1127227176081878,0.9393407852437583,0.9413818840049846,0.9254403390280612,0.017079218674762718,0.764422554182782,1.1918271803011482,2.2304709433821452,4.736811134280673e-10
70,69,0,local_loglinear,9,8,61,2.438235642771009,2.5183033796370458,1.108860599524741,0.1798897466341622,0.9746968711388009,0.02530312886119912,1.045950166587269,1.113626422254604,0.9392289422063816,0.9348481110430179,0.9229919003958746,0.012763608848296373,0.7658579509667104,1.2118116163555621,2.22308183979617,9.82698497464882e-10
70,69,0,local_loglinear,10,9,60,2.4829742625993108,2.566158428400635,1.1257075966836925,0.1779736103981056,0.9820086534230518,0.01799134657694823,1.0466286683639079,1.114638136468152,0.9389851595067982,0.9286440507850507,0.9202790789937363,0.009048541532943391,0.7670620980908742,1.2319953418364027,2.216911442536716,8.171120551540273e-10
70,69,0,local_loglinear,11,10,59,2.5223713072712655,2.6084766722567694,1.1406464410118238,0.17630158230116152,0.9882178947177187,0.011782105282281297,1.0472632347924655,1.1157556240179916,0.9386134492615189,0.92275648989854,0.9173179039241663,0.00591128470616345,0.7680560293319746,1.2523663369644416,2.211837585599746,1.4857210857681834e-11
70,69,0,local_loglinear,12,11,58,2.5565448494756944,2.645366776455414,1.1537166545553694,0.17484914902874643,0.9933548697436663,0.006645130256333731,1.0478557534575925,1.1169766209560903,0.9381178923518266,0.9171707047700384,0.9141238417978976,0.003327554040114075,0.768858351284202,1.2729175783194957,2.2077545575825566,1.1040160197100243e-9
70,69,0,local_loglinear,13,12,57,2.5856446089826073,2.676971845938852,1.1649692755951357,0.17359507216184408,0.9974559166249307,0.0025440833750692837,1.048408076071815,1.1182989263232292,0.9375025329933894,0.9118709764315017,0.9107117155368505,0.0012721080432639004,0.7694855139240172,1.293646441890437,2.2045707855968826,1.957956940282605e-11
70,69,0,local_loglinear,14,13,56,2.6098454157663498,2.703462687754256,1.1744645411323025,0.17252091593796404,1.0005620479655717,0.0005620479655716881,1.048922011306951,1.1197204733933073,0.9367713069746757,0.906841008794521,0.9070956491661575,0.0002807599396502103,0.7699520546989983,1.3145541604313906,2.2022068705566933,6.193810256415276e-11
70,69,0,local_loglinear,15,14,55,2.629341305855575,2.725031667817535,1.1822697874690613,0.17161064973602672,1.0027177108347736,0.002717710834773568,1.0493993215810349,1.1212393751783623,0.9359279961195625,0.9020642655424191,0.9032890339496686,0.0013568187406748228,0.7702708160277864,1.3356453309892908,2.2005939247571367,1.026515574623986e-9
70,69,0,local_loglinear,16,15,54,2.644340284362755,2.741887214298123,1.1884575760909968,0.1708503152227788,1.0039697136437091,0.003969713643709127,1.0498417084178964,1.12285394742309,0.9349761924311223,0.8975242304773982,0.8993045118863858,0.001981582272769636,0.7704531403174638,1.356927491946181,2.199672152668884,7.950726364087276e-10
70,69,0,local_loglinear,17,16,53,2.6550597499283173,2.7542489736997076,1.193104047597907,0.17022774649606104,1.0043663067615396,0.004366306761539596,1.0502508042481102,1.124562726225206,0.9339192734703764,0.8932046064765542,0.895153972838201,0.0021800629429163942,0.7705090432221112,1.378410759540518,2.199389641843424,1.4209353474072677e-11
70,69,0,local_loglinear,18,17,52,2.661722555700096,2.7623436023101253,1.1962875063976661,0.16973233127260348,1.003956387955221,0.003956387955220908,1.050628180021099,1.1263644801498145,0.9327603973106094,0.8890894721468103,0.8908485622453577,0.0019765751810077725,0.7704473638812729,1.4001074959953042,2.199701347559969,1.049328978890423e-9
70,69,0,local_loglinear,19,18,51,2.6645536794648517,2.766401178973804,1.1980872119169879,0.16935481150790974,1.002788858085505,0.002788858085505108,1.0509753282152554,1.1282582047793117,0.9315024909753057,0.8851633889914383,0.8863986972229212,0.0013945979554524507,0.7702758997085627,1.422032048682287,2.2005682154749175,7.649084206865124e-10
70,69,0,local_loglinear,20,19,50,2.663777445037193,2.7666521830889885,1.198582368218447,0.1690871134204569,1.0009120866130192,0.0009120866130192251,1.0512936662669305,1.1302431264125454,0.9301482501413613,0.8814114789490859,0.8818140886136578,0.00045667403986834887,0.7700015236259673,1.4442005242610987,2.2019564394697015,1.047951502761669e-9
70,69,0,local_loglinear,21,20,49,2.659615246640195,2.7633249945844267,1.1978512935215324,0.16892220301842378,0.9983734814307783,0.001626518569221691,1.0515845362735723,1.1323186988020797,0.9287001419177137,0.8778194755443719,0.877103767438175,0.0008156574924159388,0.7696302864499942,1.4666306018186606,2.2038368306738323,1.0902539900675643e-9
70,69,0,local_loglinear,22,21,48,2.652283722104379,2.7566438631784362,1.195970753215495,0.16885396191588453,0.9952191435607408,0.004780856439259185,1.0518492100255692,1.134484597488567,0.9271604148298448,0.8743737570248927,0.8722761143712745,0.0024019051516135093,0.7691675054062447,1.489341371824599,2.206184284805382,7.592414284667339e-10
70,69,0,local_loglinear,23,22,47,2.6419933257887647,2.7468273035299453,1.1930154257648782,0.16887708520628725,0.9914936266526031,0.0085063733473969,1.0520888720754458,1.1367407086517483,0.9255310943542214,0.8710613519556273,0.867338891258346,0.004282634452300066,0.7686178448683191,1.5123532399290702,2.208977310830729,1.3170892727522658e-11
70,69,0,local_loglinear,24,23,46,2.6289472351793273,2.734086841819037,1.1890575027794235,0.16898698971775178,0.9872397319994688,0.012760268000531205,1.0523046442990145,1.1390871345151017,0.9238140019437322,0.8678699460454498,0.8622992733673052,0.006439476399746652,0.7679853823061236,1.5356878171894068,2.2121976518161057,9.814481339123318e-10
70,69,0,local_loglinear,25,24,45,2.6133405607455122,2.7186260914390945,1.1841663878682869,0.16917973917672405,0.9824983876597321,0.017501612340267925,1.0524975692732752,1.1415241769464215,0.9220107559076912,0.8647878677825797,0.8571638822394128,0.008855109164674496,0.7672736692618678,1.5593678698672764,2.215829944605707,1.1527821532430709e-9
70,69,0,local_loglinear,26,25,44,2.595359800751789,2.7006400928610983,1.1784084881026573,0.16945197910510915,0.9773085660605164,0.022691433939483585,1.052668619246076,1.1440523384582986,0.9201227809775123,0.8618040708453701,0.8519388181651719,0.011513234239403647,0.766485783306228,1.5834172802192605,2.2198614360741296,1.1267632884180743e-9
70,69,0,local_loglinear,27,26,43,2.5751825058919025,2.680314882902008,1.1718470810125532,0.16980088171277719,0.9717072446039202,0.028292755396079783,1.0528186966291293,1.1466723177972258,0.9181513151478264,0.8589081097541544,0.8466296920460488,0.014398543172180228,0.7656243735741461,1.6078610325862688,2.224281740661781,1.0913031887169187e-9
70,69,0,local_loglinear,28,27,42,2.552977116038422,2.657827251729451,1.1645422498254856,0.17022409679670725,0.9657293860451173,0.034270613954882734,1.0529486460223632,1.1493850076181062,0.9160974251825417,0.8560901173336352,0.8412416562922294,0.017496685175824422,0.7646916986101528,1.6327251992021723,2.2290826441814007,1.850956735324117e-11
70,69,0,local_loglinear,29,28,41,2.5289029449778373,2.633344667598498,1.156550860805446,0.17071971426411808,0.9594079737073403,0.04059202629265968,1.0530592360120603,1.1521914838105003,0.9139620026780686,0.8533407671303976,0.8357794347539136,0.020794216000525667,0.7636896632726744,1.6580369852470254,2.234257918067087,2.6091721954306976e-10
70,69,0,local_loglinear,30,29,40,2.503110270312838,2.607025316141709,1.1479265916657282,0.171286228230682,0.952774037883042,0.047225962116957954,1.0531511834679321,1.1550930154431471,0.9117457809784215,0.8506512470202767,0.8302473510688615,0.02427855935925366,0.7626198468049646,1.683824747499209,2.2398031837081316,1.5667372238132135e-11
70,69,0,local_loglinear,31,30,39,2.4757405200005054,2.5790182508166026,1.1387199890963489,0.1719225090424728,0.9458567154146738,0.054143284585326246,1.0532251440702989,1.1580910552248744,0.9094493384769188,0.8480132246325895,0.8246493558161265,0.027937958022384635,0.7614835293264015,1.7101180525555622,2.245715789025968,8.077301435300291e-10
70,69,0,local_loglinear,32,31,38,2.446926526882852,2.5494636212875017,1.1289785516429445,0.17262777975143526,0.9386833190015053,0.061316680998494744,1.053281716183894,1.161187241602302,0.9070731045326412,0.8454188135101438,0.818989052146897,0.03176142543797397,0.7602817148079384,1.736947746807421,2.2519947067337407,1.2927948504170405e-11
70,69,0,local_loglinear,33,32,37,2.416792834701483,2.5184929610445095,1.1187468357779,0.1734015956383472,0.9312794085879144,0.06872059141208564,1.0533214491126217,1.1643834013485013,0.9046173690665326,0.8428605424770906,0.8132697199130725,0.03573870093906667,0.759015149647452,1.7643460293324853,2.2586404586918807,1.1083871163768055e-9
70,69,0,local_loglinear,34,33,36,2.385456044971676,2.486229524555968,1.108066572944624,0.17424382891656845,0.9236688777511972,0.07633112224880279,1.0533448384675268,1.1676815466102888,0.9020822856414279,0.8403313216438928,0.8074943384108488,0.039860200782212835,0.7576843401558826,1.7923465526228266,2.265655048981789,1.7648640840514633e-11
70,69,0,local_loglinear,35,34,35,2.3530251881838717,2.452788654509782,1.0969767967548385,0.1751546566733973,0.9158740421782269,0.08412595782177312,1.0533523297517338,1.1710838799871854,0.8994678756599912,0.8378244098857163,0.8016656076226221,0.04411697096601286,0.756289567379685,1.8209845352031793,2.2730419137912725,9.508856799904889e-10
70,69,0,local_loglinear,36,35,34,2.3196021100899595,2.418278168091386,1.0855139794848259,0.17613455061518205,0.9079157228149402,0.09208427718505985,1.0533443264362155,1.1745927993140894,0.8967740369695116,0.8353333865754985,0.7957859680261445,0.048500645226301126,0.7548308986372712,1.8502968752506732,2.2808058915545946,1.2730004480463896e-9
70,69,0,local_loglinear,37,36,33,2.2852818685254896,2.3827987581973735,1.0737121722182061,0.1771842698856722,0.8998133319058969,0.10018666809410315,1.0533211905253694,1.1782108948223586,0.8940005521542737,0.832852123460114,0.789857619141275,0.05300340326800318,0.7533081974679497,1.8803222809442786,2.28895320462245,7.76892927321203e-10
70,69,0,local_loglinear,38,37,32,2.250153133619715,2.3464444030787095,1.0616031399025796,0.17830485915956618,0.8915849723944883,0.1084150276055117,1.0532832328214372,1.1819409607727465,0.8911470773741579,0.830374751277201,0.7838825368372391,0.05761792279192082,0.751721134389844,1.911101441919073,2.297491439727533,9.455903068259882e-10
70,69,0,local_loglinear,39,38,31,2.214298579061432,2.3093027667180537,1.0492165023414268,0.17949764595141357,0.8832475163890823,0.11675248361091772,1.0532307304289243,1.1857859940239068,0.888213164716879,0.8278956362428158,0.777862489239763,0.06233734374885505,0.7500691928841133,1.942677181681145,2.3064295573038778,7.634772419352635e-10
70,69,0,local_loglinear,40,39,30,2.1777952695506997,2.2714555978377566,1.0365798726825972,0.18076424065066987,0.8748166848732291,0.12518331512677094,1.0531639259228844,1.1897492041400277,0.8851982604889662,0.8254093563550243,0.7717990516148592,0.06715523248834757,0.7483516746491506,1.9750946302941632,2.315777908636622,1.1697807383657795e-11
70,69,0,local_loglinear,41,40,29,2.14071504004441,2.232979124000511,1.0237189866344611,0.18210654182863684,0.8663071399623095,0.13369286003769054,1.0530830160893425,1.1938340128265539,0.8821017032309496,0.822910671805751,0.7656936202447922,0.07206553890145026,0.7465677061660597,2.0084014451161485,2.3255482499372118,5.293022632550788e-11
70,69,0,local_loglinear,42,41,28,2.1031248571648287,2.1939444260601815,1.0106578339055992,0.1835267402503687,0.8577325541666295,0.14226744583337048,1.0529881697717882,1.198044069558471,0.8789227345867653,0.8203945056427151,0.7595474251212644,0.07706256636464859,0.7447162409301009,2.0426480117581223,2.335753784428774,2.1176711455447926e-10
70,69,0,local_loglinear,43,42,27,2.065087170288674,2.1544178044444924,0.9974187811830777,0.1850273272286666,0.8491056880282747,0.15089431197172531,1.0528795194198668,1.2023832518270527,0.87566049994458,0.8178559202495401,0.7533615418404571,0.08214093665647865,0.742796062665443,2.0778876877033947,2.3464092041759494,1.628522802352202e-11
70,69,0,local_loglinear,44,43,26,2.0266602458718865,2.11446112847811,0.98402269104109,0.18661110487852756,0.8404384615456467,0.15956153845435328,1.0527571648312937,1.2068556753832707,0.8723140523799263,0.8152900961258523,0.7471369025826622,0.08729555787648746,0.7408057869435275,2.1141770631586243,2.3575307462429143,1.0486480462401257e-9
70,69,0,local_loglinear,45,44,25,1.9878984857223065,2.074132169344598,0.9704890352667136,0.18828119801134371,0.8317420187038487,0.16825798129615133,1.0526211763404967,1.211465702198988,0.8688823583117827,0.8126923133242132,0.7408743062853536,0.09252159575605237,0.7387438619640502,2.1515762382965655,2.369136259764788,8.004606448951363e-10
70,69,0,local_loglinear,46,45,24,1.9488527300944285,2.0334849187226225,0.9568360005983709,0.19004107039955792,0.8230267975072133,0.1769732024927867,1.0524715886762548,1.216217947696063,0.8653642964815637,0.8100579295724578,0.7345744281273507,0.09781444092823682,0.7366085695303437,2.1901491476803967,2.3812452788446827,1.1470490484383157e-11
70,69,0,local_loglinear,47,46,23,1.9095705418305435,1.9925698862298822,0.9430805934006711,0.1918945402225089,0.8143025803267095,0.18569741967329045,1.0523084154807534,1.2211172946435802,0.8617586697827428,0.8073823670920033,0.7282378282429081,0.10316968706434543,0.7343980230276544,2.2299638763344785,2.3938791201647684,8.12733488383295e-10
70,69,0,local_loglinear,48,47,22,1.8700964784735123,1.9514343864906623,0.9292387339165624,0.19384580156589432,0.8055785575005648,0.19442144249943516,1.0521316357326735,1.2261688944735345,0.8580642034508751,0.8046610924460111,0.721864959981815,0.1085831002360513,0.7321101673828496,2.2710930456547636,2.4070609782155246,1.1080465205101401e-11
70,69,0,local_loglinear,49,48,21,1.8304723458349386,1.9101228062100861,0.9153253462728677,0.19589944742839324,0.7968633801822648,0.20313661981773523,1.0519412005104254,1.231378182736111,0.8542795505545029,0.8018896007385363,0.7154561775115682,0.11405059369420054,0.7297427774499016,2.3136142186793967,2.42081603914283,5.2885771867587344e-11
70,69,0,local_loglinear,50,49,20,1.7907374363060322,1.8686768550098638,0.9013544453030198,0.19806049489071934,0.7881652063424683,0.21183479365753166,1.051737037514424,1.2367508895730346,0.8504032997926662,0.7990634025375554,0.7090117429340617,0.11956820591401665,0.7272934549737711,2.3576103340894683,2.4351716138525434,7.459086534046973e-10
70,69,0,local_loglinear,51,50,19,1.7509287541307545,1.827135803334116,0.8873392159901983,0.20033441463071125,0.7794917489308116,0.22050825106918837,1.051519046522772,1.242293045857409,0.8464339795100695,0.7961780091699133,0.7025318330294603,0.12513207635125678,0.7247596262934094,2.403170195647782,2.4501572792451234,1.2232498289513033e-9
70,69,0,local_loglinear,52,51,18,1.711081225946589,1.7855367048790356,0.8732920886856219,0.2027271639878105,0.7708503206420843,0.22914967935791575,1.0512871008467277,1.248010994945739,0.8423700633281965,0.7932289190657781,0.6960165455989251,0.13073842224836826,0.7221385392191497,2.450389008739788,2.4658050380679533,8.698252665885502e-11
70,69,0,local_loglinear,53,52,17,1.6712278976933876,1.7439146047844682,0.8592248083198797,0.20524522384089586,0.7622478754471759,0.23775212455282413,1.051041047389831,1.2539114031177605,0.8382099762204037,0.7902116051631796,0.689465905465138,0.136383516421996,0.7194272600614443,2.4993689690528615,2.482149493348926,1.208129121488274e-9
70,69,0,local_loglinear,54,53,16,1.631400118310196,1.702302733516943,0.8451485017114918,0.2078956387527961,0.7536910436833006,0.24630895631669936,1.0507807117215249,1.260001271363381,0.8339521043375856,0.7871215051332959,0.6828798701882839,0.14206366817993216,0.7166226691773969,2.550219898438302,2.499228049132821,1.564309336120081e-11
70,69,0,local_loglinear,55,54,15,1.5916277125501308,1.6607326895499868,0.8310737397635339,0.21068606196258866,0.7451861663726892,0.2548138336273108,1.0505058967353396,1.2662879413263697,0.8295948041919993,0.7839540117357677,0.6762583356067757,0.14777520382417,0.7137214568893683,2.6030599490789945,2.5170811287488184,1.0001004648237553e-9
70,69,0,local_loglinear,56,55,14,1.5519391428066773,1.6192346111995448,0.8170105929491831,0.21362480740328582,0.7367393344082154,0.2632606655917846,1.050216376047617,1.2727791028112305,0.8251364071958508,0.7807044603842355,0.6696011412251732,0.1535144429114359,0.7107201205679486,2.6580164030094235,2.535752407865327,1.1693424731031872e-9
70,69,0,local_loglinear,57,56,13,1.5123616578713308,1.577837333469835,0.8029686867770905,0.21672090407488803,0.7283564128490473,0.2716435871509527,1.0499119069539777,1.2794828082907577,0.8205752356739671,0.777368124148748,0.6629080753849987,0.1592776833459194,0.7076149595120067,2.7152265131740965,2.555289085745029,1.477982252703007e-11
70,69,0,local_loglinear,58,57,12,1.4729214336106293,1.5365685370989786,0.7889572521985505,0.21998415830883494,0.7200430707286151,0.27995692927138494,1.0495922241985336,1.2864074738596152,0.8159096130322039,0.7739402060255565,0.6561788804621287,0.16506118200463116,0.7044020709827681,2.7748384558021706,2.5757421773565894,9.135163088572959e-10
70,69,0,local_loglinear,59,58,11,1.4336437035315868,1.4954548871761282,0.7749851709126772,0.2234252235482394,0.7118048110001569,0.2881951889998431,1.0492570379641366,1.2935618853980022,0.8111378742744124,0.7704158311582673,0.6494132580207881,0.1708611342828794,0.7010773471117667,2.8370123913206466,2.597166831094643,1.1529906549840097e-9
70,69,0,local_loglinear,60,59,10,1.3945528787995496,1.454522159796467,0.7610610203375101,0.2270556750329152,0.7036469894776153,0.2963530105223847,1.0489060441282743,1.3009552068388075,0.8062583850807686,0.7667900450570904,0.642610873938084,0.17667366031479403,0.6976364704629504,2.901921604751789,2.6196226901699116,1.334062946021529e-9
70,69,0,local_loglinear,61,60,9,1.3556726610827727,1.4137953617921144,0.7471931140244148,0.23088809461328066,0.6955748391927049,0.3044251608072951,1.0485389184371843,1.3085969765416894,0.8012695560463721,0.7630578094630418,0.635771363685649,0.18249478677354564,0.6940749110933064,2.9697537934943137,2.6431742840673356,8.141734832533045e-10
70,69,0,local_loglinear,62,61,8,1.3170261462335955,1.3732988404659068,0.7333895397656143,0.23493616344039372,0.6875934887706843,0.31240651122931573,1.0481553217002313,1.316497107939218,0.7961698627207497,0.759214001924894,0.6288943377045841,0.18832043210667443,0.690387923747768,3.0407124776877223,2.667891463595981,1.292546295744108e-9
70,69,0,local_loglinear,63,62,7,1.2786359202614315,1.3330563854091515,0.7196581943290831,0.23921476533592653,0.6797079813676107,0.3202920186323893,1.047754899003625,1.3246658834062814,0.7909578650198191,0.7552534158500355,0.6219793869845627,0.19414639076977852,0.6865705462240699,3.1150185721340353,2.693849878275528,1.4518432573806354e-11
70,69,0,local_loglinear,64,63,6,1.2405241469634607,1.2930913209194825,0.7060068182821263,0.2437400988088156,0.6719232847902123,0.32807671520978765,1.0473372895758224,1.3331139468507898,0.7856322350013242,0.7511707662859936,0.6150260888589831,0.19996832330140257,0.6826175972310002,3.1929120988818886,2.721131513682116,9.065020658725922e-11
70,69,0,local_loglinear,65,64,5,1.2027126494296483,1.2534265925007078,0.6924430265308014,0.24852980269224897,0.6642443054627166,0.3357556945372834,1.0469021228892714,1.3418522825870085,0.7801917815207712,0.7469606948864589,0.608034013169575,0.20578174334672722,0.6785236766875986,3.2746541091345303,2.74982527604905,2.502037893962895e-10
70,69,0,local_loglinear,66,65,4,1.1652229834768755,1.2140848439000773,0.6789743410557946,0.25360309071080267,0.6566758888377736,0.3433241111622264,1.0464490350570745,1.350892195217546,0.7746354881327563,0.7426177837299974,0.6010027287620976,0.21158201448798752,0.6742831649600719,3.360528760724189,2.780027656288651,5.550577079482145e-10
70,69,0,local_loglinear,67,66,3,1.12807650606841,1.1750884885994197,0.6656082243266912,0.25898089761701704,0.6492228136050336,0.35077718639496636,1.045977678155029,1.3602452666873899,0.7689625568058782,0.738136574523892,0.5939318105331546,0.2173643521186746,0.6698902228199206,3.450845594350126,2.8118434714144325,1.1362973737288348e-9
70,69,0,local_loglinear,68,67,2,1.0912944390522696,1.1364597752373464,0.6523521184070612,0.26468603290311976,0.6418897684488459,0.35811023155115407,1.0454877441382107,1.3699232961339667,0.7631724689175379,0.7335115998645346,0.5868208471329124,0.223123839411765,0.6653387898877794,3.545941967986056,2.8453867112016655,2.243907776464062e-9
70,69,0,local_loglinear,69,68,1,1.0548979309924502,1.0982208490615883,0.6392134962489378,0.27074333590543787,0.6346812997258674,0.3653187002741326,1.0449790054491535,1.3799382029000729,0.7572650740830492,0.7287374338480086,0.5796694495860943,0.22885546751203906,0.6606225790977899,3.646185585800356,2.8807815239468635,4.353078026374043e-9
70,69,0,local_loglinear,70,69,0,1.0189081216422176,1.0603938125865235,0.6261999374056646,0.2771798185867601,0.6276017073630364,0.37239829263696356,1.0444513878986936,1.3903018675821381,0.751240728544147,0.7238087759575473,0.5724772612471511,0.23455421959985173,0.6557350620279456,3.7519769678508847,2.9181634015402023,1.6363120881775023e-7
75,74,0,local_loglinear,1,0,74,1.8901678313037162,1.9403612229421892,0.906495185575314,0.20859957981904168,0.8761960342164987,0.12380396578350128,,,,0.9967870194975489,0.9337836851161863,0.0652923148876943,0.7454800772873249,1.0599016809375605,2.331535287067304,1.4385464361577594e-11
75,74,0,local_loglinear,2,1,73,1.975646808183075,2.0298378997365614,0.9377968877670639,0.20320507284525097,0.8921365634962873,0.10786343650371266,1.0398130356575166,1.109641184299132,0.9370714158507734,0.9878698857804787,0.9336475050616719,0.056452031101244,0.7493925019821268,1.0775853119138288,2.310105976853435,8.704611592333116e-10
75,74,0,local_loglinear,3,2,72,2.0568655473342874,2.115032983101668,0.9675963367839989,0.19846672526247533,0.907154154410322,0.09284584558967801,1.0408510000703133,1.1098776538759065,0.9378069703768349,0.9792619875951668,0.9331339948481145,0.04825040634362443,0.7528321553153103,1.095752628014387,2.2915092581587935,1.510138936482579e-11
75,74,0,local_loglinear,4,3,71,2.1334270501436787,2.1955205927312305,0.9957507620826066,0.1943005459390854,0.9211689790313984,0.07883102096860162,1.0418324245073733,1.1102221713612235,0.9383999449677728,0.970986254084108,0.9322574166490485,0.04070333706688293,0.755845845984557,1.1143363102595618,2.275399485057946,6.804612867019944e-11
75,74,0,local_loglinear,5,4,70,2.2050203127968544,2.2709619270357666,1.022147274181834,0.19063514651171637,0.9341208230918643,0.06587917690813572,1.042758876924645,1.1106782356557465,0.938848753355645,0.9630567041350837,0.9310332686021787,0.033817281958049165,0.758475812843969,1.1332791342463269,2.261479328613506,1.102014068821173e-9
75,74,0,local_loglinear,6,5,69,2.2714163800182234,2.3411019551352608,1.0467017062869575,0.18740970361341763,0.9459677123597272,0.05403228764027279,1.0436320559352623,1.1112472351202805,0.939153793100147,0.9554799258220061,0.9294778538154913,0.027590773411079135,0.7607599601063894,1.1525333081461338,2.2494929484413464,1.8515267363542256e-11
75,74,0,local_loglinear,7,6,68,2.3324626695661284,2.40576425502939,1.0693568037167978,0.18457226465414503,0.9566842603179402,0.04331573968205982,1.0444537569305032,1.1119290875239092,0.939316876093544,0.9482564355401442,0.9276079161920683,0.02201582789785942,0.762732154125845,1.172059722776271,2.2392200828674595,9.008339591858506e-10
75,74,0,local_loglinear,8,7,67,2.3880761210335546,2.464844544843354,1.0900799484565769,0.18207834248871443,0.9662598707881517,0.033740129211848324,1.0452258313166438,1.1127227176081878,0.9393407852437583,0.9413818840049846,0.9254403390280612,0.017079218674762718,0.764422554182782,1.1918271803011482,2.2304709433821452,4.736811134280673e-10
75,74,0,local_loglinear,9,8,66,2.438235642771009,2.5183033796370458,1.108860599524741,0.1798897466341622,0.9746968711388009,0.02530312886119912,1.045950166587269,1.113626422254604,0.9392289422063816,0.9348481110430179,0.9229919003958746,0.012763608848296373,0.7658579509667104,1.2118116163555621,2.22308183979617,9.82698497464882e-10
75,74,0,local_loglinear,10,9,65,2.4829742625993108,2.566158428400635,1.1257075966836925,0.1779736103981056,0.9820086534230518,0.01799134657694823,1.0466286683639079,1.114638136468152,0.9389851595067982,0.9286440507850507,0.9202790789937363,0.009048541532943391,0.7670620980908742,1.2319953418364027,2.216911442536716,8.171120551540273e-10
75,74,0,local_loglinear,11,10,64,2.5223713072712655,2.6084766722567694,1.1406464410118238,0.17630158230116152,0.9882178947177187,0.011782105282281297,1.0472632347924655,1.1157556240179916,0.9386134492615189,0.92275648989854,0.9173179039241663,0.00591128470616345,0.7680560293319746,1.2523663369644416,2.211837585599746,1.4857210857681834e-11
75,74,0,local_loglinear,12,11,63,2.5565448494756944,2.645366776455414,1.1537166545553694,0.17484914902874643,0.9933548697436663,0.006645130256333731,1.0478557534575925,1.1169766209560903,0.9381178923518266,0.9171707047700384,0.9141238417978976,0.003327554040114075,0.768858351284202,1.2729175783194957,2.2077545575825566,1.1040160197100243e-9
75,74,0,local_loglinear,13,12,62,2.5856446089826073,2.676971845938852,1.1649692755951357,0.17359507216184408,0.9974559166249307,0.0025440833750692837,1.048408076071815,1.1182989263232292,0.9375025329933894,0.9118709764315017,0.9107117155368505,0.0012721080432639004,0.7694855139240172,1.293646441890437,2.2045707855968826,1.957956940282605e-11
75,74,0,local_loglinear,14,13,61,2.6098454157663498,2.703462687754256,1.1744645411323025,0.17252091593796404,1.0005620479655717,0.0005620479655716881,1.048922011306951,1.1197204733933073,0.9367713069746757,0.906841008794521,0.9070956491661575,0.0002807599396502103,0.7699520546989983,1.3145541604313906,2.2022068705566933,6.193810256415276e-11
75,74,0,local_loglinear,15,14,60,2.629341305855575,2.725031667817535,1.1822697874690613,0.17161064973602672,1.0027177108347736,0.002717710834773568,1.0493993215810349,1.1212393751783623,0.9359279961195625,0.9020642655424191,0.9032890339496686,0.0013568187406748228,0.7702708160277864,1.3356453309892908,2.2005939247571367,1.026515574623986e-9
75,74,0,local_loglinear,16,15,59,2.644340284362755,2.741887214298123,1.1884575760909968,0.1708503152227788,1.0039697136437091,0.003969713643709127,1.0498417084178964,1.12285394742309,0.9349761924311223,0.8975242304773982,0.8993045118863858,0.001981582272769636,0.7704531403174638,1.356927491946181,2.199672152668884,7.950726364087276e-10
75,74,0,local_loglinear,17,16,58,2.6550597499283173,2.7542489736997076,1.193104047597907,0.17022774649606104,1.0043663067615396,0.004366306761539596,1.0502508042481102,1.124562726225206,0.9339192734703764,0.8932046064765542,0.895153972838201,0.0021800629429163942,0.7705090432221112,1.378410759540518,2.199389641843424,1.4209353474072677e-11
75,74,0,local_loglinear,18,17,57,2.661722555700096,2.7623436023101253,1.1962875063976661,0.16973233127260348,1.003956387955221,0.003956387955220908,1.050628180021099,1.1263644801498145,0.9327603973106094,0.8890894721468103,0.8908485622453577,0.0019765751810077725,0.7704473638812729,1.4001074959953042,2.199701347559969,1.049328978890423e-9
75,74,0,local_loglinear,19,18,56,2.6645536794648517,2.766401178973804,1.1980872119169879,0.16935481150790974,1.002788858085505,0.002788858085505108,1.0509753282152554,1.1282582047793117,0.9315024909753057,0.8851633889914383,0.8863986972229212,0.0013945979554524507,0.7702758997085627,1.422032048682287,2.2005682154749175,7.649084206865124e-10
75,74,0,local_loglinear,20,19,55,2.663777445037193,2.7666521830889885,1.198582368218447,0.1690871134204569,1.0009120866130192,0.0009120866130192251,1.0512936662669305,1.1302431264125454,0.9301482501413613,0.8814114789490859,0.8818140886136578,0.00045667403986834887,0.7700015236259673,1.4442005242610987,2.2019564394697015,1.047951502761669e-9
75,74,0,local_loglinear,21,20,54,2.659615246640195,2.7633249945844267,1.1978512935215324,0.16892220301842378,0.9983734814307783,0.001626518569221691,1.0515845362735723,1.1323186988020797,0.9287001419177137,0.8778194755443719,0.877103767438175,0.0008156574924159388,0.7696302864499942,1.4666306018186606,2.2038368306738323,1.0902539900675643e-9
75,74,0,local_loglinear,22,21,53,2.652283722104379,2.7566438631784362,1.195970753215495,0.16885396191588453,0.9952191435607408,0.004780856439259185,1.0518492100255692,1.134484597488567,0.9271604148298448,0.8743737570248927,0.8722761143712745,0.0024019051516135093,0.7691675054062447,1.489341371824599,2.206184284805382,7.592414284667339e-10
75,74,0,local_loglinear,23,22,52,2.6419933257887647,2.7468273035299453,1.1930154257648782,0.16887708520628725,0.9914936266526031,0.0085063733473969,1.0520888720754458,1.1367407086517483,0.9255310943542214,0.8710613519556273,0.867338891258346,0.004282634452300066,0.7686178448683191,1.5123532399290702,2.208977310830729,1.3170892727522658e-11
75,74,0,local_loglinear,24,23,51,2.6289472351793273,2.734086841819037,1.1890575027794235,0.16898698971775178,0.9872397319994688,0.012760268000531205,1.0523046442990145,1.1390871345151017,0.9238140019437322,0.8678699460454498,0.8622992733673052,0.006439476399746652,0.7679853823061236,1.5356878171894068,2.2121976518161057,9.814481339123318e-10
75,74,0,local_loglinear,25,24,50,2.6133405607455122,2.7186260914390945,1.1841663878682869,0.16917973917672405,0.9824983876597321,0.017501612340267925,1.0524975692732752,1.1415241769464215,0.9220107559076912,0.8647878677825797,0.8571638822394128,0.008855109164674496,0.7672736692618678,1.5593678698672764,2.215829944605707,1.1527821532430709e-9
75,74,0,local_loglinear,26,25,49,2.595359800751789,2.7006400928610983,1.1784084881026573,0.16945197910510915,0.9773085660605164,0.022691433939483585,1.052668619246076,1.1440523384582986,0.9201227809775123,0.8618040708453701,0.8519388181651719,0.011513234239403647,0.766485783306228,1.5834172802192605,2.2198614360741296,1.1267632884180743e-9
75,74,0,local_loglinear,27,26,48,2.5751825058919025,2.680314882902008,1.1718470810125532,0.16980088171277719,0.9717072446039202,0.028292755396079783,1.0528186966291293,1.1466723177972258,0.9181513151478264,0.8589081097541544,0.8466296920460488,0.014398543172180228,0.7656243735741461,1.6078610325862688,2.224281740661781,1.0913031887169187e-9
75,74,0,local_loglinear,28,27,47,2.552977116038422,2.657827251729451,1.1645422498254856,0.17022409679670725,0.9657293860451173,0.034270613954882734,1.0529486460223632,1.1493850076181062,0.9160974251825417,0.8560901173336352,0.8412416562922294,0.017496685175824422,0.7646916986101528,1.6327251992021723,2.2290826441814007,1.850956735324117e-11
75,74,0,local_loglinear,29,28,46,2.5289029449778373,2.633344667598498,1.156550860805446,0.17071971426411808,0.9594079737073403,0.04059202629265968,1.0530592360120603,1.1521914838105003,0.9139620026780686,0.8533407671303976,0.8357794347539136,0.020794216000525667,0.7636896632726744,1.6580369852470254,2.234257918067087,2.6091721954306976e-10
75,74,0,local_loglinear,30,29,45,2.503110270312838,2.607025316141709,1.1479265916657282,0.171286228230682,0.952774037883042,0.047225962116957954,1.0531511834679321,1.1550930154431471,0.9117457809784215,0.8506512470202767,0.8302473510688615,0.02427855935925366,0.7626198468049646,1.683824747499209,2.2398031837081316,1.5667372238132135e-11
75,74,0,local_loglinear,31,30,44,2.4757405200005054,2.5790182508166026,1.1387199890963489,0.1719225090424728,0.9458567154146738,0.054143284585326246,1.0532251440702989,1.1580910552248744,0.9094493384769188,0.8480132246325895,0.8246493558161265,0.027937958022384635,0.7614835293264015,1.7101180525555622,2.245715789025968,8.077301435300291e-10
75,74,0,local_loglinear,32,31,43,2.446926526882852,2.5494636212875017,1.1289785516429445,0.17262777975143526,0.9386833190015053,0.061316680998494744,1.053281716183894,1.161187241602302,0.9070731045326412,0.8454188135101438,0.818989052146897,0.03176142543797397,0.7602817148079384,1.736947746807421,2.2519947067337407,1.2927948504170405e-11
75,74,0,local_loglinear,33,32,42,2.416792834701483,2.5184929610445095,1.1187468357779,0.1734015956383472,0.9312794085879144,0.06872059141208564,1.0533214491126217,1.1643834013485013,0.9046173690665326,0.8428605424770906,0.8132697199130725,0.03573870093906667,0.759015149647452,1.7643460293324853,2.2586404586918807,1.1083871163768055e-9
75,74,0,local_loglinear,34,33,41,2.385456044971676,2.486229524555968,1.108066572944624,0.17424382891656845,0.9236688777511972,0.07633112224880279,1.0533448384675268,1.1676815466102888,0.9020822856414279,0.8403313216438928,0.8074943384108488,0.039860200782212835,0.7576843401558826,1.7923465526228266,2.265655048981789,1.7648640840514633e-11
75,74,0,local_loglinear,35,34,40,2.3530251881838717,2.452788654509782,1.0969767967548385,0.1751546566733973,0.9158740421782269,0.08412595782177312,1.0533523297517338,1.1710838799871854,0.8994678756599912,0.8378244098857163,0.8016656076226221,0.04411697096601286,0.756289567379685,1.8209845352031793,2.2730419137912725,9.508856799904889e-10
75,74,0,local_loglinear,36,35,39,2.3196021100899595,2.418278168091386,1.0855139794848259,0.17613455061518205,0.9079157228149402,0.09208427718505985,1.0533443264362155,1.1745927993140894,0.8967740369695116,0.8353333865754985,0.7957859680261445,0.048500645226301126,0.7548308986372712,1.8502968752506732,2.2808058915545946,1.2730004480463896e-9
75,74,0,local_loglinear,37,36,38,2.2852818685254896,2.3827987581973735,1.0737121722182061,0.1771842698856722,0.8998133319058969,0.10018666809410315,1.0533211905253694,1.1782108948223586,0.8940005521542737,0.832852123460114,0.789857619141275,0.05300340326800318,0.7533081974679497,1.8803222809442786,2.28895320462245,7.76892927321203e-10
75,74,0,local_loglinear,38,37,37,2.250153133619715,2.3464444030787095,1.0616031399025796,0.17830485915956618,0.8915849723944883,0.1084150276055117,1.0532832328214372,1.1819409607727465,0.8911470773741579,0.830374751277201,0.7838825368372391,0.05761792279192082,0.751721134389844,1.911101441919073,2.297491439727533,9.455903068259882e-10
75,74,0,local_loglinear,39,38,36,2.214298579061432,2.3093027667180537,1.0492165023414268,0.17949764595141357,0.8832475163890823,0.11675248361091772,1.0532307304289243,1.1857859940239068,0.888213164716879,0.8278956362428158,0.777862489239763,0.06233734374885505,0.7500691928841133,1.942677181681145,2.3064295573038778,7.634772419352635e-10
75,74,0,local_loglinear,40,39,35,2.1777952695506997,2.2714555978377566,1.0365798726825972,0.18076424065066987,0.8748166848732291,0.12518331512677094,1.0531639259228844,1.1897492041400277,0.8851982604889662,0.8254093563550243,0.7717990516148592,0.06715523248834757,0.7483516746491506,1.9750946302941632,2.315777908636622,1.1697807383657795e-11
75,74,0,local_loglinear,41,40,34,2.14071504004441,2.232979124000511,1.0237189866344611,0.18210654182863684,0.8663071399623095,0.13369286003769054,1.0530830160893425,1.1938340128265539,0.8821017032309496,0.822910671805751,0.7656936202447922,0.07206553890145026,0.7465677061660597,2.0084014451161485,2.3255482499372118,5.293022632550788e-11
75,74,0,local_loglinear,42,41,33,2.1031248571648287,2.1939444260601815,1.0106578339055992,0.1835267402503687,0.8577325541666295,0.14226744583337048,1.0529881697717882,1.198044069558471,0.8789227345867653,0.8203945056427151,0.7595474251212644,0.07706256636464859,0.7447162409301009,2.0426480117581223,2.335753784428774,2.1176711455447926e-10
75,74,0,local_loglinear,43,42,32,2.065087170288674,2.1544178044444924,0.9974187811830777,0.1850273272286666,0.8491056880282747,0.15089431197172531,1.0528795194198668,1.2023832518270527,0.87566049994458,0.8178559202495401,0.7533615418404571,0.08214093665647865,0.742796062665443,2.0778876877033947,2.3464092041759494,1.628522802352202e-11
75,74,0,local_loglinear,44,43,31,2.0266602458718865,2.11446112847811,0.98402269104109,0.18661110487852756,0.8404384615456467,0.15956153845435328,1.0527571648312937,1.2068556753832707,0.8723140523799263,0.8152900961258523,0.7471369025826622,0.08729555787648746,0.7408057869435275,2.1141770631586243,2.3575307462429143,1.0486480462401257e-9
75,74,0,local_loglinear,45,44,30,1.9878984857223065,2.074132169344598,0.9704890352667136,0.18828119801134371,0.8317420187038487,0.16825798129615133,1.0526211763404967,1.211465702198988,0.8688823583117827,0.8126923133242132,0.7408743062853536,0.09252159575605237,0.7387438619640502,2.1515762382965655,2.369136259764788,8.004606448951363e-10
75,74,0,local_loglinear,46,45,29,1.9488527300944285,2.0334849187226225,0.9568360005983709,0.19004107039955792,0.8230267975072133,0.1769732024927867,1.0524715886762548,1.216217947696063,0.8653642964815637,0.8100579295724578,0.7345744281273507,0.09781444092823682,0.7366085695303437,2.1901491476803967,2.3812452788446827,1.1470490484383157e-11
75,74,0,local_loglinear,47,46,28,1.9095705418305435,1.9925698862298822,0.9430805934006711,0.1918945402225089,0.8143025803267095,0.18569741967329045,1.0523084154807534,1.2211172946435802,0.8617586697827428,0.8073823670920033,0.7282378282429081,0.10316968706434543,0.7343980230276544,2.2299638763344785,2.3938791201647684,8.12733488383295e-10
75,74,0,local_loglinear,48,47,27,1.8700964784735123,1.9514343864906623,0.9292387339165624,0.19384580156589432,0.8055785575005648,0.19442144249943516,1.0521316357326735,1.2261688944735345,0.8580642034508751,0.8046610924460111,0.721864959981815,0.1085831002360513,0.7321101673828496,2.2710930456547636,2.4070609782155246,1.1080465205101401e-11
75,74,0,local_loglinear,49,48,26,1.8304723458349386,1.9101228062100861,0.9153253462728677,0.19589944742839324,0.7968633801822648,0.20313661981773523,1.0519412005104254,1.231378182736111,0.8542795505545029,0.8018896007385363,0.7154561775115682,0.11405059369420054,0.7297427774499016,2.3136142186793967,2.42081603914283,5.2885771867587344e-11
75,74,0,local_loglinear,50,49,25,1.7907374363060322,1.8686768550098638,0.9013544453030198,0.19806049489071934,0.7881652063424683,0.21183479365753166,1.051737037514424,1.2367508895730346,0.8504032997926662,0.7990634025375554,0.7090117429340617,0.11956820591401665,0.7272934549737711,2.3576103340894683,2.4351716138525434,7.459086534046973e-10
75,74,0,local_loglinear,51,50,24,1.7509287541307545,1.827135803334116,0.8873392159901983,0.20033441463071125,0.7794917489308116,0.22050825106918837,1.051519046522772,1.242293045857409,0.8464339795100695,0.7961780091699133,0.7025318330294603,0.12513207635125678,0.7247596262934094,2.403170195647782,2.4501572792451234,1.2232498289513033e-9
75,74,0,local_loglinear,52,51,23,1.711081225946589,1.7855367048790356,0.8732920886856219,0.2027271639878105,0.7708503206420843,0.22914967935791575,1.0512871008467277,1.248010994945739,0.8423700633281965,0.7932289190657781,0.6960165455989251,0.13073842224836826,0.7221385392191497,2.450389008739788,2.4658050380679533,1.2213696885391214e-9
75,74,0,local_loglinear,53,52,22,1.6712278977226402,1.743914604960021,0.8592248077113268,0.205245224209317,0.7622478768287752,0.23775212317122485,1.0510410460043862,1.2539114031177605,0.8382099751155052,0.7902116044541272,0.689465905465138,0.13638351552470168,0.7194272603296057,2.49936897326238,2.4821494917243347,1.5145150514890184e-11
75,74,0,local_loglinear,54,53,21,1.6314001178621689,1.7023027331583271,0.8451485010021023,0.2078956390883221,0.7536910446927102,0.2463089553072898,1.0507807120468569,1.260001272896753,0.8339521035808986,0.7871215045868678,0.6828798701665721,0.14206366751751587,0.7166226693854407,2.550219901872505,2.499228047859406,7.128704510915422e-11
75,74,0,local_loglinear,55,54,20,1.5916277117741195,1.6607326889366918,0.8310737385266166,0.2106860625976328,0.7451861682554871,0.2548138317445129,1.050505895827923,1.2662879426726843,0.8295948025933801,0.7839540107123245,0.6762583355686866,0.14777520257500443,0.7137214572569061,2.603059955664666,2.5170811264750124,9.84884948594866e-10
75,74,0,local_loglinear,56,55,19,1.5519391413926646,1.6192346098545558,0.8170105917430612,0.2136248079649885,0.736739335674127,0.26326066432587303,1.050216376690044,1.2727791052766277,0.8251364061022894,0.7807044596419743,0.6696011411566947,0.15351444206294543,0.7107201207748312,2.6580164081258917,2.535752406571162,1.1675531883774795e-11
75,74,0,local_loglinear,57,56,18,1.5123616560513964,1.577837331693418,0.8029686854479463,0.21672090470053992,0.7283564140752564,0.2716435859247436,1.049911906998833,1.2794828102147497,0.8205752344751037,0.7773681233976235,0.6629080752950836,0.1592776825153165,0.7076149596768918,2.715226518602475,2.555289084701637,1.1352029872861768e-9
75,74,0,local_loglinear,58,57,17,1.4729214314632868,1.536568535233162,0.7889572495626851,0.219984159802443,0.720043074567695,0.279956925432305,1.0495922213722226,1.2864074758459874,0.8159096095752812,0.7739402038572057,0.6561788803509501,0.16506117937236142,0.7044020716674524,2.7748384710836462,2.57574217297179,1.3488832917980827e-11
75,74,0,local_loglinear,59,58,16,1.4336437002569444,1.4954548843659428,0.7749851665817111,0.22342522601505713,0.711804817233268,0.28819518276673195,1.0492570352170223,1.2935618907435016,0.811137868798794,0.7704158276231853,0.6494132578474989,0.17086112996118136,0.7010773483089139,2.837012416889884,2.597166823332121,8.459580991430362e-10
75,74,0,local_loglinear,60,59,15,1.3945528737257114,1.454522155598066,0.7610610128688475,0.22705567957696707,0.7036470009995639,0.2963529990004361,1.0489060382296502,1.300955215848903,0.80625837496275,0.7667900385356218,0.6426108736645595,0.176673652235545,0.6976364726918871,2.9019216530076535,2.6196226755292233,1.1386679871283425e-9
75,74,0,local_loglinear,61,60,14,1.3556726527684768,1.4137953551275066,0.7471931006022742,0.23088810316952393,0.6955748607033562,0.30442513929664383,1.0485389070779985,1.3085969930974266,0.8012695372286657,0.7630577972748411,0.6357713632287998,0.18249477151927973,0.6940749153470498,2.969753886006098,2.6431742557491384,1.3344934883861796e-11
75,74,0,local_loglinear,62,61,13,1.3170261319880665,1.3732988292299604,0.7333895155492562,0.23493617945619516,0.6875935282072155,0.31240647179278447,1.04815530099167,1.3164971391429598,0.7961698281198085,0.759213979491002,0.6288943369084039,0.18832040382383541,0.6903879316991727,3.040712652815233,2.6678914099173165,1.1434453119250677e-9
75,74,0,local_loglinear,63,62,12,1.2786358953900954,1.3330563661151296,0.7196581499873617,0.23921479591263342,0.6797080550273532,0.3202919449726468,1.0477548590856338,1.3246659416417825,0.7909578001130255,0.755253373783276,0.621979385570445,0.19414633734448655,0.6865705612606744,3.1150189101410897,2.693849775280685,1.3042989598254128e-11
75,74,0,local_loglinear,64,63,11,1.240524102718734,1.2930912869737898,0.7060067365004223,0.24374015737800386,0.6719234222841584,0.32807657771584164,1.0473372140331547,1.3331140573150961,0.7856321132360583,0.751170687400859,0.615026086298728,0.19996822244799023,0.6826176256982572,3.192912752141593,2.721131315722995,7.701112326227214e-11
75,74,0,local_loglinear,65,64,10,1.2027125698850671,1.2534265318954492,0.692442875493399,0.24852991500382884,0.6642445617057161,0.3357554382942839,1.0469019805007609,1.3418524927082045,0.7801915532368559,0.7469605471455726,0.6080340084843749,0.20578155326282627,0.6785237304119609,3.2746553714733833,2.7498248965292005,1.2069570940268407e-9
75,74,0,local_loglinear,66,65,9,1.1652228397985944,1.2140847350708759,0.6789740615895034,0.25360330668899633,0.6566763671165916,0.3433236328834084,1.046448765398524,1.3508925946948276,0.7746350594474324,0.7426175066281728,0.6010027201437176,0.21158165568600096,0.6742832663914342,3.3605312058264665,2.7800269279196264,8.272264660976387e-10
75,74,0,local_loglinear,67,66,8,1.1280762457994875,1.1750882922187595,0.6656077075598708,0.2589813123998274,0.6492237036093814,0.3507762963906186,1.0459771711533399,1.360246027432641,0.7689617540199994,0.7381360563613708,0.5939317946260532,0.21736367691380776,0.6698904138676866,3.450850320929966,2.811842075900638,1.296774193656931e-9
75,74,0,local_loglinear,68,67,7,1.091293967658491,1.13645942079685,0.6523511636876711,0.26468682926122317,0.6418914224253905,0.35810857757460945,1.0454867906519474,1.369924742155368,0.7631709673387117,0.7335106323988146,0.5868208177639351,0.22312257050768863,0.6653391492247123,3.545951099586688,2.8453840393083105,1.2976066956874953e-11
75,74,0,local_loglinear,69,68,6,1.0548970781465885,1.0982202098849605,0.6392117351785123,0.2707448634686866,0.6346843675473656,0.36531563245263443,1.0449772170081184,1.3799409487163705,0.7572622712444055,0.7287356313697821,0.5796693953981853,0.22885308756353834,0.6606232536211466,3.6462032068858172,2.8807764145749037,9.062465841558109e-11
75,74,0,local_loglinear,70,69,5,1.0189065816552156,1.060392662606048,0.6261966928823861,0.27718274772919,0.6276073910723311,0.3723926089276689,1.0444480344537586,1.3903070729478242,0.7512355038511372,0.7238054226649911,0.5724771614131767,0.23454976113536302,0.6557363267277689,3.7520109545277585,2.918153634647915,2.5226431297118053e-10
75,74,0,local_loglinear,71,70,4,0.983343442061433,1.0229987271834255,0.6133132803219139,0.2840303828535245,0.6206653651671363,0.37933463483286367,1.043898823147524,1.40103572084908,0.7450907979097651,0.7187143645682698,0.565243786164991,0.24020689312756371,0.6506718036445965,3.863817055748936,2.9576620082476546,5.59533383885014e-10
75,74,0,local_loglinear,72,71,3,0.9482286003581893,0.986060318334114,0.6005687112151882,0.29132051306291573,0.613863205238396,0.386136794761604,1.043329145717367,1.4121396345359265,0.7388285975417989,0.713456816234998,0.557968985359993,0.24581853219355582,0.645422978876182,3.9821069085845346,2.999460842756401,1.1421662819394101e-9
75,74,0,local_loglinear,73,72,2,0.9135829792048842,0.9495993262669024,0.5879701541776327,0.29908904280755333,0.6072059083903594,0.3927940916096406,1.0427385270716387,1.4236316627153467,0.7324496598247779,0.7080271429840321,0.5506525292286033,0.25137843873734855,0.6399830390235113,4.107413520296994,3.0437236488101314,2.245699557203716e-9
75,74,0,local_loglinear,74,73,1,0.8794274714280117,0.9136376112700777,0.5755246961913942,0.30737541082465114,0.6006986229348207,0.3993013770651793,1.0421264113645394,1.4355247576554149,0.7259550250227679,0.7024197055821765,0.5432942517856514,0.25688002325490666,0.6343451087744085,4.240323289756514,3.090639398587916,4.333255249659279e-9
75,74,0,local_loglinear,75,74,0,0.845782907256113,0.8781969802713694,0.5632392701258399,0.3162230485782853,0.594346776373185,0.405653223626815,1.0414920781133554,1.4478320332536234,0.7193459283898248,0.6966288171386217,0.5358940597602397,0.26231623351427436,0.6285023178948198,4.3814830102020945,3.140413775883181,1.5787189394724286e-7
80,79,0,local_loglinear,1,0,79,1.8901678313037162,1.9403612229421892,0.906495185575314,0.20859957981904168,0.8761960342164987,0.12380396578350128,,,,0.9967870194975489,0.9337836851161863,0.0652923148876943,0.7454800772873249,1.0599016809375605,2.331535287067304,1.4385464361577594e-11
80,79,0,local_loglinear,2,1,78,1.975646808183075,2.0298378997365614,0.9377968877670639,0.20320507284525097,0.8921365634962873,0.10786343650371266,1.0398130356575166,1.109641184299132,0.9370714158507734,0.9878698857804787,0.9336475050616719,0.056452031101244,0.7493925019821268,1.0775853119138288,2.310105976853435,8.704611592333116e-10
80,79,0,local_loglinear,3,2,77,2.0568655473342874,2.115032983101668,0.9675963367839989,0.19846672526247533,0.907154154410322,0.09284584558967801,1.0408510000703133,1.1098776538759065,0.9378069703768349,0.9792619875951668,0.9331339948481145,0.04825040634362443,0.7528321553153103,1.095752628014387,2.2915092581587935,1.510138936482579e-11
80,79,0,local_loglinear,4,3,76,2.1334270501436787,2.1955205927312305,0.9957507620826066,0.1943005459390854,0.9211689790313984,0.07883102096860162,1.0418324245073733,1.1102221713612235,0.9383999449677728,0.970986254084108,0.9322574166490485,0.04070333706688293,0.755845845984557,1.1143363102595618,2.275399485057946,6.804612867019944e-11
80,79,0,local_loglinear,5,4,75,2.2050203127968544,2.2709619270357666,1.022147274181834,0.19063514651171637,0.9341208230918643,0.06587917690813572,1.042758876924645,1.1106782356557465,0.938848753355645,0.9630567041350837,0.9310332686021787,0.033817281958049165,0.758475812843969,1.1332791342463269,2.261479328613506,1.102014068821173e-9
80,79,0,local_loglinear,6,5,74,2.2714163800182234,2.3411019551352608,1.0467017062869575,0.18740970361341763,0.9459677123597272,0.05403228764027279,1.0436320559352623,1.1112472351202805,0.939153793100147,0.9554799258220061,0.9294778538154913,0.027590773411079135,0.7607599601063894,1.1525333081461338,2.2494929484413464,1.8515267363542256e-11
80,79,0,local_loglinear,7,6,73,2.3324626695661284,2.40576425502939,1.0693568037167978,0.18457226465414503,0.9566842603179402,0.04331573968205982,1.0444537569305032,1.1119290875239092,0.939316876093544,0.9482564355401442,0.9276079161920683,0.02201582789785942,0.762732154125845,1.172059722776271,2.2392200828674595,9.008339591858506e-10
80,79,0,local_loglinear,8,7,72,2.3880761210335546,2.464844544843354,1.0900799484565769,0.18207834248871443,0.9662598707881517,0.033740129211848324,1.0452258313166438,1.1127227176081878,0.9393407852437583,0.9413818840049846,0.9254403390280612,0.017079218674762718,0.764422554182782,1.1918271803011482,2.2304709433821452,4.736811134280673e-10
80,79,0,local_loglinear,9,8,71,2.438235642771009,2.5183033796370458,1.108860599524741,0.1798897466341622,0.9746968711388009,0.02530312886119912,1.045950166587269,1.113626422254604,0.9392289422063816,0.9348481110430179,0.9229919003958746,0.012763608848296373,0.7658579509667104,1.2118116163555621,2.22308183979617,9.82698497464882e-10
80,79,0,local_loglinear,10,9,70,2.4829742625993108,2.566158428400635,1.1257075966836925,0.1779736103981056,0.9820086534230518,0.01799134657694823,1.0466286683639079,1.114638136468152,0.9389851595067982,0.9286440507850507,0.9202790789937363,0.009048541532943391,0.7670620980908742,1.2319953418364027,2.216911442536716,8.171120551540273e-10
80,79,0,local_loglinear,11,10,69,2.5223713072712655,2.6084766722567694,1.1406464410118238,0.17630158230116152,0.9882178947177187,0.011782105282281297,1.0472632347924655,1.1157556240179916,0.9386134492615189,0.92275648989854,0.9173179039241663,0.00591128470616345,0.7680560293319746,1.2523663369644416,2.211837585599746,1.4857210857681834e-11
80,79,0,local_loglinear,12,11,68,2.5565448494756944,2.645366776455414,1.1537166545553694,0.17484914902874643,0.9933548697436663,0.006645130256333731,1.0478557534575925,1.1169766209560903,0.9381178923518266,0.9171707047700384,0.9141238417978976,0.003327554040114075,0.768858351284202,1.2729175783194957,2.2077545575825566,1.1040160197100243e-9
80,79,0,local_loglinear,13,12,67,2.5856446089826073,2.676971845938852,1.1649692755951357,0.17359507216184408,0.9974559166249307,0.0025440833750692837,1.048408076071815,1.1182989263232292,0.9375025329933894,0.9118709764315017,0.9107117155368505,0.0012721080432639004,0.7694855139240172,1.293646441890437,2.2045707855968826,1.957956940282605e-11
80,79,0,local_loglinear,14,13,66,2.6098454157663498,2.703462687754256,1.1744645411323025,0.17252091593796404,1.0005620479655717,0.0005620479655716881,1.048922011306951,1.1197204733933073,0.9367713069746757,0.906841008794521,0.9070956491661575,0.0002807599396502103,0.7699520546989983,1.3145541604313906,2.2022068705566933,6.193810256415276e-11
80,79,0,local_loglinear,15,14,65,2.629341305855575,2.725031667817535,1.1822697874690613,0.17161064973602672,1.0027177108347736,0.002717710834773568,1.0493993215810349,1.1212393751783623,0.9359279961195625,0.9020642655424191,0.9032890339496686,0.0013568187406748228,0.7702708160277864,1.3356453309892908,2.2005939247571367,1.026515574623986e-9
80,79,0,local_loglinear,16,15,64,2.644340284362755,2.741887214298123,1.1884575760909968,0.1708503152227788,1.0039697136437091,0.003969713643709127,1.0498417084178964,1.12285394742309,0.9349761924311223,0.8975242304773982,0.8993045118863858,0.001981582272769636,0.7704531403174638,1.356927491946181,2.199672152668884,7.950726364087276e-10
80,79,0,local_loglinear,17,16,63,2.6550597499283173,2.7542489736997076,1.193104047597907,0.17022774649606104,1.0043663067615396,0.004366306761539596,1.0502508042481102,1.124562726225206,0.9339192734703764,0.8932046064765542,0.895153972838201,0.0021800629429163942,0.7705090432221112,1.378410759540518,2.199389641843424,1.4209353474072677e-11
80,79,0,local_loglinear,18,17,62,2.661722555700096,2.7623436023101253,1.1962875063976661,0.16973233127260348,1.003956387955221,0.003956387955220908,1.050628180021099,1.1263644801498145,0.9327603973106094,0.8890894721468103,0.8908485622453577,0.0019765751810077725,0.7704473638812729,1.4001074959953042,2.199701347559969,1.049328978890423e-9
80,79,0,local_loglinear,19,18,61,2.6645536794648517,2.766401178973804,1.1980872119169879,0.16935481150790974,1.002788858085505,0.002788858085505108,1.0509753282152554,1.1282582047793117,0.9315024909753057,0.8851633889914383,0.8863986972229212,0.0013945979554524507,0.7702758997085627,1.422032048682287,2.2005682154749175,7.649084206865124e-10
80,79,0,local_loglinear,20,19,60,2.663777445037193,2.7666521830889885,1.198582368218447,0.1690871134204569,1.0009120866130192,0.0009120866130192251,1.0512936662669305,1.1302431264125454,0.9301482501413613,0.8814114789490859,0.8818140886136578,0.00045667403986834887,0.7700015236259673,1.4442005242610987,2.2019564394697015,1.047951502761669e-9
80,79,0,local_loglinear,21,20,59,2.659615246640195,2.7633249945844267,1.1978512935215324,0.16892220301842378,0.9983734814307783,0.001626518569221691,1.0515845362735723,1.1323186988020797,0.9287001419177137,0.8778194755443719,0.877103767438175,0.0008156574924159388,0.7696302864499942,1.4666306018186606,2.2038368306738323,1.0902539900675643e-9
80,79,0,local_loglinear,22,21,58,2.652283722104379,2.7566438631784362,1.195970753215495,0.16885396191588453,0.9952191435607408,0.004780856439259185,1.0518492100255692,1.134484597488567,0.9271604148298448,0.8743737570248927,0.8722761143712745,0.0024019051516135093,0.7691675054062447,1.489341371824599,2.206184284805382,7.592414284667339e-10
80,79,0,local_loglinear,23,22,57,2.6419933257887647,2.7468273035299453,1.1930154257648782,0.16887708520628725,0.9914936266526031,0.0085063733473969,1.0520888720754458,1.1367407086517483,0.9255310943542214,0.8710613519556273,0.867338891258346,0.004282634452300066,0.7686178448683191,1.5123532399290702,2.208977310830729,1.3170892727522658e-11
80,79,0,local_loglinear,24,23,56,2.6289472351793273,2.734086841819037,1.1890575027794235,0.16898698971775178,0.9872397319994688,0.012760268000531205,1.0523046442990145,1.1390871345151017,0.9238140019437322,0.8678699460454498,0.8622992733673052,0.006439476399746652,0.7679853823061236,1.5356878171894068,2.2121976518161057,9.814481339123318e-10
80,79,0,local_loglinear,25,24,55,2.6133405607455122,2.7186260914390945,1.1841663878682869,0.16917973917672405,0.9824983876597321,0.017501612340267925,1.0524975692732752,1.1415241769464215,0.9220107559076912,0.8647878677825797,0.8571638822394128,0.008855109164674496,0.7672736692618678,1.5593678698672764,2.215829944605707,1.1527821532430709e-9
80,79,0,local_loglinear,26,25,54,2.595359800751789,2.7006400928610983,1.1784084881026573,0.16945197910510915,0.9773085660605164,0.022691433939483585,1.052668619246076,1.1440523384582986,0.9201227809775123,0.8618040708453701,0.8519388181651719,0.011513234239403647,0.766485783306228,1.5834172802192605,2.2198614360741296,1.1267632884180743e-9
80,79,0,local_loglinear,27,26,53,2.5751825058919025,2.680314882902008,1.1718470810125532,0.16980088171277719,0.9717072446039202,0.028292755396079783,1.0528186966291293,1.1466723177972258,0.9181513151478264,0.8589081097541544,0.8466296920460488,0.014398543172180228,0.7656243735741461,1.6078610325862688,2.224281740661781,1.0913031887169187e-9
80,79,0,local_loglinear,28,27,52,2.552977116038422,2.657827251729451,1.1645422498254856,0.17022409679670725,0.9657293860451173,0.034270613954882734,1.0529486460223632,1.1493850076181062,0.9160974251825417,0.8560901173336352,0.8412416562922294,0.017496685175824422,0.7646916986101528,1.6327251992021723,2.2290826441814007,1.850956735324117e-11
80,79,0,local_loglinear,29,28,51,2.5289029449778373,2.633344667598498,1.156550860805446,0.17071971426411808,0.9594079737073403,0.04059202629265968,1.0530592360120603,1.1521914838105003,0.9139620026780686,0.8533407671303976,0.8357794347539136,0.020794216000525667,0.7636896632726744,1.6580369852470254,2.234257918067087,2.6091721954306976e-10
80,79,0,local_loglinear,30,29,50,2.503110270312838,2.607025316141709,1.1479265916657282,0.171286228230682,0.952774037883042,0.047225962116957954,1.0531511834679321,1.1550930154431471,0.9117457809784215,0.8506512470202767,0.8302473510688615,0.02427855935925366,0.7626198468049646,1.683824747499209,2.2398031837081316,1.5667372238132135e-11
80,79,0,local_loglinear,31,30,49,2.4757405200005054,2.5790182508166026,1.1387199890963489,0.1719225090424728,0.9458567154146738,0.054143284585326246,1.0532251440702989,1.1580910552248744,0.9094493384769188,0.8480132246325895,0.8246493558161265,0.027937958022384635,0.7614835293264015,1.7101180525555622,2.245715789025968,8.077301435300291e-10
80,79,0,local_loglinear,32,31,48,2.446926526882852,2.5494636212875017,1.1289785516429445,0.17262777975143526,0.9386833190015053,0.061316680998494744,1.053281716183894,1.161187241602302,0.9070731045326412,0.8454188135101438,0.818989052146897,0.03176142543797397,0.7602817148079384,1.736947746807421,2.2519947067337407,1.2927948504170405e-11
80,79,0,local_loglinear,33,32,47,2.416792834701483,2.5184929610445095,1.1187468357779,0.1734015956383472,0.9312794085879144,0.06872059141208564,1.0533214491126217,1.1643834013485013,0.9046173690665326,0.8428605424770906,0.8132697199130725,0.03573870093906667,0.759015149647452,1.7643460293324853,2.2586404586918807,1.1083871163768055e-9
80,79,0,local_loglinear,34,33,46,2.385456044971676,2.486229524555968,1.108066572944624,0.17424382891656845,0.9236688777511972,0.07633112224880279,1.0533448384675268,1.1676815466102888,0.9020822856414279,0.8403313216438928,0.8074943384108488,0.039860200782212835,0.7576843401558826,1.7923465526228266,2.265655048981789,1.7648640840514633e-11
80,79,0,local_loglinear,35,34,45,2.3530251881838717,2.452788654509782,1.0969767967548385,0.1751546566733973,0.9158740421782269,0.08412595782177312,1.0533523297517338,1.1710838799871854,0.8994678756599912,0.8378244098857163,0.8016656076226221,0.04411697096601286,0.756289567379685,1.8209845352031793,2.2730419137912725,9.508856799904889e-10
80,79,0,local_loglinear,36,35,44,2.3196021100899595,2.418278168091386,1.0855139794848259,0.17613455061518205,0.9079157228149402,0.09208427718505985,1.0533443264362155,1.1745927993140894,0.8967740369695116,0.8353333865754985,0.7957859680261445,0.048500645226301126,0.7548308986372712,1.8502968752506732,2.2808058915545946,1.2730004480463896e-9
80,79,0,local_loglinear,37,36,43,2.2852818685254896,2.3827987581973735,1.0737121722182061,0.1771842698856722,0.8998133319058969,0.10018666809410315,1.0533211905253694,1.1782108948223586,0.8940005521542737,0.832852123460114,0.789857619141275,0.05300340326800318,0.7533081974679497,1.8803222809442786,2.28895320462245,7.76892927321203e-10
80,79,0,local_loglinear,38,37,42,2.250153133619715,2.3464444030787095,1.0616031399025796,0.17830485915956618,0.8915849723944883,0.1084150276055117,1.0532832328214372,1.1819409607727465,0.8911470773741579,0.830374751277201,0.7838825368372391,0.05761792279192082,0.751721134389844,1.911101441919073,2.297491439727533,9.455903068259882e-10
80,79,0,local_loglinear,39,38,41,2.214298579061432,2.3093027667180537,1.0492165023414268,0.17949764595141357,0.8832475163890823,0.11675248361091772,1.0532307304289243,1.1857859940239068,0.888213164716879,0.8278956362428158,0.777862489239763,0.06233734374885505,0.7500691928841133,1.942677181681145,2.3064295573038778,7.634772419352635e-10
80,79,0,local_loglinear,40,39,40,2.1777952695506997,2.2714555978377566,1.0365798726825972,0.18076424065066987,0.8748166848732291,0.12518331512677094,1.0531639259228844,1.1897492041400277,0.8851982604889662,0.8254093563550243,0.7717990516148592,0.06715523248834757,0.7483516746491506,1.9750946302941632,2.315777908636622,1.1697807383657795e-11
80,79,0,local_loglinear,41,40,39,2.14071504004441,2.232979124000511,1.0237189866344611,0.18210654182863684,0.8663071399623095,0.13369286003769054,1.0530830160893425,1.1938340128265539,0.8821017032309496,0.822910671805751,0.7656936202447922,0.07206553890145026,0.7465677061660597,2.0084014451161485,2.3255482499372118,5.293022632550788e-11
80,79,0,local_loglinear,42,41,38,2.1031248571648287,2.1939444260601815,1.0106578339055992,0.1835267402503687,0.8577325541666295,0.14226744583337048,1.0529881697717882,1.198044069558471,0.8789227345867653,0.8203945056427151,0.7595474251212644,0.07706256636464859,0.7447162409301009,2.0426480117581223,2.335753784428774,2.1176711455447926e-10
80,79,0,local_loglinear,43,42,37,2.065087170288674,2.1544178044444924,0.9974187811830777,0.1850273272286666,0.8491056880282747,0.15089431197172531,1.0528795194198668,1.2023832518270527,0.87566049994458,0.8178559202495401,0.7533615418404571,0.08214093665647865,0.742796062665443,2.0778876877033947,2.3464092041759494,1.628522802352202e-11
80,79,0,local_loglinear,44,43,36,2.0266602458718865,2.11446112847811,0.98402269104109,0.18661110487852756,0.8404384615456467,0.15956153845435328,1.0527571648312937,1.2068556753832707,0.8723140523799263,0.8152900961258523,0.7471369025826622,0.08729555787648746,0.7408057869435275,2.1141770631586243,2.3575307462429143,1.0486480462401257e-9
80,79,0,local_loglinear,45,44,35,1.9878984857223065,2.074132169344598,0.9704890352667136,0.18828119801134371,0.8317420187038487,0.16825798129615133,1.0526211763404967,1.211465702198988,0.8688823583117827,0.8126923133242132,0.7408743062853536,0.09252159575605237,0.7387438619640502,2.1515762382965655,2.369136259764788,8.004606448951363e-10
80,79,0,local_loglinear,46,45,34,1.9488527300944285,2.0334849187226225,0.9568360005983709,0.19004107039955792,0.8230267975072133,0.1769732024927867,1.0524715886762548,1.216217947696063,0.8653642964815637,0.8100579295724578,0.7345744281273507,0.09781444092823682,0.7366085695303437,2.1901491476803967,2.3812452788446827,1.1470490484383157e-11
80,79,0,local_loglinear,47,46,33,1.9095705418305435,1.9925698862298822,0.9430805934006711,0.1918945402225089,0.8143025803267095,0.18569741967329045,1.0523084154807534,1.2211172946435802,0.8617586697827428,0.8073823670920033,0.7282378282429081,0.10316968706434543,0.7343980230276544,2.2299638763344785,2.3938791201647684,8.12733488383295e-10
80,79,0,local_loglinear,48,47,32,1.8700964784735123,1.9514343864906623,0.9292387339165624,0.19384580156589432,0.8055785575005648,0.19442144249943516,1.0521316357326735,1.2261688944735345,0.8580642034508751,0.8046610924460111,0.721864959981815,0.1085831002360513,0.7321101673828496,2.2710930456547636,2.4070609782155246,1.1080465205101401e-11
80,79,0,local_loglinear,49,48,31,1.8304723458349386,1.9101228062100861,0.9153253462728677,0.19589944742839324,0.7968633801822648,0.20313661981773523,1.0519412005104254,1.231378182736111,0.8542795505545029,0.8018896007385363,0.7154561775115682,0.11405059369420054,0.7297427774499016,2.3136142186793967,2.42081603914283,5.2885771867587344e-11
80,79,0,local_loglinear,50,49,30,1.7907374363060322,1.8686768550098638,0.9013544453030198,0.19806049489071934,0.7881652063424683,0.21183479365753166,1.051737037514424,1.2367508895730346,0.8504032997926662,0.7990634025375554,0.7090117429340617,0.11956820591401665,0.7272934549737711,2.3576103340894683,2.4351716138525434,7.459086534046973e-10
80,79,0,local_loglinear,51,50,29,1.7509287541307545,1.827135803334116,0.8873392159901983,0.20033441463071125,0.7794917489308116,0.22050825106918837,1.051519046522772,1.242293045857409,0.8464339795100695,0.7961780091699133,0.7025318330294603,0.12513207635125678,0.7247596262934094,2.403170195647782,2.4501572792451234,1.2232498289513033e-9
80,79,0,local_loglinear,52,51,28,1.711081225946589,1.7855367048790356,0.8732920886856219,0.2027271639878105,0.7708503206420843,0.22914967935791575,1.0512871008467277,1.248010994945739,0.8423700633281965,0.7932289190657781,0.6960165455989251,0.13073842224836826,0.7221385392191497,2.450389008739788,2.4658050380679533,1.2213696885391214e-9
80,79,0,local_loglinear,53,52,27,1.6712278977226402,1.743914604960021,0.8592248077113268,0.205245224209317,0.7622478768287752,0.23775212317122485,1.0510410460043862,1.2539114031177605,0.8382099751155052,0.7902116044541272,0.689465905465138,0.13638351552470168,0.7194272603296057,2.49936897326238,2.4821494917243347,1.5145150514890184e-11
80,79,0,local_loglinear,54,53,26,1.6314001178621689,1.7023027331583271,0.8451485010021023,0.2078956390883221,0.7536910446927102,0.2463089553072898,1.0507807120468569,1.260001272896753,0.8339521035808986,0.7871215045868678,0.6828798701665721,0.14206366751751587,0.7166226693854407,2.550219901872505,2.499228047859406,7.128704510915422e-11
80,79,0,local_loglinear,55,54,25,1.5916277117741195,1.6607326889366918,0.8310737385266166,0.2106860625976328,0.7451861682554871,0.2548138317445129,1.050505895827923,1.2662879426726843,0.8295948025933801,0.7839540107123245,0.6762583355686866,0.14777520257500443,0.7137214572569061,2.603059955664666,2.5170811264750124,9.84884948594866e-10
80,79,0,local_loglinear,56,55,24,1.5519391413926646,1.6192346098545558,0.8170105917430612,0.2136248079649885,0.736739335674127,0.26326066432587303,1.050216376690044,1.2727791052766277,0.8251364061022894,0.7807044596419743,0.6696011411566947,0.15351444206294543,0.7107201207748312,2.6580164081258917,2.535752406571162,1.1675531883774795e-11
80,79,0,local_loglinear,57,56,23,1.5123616560513964,1.577837331693418,0.8029686854479463,0.21672090470053992,0.7283564140752564,0.2716435859247436,1.049911906998833,1.2794828102147497,0.8205752344751037,0.7773681233976235,0.6629080752950836,0.1592776825153165,0.7076149596768918,2.715226518602475,2.555289084701637,1.1352029872861768e-9
80,79,0,local_loglinear,58,57,22,1.4729214314632868,1.536568535233162,0.7889572495626851,0.219984159802443,0.720043074567695,0.279956925432305,1.0495922213722226,1.2864074758459874,0.8159096095752812,0.7739402038572057,0.6561788803509501,0.16506117937236142,0.7044020716674524,2.7748384710836462,2.57574217297179,1.3488832917980827e-11
80,79,0,local_loglinear,59,58,21,1.4336437002569444,1.4954548843659428,0.7749851665817111,0.22342522601505713,0.711804817233268,0.28819518276673195,1.0492570352170223,1.2935618907435016,0.811137868798794,0.7704158276231853,0.6494132578474989,0.17086112996118136,0.7010773483089139,2.837012416889884,2.597166823332121,8.459580991430362e-10
80,79,0,local_loglinear,60,59,20,1.3945528737257114,1.454522155598066,0.7610610128688475,0.22705567957696707,0.7036470009995639,0.2963529990004361,1.0489060382296502,1.300955215848903,0.80625837496275,0.7667900385356218,0.6426108736645595,0.176673652235545,0.6976364726918871,2.9019216530076535,2.6196226755292233,1.1386679871283425e-9
80,79,0,local_loglinear,61,60,19,1.3556726527684768,1.4137953551275066,0.7471931006022742,0.23088810316952393,0.6955748607033562,0.30442513929664383,1.0485389070779985,1.3085969930974266,0.8012695372286657,0.7630577972748411,0.6357713632287998,0.18249477151927973,0.6940749153470498,2.969753886006098,2.6431742557491384,1.1570647646249435e-9
80,79,0,local_loglinear,62,61,18,1.3170261319666012,1.3732988290955632,0.733389516128628,0.2349361790567151,0.6875935270268407,0.31240647297315927,1.0481553023781853,1.3164971391429598,0.7961698291729937,0.7592139801340516,0.6288943369084039,0.18832040467082928,0.6903879314104261,3.040712647937658,2.6678914118666,1.0258819064797697e-9
80,79,0,local_loglinear,63,62,17,1.2786358957004624,1.3330563662320658,0.7196581511571292,0.23921479504896892,0.6797080527383133,0.32029194726168675,1.0477548603285136,1.3246659399731264,0.7909578020476389,0.7552533750593594,0.6219793855883919,0.1941463390052417,0.6865705607675622,3.1150189000482946,2.693849778658311,1.1275153963599162e-11
80,79,0,local_loglinear,64,63,16,1.240524103637779,1.2930912875594163,0.7060067388106778,0.24374015567710539,0.6719234180930529,0.3280765819069471,1.0473372162903174,1.3331140540517281,0.7856321168523801,0.7511706897752155,0.615026086351703,0.19996822552273052,0.6826176247993898,3.1929127326392504,2.72113132197365,1.032241464340319e-9
80,79,0,local_loglinear,65,64,15,1.2027125718696763,1.253426533198638,0.6924428804129737,0.24852991134218377,0.6642445530153344,0.33575544698466564,1.046901985968042,1.341852486451398,0.7801915609491705,0.7469605521055703,0.6080340086015645,0.20578155971033157,0.6785237284838582,3.2746553293692284,2.74982491014971,1.0954692137515382e-9
80,79,0,local_loglinear,66,65,14,1.1652228439597567,1.214084737828093,0.6789740717484353,0.2536032986723011,0.6566763487033651,0.3433236512966349,1.0464487770935709,1.3508925812390737,0.7746350758205667,0.7426175171961447,0.601002720393387,0.21158166950128593,0.6742832623837048,3.3605311131376676,2.7800269566987477,1.1786430117347416e-9
80,79,0,local_loglinear,67,66,13,1.128076254453337,1.1750882982040853,0.6656077276415613,0.25898129606432563,0.6492236676393671,0.3507763323606329,1.045977192760616,1.360245998662898,0.7689617861686756,0.7381360771629207,0.5939317951545668,0.21736370420513806,0.6698904059902958,3.450850131991576,2.811842133441242,1.2129118601698975e-11
80,79,0,local_loglinear,68,67,12,1.0912939848689671,1.1364594331189273,0.6523512019481998,0.2646867971816316,0.6418913547523263,0.3581086452476737,1.0454868302755083,1.3699246844202129,0.7631710284262707,0.7335106718208626,0.5868208188341091,0.22312262242835046,0.6653391342877214,3.545950728458225,2.8453841503740422,7.900102350412851e-11
80,79,0,local_loglinear,69,68,11,1.0548971110133905,1.0982202339362508,0.639211806420826,0.2707448017032504,0.634684242530338,0.36531575746966205,1.0449772896867966,1.3799408370303639,0.7572623852016659,0.728735704667146,0.5796693974811218,0.2288531845517715,0.6606232257971258,3.6462024912791384,2.8807766253357143,1.574118772606767e-10
80,79,0,local_loglinear,70,69,10,1.0189066425840756,1.060392707563075,0.6261968246397658,0.2771826291217953,0.6276071600469233,0.3723928399530767,1.0444481705783306,1.3903068611011393,0.7512357162296641,0.723805558818877,0.5724771653537051,0.23454994236045995,0.6557362748250618,3.7520095754837564,2.918154035475779,1.1360911615678236e-9
80,79,0,local_loglinear,71,70,9,0.9833435532701464,1.0229988093112155,0.6133135233879622,0.2840301548898258,0.6206649372116253,0.3793350627883747,1.0438990791786502,1.401035319840472,0.7450911939161627,0.7187146178559397,0.5652437935096255,0.24020723255146448,0.6506717065981044,3.8638143925576847,2.957662772978067,8.184315152880434e-10
80,79,0,local_loglinear,72,71,8,0.9482288017856632,0.9860604668635055,0.6005691585367656,0.29132007597524695,0.6138624146180373,0.38613758538196274,1.0433296238412368,1.412138874961984,0.7388293335308994,0.7134572859213091,0.5579689989515582,0.24581916615913513,0.6454227975312735,3.9821017769106746,2.9994623021617746,7.401933108755307e-12
80,79,0,local_loglinear,73,72,7,0.9135833419855585,0.949599592944564,0.5879709751704403,0.29908820605761005,0.6072044507523927,0.3927955492476073,1.0427394181635297,1.42363022714017,0.73245102434936,0.708028011743401,0.5506525542446405,0.2513796203210062,0.6399827007789939,4.107403646857082,3.0437264313699695,5.8028190012869684e-11
80,79,0,local_loglinear,74,73,6,0.87942812187974,0.9136380871994397,0.5755262002904781,0.3073738099834533,0.6006959387305965,0.39930406126940354,1.042128071567427,1.4355220503633834,0.725957550637154,0.7024213097693485,0.5432942976365194,0.2568822226596238,0.6343444785592919,4.240304304217813,3.0906447033694233,1.636023292106643e-10
80,79,0,local_loglinear,75,74,5,0.845784069430928,0.878197825726527,0.5632420212573614,0.3162199875511215,0.5943418397919665,0.40565816020803347,1.0414951666004213,1.447826934500094,0.7193505948692887,0.6966317740686173,0.5358941435329168,0.2623203218098044,0.6285011451670802,4.3814465244569725,3.140423886651949,3.6454224486740645e-10
80,79,0,local_loglinear,76,75,4,0.8126720618193948,0.8433006354596323,0.5511255442291974,0.3256741219946392,0.5881472448946767,0.41185275510532326,1.0408402195105944,1.4605573579335467,0.7126322111602762,0.6906540781491792,0.5284520930833907,0.26768693368225216,0.622445723697519,4.531538658163305,3.1932895527338583,7.448733947137674e-10
80,79,0,local_loglinear,77,76,3,0.7801128739495952,0.8089682508734642,0.5391837178400972,0.33578842310906354,0.5821174928680315,0.4178825071319685,1.0401625977787856,1.4737257177679486,0.7058047404873806,0.6844829437776578,0.5209682444884305,0.27297463781732173,0.6161713246064046,4.691363156616603,3.2494876725560604,1.4623780744830573e-9
80,79,0,local_loglinear,78,77,2,0.7481270984581254,0.7752222479486568,0.5274231973282035,0.34662061718139653,0.5762583924392951,0.4237416075607049,1.0394613642567185,1.4873444850887667,0.6988706212163633,0.6781130506183135,0.5134428022863362,0.27817538015364507,0.6096712592998516,4.861787219208015,3.3092860996079154,2.8122988201661897e-9
80,79,0,local_loglinear,79,78,1,0.7167350244115717,0.7420839474530632,0.5158501045859613,0.3582348799679179,0.5705766343086268,0.4294233656913732,1.0387349861723547,1.501426603800115,0.6918320106645997,0.6715388357012648,0.5058760843241592,0.28328010188815034,0.6029392125199388,5.043776825007317,3.3729756701700855,5.345768764170388e-9
80,79,0,local_loglinear,80,79,0,0.6859564530393287,0.7095742746041125,0.5044696046087748,0.3707031920960423,0.5650805484012402,0.4349194515987598,1.037980798134863,1.5159863531571436,0.6846900672774515,0.6647540916554326,0.49826852414537626,0.2882780484664659,0.5959695162667933,5.238416471949421,3.44087039063448,1.87690290077107e-7
85,84,0,local_loglinear,1,0,84,1.8901678313037162,1.9403612229421892,0.906495185575314,0.20859957981904168,0.8761960342164987,0.12380396578350128,,,,0.9967870194975489,0.9337836851161863,0.0652923148876943,0.7454800772873249,1.0599016809375605,2.331535287067304,1.4385464361577594e-11
85,84,0,local_loglinear,2,1,83,1.975646808183075,2.0298378997365614,0.9377968877670639,0.20320507284525097,0.8921365634962873,0.10786343650371266,1.0398130356575166,1.109641184299132,0.9370714158507734,0.9878698857804787,0.9336475050616719,0.056452031101244,0.7493925019821268,1.0775853119138288,2.310105976853435,8.704611592333116e-10
85,84,0,local_loglinear,3,2,82,2.0568655473342874,2.115032983101668,0.9675963367839989,0.19846672526247533,0.907154154410322,0.09284584558967801,1.0408510000703133,1.1098776538759065,0.9378069703768349,0.9792619875951668,0.9331339948481145,0.04825040634362443,0.7528321553153103,1.095752628014387,2.2915092581587935,1.510138936482579e-11
85,84,0,local_loglinear,4,3,81,2.1334270501436787,2.1955205927312305,0.9957507620826066,0.1943005459390854,0.9211689790313984,0.07883102096860162,1.0418324245073733,1.1102221713612235,0.9383999449677728,0.970986254084108,0.9322574166490485,0.04070333706688293,0.755845845984557,1.1143363102595618,2.275399485057946,6.804612867019944e-11
85,84,0,local_loglinear,5,4,80,2.2050203127968544,2.2709619270357666,1.022147274181834,0.19063514651171637,0.9341208230918643,0.06587917690813572,1.042758876924645,1.1106782356557465,0.938848753355645,0.9630567041350837,0.9310332686021787,0.033817281958049165,0.758475812843969,1.1332791342463269,2.261479328613506,1.102014068821173e-9
85,84,0,local_loglinear,6,5,79,2.2714163800182234,2.3411019551352608,1.0467017062869575,0.18740970361341763,0.9459677123597272,0.05403228764027279,1.0436320559352623,1.1112472351202805,0.939153793100147,0.9554799258220061,0.9294778538154913,0.027590773411079135,0.7607599601063894,1.1525333081461338,2.2494929484413464,1.8515267363542256e-11
85,84,0,local_loglinear,7,6,78,2.3324626695661284,2.40576425502939,1.0693568037167978,0.18457226465414503,0.9566842603179402,0.04331573968205982,1.0444537569305032,1.1119290875239092,0.939316876093544,0.9482564355401442,0.9276079161920683,0.02201582789785942,0.762732154125845,1.172059722776271,2.2392200828674595,9.008339591858506e-10
85,84,0,local_loglinear,8,7,77,2.3880761210335546,2.464844544843354,1.0900799484565769,0.18207834248871443,0.9662598707881517,0.033740129211848324,1.0452258313166438,1.1127227176081878,0.9393407852437583,0.9413818840049846,0.9254403390280612,0.017079218674762718,0.764422554182782,1.1918271803011482,2.2304709433821452,4.736811134280673e-10
85,84,0,local_loglinear,9,8,76,2.438235642771009,2.5183033796370458,1.108860599524741,0.1798897466341622,0.9746968711388009,0.02530312886119912,1.045950166587269,1.113626422254604,0.9392289422063816,0.9348481110430179,0.9229919003958746,0.012763608848296373,0.7658579509667104,1.2118116163555621,2.22308183979617,9.82698497464882e-10
85,84,0,local_loglinear,10,9,75,2.4829742625993108,2.566158428400635,1.1257075966836925,0.1779736103981056,0.9820086534230518,0.01799134657694823,1.0466286683639079,1.114638136468152,0.9389851595067982,0.9286440507850507,0.9202790789937363,0.009048541532943391,0.7670620980908742,1.2319953418364027,2.216911442536716,8.171120551540273e-10
85,84,0,local_loglinear,11,10,74,2.5223713072712655,2.6084766722567694,1.1406464410118238,0.17630158230116152,0.9882178947177187,0.011782105282281297,1.0472632347924655,1.1157556240179916,0.9386134492615189,0.92275648989854,0.9173179039241663,0.00591128470616345,0.7680560293319746,1.2523663369644416,2.211837585599746,1.4857210857681834e-11
85,84,0,local_loglinear,12,11,73,2.5565448494756944,2.645366776455414,1.1537166545553694,0.17484914902874643,0.9933548697436663,0.006645130256333731,1.0478557534575925,1.1169766209560903,0.9381178923518266,0.9171707047700384,0.9141238417978976,0.003327554040114075,0.768858351284202,1.2729175783194957,2.2077545575825566,1.1040160197100243e-9
85,84,0,local_loglinear,13,12,72,2.5856446089826073,2.676971845938852,1.1649692755951357,0.17359507216184408,0.9974559166249307,0.0025440833750692837,1.048408076071815,1.1182989263232292,0.9375025329933894,0.9118709764315017,0.9107117155368505,0.0012721080432639004,0.7694855139240172,1.293646441890437,2.2045707855968826,1.957956940282605e-11
85,84,0,local_loglinear,14,13,71,2.6098454157663498,2.703462687754256,1.1744645411323025,0.17252091593796404,1.0005620479655717,0.0005620479655716881,1.048922011306951,1.1197204733933073,0.9367713069746757,0.906841008794521,0.9070956491661575,0.0002807599396502103,0.7699520546989983,1.3145541604313906,2.2022068705566933,6.193810256415276e-11
85,84,0,local_loglinear,15,14,70,2.629341305855575,2.725031667817535,1.1822697874690613,0.17161064973602672,1.0027177108347736,0.002717710834773568,1.0493993215810349,1.1212393751783623,0.9359279961195625,0.9020642655424191,0.9032890339496686,0.0013568187406748228,0.7702708160277864,1.3356453309892908,2.2005939247571367,1.026515574623986e-9
85,84,0,local_loglinear,16,15,69,2.644340284362755,2.741887214298123,1.1884575760909968,0.1708503152227788,1.0039697136437091,0.003969713643709127,1.0498417084178964,1.12285394742309,0.9349761924311223,0.8975242304773982,0.8993045118863858,0.001981582272769636,0.7704531403174638,1.356927491946181,2.199672152668884,7.950726364087276e-10
85,84,0,local_loglinear,17,16,68,2.6550597499283173,2.7542489736997076,1.193104047597907,0.17022774649606104,1.0043663067615396,0.004366306761539596,1.0502508042481102,1.124562726225206,0.9339192734703764,0.8932046064765542,0.895153972838201,0.0021800629429163942,0.7705090432221112,1.378410759540518,2.199389641843424,1.4209353474072677e-11
85,84,0,local_loglinear,18,17,67,2.661722555700096,2.7623436023101253,1.1962875063976661,0.16973233127260348,1.003956387955221,0.003956387955220908,1.050628180021099,1.1263644801498145,0.9327603973106094,0.8890894721468103,0.8908485622453577,0.0019765751810077725,0.7704473638812729,1.4001074959953042,2.199701347559969,1.049328978890423e-9
85,84,0,local_loglinear,19,18,66,2.6645536794648517,2.766401178973804,1.1980872119169879,0.16935481150790974,1.002788858085505,0.002788858085505108,1.0509753282152554,1.1282582047793117,0.9315024909753057,0.8851633889914383,0.8863986972229212,0.0013945979554524507,0.7702758997085627,1.422032048682287,2.2005682154749175,7.649084206865124e-10
85,84,0,local_loglinear,20,19,65,2.663777445037193,2.7666521830889885,1.198582368218447,0.1690871134204569,1.0009120866130192,0.0009120866130192251,1.0512936662669305,1.1302431264125454,0.9301482501413613,0.8814114789490859,0.8818140886136578,0.00045667403986834887,0.7700015236259673,1.4442005242610987,2.2019564394697015,1.047951502761669e-9
85,84,0,local_loglinear,21,20,64,2.659615246640195,2.7633249945844267,1.1978512935215324,0.16892220301842378,0.9983734814307783,0.001626518569221691,1.0515845362735723,1.1323186988020797,0.9287001419177137,0.8778194755443719,0.877103767438175,0.0008156574924159388,0.7696302864499942,1.4666306018186606,2.2038368306738323,1.0902539900675643e-9
85,84,0,local_loglinear,22,21,63,2.652283722104379,2.7566438631784362,1.195970753215495,0.16885396191588453,0.9952191435607408,0.004780856439259185,1.0518492100255692,1.134484597488567,0.9271604148298448,0.8743737570248927,0.8722761143712745,0.0024019051516135093,0.7691675054062447,1.489341371824599,2.206184284805382,7.592414284667339e-10
85,84,0,local_loglinear,23,22,62,2.6419933257887647,2.7468273035299453,1.1930154257648782,0.16887708520628725,0.9914936266526031,0.0085063733473969,1.0520888720754458,1.1367407086517483,0.9255310943542214,0.8710613519556273,0.867338891258346,0.004282634452300066,0.7686178448683191,1.5123532399290702,2.208977310830729,1.3170892727522658e-11
85,84,0,local_loglinear,24,23,61,2.6289472351793273,2.734086841819037,1.1890575027794235,0.16898698971775178,0.9872397319994688,0.012760268000531205,1.0523046442990145,1.1390871345151017,0.9238140019437322,0.8678699460454498,0.8622992733673052,0.006439476399746652,0.7679853823061236,1.5356878171894068,2.2121976518161057,9.814481339123318e-10
85,84,0,local_loglinear,25,24,60,2.6133405607455122,2.7186260914390945,1.1841663878682869,0.16917973917672405,0.9824983876597321,0.017501612340267925,1.0524975692732752,1.1415241769464215,0.9220107559076912,0.8647878677825797,0.8571638822394128,0.008855109164674496,0.7672736692618678,1.5593678698672764,2.215829944605707,1.1527821532430709e-9
85,84,0,local_loglinear,26,25,59,2.595359800751789,2.7006400928610983,1.1784084881026573,0.16945197910510915,0.9773085660605164,0.022691433939483585,1.052668619246076,1.1440523384582986,0.9201227809775123,0.8618040708453701,0.8519388181651719,0.011513234239403647,0.766485783306228,1.5834172802192605,2.2198614360741296,1.1267632884180743e-9
85,84,0,local_loglinear,27,26,58,2.5751825058919025,2.680314882902008,1.1718470810125532,0.16980088171277719,0.9717072446039202,0.028292755396079783,1.0528186966291293,1.1466723177972258,0.9181513151478264,0.8589081097541544,0.8466296920460488,0.014398543172180228,0.7656243735741461,1.6078610325862688,2.224281740661781,1.0913031887169187e-9
85,84,0,local_loglinear,28,27,57,2.552977116038422,2.657827251729451,1.1645422498254856,0.17022409679670725,0.9657293860451173,0.034270613954882734,1.0529486460223632,1.1493850076181062,0.9160974251825417,0.8560901173336352,0.8412416562922294,0.017496685175824422,0.7646916986101528,1.6327251992021723,2.2290826441814007,1.850956735324117e-11
85,84,0,local_loglinear,29,28,56,2.5289029449778373,2.633344667598498,1.156550860805446,0.17071971426411808,0.9594079737073403,0.04059202629265968,1.0530592360120603,1.1521914838105003,0.9139620026780686,0.8533407671303976,0.8357794347539136,0.020794216000525667,0.7636896632726744,1.6580369852470254,2.234257918067087,2.6091721954306976e-10
85,84,0,local_loglinear,30,29,55,2.503110270312838,2.607025316141709,1.1479265916657282,0.171286228230682,0.952774037883042,0.047225962116957954,1.0531511834679321,1.1550930154431471,0.9117457809784215,0.8506512470202767,0.8302473510688615,0.02427855935925366,0.7626198468049646,1.683824747499209,2.2398031837081316,1.5667372238132135e-11
85,84,0,local_loglinear,31,30,54,2.4757405200005054,2.5790182508166026,1.1387199890963489,0.1719225090424728,0.9458567154146738,0.054143284585326246,1.0532251440702989,1.1580910552248744,0.9094493384769188,0.8480132246325895,0.8246493558161265,0.027937958022384635,0.7614835293264015,1.7101180525555622,2.245715789025968,8.077301435300291e-10
85,84,0,local_loglinear,32,31,53,2.446926526882852,2.5494636212875017,1.1289785516429445,0.17262777975143526,0.9386833190015053,0.061316680998494744,1.053281716183894,1.161187241602302,0.9070731045326412,0.8454188135101438,0.818989052146897,0.03176142543797397,0.7602817148079384,1.736947746807421,2.2519947067337407,1.2927948504170405e-11
85,84,0,local_loglinear,33,32,52,2.416792834701483,2.5184929610445095,1.1187468357779,0.1734015956383472,0.9312794085879144,0.06872059141208564,1.0533214491126217,1.1643834013485013,0.9046173690665326,0.8428605424770906,0.8132697199130725,0.03573870093906667,0.759015149647452,1.7643460293324853,2.2586404586918807,1.1083871163768055e-9
85,84,0,local_loglinear,34,33,51,2.385456044971676,2.486229524555968,1.108066572944624,0.17424382891656845,0.9236688777511972,0.07633112224880279,1.0533448384675268,1.1676815466102888,0.9020822856414279,0.8403313216438928,0.8074943384108488,0.039860200782212835,0.7576843401558826,1.7923465526228266,2.265655048981789,1.7648640840514633e-11
85,84,0,local_loglinear,35,34,50,2.3530251881838717,2.452788654509782,1.0969767967548385,0.1751546566733973,0.9158740421782269,0.08412595782177312,1.0533523297517338,1.1710838799871854,0.8994678756599912,0.8378244098857163,0.8016656076226221,0.04411697096601286,0.756289567379685,1.8209845352031793,2.2730419137912725,9.508856799904889e-10
85,84,0,local_loglinear,36,35,49,2.3196021100899595,2.418278168091386,1.0855139794848259,0.17613455061518205,0.9079157228149402,0.09208427718505985,1.0533443264362155,1.1745927993140894,0.8967740369695116,0.8353333865754985,0.7957859680261445,0.048500645226301126,0.7548308986372712,1.8502968752506732,2.2808058915545946,1.2730004480463896e-9
85,84,0,local_loglinear,37,36,48,2.2852818685254896,2.3827987581973735,1.0737121722182061,0.1771842698856722,0.8998133319058969,0.10018666809410315,1.0533211905253694,1.1782108948223586,0.8940005521542737,0.832852123460114,0.789857619141275,0.05300340326800318,0.7533081974679497,1.8803222809442786,2.28895320462245,7.76892927321203e-10
85,84,0,local_loglinear,38,37,47,2.250153133619715,2.3464444030787095,1.0616031399025796,0.17830485915956618,0.8915849723944883,0.1084150276055117,1.0532832328214372,1.1819409607727465,0.8911470773741579,0.830374751277201,0.7838825368372391,0.05761792279192082,0.751721134389844,1.911101441919073,2.297491439727533,9.455903068259882e-10
85,84,0,local_loglinear,39,38,46,2.214298579061432,2.3093027667180537,1.0492165023414268,0.17949764595141357,0.8832475163890823,0.11675248361091772,1.0532307304289243,1.1857859940239068,0.888213164716879,0.8278956362428158,0.777862489239763,0.06233734374885505,0.7500691928841133,1.942677181681145,2.3064295573038778,7.634772419352635e-10
85,84,0,local_loglinear,40,39,45,2.1777952695506997,2.2714555978377566,1.0365798726825972,0.18076424065066987,0.8748166848732291,0.12518331512677094,1.0531639259228844,1.1897492041400277,0.8851982604889662,0.8254093563550243,0.7717990516148592,0.06715523248834757,0.7483516746491506,1.9750946302941632,2.315777908636622,1.1697807383657795e-11
85,84,0,local_loglinear,41,40,44,2.14071504004441,2.232979124000511,1.0237189866344611,0.18210654182863684,0.8663071399623095,0.13369286003769054,1.0530830160893425,1.1938340128265539,0.8821017032309496,0.822910671805751,0.7656936202447922,0.07206553890145026,0.7465677061660597,2.0084014451161485,2.3255482499372118,5.293022632550788e-11
85,84,0,local_loglinear,42,41,43,2.1031248571648287,2.1939444260601815,1.0106578339055992,0.1835267402503687,0.8577325541666295,0.14226744583337048,1.0529881697717882,1.198044069558471,0.8789227345867653,0.8203945056427151,0.7595474251212644,0.07706256636464859,0.7447162409301009,2.0426480117581223,2.335753784428774,2.1176711455447926e-10
85,84,0,local_loglinear,43,42,42,2.065087170288674,2.1544178044444924,0.9974187811830777,0.1850273272286666,0.8491056880282747,0.15089431197172531,1.0528795194198668,1.2023832518270527,0.87566049994458,0.8178559202495401,0.7533615418404571,0.08214093665647865,0.742796062665443,2.0778876877033947,2.3464092041759494,1.628522802352202e-11
85,84,0,local_loglinear,44,43,41,2.0266602458718865,2.11446112847811,0.98402269104109,0.18661110487852756,0.8404384615456467,0.15956153845435328,1.0527571648312937,1.2068556753832707,0.8723140523799263,0.8152900961258523,0.7471369025826622,0.08729555787648746,0.7408057869435275,2.1141770631586243,2.3575307462429143,1.0486480462401257e-9
85,84,0,local_loglinear,45,44,40,1.9878984857223065,2.074132169344598,0.9704890352667136,0.18828119801134371,0.8317420187038487,0.16825798129615133,1.0526211763404967,1.211465702198988,0.8688823583117827,0.8126923133242132,0.7408743062853536,0.09252159575605237,0.7387438619640502,2.1515762382965655,2.369136259764788,8.004606448951363e-10
85,84,0,local_loglinear,46,45,39,1.9488527300944285,2.0334849187226225,0.9568360005983709,0.19004107039955792,0.8230267975072133,0.1769732024927867,1.0524715886762548,1.216217947696063,0.8653642964815637,0.8100579295724578,0.7345744281273507,0.09781444092823682,0.7366085695303437,2.1901491476803967,2.3812452788446827,1.1470490484383157e-11
85,84,0,local_loglinear,47,46,38,1.9095705418305435,1.9925698862298822,0.9430805934006711,0.1918945402225089,0.8143025803267095,0.18569741967329045,1.0523084154807534,1.2211172946435802,0.8617586697827428,0.8073823670920033,0.7282378282429081,0.10316968706434543,0.7343980230276544,2.2299638763344785,2.3938791201647684,8.12733488383295e-10
85,84,0,local_loglinear,48,47,37,1.8700964784735123,1.9514343864906623,0.9292387339165624,0.19384580156589432,0.8055785575005648,0.19442144249943516,1.0521316357326735,1.2261688944735345,0.8580642034508751,0.8046610924460111,0.721864959981815,0.1085831002360513,0.7321101673828496,2.2710930456547636,2.4070609782155246,1.1080465205101401e-11
85,84,0,local_loglinear,49,48,36,1.8304723458349386,1.9101228062100861,0.9153253462728677,0.19589944742839324,0.7968633801822648,0.20313661981773523,1.0519412005104254,1.231378182736111,0.8542795505545029,0.8018896007385363,0.7154561775115682,0.11405059369420054,0.7297427774499016,2.3136142186793967,2.42081603914283,5.2885771867587344e-11
85,84,0,local_loglinear,50,49,35,1.7907374363060322,1.8686768550098638,0.9013544453030198,0.19806049489071934,0.7881652063424683,0.21183479365753166,1.051737037514424,1.2367508895730346,0.8504032997926662,0.7990634025375554,0.7090117429340617,0.11956820591401665,0.7272934549737711,2.3576103340894683,2.4351716138525434,7.459086534046973e-10
85,84,0,local_loglinear,51,50,34,1.7509287541307545,1.827135803334116,0.8873392159901983,0.20033441463071125,0.7794917489308116,0.22050825106918837,1.051519046522772,1.242293045857409,0.8464339795100695,0.7961780091699133,0.7025318330294603,0.12513207635125678,0.7247596262934094,2.403170195647782,2.4501572792451234,1.2232498289513033e-9
85,84,0,local_loglinear,52,51,33,1.711081225946589,1.7855367048790356,0.8732920886856219,0.2027271639878105,0.7708503206420843,0.22914967935791575,1.0512871008467277,1.248010994945739,0.8423700633281965,0.7932289190657781,0.6960165455989251,0.13073842224836826,0.7221385392191497,2.450389008739788,2.4658050380679533,1.2213696885391214e-9
85,84,0,local_loglinear,53,52,32,1.6712278977226402,1.743914604960021,0.8592248077113268,0.205245224209317,0.7622478768287752,0.23775212317122485,1.0510410460043862,1.2539114031177605,0.8382099751155052,0.7902116044541272,0.689465905465138,0.13638351552470168,0.7194272603296057,2.49936897326238,2.4821494917243347,1.5145150514890184e-11
85,84,0,local_loglinear,54,53,31,1.6314001178621689,1.7023027331583271,0.8451485010021023,0.2078956390883221,0.7536910446927102,0.2463089553072898,1.0507807120468569,1.260001272896753,0.8339521035808986,0.7871215045868678,0.6828798701665721,0.14206366751751587,0.7166226693854407,2.550219901872505,2.499228047859406,7.128704510915422e-11
85,84,0,local_loglinear,55,54,30,1.5916277117741195,1.6607326889366918,0.8310737385266166,0.2106860625976328,0.7451861682554871,0.2548138317445129,1.050505895827923,1.2662879426726843,0.8295948025933801,0.7839540107123245,0.6762583355686866,0.14777520257500443,0.7137214572569061,2.603059955664666,2.5170811264750124,9.84884948594866e-10
85,84,0,local_loglinear,56,55,29,1.5519391413926646,1.6192346098545558,0.8170105917430612,0.2136248079649885,0.736739335674127,0.26326066432587303,1.050216376690044,1.2727791052766277,0.8251364061022894,0.7807044596419743,0.6696011411566947,0.15351444206294543,0.7107201207748312,2.6580164081258917,2.535752406571162,1.1675531883774795e-11
85,84,0,local_loglinear,57,56,28,1.5123616560513964,1.577837331693418,0.8029686854479463,0.21672090470053992,0.7283564140752564,0.2716435859247436,1.049911906998833,1.2794828102147497,0.8205752344751037,0.7773681233976235,0.6629080752950836,0.1592776825153165,0.7076149596768918,2.715226518602475,2.555289084701637,1.1352029872861768e-9
85,84,0,local_loglinear,58,57,27,1.4729214314632868,1.536568535233162,0.7889572495626851,0.219984159802443,0.720043074567695,0.279956925432305,1.0495922213722226,1.2864074758459874,0.8159096095752812,0.7739402038572057,0.6561788803509501,0.16506117937236142,0.7044020716674524,2.7748384710836462,2.57574217297179,1.3488832917980827e-11
85,84,0,local_loglinear,59,58,26,1.4336437002569444,1.4954548843659428,0.7749851665817111,0.22342522601505713,0.711804817233268,0.28819518276673195,1.0492570352170223,1.2935618907435016,0.811137868798794,0.7704158276231853,0.6494132578474989,0.17086112996118136,0.7010773483089139,2.837012416889884,2.597166823332121,8.459580991430362e-10
85,84,0,local_loglinear,60,59,25,1.3945528737257114,1.454522155598066,0.7610610128688475,0.22705567957696707,0.7036470009995639,0.2963529990004361,1.0489060382296502,1.300955215848903,0.80625837496275,0.7667900385356218,0.6426108736645595,0.176673652235545,0.6976364726918871,2.9019216530076535,2.6196226755292233,1.1386679871283425e-9
85,84,0,local_loglinear,61,60,24,1.3556726527684768,1.4137953551275066,0.7471931006022742,0.23088810316952393,0.6955748607033562,0.30442513929664383,1.0485389070779985,1.3085969930974266,0.8012695372286657,0.7630577972748411,0.6357713632287998,0.18249477151927973,0.6940749153470498,2.969753886006098,2.6431742557491384,1.1570647646249435e-9
85,84,0,local_loglinear,62,61,23,1.3170261319666012,1.3732988290955632,0.733389516128628,0.2349361790567151,0.6875935270268407,0.31240647297315927,1.0481553023781853,1.3164971391429598,0.7961698291729937,0.7592139801340516,0.6288943369084039,0.18832040467082928,0.6903879314104261,3.040712647937658,2.6678914118666,9.611283268722297e-10
85,84,0,local_loglinear,63,62,22,1.278635895670104,1.33305636601233,0.719658152078926,0.2392147943230393,0.679708050659509,0.320291949340491,1.0477548627291193,1.3246659399731264,0.7909578038598737,0.7552533761986964,0.6219793855883919,0.19414634051379098,0.686570560302299,3.115018891140168,2.69384978184518,1.3401464984904598e-9
85,84,0,local_loglinear,64,63,21,1.2405241041830106,1.2930912879167629,0.7060067401607641,0.24374015471961352,0.6719234157488377,0.32807658425116226,1.0473372166533101,1.3331140511979314,0.7856321188064718,0.7511706911054509,0.6150260863831449,0.19996822724249047,0.6826176242764356,3.19291272170133,2.721131325610234,9.231393907864553e-10
85,84,0,local_loglinear,65,64,20,1.2027125730290291,1.2534265340363095,0.6924428828498201,0.24852990951037157,0.6642445487597571,0.33575545124024286,1.0469019882193356,1.3418524828715075,0.7801915647083721,0.7469605545465648,0.608034008668964,0.2057815628673863,0.6785237275806145,3.2746553085814463,2.749824916530407,9.67935113468322e-12
85,84,0,local_loglinear,66,65,19,1.165222846198496,1.2140847395802588,0.6789740758438514,0.2536032955734159,0.6566763419408312,0.34332365805916876,1.0464487801874678,1.3508925746666132,0.7746350818796387,0.7426175211271399,0.601002720525879,0.2115816745742662,0.6742832609375108,3.3605310783784934,2.780026967083728,8.052319972556596e-10
85,84,0,local_loglinear,67,66,18,1.1280762583471702,1.1750883012316309,0.6656077349088156,0.25898129028188765,0.6492236553846982,0.3507763446153018,1.0459771994940057,1.3602459877450335,0.7689617972907892,0.7381360843181487,0.5939317953903447,0.2173637135018036,0.6698904033761336,3.450850066604337,2.811842152536458,1.2575009813858018e-9
85,84,0,local_loglinear,68,67,17,1.0912939916525703,1.136459438200689,0.6523512157656103,0.2646867856168139,0.6418913306965799,0.3581086693034201,1.0454868449564867,1.3699246643655212,0.7631710503151664,0.7335106858848671,0.586820819255599,0.2231226408836416,0.6653391290747522,3.545950595753837,2.845384189135684,1.258648286492104e-11
85,84,0,local_loglinear,69,68,16,1.0548971233414528,1.0982202431559187,0.6392118319782755,0.2707447795153996,0.6346841979344687,0.36531580206553127,1.0449773156899707,1.3799407971843882,0.7572624259114069,0.72873573086242,0.5796693982634658,0.22885321914832535,0.6606232159920817,3.6462022352332832,2.8807766996067636,8.396577429287529e-11
85,84,0,local_loglinear,70,69,15,1.0189066648986662,1.0603927242062978,0.6261968717927261,0.27718258658464934,0.6276070774776685,0.37239292252233147,1.0444482193053088,1.3903067854824038,0.7512357921369921,0.7238056075273959,0.5724771667994797,0.23455000713001944,0.6557362564226085,3.7520090818404426,2.918154177592011,1.0807618706877181e-9
85,84,0,local_loglinear,71,70,14,0.9833435935284425,1.022998839235815,0.6133136101932782,0.28403007341349734,0.6206647845790574,0.3793352154209426,1.0438991703079663,1.4010351765839868,0.745091335146351,0.7187147082470854,0.5652437961727772,0.240207353607732,0.6506716721293625,3.863813441782731,2.957663044593263,1.2211531613431352e-9
85,84,0,local_loglinear,72,71,13,0.9482288741985272,0.9860605204318549,0.6005693181731399,0.2913199197493116,0.6138621323011,0.3861378676989,1.0433297946835234,1.412138604047462,0.7388295962543185,0.7134574536871707,0.5579690038435521,0.2458193925365335,0.6454227330045383,3.9820999436151894,2.9994628214523984,1.0991234544887913e-11
85,84,0,local_loglinear,73,72,12,0.9135834719869957,0.9495996886669623,0.587971268084143,0.2990879069491232,0.6072039299108966,0.39279607008910344,1.0427397365692306,1.4236297148472064,0.732451511579431,0.7080283222106473,0.550652563216848,0.25138004252284846,0.6399825803110205,4.107400118111066,3.0437274223975814,8.253031197076065e-11
85,84,0,local_loglinear,74,73,11,0.879428354633097,0.9136382576498165,0.5755267369297982,0.30737323755133283,0.6006949790178149,0.3993050209821851,1.042128665068605,1.4355210839290846,0.7259584528123076,0.7024218833648054,0.5432943140540343,0.25688300903829403,0.6343442539698058,4.240297515530435,3.0906465938353955,1.6554754696409408e-10
85,84,0,local_loglinear,75,74,10,0.8457844850845625,0.8781981282406628,0.5632430030016596,0.3162188924906263,0.5943400736871001,0.40565992631289993,1.0414962712661016,1.4478251136807179,0.7193522625245592,0.6966328319522818,0.5358941735095171,0.26232178444046844,0.6285007270475099,4.381433471215543,3.140427491516062,1.2040470988451007e-9
85,84,0,local_loglinear,76,75,9,0.8126728022468453,0.8433011705419177,0.5511273380217129,0.3256720274022379,0.5881439980497513,0.41185600195024874,1.0408422738634622,1.4605539318580314,0.7126352893654282,0.690656026319017,0.5284521477024993,0.2676896510821332,0.6224449462082828,4.53151356510176,3.1932964259208183,8.599819151495066e-10
85,84,0,local_loglinear,77,76,8,0.780114189809789,0.8089691944545361,0.5391869906670971,0.33578441921813557,0.5821115336646808,0.4178884663353192,1.0401664092232081,1.4737192781204362,0.7058104108876311,0.6844865237881885,0.520968343812714,0.2729796773910932,0.6161698811064225,4.691314957880624,3.2495007717947977,6.623670833417695e-12
85,84,0,local_loglinear,78,77,7,0.7481294310188109,0.7752239063239668,0.527429159219007,0.34661296804202446,0.5762474723667135,0.4237525276332865,1.039468423227933,1.4873323996156564,0.6988810460234333,0.6781196154192859,0.5134429825110409,0.27818471007769746,0.6096685839018009,4.861694707235483,3.309311051182409,6.051223515113918e-11
85,84,0,local_loglinear,79,78,6,0.7167391482951464,0.7420868515774979,0.5158609481948936,0.35822027416139746,0.570556653787764,0.429443346212236,1.0387480387299615,1.5014039588585313,0.6918511387965753,0.6715508487947116,0.5058764105889666,0.2832973456818282,0.6029342621862268,5.043599372787703,3.373023177923977,1.7109398915771858e-10
85,84,0,local_loglinear,80,79,5,0.6859637244357039,0.7095793413314252,0.5044892960754515,0.3706753171658084,0.5650440469320972,0.4349559530679028,1.0380048892265927,1.5159439887891475,0.6847250933431214,0.6647760271349049,0.49826911339729707,0.2883098632092272,0.5959603725793943,5.238076316648935,3.440960805121139,3.7946410582628373e-10
85,84,0,local_loglinear,81,80,4,0.6558232001739217,0.6777223595052254,0.49332085752740423,0.3840542834866815,0.5597149094149735,0.4402850905850265,1.0372383990371672,1.5309619528201417,0.6775076265785049,0.657791164787429,0.4906217264780681,0.29321408583971487,0.5887407438851037,5.446287362996888,3.5134776799897884,7.698824920375783e-10
85,84,0,local_loglinear,82,81,3,0.6263371403252213,0.6465364465000935,0.4823618061749996,0.39844163038188063,0.554575091910902,0.44542490808909796,1.036447554290605,1.5464670012479824,0.670203472466081,0.65059235969655,0.4829350454073661,0.29800110744655595,0.581269748678933,5.669526031580753,3.5909597724023836,1.4986479946155695e-9
85,84,0,local_loglinear,83,82,2,0.5975244548156293,0.6160415522421777,0.47161749920505913,0.4139315471605639,0.5496316045513464,0.4503683954486536,1.0356304826347025,1.562468607805739,0.6628168255419196,0.6431755156787795,0.47521003215384483,0.3026607714599535,0.5735425558313405,5.9092405065237426,3.6738267200587154,2.8545738093911266e-9
85,84,0,local_loglinear,84,83,1,0.5694031515513901,0.586256847181118,0.4610918994718001,0.4306301145000821,0.5448936541095171,0.45510634589048293,1.034783687934293,1.5789779135107733,0.6553503244598948,0.6355357961393047,0.4674478150949405,0.3071806995309281,0.5655555223689936,6.167066317051578,3.762531694811244,5.369707456836144e-9
85,84,0,local_loglinear,85,84,0,0.5419899821385462,0.5572004729313648,0.4507865704670461,0.44865872711965626,0.5403745233286341,0.4596254766713659,1.0339006666934705,1.5960103727488684,0.6478032250584591,0.6276666021132352,0.4596496778427642,0.31154450770793296,0.5573068292114631,6.444876123822613,3.8575579649909773,1.84154590261977e-7
90,89,0,local_loglinear,1,0,89,1.8901678313037162,1.9403612229421892,0.906495185575314,0.20859957981904168,0.8761960342164987,0.12380396578350128,,,,0.9967870194975489,0.9337836851161863,0.0652923148876943,0.7454800772873249,1.0599016809375605,2.331535287067304,1.4385464361577594e-11
90,89,0,local_loglinear,2,1,88,1.975646808183075,2.0298378997365614,0.9377968877670639,0.20320507284525097,0.8921365634962873,0.10786343650371266,1.0398130356575166,1.109641184299132,0.9370714158507734,0.9878698857804787,0.9336475050616719,0.056452031101244,0.7493925019821268,1.0775853119138288,2.310105976853435,8.704611592333116e-10
90,89,0,local_loglinear,3,2,87,2.0568655473342874,2.115032983101668,0.9675963367839989,0.19846672526247533,0.907154154410322,0.09284584558967801,1.0408510000703133,1.1098776538759065,0.9378069703768349,0.9792619875951668,0.9331339948481145,0.04825040634362443,0.7528321553153103,1.095752628014387,2.2915092581587935,1.510138936482579e-11
90,89,0,local_loglinear,4,3,86,2.1334270501436787,2.1955205927312305,0.9957507620826066,0.1943005459390854,0.9211689790313984,0.07883102096860162,1.0418324245073733,1.1102221713612235,0.9383999449677728,0.970986254084108,0.9322574166490485,0.04070333706688293,0.755845845984557,1.1143363102595618,2.275399485057946,6.804612867019944e-11
90,89,0,local_loglinear,5,4,85,2.2050203127968544,2.2709619270357666,1.022147274181834,0.19063514651171637,0.9341208230918643,0.06587917690813572,1.042758876924645,1.1106782356557465,0.938848753355645,0.9630567041350837,0.9310332686021787,0.033817281958049165,0.758475812843969,1.1332791342463269,2.261479328613506,1.102014068821173e-9
90,89,0,local_loglinear,6,5,84,2.2714163800182234,2.3411019551352608,1.0467017062869575,0.18740970361341763,0.9459677123597272,0.05403228764027279,1.0436320559352623,1.1112472351202805,0.939153793100147,0.9554799258220061,0.9294778538154913,0.027590773411079135,0.7607599601063894,1.1525333081461338,2.2494929484413464,1.8515267363542256e-11
90,89,0,local_loglinear,7,6,83,2.3324626695661284,2.40576425502939,1.0693568037167978,0.18457226465414503,0.9566842603179402,0.04331573968205982,1.0444537569305032,1.1119290875239092,0.939316876093544,0.9482564355401442,0.9276079161920683,0.02201582789785942,0.762732154125845,1.172059722776271,2.2392200828674595,9.008339591858506e-10
90,89,0,local_loglinear,8,7,82,2.3880761210335546,2.464844544843354,1.0900799484565769,0.18207834248871443,0.9662598707881517,0.033740129211848324,1.0452258313166438,1.1127227176081878,0.9393407852437583,0.9413818840049846,0.9254403390280612,0.017079218674762718,0.764422554182782,1.1918271803011482,2.2304709433821452,4.736811134280673e-10
90,89,0,local_loglinear,9,8,81,2.438235642771009,2.5183033796370458,1.108860599524741,0.1798897466341622,0.9746968711388009,0.02530312886119912,1.045950166587269,1.113626422254604,0.9392289422063816,0.9348481110430179,0.9229919003958746,0.012763608848296373,0.7658579509667104,1.2118116163555621,2.22308183979617,9.82698497464882e-10
90,89,0,local_loglinear,10,9,80,2.4829742625993108,2.566158428400635,1.1257075966836925,0.1779736103981056,0.9820086534230518,0.01799134657694823,1.0466286683639079,1.114638136468152,0.9389851595067982,0.9286440507850507,0.9202790789937363,0.009048541532943391,0.7670620980908742,1.2319953418364027,2.216911442536716,8.171120551540273e-10
90,89,0,local_loglinear,11,10,79,2.5223713072712655,2.6084766722567694,1.1406464410118238,0.17630158230116152,0.9882178947177187,0.011782105282281297,1.0472632347924655,1.1157556240179916,0.9386134492615189,0.92275648989854,0.9173179039241663,0.00591128470616345,0.7680560293319746,1.2523663369644416,2.211837585599746,1.4857210857681834e-11
90,89,0,local_loglinear,12,11,78,2.5565448494756944,2.645366776455414,1.1537166545553694,0.17484914902874643,0.9933548697436663,0.006645130256333731,1.0478557534575925,1.1169766209560903,0.9381178923518266,0.9171707047700384,0.9141238417978976,0.003327554040114075,0.768858351284202,1.2729175783194957,2.2077545575825566,1.1040160197100243e-9
90,89,0,local_loglinear,13,12,77,2.5856446089826073,2.676971845938852,1.1649692755951357,0.17359507216184408,0.9974559166249307,0.0025440833750692837,1.048408076071815,1.1182989263232292,0.9375025329933894,0.9118709764315017,0.9107117155368505,0.0012721080432639004,0.7694855139240172,1.293646441890437,2.2045707855968826,1.957956940282605e-11
90,89,0,local_loglinear,14,13,76,2.6098454157663498,2.703462687754256,1.1744645411323025,0.17252091593796404,1.0005620479655717,0.0005620479655716881,1.048922011306951,1.1197204733933073,0.9367713069746757,0.906841008794521,0.9070956491661575,0.0002807599396502103,0.7699520546989983,1.3145541604313906,2.2022068705566933,6.193810256415276e-11
90,89,0,local_loglinear,15,14,75,2.629341305855575,2.725031667817535,1.1822697874690613,0.17161064973602672,1.0027177108347736,0.002717710834773568,1.0493993215810349,1.1212393751783623,0.9359279961195625,0.9020642655424191,0.9032890339496686,0.0013568187406748228,0.7702708160277864,1.3356453309892908,2.2005939247571367,1.026515574623986e-9
90,89,0,local_loglinear,16,15,74,2.644340284362755,2.741887214298123,1.1884575760909968,0.1708503152227788,1.0039697136437091,0.003969713643709127,1.0498417084178964,1.12285394742309,0.9349761924311223,0.8975242304773982,0.8993045118863858,0.001981582272769636,0.7704531403174638,1.356927491946181,2.199672152668884,7.950726364087276e-10
90,89,0,local_loglinear,17,16,73,2.6550597499283173,2.7542489736997076,1.193104047597907,0.17022774649606104,1.0043663067615396,0.004366306761539596,1.0502508042481102,1.124562726225206,0.9339192734703764,0.8932046064765542,0.895153972838201,0.0021800629429163942,0.7705090432221112,1.378410759540518,2.199389641843424,1.4209353474072677e-11
90,89,0,local_loglinear,18,17,72,2.661722555700096,2.7623436023101253,1.1962875063976661,0.16973233127260348,1.003956387955221,0.003956387955220908,1.050628180021099,1.1263644801498145,0.9327603973106094,0.8890894721468103,0.8908485622453577,0.0019765751810077725,0.7704473638812729,1.4001074959953042,2.199701347559969,1.049328978890423e-9
90,89,0,local_loglinear,19,18,71,2.6645536794648517,2.766401178973804,1.1980872119169879,0.16935481150790974,1.002788858085505,0.002788858085505108,1.0509753282152554,1.1282582047793117,0.9315024909753057,0.8851633889914383,0.8863986972229212,0.0013945979554524507,0.7702758997085627,1.422032048682287,2.2005682154749175,7.649084206865124e-10
90,89,0,local_loglinear,20,19,70,2.663777445037193,2.7666521830889885,1.198582368218447,0.1690871134204569,1.0009120866130192,0.0009120866130192251,1.0512936662669305,1.1302431264125454,0.9301482501413613,0.8814114789490859,0.8818140886136578,0.00045667403986834887,0.7700015236259673,1.4442005242610987,2.2019564394697015,1.047951502761669e-9
90,89,0,local_loglinear,21,20,69,2.659615246640195,2.7633249945844267,1.1978512935215324,0.16892220301842378,0.9983734814307783,0.001626518569221691,1.0515845362735723,1.1323186988020797,0.9287001419177137,0.8778194755443719,0.877103767438175,0.0008156574924159388,0.7696302864499942,1.4666306018186606,2.2038368306738323,1.0902539900675643e-9
90,89,0,local_loglinear,22,21,68,2.652283722104379,2.7566438631784362,1.195970753215495,0.16885396191588453,0.9952191435607408,0.004780856439259185,1.0518492100255692,1.134484597488567,0.9271604148298448,0.8743737570248927,0.8722761143712745,0.0024019051516135093,0.7691675054062447,1.489341371824599,2.206184284805382,7.592414284667339e-10
90,89,0,local_loglinear,23,22,67,2.6419933257887647,2.7468273035299453,1.1930154257648782,0.16887708520628725,0.9914936266526031,0.0085063733473969,1.0520888720754458,1.1367407086517483,0.9255310943542214,0.8710613519556273,0.867338891258346,0.004282634452300066,0.7686178448683191,1.5123532399290702,2.208977310830729,1.3170892727522658e-11
90,89,0,local_loglinear,24,23,66,2.6289472351793273,2.734086841819037,1.1890575027794235,0.16898698971775178,0.9872397319994688,0.012760268000531205,1.0523046442990145,1.1390871345151017,0.9238140019437322,0.8678699460454498,0.8622992733673052,0.006439476399746652,0.7679853823061236,1.5356878171894068,2.2121976518161057,9.814481339123318e-10
90,89,0,local_loglinear,25,24,65,2.6133405607455122,2.7186260914390945,1.1841663878682869,0.16917973917672405,0.9824983876597321,0.017501612340267925,1.0524975692732752,1.1415241769464215,0.9220107559076912,0.8647878677825797,0.8571638822394128,0.008855109164674496,0.7672736692618678,1.5593678698672764,2.215829944605707,1.1527821532430709e-9
90,89,0,local_loglinear,26,25,64,2.595359800751789,2.7006400928610983,1.1784084881026573,0.16945197910510915,0.9773085660605164,0.022691433939483585,1.052668619246076,1.1440523384582986,0.9201227809775123,0.8618040708453701,0.8519388181651719,0.011513234239403647,0.766485783306228,1.5834172802192605,2.2198614360741296,1.1267632884180743e-9
90,89,0,local_loglinear,27,26,63,2.5751825058919025,2.680314882902008,1.1718470810125532,0.16980088171277719,0.9717072446039202,0.028292755396079783,1.0528186966291293,1.1466723177972258,0.9181513151478264,0.8589081097541544,0.8466296920460488,0.014398543172180228,0.7656243735741461,1.6078610325862688,2.224281740661781,1.0913031887169187e-9
90,89,0,local_loglinear,28,27,62,2.552977116038422,2.657827251729451,1.1645422498254856,0.17022409679670725,0.9657293860451173,0.034270613954882734,1.0529486460223632,1.1493850076181062,0.9160974251825417,0.8560901173336352,0.8412416562922294,0.017496685175824422,0.7646916986101528,1.6327251992021723,2.2290826441814007,1.850956735324117e-11
90,89,0,local_loglinear,29,28,61,2.5289029449778373,2.633344667598498,1.156550860805446,0.17071971426411808,0.9594079737073403,0.04059202629265968,1.0530592360120603,1.1521914838105003,0.9139620026780686,0.8533407671303976,0.8357794347539136,0.020794216000525667,0.7636896632726744,1.6580369852470254,2.234257918067087,2.6091721954306976e-10
90,89,0,local_loglinear,30,29,60,2.503110270312838,2.607025316141709,1.1479265916657282,0.171286228230682,0.952774037883042,0.047225962116957954,1.0531511834679321,1.1550930154431471,0.9117457809784215,0.8506512470202767,0.8302473510688615,0.02427855935925366,0.7626198468049646,1.683824747499209,2.2398031837081316,1.5667372238132135e-11
90,89,0,local_loglinear,31,30,59,2.4757405200005054,2.5790182508166026,1.1387199890963489,0.1719225090424728,0.9458567154146738,0.054143284585326246,1.0532251440702989,1.1580910552248744,0.9094493384769188,0.8480132246325895,0.8246493558161265,0.027937958022384635,0.7614835293264015,1.7101180525555622,2.245715789025968,8.077301435300291e-10
90,89,0,local_loglinear,32,31,58,2.446926526882852,2.5494636212875017,1.1289785516429445,0.17262777975143526,0.9386833190015053,0.061316680998494744,1.053281716183894,1.161187241602302,0.9070731045326412,0.8454188135101438,0.818989052146897,0.03176142543797397,0.7602817148079384,1.736947746807421,2.2519947067337407,1.2927948504170405e-11
90,89,0,local_loglinear,33,32,57,2.416792834701483,2.5184929610445095,1.1187468357779,0.1734015956383472,0.9312794085879144,0.06872059141208564,1.0533214491126217,1.1643834013485013,0.9046173690665326,0.8428605424770906,0.8132697199130725,0.03573870093906667,0.759015149647452,1.7643460293324853,2.2586404586918807,1.1083871163768055e-9
90,89,0,local_loglinear,34,33,56,2.385456044971676,2.486229524555968,1.108066572944624,0.17424382891656845,0.9236688777511972,0.07633112224880279,1.0533448384675268,1.1676815466102888,0.9020822856414279,0.8403313216438928,0.8074943384108488,0.039860200782212835,0.7576843401558826,1.7923465526228266,2.265655048981789,1.7648640840514633e-11
90,89,0,local_loglinear,35,34,55,2.3530251881838717,2.452788654509782,1.0969767967548385,0.1751546566733973,0.9158740421782269,0.08412595782177312,1.0533523297517338,1.1710838799871854,0.8994678756599912,0.8378244098857163,0.8016656076226221,0.04411697096601286,0.756289567379685,1.8209845352031793,2.2730419137912725,9.508856799904889e-10
90,89,0,local_loglinear,36,35,54,2.3196021100899595,2.418278168091386,1.0855139794848259,0.17613455061518205,0.9079157228149402,0.09208427718505985,1.0533443264362155,1.1745927993140894,0.8967740369695116,0.8353333865754985,0.7957859680261445,0.048500645226301126,0.7548308986372712,1.8502968752506732,2.2808058915545946,1.2730004480463896e-9
90,89,0,local_loglinear,37,36,53,2.2852818685254896,2.3827987581973735,1.0737121722182061,0.1771842698856722,0.8998133319058969,0.10018666809410315,1.0533211905253694,1.1782108948223586,0.8940005521542737,0.832852123460114,0.789857619141275,0.05300340326800318,0.7533081974679497,1.8803222809442786,2.28895320462245,7.76892927321203e-10
90,89,0,local_loglinear,38,37,52,2.250153133619715,2.3464444030787095,1.0616031399025796,0.17830485915956618,0.8915849723944883,0.1084150276055117,1.0532832328214372,1.1819409607727465,0.8911470773741579,0.830374751277201,0.7838825368372391,0.05761792279192082,0.751721134389844,1.911101441919073,2.297491439727533,9.455903068259882e-10
90,89,0,local_loglinear,39,38,51,2.214298579061432,2.3093027667180537,1.0492165023414268,0.17949764595141357,0.8832475163890823,0.11675248361091772,1.0532307304289243,1.1857859940239068,0.888213164716879,0.8278956362428158,0.777862489239763,0.06233734374885505,0.7500691928841133,1.942677181681145,2.3064295573038778,7.634772419352635e-10
90,89,0,local_loglinear,40,39,50,2.1777952695506997,2.2714555978377566,1.0365798726825972,0.18076424065066987,0.8748166848732291,0.12518331512677094,1.0531639259228844,1.1897492041400277,0.8851982604889662,0.8254093563550243,0.7717990516148592,0.06715523248834757,0.7483516746491506,1.9750946302941632,2.315777908636622,1.1697807383657795e-11
90,89,0,local_loglinear,41,40,49,2.14071504004441,2.232979124000511,1.0237189866344611,0.18210654182863684,0.8663071399623095,0.13369286003769054,1.0530830160893425,1.1938340128265539,0.8821017032309496,0.822910671805751,0.7656936202447922,0.07206553890145026,0.7465677061660597,2.0084014451161485,2.3255482499372118,5.293022632550788e-11
90,89,0,local_loglinear,42,41,48,2.1031248571648287,2.1939444260601815,1.0106578339055992,0.1835267402503687,0.8577325541666295,0.14226744583337048,1.0529881697717882,1.198044069558471,0.8789227345867653,0.8203945056427151,0.7595474251212644,0.07706256636464859,0.7447162409301009,2.0426480117581223,2.335753784428774,2.1176711455447926e-10
90,89,0,local_loglinear,43,42,47,2.065087170288674,2.1544178044444924,0.9974187811830777,0.1850273272286666,0.8491056880282747,0.15089431197172531,1.0528795194198668,1.2023832518270527,0.87566049994458,0.8178559202495401,0.7533615418404571,0.08214093665647865,0.742796062665443,2.0778876877033947,2.3464092041759494,1.628522802352202e-11
90,89,0,local_loglinear,44,43,46,2.0266602458718865,2.11446112847811,0.98402269104109,0.18661110487852756,0.8404384615456467,0.15956153845435328,1.0527571648312937,1.2068556753832707,0.8723140523799263,0.8152900961258523,0.7471369025826622,0.08729555787648746,0.7408057869435275,2.1141770631586243,2.3575307462429143,1.0486480462401257e-9
90,89,0,local_loglinear,45,44,45,1.9878984857223065,2.074132169344598,0.9704890352667136,0.18828119801134371,0.8317420187038487,0.16825798129615133,1.0526211763404967,1.211465702198988,0.8688823583117827,0.8126923133242132,0.7408743062853536,0.09252159575605237,0.7387438619640502,2.1515762382965655,2.369136259764788,8.004606448951363e-10
90,89,0,local_loglinear,46,45,44,1.9488527300944285,2.0334849187226225,0.9568360005983709,0.19004107039955792,0.8230267975072133,0.1769732024927867,1.0524715886762548,1.216217947696063,0.8653642964815637,0.8100579295724578,0.7345744281273507,0.09781444092823682,0.7366085695303437,2.1901491476803967,2.3812452788446827,1.1470490484383157e-11
90,89,0,local_loglinear,47,46,43,1.9095705418305435,1.9925698862298822,0.9430805934006711,0.1918945402225089,0.8143025803267095,0.18569741967329045,1.0523084154807534,1.2211172946435802,0.8617586697827428,0.8073823670920033,0.7282378282429081,0.10316968706434543,0.7343980230276544,2.2299638763344785,2.3938791201647684,8.12733488383295e-10
90,89,0,local_loglinear,48,47,42,1.8700964784735123,1.9514343864906623,0.9292387339165624,0.19384580156589432,0.8055785575005648,0.19442144249943516,1.0521316357326735,1.2261688944735345,0.8580642034508751,0.8046610924460111,0.721864959981815,0.1085831002360513,0.7321101673828496,2.2710930456547636,2.4070609782155246,1.1080465205101401e-11
90,89,0,local_loglinear,49,48,41,1.8304723458349386,1.9101228062100861,0.9153253462728677,0.19589944742839324,0.7968633801822648,0.20313661981773523,1.0519412005104254,1.231378182736111,0.8542795505545029,0.8018896007385363,0.7154561775115682,0.11405059369420054,0.7297427774499016,2.3136142186793967,2.42081603914283,5.2885771867587344e-11
90,89,0,local_loglinear,50,49,40,1.7907374363060322,1.8686768550098638,0.9013544453030198,0.19806049489071934,0.7881652063424683,0.21183479365753166,1.051737037514424,1.2367508895730346,0.8504032997926662,0.7990634025375554,0.7090117429340617,0.11956820591401665,0.7272934549737711,2.3576103340894683,2.4351716138525434,7.459086534046973e-10
90,89,0,local_loglinear,51,50,39,1.7509287541307545,1.827135803334116,0.8873392159901983,0.20033441463071125,0.7794917489308116,0.22050825106918837,1.051519046522772,1.242293045857409,0.8464339795100695,0.7961780091699133,0.7025318330294603,0.12513207635125678,0.7247596262934094,2.403170195647782,2.4501572792451234,1.2232498289513033e-9
90,89,0,local_loglinear,52,51,38,1.711081225946589,1.7855367048790356,0.8732920886856219,0.2027271639878105,0.7708503206420843,0.22914967935791575,1.0512871008467277,1.248010994945739,0.8423700633281965,0.7932289190657781,0.6960165455989251,0.13073842224836826,0.7221385392191497,2.450389008739788,2.4658050380679533,1.2213696885391214e-9
90,89,0,local_loglinear,53,52,37,1.6712278977226402,1.743914604960021,0.8592248077113268,0.205245224209317,0.7622478768287752,0.23775212317122485,1.0510410460043862,1.2539114031177605,0.8382099751155052,0.7902116044541272,0.689465905465138,0.13638351552470168,0.7194272603296057,2.49936897326238,2.4821494917243347,1.5145150514890184e-11
90,89,0,local_loglinear,54,53,36,1.6314001178621689,1.7023027331583271,0.8451485010021023,0.2078956390883221,0.7536910446927102,0.2463089553072898,1.0507807120468569,1.260001272896753,0.8339521035808986,0.7871215045868678,0.6828798701665721,0.14206366751751587,0.7166226693854407,2.550219901872505,2.499228047859406,7.128704510915422e-11
90,89,0,local_loglinear,55,54,35,1.5916277117741195,1.6607326889366918,0.8310737385266166,0.2106860625976328,0.7451861682554871,0.2548138317445129,1.050505895827923,1.2662879426726843,0.8295948025933801,0.7839540107123245,0.6762583355686866,0.14777520257500443,0.7137214572569061,2.603059955664666,2.5170811264750124,9.84884948594866e-10
90,89,0,local_loglinear,56,55,34,1.5519391413926646,1.6192346098545558,0.8170105917430612,0.2136248079649885,0.736739335674127,0.26326066432587303,1.050216376690044,1.2727791052766277,0.8251364061022894,0.7807044596419743,0.6696011411566947,0.15351444206294543,0.7107201207748312,2.6580164081258917,2.535752406571162,1.1675531883774795e-11
90,89,0,local_loglinear,57,56,33,1.5123616560513964,1.577837331693418,0.8029686854479463,0.21672090470053992,0.7283564140752564,0.2716435859247436,1.049911906998833,1.2794828102147497,0.8205752344751037,0.7773681233976235,0.6629080752950836,0.1592776825153165,0.7076149596768918,2.715226518602475,2.555289084701637,1.1352029872861768e-9
90,89,0,local_loglinear,58,57,32,1.4729214314632868,1.536568535233162,0.7889572495626851,0.219984159802443,0.720043074567695,0.279956925432305,1.0495922213722226,1.2864074758459874,0.8159096095752812,0.7739402038572057,0.6561788803509501,0.16506117937236142,0.7044020716674524,2.7748384710836462,2.57574217297179,1.3488832917980827e-11
90,89,0,local_loglinear,59,58,31,1.4336437002569444,1.4954548843659428,0.7749851665817111,0.22342522601505713,0.711804817233268,0.28819518276673195,1.0492570352170223,1.2935618907435016,0.811137868798794,0.7704158276231853,0.6494132578474989,0.17086112996118136,0.7010773483089139,2.837012416889884,2.597166823332121,8.459580991430362e-10
90,89,0,local_loglinear,60,59,30,1.3945528737257114,1.454522155598066,0.7610610128688475,0.22705567957696707,0.7036470009995639,0.2963529990004361,1.0489060382296502,1.300955215848903,0.80625837496275,0.7667900385356218,0.6426108736645595,0.176673652235545,0.6976364726918871,2.9019216530076535,2.6196226755292233,1.1386679871283425e-9
90,89,0,local_loglinear,61,60,29,1.3556726527684768,1.4137953551275066,0.7471931006022742,0.23088810316952393,0.6955748607033562,0.30442513929664383,1.0485389070779985,1.3085969930974266,0.8012695372286657,0.7630577972748411,0.6357713632287998,0.18249477151927973,0.6940749153470498,2.969753886006098,2.6431742557491384,1.1570647646249435e-9
90,89,0,local_loglinear,62,61,28,1.3170261319666012,1.3732988290955632,0.733389516128628,0.2349361790567151,0.6875935270268407,0.31240647297315927,1.0481553023781853,1.3164971391429598,0.7961698291729937,0.7592139801340516,0.6288943369084039,0.18832040467082928,0.6903879314104261,3.040712647937658,2.6678914118666,9.611283268722297e-10
90,89,0,local_loglinear,63,62,27,1.278635895670104,1.33305636601233,0.719658152078926,0.2392147943230393,0.679708050659509,0.320291949340491,1.0477548627291193,1.3246659399731264,0.7909578038598737,0.7552533761986964,0.6219793855883919,0.19414634051379098,0.686570560302299,3.115018891140168,2.69384978184518,2.102162479498566e-10
90,89,0,local_loglinear,64,63,26,1.240524104166744,1.2930912877956557,0.7060067406793819,0.24374015429884477,0.6719234145800853,0.3280765854199147,1.0473372180226002,1.3331140511979314,0.7856321198336083,0.751170691749761,0.6150260863831449,0.19996822810023185,0.6826176240109435,3.1929127165046696,2.7211313274564453,1.2378938292620498e-11
90,89,0,local_loglinear,65,64,25,1.2027125733294894,1.2534265342470097,0.6924428835524907,0.24852990902387984,0.6642445476254543,0.33575545237454574,1.046901988228929,1.3418524812296169,0.7801915656701639,0.7469605551967304,0.6080340086865421,0.20578156370889134,0.6785237273102155,3.27465530304713,2.74982491844056,8.382093872211066e-10
90,89,0,local_loglinear,66,65,24,1.165222846804553,1.214084740100479,0.6789740766762152,0.253603294923011,0.6566763405982343,0.3433236594017657,1.0464487803642506,1.3508925728295629,0.7746350830639123,0.742617521918084,0.6010027205607991,0.21158167558123925,0.6742832606891909,3.3605310713260046,2.7800269688668906,8.38096453391792e-12
90,89,0,local_loglinear,67,66,23,1.128076259280566,1.1750883020614373,0.6656077360753581,0.2589812893717406,0.6492236536402909,0.3507763463597091,1.0459772000061691,1.360245985601659,0.7689617988789845,0.7381360853637053,0.5939317954459555,0.21736371482465405,0.6698904030522114,3.4508500568940277,2.811842154902554,9.656389570387072e-10
90,89,0,local_loglinear,68,67,22,1.0912939929883205,1.1364594393466079,0.6523512177139641,0.26468678405841173,0.641891327702981,0.35810867229701904,1.0454868465574654,1.3699246614217073,0.763171053123797,0.7335106876721141,0.5868208193381095,0.2231226431796015,0.6653391284607335,3.5459505786692254,2.8453841937012907,9.309078143091463e-12
90,89,0,local_loglinear,69,68,21,1.0548971253578192,1.098220244801098,0.6392118354041318,0.2707447765924848,0.6346841922956826,0.3653158077043174,1.0449773190255942,1.3799407920067759,0.7572624311699186,0.728735734210699,0.5796693983915022,0.2288532235220878,0.6606232147972789,3.6462022022839187,2.880776708657134,1.2645717544457486e-9
90,89,0,local_loglinear,70,69,20,1.0189066681593604,1.0603927266694164,0.6261968784319318,0.2771825804928794,0.6276070656929188,0.3723929343070812,1.0444482270900408,1.3903067757400596,0.7512358030004432,0.7238056144870312,0.572477167011989,0.23455001637414685,0.6557362538716858,3.7520090112583775,2.9181541972919667,1.2176680428912685e-11
90,89,0,local_loglinear,71,70,19,0.9833435993381203,1.0229988436570328,0.6133136221831252,0.28403006227009525,0.6206647638953465,0.3793352361046535,1.0438991820627512,1.401035156315166,0.7450913543156827,0.718714720528224,0.565243796559159,0.24020737001180575,0.6506716674552102,3.8638133123948912,2.9576630814257925,8.709845908642583e-11
90,89,0,local_loglinear,72,71,18,0.948228884369934,0.9860605281488032,0.6005693395806327,0.29131989902022565,0.6138620952060232,0.3861379047939768,1.0433298163682796,1.4121385670523914,0.7388296309660746,0.7134574757889358,0.5579690045324621,0.24581942228025128,0.6454227245169003,3.9820997016997195,2.999462889758217,1.166980901305102e-9
90,89,0,local_loglinear,73,72,17,0.9135834897201014,0.9495997018327914,0.5879713073717897,0.2990878668079055,0.607203860202905,0.39279613979709505,1.0427397799176559,1.4236296469772445,0.7324515769474722,0.7080283637945383,0.5506525644427434,0.2513800990285473,0.6399825642628394,4.107399645249068,3.04372755441769,1.130283598354091e-9
90,89,0,local_loglinear,74,73,16,0.8794283860994107,0.913638280718188,0.5755268092572011,0.3073731602699176,0.600694849480998,0.39930515051900195,1.0421287459263955,1.4355209545379832,0.7259585745732291,0.7024219607944495,0.5432943162768478,0.256883115179318,0.6343442237367973,4.240296599063164,3.090646848319718,9.589415488202672e-12
90,89,0,local_loglinear,75,74,15,0.8457845412260196,0.8781981691205416,0.5632431354195291,0.31621874466797106,0.5943398353023728,0.4056601646976272,1.041496420397296,1.4478248681263226,0.7193524875319558,0.6966329747521282,0.5358941775625863,0.26232198186306943,0.6285006706823577,4.381431709143933,3.1404279774749284,1.2492787026904505e-9
90,89,0,local_loglinear,76,75,14,0.8126729022104952,0.8433012427999791,0.5511275801317518,0.32567174479066463,0.5881435600155225,0.4118564399844775,1.0408425510449821,1.4605534696048579,0.7126357046870557,0.6906562891629372,0.5284521550818844,0.2676900176892954,0.6224448412812348,4.531510179494488,3.1932973535022,9.98520917203124e-12
90,89,0,local_loglinear,77,76,13,0.7801143674100712,0.8089693218849073,0.5391874320448323,0.3357838795420054,0.5821107306120247,0.4178892693879753,1.0401669222852377,1.4737184091404865,0.7058111752108003,0.6844870062622305,0.5209683572235138,0.2729803565188202,0.6161696864949664,4.691308461972122,3.2495025378292293,1.22143838139835e-9
90,89,0,local_loglinear,78,77,12,0.7481297456337287,0.7752241300094758,0.5274299634502956,0.34661193651868594,0.5762459997807524,0.4237540002192476,1.039469375969003,1.487330770385455,0.6988824521526004,0.6781205007172351,0.5134430068243665,0.2781859682422027,0.6096682229906562,4.861682231604275,3.309314417170924,9.111589865060912e-12
90,89,0,local_loglinear,79,78,11,0.7167397044863622,0.7420872432631237,0.5158624108847343,0.3582183046255573,0.5705539595531723,0.42944604044682766,1.038749798935199,1.5014009045568353,0.6918537186054275,0.6715524687388832,0.5058764545964662,0.28329967092983405,0.6029335944150039,5.04357544424456,3.3730295865204676,1.0564277904241835e-9
90,89,0,local_loglinear,80,79,10,0.6859647050828077,0.7095800245999094,0.5044919523843409,0.37067155795075707,0.5650391242939465,0.43496087570605346,1.0380081391972242,1.5159382749634915,0.6847298180542494,0.6647789855397678,0.4982691928680596,0.28831415393364146,0.5959591390590063,5.238030442932774,3.4409730026736405,1.3241798527375266e-9
90,89,0,local_loglinear,81,80,9,0.6558249246595662,0.677723546985876,0.4933256737526924,0.384047112560268,0.5597059303568038,0.4402940696431962,1.0372443864969696,1.5309512794268665,0.6775162609258715,0.6577965551244569,0.490621869658888,0.29322198857307114,0.5887384695331265,5.446199483266656,3.5135008844380806,8.72740874514121e-12
90,89,0,local_loglinear,82,81,8,0.6263401645790432,0.646538502150452,0.48237052343516823,0.3984279604648408,0.5545587429565353,0.4454412570434647,1.0364585613952635,1.5464470977525133,0.6702192159703182,0.6506021572083396,0.4829353027371801,0.2980156338588222,0.5812655638147814,5.669357819106606,3.5910038894861627,8.869546673887853e-11
90,89,0,local_loglinear,83,82,7,0.5975297434404188,0.6160450955912314,0.4716332503864916,0.4139055036535522,0.5496018875704096,0.4503981124295904,1.0356506795015388,1.562431561615798,0.6628454678875755,0.6431932807903376,0.475210493425822,0.3026874213480809,0.5735348709869796,5.908918763209805,3.6739105552061804,1.636899673851149e-10
90,89,0,local_loglinear,84,83,6,0.5694123735019261,0.5862629277475258,0.4611203107904142,0.43058052782676715,0.5448397340745591,0.4551602659254409,1.0348206688727812,1.5789090871975913,0.6554023137009658,0.6355679276156159,0.4674486397126,0.3072294922600304,0.5655414397481049,6.166451379371534,3.762690924169059,3.005288265460957e-10
90,89,0,local_loglinear,85,84,5,0.5420060162804815,0.5572108589502858,0.4508377264897199,0.4485643750413563,0.540276866581132,0.45972313341886795,1.0339682304817344,1.59588275082556,0.6478973658602778,0.6277245663323501,0.4596511479127958,0.31163365394790155,0.5572810784668062,6.443701735163109,3.8578602312185226,5.513222696401822e-10
90,89,0,local_loglinear,86,85,4,0.515327711659717,0.5289068566899479,0.44079085947945207,0.46798043405105844,0.5359184137356734,0.4640815862643266,1.0330925737770535,1.6133546139371413,0.6403381902853654,0.6196619951543908,0.45181964183295875,0.3158910825664888,0.5487505667839307,6.742619458931662,3.9599823392063285,1.0114772618433376e-9
90,89,0,local_loglinear,87,86,3,0.4893933697294676,0.5013678214302666,0.4309840410699362,0.48896616482501215,0.5317706646386823,0.4682293353613177,1.0321919391212968,1.6313265178134226,0.6327316621474489,0.6113790441468416,0.44395596769594425,0.3199917480176778,0.5399479532505904,7.065392647720764,4.069672306048056,1.8550981094498422e-9
90,89,0,local_loglinear,88,87,2,0.4642175068141208,0.4746093848588532,0.42141994758526635,0.5116760635260398,0.5278421922367152,0.47215780776328475,1.031262740722942,1.6498017312644107,0.6250828333975506,0.6028739978430472,0.4360621920218618,0.3239233406627644,0.5308730007243188,7.4144966821160825,4.187596872116875,3.3988149638960235e-9
90,89,0,local_loglinear,89,88,1,0.4398128938621851,0.4486456706817096,0.41209853276187,0.5362863315222056,0.5241458742344809,0.4758541257655191,1.0302980384544553,1.668788137520419,0.6173929543778583,0.5941435332756336,0.4281405878651091,0.3276693107183202,0.5215278892605125,7.792767196534168,4.314470534880571,6.216342592391302e-9
90,89,0,local_loglinear,90,89,0,0.4161900631024714,0.4234890025035238,0.4030151846592202,0.5630026851295616,0.5207024956687402,0.47929750433125984,1.0292848277408186,1.6883041839151083,0.6096560309137832,0.5851808227535659,0.4201936018132991,0.33120533642688843,0.5119183706463097,8.203516261235784,4.4510427612197025,2.0690125878742932e-7
95,94,0,local_loglinear,1,0,94,1.8901678313037162,1.9403612229421892,0.906495185575314,0.20859957981904168,0.8761960342164987,0.12380396578350128,,,,0.9967870194975489,0.9337836851161863,0.0652923148876943,0.7454800772873249,1.0599016809375605,2.331535287067304,1.4385464361577594e-11
95,94,0,local_loglinear,2,1,93,1.975646808183075,2.0298378997365614,0.9377968877670639,0.20320507284525097,0.8921365634962873,0.10786343650371266,1.0398130356575166,1.109641184299132,0.9370714158507734,0.9878698857804787,0.9336475050616719,0.056452031101244,0.7493925019821268,1.0775853119138288,2.310105976853435,8.704611592333116e-10
95,94,0,local_loglinear,3,2,92,2.0568655473342874,2.115032983101668,0.9675963367839989,0.19846672526247533,0.907154154410322,0.09284584558967801,1.0408510000703133,1.1098776538759065,0.9378069703768349,0.9792619875951668,0.9331339948481145,0.04825040634362443,0.7528321553153103,1.095752628014387,2.2915092581587935,1.510138936482579e-11
95,94,0,local_loglinear,4,3,91,2.1334270501436787,2.1955205927312305,0.9957507620826066,0.1943005459390854,0.9211689790313984,0.07883102096860162,1.0418324245073733,1.1102221713612235,0.9383999449677728,0.970986254084108,0.9322574166490485,0.04070333706688293,0.755845845984557,1.1143363102595618,2.275399485057946,6.804612867019944e-11
95,94,0,local_loglinear,5,4,90,2.2050203127968544,2.2709619270357666,1.022147274181834,0.19063514651171637,0.9341208230918643,0.06587917690813572,1.042758876924645,1.1106782356557465,0.938848753355645,0.9630567041350837,0.9310332686021787,0.033817281958049165,0.758475812843969,1.1332791342463269,2.261479328613506,1.102014068821173e-9
95,94,0,local_loglinear,6,5,89,2.2714163800182234,2.3411019551352608,1.0467017062869575,0.18740970361341763,0.9459677123597272,0.05403228764027279,1.0436320559352623,1.1112472351202805,0.939153793100147,0.9554799258220061,0.9294778538154913,0.027590773411079135,0.7607599601063894,1.1525333081461338,2.2494929484413464,1.8515267363542256e-11
95,94,0,local_loglinear,7,6,88,2.3324626695661284,2.40576425502939,1.0693568037167978,0.18457226465414503,0.9566842603179402,0.04331573968205982,1.0444537569305032,1.1119290875239092,0.939316876093544,0.9482564355401442,0.9276079161920683,0.02201582789785942,0.762732154125845,1.172059722776271,2.2392200828674595,9.008339591858506e-10
95,94,0,local_loglinear,8,7,87,2.3880761210335546,2.464844544843354,1.0900799484565769,0.18207834248871443,0.9662598707881517,0.033740129211848324,1.0452258313166438,1.1127227176081878,0.9393407852437583,0.9413818840049846,0.9254403390280612,0.017079218674762718,0.764422554182782,1.1918271803011482,2.2304709433821452,4.736811134280673e-10
95,94,0,local_loglinear,9,8,86,2.438235642771009,2.5183033796370458,1.108860599524741,0.1798897466341622,0.9746968711388009,0.02530312886119912,1.045950166587269,1.113626422254604,0.9392289422063816,0.9348481110430179,0.9229919003958746,0.012763608848296373,0.7658579509667104,1.2118116163555621,2.22308183979617,9.82698497464882e-10
95,94,0,local_loglinear,10,9,85,2.4829742625993108,2.566158428400635,1.1257075966836925,0.1779736103981056,0.9820086534230518,0.01799134657694823,1.0466286683639079,1.114638136468152,0.9389851595067982,0.9286440507850507,0.9202790789937363,0.009048541532943391,0.7670620980908742,1.2319953418364027,2.216911442536716,8.171120551540273e-10
95,94,0,local_loglinear,11,10,84,2.5223713072712655,2.6084766722567694,1.1406464410118238,0.17630158230116152,0.9882178947177187,0.011782105282281297,1.0472632347924655,1.1157556240179916,0.9386134492615189,0.92275648989854,0.9173179039241663,0.00591128470616345,0.7680560293319746,1.2523663369644416,2.211837585599746,1.4857210857681834e-11
95,94,0,local_loglinear,12,11,83,2.5565448494756944,2.645366776455414,1.1537166545553694,0.17484914902874643,0.9933548697436663,0.006645130256333731,1.0478557534575925,1.1169766209560903,0.9381178923518266,0.9171707047700384,0.9141238417978976,0.003327554040114075,0.768858351284202,1.2729175783194957,2.2077545575825566,1.1040160197100243e-9
95,94,0,local_loglinear,13,12,82,2.5856446089826073,2.676971845938852,1.1649692755951357,0.17359507216184408,0.9974559166249307,0.0025440833750692837,1.048408076071815,1.1182989263232292,0.9375025329933894,0.9118709764315017,0.9107117155368505,0.0012721080432639004,0.7694855139240172,1.293646441890437,2.2045707855968826,1.957956940282605e-11
95,94,0,local_loglinear,14,13,81,2.6098454157663498,2.703462687754256,1.1744645411323025,0.17252091593796404,1.0005620479655717,0.0005620479655716881,1.048922011306951,1.1197204733933073,0.9367713069746757,0.906841008794521,0.9070956491661575,0.0002807599396502103,0.7699520546989983,1.3145541604313906,2.2022068705566933,6.193810256415276e-11
95,94,0,local_loglinear,15,14,80,2.629341305855575,2.725031667817535,1.1822697874690613,0.17161064973602672,1.0027177108347736,0.002717710834773568,1.0493993215810349,1.1212393751783623,0.9359279961195625,0.9020642655424191,0.9032890339496686,0.0013568187406748228,0.7702708160277864,1.3356453309892908,2.2005939247571367,1.026515574623986e-9
95,94,0,local_loglinear,16,15,79,2.644340284362755,2.741887214298123,1.1884575760909968,0.1708503152227788,1.0039697136437091,0.003969713643709127,1.0498417084178964,1.12285394742309,0.9349761924311223,0.8975242304773982,0.8993045118863858,0.001981582272769636,0.7704531403174638,1.356927491946181,2.199672152668884,7.950726364087276e-10
95,94,0,local_loglinear,17,16,78,2.6550597499283173,2.7542489736997076,1.193104047597907,0.17022774649606104,1.0043663067615396,0.004366306761539596,1.0502508042481102,1.124562726225206,0.9339192734703764,0.8932046064765542,0.895153972838201,0.0021800629429163942,0.7705090432221112,1.378410759540518,2.199389641843424,1.4209353474072677e-11
95,94,0,local_loglinear,18,17,77,2.661722555700096,2.7623436023101253,1.1962875063976661,0.16973233127260348,1.003956387955221,0.003956387955220908,1.050628180021099,1.1263644801498145,0.9327603973106094,0.8890894721468103,0.8908485622453577,0.0019765751810077725,0.7704473638812729,1.4001074959953042,2.199701347559969,1.049328978890423e-9
95,94,0,local_loglinear,19,18,76,2.6645536794648517,2.766401178973804,1.1980872119169879,0.16935481150790974,1.002788858085505,0.002788858085505108,1.0509753282152554,1.1282582047793117,0.9315024909753057,0.8851633889914383,0.8863986972229212,0.0013945979554524507,0.7702758997085627,1.422032048682287,2.2005682154749175,7.649084206865124e-10
95,94,0,local_loglinear,20,19,75,2.663777445037193,2.7666521830889885,1.198582368218447,0.1690871134204569,1.0009120866130192,0.0009120866130192251,1.0512936662669305,1.1302431264125454,0.9301482501413613,0.8814114789490859,0.8818140886136578,0.00045667403986834887,0.7700015236259673,1.4442005242610987,2.2019564394697015,1.047951502761669e-9
95,94,0,local_loglinear,21,20,74,2.659615246640195,2.7633249945844267,1.1978512935215324,0.16892220301842378,0.9983734814307783,0.001626518569221691,1.0515845362735723,1.1323186988020797,0.9287001419177137,0.8778194755443719,0.877103767438175,0.0008156574924159388,0.7696302864499942,1.4666306018186606,2.2038368306738323,1.0902539900675643e-9
95,94,0,local_loglinear,22,21,73,2.652283722104379,2.7566438631784362,1.195970753215495,0.16885396191588453,0.9952191435607408,0.004780856439259185,1.0518492100255692,1.134484597488567,0.9271604148298448,0.8743737570248927,0.8722761143712745,0.0024019051516135093,0.7691675054062447,1.489341371824599,2.206184284805382,7.592414284667339e-10
95,94,0,local_loglinear,23,22,72,2.6419933257887647,2.7468273035299453,1.1930154257648782,0.16887708520628725,0.9914936266526031,0.0085063733473969,1.0520888720754458,1.1367407086517483,0.9255310943542214,0.8710613519556273,0.867338891258346,0.004282634452300066,0.7686178448683191,1.5123532399290702,2.208977310830729,1.3170892727522658e-11
95,94,0,local_loglinear,24,23,71,2.6289472351793273,2.734086841819037,1.1890575027794235,0.16898698971775178,0.9872397319994688,0.012760268000531205,1.0523046442990145,1.1390871345151017,0.9238140019437322,0.8678699460454498,0.8622992733673052,0.006439476399746652,0.7679853823061236,1.5356878171894068,2.2121976518161057,9.814481339123318e-10
95,94,0,local_loglinear,25,24,70,2.6133405607455122,2.7186260914390945,1.1841663878682869,0.16917973917672405,0.9824983876597321,0.017501612340267925,1.0524975692732752,1.1415241769464215,0.9220107559076912,0.8647878677825797,0.8571638822394128,0.008855109164674496,0.7672736692618678,1.5593678698672764,2.215829944605707,1.1527821532430709e-9
95,94,0,local_loglinear,26,25,69,2.595359800751789,2.7006400928610983,1.1784084881026573,0.16945197910510915,0.9773085660605164,0.022691433939483585,1.052668619246076,1.1440523384582986,0.9201227809775123,0.8618040708453701,0.8519388181651719,0.011513234239403647,0.766485783306228,1.5834172802192605,2.2198614360741296,1.1267632884180743e-9
95,94,0,local_loglinear,27,26,68,2.5751825058919025,2.680314882902008,1.1718470810125532,0.16980088171277719,0.9717072446039202,0.028292755396079783,1.0528186966291293,1.1466723177972258,0.9181513151478264,0.8589081097541544,0.8466296920460488,0.014398543172180228,0.7656243735741461,1.6078610325862688,2.224281740661781,1.0913031887169187e-9
95,94,0,local_loglinear,28,27,67,2.552977116038422,2.657827251729451,1.1645422498254856,0.17022409679670725,0.9657293860451173,0.034270613954882734,1.0529486460223632,1.1493850076181062,0.9160974251825417,0.8560901173336352,0.8412416562922294,0.017496685175824422,0.7646916986101528,1.6327251992021723,2.2290826441814007,1.850956735324117e-11
95,94,0,local_loglinear,29,28,66,2.5289029449778373,2.633344667598498,1.156550860805446,0.17071971426411808,0.9594079737073403,0.04059202629265968,1.0530592360120603,1.1521914838105003,0.9139620026780686,0.8533407671303976,0.8357794347539136,0.020794216000525667,0.7636896632726744,1.6580369852470254,2.234257918067087,2.6091721954306976e-10
95,94,0,local_loglinear,30,29,65,2.503110270312838,2.607025316141709,1.1479265916657282,0.171286228230682,0.952774037883042,0.047225962116957954,1.0531511834679321,1.1550930154431471,0.9117457809784215,0.8506512470202767,0.8302473510688615,0.02427855935925366,0.7626198468049646,1.683824747499209,2.2398031837081316,1.5667372238132135e-11
95,94,0,local_loglinear,31,30,64,2.4757405200005054,2.5790182508166026,1.1387199890963489,0.1719225090424728,0.9458567154146738,0.054143284585326246,1.0532251440702989,1.1580910552248744,0.9094493384769188,0.8480132246325895,0.8246493558161265,0.027937958022384635,0.7614835293264015,1.7101180525555622,2.245715789025968,8.077301435300291e-10
95,94,0,local_loglinear,32,31,63,2.446926526882852,2.5494636212875017,1.1289785516429445,0.17262777975143526,0.9386833190015053,0.061316680998494744,1.053281716183894,1.161187241602302,0.9070731045326412,0.8454188135101438,0.818989052146897,0.03176142543797397,0.7602817148079384,1.736947746807421,2.2519947067337407,1.2927948504170405e-11
95,94,0,local_loglinear,33,32,62,2.416792834701483,2.5184929610445095,1.1187468357779,0.1734015956383472,0.9312794085879144,0.06872059141208564,1.0533214491126217,1.1643834013485013,0.9046173690665326,0.8428605424770906,0.8132697199130725,0.03573870093906667,0.759015149647452,1.7643460293324853,2.2586404586918807,1.1083871163768055e-9
95,94,0,local_loglinear,34,33,61,2.385456044971676,2.486229524555968,1.108066572944624,0.17424382891656845,0.9236688777511972,0.07633112224880279,1.0533448384675268,1.1676815466102888,0.9020822856414279,0.8403313216438928,0.8074943384108488,0.039860200782212835,0.7576843401558826,1.7923465526228266,2.265655048981789,1.7648640840514633e-11
95,94,0,local_loglinear,35,34,60,2.3530251881838717,2.452788654509782,1.0969767967548385,0.1751546566733973,0.9158740421782269,0.08412595782177312,1.0533523297517338,1.1710838799871854,0.8994678756599912,0.8378244098857163,0.8016656076226221,0.04411697096601286,0.756289567379685,1.8209845352031793,2.2730419137912725,9.508856799904889e-10
95,94,0,local_loglinear,36,35,59,2.3196021100899595,2.418278168091386,1.0855139794848259,0.17613455061518205,0.9079157228149402,0.09208427718505985,1.0533443264362155,1.1745927993140894,0.8967740369695116,0.8353333865754985,0.7957859680261445,0.048500645226301126,0.7548308986372712,1.8502968752506732,2.2808058915545946,1.2730004480463896e-9
95,94,0,local_loglinear,37,36,58,2.2852818685254896,2.3827987581973735,1.0737121722182061,0.1771842698856722,0.8998133319058969,0.10018666809410315,1.0533211905253694,1.1782108948223586,0.8940005521542737,0.832852123460114,0.789857619141275,0.05300340326800318,0.7533081974679497,1.8803222809442786,2.28895320462245,7.76892927321203e-10
95,94,0,local_loglinear,38,37,57,2.250153133619715,2.3464444030787095,1.0616031399025796,0.17830485915956618,0.8915849723944883,0.1084150276055117,1.0532832328214372,1.1819409607727465,0.8911470773741579,0.830374751277201,0.7838825368372391,0.05761792279192082,0.751721134389844,1.911101441919073,2.297491439727533,9.455903068259882e-10
95,94,0,local_loglinear,39,38,56,2.214298579061432,2.3093027667180537,1.0492165023414268,0.17949764595141357,0.8832475163890823,0.11675248361091772,1.0532307304289243,1.1857859940239068,0.888213164716879,0.8278956362428158,0.777862489239763,0.06233734374885505,0.7500691928841133,1.942677181681145,2.3064295573038778,7.634772419352635e-10
95,94,0,local_loglinear,40,39,55,2.1777952695506997,2.2714555978377566,1.0365798726825972,0.18076424065066987,0.8748166848732291,0.12518331512677094,1.0531639259228844,1.1897492041400277,0.8851982604889662,0.8254093563550243,0.7717990516148592,0.06715523248834757,0.7483516746491506,1.9750946302941632,2.315777908636622,1.1697807383657795e-11
95,94,0,local_loglinear,41,40,54,2.14071504004441,2.232979124000511,1.0237189866344611,0.18210654182863684,0.8663071399623095,0.13369286003769054,1.0530830160893425,1.1938340128265539,0.8821017032309496,0.822910671805751,0.7656936202447922,0.07206553890145026,0.7465677061660597,2.0084014451161485,2.3255482499372118,5.293022632550788e-11
95,94,0,local_loglinear,42,41,53,2.1031248571648287,2.1939444260601815,1.0106578339055992,0.1835267402503687,0.8577325541666295,0.14226744583337048,1.0529881697717882,1.198044069558471,0.8789227345867653,0.8203945056427151,0.7595474251212644,0.07706256636464859,0.7447162409301009,2.0426480117581223,2.335753784428774,2.1176711455447926e-10
95,94,0,local_loglinear,43,42,52,2.065087170288674,2.1544178044444924,0.9974187811830777,0.1850273272286666,0.8491056880282747,0.15089431197172531,1.0528795194198668,1.2023832518270527,0.87566049994458,0.8178559202495401,0.7533615418404571,0.08214093665647865,0.742796062665443,2.0778876877033947,2.3464092041759494,1.628522802352202e-11
95,94,0,local_loglinear,44,43,51,2.0266602458718865,2.11446112847811,0.98402269104109,0.18661110487852756,0.8404384615456467,0.15956153845435328,1.0527571648312937,1.2068556753832707,0.8723140523799263,0.8152900961258523,0.7471369025826622,0.08729555787648746,0.7408057869435275,2.1141770631586243,2.3575307462429143,1.0486480462401257e-9
95,94,0,local_loglinear,45,44,50,1.9878984857223065,2.074132169344598,0.9704890352667136,0.18828119801134371,0.8317420187038487,0.16825798129615133,1.0526211763404967,1.211465702198988,0.8688823583117827,0.8126923133242132,0.7408743062853536,0.09252159575605237,0.7387438619640502,2.1515762382965655,2.369136259764788,8.004606448951363e-10
95,94,0,local_loglinear,46,45,49,1.9488527300944285,2.0334849187226225,0.9568360005983709,0.19004107039955792,0.8230267975072133,0.1769732024927867,1.0524715886762548,1.216217947696063,0.8653642964815637,0.8100579295724578,0.7345744281273507,0.09781444092823682,0.7366085695303437,2.1901491476803967,2.3812452788446827,1.1470490484383157e-11
95,94,0,local_loglinear,47,46,48,1.9095705418305435,1.9925698862298822,0.9430805934006711,0.1918945402225089,0.8143025803267095,0.18569741967329045,1.0523084154807534,1.2211172946435802,0.8617586697827428,0.8073823670920033,0.7282378282429081,0.10316968706434543,0.7343980230276544,2.2299638763344785,2.3938791201647684,8.12733488383295e-10
95,94,0,local_loglinear,48,47,47,1.8700964784735123,1.9514343864906623,0.9292387339165624,0.19384580156589432,0.8055785575005648,0.19442144249943516,1.0521316357326735,1.2261688944735345,0.8580642034508751,0.8046610924460111,0.721864959981815,0.1085831002360513,0.7321101673828496,2.2710930456547636,2.4070609782155246,1.1080465205101401e-11
95,94,0,local_loglinear,49,48,46,1.8304723458349386,1.9101228062100861,0.9153253462728677,0.19589944742839324,0.7968633801822648,0.20313661981773523,1.0519412005104254,1.231378182736111,0.8542795505545029,0.8018896007385363,0.7154561775115682,0.11405059369420054,0.7297427774499016,2.3136142186793967,2.42081603914283,5.2885771867587344e-11
95,94,0,local_loglinear,50,49,45,1.7907374363060322,1.8686768550098638,0.9013544453030198,0.19806049489071934,0.7881652063424683,0.21183479365753166,1.051737037514424,1.2367508895730346,0.8504032997926662,0.7990634025375554,0.7090117429340617,0.11956820591401665,0.7272934549737711,2.3576103340894683,2.4351716138525434,7.459086534046973e-10
95,94,0,local_loglinear,51,50,44,1.7509287541307545,1.827135803334116,0.8873392159901983,0.20033441463071125,0.7794917489308116,0.22050825106918837,1.051519046522772,1.242293045857409,0.8464339795100695,0.7961780091699133,0.7025318330294603,0.12513207635125678,0.7247596262934094,2.403170195647782,2.4501572792451234,1.2232498289513033e-9
95,94,0,local_loglinear,52,51,43,1.711081225946589,1.7855367048790356,0.8732920886856219,0.2027271639878105,0.7708503206420843,0.22914967935791575,1.0512871008467277,1.248010994945739,0.8423700633281965,0.7932289190657781,0.6960165455989251,0.13073842224836826,0.7221385392191497,2.450389008739788,2.4658050380679533,1.2213696885391214e-9
95,94,0,local_loglinear,53,52,42,1.6712278977226402,1.743914604960021,0.8592248077113268,0.205245224209317,0.7622478768287752,0.23775212317122485,1.0510410460043862,1.2539114031177605,0.8382099751155052,0.7902116044541272,0.689465905465138,0.13638351552470168,0.7194272603296057,2.49936897326238,2.4821494917243347,1.5145150514890184e-11
95,94,0,local_loglinear,54,53,41,1.6314001178621689,1.7023027331583271,0.8451485010021023,0.2078956390883221,0.7536910446927102,0.2463089553072898,1.0507807120468569,1.260001272896753,0.8339521035808986,0.7871215045868678,0.6828798701665721,0.14206366751751587,0.7166226693854407,2.550219901872505,2.499228047859406,7.128704510915422e-11
95,94,0,local_loglinear,55,54,40,1.5916277117741195,1.6607326889366918,0.8310737385266166,0.2106860625976328,0.7451861682554871,0.2548138317445129,1.050505895827923,1.2662879426726843,0.8295948025933801,0.7839540107123245,0.6762583355686866,0.14777520257500443,0.7137214572569061,2.603059955664666,2.5170811264750124,9.84884948594866e-10
95,94,0,local_loglinear,56,55,39,1.5519391413926646,1.6192346098545558,0.8170105917430612,0.2136248079649885,0.736739335674127,0.26326066432587303,1.050216376690044,1.2727791052766277,0.8251364061022894,0.7807044596419743,0.6696011411566947,0.15351444206294543,0.7107201207748312,2.6580164081258917,2.535752406571162,1.1675531883774795e-11
95,94,0,local_loglinear,57,56,38,1.5123616560513964,1.577837331693418,0.8029686854479463,0.21672090470053992,0.7283564140752564,0.2716435859247436,1.049911906998833,1.2794828102147497,0.8205752344751037,0.7773681233976235,0.6629080752950836,0.1592776825153165,0.7076149596768918,2.715226518602475,2.555289084701637,1.1352029872861768e-9
95,94,0,local_loglinear,58,57,37,1.4729214314632868,1.536568535233162,0.7889572495626851,0.219984159802443,0.720043074567695,0.279956925432305,1.0495922213722226,1.2864074758459874,0.8159096095752812,0.7739402038572057,0.6561788803509501,0.16506117937236142,0.7044020716674524,2.7748384710836462,2.57574217297179,1.3488832917980827e-11
95,94,0,local_loglinear,59,58,36,1.4336437002569444,1.4954548843659428,0.7749851665817111,0.22342522601505713,0.711804817233268,0.28819518276673195,1.0492570352170223,1.2935618907435016,0.811137868798794,0.7704158276231853,0.6494132578474989,0.17086112996118136,0.7010773483089139,2.837012416889884,2.597166823332121,8.459580991430362e-10
95,94,0,local_loglinear,60,59,35,1.3945528737257114,1.454522155598066,0.7610610128688475,0.22705567957696707,0.7036470009995639,0.2963529990004361,1.0489060382296502,1.300955215848903,0.80625837496275,0.7667900385356218,0.6426108736645595,0.176673652235545,0.6976364726918871,2.9019216530076535,2.6196226755292233,1.1386679871283425e-9
95,94,0,local_loglinear,61,60,34,1.3556726527684768,1.4137953551275066,0.7471931006022742,0.23088810316952393,0.6955748607033562,0.30442513929664383,1.0485389070779985,1.3085969930974266,0.8012695372286657,0.7630577972748411,0.6357713632287998,0.18249477151927973,0.6940749153470498,2.969753886006098,2.6431742557491384,1.1570647646249435e-9
95,94,0,local_loglinear,62,61,33,1.3170261319666012,1.3732988290955632,0.733389516128628,0.2349361790567151,0.6875935270268407,0.31240647297315927,1.0481553023781853,1.3164971391429598,0.7961698291729937,0.7592139801340516,0.6288943369084039,0.18832040467082928,0.6903879314104261,3.040712647937658,2.6678914118666,9.611283268722297e-10
95,94,0,local_loglinear,63,62,32,1.278635895670104,1.33305636601233,0.719658152078926,0.2392147943230393,0.679708050659509,0.320291949340491,1.0477548627291193,1.3246659399731264,0.7909578038598737,0.7552533761986964,0.6219793855883919,0.19414634051379098,0.686570560302299,3.115018891140168,2.69384978184518,2.102162479498566e-10
95,94,0,local_loglinear,64,63,31,1.240524104166744,1.2930912877956557,0.7060067406793819,0.24374015429884477,0.6719234145800853,0.3280765854199147,1.0473372180226002,1.3331140511979314,0.7856321198336083,0.751170691749761,0.6150260863831449,0.19996822810023185,0.6826176240109435,3.1929127165046696,2.7211313274564453,1.2378938292620498e-11
95,94,0,local_loglinear,65,64,30,1.2027125733294894,1.2534265342470097,0.6924428835524907,0.24852990902387984,0.6642445476254543,0.33575545237454574,1.046901988228929,1.3418524812296169,0.7801915656701639,0.7469605551967304,0.6080340086865421,0.20578156370889134,0.6785237273102155,3.27465530304713,2.74982491844056,8.382093872211066e-10
95,94,0,local_loglinear,66,65,29,1.165222846804553,1.214084740100479,0.6789740766762152,0.253603294923011,0.6566763405982343,0.3433236594017657,1.0464487803642506,1.3508925728295629,0.7746350830639123,0.742617521918084,0.6010027205607991,0.21158167558123925,0.6742832606891909,3.3605310713260046,2.7800269688668906,1.0675174351107033e-9
95,94,0,local_loglinear,67,66,28,1.1280762592665443,1.1750883019579055,0.6656077365641851,0.2589812889702292,0.649223652625698,0.35077634737430197,1.0459772012790176,1.360245985601659,0.7689617998147333,0.7381360859321672,0.5939317954459555,0.2173637155947855,0.669890402790729,3.450850051836971,2.8118421568125593,1.0776709979940178e-11
95,94,0,local_loglinear,68,67,27,1.0912939932353125,1.1364594395271037,0.6523512182770664,0.2646867836326988,0.6418913268158646,0.3581086731841354,1.045486846411244,1.369924659832731,0.7631710539022626,0.733510688190046,0.586820819353074,0.22312264386020042,0.6653391282388846,3.545950573786401,2.8453841953508734,6.854677354766835e-11
95,94,0,local_loglinear,69,68,26,1.0548971258144584,1.0982202451406384,0.6392118363987986,0.27074477578024714,0.6346841906663614,0.3653158093336386,1.0449773199655938,1.3799407904486614,0.7572624327061449,0.7287357351673494,0.5796693984197623,0.2288532247860891,0.6606232144080719,3.6462021929355943,2.8807767116052903,1.0919709782446505e-9
95,94,0,local_loglinear,70,69,25,1.0189066690092659,1.0603927274882536,0.6261968792065232,0.27718257987690587,0.6276070648217176,0.3723929351782824,1.044448226077151,1.3903067728784286,0.7512358038181548,0.7238056150473864,0.5724771670644813,0.2345500170566328,0.6557362537328602,3.752009005285163,2.9181541983640726,9.752375928928023e-12
95,94,0,local_loglinear,71,70,24,0.9833436003658529,1.022998844597196,0.6133136233387879,0.2840300611506536,0.6206647620978157,0.37933523790218426,1.0438991831716222,1.4010351545337256,0.7450913560545447,0.7187147216362545,0.5652437966252302,0.24020737143659937,0.650671667167675,3.863813300455144,2.9576630836915823,1.2287192045013041e-9
95,94,0,local_loglinear,72,71,23,0.9482288857424589,0.9860605292378405,0.6005693421038157,0.2913198964452187,0.6138620906685739,0.3861379093314261,1.0433298199697638,1.4121385638161856,0.7388296352096304,0.713457478503403,0.5579690046254497,0.24581942591826317,0.6454227235788963,3.98209967191414,2.999462897306978,1.2607632068917674e-9
95,94,0,local_loglinear,73,72,22,0.9135834919945474,0.9495997035628863,0.587971312175247,0.2990878619260681,0.6072038518035564,0.3927961481964436,1.042739785206567,1.4236296388879406,0.7324515848244749,0.7080283688192159,0.5506525646015785,0.2513801058368164,0.6399825623401255,4.107399588013179,3.0437275702348647,1.1018207983387123e-11
95,94,0,local_loglinear,74,73,21,0.8794283900304171,0.913638283725948,0.5755268176006484,0.30737315149398975,0.6006948350154108,0.39930516498458923,1.042128754191592,1.4355209388639925,0.7259585882573656,0.7024219694805574,0.5432943165560078,0.2568831270314296,0.6343442203643936,4.240296495966323,3.090646876706702,8.504618324934565e-11
95,94,0,local_loglinear,75,74,20,0.8457845479068054,0.878198174107265,0.5632431504978151,0.3162187279787591,0.5943398086292885,0.4056601913707115,1.041496437126746,1.4478248403453744,0.719352512889819,0.6966329907693242,0.5358941780466826,0.26232200395202837,0.6285006643778793,4.3814315112043065,3.140428031829744,1.6516255042078077e-10
95,94,0,local_loglinear,76,75,19,0.8126729137907305,0.8433012513673674,0.5511276070952614,0.3256717136131697,0.5881435120916332,0.4118564879083668,1.0408425806453891,1.4605534175147334,0.712635750369527,0.6906563179835195,0.5284521559386912,0.26769005779721194,0.6224448297782703,4.531509807765552,3.193297455191309,2.434903261215761e-10
95,94,0,local_loglinear,77,76,18,0.7801143874781179,0.8089693364705252,0.5391874808697351,0.3357838201222741,0.582110642577223,0.417889357422777,1.0401669786478942,1.4737183133559595,0.7058112593302992,0.6844870592148752,0.520968358741021,0.2729804309670248,0.6161696651453539,4.691307748530346,3.249502731569971,3.185702888104273e-10
95,94,0,local_loglinear,78,77,17,0.7481297807136569,0.7752241552102205,0.5274300516792576,0.34661182384581457,0.5762458394811776,0.4237541605188224,1.0394694789335193,1.4873305911038885,0.6988826056230247,0.6781205971741928,0.5134430095378275,0.2781861051989775,0.6096681836433453,4.86168087159257,3.309314784138557,4.0571896140443764e-10
95,94,0,local_loglinear,79,78,16,0.7167397658560497,0.7420872867357992,0.5158625708454941,0.35821808975014946,0.5705536661620523,0.4294463338379477,1.0387499907060638,1.501400570958027,0.6918540000575922,0.6715526452312303,0.5058764594547918,0.28329992413846705,0.6029335216334756,5.043572836478553,3.3730302850054685,5.026902279869385e-10
95,94,0,local_loglinear,80,79,15,0.6859648126636876,0.7095800998677106,0.5044922420590162,0.3706711487695147,0.5650385891678088,0.4349614108321912,1.038008491903247,1.5159376515917737,0.6847303322886078,0.6647793072496647,0.49826920158918775,0.28831462036579825,0.595959004842198,5.238025453455548,3.440974329868076,1.1503726048272567e-9
95,94,0,local_loglinear,81,80,14,0.6558251131077574,0.6777236770995716,0.4933261978519483,0.384046332398273,0.5597049541860373,0.4402950458139627,1.0372450370470463,1.530950117502299,0.6775172000635015,0.6577971412579732,0.4906218853069777,0.2932228477341981,0.588738222425656,5.4461899264886755,3.513503405606339,1.2365050910351325e-9
95,94,0,local_loglinear,82,81,13,0.6263404942990142,0.6465387265390649,0.48237147209712244,0.39842647295918937,0.5545569644779366,0.44544303552206344,1.0364597597170229,1.5464449331433212,0.6702209289860087,0.6506032231175702,0.4829353307964208,0.2980172140986344,0.5812651087054893,5.669339518175031,3.5910086873240763,7.822402815472608e-12
95,94,0,local_loglinear,83,82,12,0.5975303194591222,0.6160454817794229,0.4716349643146747,0.4139026701052963,0.5495986548733363,0.45040134512666374,1.0356528768525854,1.5624275309275597,0.6628485842397783,0.6431952135004426,0.4752105436717975,0.3026903204761791,0.573534035090192,5.908883760593451,3.6739196743056697,8.289167323785801e-11
95,94,0,local_loglinear,84,83,11,0.5694133773945118,0.5862635899252011,0.4611234020506848,0.43057513322846974,0.5448338685193663,0.4551661314806337,1.0348246923644147,1.5789015987791888,0.655407970429914,0.6355714233204717,0.4674487294869961,0.3072348003208748,0.5655399078628311,6.166384482495864,3.7627082454968486,1.3018272440434877e-9
95,94,0,local_loglinear,85,84,10,0.542007761272694,0.5572119894669592,0.45084329248068195,0.44855411009818685,0.5402662422755194,0.45973375772448055,1.0339755833581952,1.5958688650154575,0.6479076107222508,0.6277308733659448,0.4596513079078517,0.31164335327199805,0.5572782771804519,6.443573969508145,3.857893115294041,8.899684183604032e-10
95,94,0,local_loglinear,86,85,9,0.5153307365586551,0.5289087779646935,0.44080086313017014,0.46796091569785164,0.535899207482748,0.464100792517252,1.033105977912113,1.6133289144796903,0.6403566988975071,0.6196733433816187,0.4518199262101642,0.31590876657103867,0.5487454562219678,6.742375653377281,3.9600447298238945,4.720977818776354e-12
95,94,0,local_loglinear,87,86,8,0.4893985983603076,0.5013710703021357,0.4310019865613991,0.48892907871901753,0.5317360129392971,0.46826398706070294,1.0322163175970458,1.6312790543133209,0.6327650164254407,0.6113994058954376,0.4439564716938941,0.3200239168436675,0.5399386524303157,7.064927819367319,4.069790603530527,6.018697711327187e-11
95,94,0,local_loglinear,88,87,7,0.464226518422498,0.47461484930631753,0.4214520784377969,0.5116056499321503,0.5277797992739587,0.4722202007260413,1.031306973591258,1.6497142641802887,0.625142787441251,0.6029104277234323,0.4360630825459907,0.3239817236660698,0.5308561160782366,7.4136112377359895,4.187821034284857,1.695525512515195e-10
95,94,0,local_loglinear,89,88,6,0.4398283802677594,0.44865480948817194,0.41215594957085805,0.5361527446291285,0.5240337627696516,0.47596623723034837,1.0303780944834273,1.6686273134131877,0.61750043655691,0.5942085179091178,0.4281421564086909,0.32777501643653206,0.5214973160307045,7.791082055545123,4.314895027602291,3.705305484096383e-10
95,94,0,local_loglinear,90,89,5,0.41621659913930686,0.4235041942185579,0.40311758131012315,0.5627494529276155,0.5205014743667501,0.4794985256332499,1.0294293397523375,1.688009175400794,0.6098481896627808,0.5852963870385641,0.4201963556150773,0.3313962480449063,0.5118631586612351,8.200312172793977,4.451846084612491,7.376016688675614e-10
95,94,0,local_loglinear,91,90,4,0.3934019202572347,0.39917462675035037,0.39433976702848483,0.5915943761033772,0.5171874746054429,0.4828125253945571,1.0284594019742432,1.7078499558345144,0.602195408595893,0.5761770556077697,0.41222860757878843,0.3348369334411432,0.5019562817203453,8.644641060899142,4.599587105722159,1.4048319718932782e-9
95,94,0,local_loglinear,92,91,3,0.3713931827241391,0.375675934244228,0.38582352097974043,0.6229092745786564,0.5140983511870042,0.4859016488129958,1.027465165224024,1.728140731405278,0.594549475370861,0.5668533082847133,0.40424209797980737,0.33808660380148825,0.4917814789962717,9.127846077548702,4.759112945464465,2.6124266908992357e-9
95,94,0,local_loglinear,93,92,2,0.3501970263770254,0.35301596279835196,0.37756708254985105,0.6569447455566967,0.5112446586399261,0.4887553413600739,1.026440228329836,1.7488769885336006,0.5869139082163155,0.5573267199497703,0.3962402530350373,0.34113091191718037,0.4813463546663982,9.654244140206059,4.931497786024386,4.788928734572044e-9
95,94,0,local_loglinear,94,93,1,0.3298175020125403,0.33120038003899027,0.3695642179011231,0.6939896604891095,0.5086443027667756,0.49135569723322436,1.025372325282114,1.770064874949815,0.5792851662067954,0.5475959610626977,0.3882267049126181,0.3439482576761759,0.47066238042315783,10.228848439186041,5.117881928402763,8.695514835628219e-9
95,94,0,local_loglinear,95,94,0,0.3102555173950019,0.31023246061795345,0.3618013044836309,0.7343876153573974,0.5063284657137577,0.49367153428624233,1.0242388406508478,1.791732388368497,0.5716472210358892,0.537653893797233,0.3802052307048086,0.3465038453317252,0.45974665629772765,10.857624052173405,5.319437783286007,2.949616570896552e-7
100,99,0,local_loglinear,1,0,99,1.8901678313037162,1.9403612229421892,0.906495185575314,0.20859957981904168,0.8761960342164987,0.12380396578350128,,,,0.9967870194975489,0.9337836851161863,0.0652923148876943,0.7454800772873249,1.0599016809375605,2.331535287067304,1.4385464361577594e-11
100,99,0,local_loglinear,2,1,98,1.975646808183075,2.0298378997365614,0.9377968877670639,0.20320507284525097,0.8921365634962873,0.10786343650371266,1.0398130356575166,1.109641184299132,0.9370714158507734,0.9878698857804787,0.9336475050616719,0.056452031101244,0.7493925019821268,1.0775853119138288,2.310105976853435,8.704611592333116e-10
100,99,0,local_loglinear,3,2,97,2.0568655473342874,2.115032983101668,0.9675963367839989,0.19846672526247533,0.907154154410322,0.09284584558967801,1.0408510000703133,1.1098776538759065,0.9378069703768349,0.9792619875951668,0.9331339948481145,0.04825040634362443,0.7528321553153103,1.095752628014387,2.2915092581587935,1.510138936482579e-11
100,99,0,local_loglinear,4,3,96,2.1334270501436787,2.1955205927312305,0.9957507620826066,0.1943005459390854,0.9211689790313984,0.07883102096860162,1.0418324245073733,1.1102221713612235,0.9383999449677728,0.970986254084108,0.9322574166490485,0.04070333706688293,0.755845845984557,1.1143363102595618,2.275399485057946,6.804612867019944e-11
100,99,0,local_loglinear,5,4,95,2.2050203127968544,2.2709619270357666,1.022147274181834,0.19063514651171637,0.9341208230918643,0.06587917690813572,1.042758876924645,1.1106782356557465,0.938848753355645,0.9630567041350837,0.9310332686021787,0.033817281958049165,0.758475812843969,1.1332791342463269,2.261479328613506,1.102014068821173e-9
100,99,0,local_loglinear,6,5,94,2.2714163800182234,2.3411019551352608,1.0467017062869575,0.18740970361341763,0.9459677123597272,0.05403228764027279,1.0436320559352623,1.1112472351202805,0.939153793100147,0.9554799258220061,0.9294778538154913,0.027590773411079135,0.7607599601063894,1.1525333081461338,2.2494929484413464,1.8515267363542256e-11
100,99,0,local_loglinear,7,6,93,2.3324626695661284,2.40576425502939,1.0693568037167978,0.18457226465414503,0.9566842603179402,0.04331573968205982,1.0444537569305032,1.1119290875239092,0.939316876093544,0.9482564355401442,0.9276079161920683,0.02201582789785942,0.762732154125845,1.172059722776271,2.2392200828674595,9.008339591858506e-10
100,99,0,local_loglinear,8,7,92,2.3880761210335546,2.464844544843354,1.0900799484565769,0.18207834248871443,0.9662598707881517,0.033740129211848324,1.0452258313166438,1.1127227176081878,0.9393407852437583,0.9413818840049846,0.9254403390280612,0.017079218674762718,0.764422554182782,1.1918271803011482,2.2304709433821452,4.736811134280673e-10
100,99,0,local_loglinear,9,8,91,2.438235642771009,2.5183033796370458,1.108860599524741,0.1798897466341622,0.9746968711388009,0.02530312886119912,1.045950166587269,1.113626422254604,0.9392289422063816,0.9348481110430179,0.9229919003958746,0.012763608848296373,0.7658579509667104,1.2118116163555621,2.22308183979617,9.82698497464882e-10
100,99,0,local_loglinear,10,9,90,2.4829742625993108,2.566158428400635,1.1257075966836925,0.1779736103981056,0.9820086534230518,0.01799134657694823,1.0466286683639079,1.114638136468152,0.9389851595067982,0.9286440507850507,0.9202790789937363,0.009048541532943391,0.7670620980908742,1.2319953418364027,2.216911442536716,8.171120551540273e-10
100,99,0,local_loglinear,11,10,89,2.5223713072712655,2.6084766722567694,1.1406464410118238,0.17630158230116152,0.9882178947177187,0.011782105282281297,1.0472632347924655,1.1157556240179916,0.9386134492615189,0.92275648989854,0.9173179039241663,0.00591128470616345,0.7680560293319746,1.2523663369644416,2.211837585599746,1.4857210857681834e-11
100,99,0,local_loglinear,12,11,88,2.5565448494756944,2.645366776455414,1.1537166545553694,0.17484914902874643,0.9933548697436663,0.006645130256333731,1.0478557534575925,1.1169766209560903,0.9381178923518266,0.9171707047700384,0.9141238417978976,0.003327554040114075,0.768858351284202,1.2729175783194957,2.2077545575825566,1.1040160197100243e-9
100,99,0,local_loglinear,13,12,87,2.5856446089826073,2.676971845938852,1.1649692755951357,0.17359507216184408,0.9974559166249307,0.0025440833750692837,1.048408076071815,1.1182989263232292,0.9375025329933894,0.9118709764315017,0.9107117155368505,0.0012721080432639004,0.7694855139240172,1.293646441890437,2.2045707855968826,1.957956940282605e-11
100,99,0,local_loglinear,14,13,86,2.6098454157663498,2.703462687754256,1.1744645411323025,0.17252091593796404,1.0005620479655717,0.0005620479655716881,1.048922011306951,1.1197204733933073,0.9367713069746757,0.906841008794521,0.9070956491661575,0.0002807599396502103,0.7699520546989983,1.3145541604313906,2.2022068705566933,6.193810256415276e-11
100,99,0,local_loglinear,15,14,85,2.629341305855575,2.725031667817535,1.1822697874690613,0.17161064973602672,1.0027177108347736,0.002717710834773568,1.0493993215810349,1.1212393751783623,0.9359279961195625,0.9020642655424191,0.9032890339496686,0.0013568187406748228,0.7702708160277864,1.3356453309892908,2.2005939247571367,1.026515574623986e-9
100,99,0,local_loglinear,16,15,84,2.644340284362755,2.741887214298123,1.1884575760909968,0.1708503152227788,1.0039697136437091,0.003969713643709127,1.0498417084178964,1.12285394742309,0.9349761924311223,0.8975242304773982,0.8993045118863858,0.001981582272769636,0.7704531403174638,1.356927491946181,2.199672152668884,7.950726364087276e-10
100,99,0,local_loglinear,17,16,83,2.6550597499283173,2.7542489736997076,1.193104047597907,0.17022774649606104,1.0043663067615396,0.004366306761539596,1.0502508042481102,1.124562726225206,0.9339192734703764,0.8932046064765542,0.895153972838201,0.0021800629429163942,0.7705090432221112,1.378410759540518,2.199389641843424,1.4209353474072677e-11
100,99,0,local_loglinear,18,17,82,2.661722555700096,2.7623436023101253,1.1962875063976661,0.16973233127260348,1.003956387955221,0.003956387955220908,1.050628180021099,1.1263644801498145,0.9327603973106094,0.8890894721468103,0.8908485622453577,0.0019765751810077725,0.7704473638812729,1.4001074959953042,2.199701347559969,1.049328978890423e-9
100,99,0,local_loglinear,19,18,81,2.6645536794648517,2.766401178973804,1.1980872119169879,0.16935481150790974,1.002788858085505,0.002788858085505108,1.0509753282152554,1.1282582047793117,0.9315024909753057,0.8851633889914383,0.8863986972229212,0.0013945979554524507,0.7702758997085627,1.422032048682287,2.2005682154749175,7.649084206865124e-10
100,99,0,local_loglinear,20,19,80,2.663777445037193,2.7666521830889885,1.198582368218447,0.1690871134204569,1.0009120866130192,0.0009120866130192251,1.0512936662669305,1.1302431264125454,0.9301482501413613,0.8814114789490859,0.8818140886136578,0.00045667403986834887,0.7700015236259673,1.4442005242610987,2.2019564394697015,1.047951502761669e-9
100,99,0,local_loglinear,21,20,79,2.659615246640195,2.7633249945844267,1.1978512935215324,0.16892220301842378,0.9983734814307783,0.001626518569221691,1.0515845362735723,1.1323186988020797,0.9287001419177137,0.8778194755443719,0.877103767438175,0.0008156574924159388,0.7696302864499942,1.4666306018186606,2.2038368306738323,1.0902539900675643e-9
100,99,0,local_loglinear,22,21,78,2.652283722104379,2.7566438631784362,1.195970753215495,0.16885396191588453,0.9952191435607408,0.004780856439259185,1.0518492100255692,1.134484597488567,0.9271604148298448,0.8743737570248927,0.8722761143712745,0.0024019051516135093,0.7691675054062447,1.489341371824599,2.206184284805382,7.592414284667339e-10
100,99,0,local_loglinear,23,22,77,2.6419933257887647,2.7468273035299453,1.1930154257648782,0.16887708520628725,0.9914936266526031,0.0085063733473969,1.0520888720754458,1.1367407086517483,0.9255310943542214,0.8710613519556273,0.867338891258346,0.004282634452300066,0.7686178448683191,1.5123532399290702,2.208977310830729,1.3170892727522658e-11
100,99,0,local_loglinear,24,23,76,2.6289472351793273,2.734086841819037,1.1890575027794235,0.16898698971775178,0.9872397319994688,0.012760268000531205,1.0523046442990145,1.1390871345151017,0.9238140019437322,0.8678699460454498,0.8622992733673052,0.006439476399746652,0.7679853823061236,1.5356878171894068,2.2121976518161057,9.814481339123318e-10
100,99,0,local_loglinear,25,24,75,2.6133405607455122,2.7186260914390945,1.1841663878682869,0.16917973917672405,0.9824983876597321,0.017501612340267925,1.0524975692732752,1.1415241769464215,0.9220107559076912,0.8647878677825797,0.8571638822394128,0.008855109164674496,0.7672736692618678,1.5593678698672764,2.215829944605707,1.1527821532430709e-9
100,99,0,local_loglinear,26,25,74,2.595359800751789,2.7006400928610983,1.1784084881026573,0.16945197910510915,0.9773085660605164,0.022691433939483585,1.052668619246076,1.1440523384582986,0.9201227809775123,0.8618040708453701,0.8519388181651719,0.011513234239403647,0.766485783306228,1.5834172802192605,2.2198614360741296,1.1267632884180743e-9
100,99,0,local_loglinear,27,26,73,2.5751825058919025,2.680314882902008,1.1718470810125532,0.16980088171277719,0.9717072446039202,0.028292755396079783,1.0528186966291293,1.1466723177972258,0.9181513151478264,0.8589081097541544,0.8466296920460488,0.014398543172180228,0.7656243735741461,1.6078610325862688,2.224281740661781,1.0913031887169187e-9
100,99,0,local_loglinear,28,27,72,2.552977116038422,2.657827251729451,1.1645422498254856,0.17022409679670725,0.9657293860451173,0.034270613954882734,1.0529486460223632,1.1493850076181062,0.9160974251825417,0.8560901173336352,0.8412416562922294,0.017496685175824422,0.7646916986101528,1.6327251992021723,2.2290826441814007,1.850956735324117e-11
100,99,0,local_loglinear,29,28,71,2.5289029449778373,2.633344667598498,1.156550860805446,0.17071971426411808,0.9594079737073403,0.04059202629265968,1.0530592360120603,1.1521914838105003,0.9139620026780686,0.8533407671303976,0.8357794347539136,0.020794216000525667,0.7636896632726744,1.6580369852470254,2.234257918067087,2.6091721954306976e-10
100,99,0,local_loglinear,30,29,70,2.503110270312838,2.607025316141709,1.1479265916657282,0.171286228230682,0.952774037883042,0.047225962116957954,1.0531511834679321,1.1550930154431471,0.9117457809784215,0.8506512470202767,0.8302473510688615,0.02427855935925366,0.7626198468049646,1.683824747499209,2.2398031837081316,1.5667372238132135e-11
100,99,0,local_loglinear,31,30,69,2.4757405200005054,2.5790182508166026,1.1387199890963489,0.1719225090424728,0.9458567154146738,0.054143284585326246,1.0532251440702989,1.1580910552248744,0.9094493384769188,0.8480132246325895,0.8246493558161265,0.027937958022384635,0.7614835293264015,1.7101180525555622,2.245715789025968,8.077301435300291e-10
100,99,0,local_loglinear,32,31,68,2.446926526882852,2.5494636212875017,1.1289785516429445,0.17262777975143526,0.9386833190015053,0.061316680998494744,1.053281716183894,1.161187241602302,0.9070731045326412,0.8454188135101438,0.818989052146897,0.03176142543797397,0.7602817148079384,1.736947746807421,2.2519947067337407,1.2927948504170405e-11
100,99,0,local_loglinear,33,32,67,2.416792834701483,2.5184929610445095,1.1187468357779,0.1734015956383472,0.9312794085879144,0.06872059141208564,1.0533214491126217,1.1643834013485013,0.9046173690665326,0.8428605424770906,0.8132697199130725,0.03573870093906667,0.759015149647452,1.7643460293324853,2.2586404586918807,1.1083871163768055e-9
100,99,0,local_loglinear,34,33,66,2.385456044971676,2.486229524555968,1.108066572944624,0.17424382891656845,0.9236688777511972,0.07633112224880279,1.0533448384675268,1.1676815466102888,0.9020822856414279,0.8403313216438928,0.8074943384108488,0.039860200782212835,0.7576843401558826,1.7923465526228266,2.265655048981789,1.7648640840514633e-11
100,99,0,local_loglinear,35,34,65,2.3530251881838717,2.452788654509782,1.0969767967548385,0.1751546566733973,0.9158740421782269,0.08412595782177312,1.0533523297517338,1.1710838799871854,0.8994678756599912,0.8378244098857163,0.8016656076226221,0.04411697096601286,0.756289567379685,1.8209845352031793,2.2730419137912725,9.508856799904889e-10
100,99,0,local_loglinear,36,35,64,2.3196021100899595,2.418278168091386,1.0855139794848259,0.17613455061518205,0.9079157228149402,0.09208427718505985,1.0533443264362155,1.1745927993140894,0.8967740369695116,0.8353333865754985,0.7957859680261445,0.048500645226301126,0.7548308986372712,1.8502968752506732,2.2808058915545946,1.2730004480463896e-9
100,99,0,local_loglinear,37,36,63,2.2852818685254896,2.3827987581973735,1.0737121722182061,0.1771842698856722,0.8998133319058969,0.10018666809410315,1.0533211905253694,1.1782108948223586,0.8940005521542737,0.832852123460114,0.789857619141275,0.05300340326800318,0.7533081974679497,1.8803222809442786,2.28895320462245,7.76892927321203e-10
100,99,0,local_loglinear,38,37,62,2.250153133619715,2.3464444030787095,1.0616031399025796,0.17830485915956618,0.8915849723944883,0.1084150276055117,1.0532832328214372,1.1819409607727465,0.8911470773741579,0.830374751277201,0.7838825368372391,0.05761792279192082,0.751721134389844,1.911101441919073,2.297491439727533,9.455903068259882e-10
100,99,0,local_loglinear,39,38,61,2.214298579061432,2.3093027667180537,1.0492165023414268,0.17949764595141357,0.8832475163890823,0.11675248361091772,1.0532307304289243,1.1857859940239068,0.888213164716879,0.8278956362428158,0.777862489239763,0.06233734374885505,0.7500691928841133,1.942677181681145,2.3064295573038778,7.634772419352635e-10
100,99,0,local_loglinear,40,39,60,2.1777952695506997,2.2714555978377566,1.0365798726825972,0.18076424065066987,0.8748166848732291,0.12518331512677094,1.0531639259228844,1.1897492041400277,0.8851982604889662,0.8254093563550243,0.7717990516148592,0.06715523248834757,0.7483516746491506,1.9750946302941632,2.315777908636622,1.1697807383657795e-11
100,99,0,local_loglinear,41,40,59,2.14071504004441,2.232979124000511,1.0237189866344611,0.18210654182863684,0.8663071399623095,0.13369286003769054,1.0530830160893425,1.1938340128265539,0.8821017032309496,0.822910671805751,0.7656936202447922,0.07206553890145026,0.7465677061660597,2.0084014451161485,2.3255482499372118,5.293022632550788e-11
100,99,0,local_loglinear,42,41,58,2.1031248571648287,2.1939444260601815,1.0106578339055992,0.1835267402503687,0.8577325541666295,0.14226744583337048,1.0529881697717882,1.198044069558471,0.8789227345867653,0.8203945056427151,0.7595474251212644,0.07706256636464859,0.7447162409301009,2.0426480117581223,2.335753784428774,2.1176711455447926e-10
100,99,0,local_loglinear,43,42,57,2.065087170288674,2.1544178044444924,0.9974187811830777,0.1850273272286666,0.8491056880282747,0.15089431197172531,1.0528795194198668,1.2023832518270527,0.87566049994458,0.8178559202495401,0.7533615418404571,0.08214093665647865,0.742796062665443,2.0778876877033947,2.3464092041759494,1.628522802352202e-11
100,99,0,local_loglinear,44,43,56,2.0266602458718865,2.11446112847811,0.98402269104109,0.18661110487852756,0.8404384615456467,0.15956153845435328,1.0527571648312937,1.2068556753832707,0.8723140523799263,0.8152900961258523,0.7471369025826622,0.08729555787648746,0.7408057869435275,2.1141770631586243,2.3575307462429143,1.0486480462401257e-9
100,99,0,local_loglinear,45,44,55,1.9878984857223065,2.074132169344598,0.9704890352667136,0.18828119801134371,0.8317420187038487,0.16825798129615133,1.0526211763404967,1.211465702198988,0.8688823583117827,0.8126923133242132,0.7408743062853536,0.09252159575605237,0.7387438619640502,2.1515762382965655,2.369136259764788,8.004606448951363e-10
100,99,0,local_loglinear,46,45,54,1.9488527300944285,2.0334849187226225,0.9568360005983709,0.19004107039955792,0.8230267975072133,0.1769732024927867,1.0524715886762548,1.216217947696063,0.8653642964815637,0.8100579295724578,0.7345744281273507,0.09781444092823682,0.7366085695303437,2.1901491476803967,2.3812452788446827,1.1470490484383157e-11
100,99,0,local_loglinear,47,46,53,1.9095705418305435,1.9925698862298822,0.9430805934006711,0.1918945402225089,0.8143025803267095,0.18569741967329045,1.0523084154807534,1.2211172946435802,0.8617586697827428,0.8073823670920033,0.7282378282429081,0.10316968706434543,0.7343980230276544,2.2299638763344785,2.3938791201647684,8.12733488383295e-10
100,99,0,local_loglinear,48,47,52,1.8700964784735123,1.9514343864906623,0.9292387339165624,0.19384580156589432,0.8055785575005648,0.19442144249943516,1.0521316357326735,1.2261688944735345,0.8580642034508751,0.8046610924460111,0.721864959981815,0.1085831002360513,0.7321101673828496,2.2710930456547636,2.4070609782155246,1.1080465205101401e-11
100,99,0,local_loglinear,49,48,51,1.8304723458349386,1.9101228062100861,0.9153253462728677,0.19589944742839324,0.7968633801822648,0.20313661981773523,1.0519412005104254,1.231378182736111,0.8542795505545029,0.8018896007385363,0.7154561775115682,0.11405059369420054,0.7297427774499016,2.3136142186793967,2.42081603914283,5.2885771867587344e-11
100,99,0,local_loglinear,50,49,50,1.7907374363060322,1.8686768550098638,0.9013544453030198,0.19806049489071934,0.7881652063424683,0.21183479365753166,1.051737037514424,1.2367508895730346,0.8504032997926662,0.7990634025375554,0.7090117429340617,0.11956820591401665,0.7272934549737711,2.3576103340894683,2.4351716138525434,7.459086534046973e-10
100,99,0,local_loglinear,51,50,49,1.7509287541307545,1.827135803334116,0.8873392159901983,0.20033441463071125,0.7794917489308116,0.22050825106918837,1.051519046522772,1.242293045857409,0.8464339795100695,0.7961780091699133,0.7025318330294603,0.12513207635125678,0.7247596262934094,2.403170195647782,2.4501572792451234,1.2232498289513033e-9
100,99,0,local_loglinear,52,51,48,1.711081225946589,1.7855367048790356,0.8732920886856219,0.2027271639878105,0.7708503206420843,0.22914967935791575,1.0512871008467277,1.248010994945739,0.8423700633281965,0.7932289190657781,0.6960165455989251,0.13073842224836826,0.7221385392191497,2.450389008739788,2.4658050380679533,1.2213696885391214e-9
100,99,0,local_loglinear,53,52,47,1.6712278977226402,1.743914604960021,0.8592248077113268,0.205245224209317,0.7622478768287752,0.23775212317122485,1.0510410460043862,1.2539114031177605,0.8382099751155052,0.7902116044541272,0.689465905465138,0.13638351552470168,0.7194272603296057,2.49936897326238,2.4821494917243347,1.5145150514890184e-11
100,99,0,local_loglinear,54,53,46,1.6314001178621689,1.7023027331583271,0.8451485010021023,0.2078956390883221,0.7536910446927102,0.2463089553072898,1.0507807120468569,1.260001272896753,0.8339521035808986,0.7871215045868678,0.6828798701665721,0.14206366751751587,0.7166226693854407,2.550219901872505,2.499228047859406,7.128704510915422e-11
100,99,0,local_loglinear,55,54,45,1.5916277117741195,1.6607326889366918,0.8310737385266166,0.2106860625976328,0.7451861682554871,0.2548138317445129,1.050505895827923,1.2662879426726843,0.8295948025933801,0.7839540107123245,0.6762583355686866,0.14777520257500443,0.7137214572569061,2.603059955664666,2.5170811264750124,9.84884948594866e-10
100,99,0,local_loglinear,56,55,44,1.5519391413926646,1.6192346098545558,0.8170105917430612,0.2136248079649885,0.736739335674127,0.26326066432587303,1.050216376690044,1.2727791052766277,0.8251364061022894,0.7807044596419743,0.6696011411566947,0.15351444206294543,0.7107201207748312,2.6580164081258917,2.535752406571162,1.1675531883774795e-11
100,99,0,local_loglinear,57,56,43,1.5123616560513964,1.577837331693418,0.8029686854479463,0.21672090470053992,0.7283564140752564,0.2716435859247436,1.049911906998833,1.2794828102147497,0.8205752344751037,0.7773681233976235,0.6629080752950836,0.1592776825153165,0.7076149596768918,2.715226518602475,2.555289084701637,1.1352029872861768e-9
100,99,0,local_loglinear,58,57,42,1.4729214314632868,1.536568535233162,0.7889572495626851,0.219984159802443,0.720043074567695,0.279956925432305,1.0495922213722226,1.2864074758459874,0.8159096095752812,0.7739402038572057,0.6561788803509501,0.16506117937236142,0.7044020716674524,2.7748384710836462,2.57574217297179,1.3488832917980827e-11
100,99,0,local_loglinear,59,58,41,1.4336437002569444,1.4954548843659428,0.7749851665817111,0.22342522601505713,0.711804817233268,0.28819518276673195,1.0492570352170223,1.2935618907435016,0.811137868798794,0.7704158276231853,0.6494132578474989,0.17086112996118136,0.7010773483089139,2.837012416889884,2.597166823332121,8.459580991430362e-10
100,99,0,local_loglinear,60,59,40,1.3945528737257114,1.454522155598066,0.7610610128688475,0.22705567957696707,0.7036470009995639,0.2963529990004361,1.0489060382296502,1.300955215848903,0.80625837496275,0.7667900385356218,0.6426108736645595,0.176673652235545,0.6976364726918871,2.9019216530076535,2.6196226755292233,1.1386679871283425e-9
100,99,0,local_loglinear,61,60,39,1.3556726527684768,1.4137953551275066,0.7471931006022742,0.23088810316952393,0.6955748607033562,0.30442513929664383,1.0485389070779985,1.3085969930974266,0.8012695372286657,0.7630577972748411,0.6357713632287998,0.18249477151927973,0.6940749153470498,2.969753886006098,2.6431742557491384,1.1570647646249435e-9
100,99,0,local_loglinear,62,61,38,1.3170261319666012,1.3732988290955632,0.733389516128628,0.2349361790567151,0.6875935270268407,0.31240647297315927,1.0481553023781853,1.3164971391429598,0.7961698291729937,0.7592139801340516,0.6288943369084039,0.18832040467082928,0.6903879314104261,3.040712647937658,2.6678914118666,9.611283268722297e-10
100,99,0,local_loglinear,63,62,37,1.278635895670104,1.33305636601233,0.719658152078926,0.2392147943230393,0.679708050659509,0.320291949340491,1.0477548627291193,1.3246659399731264,0.7909578038598737,0.7552533761986964,0.6219793855883919,0.19414634051379098,0.686570560302299,3.115018891140168,2.69384978184518,2.102162479498566e-10
100,99,0,local_loglinear,64,63,36,1.240524104166744,1.2930912877956557,0.7060067406793819,0.24374015429884477,0.6719234145800853,0.3280765854199147,1.0473372180226002,1.3331140511979314,0.7856321198336083,0.751170691749761,0.6150260863831449,0.19996822810023185,0.6826176240109435,3.1929127165046696,2.7211313274564453,1.2378938292620498e-11
100,99,0,local_loglinear,65,64,35,1.2027125733294894,1.2534265342470097,0.6924428835524907,0.24852990902387984,0.6642445476254543,0.33575545237454574,1.046901988228929,1.3418524812296169,0.7801915656701639,0.7469605551967304,0.6080340086865421,0.20578156370889134,0.6785237273102155,3.27465530304713,2.74982491844056,8.382093872211066e-10
100,99,0,local_loglinear,66,65,34,1.165222846804553,1.214084740100479,0.6789740766762152,0.253603294923011,0.6566763405982343,0.3433236594017657,1.0464487803642506,1.3508925728295629,0.7746350830639123,0.742617521918084,0.6010027205607991,0.21158167558123925,0.6742832606891909,3.3605310713260046,2.7800269688668906,1.0675174351107033e-9
100,99,0,local_loglinear,67,66,33,1.1280762592665443,1.1750883019579055,0.6656077365641851,0.2589812889702292,0.649223652625698,0.35077634737430197,1.0459772012790176,1.360245985601659,0.7689617998147333,0.7381360859321672,0.5939317954459555,0.2173637155947855,0.669890402790729,3.450850051836971,2.8118421568125593,1.0776709979940178e-11
100,99,0,local_loglinear,68,67,32,1.0912939932353125,1.1364594395271037,0.6523512182770664,0.2646867836326988,0.6418913268158646,0.3581086731841354,1.045486846411244,1.369924659832731,0.7631710539022626,0.733510688190046,0.586820819353074,0.22312264386020042,0.6653391282388846,3.545950573786401,2.8453841953508734,6.854677354766835e-11
100,99,0,local_loglinear,69,68,31,1.0548971258144584,1.0982202451406384,0.6392118363987986,0.27074477578024714,0.6346841906663614,0.3653158093336386,1.0449773199655938,1.3799407904486614,0.7572624327061449,0.7287357351673494,0.5796693984197623,0.2288532247860891,0.6606232144080719,3.6462021929355943,2.8807767116052903,3.6168756241816725e-10
100,99,0,local_loglinear,70,69,30,1.0189066690024737,1.0603927274236868,0.6261968795212987,0.2771825795668189,0.6276070641154234,0.37239293588457656,1.044448226979711,1.3903067728784286,0.7512358044673353,0.7238056154486192,0.5724771670644813,0.2345500176109706,0.6557362535573324,3.752009001316529,2.918154199719617,7.1372912280640136e-12
100,99,0,local_loglinear,71,70,29,0.9833436005141958,1.022998844649941,0.6133136240349378,0.2840300605559665,0.6206647608919315,0.37933523910806854,1.043899183894647,1.401035153393574,0.745091357176959,0.7187147223367691,0.5652437966353998,0.2402073723932847,0.6506716668304366,3.863813293176077,2.957663086349035,5.19586492748165e-11
100,99,0,local_loglinear,72,71,28,0.9482288861655321,0.9860605295891063,0.6005693428830066,0.29131989580667556,0.6138620895969397,0.38613791040306034,1.0433298198048355,1.4121385615965696,0.7388296362541382,0.7134574791515619,0.5579690046530192,0.2458194267773285,0.6454227232889486,3.982099664754367,2.9994628996403834,1.3827583286335478e-10
100,99,0,local_loglinear,73,72,27,0.9135834926470344,0.9495997041714348,0.5879713130062875,0.29908786131086074,0.6072038509882399,0.3927961490117601,1.042739784920257,1.4236296366828052,0.7324515857578954,0.7080283693421955,0.5506525646448048,0.2513801064969583,0.6399825621034417,4.107399581809402,3.043727572181942,1.2196568289264414e-9
100,99,0,local_loglinear,74,73,26,0.8794283908601601,0.9136382845463835,0.5755268182292962,0.3073731508404278,0.6006948343049215,0.39930516569507846,1.0421287538247106,1.4355209368213082,0.7259585890347996,0.702421969960313,0.5432943166114212,0.2568831276124364,0.6343442203143491,4.240296489886934,3.0906468771279494,7.836452302534632e-10
100,99,0,local_loglinear,75,74,25,0.8457845488434801,0.8781981749384516,0.5632431517499584,0.31621872649737387,0.5943398065032025,0.4056601934967975,1.0414964390215187,1.4478248387950976,0.7193525149687777,0.696632992081431,0.5358941781129012,0.26232200571195996,0.6285006640051766,4.381431494722423,3.1404280350430467,6.278746164938064e-12
100,99,0,local_loglinear,76,75,24,0.8126729150940968,0.843301252448511,0.5511276093311683,0.32567171087900876,0.5881435080971688,0.41185649190283125,1.0408425832285795,1.46055341341033,0.7126357541407927,0.6906563204178926,0.5284521560350932,0.267690061139513,0.6224448289644585,4.531509776114538,3.1932974623856123,1.2662349439130544e-9
100,99,0,local_loglinear,77,76,23,0.7801143894630381,0.8089693379466323,0.5391874853534923,0.33578381435693566,0.5821106340636244,0.4178893659363756,1.0401669849264294,1.4737183055158405,0.7058112673455212,0.6844870643424216,0.5209683588929084,0.2729804381665552,0.616169663244693,4.691307679391559,3.249502748817847,9.774286292477878e-12
100,99,0,local_loglinear,78,77,22,0.7481297841292162,0.7752241576833027,0.5274300600053906,0.3466118128686385,0.5762458238623351,0.42375417613766486,1.0394694890605838,1.4873305742641403,0.6988826203447498,0.6781206065767259,0.5134430098054548,0.2781861185433136,0.6096681799760608,4.8616807389840035,3.309314818341017,8.709570535401898e-11
100,99,0,local_loglinear,79,78,21,0.7167397718140058,0.7420872909693406,0.5158625861492577,0.358218068821129,0.5705536375700219,0.42944636242997813,1.0387500094080337,1.501400539014557,0.6918540272336764,0.6715526624352433,0.5058764599314547,0.2832999488144792,0.6029335147094997,5.04357258224316,3.3730303514549362,1.2428277557417229e-9
100,99,0,local_loglinear,80,79,20,0.6859648231118332,0.7095801071167678,0.504492270330802,0.37067110811657916,0.5650385358041253,0.43496146419587467,1.0380085278485094,1.5159375914398483,0.6847303831700627,0.6647793393094213,0.4982692024423425,0.2883146668797256,0.5959589917186787,5.238024956435706,3.4409744596392082,1.2595166974003636e-9
100,99,0,local_loglinear,81,80,19,0.6558251315848842,0.6777236897547941,0.49332624989317475,0.3840462549072505,0.55970485702051,0.44029514297949,1.0372451022112739,1.5309500028732401,0.6775172933568072,0.6577971995819435,0.490621886850666,0.29322293325339116,0.5887381977744636,5.44618897570944,3.513503657115695,1.0658423290132744e-9
100,99,0,local_loglinear,82,81,18,0.6263405268524003,0.6465387486109926,0.4823715662922344,0.3984263252557674,0.5545567877168069,0.44544321228319306,1.036459878598464,1.54644471783929,0.6702210991716648,0.6506033290442972,0.48293533357529617,0.29801737115758464,0.5812650634230605,5.669337699625066,3.5910091646995075,6.759708075044238e-12
100,99,0,local_loglinear,83,82,17,0.5975303765045931,0.6160455199478124,0.47163513455679457,0.4139023886393507,0.5495983335996035,0.45040166640039647,1.0356530952009737,1.5624271304272457,0.6628488938986705,0.6431954055660678,0.47521054865566703,0.3026906086001404,0.5735339519730771,5.908880282318404,3.6739205810621027,7.221342047138207e-11
100,99,0,local_loglinear,84,83,16,0.5694134769743938,0.5862636555352215,0.46112370917624323,0.43057459727106256,0.5448332856199224,0.4551667143800776,1.0348250921898379,1.578900854676448,0.6554085325401237,0.6355717707025006,0.4674487383992023,0.3072353278215615,0.5655397555795378,6.1663778348891185,3.762709967400501,1.5402808197728924e-10
100,99,0,local_loglinear,85,84,15,0.5420079345050981,0.5572121016876518,0.4508438451935835,0.4485530911541311,0.540265187671839,0.45973481232816105,1.033976312417803,1.5958674851582029,0.6479086277738794,0.6277314994442971,0.45965132379831086,0.3116443160682882,0.5572779989831458,6.443561286701545,3.8578963810528246,1.1518244605762645e-9
100,99,0,local_loglinear,86,85,14,0.5153310368572929,0.5289089686935725,0.44080185631992663,0.46795897801062347,0.5358973007664304,0.4641026992335696,1.0331073087085232,1.613326362852828,0.6403585365590199,0.6196744700247475,0.4518199544475079,0.3159105221967338,0.548744948828416,6.74235144918434,3.9600509242519233,1.021070925551708e-9
100,99,0,local_loglinear,87,86,13,0.48939911745207176,0.5013713927980108,0.4310037685180096,0.4889253963502461,0.5317325721638108,0.46826742783618924,1.032218739109226,1.6312743419462847,0.6327683287641725,0.6114014278323081,0.44395652173498357,0.3200271111858443,0.5399377288443342,7.064881664156216,4.069802350936852,5.144483440773052e-12
100,99,0,local_loglinear,88,87,12,0.46422741317996224,0.47461539182940066,0.4214552689913638,0.5115986584307748,0.527773603977017,0.472226396022983,1.0313113662940603,1.6497055782262646,0.6251487416335881,0.6029140453507885,0.43606317096967273,0.3239875211441414,0.5308544395076705,7.413523318433076,4.187843293577561,1.2038851132300768e-9
100,99,0,local_loglinear,89,88,11,0.43982991802352916,0.4486557168893886,0.4121616512596094,0.5361394798409856,0.524022629928085,0.475977370071915,1.0303860468215553,1.6686113418399626,0.6175111129745516,0.5942149720454517,0.42814231216292986,0.32778551432314385,0.5214942802921366,7.7909147210469705,4.314937180605654,5.477779744638654e-12
100,99,0,local_loglinear,90,89,10,0.4162192343566992,0.4235057028971012,0.40312774964013043,0.5627243084893687,0.5204815129629957,0.4795184870370043,1.0294436960311109,1.6879798729572428,0.6098672813127713,0.5853078660264087,0.4201966290886341,0.33141520929454993,0.5118576771627468,8.199994013760094,4.45192585119156,7.856210440395087e-11
100,99,0,local_loglinear,91,90,9,0.3934064231813471,0.39917711907083153,0.3943578638296046,0.5915467543283868,0.5171517616997016,0.48284823830029844,1.0284852536815239,1.707796327476434,0.6022294562497916,0.5761974078941114,0.41222908613450115,0.33487109489172373,0.5019464119166077,8.644036726169116,4.599737941056619,1.6625764659758694e-10
100,99,0,local_loglinear,92,91,8,0.37140085545146867,0.37568002352580526,0.38585566056500586,0.6228191644494888,0.5140346010402425,0.48596539895975754,1.0275115911047255,1.7280428252992521,0.5946100270557746,0.5668892770817655,0.4042429325296256,0.3381479907585392,0.49176375973479935,9.126699323819782,4.759397955243423,2.3816640025996395e-10
100,99,0,local_loglinear,93,92,7,0.3502100644949881,0.3530226235253646,0.3776240392849459,0.6567744011265189,0.5111311230603897,0.48886887693961034,1.0265233691367643,1.7486987048184814,0.5870212897786298,0.5573900775240614,0.3962417032541181,0.34124092672088524,0.48131463948683423,9.652070404845304,4.932035902884621,3.652871422112296e-10
100,99,0,local_loglinear,94,93,6,0.32983959879946756,0.33121114435160237,0.3696649332222101,0.6936679602706226,0.5084425815904604,0.4915574184095396,1.0255207836569802,1.7697410882944793,0.5794750375860273,0.5477071814686629,0.3882292158369115,0.34414487609357536,0.47060579120323204,10.224732466306415,5.1188970996880565,5.910854292984838e-10
100,99,0,local_loglinear,95,94,5,0.31029287140842815,0.31024970906653404,0.36197899795556776,0.7337806993870055,0.5059709337708412,0.49402906622915876,1.024503126420168,1.7911459752231265,0.5719819269853446,0.5378484431730254,0.3802095618905863,0.3468542369649651,0.45964600598683153,10.849839129113056,5.3213513186498105,9.924754446183924e-10
100,99,0,local_loglinear,96,95,4,0.2915709976106335,0.29014023135496814,0.3545651035808522,0.7774227020761499,0.5037198062433274,0.49628019375667265,1.0234680263465443,1.8128902261318565,0.5645504684143543,0.5278217024842382,0.3721870916979836,0.3493618794731135,0.44844645442866043,11.533216397883765,5.540899628998269,1.7049483857261508e-9
100,99,0,local_loglinear,97,96,3,0.27367260492699186,0.27088232361274567,0.34741948631636893,0.8249392947882196,0.5016961904696172,0.4983038095303828,1.0224101419469143,1.834955068475288,0.5571853826352606,0.5176339458096623,0.3641663892793281,0.35165744753363204,0.43702119417197716,12.28150332444195,5.77917569277129,2.9660975589706037e-9
100,99,0,local_loglinear,98,97,2,0.25659358670250565,0.25247322294840374,0.34053431245357135,0.8767211499799207,0.4999133875806517,0.5000866124193484,1.021318914251178,1.857332220775173,0.5498848847972508,0.5072899057147112,0.356152233917465,0.35372438350487545,0.4253879957597385,13.10235999343988,6.03793534597439,5.1905442290696995e-9
100,99,0,local_loglinear,99,98,1,0.24032674966105053,0.2349077394935744,0.3338952330555008,0.9332221270513237,0.4983960900133701,0.5016039099866298,1.020174719794385,1.8800345328230925,0.5426361601254595,0.4967897397967728,0.34814954176989565,0.3555347726211785,0.4135697243373504,14.004793974847976,6.319022802437201,9.098164731083526e-9
100,99,0,local_loglinear,100,99,0,0.224861271248803,0.21817823572779568,0.32747721255676476,0.9949917018041589,0.49718910877709577,0.5028108912229042,1.0189423177018255,1.9031144102470912,0.5354078095438997,0.4861252035133341,0.34016327743927743,0.3570404810195251,0.4015966808854078,14.999699399454821,6.624291595976984,3.113283213640829e-7
105,104,0,local_loglinear,1,0,104,1.8901678313037162,1.9403612229421892,0.906495185575314,0.20859957981904168,0.8761960342164987,0.12380396578350128,,,,0.9967870194975489,0.9337836851161863,0.0652923148876943,0.7454800772873249,1.0599016809375605,2.331535287067304,1.4385464361577594e-11
105,104,0,local_loglinear,2,1,103,1.975646808183075,2.0298378997365614,0.9377968877670639,0.20320507284525097,0.8921365634962873,0.10786343650371266,1.0398130356575166,1.109641184299132,0.9370714158507734,0.9878698857804787,0.9336475050616719,0.056452031101244,0.7493925019821268,1.0775853119138288,2.310105976853435,8.704611592333116e-10
105,104,0,local_loglinear,3,2,102,2.0568655473342874,2.115032983101668,0.9675963367839989,0.19846672526247533,0.907154154410322,0.09284584558967801,1.0408510000703133,1.1098776538759065,0.9378069703768349,0.9792619875951668,0.9331339948481145,0.04825040634362443,0.7528321553153103,1.095752628014387,2.2915092581587935,1.510138936482579e-11
105,104,0,local_loglinear,4,3,101,2.1334270501436787,2.1955205927312305,0.9957507620826066,0.1943005459390854,0.9211689790313984,0.07883102096860162,1.0418324245073733,1.1102221713612235,0.9383999449677728,0.970986254084108,0.9322574166490485,0.04070333706688293,0.755845845984557,1.1143363102595618,2.275399485057946,6.804612867019944e-11
105,104,0,local_loglinear,5,4,100,2.2050203127968544,2.2709619270357666,1.022147274181834,0.19063514651171637,0.9341208230918643,0.06587917690813572,1.042758876924645,1.1106782356557465,0.938848753355645,0.9630567041350837,0.9310332686021787,0.033817281958049165,0.758475812843969,1.1332791342463269,2.261479328613506,1.102014068821173e-9
105,104,0,local_loglinear,6,5,99,2.2714163800182234,2.3411019551352608,1.0467017062869575,0.18740970361341763,0.9459677123597272,0.05403228764027279,1.0436320559352623,1.1112472351202805,0.939153793100147,0.9554799258220061,0.9294778538154913,0.027590773411079135,0.7607599601063894,1.1525333081461338,2.2494929484413464,1.8515267363542256e-11
105,104,0,local_loglinear,7,6,98,2.3324626695661284,2.40576425502939,1.0693568037167978,0.18457226465414503,0.9566842603179402,0.04331573968205982,1.0444537569305032,1.1119290875239092,0.939316876093544,0.9482564355401442,0.9276079161920683,0.02201582789785942,0.762732154125845,1.172059722776271,2.2392200828674595,9.008339591858506e-10
105,104,0,local_loglinear,8,7,97,2.3880761210335546,2.464844544843354,1.0900799484565769,0.18207834248871443,0.9662598707881517,0.033740129211848324,1.0452258313166438,1.1127227176081878,0.9393407852437583,0.9413818840049846,0.9254403390280612,0.017079218674762718,0.764422554182782,1.1918271803011482,2.2304709433821452,4.736811134280673e-10
105,104,0,local_loglinear,9,8,96,2.438235642771009,2.5183033796370458,1.108860599524741,0.1798897466341622,0.9746968711388009,0.02530312886119912,1.045950166587269,1.113626422254604,0.9392289422063816,0.9348481110430179,0.9229919003958746,0.012763608848296373,0.7658579509667104,1.2118116163555621,2.22308183979617,9.82698497464882e-10
105,104,0,local_loglinear,10,9,95,2.4829742625993108,2.566158428400635,1.1257075966836925,0.1779736103981056,0.9820086534230518,0.01799134657694823,1.0466286683639079,1.114638136468152,0.9389851595067982,0.9286440507850507,0.9202790789937363,0.009048541532943391,0.7670620980908742,1.2319953418364027,2.216911442536716,8.171120551540273e-10
105,104,0,local_loglinear,11,10,94,2.5223713072712655,2.6084766722567694,1.1406464410118238,0.17630158230116152,0.9882178947177187,0.011782105282281297,1.0472632347924655,1.1157556240179916,0.9386134492615189,0.92275648989854,0.9173179039241663,0.00591128470616345,0.7680560293319746,1.2523663369644416,2.211837585599746,1.4857210857681834e-11
105,104,0,local_loglinear,12,11,93,2.5565448494756944,2.645366776455414,1.1537166545553694,0.17484914902874643,0.9933548697436663,0.006645130256333731,1.0478557534575925,1.1169766209560903,0.9381178923518266,0.9171707047700384,0.9141238417978976,0.003327554040114075,0.768858351284202,1.2729175783194957,2.2077545575825566,1.1040160197100243e-9
105,104,0,local_loglinear,13,12,92,2.5856446089826073,2.676971845938852,1.1649692755951357,0.17359507216184408,0.9974559166249307,0.0025440833750692837,1.048408076071815,1.1182989263232292,0.9375025329933894,0.9118709764315017,0.9107117155368505,0.0012721080432639004,0.7694855139240172,1.293646441890437,2.2045707855968826,1.957956940282605e-11
105,104,0,local_loglinear,14,13,91,2.6098454157663498,2.703462687754256,1.1744645411323025,0.17252091593796404,1.0005620479655717,0.0005620479655716881,1.048922011306951,1.1197204733933073,0.9367713069746757,0.906841008794521,0.9070956491661575,0.0002807599396502103,0.7699520546989983,1.3145541604313906,2.2022068705566933,6.193810256415276e-11
105,104,0,local_loglinear,15,14,90,2.629341305855575,2.725031667817535,1.1822697874690613,0.17161064973602672,1.0027177108347736,0.002717710834773568,1.0493993215810349,1.1212393751783623,0.9359279961195625,0.9020642655424191,0.9032890339496686,0.0013568187406748228,0.7702708160277864,1.3356453309892908,2.2005939247571367,1.026515574623986e-9
105,104,0,local_loglinear,16,15,89,2.644340284362755,2.741887214298123,1.1884575760909968,0.1708503152227788,1.0039697136437091,0.003969713643709127,1.0498417084178964,1.12285394742309,0.9349761924311223,0.8975242304773982,0.8993045118863858,0.001981582272769636,0.7704531403174638,1.356927491946181,2.199672152668884,7.950726364087276e-10
105,104,0,local_loglinear,17,16,88,2.6550597499283173,2.7542489736997076,1.193104047597907,0.17022774649606104,1.0043663067615396,0.004366306761539596,1.0502508042481102,1.124562726225206,0.9339192734703764,0.8932046064765542,0.895153972838201,0.0021800629429163942,0.7705090432221112,1.378410759540518,2.199389641843424,1.4209353474072677e-11
105,104,0,local_loglinear,18,17,87,2.661722555700096,2.7623436023101253,1.1962875063976661,0.16973233127260348,1.003956387955221,0.003956387955220908,1.050628180021099,1.1263644801498145,0.9327603973106094,0.8890894721468103,0.8908485622453577,0.0019765751810077725,0.7704473638812729,1.4001074959953042,2.199701347559969,1.049328978890423e-9
105,104,0,local_loglinear,19,18,86,2.6645536794648517,2.766401178973804,1.1980872119169879,0.16935481150790974,1.002788858085505,0.002788858085505108,1.0509753282152554,1.1282582047793117,0.9315024909753057,0.8851633889914383,0.8863986972229212,0.0013945979554524507,0.7702758997085627,1.422032048682287,2.2005682154749175,7.649084206865124e-10
105,104,0,local_loglinear,20,19,85,2.663777445037193,2.7666521830889885,1.198582368218447,0.1690871134204569,1.0009120866130192,0.0009120866130192251,1.0512936662669305,1.1302431264125454,0.9301482501413613,0.8814114789490859,0.8818140886136578,0.00045667403986834887,0.7700015236259673,1.4442005242610987,2.2019564394697015,1.047951502761669e-9
105,104,0,local_loglinear,21,20,84,2.659615246640195,2.7633249945844267,1.1978512935215324,0.16892220301842378,0.9983734814307783,0.001626518569221691,1.0515845362735723,1.1323186988020797,0.9287001419177137,0.8778194755443719,0.877103767438175,0.0008156574924159388,0.7696302864499942,1.4666306018186606,2.2038368306738323,1.0902539900675643e-9
105,104,0,local_loglinear,22,21,83,2.652283722104379,2.7566438631784362,1.195970753215495,0.16885396191588453,0.9952191435607408,0.004780856439259185,1.0518492100255692,1.134484597488567,0.9271604148298448,0.8743737570248927,0.8722761143712745,0.0024019051516135093,0.7691675054062447,1.489341371824599,2.206184284805382,7.592414284667339e-10
105,104,0,local_loglinear,23,22,82,2.6419933257887647,2.7468273035299453,1.1930154257648782,0.16887708520628725,0.9914936266526031,0.0085063733473969,1.0520888720754458,1.1367407086517483,0.9255310943542214,0.8710613519556273,0.867338891258346,0.004282634452300066,0.7686178448683191,1.5123532399290702,2.208977310830729,1.3170892727522658e-11
105,104,0,local_loglinear,24,23,81,2.6289472351793273,2.734086841819037,1.1890575027794235,0.16898698971775178,0.9872397319994688,0.012760268000531205,1.0523046442990145,1.1390871345151017,0.9238140019437322,0.8678699460454498,0.8622992733673052,0.006439476399746652,0.7679853823061236,1.5356878171894068,2.2121976518161057,9.814481339123318e-10
105,104,0,local_loglinear,25,24,80,2.6133405607455122,2.7186260914390945,1.1841663878682869,0.16917973917672405,0.9824983876597321,0.017501612340267925,1.0524975692732752,1.1415241769464215,0.9220107559076912,0.8647878677825797,0.8571638822394128,0.008855109164674496,0.7672736692618678,1.5593678698672764,2.215829944605707,1.1527821532430709e-9
105,104,0,local_loglinear,26,25,79,2.595359800751789,2.7006400928610983,1.1784084881026573,0.16945197910510915,0.9773085660605164,0.022691433939483585,1.052668619246076,1.1440523384582986,0.9201227809775123,0.8618040708453701,0.8519388181651719,0.011513234239403647,0.766485783306228,1.5834172802192605,2.2198614360741296,1.1267632884180743e-9
105,104,0,local_loglinear,27,26,78,2.5751825058919025,2.680314882902008,1.1718470810125532,0.16980088171277719,0.9717072446039202,0.028292755396079783,1.0528186966291293,1.1466723177972258,0.9181513151478264,0.8589081097541544,0.8466296920460488,0.014398543172180228,0.7656243735741461,1.6078610325862688,2.224281740661781,1.0913031887169187e-9
105,104,0,local_loglinear,28,27,77,2.552977116038422,2.657827251729451,1.1645422498254856,0.17022409679670725,0.9657293860451173,0.034270613954882734,1.0529486460223632,1.1493850076181062,0.9160974251825417,0.8560901173336352,0.8412416562922294,0.017496685175824422,0.7646916986101528,1.6327251992021723,2.2290826441814007,1.850956735324117e-11
105,104,0,local_loglinear,29,28,76,2.5289029449778373,2.633344667598498,1.156550860805446,0.17071971426411808,0.9594079737073403,0.04059202629265968,1.0530592360120603,1.1521914838105003,0.9139620026780686,0.8533407671303976,0.8357794347539136,0.020794216000525667,0.7636896632726744,1.6580369852470254,2.234257918067087,2.6091721954306976e-10
105,104,0,local_loglinear,30,29,75,2.503110270312838,2.607025316141709,1.1479265916657282,0.171286228230682,0.952774037883042,0.047225962116957954,1.0531511834679321,1.1550930154431471,0.9117457809784215,0.8506512470202767,0.8302473510688615,0.02427855935925366,0.7626198468049646,1.683824747499209,2.2398031837081316,1.5667372238132135e-11
105,104,0,local_loglinear,31,30,74,2.4757405200005054,2.5790182508166026,1.1387199890963489,0.1719225090424728,0.9458567154146738,0.054143284585326246,1.0532251440702989,1.1580910552248744,0.9094493384769188,0.8480132246325895,0.8246493558161265,0.027937958022384635,0.7614835293264015,1.7101180525555622,2.245715789025968,8.077301435300291e-10
105,104,0,local_loglinear,32,31,73,2.446926526882852,2.5494636212875017,1.1289785516429445,0.17262777975143526,0.9386833190015053,0.061316680998494744,1.053281716183894,1.161187241602302,0.9070731045326412,0.8454188135101438,0.818989052146897,0.03176142543797397,0.7602817148079384,1.736947746807421,2.2519947067337407,1.2927948504170405e-11
105,104,0,local_loglinear,33,32,72,2.416792834701483,2.5184929610445095,1.1187468357779,0.1734015956383472,0.9312794085879144,0.06872059141208564,1.0533214491126217,1.1643834013485013,0.9046173690665326,0.8428605424770906,0.8132697199130725,0.03573870093906667,0.759015149647452,1.7643460293324853,2.2586404586918807,1.1083871163768055e-9
105,104,0,local_loglinear,34,33,71,2.385456044971676,2.486229524555968,1.108066572944624,0.17424382891656845,0.9236688777511972,0.07633112224880279,1.0533448384675268,1.1676815466102888,0.9020822856414279,0.8403313216438928,0.8074943384108488,0.039860200782212835,0.7576843401558826,1.7923465526228266,2.265655048981789,1.7648640840514633e-11
105,104,0,local_loglinear,35,34,70,2.3530251881838717,2.452788654509782,1.0969767967548385,0.1751546566733973,0.9158740421782269,0.08412595782177312,1.0533523297517338,1.1710838799871854,0.8994678756599912,0.8378244098857163,0.8016656076226221,0.04411697096601286,0.756289567379685,1.8209845352031793,2.2730419137912725,9.508856799904889e-10
105,104,0,local_loglinear,36,35,69,2.3196021100899595,2.418278168091386,1.0855139794848259,0.17613455061518205,0.9079157228149402,0.09208427718505985,1.0533443264362155,1.1745927993140894,0.8967740369695116,0.8353333865754985,0.7957859680261445,0.048500645226301126,0.7548308986372712,1.8502968752506732,2.2808058915545946,1.2730004480463896e-9
105,104,0,local_loglinear,37,36,68,2.2852818685254896,2.3827987581973735,1.0737121722182061,0.1771842698856722,0.8998133319058969,0.10018666809410315,1.0533211905253694,1.1782108948223586,0.8940005521542737,0.832852123460114,0.789857619141275,0.05300340326800318,0.7533081974679497,1.8803222809442786,2.28895320462245,7.76892927321203e-10
105,104,0,local_loglinear,38,37,67,2.250153133619715,2.3464444030787095,1.0616031399025796,0.17830485915956618,0.8915849723944883,0.1084150276055117,1.0532832328214372,1.1819409607727465,0.8911470773741579,0.830374751277201,0.7838825368372391,0.05761792279192082,0.751721134389844,1.911101441919073,2.297491439727533,9.455903068259882e-10
105,104,0,local_loglinear,39,38,66,2.214298579061432,2.3093027667180537,1.0492165023414268,0.17949764595141357,0.8832475163890823,0.11675248361091772,1.0532307304289243,1.1857859940239068,0.888213164716879,0.8278956362428158,0.777862489239763,0.06233734374885505,0.7500691928841133,1.942677181681145,2.3064295573038778,7.634772419352635e-10
105,104,0,local_loglinear,40,39,65,2.1777952695506997,2.2714555978377566,1.0365798726825972,0.18076424065066987,0.8748166848732291,0.12518331512677094,1.0531639259228844,1.1897492041400277,0.8851982604889662,0.8254093563550243,0.7717990516148592,0.06715523248834757,0.7483516746491506,1.9750946302941632,2.315777908636622,1.1697807383657795e-11
105,104,0,local_loglinear,41,40,64,2.14071504004441,2.232979124000511,1.0237189866344611,0.18210654182863684,0.8663071399623095,0.13369286003769054,1.0530830160893425,1.1938340128265539,0.8821017032309496,0.822910671805751,0.7656936202447922,0.07206553890145026,0.7465677061660597,2.0084014451161485,2.3255482499372118,5.293022632550788e-11
105,104,0,local_loglinear,42,41,63,2.1031248571648287,2.1939444260601815,1.0106578339055992,0.1835267402503687,0.8577325541666295,0.14226744583337048,1.0529881697717882,1.198044069558471,0.8789227345867653,0.8203945056427151,0.7595474251212644,0.07706256636464859,0.7447162409301009,2.0426480117581223,2.335753784428774,2.1176711455447926e-10
105,104,0,local_loglinear,43,42,62,2.065087170288674,2.1544178044444924,0.9974187811830777,0.1850273272286666,0.8491056880282747,0.15089431197172531,1.0528795194198668,1.2023832518270527,0.87566049994458,0.8178559202495401,0.7533615418404571,0.08214093665647865,0.742796062665443,2.0778876877033947,2.3464092041759494,1.628522802352202e-11
105,104,0,local_loglinear,44,43,61,2.0266602458718865,2.11446112847811,0.98402269104109,0.18661110487852756,0.8404384615456467,0.15956153845435328,1.0527571648312937,1.2068556753832707,0.8723140523799263,0.8152900961258523,0.7471369025826622,0.08729555787648746,0.7408057869435275,2.1141770631586243,2.3575307462429143,1.0486480462401257e-9
105,104,0,local_loglinear,45,44,60,1.9878984857223065,2.074132169344598,0.9704890352667136,0.18828119801134371,0.8317420187038487,0.16825798129615133,1.0526211763404967,1.211465702198988,0.8688823583117827,0.8126923133242132,0.7408743062853536,0.09252159575605237,0.7387438619640502,2.1515762382965655,2.369136259764788,8.004606448951363e-10
105,104,0,local_loglinear,46,45,59,1.9488527300944285,2.0334849187226225,0.9568360005983709,0.19004107039955792,0.8230267975072133,0.1769732024927867,1.0524715886762548,1.216217947696063,0.8653642964815637,0.8100579295724578,0.7345744281273507,0.09781444092823682,0.7366085695303437,2.1901491476803967,2.3812452788446827,1.1470490484383157e-11
105,104,0,local_loglinear,47,46,58,1.9095705418305435,1.9925698862298822,0.9430805934006711,0.1918945402225089,0.8143025803267095,0.18569741967329045,1.0523084154807534,1.2211172946435802,0.8617586697827428,0.8073823670920033,0.7282378282429081,0.10316968706434543,0.7343980230276544,2.2299638763344785,2.3938791201647684,8.12733488383295e-10
105,104,0,local_loglinear,48,47,57,1.8700964784735123,1.9514343864906623,0.9292387339165624,0.19384580156589432,0.8055785575005648,0.19442144249943516,1.0521316357326735,1.2261688944735345,0.8580642034508751,0.8046610924460111,0.721864959981815,0.1085831002360513,0.7321101673828496,2.2710930456547636,2.4070609782155246,1.1080465205101401e-11
105,104,0,local_loglinear,49,48,56,1.8304723458349386,1.9101228062100861,0.9153253462728677,0.19589944742839324,0.7968633801822648,0.20313661981773523,1.0519412005104254,1.231378182736111,0.8542795505545029,0.8018896007385363,0.7154561775115682,0.11405059369420054,0.7297427774499016,2.3136142186793967,2.42081603914283,5.2885771867587344e-11
105,104,0,local_loglinear,50,49,55,1.7907374363060322,1.8686768550098638,0.9013544453030198,0.19806049489071934,0.7881652063424683,0.21183479365753166,1.051737037514424,1.2367508895730346,0.8504032997926662,0.7990634025375554,0.7090117429340617,0.11956820591401665,0.7272934549737711,2.3576103340894683,2.4351716138525434,7.459086534046973e-10
105,104,0,local_loglinear,51,50,54,1.7509287541307545,1.827135803334116,0.8873392159901983,0.20033441463071125,0.7794917489308116,0.22050825106918837,1.051519046522772,1.242293045857409,0.8464339795100695,0.7961780091699133,0.7025318330294603,0.12513207635125678,0.7247596262934094,2.403170195647782,2.4501572792451234,1.2232498289513033e-9
105,104,0,local_loglinear,52,51,53,1.711081225946589,1.7855367048790356,0.8732920886856219,0.2027271639878105,0.7708503206420843,0.22914967935791575,1.0512871008467277,1.248010994945739,0.8423700633281965,0.7932289190657781,0.6960165455989251,0.13073842224836826,0.7221385392191497,2.450389008739788,2.4658050380679533,1.2213696885391214e-9
105,104,0,local_loglinear,53,52,52,1.6712278977226402,1.743914604960021,0.8592248077113268,0.205245224209317,0.7622478768287752,0.23775212317122485,1.0510410460043862,1.2539114031177605,0.8382099751155052,0.7902116044541272,0.689465905465138,0.13638351552470168,0.7194272603296057,2.49936897326238,2.4821494917243347,1.5145150514890184e-11
105,104,0,local_loglinear,54,53,51,1.6314001178621689,1.7023027331583271,0.8451485010021023,0.2078956390883221,0.7536910446927102,0.2463089553072898,1.0507807120468569,1.260001272896753,0.8339521035808986,0.7871215045868678,0.6828798701665721,0.14206366751751587,0.7166226693854407,2.550219901872505,2.499228047859406,7.128704510915422e-11
105,104,0,local_loglinear,55,54,50,1.5916277117741195,1.6607326889366918,0.8310737385266166,0.2106860625976328,0.7451861682554871,0.2548138317445129,1.050505895827923,1.2662879426726843,0.8295948025933801,0.7839540107123245,0.6762583355686866,0.14777520257500443,0.7137214572569061,2.603059955664666,2.5170811264750124,9.84884948594866e-10
105,104,0,local_loglinear,56,55,49,1.5519391413926646,1.6192346098545558,0.8170105917430612,0.2136248079649885,0.736739335674127,0.26326066432587303,1.050216376690044,1.2727791052766277,0.8251364061022894,0.7807044596419743,0.6696011411566947,0.15351444206294543,0.7107201207748312,2.6580164081258917,2.535752406571162,1.1675531883774795e-11
105,104,0,local_loglinear,57,56,48,1.5123616560513964,1.577837331693418,0.8029686854479463,0.21672090470053992,0.7283564140752564,0.2716435859247436,1.049911906998833,1.2794828102147497,0.8205752344751037,0.7773681233976235,0.6629080752950836,0.1592776825153165,0.7076149596768918,2.715226518602475,2.555289084701637,1.1352029872861768e-9
105,104,0,local_loglinear,58,57,47,1.4729214314632868,1.536568535233162,0.7889572495626851,0.219984159802443,0.720043074567695,0.279956925432305,1.0495922213722226,1.2864074758459874,0.8159096095752812,0.7739402038572057,0.6561788803509501,0.16506117937236142,0.7044020716674524,2.7748384710836462,2.57574217297179,1.3488832917980827e-11
105,104,0,local_loglinear,59,58,46,1.4336437002569444,1.4954548843659428,0.7749851665817111,0.22342522601505713,0.711804817233268,0.28819518276673195,1.0492570352170223,1.2935618907435016,0.811137868798794,0.7704158276231853,0.6494132578474989,0.17086112996118136,0.7010773483089139,2.837012416889884,2.597166823332121,8.459580991430362e-10
105,104,0,local_loglinear,60,59,45,1.3945528737257114,1.454522155598066,0.7610610128688475,0.22705567957696707,0.7036470009995639,0.2963529990004361,1.0489060382296502,1.300955215848903,0.80625837496275,0.7667900385356218,0.6426108736645595,0.176673652235545,0.6976364726918871,2.9019216530076535,2.6196226755292233,1.1386679871283425e-9
105,104,0,local_loglinear,61,60,44,1.3556726527684768,1.4137953551275066,0.7471931006022742,0.23088810316952393,0.6955748607033562,0.30442513929664383,1.0485389070779985,1.3085969930974266,0.8012695372286657,0.7630577972748411,0.6357713632287998,0.18249477151927973,0.6940749153470498,2.969753886006098,2.6431742557491384,1.1570647646249435e-9
105,104,0,local_loglinear,62,61,43,1.3170261319666012,1.3732988290955632,0.733389516128628,0.2349361790567151,0.6875935270268407,0.31240647297315927,1.0481553023781853,1.3164971391429598,0.7961698291729937,0.7592139801340516,0.6288943369084039,0.18832040467082928,0.6903879314104261,3.040712647937658,2.6678914118666,9.611283268722297e-10
105,104,0,local_loglinear,63,62,42,1.278635895670104,1.33305636601233,0.719658152078926,0.2392147943230393,0.679708050659509,0.320291949340491,1.0477548627291193,1.3246659399731264,0.7909578038598737,0.7552533761986964,0.6219793855883919,0.19414634051379098,0.686570560302299,3.115018891140168,2.69384978184518,2.102162479498566e-10
105,104,0,local_loglinear,64,63,41,1.240524104166744,1.2930912877956557,0.7060067406793819,0.24374015429884477,0.6719234145800853,0.3280765854199147,1.0473372180226002,1.3331140511979314,0.7856321198336083,0.751170691749761,0.6150260863831449,0.19996822810023185,0.6826176240109435,3.1929127165046696,2.7211313274564453,1.2378938292620498e-11
105,104,0,local_loglinear,65,64,40,1.2027125733294894,1.2534265342470097,0.6924428835524907,0.24852990902387984,0.6642445476254543,0.33575545237454574,1.046901988228929,1.3418524812296169,0.7801915656701639,0.7469605551967304,0.6080340086865421,0.20578156370889134,0.6785237273102155,3.27465530304713,2.74982491844056,8.382093872211066e-10
105,104,0,local_loglinear,66,65,39,1.165222846804553,1.214084740100479,0.6789740766762152,0.253603294923011,0.6566763405982343,0.3433236594017657,1.0464487803642506,1.3508925728295629,0.7746350830639123,0.742617521918084,0.6010027205607991,0.21158167558123925,0.6742832606891909,3.3605310713260046,2.7800269688668906,1.0675174351107033e-9
105,104,0,local_loglinear,67,66,38,1.1280762592665443,1.1750883019579055,0.6656077365641851,0.2589812889702292,0.649223652625698,0.35077634737430197,1.0459772012790176,1.360245985601659,0.7689617998147333,0.7381360859321672,0.5939317954459555,0.2173637155947855,0.669890402790729,3.450850051836971,2.8118421568125593,1.0776709979940178e-11
105,104,0,local_loglinear,68,67,37,1.0912939932353125,1.1364594395271037,0.6523512182770664,0.2646867836326988,0.6418913268158646,0.3581086731841354,1.045486846411244,1.369924659832731,0.7631710539022626,0.733510688190046,0.586820819353074,0.22312264386020042,0.6653391282388846,3.545950573786401,2.8453841953508734,6.854677354766835e-11
105,104,0,local_loglinear,69,68,36,1.0548971258144584,1.0982202451406384,0.6392118363987986,0.27074477578024714,0.6346841906663614,0.3653158093336386,1.0449773199655938,1.3799407904486614,0.7572624327061449,0.7287357351673494,0.5796693984197623,0.2288532247860891,0.6606232144080719,3.6462021929355943,2.8807767116052903,3.6168756241816725e-10
105,104,0,local_loglinear,70,69,35,1.0189066690024737,1.0603927274236868,0.6261968795212987,0.2771825795668189,0.6276070641154234,0.37239293588457656,1.044448226979711,1.3903067728784286,0.7512358044673353,0.7238056154486192,0.5724771670644813,0.2345500176109706,0.6557362535573324,3.752009001316529,2.918154199719617,7.1372912280640136e-12
105,104,0,local_loglinear,71,70,34,0.9833436005141958,1.022998844649941,0.6133136240349378,0.2840300605559665,0.6206647608919315,0.37933523910806854,1.043899183894647,1.401035153393574,0.745091357176959,0.7187147223367691,0.5652437966353998,0.2402073723932847,0.6506716668304366,3.863813293176077,2.957663086349035,5.19586492748165e-11
105,104,0,local_loglinear,72,71,33,0.9482288861655321,0.9860605295891063,0.6005693428830066,0.29131989580667556,0.6138620895969397,0.38613791040306034,1.0433298198048355,1.4121385615965696,0.7388296362541382,0.7134574791515619,0.5579690046530192,0.2458194267773285,0.6454227232889486,3.982099664754367,2.9994628996403834,1.3827583286335478e-10
105,104,0,local_loglinear,73,72,32,0.9135834926470344,0.9495997041714348,0.5879713130062875,0.29908786131086074,0.6072038509882399,0.3927961490117601,1.042739784920257,1.4236296366828052,0.7324515857578954,0.7080283693421955,0.5506525646448048,0.2513801064969583,0.6399825621034417,4.107399581809402,3.043727572181942,3.8980741482949557e-10
105,104,0,local_loglinear,74,73,31,0.8794283908550582,0.9136382844810562,0.575526818578652,0.30737315044234625,0.6006948335234717,0.39930516647652825,1.0421287548823797,1.4355209368213082,0.7259585897715838,0.7024219704103348,0.5432943166114212,0.25688312825310805,0.6343442201082399,4.240296484684813,3.09064687886286,7.530238410346562e-12
105,104,0,local_loglinear,75,74,30,0.8457845489956692,0.878198175041581,0.5632431521802492,0.316218726065373,0.5943398057981923,0.40566019420180766,1.0414964389536332,1.447824837407609,0.7193525156112642,0.6966329925022386,0.5358941781237048,0.2623220062958592,0.6285006638100732,4.381431489541347,3.140428036725154,5.932841447300075e-11
105,104,0,local_loglinear,76,75,29,0.8126729153798137,0.84330125264881,0.5511276100886573,0.3256717100520204,0.588143506810455,0.411856493189545,1.0408425840385123,1.4605534119637122,0.7126357554011672,0.6906563211886303,0.5284521560557138,0.26769006221644187,0.6224448286251358,4.531509766197613,3.1932974653853097,1.1631369390511314e-10
105,104,0,local_loglinear,77,76,28,0.7801143899813923,0.8089693383892138,0.5391874862997196,0.33578381343117003,0.5821106328455173,0.41788936715448266,1.0401669849347477,1.4737183028693497,0.7058112686186555,0.6844870650975297,0.5209683589312286,0.2729804391961731,0.6161696628855783,4.691307669034525,3.2495027520766944,1.3660118927882282e-9
105,104,0,local_loglinear,78,77,27,0.7481297848698226,0.7752241583671536,0.5274300608912338,0.34661181170066546,0.5762458224910185,0.4237541775089815,1.039469489030488,1.4873305713222118,0.6988826217068995,0.6781206074434307,0.5134430098606013,0.27818611971400653,0.6096681797506781,4.861680726409519,3.30931482044302,8.548733708333943e-10
105,104,0,local_loglinear,79,78,26,0.7167397727575914,0.7420872917349395,0.5158625879300628,0.35821806627657315,0.5705536342682996,0.42944636573170036,1.0387500121415223,1.5014005360584257,0.6918540304165045,0.6715526644466832,0.5058764600054442,0.2832999516634272,0.6029335140170318,5.043572552298163,3.3730303581005625,5.960603621353081e-12
105,104,0,local_loglinear,80,79,25,0.6859648245520241,0.7095801082779324,0.5044922732505078,0.370671104084173,0.5650385308435661,0.43496146915643386,1.0380085304461175,1.515937584565877,0.6847303879884836,0.66477934234013,0.4982692025600899,0.2883146712023822,0.5959589905327014,5.2380249089800275,3.440974471366673,9.311773268787232e-10
105,104,0,local_loglinear,81,80,24,0.6558251337603538,0.6777236914236452,0.4933262548716331,0.3840462475352571,0.5597048481332709,0.4402951518667291,1.0372451079669904,1.5309499917587241,0.6775173020350745,0.6577972049710654,0.4906218870331511,0.2932229410741245,0.5887381956145316,5.446188887325448,3.51350367915289,1.274193121469794e-9
105,104,0,local_loglinear,82,81,23,0.6263405302947807,0.646538751103595,0.48237157522227164,0.3984263112823429,0.5545567713155022,0.4454432286844978,1.0364598898336952,1.546444697848593,0.6702211151007298,0.6506033389236758,0.48293533387131915,0.2980173857295678,0.5812650593098304,5.669337529497316,3.591009208061915,8.053623893598466e-12
105,104,0,local_loglinear,83,82,22,0.5975303822009298,0.6160455239105874,0.47163515056599803,0.4139023622077438,0.549598303741913,0.450401696258087,1.035653115552339,1.5624270929970439,0.6628489228036565,0.6431954234663317,0.47521054915678096,0.3026906353758418,0.5735339443308203,5.908879957603811,3.673920664434426,1.0700242641182803e-9
105,104,0,local_loglinear,84,83,21,0.5694134866111621,0.5862636619823346,0.4611237382002873,0.43057454643868454,0.5448332305192691,0.45516676948073087,1.0348251306563672,1.5789007852386234,0.6554085857269184,0.6355718035724632,0.4674487392658626,0.30723537768469117,0.565539741311633,6.166377205513137,3.7627101287311793,1.1476062049139472e-9
105,104,0,local_loglinear,85,84,20,0.5420079510919086,0.5572121124680622,0.45084389779800793,0.448552993837824,0.5402650869915122,0.4597349130084878,1.0339763828123119,1.5958673548389883,0.6479087247928778,0.6277315592273546,0.4596513253248956,0.3116444079837734,0.557277972562063,6.443560075492268,3.857896691210189,1.1615110322405877e-9
105,104,0,local_loglinear,86,85,19,0.5153310655588473,0.528908986946852,0.4408019510816768,0.4679587931313279,0.535897118893332,0.464102881106668,1.033107435745319,1.6133261196861899,0.6403587118184574,0.6196745775066516,0.4518199571529238,0.31591068965787916,0.5487449004465523,6.742349139903696,3.9600515149144493,1.1755217664013047e-9
105,104,0,local_loglinear,87,86,18,0.4893991670219167,0.5013714236153257,0.43100393853945057,0.48892504501022177,0.5317322439203459,0.4682677560796541,1.0322189701639757,1.6312738924011079,0.632768644782655,0.6114016207377883,0.44395652652028783,0.32002741592065065,0.5399376407484275,7.064877260474863,4.069803471461508,1.1871428135693524e-9
105,104,0,local_loglinear,88,87,17,0.4642274985925412,0.47461544359037555,0.42145557373169545,0.5115979905733368,0.5277730121085124,0.47222698789148765,1.0313117866842034,1.64970474953792,0.6251493104890875,0.6029143909637226,0.4360631794167309,0.32398807501028737,0.5308542793427347,7.413514919084143,4.187845420045624,1.1963002165877539e-9
105,104,0,local_loglinear,89,88,16,0.4398300648671979,0.44865580351511797,0.4121621958988564,0.5361382128240643,0.5240215664982039,0.47597843350179614,1.0303868064066832,1.66860981611892,0.617512132826413,0.5942155885689511,0.428142327042481,0.3277865171117118,0.5214939902832617,7.790898736873954,4.314941207580611,1.2028484202083211e-9
105,104,0,local_loglinear,90,89,15,0.41621948604625025,0.4235058469233033,0.4031287212802393,0.5627219058240222,0.5204796053978687,0.47952039460213125,1.029445068738905,1.6879770738149193,0.6098691058713869,0.5853089630088497,0.4201966552131696,0.33141702131795936,0.511857153302641,8.199963610268254,4.451933474498186,1.2066512852090962e-9
105,104,0,local_loglinear,91,90,14,0.3934068533766314,0.39917735707201,0.39435959347204536,0.5915422028128638,0.5171483481068664,0.4828516518931336,1.0284877256036016,1.7077912025010622,0.6022327109411151,0.5761993533304612,0.41222913185780785,0.33487436030532214,0.501945468491572,8.643978962752666,4.59975235934385,1.207590716478377e-9
105,104,0,local_loglinear,92,91,13,0.37140158866915923,0.37568041416337666,0.38585873283128513,0.6228105509840457,0.5140285068341977,0.48597149316580235,1.0275160305303452,1.7280334665101522,0.5946158164433377,0.5668927158183165,0.40424301228225146,0.3381538594269542,0.4917620658698312,9.126589702410032,4.7594252019679715,1.2055715841782719e-9
105,104,0,local_loglinear,93,92,12,0.3502113106988249,0.3530232600152084,0.3776294843058396,0.6567581172371079,0.5111202689993334,0.4888797310006666,1.0265313201195854,1.7486816594981758,0.5870315586280993,0.5573961355436886,0.396241841867802,0.34125144538672014,0.48131160773523185,9.651862599683332,4.932087347743263,4.351550706000342e-12
105,104,0,local_loglinear,94,93,11,0.32984171119971567,0.3312121733272461,0.36967456162718343,0.6936372084687286,0.508423297318043,0.49157670268195697,1.0255349823142201,1.769710126113346,0.5794931990170106,0.5477178172505931,0.38822945587356006,0.3441636763567314,0.4706003824343718,10.224338995264281,5.118994145057491,7.997642472706154e-10
105,104,0,local_loglinear,95,94,10,0.31029644288619784,0.31025135839384477,0.3619959855194466,0.7337226861037609,0.5059367545842295,0.4940632454157705,1.024528411632085,1.7910898881727875,0.5720139555236259,0.537867051891476,0.3802099760003823,0.3468877456476037,0.45963638804463786,10.849094938001231,5.3215342263029335,2.5639431143990825e-12
105,104,0,local_loglinear,96,95,9,0.2915770214891375,0.290142850774689,0.354595005814163,0.7773133828888793,0.5036593798808555,0.4963406201191445,1.0235129183457712,1.8127889047165002,0.5646067866384239,0.5278541455732366,0.37218780339484026,0.3494214313845463,0.4484294098069386,11.531810539898066,5.541244045267983,5.006642512488472e-11
105,104,0,local_loglinear,97,96,8,0.27368274246835833,0.2708864417663828,0.34747199786733524,0.8247335340799807,0.5015896342502899,0.4984103657497101,1.0224896020451695,1.8347725501582008,0.5572841178362989,0.5176903040001319,0.36416760765184486,0.35176297249980504,0.43699109361108124,12.278850710037615,5.779823604095796,1.398840315508137e-10
105,104,0,local_loglinear,98,97,7,0.25661061208455843,0.2524796248943334,0.34062630754379936,0.8763343330822202,0.4997259768954263,0.5002740231045737,1.0214591179040597,1.8570043893366202,0.5500574601597774,0.5073874456371635,0.35615431139799547,0.3539108084039848,0.4253350287634794,13.0973611774376,6.039152959131279,3.0022361658673057e-10
105,104,0,local_loglinear,99,98,6,0.24035528957546248,0.23491756610445338,0.33405600622910026,0.9324958424190036,0.4980673516278543,0.5019326483721457,1.0204212959138859,1.8794474536322436,0.5429368583526009,0.49695791207151413,0.3481530697778842,0.3558630998001078,0.4134768595427203,13.995385773595975,6.321308661315005,5.838314531340429e-10
105,104,0,local_loglinear,100,99,5,0.2249090336382675,0.2181930998711596,0.3277574870707526,0.9936297806923499,0.496614030599378,0.503385969400622,1.0193744923886585,1.902066319469703,0.5359300472093216,0.4864140177181176,0.34016924391934966,0.3576168795643794,0.40143446261445404,14.98201537637166,6.6285783174815665,1.0819591600766673e-9
105,104,0,local_loglinear,101,100,4,0.21026164020113722,0.202296753459796,0.3217247863549516,1.060184239273811,0.49536906014468096,0.504630939855319,1.0183144932454176,1.9248305364825111,0.5290411150200858,0.47576734597037446,0.3322083669195389,0.3591665825207563,0.38922825300496644,16.067586667485873,6.963469701585856,1.951665574265989e-9
105,104,0,local_loglinear,102,101,3,0.19640034864486258,0.1872168025778613,0.315948433667913,1.1326523936475972,0.49434072223516945,0.5056592777648306,1.0172326599008414,1.9477203419198683,0.5222683349387598,0.4650276399323475,0.3242761000376845,0.3605015310157973,0.3768817240650924,17.263963121725048,7.3287075521511955,3.4619099279761996e-9
105,104,0,local_loglinear,103,102,2,0.1833096776486982,0.1729393639827834,0.31041350033172604,1.2115891593105532,0.4935467071908328,0.5064532928091672,1.016112803322936,1.9707362704047238,0.5156005999292134,0.4542010415752712,0.31637817538816526,0.3616016672763611,0.3644223967030193,18.584956796021313,7.727205085758248,6.070869278763755e-9
105,104,0,local_loglinear,104,103,1,0.17097112566976927,0.1594485354112395,0.3050962916832993,1.2976432322306817,0.4930211647383055,0.5069788352616945,1.0149259365437615,1.9939154033511162,0.5090115332064764,0.44328728400706724,0.30852031921751744,0.36243035075308594,0.351883468015373,20.046997496619536,8.161985959840072,1.0554663562570787e-8
105,104,0,local_loglinear,105,104,0,0.15936262807683382,0.14672660236386464,0.29995875580163084,1.3916183896014183,0.4928265863265184,0.5071734136734816,1.0136215199688492,2.017358900021058,0.5024497723029198,0.43227521016622594,0.3007081464102719,0.36292226486218326,0.33930664012657463,21.670244102410543,8.63601154508945,3.8925989822061077e-7
110,109,0,local_loglinear,1,0,109,1.8901678313037162,1.9403612229421892,0.906495185575314,0.20859957981904168,0.8761960342164987,0.12380396578350128,,,,0.9967870194975489,0.9337836851161863,0.0652923148876943,0.7454800772873249,1.0599016809375605,2.331535287067304,1.4385464361577594e-11
110,109,0,local_loglinear,2,1,108,1.975646808183075,2.0298378997365614,0.9377968877670639,0.20320507284525097,0.8921365634962873,0.10786343650371266,1.0398130356575166,1.109641184299132,0.9370714158507734,0.9878698857804787,0.9336475050616719,0.056452031101244,0.7493925019821268,1.0775853119138288,2.310105976853435,8.704611592333116e-10
110,109,0,local_loglinear,3,2,107,2.0568655473342874,2.115032983101668,0.9675963367839989,0.19846672526247533,0.907154154410322,0.09284584558967801,1.0408510000703133,1.1098776538759065,0.9378069703768349,0.9792619875951668,0.9331339948481145,0.04825040634362443,0.7528321553153103,1.095752628014387,2.2915092581587935,1.510138936482579e-11
110,109,0,local_loglinear,4,3,106,2.1334270501436787,2.1955205927312305,0.9957507620826066,0.1943005459390854,0.9211689790313984,0.07883102096860162,1.0418324245073733,1.1102221713612235,0.9383999449677728,0.970986254084108,0.9322574166490485,0.04070333706688293,0.755845845984557,1.1143363102595618,2.275399485057946,6.804612867019944e-11
110,109,0,local_loglinear,5,4,105,2.2050203127968544,2.2709619270357666,1.022147274181834,0.19063514651171637,0.9341208230918643,0.06587917690813572,1.042758876924645,1.1106782356557465,0.938848753355645,0.9630567041350837,0.9310332686021787,0.033817281958049165,0.758475812843969,1.1332791342463269,2.261479328613506,1.102014068821173e-9
110,109,0,local_loglinear,6,5,104,2.2714163800182234,2.3411019551352608,1.0467017062869575,0.18740970361341763,0.9459677123597272,0.05403228764027279,1.0436320559352623,1.1112472351202805,0.939153793100147,0.9554799258220061,0.9294778538154913,0.027590773411079135,0.7607599601063894,1.1525333081461338,2.2494929484413464,1.8515267363542256e-11
110,109,0,local_loglinear,7,6,103,2.3324626695661284,2.40576425502939,1.0693568037167978,0.18457226465414503,0.9566842603179402,0.04331573968205982,1.0444537569305032,1.1119290875239092,0.939316876093544,0.9482564355401442,0.9276079161920683,0.02201582789785942,0.762732154125845,1.172059722776271,2.2392200828674595,9.008339591858506e-10
110,109,0,local_loglinear,8,7,102,2.3880761210335546,2.464844544843354,1.0900799484565769,0.18207834248871443,0.9662598707881517,0.033740129211848324,1.0452258313166438,1.1127227176081878,0.9393407852437583,0.9413818840049846,0.9254403390280612,0.017079218674762718,0.764422554182782,1.1918271803011482,2.2304709433821452,4.736811134280673e-10
110,109,0,local_loglinear,9,8,101,2.438235642771009,2.5183033796370458,1.108860599524741,0.1798897466341622,0.9746968711388009,0.02530312886119912,1.045950166587269,1.113626422254604,0.9392289422063816,0.9348481110430179,0.9229919003958746,0.012763608848296373,0.7658579509667104,1.2118116163555621,2.22308183979617,9.82698497464882e-10
110,109,0,local_loglinear,10,9,100,2.4829742625993108,2.566158428400635,1.1257075966836925,0.1779736103981056,0.9820086534230518,0.01799134657694823,1.0466286683639079,1.114638136468152,0.9389851595067982,0.9286440507850507,0.9202790789937363,0.009048541532943391,0.7670620980908742,1.2319953418364027,2.216911442536716,8.171120551540273e-10
110,109,0,local_loglinear,11,10,99,2.5223713072712655,2.6084766722567694,1.1406464410118238,0.17630158230116152,0.9882178947177187,0.011782105282281297,1.0472632347924655,1.1157556240179916,0.9386134492615189,0.92275648989854,0.9173179039241663,0.00591128470616345,0.7680560293319746,1.2523663369644416,2.211837585599746,1.4857210857681834e-11
110,109,0,local_loglinear,12,11,98,2.5565448494756944,2.645366776455414,1.1537166545553694,0.17484914902874643,0.9933548697436663,0.006645130256333731,1.0478557534575925,1.1169766209560903,0.9381178923518266,0.9171707047700384,0.9141238417978976,0.003327554040114075,0.768858351284202,1.2729175783194957,2.2077545575825566,1.1040160197100243e-9
110,109,0,local_loglinear,13,12,97,2.5856446089826073,2.676971845938852,1.1649692755951357,0.17359507216184408,0.9974559166249307,0.0025440833750692837,1.048408076071815,1.1182989263232292,0.9375025329933894,0.9118709764315017,0.9107117155368505,0.0012721080432639004,0.7694855139240172,1.293646441890437,2.2045707855968826,1.957956940282605e-11
110,109,0,local_loglinear,14,13,96,2.6098454157663498,2.703462687754256,1.1744645411323025,0.17252091593796404,1.0005620479655717,0.0005620479655716881,1.048922011306951,1.1197204733933073,0.9367713069746757,0.906841008794521,0.9070956491661575,0.0002807599396502103,0.7699520546989983,1.3145541604313906,2.2022068705566933,6.193810256415276e-11
110,109,0,local_loglinear,15,14,95,2.629341305855575,2.725031667817535,1.1822697874690613,0.17161064973602672,1.0027177108347736,0.002717710834773568,1.0493993215810349,1.1212393751783623,0.9359279961195625,0.9020642655424191,0.9032890339496686,0.0013568187406748228,0.7702708160277864,1.3356453309892908,2.2005939247571367,1.026515574623986e-9
110,109,0,local_loglinear,16,15,94,2.644340284362755,2.741887214298123,1.1884575760909968,0.1708503152227788,1.0039697136437091,0.003969713643709127,1.0498417084178964,1.12285394742309,0.9349761924311223,0.8975242304773982,0.8993045118863858,0.001981582272769636,0.7704531403174638,1.356927491946181,2.199672152668884,7.950726364087276e-10
110,109,0,local_loglinear,17,16,93,2.6550597499283173,2.7542489736997076,1.193104047597907,0.17022774649606104,1.0043663067615396,0.004366306761539596,1.0502508042481102,1.124562726225206,0.9339192734703764,0.8932046064765542,0.895153972838201,0.0021800629429163942,0.7705090432221112,1.378410759540518,2.199389641843424,1.4209353474072677e-11
110,109,0,local_loglinear,18,17,92,2.661722555700096,2.7623436023101253,1.1962875063976661,0.16973233127260348,1.003956387955221,0.003956387955220908,1.050628180021099,1.1263644801498145,0.9327603973106094,0.8890894721468103,0.8908485622453577,0.0019765751810077725,0.7704473638812729,1.4001074959953042,2.199701347559969,1.049328978890423e-9
110,109,0,local_loglinear,19,18,91,2.6645536794648517,2.766401178973804,1.1980872119169879,0.16935481150790974,1.002788858085505,0.002788858085505108,1.0509753282152554,1.1282582047793117,0.9315024909753057,0.8851633889914383,0.8863986972229212,0.0013945979554524507,0.7702758997085627,1.422032048682287,2.2005682154749175,7.649084206865124e-10
110,109,0,local_loglinear,20,19,90,2.663777445037193,2.7666521830889885,1.198582368218447,0.1690871134204569,1.0009120866130192,0.0009120866130192251,1.0512936662669305,1.1302431264125454,0.9301482501413613,0.8814114789490859,0.8818140886136578,0.00045667403986834887,0.7700015236259673,1.4442005242610987,2.2019564394697015,1.047951502761669e-9
110,109,0,local_loglinear,21,20,89,2.659615246640195,2.7633249945844267,1.1978512935215324,0.16892220301842378,0.9983734814307783,0.001626518569221691,1.0515845362735723,1.1323186988020797,0.9287001419177137,0.8778194755443719,0.877103767438175,0.0008156574924159388,0.7696302864499942,1.4666306018186606,2.2038368306738323,1.0902539900675643e-9
110,109,0,local_loglinear,22,21,88,2.652283722104379,2.7566438631784362,1.195970753215495,0.16885396191588453,0.9952191435607408,0.004780856439259185,1.0518492100255692,1.134484597488567,0.9271604148298448,0.8743737570248927,0.8722761143712745,0.0024019051516135093,0.7691675054062447,1.489341371824599,2.206184284805382,7.592414284667339e-10
110,109,0,local_loglinear,23,22,87,2.6419933257887647,2.7468273035299453,1.1930154257648782,0.16887708520628725,0.9914936266526031,0.0085063733473969,1.0520888720754458,1.1367407086517483,0.9255310943542214,0.8710613519556273,0.867338891258346,0.004282634452300066,0.7686178448683191,1.5123532399290702,2.208977310830729,1.3170892727522658e-11
110,109,0,local_loglinear,24,23,86,2.6289472351793273,2.734086841819037,1.1890575027794235,0.16898698971775178,0.9872397319994688,0.012760268000531205,1.0523046442990145,1.1390871345151017,0.9238140019437322,0.8678699460454498,0.8622992733673052,0.006439476399746652,0.7679853823061236,1.5356878171894068,2.2121976518161057,9.814481339123318e-10
110,109,0,local_loglinear,25,24,85,2.6133405607455122,2.7186260914390945,1.1841663878682869,0.16917973917672405,0.9824983876597321,0.017501612340267925,1.0524975692732752,1.1415241769464215,0.9220107559076912,0.8647878677825797,0.8571638822394128,0.008855109164674496,0.7672736692618678,1.5593678698672764,2.215829944605707,1.1527821532430709e-9
110,109,0,local_loglinear,26,25,84,2.595359800751789,2.7006400928610983,1.1784084881026573,0.16945197910510915,0.9773085660605164,0.022691433939483585,1.052668619246076,1.1440523384582986,0.9201227809775123,0.8618040708453701,0.8519388181651719,0.011513234239403647,0.766485783306228,1.5834172802192605,2.2198614360741296,1.1267632884180743e-9
110,109,0,local_loglinear,27,26,83,2.5751825058919025,2.680314882902008,1.1718470810125532,0.16980088171277719,0.9717072446039202,0.028292755396079783,1.0528186966291293,1.1466723177972258,0.9181513151478264,0.8589081097541544,0.8466296920460488,0.014398543172180228,0.7656243735741461,1.6078610325862688,2.224281740661781,1.0913031887169187e-9
110,109,0,local_loglinear,28,27,82,2.552977116038422,2.657827251729451,1.1645422498254856,0.17022409679670725,0.9657293860451173,0.034270613954882734,1.0529486460223632,1.1493850076181062,0.9160974251825417,0.8560901173336352,0.8412416562922294,0.017496685175824422,0.7646916986101528,1.6327251992021723,2.2290826441814007,1.850956735324117e-11
110,109,0,local_loglinear,29,28,81,2.5289029449778373,2.633344667598498,1.156550860805446,0.17071971426411808,0.9594079737073403,0.04059202629265968,1.0530592360120603,1.1521914838105003,0.9139620026780686,0.8533407671303976,0.8357794347539136,0.020794216000525667,0.7636896632726744,1.6580369852470254,2.234257918067087,2.6091721954306976e-10
110,109,0,local_loglinear,30,29,80,2.503110270312838,2.607025316141709,1.1479265916657282,0.171286228230682,0.952774037883042,0.047225962116957954,1.0531511834679321,1.1550930154431471,0.9117457809784215,0.8506512470202767,0.8302473510688615,0.02427855935925366,0.7626198468049646,1.683824747499209,2.2398031837081316,1.5667372238132135e-11
110,109,0,local_loglinear,31,30,79,2.4757405200005054,2.5790182508166026,1.1387199890963489,0.1719225090424728,0.9458567154146738,0.054143284585326246,1.0532251440702989,1.1580910552248744,0.9094493384769188,0.8480132246325895,0.8246493558161265,0.027937958022384635,0.7614835293264015,1.7101180525555622,2.245715789025968,8.077301435300291e-10
110,109,0,local_loglinear,32,31,78,2.446926526882852,2.5494636212875017,1.1289785516429445,0.17262777975143526,0.9386833190015053,0.061316680998494744,1.053281716183894,1.161187241602302,0.9070731045326412,0.8454188135101438,0.818989052146897,0.03176142543797397,0.7602817148079384,1.736947746807421,2.2519947067337407,1.2927948504170405e-11
110,109,0,local_loglinear,33,32,77,2.416792834701483,2.5184929610445095,1.1187468357779,0.1734015956383472,0.9312794085879144,0.06872059141208564,1.0533214491126217,1.1643834013485013,0.9046173690665326,0.8428605424770906,0.8132697199130725,0.03573870093906667,0.759015149647452,1.7643460293324853,2.2586404586918807,1.1083871163768055e-9
110,109,0,local_loglinear,34,33,76,2.385456044971676,2.486229524555968,1.108066572944624,0.17424382891656845,0.9236688777511972,0.07633112224880279,1.0533448384675268,1.1676815466102888,0.9020822856414279,0.8403313216438928,0.8074943384108488,0.039860200782212835,0.7576843401558826,1.7923465526228266,2.265655048981789,1.7648640840514633e-11
110,109,0,local_loglinear,35,34,75,2.3530251881838717,2.452788654509782,1.0969767967548385,0.1751546566733973,0.9158740421782269,0.08412595782177312,1.0533523297517338,1.1710838799871854,0.8994678756599912,0.8378244098857163,0.8016656076226221,0.04411697096601286,0.756289567379685,1.8209845352031793,2.2730419137912725,9.508856799904889e-10
110,109,0,local_loglinear,36,35,74,2.3196021100899595,2.418278168091386,1.0855139794848259,0.17613455061518205,0.9079157228149402,0.09208427718505985,1.0533443264362155,1.1745927993140894,0.8967740369695116,0.8353333865754985,0.7957859680261445,0.048500645226301126,0.7548308986372712,1.8502968752506732,2.2808058915545946,1.2730004480463896e-9
110,109,0,local_loglinear,37,36,73,2.2852818685254896,2.3827987581973735,1.0737121722182061,0.1771842698856722,0.8998133319058969,0.10018666809410315,1.0533211905253694,1.1782108948223586,0.8940005521542737,0.832852123460114,0.789857619141275,0.05300340326800318,0.7533081974679497,1.8803222809442786,2.28895320462245,7.76892927321203e-10
110,109,0,local_loglinear,38,37,72,2.250153133619715,2.3464444030787095,1.0616031399025796,0.17830485915956618,0.8915849723944883,0.1084150276055117,1.0532832328214372,1.1819409607727465,0.8911470773741579,0.830374751277201,0.7838825368372391,0.05761792279192082,0.751721134389844,1.911101441919073,2.297491439727533,9.455903068259882e-10
110,109,0,local_loglinear,39,38,71,2.214298579061432,2.3093027667180537,1.0492165023414268,0.17949764595141357,0.8832475163890823,0.11675248361091772,1.0532307304289243,1.1857859940239068,0.888213164716879,0.8278956362428158,0.777862489239763,0.06233734374885505,0.7500691928841133,1.942677181681145,2.3064295573038778,7.634772419352635e-10
110,109,0,local_loglinear,40,39,70,2.1777952695506997,2.2714555978377566,1.0365798726825972,0.18076424065066987,0.8748166848732291,0.12518331512677094,1.0531639259228844,1.1897492041400277,0.8851982604889662,0.8254093563550243,0.7717990516148592,0.06715523248834757,0.7483516746491506,1.9750946302941632,2.315777908636622,1.1697807383657795e-11
110,109,0,local_loglinear,41,40,69,2.14071504004441,2.232979124000511,1.0237189866344611,0.18210654182863684,0.8663071399623095,0.13369286003769054,1.0530830160893425,1.1938340128265539,0.8821017032309496,0.822910671805751,0.7656936202447922,0.07206553890145026,0.7465677061660597,2.0084014451161485,2.3255482499372118,5.293022632550788e-11
110,109,0,local_loglinear,42,41,68,2.1031248571648287,2.1939444260601815,1.0106578339055992,0.1835267402503687,0.8577325541666295,0.14226744583337048,1.0529881697717882,1.198044069558471,0.8789227345867653,0.8203945056427151,0.7595474251212644,0.07706256636464859,0.7447162409301009,2.0426480117581223,2.335753784428774,2.1176711455447926e-10
110,109,0,local_loglinear,43,42,67,2.065087170288674,2.1544178044444924,0.9974187811830777,0.1850273272286666,0.8491056880282747,0.15089431197172531,1.0528795194198668,1.2023832518270527,0.87566049994458,0.8178559202495401,0.7533615418404571,0.08214093665647865,0.742796062665443,2.0778876877033947,2.3464092041759494,1.628522802352202e-11
110,109,0,local_loglinear,44,43,66,2.0266602458718865,2.11446112847811,0.98402269104109,0.18661110487852756,0.8404384615456467,0.15956153845435328,1.0527571648312937,1.2068556753832707,0.8723140523799263,0.8152900961258523,0.7471369025826622,0.08729555787648746,0.7408057869435275,2.1141770631586243,2.3575307462429143,1.0486480462401257e-9
110,109,0,local_loglinear,45,44,65,1.9878984857223065,2.074132169344598,0.9704890352667136,0.18828119801134371,0.8317420187038487,0.16825798129615133,1.0526211763404967,1.211465702198988,0.8688823583117827,0.8126923133242132,0.7408743062853536,0.09252159575605237,0.7387438619640502,2.1515762382965655,2.369136259764788,8.004606448951363e-10
110,109,0,local_loglinear,46,45,64,1.9488527300944285,2.0334849187226225,0.9568360005983709,0.19004107039955792,0.8230267975072133,0.1769732024927867,1.0524715886762548,1.216217947696063,0.8653642964815637,0.8100579295724578,0.7345744281273507,0.09781444092823682,0.7366085695303437,2.1901491476803967,2.3812452788446827,1.1470490484383157e-11
110,109,0,local_loglinear,47,46,63,1.9095705418305435,1.9925698862298822,0.9430805934006711,0.1918945402225089,0.8143025803267095,0.18569741967329045,1.0523084154807534,1.2211172946435802,0.8617586697827428,0.8073823670920033,0.7282378282429081,0.10316968706434543,0.7343980230276544,2.2299638763344785,2.3938791201647684,8.12733488383295e-10
110,109,0,local_loglinear,48,47,62,1.8700964784735123,1.9514343864906623,0.9292387339165624,0.19384580156589432,0.8055785575005648,0.19442144249943516,1.0521316357326735,1.2261688944735345,0.8580642034508751,0.8046610924460111,0.721864959981815,0.1085831002360513,0.7321101673828496,2.2710930456547636,2.4070609782155246,1.1080465205101401e-11
110,109,0,local_loglinear,49,48,61,1.8304723458349386,1.9101228062100861,0.9153253462728677,0.19589944742839324,0.7968633801822648,0.20313661981773523,1.0519412005104254,1.231378182736111,0.8542795505545029,0.8018896007385363,0.7154561775115682,0.11405059369420054,0.7297427774499016,2.3136142186793967,2.42081603914283,5.2885771867587344e-11
110,109,0,local_loglinear,50,49,60,1.7907374363060322,1.8686768550098638,0.9013544453030198,0.19806049489071934,0.7881652063424683,0.21183479365753166,1.051737037514424,1.2367508895730346,0.8504032997926662,0.7990634025375554,0.7090117429340617,0.11956820591401665,0.7272934549737711,2.3576103340894683,2.4351716138525434,7.459086534046973e-10
110,109,0,local_loglinear,51,50,59,1.7509287541307545,1.827135803334116,0.8873392159901983,0.20033441463071125,0.7794917489308116,0.22050825106918837,1.051519046522772,1.242293045857409,0.8464339795100695,0.7961780091699133,0.7025318330294603,0.12513207635125678,0.7247596262934094,2.403170195647782,2.4501572792451234,1.2232498289513033e-9
110,109,0,local_loglinear,52,51,58,1.711081225946589,1.7855367048790356,0.8732920886856219,0.2027271639878105,0.7708503206420843,0.22914967935791575,1.0512871008467277,1.248010994945739,0.8423700633281965,0.7932289190657781,0.6960165455989251,0.13073842224836826,0.7221385392191497,2.450389008739788,2.4658050380679533,1.2213696885391214e-9
110,109,0,local_loglinear,53,52,57,1.6712278977226402,1.743914604960021,0.8592248077113268,0.205245224209317,0.7622478768287752,0.23775212317122485,1.0510410460043862,1.2539114031177605,0.8382099751155052,0.7902116044541272,0.689465905465138,0.13638351552470168,0.7194272603296057,2.49936897326238,2.4821494917243347,1.5145150514890184e-11
110,109,0,local_loglinear,54,53,56,1.6314001178621689,1.7023027331583271,0.8451485010021023,0.2078956390883221,0.7536910446927102,0.2463089553072898,1.0507807120468569,1.260001272896753,0.8339521035808986,0.7871215045868678,0.6828798701665721,0.14206366751751587,0.7166226693854407,2.550219901872505,2.499228047859406,7.128704510915422e-11
110,109,0,local_loglinear,55,54,55,1.5916277117741195,1.6607326889366918,0.8310737385266166,0.2106860625976328,0.7451861682554871,0.2548138317445129,1.050505895827923,1.2662879426726843,0.8295948025933801,0.7839540107123245,0.6762583355686866,0.14777520257500443,0.7137214572569061,2.603059955664666,2.5170811264750124,9.84884948594866e-10
110,109,0,local_loglinear,56,55,54,1.5519391413926646,1.6192346098545558,0.8170105917430612,0.2136248079649885,0.736739335674127,0.26326066432587303,1.050216376690044,1.2727791052766277,0.8251364061022894,0.7807044596419743,0.6696011411566947,0.15351444206294543,0.7107201207748312,2.6580164081258917,2.535752406571162,1.1675531883774795e-11
110,109,0,local_loglinear,57,56,53,1.5123616560513964,1.577837331693418,0.8029686854479463,0.21672090470053992,0.7283564140752564,0.2716435859247436,1.049911906998833,1.2794828102147497,0.8205752344751037,0.7773681233976235,0.6629080752950836,0.1592776825153165,0.7076149596768918,2.715226518602475,2.555289084701637,1.1352029872861768e-9
110,109,0,local_loglinear,58,57,52,1.4729214314632868,1.536568535233162,0.7889572495626851,0.219984159802443,0.720043074567695,0.279956925432305,1.0495922213722226,1.2864074758459874,0.8159096095752812,0.7739402038572057,0.6561788803509501,0.16506117937236142,0.7044020716674524,2.7748384710836462,2.57574217297179,1.3488832917980827e-11
110,109,0,local_loglinear,59,58,51,1.4336437002569444,1.4954548843659428,0.7749851665817111,0.22342522601505713,0.711804817233268,0.28819518276673195,1.0492570352170223,1.2935618907435016,0.811137868798794,0.7704158276231853,0.6494132578474989,0.17086112996118136,0.7010773483089139,2.837012416889884,2.597166823332121,8.459580991430362e-10
110,109,0,local_loglinear,60,59,50,1.3945528737257114,1.454522155598066,0.7610610128688475,0.22705567957696707,0.7036470009995639,0.2963529990004361,1.0489060382296502,1.300955215848903,0.80625837496275,0.7667900385356218,0.6426108736645595,0.176673652235545,0.6976364726918871,2.9019216530076535,2.6196226755292233,1.1386679871283425e-9
110,109,0,local_loglinear,61,60,49,1.3556726527684768,1.4137953551275066,0.7471931006022742,0.23088810316952393,0.6955748607033562,0.30442513929664383,1.0485389070779985,1.3085969930974266,0.8012695372286657,0.7630577972748411,0.6357713632287998,0.18249477151927973,0.6940749153470498,2.969753886006098,2.6431742557491384,1.1570647646249435e-9
110,109,0,local_loglinear,62,61,48,1.3170261319666012,1.3732988290955632,0.733389516128628,0.2349361790567151,0.6875935270268407,0.31240647297315927,1.0481553023781853,1.3164971391429598,0.7961698291729937,0.7592139801340516,0.6288943369084039,0.18832040467082928,0.6903879314104261,3.040712647937658,2.6678914118666,9.611283268722297e-10
110,109,0,local_loglinear,63,62,47,1.278635895670104,1.33305636601233,0.719658152078926,0.2392147943230393,0.679708050659509,0.320291949340491,1.0477548627291193,1.3246659399731264,0.7909578038598737,0.7552533761986964,0.6219793855883919,0.19414634051379098,0.686570560302299,3.115018891140168,2.69384978184518,2.102162479498566e-10
110,109,0,local_loglinear,64,63,46,1.240524104166744,1.2930912877956557,0.7060067406793819,0.24374015429884477,0.6719234145800853,0.3280765854199147,1.0473372180226002,1.3331140511979314,0.7856321198336083,0.751170691749761,0.6150260863831449,0.19996822810023185,0.6826176240109435,3.1929127165046696,2.7211313274564453,1.2378938292620498e-11
110,109,0,local_loglinear,65,64,45,1.2027125733294894,1.2534265342470097,0.6924428835524907,0.24852990902387984,0.6642445476254543,0.33575545237454574,1.046901988228929,1.3418524812296169,0.7801915656701639,0.7469605551967304,0.6080340086865421,0.20578156370889134,0.6785237273102155,3.27465530304713,2.74982491844056,8.382093872211066e-10
110,109,0,local_loglinear,66,65,44,1.165222846804553,1.214084740100479,0.6789740766762152,0.253603294923011,0.6566763405982343,0.3433236594017657,1.0464487803642506,1.3508925728295629,0.7746350830639123,0.742617521918084,0.6010027205607991,0.21158167558123925,0.6742832606891909,3.3605310713260046,2.7800269688668906,1.0675174351107033e-9
110,109,0,local_loglinear,67,66,43,1.1280762592665443,1.1750883019579055,0.6656077365641851,0.2589812889702292,0.649223652625698,0.35077634737430197,1.0459772012790176,1.360245985601659,0.7689617998147333,0.7381360859321672,0.5939317954459555,0.2173637155947855,0.669890402790729,3.450850051836971,2.8118421568125593,1.0776709979940178e-11
110,109,0,local_loglinear,68,67,42,1.0912939932353125,1.1364594395271037,0.6523512182770664,0.2646867836326988,0.6418913268158646,0.3581086731841354,1.045486846411244,1.369924659832731,0.7631710539022626,0.733510688190046,0.586820819353074,0.22312264386020042,0.6653391282388846,3.545950573786401,2.8453841953508734,6.854677354766835e-11
110,109,0,local_loglinear,69,68,41,1.0548971258144584,1.0982202451406384,0.6392118363987986,0.27074477578024714,0.6346841906663614,0.3653158093336386,1.0449773199655938,1.3799407904486614,0.7572624327061449,0.7287357351673494,0.5796693984197623,0.2288532247860891,0.6606232144080719,3.6462021929355943,2.8807767116052903,3.6168756241816725e-10
110,109,0,local_loglinear,70,69,40,1.0189066690024737,1.0603927274236868,0.6261968795212987,0.2771825795668189,0.6276070641154234,0.37239293588457656,1.044448226979711,1.3903067728784286,0.7512358044673353,0.7238056154486192,0.5724771670644813,0.2345500176109706,0.6557362535573324,3.752009001316529,2.918154199719617,7.1372912280640136e-12
110,109,0,local_loglinear,71,70,39,0.9833436005141958,1.022998844649941,0.6133136240349378,0.2840300605559665,0.6206647608919315,0.37933523910806854,1.043899183894647,1.401035153393574,0.745091357176959,0.7187147223367691,0.5652437966353998,0.2402073723932847,0.6506716668304366,3.863813293176077,2.957663086349035,5.19586492748165e-11
110,109,0,local_loglinear,72,71,38,0.9482288861655321,0.9860605295891063,0.6005693428830066,0.29131989580667556,0.6138620895969397,0.38613791040306034,1.0433298198048355,1.4121385615965696,0.7388296362541382,0.7134574791515619,0.5579690046530192,0.2458194267773285,0.6454227232889486,3.982099664754367,2.9994628996403834,1.3827583286335478e-10
110,109,0,local_loglinear,73,72,37,0.9135834926470344,0.9495997041714348,0.5879713130062875,0.29908786131086074,0.6072038509882399,0.3927961490117601,1.042739784920257,1.4236296366828052,0.7324515857578954,0.7080283693421955,0.5506525646448048,0.2513801064969583,0.6399825621034417,4.107399581809402,3.043727572181942,3.8980741482949557e-10
110,109,0,local_loglinear,74,73,36,0.8794283908550582,0.9136382844810562,0.575526818578652,0.30737315044234625,0.6006948335234717,0.39930516647652825,1.0421287548823797,1.4355209368213082,0.7259585897715838,0.7024219704103348,0.5432943166114212,0.25688312825310805,0.6343442201082399,4.240296484684813,3.09064687886286,7.530238410346562e-12
110,109,0,local_loglinear,75,74,35,0.8457845489956692,0.878198175041581,0.5632431521802492,0.316218726065373,0.5943398057981923,0.40566019420180766,1.0414964389536332,1.447824837407609,0.7193525156112642,0.6966329925022386,0.5358941781237048,0.2623220062958592,0.6285006638100732,4.381431489541347,3.140428036725154,5.932841447300075e-11
110,109,0,local_loglinear,76,75,34,0.8126729153798137,0.84330125264881,0.5511276100886573,0.3256717100520204,0.588143506810455,0.411856493189545,1.0408425840385123,1.4605534119637122,0.7126357554011672,0.6906563211886303,0.5284521560557138,0.26769006221644187,0.6224448286251358,4.531509766197613,3.1932974653853097,1.1631369390511314e-10
110,109,0,local_loglinear,77,76,33,0.7801143899813923,0.8089693383892138,0.5391874862997196,0.33578381343117003,0.5821106328455173,0.41788936715448266,1.0401669849347477,1.4737183028693497,0.7058112686186555,0.6844870650975297,0.5209683589312286,0.2729804391961731,0.6161696628855783,4.691307669034525,3.2495027520766944,4.0331632152131585e-10
110,109,0,local_loglinear,78,77,32,0.7481297848671166,0.7752241583030135,0.5274300612694343,0.3466118111947625,0.5762458216478651,0.4237541783521349,1.039469490237716,1.4873305713222118,0.6988826225185737,0.6781206079322137,0.5134430098606013,0.27818612043479723,0.6096681795151382,4.861680719676162,3.309314822639753,7.620967356924086e-12
110,109,0,local_loglinear,79,78,31,0.7167397729002064,0.7420872918238413,0.5158625884034568,0.35821806570440473,0.5705536334705028,0.4294463665294972,1.038750012116419,1.5014005344098855,0.6918540311594414,0.6715526649237946,0.5058764600165049,0.283299952352023,0.6029335137839937,5.0435725452736335,3.373030360337031,6.879231052906613e-11
110,109,0,local_loglinear,80,79,30,0.6859648248245285,0.7095801084574869,0.5044922740849159,0.3706711029879488,0.5650385293969845,0.4349614706030155,1.0380085314003453,1.5159375827784995,0.6847303894252837,0.6647793432071099,0.49826920258162244,0.2883146724633293,0.5959589901285649,5.2380248955588415,3.440974475362955,9.243419248527685e-10
110,109,0,local_loglinear,81,80,29,0.6558251342587086,0.6777236918587968,0.49332625567315486,0.38404624636330054,0.5597048468505881,0.4402951531494119,1.0372451076336233,1.5309499884973508,0.6775173032606338,0.6577972057672123,0.49062188707337995,0.2932229422024517,0.588738195338791,5.446188874091061,3.5135036819661956,5.666225650328119e-12
110,109,0,local_loglinear,82,81,28,0.6263405309682155,0.6465387517171833,0.4823715761340566,0.398426309823533,0.5545567698812853,0.4454432301187147,1.0364598900083286,1.5464446948547794,0.6702211165111589,0.6506033398286025,0.4829353339281238,0.29801738700284786,0.581265059052287,5.669337513496159,3.591009210776982,9.558617739926419e-10
110,109,0,local_loglinear,83,82,27,0.5975303830535748,0.6160455245834685,0.47163515241046816,0.4139023590714412,0.5495983003616366,0.4504016996383634,1.0356531184927262,1.5624270895830374,0.6628489261339608,0.643195425517408,0.47521054923191974,0.30269063840661015,0.5735339435532081,5.9088799201336135,3.6739206729176974,1.2316702996906107e-9
110,109,0,local_loglinear,84,83,26,0.569413487894642,0.5862636629149546,0.4611237415814759,0.4305745405446985,0.5448332242893105,0.45516677571068953,1.034825135092835,1.5789007773923531,0.6554085917937853,0.6355718073140285,0.46744873938261144,0.30723538332186145,0.565539739737053,6.166377133587463,3.762710146535341,7.136707122259638e-12
110,109,0,local_loglinear,85,84,25,0.5420079531484809,0.5572121139352401,0.4508439034790722,0.448552983467062,0.5402650765502816,0.45973492344971845,1.0339763893702987,1.5958673399432977,0.6479087349497588,0.6277315654720019,0.4596513255164756,0.3116444175149376,0.5572779698589159,6.443559948440988,3.857896722942463,8.157366567317307e-11
110,109,0,local_loglinear,86,85,24,0.5153310688555733,0.5289089892223464,0.4408019608013938,0.4679587743644052,0.5358971008301178,0.46410289916988223,1.033107447693426,1.6133260940457466,0.6403587294015043,0.6196745882429674,0.4518199574671167,0.3159107062882173,0.5487448956919786,6.742348908455288,3.9600515729599355,1.5516720204531078e-10
110,109,0,local_loglinear,87,86,23,0.4893991723693214,0.5013714271638311,0.43100395541886083,0.48892501043142705,0.5317322121240049,0.4682677878759951,1.0322189918916964,1.6312738471531736,0.6327686756537407,0.6114016395024372,0.4439565270415098,0.3200274454378112,0.539937632264107,7.0648768310669965,4.0698035793767655,1.0756258615592358e-9
110,109,0,local_loglinear,88,87,22,0.464227507393642,0.4746154491599722,0.4214556035136268,0.5115979252538687,0.527772954729694,0.472227045270306,1.0313118272795279,1.649704668419334,0.6251493658362985,0.6029144245476761,0.43606318029319857,0.3239881287030202,0.5308542639804557,7.4135141017908905,4.187845624006679,5.112915000141263e-12
110,109,0,local_loglinear,89,88,21,0.4398300795888115,0.44865581247449166,0.41216224861901224,0.5361380901943186,0.5240214641794679,0.47597853582053207,1.0303868788403177,1.6686096678097881,0.6175122311216141,0.5942156479825591,0.428142328543041,0.3277866135935107,0.5214939625497002,7.790897195082112,4.314941592680702,7.352683027345278e-11
110,109,0,local_loglinear,90,89,20,0.4162195108169714,0.4235058614145891,0.4031288147361064,0.5627216747889789,0.5204794226817238,0.47952057731827624,1.0294451995115381,1.6879768038986063,0.6098692808656481,0.5853090681943822,0.4201966577962112,0.33141719488013954,0.5118571033079538,8.199960693223073,4.4519342020309045,1.1130565716741312e-9
110,109,0,local_loglinear,91,90,19,0.39340689521089894,0.39917738053502444,0.3943597594463534,0.5915417658835075,0.5171480211195626,0.4828519788804374,1.0284879623129362,1.7077907108222494,0.6022330229315689,0.5761995397959689,0.4122291363186841,0.3348746730967561,0.5019453783650059,8.643973424383097,4.599753736744296,4.545667956452483e-12
110,109,0,local_loglinear,92,91,18,0.37140165948356346,0.37568045224609775,0.3858590270799764,0.6228097259194979,0.5140279238866774,0.4859720761133226,1.0275164544927924,1.728032569496044,0.5946163704498075,0.5668930448846742,0.4042430200033025,0.3381544208005426,0.49176190408897347,9.126579210070116,4.759427804311893,7.316027020146401e-11
110,109,0,local_loglinear,93,92,17,0.3502114305349273,0.353023321609089,0.3776300052032278,0.6567565594289552,0.5111192315351364,0.4888807684648636,1.0265320794380666,1.7486800282366393,0.587032540466089,0.557396714739833,0.3962418552198098,0.34125245080000954,0.4813113181991915,9.651842729363237,4.932092260833212,1.2871144492540687e-9
110,109,0,local_loglinear,94,93,16,0.3298419138018165,0.33121227235786627,0.3696754826821973,0.69363426632776,0.508421453075705,0.49157854692429503,1.0255363410683809,1.7697071655812597,0.5794949362323137,0.547718834555282,0.38822947892051096,0.3441654743425848,0.4705998654837426,10.224301358569505,5.1190034204485375,1.3413658500604303e-9
110,109,0,local_loglinear,95,94,15,0.3102967849967727,0.31025151669583784,0.3619976105424248,0.7337171364172405,0.5059334856162404,0.4940665143837596,1.024530830547302,1.7910845236316983,0.5720170193140348,0.5378688318849576,0.380210015695594,0.34689095059460273,0.4596354684386568,10.849023754555358,5.321551715254222,4.2705385738265806e-12
110,109,0,local_loglinear,96,95,14,0.2915775981337481,0.29014310183184633,0.3545978660652238,0.7773029262809759,0.5036536005940906,0.4963463994059094,1.023517212575082,1.812779212682437,0.5646121741767689,0.527857248905115,0.3721878715537601,0.3494271273833802,0.44842777994762073,11.53167607349079,5.541276981096511,7.911505312979739e-10
110,109,0,local_loglinear,97,96,13,0.2736837125685512,0.2708868361507239,0.347477020702726,0.8247138531677579,0.5015794425370376,0.49842055746296243,1.022497204410042,1.834755090427832,0.5572935645441452,0.5176956954715624,0.36416772427524247,0.3517730666716298,0.43698821519790015,12.278596991253858,5.779885567336567,1.0447149916276666e-9
110,109,0,local_loglinear,98,97,12,0.25661224107728875,0.25248023776909095,0.3406351070777582,0.8762973354863128,0.4997080513537766,0.5002919486462234,1.0214725343415871,1.8569730249020766,0.5500739755740136,0.5073967780416099,0.35615451020686295,0.3539286430786033,0.4253299639568461,13.096883048487248,6.039269408949538,2.712390570912505e-12
110,109,0,local_loglinear,99,98,11,0.24035802021373817,0.23491850683617424,0.33407138415210313,0.9324263815944577,0.4980359090557853,0.5019640909442147,1.0204448969523752,1.879391274920851,0.5429656456159457,0.4969740055845778,0.3481534073717485,0.3558945136618513,0.4134679813861299,13.99448593395312,6.321527261326584,1.2143678031333427e-9
110,109,0,local_loglinear,100,99,10,0.2249136037450686,0.21819452329490194,0.32778429458491826,0.9934995435088879,0.4965590281103657,0.5034409718896343,1.0194158795840462,1.9019659952194232,0.5359800764820928,0.4864416662554182,0.3401698148747814,0.35767204107695083,0.40141895963877894,14.980324098265468,6.628988211344013,2.740597714334494e-12
110,109,0,local_loglinear,101,100,9,0.21026927848215946,0.20229887140679925,0.32177139942509936,1.0599403894667452,0.49527311317171463,0.5047268868282854,1.0183868303351133,1.9246519140337661,0.5291277985954019,0.4758146632117536,0.33220932857970686,0.3592631374092703,0.389201288494678,16.064412227785002,6.964237368105238,6.649421429941347e-11
110,109,0,local_loglinear,102,101,8,0.19641310029911066,0.18721989071418052,0.31602927532675334,1.132196481285257,0.49417382452662517,0.5058261754733748,1.017358672168696,1.9474032909496695,0.5224180717454634,0.46510830224986766,0.32427771296831476,0.3606699990829699,0.376835011971326,17.25801319734939,7.330143503933361,1.820472198335242e-10
110,109,0,local_loglinear,103,102,7,0.18333094609788914,0.17294375426356792,0.31055333695756154,1.2107380456409413,0.4932572252979179,0.5067427747020821,1.0163315677311227,1.9701752702022417,0.5158584533582103,0.4543380019887127,0.31638086911827734,0.3618946489753363,0.364341802511918,18.57382065847172,7.729887686746638,3.8235312557122026e-10
110,109,0,local_loglinear,104,103,6,0.17100657400667996,0.1594545734910749,0.30533753131987856,1.2960568075187917,0.4925205208262746,0.5074794791737254,1.0153043815653866,1.9929259293039991,0.5094541481127536,0.44351889212821444,0.30852479848152004,0.3629381744795911,0.3517449809135505,20.02618493307673,8.16699100952787,7.273821886396055e-10
110,109,0,local_loglinear,105,104,5,0.15942167936472196,0.1467345301623212,0.30037381017360065,1.388666083995386,0.49196328708305875,0.5080367129169412,1.0142737777678563,2.015619465544764,0.503206976865411,0.43266523565458614,0.30071556190497617,0.3637994602498491,0.33906963144921753,21.63140425118843,8.645337455872797,1.318401483207942e-9
110,109,0,local_loglinear,106,105,4,0.1485559262586323,0.13476403653997246,0.29565122603813193,1.4891043769246282,0.4915895111329369,0.5084104888670631,1.0132327190951709,2.038231320800618,0.49711370282406053,0.42178957328117017,0.2929592328099535,0.3644730859899745,0.3263428902749577,23.408119718957078,9.169184245146738,2.3255090052679525e-9
110,109,0,local_loglinear,107,106,3,0.13838692199478167,0.12352192718283377,0.29115439535559506,1.597946816031143,0.4914109808486922,0.5085890191513078,1.012167974060969,2.0607565908267835,0.4911632837019744,0.41090142653952755,0.2852618426323149,0.36494584306904276,0.3135945322328117,25.377882239410443,9.743145142098168,4.0329178719513914e-9
110,109,0,local_loglinear,108,107,2,0.12889008170837224,0.11298568990113458,0.2868609048014086,1.7158326542142341,0.49145291333236857,0.5085470866676314,1.0110559921726865,2.083223986560307,0.48533234961550187,0.40000529996539375,0.2776293153459215,0.3651909710454946,0.3008580564478541,27.566013852303836,10.372119617427243,6.912897272446133e-9
110,109,0,local_loglinear,109,108,1,0.12003829721388615,0.10313175065429349,0.28273696127341774,1.8435239908543548,0.4917632905224546,0.5082367094775454,1.009856116286558,2.1057191327271387,0.4795777844211744,0.3890975760623952,0.2700673859353273,0.36515864497314343,0.2881725932882397,30.002984724680793,11.061117648209034,1.1745496615652714e-8
110,109,0,local_loglinear,110,109,0,0.11180126984926556,0.09393583963705066,0.27873013411016123,1.9820235005378979,0.4924283205138299,0.5075716794861701,1.0084994980903135,2.1284234693422706,0.4738246465596256,0.37816167838161835,0.26258149475979875,0.364760334681584,0.27558615709034584,32.72670699550317,11.814887624472489,4.7092192801199805e-7
115,114,0,local_loglinear,1,0,114,1.8901678313037162,1.9403612229421892,0.906495185575314,0.20859957981904168,0.8761960342164987,0.12380396578350128,,,,0.9967870194975489,0.9337836851161863,0.0652923148876943,0.7454800772873249,1.0599016809375605,2.331535287067304,1.4385464361577594e-11
115,114,0,local_loglinear,2,1,113,1.975646808183075,2.0298378997365614,0.9377968877670639,0.20320507284525097,0.8921365634962873,0.10786343650371266,1.0398130356575166,1.109641184299132,0.9370714158507734,0.9878698857804787,0.9336475050616719,0.056452031101244,0.7493925019821268,1.0775853119138288,2.310105976853435,8.704611592333116e-10
115,114,0,local_loglinear,3,2,112,2.0568655473342874,2.115032983101668,0.9675963367839989,0.19846672526247533,0.907154154410322,0.09284584558967801,1.0408510000703133,1.1098776538759065,0.9378069703768349,0.9792619875951668,0.9331339948481145,0.04825040634362443,0.7528321553153103,1.095752628014387,2.2915092581587935,1.510138936482579e-11
115,114,0,local_loglinear,4,3,111,2.1334270501436787,2.1955205927312305,0.9957507620826066,0.1943005459390854,0.9211689790313984,0.07883102096860162,1.0418324245073733,1.1102221713612235,0.9383999449677728,0.970986254084108,0.9322574166490485,0.04070333706688293,0.755845845984557,1.1143363102595618,2.275399485057946,6.804612867019944e-11
115,114,0,local_loglinear,5,4,110,2.2050203127968544,2.2709619270357666,1.022147274181834,0.19063514651171637,0.9341208230918643,0.06587917690813572,1.042758876924645,1.1106782356557465,0.938848753355645,0.9630567041350837,0.9310332686021787,0.033817281958049165,0.758475812843969,1.1332791342463269,2.261479328613506,1.102014068821173e-9
115,114,0,local_loglinear,6,5,109,2.2714163800182234,2.3411019551352608,1.0467017062869575,0.18740970361341763,0.9459677123597272,0.05403228764027279,1.0436320559352623,1.1112472351202805,0.939153793100147,0.9554799258220061,0.9294778538154913,0.027590773411079135,0.7607599601063894,1.1525333081461338,2.2494929484413464,1.8515267363542256e-11
115,114,0,local_loglinear,7,6,108,2.3324626695661284,2.40576425502939,1.0693568037167978,0.18457226465414503,0.9566842603179402,0.04331573968205982,1.0444537569305032,1.1119290875239092,0.939316876093544,0.9482564355401442,0.9276079161920683,0.02201582789785942,0.762732154125845,1.172059722776271,2.2392200828674595,9.008339591858506e-10
115,114,0,local_loglinear,8,7,107,2.3880761210335546,2.464844544843354,1.0900799484565769,0.18207834248871443,0.9662598707881517,0.033740129211848324,1.0452258313166438,1.1127227176081878,0.9393407852437583,0.9413818840049846,0.9254403390280612,0.017079218674762718,0.764422554182782,1.1918271803011482,2.2304709433821452,4.736811134280673e-10
115,114,0,local_loglinear,9,8,106,2.438235642771009,2.5183033796370458,1.108860599524741,0.1798897466341622,0.9746968711388009,0.02530312886119912,1.045950166587269,1.113626422254604,0.9392289422063816,0.9348481110430179,0.9229919003958746,0.012763608848296373,0.7658579509667104,1.2118116163555621,2.22308183979617,9.82698497464882e-10
115,114,0,local_loglinear,10,9,105,2.4829742625993108,2.566158428400635,1.1257075966836925,0.1779736103981056,0.9820086534230518,0.01799134657694823,1.0466286683639079,1.114638136468152,0.9389851595067982,0.9286440507850507,0.9202790789937363,0.009048541532943391,0.7670620980908742,1.2319953418364027,2.216911442536716,8.171120551540273e-10
115,114,0,local_loglinear,11,10,104,2.5223713072712655,2.6084766722567694,1.1406464410118238,0.17630158230116152,0.9882178947177187,0.011782105282281297,1.0472632347924655,1.1157556240179916,0.9386134492615189,0.92275648989854,0.9173179039241663,0.00591128470616345,0.7680560293319746,1.2523663369644416,2.211837585599746,1.4857210857681834e-11
115,114,0,local_loglinear,12,11,103,2.5565448494756944,2.645366776455414,1.1537166545553694,0.17484914902874643,0.9933548697436663,0.006645130256333731,1.0478557534575925,1.1169766209560903,0.9381178923518266,0.9171707047700384,0.9141238417978976,0.003327554040114075,0.768858351284202,1.2729175783194957,2.2077545575825566,1.1040160197100243e-9
115,114,0,local_loglinear,13,12,102,2.5856446089826073,2.676971845938852,1.1649692755951357,0.17359507216184408,0.9974559166249307,0.0025440833750692837,1.048408076071815,1.1182989263232292,0.9375025329933894,0.9118709764315017,0.9107117155368505,0.0012721080432639004,0.7694855139240172,1.293646441890437,2.2045707855968826,1.957956940282605e-11
115,114,0,local_loglinear,14,13,101,2.6098454157663498,2.703462687754256,1.1744645411323025,0.17252091593796404,1.0005620479655717,0.0005620479655716881,1.048922011306951,1.1197204733933073,0.9367713069746757,0.906841008794521,0.9070956491661575,0.0002807599396502103,0.7699520546989983,1.3145541604313906,2.2022068705566933,6.193810256415276e-11
115,114,0,local_loglinear,15,14,100,2.629341305855575,2.725031667817535,1.1822697874690613,0.17161064973602672,1.0027177108347736,0.002717710834773568,1.0493993215810349,1.1212393751783623,0.9359279961195625,0.9020642655424191,0.9032890339496686,0.0013568187406748228,0.7702708160277864,1.3356453309892908,2.2005939247571367,1.026515574623986e-9
115,114,0,local_loglinear,16,15,99,2.644340284362755,2.741887214298123,1.1884575760909968,0.1708503152227788,1.0039697136437091,0.003969713643709127,1.0498417084178964,1.12285394742309,0.9349761924311223,0.8975242304773982,0.8993045118863858,0.001981582272769636,0.7704531403174638,1.356927491946181,2.199672152668884,7.950726364087276e-10
115,114,0,local_loglinear,17,16,98,2.6550597499283173,2.7542489736997076,1.193104047597907,0.17022774649606104,1.0043663067615396,0.004366306761539596,1.0502508042481102,1.124562726225206,0.9339192734703764,0.8932046064765542,0.895153972838201,0.0021800629429163942,0.7705090432221112,1.378410759540518,2.199389641843424,1.4209353474072677e-11
115,114,0,local_loglinear,18,17,97,2.661722555700096,2.7623436023101253,1.1962875063976661,0.16973233127260348,1.003956387955221,0.003956387955220908,1.050628180021099,1.1263644801498145,0.9327603973106094,0.8890894721468103,0.8908485622453577,0.0019765751810077725,0.7704473638812729,1.4001074959953042,2.199701347559969,1.049328978890423e-9
115,114,0,local_loglinear,19,18,96,2.6645536794648517,2.766401178973804,1.1980872119169879,0.16935481150790974,1.002788858085505,0.002788858085505108,1.0509753282152554,1.1282582047793117,0.9315024909753057,0.8851633889914383,0.8863986972229212,0.0013945979554524507,0.7702758997085627,1.422032048682287,2.2005682154749175,7.649084206865124e-10
115,114,0,local_loglinear,20,19,95,2.663777445037193,2.7666521830889885,1.198582368218447,0.1690871134204569,1.0009120866130192,0.0009120866130192251,1.0512936662669305,1.1302431264125454,0.9301482501413613,0.8814114789490859,0.8818140886136578,0.00045667403986834887,0.7700015236259673,1.4442005242610987,2.2019564394697015,1.047951502761669e-9
115,114,0,local_loglinear,21,20,94,2.659615246640195,2.7633249945844267,1.1978512935215324,0.16892220301842378,0.9983734814307783,0.001626518569221691,1.0515845362735723,1.1323186988020797,0.9287001419177137,0.8778194755443719,0.877103767438175,0.0008156574924159388,0.7696302864499942,1.4666306018186606,2.2038368306738323,1.0902539900675643e-9
115,114,0,local_loglinear,22,21,93,2.652283722104379,2.7566438631784362,1.195970753215495,0.16885396191588453,0.9952191435607408,0.004780856439259185,1.0518492100255692,1.134484597488567,0.9271604148298448,0.8743737570248927,0.8722761143712745,0.0024019051516135093,0.7691675054062447,1.489341371824599,2.206184284805382,7.592414284667339e-10
115,114,0,local_loglinear,23,22,92,2.6419933257887647,2.7468273035299453,1.1930154257648782,0.16887708520628725,0.9914936266526031,0.0085063733473969,1.0520888720754458,1.1367407086517483,0.9255310943542214,0.8710613519556273,0.867338891258346,0.004282634452300066,0.7686178448683191,1.5123532399290702,2.208977310830729,1.3170892727522658e-11
115,114,0,local_loglinear,24,23,91,2.6289472351793273,2.734086841819037,1.1890575027794235,0.16898698971775178,0.9872397319994688,0.012760268000531205,1.0523046442990145,1.1390871345151017,0.9238140019437322,0.8678699460454498,0.8622992733673052,0.006439476399746652,0.7679853823061236,1.5356878171894068,2.2121976518161057,9.814481339123318e-10
115,114,0,local_loglinear,25,24,90,2.6133405607455122,2.7186260914390945,1.1841663878682869,0.16917973917672405,0.9824983876597321,0.017501612340267925,1.0524975692732752,1.1415241769464215,0.9220107559076912,0.8647878677825797,0.8571638822394128,0.008855109164674496,0.7672736692618678,1.5593678698672764,2.215829944605707,1.1527821532430709e-9
115,114,0,local_loglinear,26,25,89,2.595359800751789,2.7006400928610983,1.1784084881026573,0.16945197910510915,0.9773085660605164,0.022691433939483585,1.052668619246076,1.1440523384582986,0.9201227809775123,0.8618040708453701,0.8519388181651719,0.011513234239403647,0.766485783306228,1.5834172802192605,2.2198614360741296,1.1267632884180743e-9
115,114,0,local_loglinear,27,26,88,2.5751825058919025,2.680314882902008,1.1718470810125532,0.16980088171277719,0.9717072446039202,0.028292755396079783,1.0528186966291293,1.1466723177972258,0.9181513151478264,0.8589081097541544,0.8466296920460488,0.014398543172180228,0.7656243735741461,1.6078610325862688,2.224281740661781,1.0913031887169187e-9
115,114,0,local_loglinear,28,27,87,2.552977116038422,2.657827251729451,1.1645422498254856,0.17022409679670725,0.9657293860451173,0.034270613954882734,1.0529486460223632,1.1493850076181062,0.9160974251825417,0.8560901173336352,0.8412416562922294,0.017496685175824422,0.7646916986101528,1.6327251992021723,2.2290826441814007,1.850956735324117e-11
115,114,0,local_loglinear,29,28,86,2.5289029449778373,2.633344667598498,1.156550860805446,0.17071971426411808,0.9594079737073403,0.04059202629265968,1.0530592360120603,1.1521914838105003,0.9139620026780686,0.8533407671303976,0.8357794347539136,0.020794216000525667,0.7636896632726744,1.6580369852470254,2.234257918067087,2.6091721954306976e-10
115,114,0,local_loglinear,30,29,85,2.503110270312838,2.607025316141709,1.1479265916657282,0.171286228230682,0.952774037883042,0.047225962116957954,1.0531511834679321,1.1550930154431471,0.9117457809784215,0.8506512470202767,0.8302473510688615,0.02427855935925366,0.7626198468049646,1.683824747499209,2.2398031837081316,1.5667372238132135e-11
115,114,0,local_loglinear,31,30,84,2.4757405200005054,2.5790182508166026,1.1387199890963489,0.1719225090424728,0.9458567154146738,0.054143284585326246,1.0532251440702989,1.1580910552248744,0.9094493384769188,0.8480132246325895,0.8246493558161265,0.027937958022384635,0.7614835293264015,1.7101180525555622,2.245715789025968,8.077301435300291e-10
115,114,0,local_loglinear,32,31,83,2.446926526882852,2.5494636212875017,1.1289785516429445,0.17262777975143526,0.9386833190015053,0.061316680998494744,1.053281716183894,1.161187241602302,0.9070731045326412,0.8454188135101438,0.818989052146897,0.03176142543797397,0.7602817148079384,1.736947746807421,2.2519947067337407,1.2927948504170405e-11
115,114,0,local_loglinear,33,32,82,2.416792834701483,2.5184929610445095,1.1187468357779,0.1734015956383472,0.9312794085879144,0.06872059141208564,1.0533214491126217,1.1643834013485013,0.9046173690665326,0.8428605424770906,0.8132697199130725,0.03573870093906667,0.759015149647452,1.7643460293324853,2.2586404586918807,1.1083871163768055e-9
115,114,0,local_loglinear,34,33,81,2.385456044971676,2.486229524555968,1.108066572944624,0.17424382891656845,0.9236688777511972,0.07633112224880279,1.0533448384675268,1.1676815466102888,0.9020822856414279,0.8403313216438928,0.8074943384108488,0.039860200782212835,0.7576843401558826,1.7923465526228266,2.265655048981789,1.7648640840514633e-11
115,114,0,local_loglinear,35,34,80,2.3530251881838717,2.452788654509782,1.0969767967548385,0.1751546566733973,0.9158740421782269,0.08412595782177312,1.0533523297517338,1.1710838799871854,0.8994678756599912,0.8378244098857163,0.8016656076226221,0.04411697096601286,0.756289567379685,1.8209845352031793,2.2730419137912725,9.508856799904889e-10
115,114,0,local_loglinear,36,35,79,2.3196021100899595,2.418278168091386,1.0855139794848259,0.17613455061518205,0.9079157228149402,0.09208427718505985,1.0533443264362155,1.1745927993140894,0.8967740369695116,0.8353333865754985,0.7957859680261445,0.048500645226301126,0.7548308986372712,1.8502968752506732,2.2808058915545946,1.2730004480463896e-9
115,114,0,local_loglinear,37,36,78,2.2852818685254896,2.3827987581973735,1.0737121722182061,0.1771842698856722,0.8998133319058969,0.10018666809410315,1.0533211905253694,1.1782108948223586,0.8940005521542737,0.832852123460114,0.789857619141275,0.05300340326800318,0.7533081974679497,1.8803222809442786,2.28895320462245,7.76892927321203e-10
115,114,0,local_loglinear,38,37,77,2.250153133619715,2.3464444030787095,1.0616031399025796,0.17830485915956618,0.8915849723944883,0.1084150276055117,1.0532832328214372,1.1819409607727465,0.8911470773741579,0.830374751277201,0.7838825368372391,0.05761792279192082,0.751721134389844,1.911101441919073,2.297491439727533,9.455903068259882e-10
115,114,0,local_loglinear,39,38,76,2.214298579061432,2.3093027667180537,1.0492165023414268,0.17949764595141357,0.8832475163890823,0.11675248361091772,1.0532307304289243,1.1857859940239068,0.888213164716879,0.8278956362428158,0.777862489239763,0.06233734374885505,0.7500691928841133,1.942677181681145,2.3064295573038778,7.634772419352635e-10
115,114,0,local_loglinear,40,39,75,2.1777952695506997,2.2714555978377566,1.0365798726825972,0.18076424065066987,0.8748166848732291,0.12518331512677094,1.0531639259228844,1.1897492041400277,0.8851982604889662,0.8254093563550243,0.7717990516148592,0.06715523248834757,0.7483516746491506,1.9750946302941632,2.315777908636622,1.1697807383657795e-11
115,114,0,local_loglinear,41,40,74,2.14071504004441,2.232979124000511,1.0237189866344611,0.18210654182863684,0.8663071399623095,0.13369286003769054,1.0530830160893425,1.1938340128265539,0.8821017032309496,0.822910671805751,0.7656936202447922,0.07206553890145026,0.7465677061660597,2.0084014451161485,2.3255482499372118,5.293022632550788e-11
115,114,0,local_loglinear,42,41,73,2.1031248571648287,2.1939444260601815,1.0106578339055992,0.1835267402503687,0.8577325541666295,0.14226744583337048,1.0529881697717882,1.198044069558471,0.8789227345867653,0.8203945056427151,0.7595474251212644,0.07706256636464859,0.7447162409301009,2.0426480117581223,2.335753784428774,2.1176711455447926e-10
115,114,0,local_loglinear,43,42,72,2.065087170288674,2.1544178044444924,0.9974187811830777,0.1850273272286666,0.8491056880282747,0.15089431197172531,1.0528795194198668,1.2023832518270527,0.87566049994458,0.8178559202495401,0.7533615418404571,0.08214093665647865,0.742796062665443,2.0778876877033947,2.3464092041759494,1.628522802352202e-11
115,114,0,local_loglinear,44,43,71,2.0266602458718865,2.11446112847811,0.98402269104109,0.18661110487852756,0.8404384615456467,0.15956153845435328,1.0527571648312937,1.2068556753832707,0.8723140523799263,0.8152900961258523,0.7471369025826622,0.08729555787648746,0.7408057869435275,2.1141770631586243,2.3575307462429143,1.0486480462401257e-9
115,114,0,local_loglinear,45,44,70,1.9878984857223065,2.074132169344598,0.9704890352667136,0.18828119801134371,0.8317420187038487,0.16825798129615133,1.0526211763404967,1.211465702198988,0.8688823583117827,0.8126923133242132,0.7408743062853536,0.09252159575605237,0.7387438619640502,2.1515762382965655,2.369136259764788,8.004606448951363e-10
115,114,0,local_loglinear,46,45,69,1.9488527300944285,2.0334849187226225,0.9568360005983709,0.19004107039955792,0.8230267975072133,0.1769732024927867,1.0524715886762548,1.216217947696063,0.8653642964815637,0.8100579295724578,0.7345744281273507,0.09781444092823682,0.7366085695303437,2.1901491476803967,2.3812452788446827,1.1470490484383157e-11
115,114,0,local_loglinear,47,46,68,1.9095705418305435,1.9925698862298822,0.9430805934006711,0.1918945402225089,0.8143025803267095,0.18569741967329045,1.0523084154807534,1.2211172946435802,0.8617586697827428,0.8073823670920033,0.7282378282429081,0.10316968706434543,0.7343980230276544,2.2299638763344785,2.3938791201647684,8.12733488383295e-10
115,114,0,local_loglinear,48,47,67,1.8700964784735123,1.9514343864906623,0.9292387339165624,0.19384580156589432,0.8055785575005648,0.19442144249943516,1.0521316357326735,1.2261688944735345,0.8580642034508751,0.8046610924460111,0.721864959981815,0.1085831002360513,0.7321101673828496,2.2710930456547636,2.4070609782155246,1.1080465205101401e-11
115,114,0,local_loglinear,49,48,66,1.8304723458349386,1.9101228062100861,0.9153253462728677,0.19589944742839324,0.7968633801822648,0.20313661981773523,1.0519412005104254,1.231378182736111,0.8542795505545029,0.8018896007385363,0.7154561775115682,0.11405059369420054,0.7297427774499016,2.3136142186793967,2.42081603914283,5.2885771867587344e-11
115,114,0,local_loglinear,50,49,65,1.7907374363060322,1.8686768550098638,0.9013544453030198,0.19806049489071934,0.7881652063424683,0.21183479365753166,1.051737037514424,1.2367508895730346,0.8504032997926662,0.7990634025375554,0.7090117429340617,0.11956820591401665,0.7272934549737711,2.3576103340894683,2.4351716138525434,7.459086534046973e-10
115,114,0,local_loglinear,51,50,64,1.7509287541307545,1.827135803334116,0.8873392159901983,0.20033441463071125,0.7794917489308116,0.22050825106918837,1.051519046522772,1.242293045857409,0.8464339795100695,0.7961780091699133,0.7025318330294603,0.12513207635125678,0.7247596262934094,2.403170195647782,2.4501572792451234,1.2232498289513033e-9
115,114,0,local_loglinear,52,51,63,1.711081225946589,1.7855367048790356,0.8732920886856219,0.2027271639878105,0.7708503206420843,0.22914967935791575,1.0512871008467277,1.248010994945739,0.8423700633281965,0.7932289190657781,0.6960165455989251,0.13073842224836826,0.7221385392191497,2.450389008739788,2.4658050380679533,1.2213696885391214e-9
115,114,0,local_loglinear,53,52,62,1.6712278977226402,1.743914604960021,0.8592248077113268,0.205245224209317,0.7622478768287752,0.23775212317122485,1.0510410460043862,1.2539114031177605,0.8382099751155052,0.7902116044541272,0.689465905465138,0.13638351552470168,0.7194272603296057,2.49936897326238,2.4821494917243347,1.5145150514890184e-11
115,114,0,local_loglinear,54,53,61,1.6314001178621689,1.7023027331583271,0.8451485010021023,0.2078956390883221,0.7536910446927102,0.2463089553072898,1.0507807120468569,1.260001272896753,0.8339521035808986,0.7871215045868678,0.6828798701665721,0.14206366751751587,0.7166226693854407,2.550219901872505,2.499228047859406,7.128704510915422e-11
115,114,0,local_loglinear,55,54,60,1.5916277117741195,1.6607326889366918,0.8310737385266166,0.2106860625976328,0.7451861682554871,0.2548138317445129,1.050505895827923,1.2662879426726843,0.8295948025933801,0.7839540107123245,0.6762583355686866,0.14777520257500443,0.7137214572569061,2.603059955664666,2.5170811264750124,9.84884948594866e-10
115,114,0,local_loglinear,56,55,59,1.5519391413926646,1.6192346098545558,0.8170105917430612,0.2136248079649885,0.736739335674127,0.26326066432587303,1.050216376690044,1.2727791052766277,0.8251364061022894,0.7807044596419743,0.6696011411566947,0.15351444206294543,0.7107201207748312,2.6580164081258917,2.535752406571162,1.1675531883774795e-11
115,114,0,local_loglinear,57,56,58,1.5123616560513964,1.577837331693418,0.8029686854479463,0.21672090470053992,0.7283564140752564,0.2716435859247436,1.049911906998833,1.2794828102147497,0.8205752344751037,0.7773681233976235,0.6629080752950836,0.1592776825153165,0.7076149596768918,2.715226518602475,2.555289084701637,1.1352029872861768e-9
115,114,0,local_loglinear,58,57,57,1.4729214314632868,1.536568535233162,0.7889572495626851,0.219984159802443,0.720043074567695,0.279956925432305,1.0495922213722226,1.2864074758459874,0.8159096095752812,0.7739402038572057,0.6561788803509501,0.16506117937236142,0.7044020716674524,2.7748384710836462,2.57574217297179,1.3488832917980827e-11
115,114,0,local_loglinear,59,58,56,1.4336437002569444,1.4954548843659428,0.7749851665817111,0.22342522601505713,0.711804817233268,0.28819518276673195,1.0492570352170223,1.2935618907435016,0.811137868798794,0.7704158276231853,0.6494132578474989,0.17086112996118136,0.7010773483089139,2.837012416889884,2.597166823332121,8.459580991430362e-10
115,114,0,local_loglinear,60,59,55,1.3945528737257114,1.454522155598066,0.7610610128688475,0.22705567957696707,0.7036470009995639,0.2963529990004361,1.0489060382296502,1.300955215848903,0.80625837496275,0.7667900385356218,0.6426108736645595,0.176673652235545,0.6976364726918871,2.9019216530076535,2.6196226755292233,1.1386679871283425e-9
115,114,0,local_loglinear,61,60,54,1.3556726527684768,1.4137953551275066,0.7471931006022742,0.23088810316952393,0.6955748607033562,0.30442513929664383,1.0485389070779985,1.3085969930974266,0.8012695372286657,0.7630577972748411,0.6357713632287998,0.18249477151927973,0.6940749153470498,2.969753886006098,2.6431742557491384,1.1570647646249435e-9
115,114,0,local_loglinear,62,61,53,1.3170261319666012,1.3732988290955632,0.733389516128628,0.2349361790567151,0.6875935270268407,0.31240647297315927,1.0481553023781853,1.3164971391429598,0.7961698291729937,0.7592139801340516,0.6288943369084039,0.18832040467082928,0.6903879314104261,3.040712647937658,2.6678914118666,9.611283268722297e-10
115,114,0,local_loglinear,63,62,52,1.278635895670104,1.33305636601233,0.719658152078926,0.2392147943230393,0.679708050659509,0.320291949340491,1.0477548627291193,1.3246659399731264,0.7909578038598737,0.7552533761986964,0.6219793855883919,0.19414634051379098,0.686570560302299,3.115018891140168,2.69384978184518,2.102162479498566e-10
115,114,0,local_loglinear,64,63,51,1.240524104166744,1.2930912877956557,0.7060067406793819,0.24374015429884477,0.6719234145800853,0.3280765854199147,1.0473372180226002,1.3331140511979314,0.7856321198336083,0.751170691749761,0.6150260863831449,0.19996822810023185,0.6826176240109435,3.1929127165046696,2.7211313274564453,1.2378938292620498e-11
115,114,0,local_loglinear,65,64,50,1.2027125733294894,1.2534265342470097,0.6924428835524907,0.24852990902387984,0.6642445476254543,0.33575545237454574,1.046901988228929,1.3418524812296169,0.7801915656701639,0.7469605551967304,0.6080340086865421,0.20578156370889134,0.6785237273102155,3.27465530304713,2.74982491844056,8.382093872211066e-10
115,114,0,local_loglinear,66,65,49,1.165222846804553,1.214084740100479,0.6789740766762152,0.253603294923011,0.6566763405982343,0.3433236594017657,1.0464487803642506,1.3508925728295629,0.7746350830639123,0.742617521918084,0.6010027205607991,0.21158167558123925,0.6742832606891909,3.3605310713260046,2.7800269688668906,1.0675174351107033e-9
115,114,0,local_loglinear,67,66,48,1.1280762592665443,1.1750883019579055,0.6656077365641851,0.2589812889702292,0.649223652625698,0.35077634737430197,1.0459772012790176,1.360245985601659,0.7689617998147333,0.7381360859321672,0.5939317954459555,0.2173637155947855,0.669890402790729,3.450850051836971,2.8118421568125593,1.0776709979940178e-11
115,114,0,local_loglinear,68,67,47,1.0912939932353125,1.1364594395271037,0.6523512182770664,0.2646867836326988,0.6418913268158646,0.3581086731841354,1.045486846411244,1.369924659832731,0.7631710539022626,0.733510688190046,0.586820819353074,0.22312264386020042,0.6653391282388846,3.545950573786401,2.8453841953508734,6.854677354766835e-11
115,114,0,local_loglinear,69,68,46,1.0548971258144584,1.0982202451406384,0.6392118363987986,0.27074477578024714,0.6346841906663614,0.3653158093336386,1.0449773199655938,1.3799407904486614,0.7572624327061449,0.7287357351673494,0.5796693984197623,0.2288532247860891,0.6606232144080719,3.6462021929355943,2.8807767116052903,3.6168756241816725e-10
115,114,0,local_loglinear,70,69,45,1.0189066690024737,1.0603927274236868,0.6261968795212987,0.2771825795668189,0.6276070641154234,0.37239293588457656,1.044448226979711,1.3903067728784286,0.7512358044673353,0.7238056154486192,0.5724771670644813,0.2345500176109706,0.6557362535573324,3.752009001316529,2.918154199719617,7.1372912280640136e-12
115,114,0,local_loglinear,71,70,44,0.9833436005141958,1.022998844649941,0.6133136240349378,0.2840300605559665,0.6206647608919315,0.37933523910806854,1.043899183894647,1.401035153393574,0.745091357176959,0.7187147223367691,0.5652437966353998,0.2402073723932847,0.6506716668304366,3.863813293176077,2.957663086349035,5.19586492748165e-11
115,114,0,local_loglinear,72,71,43,0.9482288861655321,0.9860605295891063,0.6005693428830066,0.29131989580667556,0.6138620895969397,0.38613791040306034,1.0433298198048355,1.4121385615965696,0.7388296362541382,0.7134574791515619,0.5579690046530192,0.2458194267773285,0.6454227232889486,3.982099664754367,2.9994628996403834,1.3827583286335478e-10
115,114,0,local_loglinear,73,72,42,0.9135834926470344,0.9495997041714348,0.5879713130062875,0.29908786131086074,0.6072038509882399,0.3927961490117601,1.042739784920257,1.4236296366828052,0.7324515857578954,0.7080283693421955,0.5506525646448048,0.2513801064969583,0.6399825621034417,4.107399581809402,3.043727572181942,3.8980741482949557e-10
115,114,0,local_loglinear,74,73,41,0.8794283908550582,0.9136382844810562,0.575526818578652,0.30737315044234625,0.6006948335234717,0.39930516647652825,1.0421287548823797,1.4355209368213082,0.7259585897715838,0.7024219704103348,0.5432943166114212,0.25688312825310805,0.6343442201082399,4.240296484684813,3.09064687886286,7.530238410346562e-12
115,114,0,local_loglinear,75,74,40,0.8457845489956692,0.878198175041581,0.5632431521802492,0.316218726065373,0.5943398057981923,0.40566019420180766,1.0414964389536332,1.447824837407609,0.7193525156112642,0.6966329925022386,0.5358941781237048,0.2623220062958592,0.6285006638100732,4.381431489541347,3.140428036725154,5.932841447300075e-11
115,114,0,local_loglinear,76,75,39,0.8126729153798137,0.84330125264881,0.5511276100886573,0.3256717100520204,0.588143506810455,0.411856493189545,1.0408425840385123,1.4605534119637122,0.7126357554011672,0.6906563211886303,0.5284521560557138,0.26769006221644187,0.6224448286251358,4.531509766197613,3.1932974653853097,1.1631369390511314e-10
115,114,0,local_loglinear,77,76,38,0.7801143899813923,0.8089693383892138,0.5391874862997196,0.33578381343117003,0.5821106328455173,0.41788936715448266,1.0401669849347477,1.4737183028693497,0.7058112686186555,0.6844870650975297,0.5209683589312286,0.2729804391961731,0.6161696628855783,4.691307669034525,3.2495027520766944,4.0331632152131585e-10
115,114,0,local_loglinear,78,77,37,0.7481297848671166,0.7752241583030135,0.5274300612694343,0.3466118111947625,0.5762458216478651,0.4237541783521349,1.039469490237716,1.4873305713222118,0.6988826225185737,0.6781206079322137,0.5134430098606013,0.27818612043479723,0.6096681795151382,4.861680719676162,3.309314822639753,7.620967356924086e-12
115,114,0,local_loglinear,79,78,36,0.7167397729002064,0.7420872918238413,0.5158625884034568,0.35821806570440473,0.5705536334705028,0.4294463665294972,1.038750012116419,1.5014005344098855,0.6918540311594414,0.6715526649237946,0.5058764600165049,0.283299952352023,0.6029335137839937,5.0435725452736335,3.373030360337031,6.879231052906613e-11
115,114,0,local_loglinear,80,79,35,0.6859648248245285,0.7095801084574869,0.5044922740849159,0.3706711029879488,0.5650385293969845,0.4349614706030155,1.0380085314003453,1.5159375827784995,0.6847303894252837,0.6647793432071099,0.49826920258162244,0.2883146724633293,0.5959589901285649,5.2380248955588415,3.440974475362955,9.243419248527685e-10
115,114,0,local_loglinear,81,80,34,0.6558251342587086,0.6777236918587968,0.49332625567315486,0.38404624636330054,0.5597048468505881,0.4402951531494119,1.0372451076336233,1.5309499884973508,0.6775173032606338,0.6577972057672123,0.49062188707337995,0.2932229422024517,0.588738195338791,5.446188874091061,3.5135036819661956,1.2066050513120173e-9
115,114,0,local_loglinear,82,81,33,0.626340530967628,0.6465387516525887,0.4823715765667242,0.3984263091913442,0.5545567690008418,0.44544323099915817,1.036459891380211,1.5464446948547794,0.670221117398279,0.6506033403378573,0.4829353339281238,0.29801738778559017,0.5812650587685559,5.669337504941313,3.591009213768126,7.53240849151742e-12
115,114,0,local_loglinear,83,82,32,0.5975303831833914,0.6160455246567778,0.4716351529122177,0.4139023583314078,0.5495982994983899,0.4504017005016101,1.035653118465662,1.562427087599029,0.662848926958341,0.6431954260300302,0.47521054924272366,0.30269063918086797,0.5735339432881665,5.908879910887231,3.6739206758091365,7.807489638664111e-11
115,114,0,local_loglinear,84,83,31,0.5694134881399685,0.5862636631225703,0.46112374208227697,0.4305745398668226,0.5448332236662875,0.4551667763337125,1.034825134764582,1.5789007752749151,0.6554085924648433,0.6355718077011261,0.46744873940393894,0.3072353838852901,0.5655397395339063,6.1663771260008575,3.7627101488323684,8.919045679198127e-10
115,114,0,local_loglinear,85,84,30,0.542007953473951,0.557212114238685,0.4508439038731773,0.44855298263603227,0.5402650758737613,0.45973492412623873,1.0339763892379603,1.5958673381023305,0.6479087356142503,0.627731565898818,0.459651325545398,0.31164441813194904,0.5572779697749172,6.4435599394938725,3.8578967239285267,1.0436995283424105e-9
115,114,0,local_loglinear,86,85,29,0.5153310692520792,0.5289089895169076,0.44080196177975367,0.4679587722437914,0.5358970988139626,0.46410290118603736,1.0331074497562367,1.6133260924143742,0.6403587313276333,0.619674589443989,0.4518199575041625,0.31591070814437383,0.5487448952515128,6.742348882530734,3.9600515783372967,5.4406519342241464e-12
115,114,0,local_loglinear,87,86,28,0.4893991729868029,0.5013714275876434,0.431003957217168,0.4889250064638743,0.5317322084799719,0.46826779152002806,1.0322189944554012,1.631273842402469,0.6327686790681287,0.611401641653563,0.4439565271016833,0.3200274488206234,0.5399376313895335,7.064876781832993,4.069803590500795,6.59393245746009e-11
115,114,0,local_loglinear,88,87,27,0.46422750839094507,0.4746154498379826,0.4214556065975745,0.5115979186548789,0.527772949055884,0.472227050944116,1.0313118307531282,1.6497046594993827,0.6251493713220697,0.6029144278879415,0.4360631803940893,0.3239881340118511,0.5308542624446797,7.413514020228881,4.187845644396784,1.216258762846806e-10
115,114,0,local_loglinear,89,88,26,0.43983008116958155,0.4486558134784108,0.4121622540241392,0.5361380778184346,0.5240214539666345,0.47597854603336553,1.030386886171833,1.6686096528166765,0.6175122410639905,0.5942156539305689,0.42814232870576585,0.3277866232232891,0.5214939597540185,7.790897040464141,4.3149416315007185,2.2104893924467311e-10
115,114,0,local_loglinear,90,89,25,0.4162195133998513,0.4235058629621198,0.4031288242670653,0.562721651487767,0.5204794043595536,0.47952059564044636,1.0294452127315998,1.6879767765960632,0.6098692985620077,0.5853090787583098,0.42019665806708306,0.3314172122839688,0.511857098248827,8.199960399999535,4.451934275652343,3.1227516016998937e-10
115,114,0,local_loglinear,91,90,24,0.39340689949668434,0.3991773830113243,0.3943597760294972,0.5915417228522593,0.5171479891338538,0.48285201086614615,1.0284879848892103,1.7077906610897011,0.6022330536887679,0.5761995580674639,0.4122291367779415,0.33487470369303296,0.5019453694372872,8.643972881146372,4.59975387318627,3.9606773717799964e-10
115,114,0,local_loglinear,92,91,23,0.37140166660595475,0.37568045614518175,0.385859056275797,0.6228096447183133,0.514027866725876,0.48597213327412403,1.027516496189619,1.7280324807847516,0.5946164251050379,0.5668930771805665,0.40424302078160834,0.33815447584519154,0.4917618881100056,9.126578179773515,4.759428061343469,1.300196461089597e-9
115,114,0,local_loglinear,93,92,22,0.3502114424768621,0.3530233277872963,0.3776300567957934,0.6567564047812411,0.5111191286096809,0.4888808713903191,1.026532155410988,1.748679867291838,0.587032637941196,0.5573967722094261,0.39624185655037025,0.3412525505456273,0.4813112895799204,9.651840757611938,4.932092746469366,1.3024022728728518e-9
115,114,0,local_loglinear,94,93,21,0.32984193394507166,0.3312122822399138,0.36967557400219725,0.6936339745959882,0.50842127029055,0.49157872970945005,1.0255364757321275,1.7697068721919278,0.579495108397198,0.547718935393305,0.3882294812129218,0.3441656525432357,0.4705998142762655,10.224297627687982,5.119004339240502,1.3215645268465671e-9
115,114,0,local_loglinear,95,94,20,0.3102968189621889,0.3102515324500392,0.3619977716116232,0.7337165862922524,0.5059331616584051,0.4940668383415949,1.0245310702271897,1.7910839918772743,0.5720173229583478,0.537869008296945,0.38021001963806855,0.3468912682086336,0.4596353773384566,10.84901669945484,5.321553447791104,1.290654772091847e-9
115,114,0,local_loglinear,96,95,19,0.29157765534961494,0.2901431267404885,0.3545981498642183,0.7773018885827,0.5036530270483807,0.49634697295161934,1.023517639505974,1.8127782521357976,0.5646127088628052,0.5278575568862416,0.37218787831705336,0.34942769266682394,0.4484276182314607,11.531662728924392,5.5412802490361175,3.849437868359086e-12
115,114,0,local_loglinear,97,96,18,0.2736838088224481,0.27088687530097605,0.34747751894803364,0.8247119010774508,0.5015784317068418,0.4984215682931582,1.0224979579754,1.8347533578705308,0.5572945015138937,0.5176962302232784,0.3641677358482739,0.3517740678377327,0.4369879296971078,12.278571826423423,5.7798917133307555,7.575007496080793e-11
115,114,0,local_loglinear,98,97,17,0.2566124026699709,0.2524802986149255,0.340635979644681,0.8762936671632944,0.4997062741672283,0.5002937258327718,1.0214738638989602,1.8569699138114197,0.5500756131274045,0.5073977033269444,0.35615452993132524,0.35393041128842606,0.42532946179992076,13.096835644024447,6.03928095470369,1.070871892225134e-9
115,114,0,local_loglinear,99,98,16,0.24035829103827933,0.23491860016540209,0.33407290913214155,0.9324194933828222,0.49803279102282966,0.5019672089771703,1.0204472381201695,1.879385704448707,0.5429685006673519,0.4969756016012286,0.3481534408561495,0.35589762894862975,0.4134671010386894,13.994396700038049,6.321548938061489,2.599114119299855e-12
115,114,0,local_loglinear,100,99,15,0.22491405697376757,0.2181946645221974,0.3277869527096051,0.9934866302817031,0.4965535745907896,0.5034464254092104,1.0194199829143071,1.901956045724707,0.5359850377225069,0.4864444078801729,0.3401698715019491,0.35767751067498244,0.401417422613592,14.9801564062732,6.629028851884217,6.231015787347132e-11
115,114,0,local_loglinear,101,100,14,0.21027003594415078,0.20229908151434614,0.32177602129959215,1.0599162121647405,0.4952636000659291,0.5047363999340708,1.0183940040893302,1.9246342007892572,0.5291363957222134,0.47581935543880455,0.3322094239490484,0.35927271174418074,0.3891986152824193,16.064097484048325,6.964313480076889,9.352718490020587e-10
115,114,0,local_loglinear,102,101,13,0.19641436483021424,0.18722019706600576,0.3160372911041661,1.132151278861568,0.49415727628735473,0.5058427237126453,1.0173711716118699,1.9473718478481423,0.5224329255535203,0.46511630223275774,0.32427787292152255,0.360686705933422,0.3768303814297472,17.25742325859283,7.33028587195522,1.2619913586383842e-9
115,114,0,local_loglinear,103,102,12,0.18333305530153757,0.17294418989866367,0.3105672023460206,1.2106536640551622,0.49322852254052024,0.5067714774594798,1.01635327308894,1.9701196245349168,0.5158840409647049,0.45435158823768446,0.31638113626580444,0.3619237075382681,0.3643338146240182,18.572716516698787,7.730153641994678,2.2549865823874142e-12
115,114,0,local_loglinear,104,103,11,0.17101008973746562,0.1594551730707394,0.30536145051157504,1.2958995436791578,0.4924708827895856,0.5075291172104144,1.0153419444903555,1.9928277574343387,0.5094980942043656,0.44354187423831876,0.308525242757427,0.3629885507951297,0.351731259857996,20.024121500355182,8.167487151589247,6.268248633273694e-11
115,114,0,local_loglinear,105,104,10,0.1594275368441139,0.146735318672343,0.3004149611132009,1.3883734794843539,0.49187769789751656,0.5081223021024834,1.0143385644266394,2.015446815997983,0.5032822282260881,0.43270395747001905,0.30071629755646967,0.36388650592902505,0.3390461631292707,21.627553913582204,8.646261718445073,1.119391924375623e-10
115,114,0,local_loglinear,106,105,9,0.14856568258681657,0.1347650039275094,0.2957218278872346,1.4885609145794962,0.491442374103464,0.5085576258965361,1.0133440742315334,2.0379286601644133,0.4972421724270663,0.4218545536590949,0.29296044562124735,0.3646229930273134,0.3263029239082116,23.40094611982826,9.170903567899257,1.9510145764123306e-10
115,114,0,local_loglinear,107,106,8,0.1384031704217744,0.1235229762264767,0.29127518817370734,1.5969392849841009,0.4911588000286246,0.5088411999713753,1.0123586992459213,2.0602277378530105,0.4913819383389688,0.41101003226477184,0.28526383331239047,0.3652031406369576,0.3135267658645887,25.36453799431757,9.746338703992805,3.3535973255860995e-10
115,114,0,local_loglinear,108,107,7,0.128917142307589,0.1129865351594009,0.28706698813701087,1.7139683700894977,0.49102200950563146,0.5089779904943685,1.0113814874392753,2.0823029576964887,0.48570333327389514,0.4001860776197933,0.27763256833228944,0.3656310901554547,0.3007436517627083,27.541230446138478,10.378042548220973,5.7130270301408e-10
115,114,0,local_loglinear,109,108,6,0.12008336813700375,0.10313172999093434,0.2830875617213434,1.840081307236377,0.4910292467086333,0.5089707532913668,1.010409554713119,2.104120554660392,0.4802051633758222,0.3893972330069285,0.27007267792131506,0.365908886863878,0.2879802803184012,29.957029661577188,11.07208585300677,9.668307907889093e-10
115,114,0,local_loglinear,110,109,5,0.11187634519737442,0.09393357218417774,0.279324898757665,1.9756791397597617,0.4911816920866997,0.5088183079133003,1.0094368482042357,2.1256586370032156,0.4748819168948757,0.37865625801150643,0.2625900648990399,0.3660346950273986,0.2752642224440126,32.64163001158908,11.835168018828366,1.6272347173313335e-9
115,114,0,local_loglinear,111,110,4,0.10426933946831607,0.08536626462573647,0.2757633986827672,2.1211343053973257,0.4914872732163656,0.5085127267836345,1.0084521228757566,2.1469145606419042,0.46972159086491094,0.367973188559519,0.25519046061958695,0.36599990758480583,0.2626242850159272,35.62921924777081,12.67462090597232,2.7251271352885887e-9
115,114,0,local_loglinear,112,111,3,0.09723432450600122,0.0774034525981604,0.27238177785238316,2.276812900036634,0.4919652541369152,0.5080347458630847,1.0074356408610254,2.1679170239610444,0.4647021217723175,0.35735392638521946,0.2478793731299037,0.3657844519464526,0.25009123885460016,38.95965388625457,13.598351549819608,4.542007789353202e-9
115,114,0,local_loglinear,113,112,2,0.09074174727841565,0.07001850702587262,0.2691495897464654,2.4431332544048963,0.49265373408600494,0.5073462659139951,1.006353811353218,2.1887459929709316,0.45978556423864725,0.3467980901461109,0.24066202766735917,0.36534916339686996,0.2376991251997463,42.68026868120281,14.614665456570652,7.534357730980845e-9
115,114,0,local_loglinear,114,113,1,0.08476000703995543,0.06318485929370969,0.26602147901529194,2.6206917693779017,0.49362189516005384,0.5063781048399462,1.0051505416110584,2.209565538148813,0.4549086796733712,0.33629572117483847,0.2335432949591849,0.36462341812125953,0.2254874809839627,46.84879370018186,15.731863558532913,1.2437739048942948e-8
115,114,0,local_loglinear,115,114,0,0.07925446267009544,0.05687642105332528,0.26292774255438117,2.8105104210430008,0.49498998499659275,0.5050100150034073,1.0037334111904372,2.230677833761075,0.4499678958561552,0.32582224019918254,0.22652760040669634,0.36348516358790706,0.21350503331412954,51.538231664077976,16.957417545154012,5.51349797765393e-7
120,119,0,local_loglinear,1,0,119,1.8901678313037162,1.9403612229421892,0.906495185575314,0.20859957981904168,0.8761960342164987,0.12380396578350128,,,,0.9967870194975489,0.9337836851161863,0.0652923148876943,0.7454800772873249,1.0599016809375605,2.331535287067304,1.4385464361577594e-11
120,119,0,local_loglinear,2,1,118,1.975646808183075,2.0298378997365614,0.9377968877670639,0.20320507284525097,0.8921365634962873,0.10786343650371266,1.0398130356575166,1.109641184299132,0.9370714158507734,0.9878698857804787,0.9336475050616719,0.056452031101244,0.7493925019821268,1.0775853119138288,2.310105976853435,8.704611592333116e-10
120,119,0,local_loglinear,3,2,117,2.0568655473342874,2.115032983101668,0.9675963367839989,0.19846672526247533,0.907154154410322,0.09284584558967801,1.0408510000703133,1.1098776538759065,0.9378069703768349,0.9792619875951668,0.9331339948481145,0.04825040634362443,0.7528321553153103,1.095752628014387,2.2915092581587935,1.510138936482579e-11
120,119,0,local_loglinear,4,3,116,2.1334270501436787,2.1955205927312305,0.9957507620826066,0.1943005459390854,0.9211689790313984,0.07883102096860162,1.0418324245073733,1.1102221713612235,0.9383999449677728,0.970986254084108,0.9322574166490485,0.04070333706688293,0.755845845984557,1.1143363102595618,2.275399485057946,6.804612867019944e-11
120,119,0,local_loglinear,5,4,115,2.2050203127968544,2.2709619270357666,1.022147274181834,0.19063514651171637,0.9341208230918643,0.06587917690813572,1.042758876924645,1.1106782356557465,0.938848753355645,0.9630567041350837,0.9310332686021787,0.033817281958049165,0.758475812843969,1.1332791342463269,2.261479328613506,1.102014068821173e-9
120,119,0,local_loglinear,6,5,114,2.2714163800182234,2.3411019551352608,1.0467017062869575,0.18740970361341763,0.9459677123597272,0.05403228764027279,1.0436320559352623,1.1112472351202805,0.939153793100147,0.9554799258220061,0.9294778538154913,0.027590773411079135,0.7607599601063894,1.1525333081461338,2.2494929484413464,1.8515267363542256e-11
120,119,0,local_loglinear,7,6,113,2.3324626695661284,2.40576425502939,1.0693568037167978,0.18457226465414503,0.9566842603179402,0.04331573968205982,1.0444537569305032,1.1119290875239092,0.939316876093544,0.9482564355401442,0.9276079161920683,0.02201582789785942,0.762732154125845,1.172059722776271,2.2392200828674595,9.008339591858506e-10
120,119,0,local_loglinear,8,7,112,2.3880761210335546,2.464844544843354,1.0900799484565769,0.18207834248871443,0.9662598707881517,0.033740129211848324,1.0452258313166438,1.1127227176081878,0.9393407852437583,0.9413818840049846,0.9254403390280612,0.017079218674762718,0.764422554182782,1.1918271803011482,2.2304709433821452,4.736811134280673e-10
120,119,0,local_loglinear,9,8,111,2.438235642771009,2.5183033796370458,1.108860599524741,0.1798897466341622,0.9746968711388009,0.02530312886119912,1.045950166587269,1.113626422254604,0.9392289422063816,0.9348481110430179,0.9229919003958746,0.012763608848296373,0.7658579509667104,1.2118116163555621,2.22308183979617,9.82698497464882e-10
120,119,0,local_loglinear,10,9,110,2.4829742625993108,2.566158428400635,1.1257075966836925,0.1779736103981056,0.9820086534230518,0.01799134657694823,1.0466286683639079,1.114638136468152,0.9389851595067982,0.9286440507850507,0.9202790789937363,0.009048541532943391,0.7670620980908742,1.2319953418364027,2.216911442536716,8.171120551540273e-10
120,119,0,local_loglinear,11,10,109,2.5223713072712655,2.6084766722567694,1.1406464410118238,0.17630158230116152,0.9882178947177187,0.011782105282281297,1.0472632347924655,1.1157556240179916,0.9386134492615189,0.92275648989854,0.9173179039241663,0.00591128470616345,0.7680560293319746,1.2523663369644416,2.211837585599746,1.4857210857681834e-11
120,119,0,local_loglinear,12,11,108,2.5565448494756944,2.645366776455414,1.1537166545553694,0.17484914902874643,0.9933548697436663,0.006645130256333731,1.0478557534575925,1.1169766209560903,0.9381178923518266,0.9171707047700384,0.9141238417978976,0.003327554040114075,0.768858351284202,1.2729175783194957,2.2077545575825566,1.1040160197100243e-9
120,119,0,local_loglinear,13,12,107,2.5856446089826073,2.676971845938852,1.1649692755951357,0.17359507216184408,0.9974559166249307,0.0025440833750692837,1.048408076071815,1.1182989263232292,0.9375025329933894,0.9118709764315017,0.9107117155368505,0.0012721080432639004,0.7694855139240172,1.293646441890437,2.2045707855968826,1.957956940282605e-11
120,119,0,local_loglinear,14,13,106,2.6098454157663498,2.703462687754256,1.1744645411323025,0.17252091593796404,1.0005620479655717,0.0005620479655716881,1.048922011306951,1.1197204733933073,0.9367713069746757,0.906841008794521,0.9070956491661575,0.0002807599396502103,0.7699520546989983,1.3145541604313906,2.2022068705566933,6.193810256415276e-11
120,119,0,local_loglinear,15,14,105,2.629341305855575,2.725031667817535,1.1822697874690613,0.17161064973602672,1.0027177108347736,0.002717710834773568,1.0493993215810349,1.1212393751783623,0.9359279961195625,0.9020642655424191,0.9032890339496686,0.0013568187406748228,0.7702708160277864,1.3356453309892908,2.2005939247571367,1.026515574623986e-9
120,119,0,local_loglinear,16,15,104,2.644340284362755,2.741887214298123,1.1884575760909968,0.1708503152227788,1.0039697136437091,0.003969713643709127,1.0498417084178964,1.12285394742309,0.9349761924311223,0.8975242304773982,0.8993045118863858,0.001981582272769636,0.7704531403174638,1.356927491946181,2.199672152668884,7.950726364087276e-10
120,119,0,local_loglinear,17,16,103,2.6550597499283173,2.7542489736997076,1.193104047597907,0.17022774649606104,1.0043663067615396,0.004366306761539596,1.0502508042481102,1.124562726225206,0.9339192734703764,0.8932046064765542,0.895153972838201,0.0021800629429163942,0.7705090432221112,1.378410759540518,2.199389641843424,1.4209353474072677e-11
120,119,0,local_loglinear,18,17,102,2.661722555700096,2.7623436023101253,1.1962875063976661,0.16973233127260348,1.003956387955221,0.003956387955220908,1.050628180021099,1.1263644801498145,0.9327603973106094,0.8890894721468103,0.8908485622453577,0.0019765751810077725,0.7704473638812729,1.4001074959953042,2.199701347559969,1.049328978890423e-9
120,119,0,local_loglinear,19,18,101,2.6645536794648517,2.766401178973804,1.1980872119169879,0.16935481150790974,1.002788858085505,0.002788858085505108,1.0509753282152554,1.1282582047793117,0.9315024909753057,0.8851633889914383,0.8863986972229212,0.0013945979554524507,0.7702758997085627,1.422032048682287,2.2005682154749175,7.649084206865124e-10
120,119,0,local_loglinear,20,19,100,2.663777445037193,2.7666521830889885,1.198582368218447,0.1690871134204569,1.0009120866130192,0.0009120866130192251,1.0512936662669305,1.1302431264125454,0.9301482501413613,0.8814114789490859,0.8818140886136578,0.00045667403986834887,0.7700015236259673,1.4442005242610987,2.2019564394697015,1.047951502761669e-9
120,119,0,local_loglinear,21,20,99,2.659615246640195,2.7633249945844267,1.1978512935215324,0.16892220301842378,0.9983734814307783,0.001626518569221691,1.0515845362735723,1.1323186988020797,0.9287001419177137,0.8778194755443719,0.877103767438175,0.0008156574924159388,0.7696302864499942,1.4666306018186606,2.2038368306738323,1.0902539900675643e-9
120,119,0,local_loglinear,22,21,98,2.652283722104379,2.7566438631784362,1.195970753215495,0.16885396191588453,0.9952191435607408,0.004780856439259185,1.0518492100255692,1.134484597488567,0.9271604148298448,0.8743737570248927,0.8722761143712745,0.0024019051516135093,0.7691675054062447,1.489341371824599,2.206184284805382,7.592414284667339e-10
120,119,0,local_loglinear,23,22,97,2.6419933257887647,2.7468273035299453,1.1930154257648782,0.16887708520628725,0.9914936266526031,0.0085063733473969,1.0520888720754458,1.1367407086517483,0.9255310943542214,0.8710613519556273,0.867338891258346,0.004282634452300066,0.7686178448683191,1.5123532399290702,2.208977310830729,1.3170892727522658e-11
120,119,0,local_loglinear,24,23,96,2.6289472351793273,2.734086841819037,1.1890575027794235,0.16898698971775178,0.9872397319994688,0.012760268000531205,1.0523046442990145,1.1390871345151017,0.9238140019437322,0.8678699460454498,0.8622992733673052,0.006439476399746652,0.7679853823061236,1.5356878171894068,2.2121976518161057,9.814481339123318e-10
120,119,0,local_loglinear,25,24,95,2.6133405607455122,2.7186260914390945,1.1841663878682869,0.16917973917672405,0.9824983876597321,0.017501612340267925,1.0524975692732752,1.1415241769464215,0.9220107559076912,0.8647878677825797,0.8571638822394128,0.008855109164674496,0.7672736692618678,1.5593678698672764,2.215829944605707,1.1527821532430709e-9
120,119,0,local_loglinear,26,25,94,2.595359800751789,2.7006400928610983,1.1784084881026573,0.16945197910510915,0.9773085660605164,0.022691433939483585,1.052668619246076,1.1440523384582986,0.9201227809775123,0.8618040708453701,0.8519388181651719,0.011513234239403647,0.766485783306228,1.5834172802192605,2.2198614360741296,1.1267632884180743e-9
120,119,0,local_loglinear,27,26,93,2.5751825058919025,2.680314882902008,1.1718470810125532,0.16980088171277719,0.9717072446039202,0.028292755396079783,1.0528186966291293,1.1466723177972258,0.9181513151478264,0.8589081097541544,0.8466296920460488,0.014398543172180228,0.7656243735741461,1.6078610325862688,2.224281740661781,1.0913031887169187e-9
120,119,0,local_loglinear,28,27,92,2.552977116038422,2.657827251729451,1.1645422498254856,0.17022409679670725,0.9657293860451173,0.034270613954882734,1.0529486460223632,1.1493850076181062,0.9160974251825417,0.8560901173336352,0.8412416562922294,0.017496685175824422,0.7646916986101528,1.6327251992021723,2.2290826441814007,1.850956735324117e-11
120,119,0,local_loglinear,29,28,91,2.5289029449778373,2.633344667598498,1.156550860805446,0.17071971426411808,0.9594079737073403,0.04059202629265968,1.0530592360120603,1.1521914838105003,0.9139620026780686,0.8533407671303976,0.8357794347539136,0.020794216000525667,0.7636896632726744,1.6580369852470254,2.234257918067087,2.6091721954306976e-10
120,119,0,local_loglinear,30,29,90,2.503110270312838,2.607025316141709,1.1479265916657282,0.171286228230682,0.952774037883042,0.047225962116957954,1.0531511834679321,1.1550930154431471,0.9117457809784215,0.8506512470202767,0.8302473510688615,0.02427855935925366,0.7626198468049646,1.683824747499209,2.2398031837081316,1.5667372238132135e-11
120,119,0,local_loglinear,31,30,89,2.4757405200005054,2.5790182508166026,1.1387199890963489,0.1719225090424728,0.9458567154146738,0.054143284585326246,1.0532251440702989,1.1580910552248744,0.9094493384769188,0.8480132246325895,0.8246493558161265,0.027937958022384635,0.7614835293264015,1.7101180525555622,2.245715789025968,8.077301435300291e-10
120,119,0,local_loglinear,32,31,88,2.446926526882852,2.5494636212875017,1.1289785516429445,0.17262777975143526,0.9386833190015053,0.061316680998494744,1.053281716183894,1.161187241602302,0.9070731045326412,0.8454188135101438,0.818989052146897,0.03176142543797397,0.7602817148079384,1.736947746807421,2.2519947067337407,1.2927948504170405e-11
120,119,0,local_loglinear,33,32,87,2.416792834701483,2.5184929610445095,1.1187468357779,0.1734015956383472,0.9312794085879144,0.06872059141208564,1.0533214491126217,1.1643834013485013,0.9046173690665326,0.8428605424770906,0.8132697199130725,0.03573870093906667,0.759015149647452,1.7643460293324853,2.2586404586918807,1.1083871163768055e-9
120,119,0,local_loglinear,34,33,86,2.385456044971676,2.486229524555968,1.108066572944624,0.17424382891656845,0.9236688777511972,0.07633112224880279,1.0533448384675268,1.1676815466102888,0.9020822856414279,0.8403313216438928,0.8074943384108488,0.039860200782212835,0.7576843401558826,1.7923465526228266,2.265655048981789,1.7648640840514633e-11
120,119,0,local_loglinear,35,34,85,2.3530251881838717,2.452788654509782,1.0969767967548385,0.1751546566733973,0.9158740421782269,0.08412595782177312,1.0533523297517338,1.1710838799871854,0.8994678756599912,0.8378244098857163,0.8016656076226221,0.04411697096601286,0.756289567379685,1.8209845352031793,2.2730419137912725,9.508856799904889e-10
120,119,0,local_loglinear,36,35,84,2.3196021100899595,2.418278168091386,1.0855139794848259,0.17613455061518205,0.9079157228149402,0.09208427718505985,1.0533443264362155,1.1745927993140894,0.8967740369695116,0.8353333865754985,0.7957859680261445,0.048500645226301126,0.7548308986372712,1.8502968752506732,2.2808058915545946,1.2730004480463896e-9
120,119,0,local_loglinear,37,36,83,2.2852818685254896,2.3827987581973735,1.0737121722182061,0.1771842698856722,0.8998133319058969,0.10018666809410315,1.0533211905253694,1.1782108948223586,0.8940005521542737,0.832852123460114,0.789857619141275,0.05300340326800318,0.7533081974679497,1.8803222809442786,2.28895320462245,7.76892927321203e-10
120,119,0,local_loglinear,38,37,82,2.250153133619715,2.3464444030787095,1.0616031399025796,0.17830485915956618,0.8915849723944883,0.1084150276055117,1.0532832328214372,1.1819409607727465,0.8911470773741579,0.830374751277201,0.7838825368372391,0.05761792279192082,0.751721134389844,1.911101441919073,2.297491439727533,9.455903068259882e-10
120,119,0,local_loglinear,39,38,81,2.214298579061432,2.3093027667180537,1.0492165023414268,0.17949764595141357,0.8832475163890823,0.11675248361091772,1.0532307304289243,1.1857859940239068,0.888213164716879,0.8278956362428158,0.777862489239763,0.06233734374885505,0.7500691928841133,1.942677181681145,2.3064295573038778,7.634772419352635e-10
120,119,0,local_loglinear,40,39,80,2.1777952695506997,2.2714555978377566,1.0365798726825972,0.18076424065066987,0.8748166848732291,0.12518331512677094,1.0531639259228844,1.1897492041400277,0.8851982604889662,0.8254093563550243,0.7717990516148592,0.06715523248834757,0.7483516746491506,1.9750946302941632,2.315777908636622,1.1697807383657795e-11
120,119,0,local_loglinear,41,40,79,2.14071504004441,2.232979124000511,1.0237189866344611,0.18210654182863684,0.8663071399623095,0.13369286003769054,1.0530830160893425,1.1938340128265539,0.8821017032309496,0.822910671805751,0.7656936202447922,0.07206553890145026,0.7465677061660597,2.0084014451161485,2.3255482499372118,5.293022632550788e-11
120,119,0,local_loglinear,42,41,78,2.1031248571648287,2.1939444260601815,1.0106578339055992,0.1835267402503687,0.8577325541666295,0.14226744583337048,1.0529881697717882,1.198044069558471,0.8789227345867653,0.8203945056427151,0.7595474251212644,0.07706256636464859,0.7447162409301009,2.0426480117581223,2.335753784428774,2.1176711455447926e-10
120,119,0,local_loglinear,43,42,77,2.065087170288674,2.1544178044444924,0.9974187811830777,0.1850273272286666,0.8491056880282747,0.15089431197172531,1.0528795194198668,1.2023832518270527,0.87566049994458,0.8178559202495401,0.7533615418404571,0.08214093665647865,0.742796062665443,2.0778876877033947,2.3464092041759494,1.628522802352202e-11
120,119,0,local_loglinear,44,43,76,2.0266602458718865,2.11446112847811,0.98402269104109,0.18661110487852756,0.8404384615456467,0.15956153845435328,1.0527571648312937,1.2068556753832707,0.8723140523799263,0.8152900961258523,0.7471369025826622,0.08729555787648746,0.7408057869435275,2.1141770631586243,2.3575307462429143,1.0486480462401257e-9
120,119,0,local_loglinear,45,44,75,1.9878984857223065,2.074132169344598,0.9704890352667136,0.18828119801134371,0.8317420187038487,0.16825798129615133,1.0526211763404967,1.211465702198988,0.8688823583117827,0.8126923133242132,0.7408743062853536,0.09252159575605237,0.7387438619640502,2.1515762382965655,2.369136259764788,8.004606448951363e-10
120,119,0,local_loglinear,46,45,74,1.9488527300944285,2.0334849187226225,0.9568360005983709,0.19004107039955792,0.8230267975072133,0.1769732024927867,1.0524715886762548,1.216217947696063,0.8653642964815637,0.8100579295724578,0.7345744281273507,0.09781444092823682,0.7366085695303437,2.1901491476803967,2.3812452788446827,1.1470490484383157e-11
120,119,0,local_loglinear,47,46,73,1.9095705418305435,1.9925698862298822,0.9430805934006711,0.1918945402225089,0.8143025803267095,0.18569741967329045,1.0523084154807534,1.2211172946435802,0.8617586697827428,0.8073823670920033,0.7282378282429081,0.10316968706434543,0.7343980230276544,2.2299638763344785,2.3938791201647684,8.12733488383295e-10
120,119,0,local_loglinear,48,47,72,1.8700964784735123,1.9514343864906623,0.9292387339165624,0.19384580156589432,0.8055785575005648,0.19442144249943516,1.0521316357326735,1.2261688944735345,0.8580642034508751,0.8046610924460111,0.721864959981815,0.1085831002360513,0.7321101673828496,2.2710930456547636,2.4070609782155246,1.1080465205101401e-11
120,119,0,local_loglinear,49,48,71,1.8304723458349386,1.9101228062100861,0.9153253462728677,0.19589944742839324,0.7968633801822648,0.20313661981773523,1.0519412005104254,1.231378182736111,0.8542795505545029,0.8018896007385363,0.7154561775115682,0.11405059369420054,0.7297427774499016,2.3136142186793967,2.42081603914283,5.2885771867587344e-11
120,119,0,local_loglinear,50,49,70,1.7907374363060322,1.8686768550098638,0.9013544453030198,0.19806049489071934,0.7881652063424683,0.21183479365753166,1.051737037514424,1.2367508895730346,0.8504032997926662,0.7990634025375554,0.7090117429340617,0.11956820591401665,0.7272934549737711,2.3576103340894683,2.4351716138525434,7.459086534046973e-10
120,119,0,local_loglinear,51,50,69,1.7509287541307545,1.827135803334116,0.8873392159901983,0.20033441463071125,0.7794917489308116,0.22050825106918837,1.051519046522772,1.242293045857409,0.8464339795100695,0.7961780091699133,0.7025318330294603,0.12513207635125678,0.7247596262934094,2.403170195647782,2.4501572792451234,1.2232498289513033e-9
120,119,0,local_loglinear,52,51,68,1.711081225946589,1.7855367048790356,0.8732920886856219,0.2027271639878105,0.7708503206420843,0.22914967935791575,1.0512871008467277,1.248010994945739,0.8423700633281965,0.7932289190657781,0.6960165455989251,0.13073842224836826,0.7221385392191497,2.450389008739788,2.4658050380679533,1.2213696885391214e-9
120,119,0,local_loglinear,53,52,67,1.6712278977226402,1.743914604960021,0.8592248077113268,0.205245224209317,0.7622478768287752,0.23775212317122485,1.0510410460043862,1.2539114031177605,0.8382099751155052,0.7902116044541272,0.689465905465138,0.13638351552470168,0.7194272603296057,2.49936897326238,2.4821494917243347,1.5145150514890184e-11
120,119,0,local_loglinear,54,53,66,1.6314001178621689,1.7023027331583271,0.8451485010021023,0.2078956390883221,0.7536910446927102,0.2463089553072898,1.0507807120468569,1.260001272896753,0.8339521035808986,0.7871215045868678,0.6828798701665721,0.14206366751751587,0.7166226693854407,2.550219901872505,2.499228047859406,7.128704510915422e-11
120,119,0,local_loglinear,55,54,65,1.5916277117741195,1.6607326889366918,0.8310737385266166,0.2106860625976328,0.7451861682554871,0.2548138317445129,1.050505895827923,1.2662879426726843,0.8295948025933801,0.7839540107123245,0.6762583355686866,0.14777520257500443,0.7137214572569061,2.603059955664666,2.5170811264750124,9.84884948594866e-10
120,119,0,local_loglinear,56,55,64,1.5519391413926646,1.6192346098545558,0.8170105917430612,0.2136248079649885,0.736739335674127,0.26326066432587303,1.050216376690044,1.2727791052766277,0.8251364061022894,0.7807044596419743,0.6696011411566947,0.15351444206294543,0.7107201207748312,2.6580164081258917,2.535752406571162,1.1675531883774795e-11
120,119,0,local_loglinear,57,56,63,1.5123616560513964,1.577837331693418,0.8029686854479463,0.21672090470053992,0.7283564140752564,0.2716435859247436,1.049911906998833,1.2794828102147497,0.8205752344751037,0.7773681233976235,0.6629080752950836,0.1592776825153165,0.7076149596768918,2.715226518602475,2.555289084701637,1.1352029872861768e-9
120,119,0,local_loglinear,58,57,62,1.4729214314632868,1.536568535233162,0.7889572495626851,0.219984159802443,0.720043074567695,0.279956925432305,1.0495922213722226,1.2864074758459874,0.8159096095752812,0.7739402038572057,0.6561788803509501,0.16506117937236142,0.7044020716674524,2.7748384710836462,2.57574217297179,1.3488832917980827e-11
120,119,0,local_loglinear,59,58,61,1.4336437002569444,1.4954548843659428,0.7749851665817111,0.22342522601505713,0.711804817233268,0.28819518276673195,1.0492570352170223,1.2935618907435016,0.811137868798794,0.7704158276231853,0.6494132578474989,0.17086112996118136,0.7010773483089139,2.837012416889884,2.597166823332121,8.459580991430362e-10
120,119,0,local_loglinear,60,59,60,1.3945528737257114,1.454522155598066,0.7610610128688475,0.22705567957696707,0.7036470009995639,0.2963529990004361,1.0489060382296502,1.300955215848903,0.80625837496275,0.7667900385356218,0.6426108736645595,0.176673652235545,0.6976364726918871,2.9019216530076535,2.6196226755292233,1.1386679871283425e-9
120,119,0,local_loglinear,61,60,59,1.3556726527684768,1.4137953551275066,0.7471931006022742,0.23088810316952393,0.6955748607033562,0.30442513929664383,1.0485389070779985,1.3085969930974266,0.8012695372286657,0.7630577972748411,0.6357713632287998,0.18249477151927973,0.6940749153470498,2.969753886006098,2.6431742557491384,1.1570647646249435e-9
120,119,0,local_loglinear,62,61,58,1.3170261319666012,1.3732988290955632,0.733389516128628,0.2349361790567151,0.6875935270268407,0.31240647297315927,1.0481553023781853,1.3164971391429598,0.7961698291729937,0.7592139801340516,0.6288943369084039,0.18832040467082928,0.6903879314104261,3.040712647937658,2.6678914118666,9.611283268722297e-10
120,119,0,local_loglinear,63,62,57,1.278635895670104,1.33305636601233,0.719658152078926,0.2392147943230393,0.679708050659509,0.320291949340491,1.0477548627291193,1.3246659399731264,0.7909578038598737,0.7552533761986964,0.6219793855883919,0.19414634051379098,0.686570560302299,3.115018891140168,2.69384978184518,2.102162479498566e-10
120,119,0,local_loglinear,64,63,56,1.240524104166744,1.2930912877956557,0.7060067406793819,0.24374015429884477,0.6719234145800853,0.3280765854199147,1.0473372180226002,1.3331140511979314,0.7856321198336083,0.751170691749761,0.6150260863831449,0.19996822810023185,0.6826176240109435,3.1929127165046696,2.7211313274564453,1.2378938292620498e-11
120,119,0,local_loglinear,65,64,55,1.2027125733294894,1.2534265342470097,0.6924428835524907,0.24852990902387984,0.6642445476254543,0.33575545237454574,1.046901988228929,1.3418524812296169,0.7801915656701639,0.7469605551967304,0.6080340086865421,0.20578156370889134,0.6785237273102155,3.27465530304713,2.74982491844056,8.382093872211066e-10
120,119,0,local_loglinear,66,65,54,1.165222846804553,1.214084740100479,0.6789740766762152,0.253603294923011,0.6566763405982343,0.3433236594017657,1.0464487803642506,1.3508925728295629,0.7746350830639123,0.742617521918084,0.6010027205607991,0.21158167558123925,0.6742832606891909,3.3605310713260046,2.7800269688668906,1.0675174351107033e-9
120,119,0,local_loglinear,67,66,53,1.1280762592665443,1.1750883019579055,0.6656077365641851,0.2589812889702292,0.649223652625698,0.35077634737430197,1.0459772012790176,1.360245985601659,0.7689617998147333,0.7381360859321672,0.5939317954459555,0.2173637155947855,0.669890402790729,3.450850051836971,2.8118421568125593,1.0776709979940178e-11
120,119,0,local_loglinear,68,67,52,1.0912939932353125,1.1364594395271037,0.6523512182770664,0.2646867836326988,0.6418913268158646,0.3581086731841354,1.045486846411244,1.369924659832731,0.7631710539022626,0.733510688190046,0.586820819353074,0.22312264386020042,0.6653391282388846,3.545950573786401,2.8453841953508734,6.854677354766835e-11
120,119,0,local_loglinear,69,68,51,1.0548971258144584,1.0982202451406384,0.6392118363987986,0.27074477578024714,0.6346841906663614,0.3653158093336386,1.0449773199655938,1.3799407904486614,0.7572624327061449,0.7287357351673494,0.5796693984197623,0.2288532247860891,0.6606232144080719,3.6462021929355943,2.8807767116052903,3.6168756241816725e-10
120,119,0,local_loglinear,70,69,50,1.0189066690024737,1.0603927274236868,0.6261968795212987,0.2771825795668189,0.6276070641154234,0.37239293588457656,1.044448226979711,1.3903067728784286,0.7512358044673353,0.7238056154486192,0.5724771670644813,0.2345500176109706,0.6557362535573324,3.752009001316529,2.918154199719617,7.1372912280640136e-12
120,119,0,local_loglinear,71,70,49,0.9833436005141958,1.022998844649941,0.6133136240349378,0.2840300605559665,0.6206647608919315,0.37933523910806854,1.043899183894647,1.401035153393574,0.745091357176959,0.7187147223367691,0.5652437966353998,0.2402073723932847,0.6506716668304366,3.863813293176077,2.957663086349035,5.19586492748165e-11
120,119,0,local_loglinear,72,71,48,0.9482288861655321,0.9860605295891063,0.6005693428830066,0.29131989580667556,0.6138620895969397,0.38613791040306034,1.0433298198048355,1.4121385615965696,0.7388296362541382,0.7134574791515619,0.5579690046530192,0.2458194267773285,0.6454227232889486,3.982099664754367,2.9994628996403834,1.3827583286335478e-10
120,119,0,local_loglinear,73,72,47,0.9135834926470344,0.9495997041714348,0.5879713130062875,0.29908786131086074,0.6072038509882399,0.3927961490117601,1.042739784920257,1.4236296366828052,0.7324515857578954,0.7080283693421955,0.5506525646448048,0.2513801064969583,0.6399825621034417,4.107399581809402,3.043727572181942,3.8980741482949557e-10
120,119,0,local_loglinear,74,73,46,0.8794283908550582,0.9136382844810562,0.575526818578652,0.30737315044234625,0.6006948335234717,0.39930516647652825,1.0421287548823797,1.4355209368213082,0.7259585897715838,0.7024219704103348,0.5432943166114212,0.25688312825310805,0.6343442201082399,4.240296484684813,3.09064687886286,7.530238410346562e-12
120,119,0,local_loglinear,75,74,45,0.8457845489956692,0.878198175041581,0.5632431521802492,0.316218726065373,0.5943398057981923,0.40566019420180766,1.0414964389536332,1.447824837407609,0.7193525156112642,0.6966329925022386,0.5358941781237048,0.2623220062958592,0.6285006638100732,4.381431489541347,3.140428036725154,5.932841447300075e-11
120,119,0,local_loglinear,76,75,44,0.8126729153798137,0.84330125264881,0.5511276100886573,0.3256717100520204,0.588143506810455,0.411856493189545,1.0408425840385123,1.4605534119637122,0.7126357554011672,0.6906563211886303,0.5284521560557138,0.26769006221644187,0.6224448286251358,4.531509766197613,3.1932974653853097,1.1631369390511314e-10
120,119,0,local_loglinear,77,76,43,0.7801143899813923,0.8089693383892138,0.5391874862997196,0.33578381343117003,0.5821106328455173,0.41788936715448266,1.0401669849347477,1.4737183028693497,0.7058112686186555,0.6844870650975297,0.5209683589312286,0.2729804391961731,0.6161696628855783,4.691307669034525,3.2495027520766944,4.0331632152131585e-10
120,119,0,local_loglinear,78,77,42,0.7481297848671166,0.7752241583030135,0.5274300612694343,0.3466118111947625,0.5762458216478651,0.4237541783521349,1.039469490237716,1.4873305713222118,0.6988826225185737,0.6781206079322137,0.5134430098606013,0.27818612043479723,0.6096681795151382,4.861680719676162,3.309314822639753,7.620967356924086e-12
120,119,0,local_loglinear,79,78,41,0.7167397729002064,0.7420872918238413,0.5158625884034568,0.35821806570440473,0.5705536334705028,0.4294463665294972,1.038750012116419,1.5014005344098855,0.6918540311594414,0.6715526649237946,0.5058764600165049,0.283299952352023,0.6029335137839937,5.0435725452736335,3.373030360337031,6.879231052906613e-11
120,119,0,local_loglinear,80,79,40,0.6859648248245285,0.7095801084574869,0.5044922740849159,0.3706711029879488,0.5650385293969845,0.4349614706030155,1.0380085314003453,1.5159375827784995,0.6847303894252837,0.6647793432071099,0.49826920258162244,0.2883146724633293,0.5959589901285649,5.2380248955588415,3.440974475362955,9.243419248527685e-10
120,119,0,local_loglinear,81,80,39,0.6558251342587086,0.6777236918587968,0.49332625567315486,0.38404624636330054,0.5597048468505881,0.4402951531494119,1.0372451076336233,1.5309499884973508,0.6775173032606338,0.6577972057672123,0.49062188707337995,0.2932229422024517,0.588738195338791,5.446188874091061,3.5135036819661956,1.2066050513120173e-9
120,119,0,local_loglinear,82,81,38,0.626340530967628,0.6465387516525887,0.4823715765667242,0.3984263091913442,0.5545567690008418,0.44544323099915817,1.036459891380211,1.5464446948547794,0.670221117398279,0.6506033403378573,0.4829353339281238,0.29801738778559017,0.5812650587685559,5.669337504941313,3.591009213768126,7.53240849151742e-12
120,119,0,local_loglinear,83,82,37,0.5975303831833914,0.6160455246567778,0.4716351529122177,0.4139023583314078,0.5495982994983899,0.4504017005016101,1.035653118465662,1.562427087599029,0.662848926958341,0.6431954260300302,0.47521054924272366,0.30269063918086797,0.5735339432881665,5.908879910887231,3.6739206758091365,7.807489638664111e-11
120,119,0,local_loglinear,84,83,36,0.5694134881399685,0.5862636631225703,0.46112374208227697,0.4305745398668226,0.5448332236662875,0.4551667763337125,1.034825134764582,1.5789007752749151,0.6554085924648433,0.6355718077011261,0.46744873940393894,0.3072353838852901,0.5655397395339063,6.1663771260008575,3.7627101488323684,8.919045679198127e-10
120,119,0,local_loglinear,85,84,35,0.542007953473951,0.557212114238685,0.4508439038731773,0.44855298263603227,0.5402650758737613,0.45973492412623873,1.0339763892379603,1.5958673381023305,0.6479087356142503,0.627731565898818,0.459651325545398,0.31164441813194904,0.5572779697749172,6.4435599394938725,3.8578967239285267,1.0436995283424105e-9
120,119,0,local_loglinear,86,85,34,0.5153310692520792,0.5289089895169076,0.44080196177975367,0.4679587722437914,0.5358970988139626,0.46410290118603736,1.0331074497562367,1.6133260924143742,0.6403587313276333,0.619674589443989,0.4518199575041625,0.31591070814437383,0.5487448952515128,6.742348882530734,3.9600515783372967,5.4406519342241464e-12
120,119,0,local_loglinear,87,86,33,0.4893991729868029,0.5013714275876434,0.431003957217168,0.4889250064638743,0.5317322084799719,0.46826779152002806,1.0322189944554012,1.631273842402469,0.6327686790681287,0.611401641653563,0.4439565271016833,0.3200274488206234,0.5399376313895335,7.064876781832993,4.069803590500795,9.93984665460123e-10
120,119,0,local_loglinear,88,87,32,0.4642275083965359,0.4746154498025579,0.42145560685270356,0.5115979179282739,0.5277729483126624,0.4722270516873376,1.031311831859359,1.6497046594993827,0.6251493719926327,0.6029144283074883,0.4360631803940893,0.3239881347077157,0.5308542622684023,7.413514010237494,4.187845646737175,8.414566396375456e-10
120,119,0,local_loglinear,89,88,31,0.43983008125016154,0.4486558135247909,0.41216225427676684,0.5361380768913242,0.5240214531564811,0.4759785468435189,1.0303868861761978,1.668609651208236,0.6175122416618514,0.5942156543956768,0.42814232871375246,0.3277866239873609,0.521493959627824,7.790897028474611,4.314941633253019,1.222804521585982e-9
120,119,0,local_loglinear,90,89,30,0.4162195135618072,0.42350586300644244,0.4031288251557438,0.5627216488104002,0.5204794020856953,0.4795205979143047,1.029445215076437,1.687976774923818,0.6098693005553338,0.585309080045884,0.4201966580836106,0.33141721444445504,0.5118570977221254,8.19996036463564,4.451934283317012,5.1890024981580485e-12
120,119,0,local_loglinear,91,90,29,0.39340689986923344,0.3991773831688413,0.3943597777960136,0.5915417176898008,0.5171479851103684,0.4828520148896316,1.0284879877633468,1.7077906557123157,0.6022330572679979,0.5761995603410693,0.41222913681772977,0.3348747075423777,0.5019453684250862,8.643972813972228,4.5997538886557,7.49085656528167e-11
120,119,0,local_loglinear,92,91,28,0.3714016673338346,0.3756804564846365,0.38585905959356237,0.6228096348447069,0.5140278595842241,0.48597214041577586,1.0275165013458547,1.7280324705162724,0.5946164316223008,0.5668930811915147,0.40424302086141983,0.33815448272307413,0.49176188623211,9.126578052258017,4.759428091550581,1.419443952748491e-10
120,119,0,local_loglinear,93,92,27,0.350211443793304,0.3530233284370616,0.37763006274371447,0.6567563873736981,0.5111191169835939,0.4888808830164061,1.0265321633534252,1.7486798481364039,0.5870326489136459,0.5573967786987974,0.3962418566990885,0.3412525618125891,0.4813112862324428,9.651840535008036,4.932092803272217,1.926107154904991e-10
120,119,0,local_loglinear,94,93,26,0.32984193618580393,0.331212283352885,0.36967558411495877,0.6936339428259427,0.5084212504575604,0.49157874954243963,1.0255364895827703,1.7697068386196368,0.5794951272170503,0.5477189463466675,0.38822948147028025,0.34416567187847735,0.4705998086139676,10.224297222174101,5.119004440836497,2.8143025807093695e-10
120,119,0,local_loglinear,95,94,25,0.3102968226954627,0.3102515342376788,0.36199778898119966,0.7337165276423596,0.505933127303493,0.49406687269650695,1.0245310949008108,1.7910839335122424,0.5720173553741545,0.5378690270305835,0.38021002007449667,0.34689130189014206,0.45963536757595586,10.849015949674229,5.321553633453676,1.3863045434386837e-9
120,119,0,local_loglinear,96,95,24,0.2915776615479217,0.2901431295089164,0.3545981801148921,0.777301777879055,0.5036529660244821,0.49634703397551794,1.0235176847856675,1.812778149346867,0.5646127658557859,0.5278575896771375,0.3721878790526705,0.3494277528110833,0.44842760108524293,11.531661307573033,5.541280595524876,4.052344913146934e-12
120,119,0,local_loglinear,97,96,23,0.2736838191674347,0.27088687957389784,0.3474775720370398,0.8247116929656754,0.5015783240953041,0.4984216759046959,1.022498038263812,1.834753173422258,0.5572946012986619,0.5176962871737871,0.36416773709566375,0.3517741744199886,0.4369878993622193,12.278569145827303,5.779892366352458,8.577774835896566e-11
120,119,0,local_loglinear,98,97,22,0.2566124199649038,0.2524803051874129,0.3406360726056387,0.8762932761761156,0.4997060848856151,0.5002939151143849,1.0214740055793643,1.8569695825244625,0.5500757875585224,0.5073978018962247,0.3561545320465185,0.3539305996137717,0.4253294083818763,13.096830593527665,6.039282182910564,1.5799661400011073e-10
120,119,0,local_loglinear,99,98,21,0.2403583199487295,0.2349186102110568,0.33407307137173897,0.93241876098794,0.49803245973274934,0.5019675402672507,1.020447486283478,1.8793851111341748,0.5429688041253325,0.49697577121077746,0.3481534444368659,0.3558979599471437,0.41346700748499043,13.994387216134879,6.32155124163438,1.0387821117220774e-9
120,119,0,local_loglinear,100,99,20,0.22491410527120329,0.21819467963170022,0.3277872355385831,0.9934852559312849,0.49655299430648303,0.503447005693517,1.0194204201324604,1.9019549878757218,0.5359855657104918,0.4864446996265741,0.34016987754156625,0.35767809267290496,0.40141725915460186,14.980138561031579,6.629033173931452,2.311298031898125e-12
120,119,0,local_loglinear,101,100,19,0.21027011660682352,0.202299103946424,0.32177651307539995,1.0599136392676132,0.49526258782658605,0.504737412173414,1.0183947674268914,1.9246323160947112,0.5291373104933235,0.4758198547416199,0.33220943411105497,0.35927373050820266,0.38919833093070644,16.064063991763422,6.964321576241239,1.3824421972706995e-9
120,119,0,local_loglinear,102,101,18,0.19641449944708006,0.187220229723707,0.31603814412021924,1.1321464684717142,0.49415551534589147,0.5058444846541086,1.01737250200416,1.9473685022127913,0.5224345062827715,0.4651171535728555,0.32427788995562845,0.36068848378351703,0.37682988873214124,17.257360479675054,7.330301020402295,2.6834031354873535e-12
120,119,0,local_loglinear,103,102,17,0.1833332797825211,0.17294423633645614,0.3105686775256098,1.2106446866087963,0.49322546899394,0.5067745310060601,1.016355581592449,1.9701137028155997,0.5158867633578297,0.4543530337082382,0.3163811647070165,0.361926799029902,0.3643329649005977,18.572599049158804,7.730181934186273,1.1084884769271678e-9
120,119,0,local_loglinear,104,103,16,0.17101046386713764,0.1594552369307146,0.30536399549774834,1.2958828110318743,0.4924656014044691,0.507534398595531,1.0153459421671325,1.9928173123740776,0.5095027707068308,0.44354431970467706,0.30852529004330986,0.36299391101173484,0.3517298001202986,20.023901953616935,8.167539937162164,1.84405506408899e-12
120,119,0,local_loglinear,105,104,15,0.15942816014416178,0.14673540264475765,0.30041933952436434,1.3883423478246872,0.49186859147536843,0.5081314085246316,1.0143454588394383,2.015428444408461,0.503290236700591,0.4327080779440727,0.30071637584672317,0.3638957681548066,0.3390436665083944,21.62714424996122,8.646360052622422,5.558440877929312e-11
120,119,0,local_loglinear,106,105,14,0.14856672075561528,0.1347651069726156,0.29572933975289317,1.488503095424341,0.4914267193817267,0.5085732806182732,1.0133559257348734,2.0378964520124065,0.49725584670123574,0.42186146895800747,0.2929605746873215,0.36463894494915117,0.32629867258441647,23.40018288843836,9.171086485076708,1.0919185247626755e-10
120,119,0,local_loglinear,107,106,13,0.13840489944442594,0.12352308808152904,0.2912880399914591,1.5968321007767288,0.4911319696391879,0.5088680303608121,1.012379002239833,2.0601714531445103,0.49140521809221466,0.41102159197608784,0.2852640451614479,0.3652305227309599,0.3135195586481045,25.363118285106754,9.746678444078324,8.188914583739942e-10
120,119,0,local_loglinear,108,107,12,0.12892002202423913,0.11298662566629386,0.28708891396253317,1.7137700633776132,0.4909761651447191,0.5090238348552809,1.0114161497660328,2.0822049179202677,0.4857428493523336,0.4002053243092629,0.27763291454174155,0.36567793634429957,0.3007314880071724,27.538593818921306,10.378672585501048,9.719043475272962e-13
120,119,0,local_loglinear,109,108,11,0.1200881649129581,0.1031317293075372,0.28312486145030025,1.8397151792532858,0.4909511551978686,0.5090488448021314,1.0104685250558563,2.1039503448805665,0.48027204040940275,0.38942915035649994,0.2700732412262089,0.3659887637950511,0.2879598438280994,29.952141064990222,11.073252368245235,3.77439665102954e-11
120,119,0,local_loglinear,110,109,10,0.1118843364858371,0.09393333500372418,0.2793881698110456,1.975004664840413,0.4910490810713392,0.5089509189286607,1.0095368249317986,2.1253641214879364,0.4749947619446199,0.3787089764675625,0.26259097740052273,0.3661704354404517,0.27523004184358124,32.632580991281614,11.837324304460763,1.0212117221464004e-10
120,119,0,local_loglinear,111,110,9,0.10428265472045907,0.08536550712824237,0.2758704141844172,2.1198947221889632,0.4912627763505669,0.5087372236494331,1.0086210257417219,2.146406691952232,0.4699114242997191,0.36805991690219386,0.2551919322799836,0.36622980493660295,0.26256737457979384,35.61249701053702,12.678600165360036,2.106173989258978e-10
120,119,0,local_loglinear,112,111,8,0.09725651284020873,0.07740164325410236,0.27256225663026723,2.2745404290779514,0.4915863787693192,0.5084136212306808,1.0077199759118765,2.1670442781679538,0.4650204825366169,0.357496033292736,0.2478817361362471,0.3661725043800852,0.24999690648572415,38.928803594944945,13.605682686514278,3.916508606349281e-10
120,119,0,local_loglinear,113,112,7,0.09077872166627217,0.07001468030398947,0.2694530784921816,2.4389782786602625,0.4920162895746301,0.5079837104253699,1.0068307352223245,2.1872515185974413,0.46031776714364664,0.3470299947571458,0.2406658051591593,0.36600194588621426,0.23754344852122616,42.623449258771714,14.628149274692133,6.914112914773341e-10
120,119,0,local_loglinear,114,113,6,0.08482161241682415,0.06317730167353568,0.2665303404171229,2.613116021127066,0.4925526985427415,0.5074473014572585,1.0059475082539024,2.2070156446479063,0.45579536814492544,0.3366726079563536,0.2335493069363911,0.3657177489799359,0.22523165356819722,46.744318585296355,15.75662267928945,1.1846241071349887e-9
120,119,0,local_loglinear,115,114,5,0.07935707542927216,0.056862146844143105,0.2637784994982837,2.79673755472657,0.49320202908069904,0.5067979709193009,1.0050599217501044,2.2263431993183316,0.45143979690904645,0.326432137731181,0.22653712597146564,0.36531323636432966,0.21308629461137837,51.34644415963707,17.002807430288875,1.9915981691069807e-9
120,119,0,local_loglinear,116,115,4,0.07435649659779105,0.05104202774812534,0.261177208372631,2.9895356112767106,0.49398087668638196,0.506019123313618,1.0041502475286201,2.2452709358465444,0.44722898760100904,0.31631329591015817,0.2196338281487774,0.36477142302072196,0.20113282002263216,56.49372170218471,18.379452374091883,3.3051003455142713e-9
120,119,0,local_loglinear,117,116,3,0.06979053081429291,0.045690160240333094,0.2586983528420205,3.191193158349739,0.49492236544926266,0.5050776345507373,1.003188941544571,2.2638835551464767,0.4431274476392683,0.3063157117421015,0.21284362233385412,0.3640585791662794,0.18939833162689493,62.26146929751231,19.900166195834863,5.432394628624814e-9
120,119,0,local_loglinear,118,117,2,0.06562861494430582,0.040780425213193534,0.2563012145382448,3.40154801329085,0.4960864106196303,0.5039135893803697,1.002127517853692,2.2823425812127294,0.4390784828284668,0.29643160385471307,0.20617031628771365,0.36311390813594513,0.17791321369023644,68.74043636900221,21.5789524013889,8.860425856399247e-9
120,119,0,local_loglinear,119,118,1,0.06183806324183504,0.03628768340843424,0.25392461249387305,3.6208980837458213,0.4975762770998075,0.5024237229001924,1.0008872594828497,2.3009332941012817,0.4349918626710058,0.2866422422777016,0.19961726267663865,0.36183304909920766,0.16671377654148067,76.04334355719155,23.429221161217143,1.4355641351069247e-8
120,119,0,local_loglinear,120,119,0,0.058382492098458506,0.03218818296382457,0.2514741855072813,3.8505442530988603,0.49956526540290885,0.5004347345970912,0.9993415595371691,2.320140797067712,0.4307245322353615,0.27691261766084696,0.19318728907560695,0.36004186863139,0.15584650972850558,84.31588969317289,25.461838329730742,7.300561477762359e-7
125,124,0,local_loglinear,1,0,124,1.8901678313037162,1.9403612229421892,0.906495185575314,0.20859957981904168,0.8761960342164987,0.12380396578350128,,,,0.9967870194975489,0.9337836851161863,0.0652923148876943,0.7454800772873249,1.0599016809375605,2.331535287067304,1.4385464361577594e-11
125,124,0,local_loglinear,2,1,123,1.975646808183075,2.0298378997365614,0.9377968877670639,0.20320507284525097,0.8921365634962873,0.10786343650371266,1.0398130356575166,1.109641184299132,0.9370714158507734,0.9878698857804787,0.9336475050616719,0.056452031101244,0.7493925019821268,1.0775853119138288,2.310105976853435,8.704611592333116e-10
125,124,0,local_loglinear,3,2,122,2.0568655473342874,2.115032983101668,0.9675963367839989,0.19846672526247533,0.907154154410322,0.09284584558967801,1.0408510000703133,1.1098776538759065,0.9378069703768349,0.9792619875951668,0.9331339948481145,0.04825040634362443,0.7528321553153103,1.095752628014387,2.2915092581587935,1.510138936482579e-11
125,124,0,local_loglinear,4,3,121,2.1334270501436787,2.1955205927312305,0.9957507620826066,0.1943005459390854,0.9211689790313984,0.07883102096860162,1.0418324245073733,1.1102221713612235,0.9383999449677728,0.970986254084108,0.9322574166490485,0.04070333706688293,0.755845845984557,1.1143363102595618,2.275399485057946,6.804612867019944e-11
125,124,0,local_loglinear,5,4,120,2.2050203127968544,2.2709619270357666,1.022147274181834,0.19063514651171637,0.9341208230918643,0.06587917690813572,1.042758876924645,1.1106782356557465,0.938848753355645,0.9630567041350837,0.9310332686021787,0.033817281958049165,0.758475812843969,1.1332791342463269,2.261479328613506,1.102014068821173e-9
125,124,0,local_loglinear,6,5,119,2.2714163800182234,2.3411019551352608,1.0467017062869575,0.18740970361341763,0.9459677123597272,0.05403228764027279,1.0436320559352623,1.1112472351202805,0.939153793100147,0.9554799258220061,0.9294778538154913,0.027590773411079135,0.7607599601063894,1.1525333081461338,2.2494929484413464,1.8515267363542256e-11
125,124,0,local_loglinear,7,6,118,2.3324626695661284,2.40576425502939,1.0693568037167978,0.18457226465414503,0.9566842603179402,0.04331573968205982,1.0444537569305032,1.1119290875239092,0.939316876093544,0.9482564355401442,0.9276079161920683,0.02201582789785942,0.762732154125845,1.172059722776271,2.2392200828674595,9.008339591858506e-10
125,124,0,local_loglinear,8,7,117,2.3880761210335546,2.464844544843354,1.0900799484565769,0.18207834248871443,0.9662598707881517,0.033740129211848324,1.0452258313166438,1.1127227176081878,0.9393407852437583,0.9413818840049846,0.9254403390280612,0.017079218674762718,0.764422554182782,1.1918271803011482,2.2304709433821452,4.736811134280673e-10
125,124,0,local_loglinear,9,8,116,2.438235642771009,2.5183033796370458,1.108860599524741,0.1798897466341622,0.9746968711388009,0.02530312886119912,1.045950166587269,1.113626422254604,0.9392289422063816,0.9348481110430179,0.9229919003958746,0.012763608848296373,0.7658579509667104,1.2118116163555621,2.22308183979617,9.82698497464882e-10
125,124,0,local_loglinear,10,9,115,2.4829742625993108,2.566158428400635,1.1257075966836925,0.1779736103981056,0.9820086534230518,0.01799134657694823,1.0466286683639079,1.114638136468152,0.9389851595067982,0.9286440507850507,0.9202790789937363,0.009048541532943391,0.7670620980908742,1.2319953418364027,2.216911442536716,8.171120551540273e-10
125,124,0,local_loglinear,11,10,114,2.5223713072712655,2.6084766722567694,1.1406464410118238,0.17630158230116152,0.9882178947177187,0.011782105282281297,1.0472632347924655,1.1157556240179916,0.9386134492615189,0.92275648989854,0.9173179039241663,0.00591128470616345,0.7680560293319746,1.2523663369644416,2.211837585599746,1.4857210857681834e-11
125,124,0,local_loglinear,12,11,113,2.5565448494756944,2.645366776455414,1.1537166545553694,0.17484914902874643,0.9933548697436663,0.006645130256333731,1.0478557534575925,1.1169766209560903,0.9381178923518266,0.9171707047700384,0.9141238417978976,0.003327554040114075,0.768858351284202,1.2729175783194957,2.2077545575825566,1.1040160197100243e-9
125,124,0,local_loglinear,13,12,112,2.5856446089826073,2.676971845938852,1.1649692755951357,0.17359507216184408,0.9974559166249307,0.0025440833750692837,1.048408076071815,1.1182989263232292,0.9375025329933894,0.9118709764315017,0.9107117155368505,0.0012721080432639004,0.7694855139240172,1.293646441890437,2.2045707855968826,1.957956940282605e-11
125,124,0,local_loglinear,14,13,111,2.6098454157663498,2.703462687754256,1.1744645411323025,0.17252091593796404,1.0005620479655717,0.0005620479655716881,1.048922011306951,1.1197204733933073,0.9367713069746757,0.906841008794521,0.9070956491661575,0.0002807599396502103,0.7699520546989983,1.3145541604313906,2.2022068705566933,6.193810256415276e-11
125,124,0,local_loglinear,15,14,110,2.629341305855575,2.725031667817535,1.1822697874690613,0.17161064973602672,1.0027177108347736,0.002717710834773568,1.0493993215810349,1.1212393751783623,0.9359279961195625,0.9020642655424191,0.9032890339496686,0.0013568187406748228,0.7702708160277864,1.3356453309892908,2.2005939247571367,1.026515574623986e-9
125,124,0,local_loglinear,16,15,109,2.644340284362755,2.741887214298123,1.1884575760909968,0.1708503152227788,1.0039697136437091,0.003969713643709127,1.0498417084178964,1.12285394742309,0.9349761924311223,0.8975242304773982,0.8993045118863858,0.001981582272769636,0.7704531403174638,1.356927491946181,2.199672152668884,7.950726364087276e-10
125,124,0,local_loglinear,17,16,108,2.6550597499283173,2.7542489736997076,1.193104047597907,0.17022774649606104,1.0043663067615396,0.004366306761539596,1.0502508042481102,1.124562726225206,0.9339192734703764,0.8932046064765542,0.895153972838201,0.0021800629429163942,0.7705090432221112,1.378410759540518,2.199389641843424,1.4209353474072677e-11
125,124,0,local_loglinear,18,17,107,2.661722555700096,2.7623436023101253,1.1962875063976661,0.16973233127260348,1.003956387955221,0.003956387955220908,1.050628180021099,1.1263644801498145,0.9327603973106094,0.8890894721468103,0.8908485622453577,0.0019765751810077725,0.7704473638812729,1.4001074959953042,2.199701347559969,1.049328978890423e-9
125,124,0,local_loglinear,19,18,106,2.6645536794648517,2.766401178973804,1.1980872119169879,0.16935481150790974,1.002788858085505,0.002788858085505108,1.0509753282152554,1.1282582047793117,0.9315024909753057,0.8851633889914383,0.8863986972229212,0.0013945979554524507,0.7702758997085627,1.422032048682287,2.2005682154749175,7.649084206865124e-10
125,124,0,local_loglinear,20,19,105,2.663777445037193,2.7666521830889885,1.198582368218447,0.1690871134204569,1.0009120866130192,0.0009120866130192251,1.0512936662669305,1.1302431264125454,0.9301482501413613,0.8814114789490859,0.8818140886136578,0.00045667403986834887,0.7700015236259673,1.4442005242610987,2.2019564394697015,1.047951502761669e-9
125,124,0,local_loglinear,21,20,104,2.659615246640195,2.7633249945844267,1.1978512935215324,0.16892220301842378,0.9983734814307783,0.001626518569221691,1.0515845362735723,1.1323186988020797,0.9287001419177137,0.8778194755443719,0.877103767438175,0.0008156574924159388,0.7696302864499942,1.4666306018186606,2.2038368306738323,1.0902539900675643e-9
125,124,0,local_loglinear,22,21,103,2.652283722104379,2.7566438631784362,1.195970753215495,0.16885396191588453,0.9952191435607408,0.004780856439259185,1.0518492100255692,1.134484597488567,0.9271604148298448,0.8743737570248927,0.8722761143712745,0.0024019051516135093,0.7691675054062447,1.489341371824599,2.206184284805382,7.592414284667339e-10
125,124,0,local_loglinear,23,22,102,2.6419933257887647,2.7468273035299453,1.1930154257648782,0.16887708520628725,0.9914936266526031,0.0085063733473969,1.0520888720754458,1.1367407086517483,0.9255310943542214,0.8710613519556273,0.867338891258346,0.004282634452300066,0.7686178448683191,1.5123532399290702,2.208977310830729,1.3170892727522658e-11
125,124,0,local_loglinear,24,23,101,2.6289472351793273,2.734086841819037,1.1890575027794235,0.16898698971775178,0.9872397319994688,0.012760268000531205,1.0523046442990145,1.1390871345151017,0.9238140019437322,0.8678699460454498,0.8622992733673052,0.006439476399746652,0.7679853823061236,1.5356878171894068,2.2121976518161057,9.814481339123318e-10
125,124,0,local_loglinear,25,24,100,2.6133405607455122,2.7186260914390945,1.1841663878682869,0.16917973917672405,0.9824983876597321,0.017501612340267925,1.0524975692732752,1.1415241769464215,0.9220107559076912,0.8647878677825797,0.8571638822394128,0.008855109164674496,0.7672736692618678,1.5593678698672764,2.215829944605707,1.1527821532430709e-9
125,124,0,local_loglinear,26,25,99,2.595359800751789,2.7006400928610983,1.1784084881026573,0.16945197910510915,0.9773085660605164,0.022691433939483585,1.052668619246076,1.1440523384582986,0.9201227809775123,0.8618040708453701,0.8519388181651719,0.011513234239403647,0.766485783306228,1.5834172802192605,2.2198614360741296,1.1267632884180743e-9
125,124,0,local_loglinear,27,26,98,2.5751825058919025,2.680314882902008,1.1718470810125532,0.16980088171277719,0.9717072446039202,0.028292755396079783,1.0528186966291293,1.1466723177972258,0.9181513151478264,0.8589081097541544,0.8466296920460488,0.014398543172180228,0.7656243735741461,1.6078610325862688,2.224281740661781,1.0913031887169187e-9
125,124,0,local_loglinear,28,27,97,2.552977116038422,2.657827251729451,1.1645422498254856,0.17022409679670725,0.9657293860451173,0.034270613954882734,1.0529486460223632,1.1493850076181062,0.9160974251825417,0.8560901173336352,0.8412416562922294,0.017496685175824422,0.7646916986101528,1.6327251992021723,2.2290826441814007,1.850956735324117e-11
125,124,0,local_loglinear,29,28,96,2.5289029449778373,2.633344667598498,1.156550860805446,0.17071971426411808,0.9594079737073403,0.04059202629265968,1.0530592360120603,1.1521914838105003,0.9139620026780686,0.8533407671303976,0.8357794347539136,0.020794216000525667,0.7636896632726744,1.6580369852470254,2.234257918067087,2.6091721954306976e-10
125,124,0,local_loglinear,30,29,95,2.503110270312838,2.607025316141709,1.1479265916657282,0.171286228230682,0.952774037883042,0.047225962116957954,1.0531511834679321,1.1550930154431471,0.9117457809784215,0.8506512470202767,0.8302473510688615,0.02427855935925366,0.7626198468049646,1.683824747499209,2.2398031837081316,1.5667372238132135e-11
125,124,0,local_loglinear,31,30,94,2.4757405200005054,2.5790182508166026,1.1387199890963489,0.1719225090424728,0.9458567154146738,0.054143284585326246,1.0532251440702989,1.1580910552248744,0.9094493384769188,0.8480132246325895,0.8246493558161265,0.027937958022384635,0.7614835293264015,1.7101180525555622,2.245715789025968,8.077301435300291e-10
125,124,0,local_loglinear,32,31,93,2.446926526882852,2.5494636212875017,1.1289785516429445,0.17262777975143526,0.9386833190015053,0.061316680998494744,1.053281716183894,1.161187241602302,0.9070731045326412,0.8454188135101438,0.818989052146897,0.03176142543797397,0.7602817148079384,1.736947746807421,2.2519947067337407,1.2927948504170405e-11
125,124,0,local_loglinear,33,32,92,2.416792834701483,2.5184929610445095,1.1187468357779,0.1734015956383472,0.9312794085879144,0.06872059141208564,1.0533214491126217,1.1643834013485013,0.9046173690665326,0.8428605424770906,0.8132697199130725,0.03573870093906667,0.759015149647452,1.7643460293324853,2.2586404586918807,1.1083871163768055e-9
125,124,0,local_loglinear,34,33,91,2.385456044971676,2.486229524555968,1.108066572944624,0.17424382891656845,0.9236688777511972,0.07633112224880279,1.0533448384675268,1.1676815466102888,0.9020822856414279,0.8403313216438928,0.8074943384108488,0.039860200782212835,0.7576843401558826,1.7923465526228266,2.265655048981789,1.7648640840514633e-11
125,124,0,local_loglinear,35,34,90,2.3530251881838717,2.452788654509782,1.0969767967548385,0.1751546566733973,0.9158740421782269,0.08412595782177312,1.0533523297517338,1.1710838799871854,0.8994678756599912,0.8378244098857163,0.8016656076226221,0.04411697096601286,0.756289567379685,1.8209845352031793,2.2730419137912725,9.508856799904889e-10
125,124,0,local_loglinear,36,35,89,2.3196021100899595,2.418278168091386,1.0855139794848259,0.17613455061518205,0.9079157228149402,0.09208427718505985,1.0533443264362155,1.1745927993140894,0.8967740369695116,0.8353333865754985,0.7957859680261445,0.048500645226301126,0.7548308986372712,1.8502968752506732,2.2808058915545946,1.2730004480463896e-9
125,124,0,local_loglinear,37,36,88,2.2852818685254896,2.3827987581973735,1.0737121722182061,0.1771842698856722,0.8998133319058969,0.10018666809410315,1.0533211905253694,1.1782108948223586,0.8940005521542737,0.832852123460114,0.789857619141275,0.05300340326800318,0.7533081974679497,1.8803222809442786,2.28895320462245,7.76892927321203e-10
125,124,0,local_loglinear,38,37,87,2.250153133619715,2.3464444030787095,1.0616031399025796,0.17830485915956618,0.8915849723944883,0.1084150276055117,1.0532832328214372,1.1819409607727465,0.8911470773741579,0.830374751277201,0.7838825368372391,0.05761792279192082,0.751721134389844,1.911101441919073,2.297491439727533,9.455903068259882e-10
125,124,0,local_loglinear,39,38,86,2.214298579061432,2.3093027667180537,1.0492165023414268,0.17949764595141357,0.8832475163890823,0.11675248361091772,1.0532307304289243,1.1857859940239068,0.888213164716879,0.8278956362428158,0.777862489239763,0.06233734374885505,0.7500691928841133,1.942677181681145,2.3064295573038778,7.634772419352635e-10
125,124,0,local_loglinear,40,39,85,2.1777952695506997,2.2714555978377566,1.0365798726825972,0.18076424065066987,0.8748166848732291,0.12518331512677094,1.0531639259228844,1.1897492041400277,0.8851982604889662,0.8254093563550243,0.7717990516148592,0.06715523248834757,0.7483516746491506,1.9750946302941632,2.315777908636622,1.1697807383657795e-11
125,124,0,local_loglinear,41,40,84,2.14071504004441,2.232979124000511,1.0237189866344611,0.18210654182863684,0.8663071399623095,0.13369286003769054,1.0530830160893425,1.1938340128265539,0.8821017032309496,0.822910671805751,0.7656936202447922,0.07206553890145026,0.7465677061660597,2.0084014451161485,2.3255482499372118,5.293022632550788e-11
125,124,0,local_loglinear,42,41,83,2.1031248571648287,2.1939444260601815,1.0106578339055992,0.1835267402503687,0.8577325541666295,0.14226744583337048,1.0529881697717882,1.198044069558471,0.8789227345867653,0.8203945056427151,0.7595474251212644,0.07706256636464859,0.7447162409301009,2.0426480117581223,2.335753784428774,2.1176711455447926e-10
125,124,0,local_loglinear,43,42,82,2.065087170288674,2.1544178044444924,0.9974187811830777,0.1850273272286666,0.8491056880282747,0.15089431197172531,1.0528795194198668,1.2023832518270527,0.87566049994458,0.8178559202495401,0.7533615418404571,0.08214093665647865,0.742796062665443,2.0778876877033947,2.3464092041759494,1.628522802352202e-11
125,124,0,local_loglinear,44,43,81,2.0266602458718865,2.11446112847811,0.98402269104109,0.18661110487852756,0.8404384615456467,0.15956153845435328,1.0527571648312937,1.2068556753832707,0.8723140523799263,0.8152900961258523,0.7471369025826622,0.08729555787648746,0.7408057869435275,2.1141770631586243,2.3575307462429143,1.0486480462401257e-9
125,124,0,local_loglinear,45,44,80,1.9878984857223065,2.074132169344598,0.9704890352667136,0.18828119801134371,0.8317420187038487,0.16825798129615133,1.0526211763404967,1.211465702198988,0.8688823583117827,0.8126923133242132,0.7408743062853536,0.09252159575605237,0.7387438619640502,2.1515762382965655,2.369136259764788,8.004606448951363e-10
125,124,0,local_loglinear,46,45,79,1.9488527300944285,2.0334849187226225,0.9568360005983709,0.19004107039955792,0.8230267975072133,0.1769732024927867,1.0524715886762548,1.216217947696063,0.8653642964815637,0.8100579295724578,0.7345744281273507,0.09781444092823682,0.7366085695303437,2.1901491476803967,2.3812452788446827,1.1470490484383157e-11
125,124,0,local_loglinear,47,46,78,1.9095705418305435,1.9925698862298822,0.9430805934006711,0.1918945402225089,0.8143025803267095,0.18569741967329045,1.0523084154807534,1.2211172946435802,0.8617586697827428,0.8073823670920033,0.7282378282429081,0.10316968706434543,0.7343980230276544,2.2299638763344785,2.3938791201647684,8.12733488383295e-10
125,124,0,local_loglinear,48,47,77,1.8700964784735123,1.9514343864906623,0.9292387339165624,0.19384580156589432,0.8055785575005648,0.19442144249943516,1.0521316357326735,1.2261688944735345,0.8580642034508751,0.8046610924460111,0.721864959981815,0.1085831002360513,0.7321101673828496,2.2710930456547636,2.4070609782155246,1.1080465205101401e-11
125,124,0,local_loglinear,49,48,76,1.8304723458349386,1.9101228062100861,0.9153253462728677,0.19589944742839324,0.7968633801822648,0.20313661981773523,1.0519412005104254,1.231378182736111,0.8542795505545029,0.8018896007385363,0.7154561775115682,0.11405059369420054,0.7297427774499016,2.3136142186793967,2.42081603914283,5.2885771867587344e-11
125,124,0,local_loglinear,50,49,75,1.7907374363060322,1.8686768550098638,0.9013544453030198,0.19806049489071934,0.7881652063424683,0.21183479365753166,1.051737037514424,1.2367508895730346,0.8504032997926662,0.7990634025375554,0.7090117429340617,0.11956820591401665,0.7272934549737711,2.3576103340894683,2.4351716138525434,7.459086534046973e-10
125,124,0,local_loglinear,51,50,74,1.7509287541307545,1.827135803334116,0.8873392159901983,0.20033441463071125,0.7794917489308116,0.22050825106918837,1.051519046522772,1.242293045857409,0.8464339795100695,0.7961780091699133,0.7025318330294603,0.12513207635125678,0.7247596262934094,2.403170195647782,2.4501572792451234,1.2232498289513033e-9
125,124,0,local_loglinear,52,51,73,1.711081225946589,1.7855367048790356,0.8732920886856219,0.2027271639878105,0.7708503206420843,0.22914967935791575,1.0512871008467277,1.248010994945739,0.8423700633281965,0.7932289190657781,0.6960165455989251,0.13073842224836826,0.7221385392191497,2.450389008739788,2.4658050380679533,1.2213696885391214e-9
125,124,0,local_loglinear,53,52,72,1.6712278977226402,1.743914604960021,0.8592248077113268,0.205245224209317,0.7622478768287752,0.23775212317122485,1.0510410460043862,1.2539114031177605,0.8382099751155052,0.7902116044541272,0.689465905465138,0.13638351552470168,0.7194272603296057,2.49936897326238,2.4821494917243347,1.5145150514890184e-11
125,124,0,local_loglinear,54,53,71,1.6314001178621689,1.7023027331583271,0.8451485010021023,0.2078956390883221,0.7536910446927102,0.2463089553072898,1.0507807120468569,1.260001272896753,0.8339521035808986,0.7871215045868678,0.6828798701665721,0.14206366751751587,0.7166226693854407,2.550219901872505,2.499228047859406,7.128704510915422e-11
125,124,0,local_loglinear,55,54,70,1.5916277117741195,1.6607326889366918,0.8310737385266166,0.2106860625976328,0.7451861682554871,0.2548138317445129,1.050505895827923,1.2662879426726843,0.8295948025933801,0.7839540107123245,0.6762583355686866,0.14777520257500443,0.7137214572569061,2.603059955664666,2.5170811264750124,9.84884948594866e-10
125,124,0,local_loglinear,56,55,69,1.5519391413926646,1.6192346098545558,0.8170105917430612,0.2136248079649885,0.736739335674127,0.26326066432587303,1.050216376690044,1.2727791052766277,0.8251364061022894,0.7807044596419743,0.6696011411566947,0.15351444206294543,0.7107201207748312,2.6580164081258917,2.535752406571162,1.1675531883774795e-11
125,124,0,local_loglinear,57,56,68,1.5123616560513964,1.577837331693418,0.8029686854479463,0.21672090470053992,0.7283564140752564,0.2716435859247436,1.049911906998833,1.2794828102147497,0.8205752344751037,0.7773681233976235,0.6629080752950836,0.1592776825153165,0.7076149596768918,2.715226518602475,2.555289084701637,1.1352029872861768e-9
125,124,0,local_loglinear,58,57,67,1.4729214314632868,1.536568535233162,0.7889572495626851,0.219984159802443,0.720043074567695,0.279956925432305,1.0495922213722226,1.2864074758459874,0.8159096095752812,0.7739402038572057,0.6561788803509501,0.16506117937236142,0.7044020716674524,2.7748384710836462,2.57574217297179,1.3488832917980827e-11
125,124,0,local_loglinear,59,58,66,1.4336437002569444,1.4954548843659428,0.7749851665817111,0.22342522601505713,0.711804817233268,0.28819518276673195,1.0492570352170223,1.2935618907435016,0.811137868798794,0.7704158276231853,0.6494132578474989,0.17086112996118136,0.7010773483089139,2.837012416889884,2.597166823332121,8.459580991430362e-10
125,124,0,local_loglinear,60,59,65,1.3945528737257114,1.454522155598066,0.7610610128688475,0.22705567957696707,0.7036470009995639,0.2963529990004361,1.0489060382296502,1.300955215848903,0.80625837496275,0.7667900385356218,0.6426108736645595,0.176673652235545,0.6976364726918871,2.9019216530076535,2.6196226755292233,1.1386679871283425e-9
125,124,0,local_loglinear,61,60,64,1.3556726527684768,1.4137953551275066,0.7471931006022742,0.23088810316952393,0.6955748607033562,0.30442513929664383,1.0485389070779985,1.3085969930974266,0.8012695372286657,0.7630577972748411,0.6357713632287998,0.18249477151927973,0.6940749153470498,2.969753886006098,2.6431742557491384,1.1570647646249435e-9
125,124,0,local_loglinear,62,61,63,1.3170261319666012,1.3732988290955632,0.733389516128628,0.2349361790567151,0.6875935270268407,0.31240647297315927,1.0481553023781853,1.3164971391429598,0.7961698291729937,0.7592139801340516,0.6288943369084039,0.18832040467082928,0.6903879314104261,3.040712647937658,2.6678914118666,9.611283268722297e-10
125,124,0,local_loglinear,63,62,62,1.278635895670104,1.33305636601233,0.719658152078926,0.2392147943230393,0.679708050659509,0.320291949340491,1.0477548627291193,1.3246659399731264,0.7909578038598737,0.7552533761986964,0.6219793855883919,0.19414634051379098,0.686570560302299,3.115018891140168,2.69384978184518,2.102162479498566e-10
125,124,0,local_loglinear,64,63,61,1.240524104166744,1.2930912877956557,0.7060067406793819,0.24374015429884477,0.6719234145800853,0.3280765854199147,1.0473372180226002,1.3331140511979314,0.7856321198336083,0.751170691749761,0.6150260863831449,0.19996822810023185,0.6826176240109435,3.1929127165046696,2.7211313274564453,1.2378938292620498e-11
125,124,0,local_loglinear,65,64,60,1.2027125733294894,1.2534265342470097,0.6924428835524907,0.24852990902387984,0.6642445476254543,0.33575545237454574,1.046901988228929,1.3418524812296169,0.7801915656701639,0.7469605551967304,0.6080340086865421,0.20578156370889134,0.6785237273102155,3.27465530304713,2.74982491844056,8.382093872211066e-10
125,124,0,local_loglinear,66,65,59,1.165222846804553,1.214084740100479,0.6789740766762152,0.253603294923011,0.6566763405982343,0.3433236594017657,1.0464487803642506,1.3508925728295629,0.7746350830639123,0.742617521918084,0.6010027205607991,0.21158167558123925,0.6742832606891909,3.3605310713260046,2.7800269688668906,1.0675174351107033e-9
125,124,0,local_loglinear,67,66,58,1.1280762592665443,1.1750883019579055,0.6656077365641851,0.2589812889702292,0.649223652625698,0.35077634737430197,1.0459772012790176,1.360245985601659,0.7689617998147333,0.7381360859321672,0.5939317954459555,0.2173637155947855,0.669890402790729,3.450850051836971,2.8118421568125593,1.0776709979940178e-11
125,124,0,local_loglinear,68,67,57,1.0912939932353125,1.1364594395271037,0.6523512182770664,0.2646867836326988,0.6418913268158646,0.3581086731841354,1.045486846411244,1.369924659832731,0.7631710539022626,0.733510688190046,0.586820819353074,0.22312264386020042,0.6653391282388846,3.545950573786401,2.8453841953508734,6.854677354766835e-11
125,124,0,local_loglinear,69,68,56,1.0548971258144584,1.0982202451406384,0.6392118363987986,0.27074477578024714,0.6346841906663614,0.3653158093336386,1.0449773199655938,1.3799407904486614,0.7572624327061449,0.7287357351673494,0.5796693984197623,0.2288532247860891,0.6606232144080719,3.6462021929355943,2.8807767116052903,3.6168756241816725e-10
125,124,0,local_loglinear,70,69,55,1.0189066690024737,1.0603927274236868,0.6261968795212987,0.2771825795668189,0.6276070641154234,0.37239293588457656,1.044448226979711,1.3903067728784286,0.7512358044673353,0.7238056154486192,0.5724771670644813,0.2345500176109706,0.6557362535573324,3.752009001316529,2.918154199719617,7.1372912280640136e-12
125,124,0,local_loglinear,71,70,54,0.9833436005141958,1.022998844649941,0.6133136240349378,0.2840300605559665,0.6206647608919315,0.37933523910806854,1.043899183894647,1.401035153393574,0.745091357176959,0.7187147223367691,0.5652437966353998,0.2402073723932847,0.6506716668304366,3.863813293176077,2.957663086349035,5.19586492748165e-11
125,124,0,local_loglinear,72,71,53,0.9482288861655321,0.9860605295891063,0.6005693428830066,0.29131989580667556,0.6138620895969397,0.38613791040306034,1.0433298198048355,1.4121385615965696,0.7388296362541382,0.7134574791515619,0.5579690046530192,0.2458194267773285,0.6454227232889486,3.982099664754367,2.9994628996403834,1.3827583286335478e-10
125,124,0,local_loglinear,73,72,52,0.9135834926470344,0.9495997041714348,0.5879713130062875,0.29908786131086074,0.6072038509882399,0.3927961490117601,1.042739784920257,1.4236296366828052,0.7324515857578954,0.7080283693421955,0.5506525646448048,0.2513801064969583,0.6399825621034417,4.107399581809402,3.043727572181942,3.8980741482949557e-10
125,124,0,local_loglinear,74,73,51,0.8794283908550582,0.9136382844810562,0.575526818578652,0.30737315044234625,0.6006948335234717,0.39930516647652825,1.0421287548823797,1.4355209368213082,0.7259585897715838,0.7024219704103348,0.5432943166114212,0.25688312825310805,0.6343442201082399,4.240296484684813,3.09064687886286,7.530238410346562e-12
125,124,0,local_loglinear,75,74,50,0.8457845489956692,0.878198175041581,0.5632431521802492,0.316218726065373,0.5943398057981923,0.40566019420180766,1.0414964389536332,1.447824837407609,0.7193525156112642,0.6966329925022386,0.5358941781237048,0.2623220062958592,0.6285006638100732,4.381431489541347,3.140428036725154,5.932841447300075e-11
125,124,0,local_loglinear,76,75,49,0.8126729153798137,0.84330125264881,0.5511276100886573,0.3256717100520204,0.588143506810455,0.411856493189545,1.0408425840385123,1.4605534119637122,0.7126357554011672,0.6906563211886303,0.5284521560557138,0.26769006221644187,0.6224448286251358,4.531509766197613,3.1932974653853097,1.1631369390511314e-10
125,124,0,local_loglinear,77,76,48,0.7801143899813923,0.8089693383892138,0.5391874862997196,0.33578381343117003,0.5821106328455173,0.41788936715448266,1.0401669849347477,1.4737183028693497,0.7058112686186555,0.6844870650975297,0.5209683589312286,0.2729804391961731,0.6161696628855783,4.691307669034525,3.2495027520766944,4.0331632152131585e-10
125,124,0,local_loglinear,78,77,47,0.7481297848671166,0.7752241583030135,0.5274300612694343,0.3466118111947625,0.5762458216478651,0.4237541783521349,1.039469490237716,1.4873305713222118,0.6988826225185737,0.6781206079322137,0.5134430098606013,0.27818612043479723,0.6096681795151382,4.861680719676162,3.309314822639753,7.620967356924086e-12
125,124,0,local_loglinear,79,78,46,0.7167397729002064,0.7420872918238413,0.5158625884034568,0.35821806570440473,0.5705536334705028,0.4294463665294972,1.038750012116419,1.5014005344098855,0.6918540311594414,0.6715526649237946,0.5058764600165049,0.283299952352023,0.6029335137839937,5.0435725452736335,3.373030360337031,6.879231052906613e-11
125,124,0,local_loglinear,80,79,45,0.6859648248245285,0.7095801084574869,0.5044922740849159,0.3706711029879488,0.5650385293969845,0.4349614706030155,1.0380085314003453,1.5159375827784995,0.6847303894252837,0.6647793432071099,0.49826920258162244,0.2883146724633293,0.5959589901285649,5.2380248955588415,3.440974475362955,9.243419248527685e-10
125,124,0,local_loglinear,81,80,44,0.6558251342587086,0.6777236918587968,0.49332625567315486,0.38404624636330054,0.5597048468505881,0.4402951531494119,1.0372451076336233,1.5309499884973508,0.6775173032606338,0.6577972057672123,0.49062188707337995,0.2932229422024517,0.588738195338791,5.446188874091061,3.5135036819661956,1.2066050513120173e-9
125,124,0,local_loglinear,82,81,43,0.626340530967628,0.6465387516525887,0.4823715765667242,0.3984263091913442,0.5545567690008418,0.44544323099915817,1.036459891380211,1.5464446948547794,0.670221117398279,0.6506033403378573,0.4829353339281238,0.29801738778559017,0.5812650587685559,5.669337504941313,3.591009213768126,7.53240849151742e-12
125,124,0,local_loglinear,83,82,42,0.5975303831833914,0.6160455246567778,0.4716351529122177,0.4139023583314078,0.5495982994983899,0.4504017005016101,1.035653118465662,1.562427087599029,0.662848926958341,0.6431954260300302,0.47521054924272366,0.30269063918086797,0.5735339432881665,5.908879910887231,3.6739206758091365,7.807489638664111e-11
125,124,0,local_loglinear,84,83,41,0.5694134881399685,0.5862636631225703,0.46112374208227697,0.4305745398668226,0.5448332236662875,0.4551667763337125,1.034825134764582,1.5789007752749151,0.6554085924648433,0.6355718077011261,0.46744873940393894,0.3072353838852901,0.5655397395339063,6.1663771260008575,3.7627101488323684,8.919045679198127e-10
125,124,0,local_loglinear,85,84,40,0.542007953473951,0.557212114238685,0.4508439038731773,0.44855298263603227,0.5402650758737613,0.45973492412623873,1.0339763892379603,1.5958673381023305,0.6479087356142503,0.627731565898818,0.459651325545398,0.31164441813194904,0.5572779697749172,6.4435599394938725,3.8578967239285267,1.0436995283424105e-9
125,124,0,local_loglinear,86,85,39,0.5153310692520792,0.5289089895169076,0.44080196177975367,0.4679587722437914,0.5358970988139626,0.46410290118603736,1.0331074497562367,1.6133260924143742,0.6403587313276333,0.619674589443989,0.4518199575041625,0.31591070814437383,0.5487448952515128,6.742348882530734,3.9600515783372967,5.4406519342241464e-12
125,124,0,local_loglinear,87,86,38,0.4893991729868029,0.5013714275876434,0.431003957217168,0.4889250064638743,0.5317322084799719,0.46826779152002806,1.0322189944554012,1.631273842402469,0.6327686790681287,0.611401641653563,0.4439565271016833,0.3200274488206234,0.5399376313895335,7.064876781832993,4.069803590500795,9.93984665460123e-10
125,124,0,local_loglinear,88,87,37,0.4642275083965359,0.4746154498025579,0.42145560685270356,0.5115979179282739,0.5277729483126624,0.4722270516873376,1.031311831859359,1.6497046594993827,0.6251493719926327,0.6029144283074883,0.4360631803940893,0.3239881347077157,0.5308542622684023,7.413514010237494,4.187845646737175,8.414566396375456e-10
125,124,0,local_loglinear,89,88,36,0.43983008125016154,0.4486558135247909,0.41216225427676684,0.5361380768913242,0.5240214531564811,0.4759785468435189,1.0303868861761978,1.668609651208236,0.6175122416618514,0.5942156543956768,0.42814232871375246,0.3277866239873609,0.521493959627824,7.790897028474611,4.314941633253019,1.222804521585982e-9
125,124,0,local_loglinear,90,89,35,0.4162195135618072,0.42350586300644244,0.4031288251557438,0.5627216488104002,0.5204794020856953,0.4795205979143047,1.029445215076437,1.687976774923818,0.6098693005553338,0.585309080045884,0.4201966580836106,0.33141721444445504,0.5118570977221254,8.19996036463564,4.451934283317012,5.1890024981580485e-12
125,124,0,local_loglinear,91,90,34,0.39340689986923344,0.3991773831688413,0.3943597777960136,0.5915417176898008,0.5171479851103684,0.4828520148896316,1.0284879877633468,1.7077906557123157,0.6022330572679979,0.5761995603410693,0.41222913681772977,0.3348747075423777,0.5019453684250862,8.643972813972228,4.5997538886557,1.2636886565753608e-9
125,124,0,local_loglinear,92,91,33,0.37140166734326463,0.37568045644730913,0.38585905990101443,0.6228096337647048,0.5140278587059097,0.4859721412940903,1.0275165027132769,1.7280324705162724,0.5946164324136183,0.5668930816712338,0.40424302086141983,0.3381544835692991,0.49176188601389637,9.126578037256634,4.759428095060681,1.1240740156078858e-10
125,124,0,local_loglinear,93,92,32,0.35021144387786496,0.35302332844332396,0.37763006333584975,0.6567563852799684,0.5111191154775668,0.48888088452243317,1.0265321643569851,1.7486798460526518,0.5870326501870582,0.5573967795243877,0.39624185670751133,0.341252563272486,0.48131128586212935,9.651840506983344,4.932092809556013,3.1779238077949692e-12
125,124,0,local_loglinear,94,93,31,0.3298419363907715,0.3312122834169538,0.36967558526001315,0.693633938761689,0.508421247794474,0.49157875220552605,1.0255364915048777,1.76970683480704,0.5794951295516113,0.5477189478005942,0.3882294814927284,0.34416567447516766,0.470599807932136,10.224297168702243,5.119004453070288,5.358924048232236e-11
125,124,0,local_loglinear,95,94,30,0.3102968231014263,0.31025153438898867,0.36199779113031594,0.7337165198997218,0.5059331226264847,0.4940668773735153,1.024531098335433,1.7910839263366491,0.5720173595834414,0.5378690295628581,0.38021002012094685,0.34689130647594857,0.4596353663190907,10.849015848735252,5.32155365735665,1.4527900447229238e-10
125,124,0,local_loglinear,96,95,29,0.29157766227746484,0.2901431298185922,0.35459818382684577,0.7773017648314682,0.5036529588304606,0.4963470411695394,1.0235176894650349,1.812778136036682,0.5646127725827358,0.5278575935434068,0.37218787913981766,0.3494277599013901,0.4484275989528035,11.531661139971431,5.541280638616962,2.347029510357335e-10
125,124,0,local_loglinear,97,96,28,0.2736838203920401,0.27088688006557493,0.3474775784555824,0.824711668361617,0.5015783113757789,0.4984216886242211,1.0224980477715055,1.8347531511362412,0.5572946132498993,0.5176962939053111,0.3641677372431438,0.3517741870178541,0.43698789566950724,12.27856882898062,5.779892445845785,3.2017922298496925e-10
125,124,0,local_loglinear,98,97,27,0.25661242201652207,0.2524803059547016,0.34063608375273297,0.8762932298876804,0.49970606248479693,0.5002939375152031,1.0214740223661187,1.8569695428150699,0.5500758083611953,0.5073978135611753,0.3561545322965718,0.3539306219014331,0.425329401953904,13.096829995849696,6.039282330704839,3.9395045352960305e-10
125,124,0,local_loglinear,99,98,26,0.24035832338113827,0.23491861139130987,0.33407309074361025,0.9324186740187903,0.49803242039204565,0.5019675796079544,1.0204475158249913,1.879385040345608,0.5429688402954069,0.496975791349506,0.3481534448603588,0.35589799925330134,0.41346699629355543,13.994386090132446,6.321551517201188,4.4417771592178305e-10
125,124,0,local_loglinear,100,99,25,0.22491411099882705,0.21819468143192042,0.3277872690841421,0.99348509436236,0.4965529261979911,0.5034470738020089,1.0194204709355896,1.9019548618226159,0.5359856279442372,0.4864447338784816,0.3401698782570556,0.35767816098231975,0.4014172397663011,14.980136465628942,6.629033686581121,5.286992762503203e-10
125,124,0,local_loglinear,101,100,24,0.21027012614015078,0.20229910660754333,0.3217765711882182,1.0599133367955142,0.49526246894582415,0.5047375310541758,1.018394857144959,1.9246320934970136,0.5291374183075989,0.47581991338979746,0.33220943531038005,0.359273850155152,0.38919829733083766,16.064060057451574,6.964322532909729,1.2117716131424231e-9
125,124,0,local_loglinear,102,101,23,0.19641451531224535,0.18722023360966067,0.3160382443941815,1.132145902858812,0.49415530838390653,0.5058446916160935,1.017372657950212,1.9473681078290885,0.5224346921673537,0.4651172536366482,0.32427789196201984,0.36068869273298454,0.37682983086518995,17.257353100609592,7.330302799578723,2.0065635457770567e-12
125,124,0,local_loglinear,103,102,22,0.18333330620723468,0.17294424183513774,0.31056885095193754,1.2106436310081854,0.49322511002547126,0.5067748899745288,1.0163558530636692,1.9701130068211916,0.5158870834031878,0.4543532036405808,0.31638116805406247,0.36192716246015666,0.36433286504988815,18.57258523929152,7.730185258802263,6.333909852424539e-11
125,124,0,local_loglinear,104,103,21,0.1710105078648714,0.15945524449376974,0.305364294434648,1.2958808457531712,0.4924649812546864,0.5075350187453136,1.0153464109261532,1.9928160845026306,0.5095033198608313,0.44354460687239966,0.30852529560569,0.3629945404212188,0.35172962873133873,20.023876172082154,8.167546134791683,1.3535378922142502e-9
125,124,0,local_loglinear,105,104,20,0.1594282334140296,0.1467354125440551,0.3004198540170632,1.3883386893172978,0.4918675213737913,0.5081324786262087,1.014346269760544,2.015426286810968,0.5032911778507939,0.43270856215508363,0.3007163850496678,0.36389685657544,0.3390433731831787,21.627096109520636,8.646371605905903,2.0746197733135724e-12
125,124,0,local_loglinear,106,105,19,0.14856684277441307,0.134765119110324,0.29573022245983127,1.4884963009398007,0.4914248798044862,0.5085751201955138,1.013357318449397,2.0378926672747935,0.4972574536050155,0.42186228159605077,0.29296058985704165,0.3646408194814643,0.32629817306798026,23.40009320095433,9.171107977597252,1.136728463927762e-9
125,124,0,local_loglinear,107,106,18,0.1384051026603088,0.12352310123707318,0.29128955042061067,1.5968195033671777,0.4911288162078168,0.5088711837921832,1.0123813892430436,2.0601648390463594,0.4914079543808107,0.41102295067042693,0.28526407005919385,0.36523374109782947,0.31351871165567347,25.362951424669255,9.746718371516144,1.474362621399904e-12
125,124,0,local_loglinear,108,107,17,0.12892036047523803,0.11298663632511444,0.287091490736213,1.7137467588281494,0.4909707775808796,0.5090292224191204,1.011420223211381,2.0821933948778084,0.48574749382044563,0.40020758632762554,0.2776329552319099,0.36568344191189806,0.30073005861726837,27.538283966835312,10.378746626347,5.18858320051799e-11
125,124,0,local_loglinear,109,108,16,0.12008872866648819,0.10313172925922869,0.2831292449493839,1.8396721539151153,0.4909419780595693,0.5090580219404307,1.010475456327501,2.1039303400206255,0.48027990143323607,0.38943290169880773,0.27007330743116986,0.365998151537931,0.2879574424247926,29.951566571650442,11.073389452493371,1.3221750436324114e-9
125,124,0,local_loglinear,110,109,15,0.11188527570421733,0.09393330717720702,0.27939560562348215,1.9749254043660576,0.4910334963616872,0.5089665036383129,1.0095485784764902,2.125329505435493,0.47500802858784363,0.3787151733984631,0.26259108464793024,0.3661863901927447,0.2752260256681267,32.631517547293186,11.83757770386533,1.3212379586541693e-12
125,124,0,local_loglinear,111,110,14,0.10428421970735499,0.08536541823801115,0.2758829908011764,2.1197490635539484,0.49123639348471104,0.508763606515289,1.0086408848056723,2.146346992945633,0.46993374702261903,0.368070112990309,0.25519210525632885,0.3662568289754752,0.2625606887667983,35.61053185840341,12.679067770006375,8.833834836404797e-10
125,124,0,local_loglinear,112,111,13,0.0972591208308533,0.07740143096936972,0.27258346640553566,2.2742734300164287,0.49154185407192663,0.5084581459280734,1.0077534180080394,2.166941677151253,0.46505793332327794,0.35751274386125304,0.24788201390524733,0.36621812608526594,0.24998582731318275,38.925178267831505,13.606544104778544,1.370053176640639e-9
125,124,0,local_loglinear,113,112,12,0.09078306790288125,0.07001423152972021,0.2694887432721384,2.438490200194846,0.4919413809439982,0.5080586190560018,1.0068868574916114,2.187075794863534,0.46038041290399706,0.34705727545097276,0.24066624926737962,0.36607870938550824,0.23752517283378052,42.61677261261151,14.629733433405452,1.0395409600323053e-12
125,124,0,local_loglinear,114,113,11,0.08482885469972741,0.0631764160550447,0.26659013613408605,2.612226448184615,0.4924270618129726,0.5075729381870274,1.0060413697774497,2.2067157410224585,0.4558998474861611,0.3367169724249606,0.2335500139243123,0.36584648648074425,0.22520164387368355,46.73204347699121,15.759530864161873,4.8518382963416394e-11
125,124,0,local_loglinear,115,114,10,0.07936914041905502,0.056860476132706866,0.26387846128415837,2.7951213741680534,0.49299195741032503,0.507008042589675,1.0052163697315502,2.225833180562716,0.45161352544732036,0.32650400742012614,0.22653824660710004,0.3655284326554997,0.21303723801106259,51.3239145734355,17.008136925848348,1.2748032437535485e-10
125,124,0,local_loglinear,116,115,9,0.07437658707720521,0.05103897625709443,0.2613438324839491,2.9866093667364884,0.49363069251260694,0.5063693074873931,1.004410129397444,2.244406695716043,0.44751699026499403,0.31642927898081163,0.21963559687253614,0.36512997428839533,0.20105298076028172,56.452441018020764,18.38920212972473,2.557003154583628e-10
125,124,0,local_loglinear,117,116,8,0.06982396421395003,0.04568472270912909,0.2589752967800804,3.1859143057274015,0.4943403699373811,0.5056596300626188,1.0036191652202795,2.2624243487478646,0.4436034140879588,0.30650217000614377,0.21284640212076672,0.36465404653026834,0.18926895026179258,62.18595744050735,19.917971677283575,4.63139371991241e-10
125,124,0,local_loglinear,118,117,7,0.06568420638418251,0.04077092471491184,0.25676021208490013,3.392062069558968,0.495122011210819,0.504877988789181,1.0028372483654742,2.279887725821273,0.4398625585846456,0.29673020516892173,0.20617466667489703,0.3640996198441393,0.17770440826561995,68.60253406163413,21.61141494888151,7.974620463665818e-10
125,124,0,local_loglinear,119,118,6,0.0619304011325944,0.03627135019876178,0.2546832109808007,3.603921130206904,0.49598284720877006,0.5040171527912299,1.002053818647705,2.2968184196547323,0.4362790763400174,0.28711854521946034,0.1996240423709416,0.3634593706395577,0.16637808220169484,75.79190296719653,23.488310202671563,1.3341678304811708e-9
125,124,0,local_loglinear,120,119,5,0.058535672167870416,0.032160480603543894,0.25272450155393994,3.8202856733174912,0.4969399772464994,0.5030600227535006,1.0012514469427083,2.3132684820503453,0.43282976217929436,0.2776692239014598,0.19319780975778028,0.36271597812876544,0.15530866682690225,83.85813436546795,25.56922907224794,2.192314158771748e-9
125,124,0,local_loglinear,121,120,4,0.05547290128587255,0.028413672302999904,0.25085710703428526,4.040023076105366,0.49802622509653366,0.5019737749034663,1.0004017914784495,2.3293373101459456,0.4294791428965558,0.26837998594630674,0.18689885853417976,0.36183622722630204,0.14451565105818942,92.92355171161283,27.87631888669725,3.5587634509772912e-9
125,124,0,local_loglinear,122,121,3,0.05271419834501153,0.025007336606741343,0.2490424088928963,4.262319981192688,0.49929951310777154,0.5007004868922285,0.999459190954389,2.345198911988711,0.4261724606152299,0.2592425163587522,0.18072966520688882,0.3607616277918475,0.13402063471121847,103.1347474555389,30.432697125203386,5.725255966970032e-9
125,124,0,local_loglinear,123,122,2,0.050229973580256625,0.021919157101329776,0.24722298138798496,4.487082509734579,0.500857857591999,0.49914214240800103,0.9983505964872462,2.3611458460034025,0.42282462058712134,0.250239756307243,0.17469226508254382,0.35939354278955804,0.1238493961855727,114.67222714416222,33.26112199219574,9.144415139028329e-9
125,124,0,local_loglinear,124,123,1,0.04798737877109763,0.019128373503168983,0.24531110842156081,4.715583624467137,0.5028633278090887,0.4971366721909113,0.9969599430136286,2.377659836616442,0.4193030170507337,0.2413418783001014,0.16878821455226484,0.3575697496904182,0.11403513486072145,127.76640055405142,36.381333073659064,1.4512840335653082e-8
125,124,0,local_loglinear,125,124,0,0.045947744987818034,0.016616177822756185,0.2431704299091909,4.951518755631691,0.5055802690803622,0.49441973091963776,0.9951043521025127,2.395524885051266,0.4154013837686419,0.23250035906979136,0.16301853818207068,0.35502784389420783,0.10462360090236254,142.72477051349347,39.804970249822034,8.586013160637357e-7
130,129,0,local_loglinear,1,0,129,1.8901678313037162,1.9403612229421892,0.906495185575314,0.20859957981904168,0.8761960342164987,0.12380396578350128,,,,0.9967870194975489,0.9337836851161863,0.0652923148876943,0.7454800772873249,1.0599016809375605,2.331535287067304,1.4385464361577594e-11
130,129,0,local_loglinear,2,1,128,1.975646808183075,2.0298378997365614,0.9377968877670639,0.20320507284525097,0.8921365634962873,0.10786343650371266,1.0398130356575166,1.109641184299132,0.9370714158507734,0.9878698857804787,0.9336475050616719,0.056452031101244,0.7493925019821268,1.0775853119138288,2.310105976853435,8.704611592333116e-10
130,129,0,local_loglinear,3,2,127,2.0568655473342874,2.115032983101668,0.9675963367839989,0.19846672526247533,0.907154154410322,0.09284584558967801,1.0408510000703133,1.1098776538759065,0.9378069703768349,0.9792619875951668,0.9331339948481145,0.04825040634362443,0.7528321553153103,1.095752628014387,2.2915092581587935,1.510138936482579e-11
130,129,0,local_loglinear,4,3,126,2.1334270501436787,2.1955205927312305,0.9957507620826066,0.1943005459390854,0.9211689790313984,0.07883102096860162,1.0418324245073733,1.1102221713612235,0.9383999449677728,0.970986254084108,0.9322574166490485,0.04070333706688293,0.755845845984557,1.1143363102595618,2.275399485057946,6.804612867019944e-11
130,129,0,local_loglinear,5,4,125,2.2050203127968544,2.2709619270357666,1.022147274181834,0.19063514651171637,0.9341208230918643,0.06587917690813572,1.042758876924645,1.1106782356557465,0.938848753355645,0.9630567041350837,0.9310332686021787,0.033817281958049165,0.758475812843969,1.1332791342463269,2.261479328613506,1.102014068821173e-9
130,129,0,local_loglinear,6,5,124,2.2714163800182234,2.3411019551352608,1.0467017062869575,0.18740970361341763,0.9459677123597272,0.05403228764027279,1.0436320559352623,1.1112472351202805,0.939153793100147,0.9554799258220061,0.9294778538154913,0.027590773411079135,0.7607599601063894,1.1525333081461338,2.2494929484413464,1.8515267363542256e-11
130,129,0,local_loglinear,7,6,123,2.3324626695661284,2.40576425502939,1.0693568037167978,0.18457226465414503,0.9566842603179402,0.04331573968205982,1.0444537569305032,1.1119290875239092,0.939316876093544,0.9482564355401442,0.9276079161920683,0.02201582789785942,0.762732154125845,1.172059722776271,2.2392200828674595,9.008339591858506e-10
130,129,0,local_loglinear,8,7,122,2.3880761210335546,2.464844544843354,1.0900799484565769,0.18207834248871443,0.9662598707881517,0.033740129211848324,1.0452258313166438,1.1127227176081878,0.9393407852437583,0.9413818840049846,0.9254403390280612,0.017079218674762718,0.764422554182782,1.1918271803011482,2.2304709433821452,4.736811134280673e-10
130,129,0,local_loglinear,9,8,121,2.438235642771009,2.5183033796370458,1.108860599524741,0.1798897466341622,0.9746968711388009,0.02530312886119912,1.045950166587269,1.113626422254604,0.9392289422063816,0.9348481110430179,0.9229919003958746,0.012763608848296373,0.7658579509667104,1.2118116163555621,2.22308183979617,9.82698497464882e-10
130,129,0,local_loglinear,10,9,120,2.4829742625993108,2.566158428400635,1.1257075966836925,0.1779736103981056,0.9820086534230518,0.01799134657694823,1.0466286683639079,1.114638136468152,0.9389851595067982,0.9286440507850507,0.9202790789937363,0.009048541532943391,0.7670620980908742,1.2319953418364027,2.216911442536716,8.171120551540273e-10
130,129,0,local_loglinear,11,10,119,2.5223713072712655,2.6084766722567694,1.1406464410118238,0.17630158230116152,0.9882178947177187,0.011782105282281297,1.0472632347924655,1.1157556240179916,0.9386134492615189,0.92275648989854,0.9173179039241663,0.00591128470616345,0.7680560293319746,1.2523663369644416,2.211837585599746,1.4857210857681834e-11
130,129,0,local_loglinear,12,11,118,2.5565448494756944,2.645366776455414,1.1537166545553694,0.17484914902874643,0.9933548697436663,0.006645130256333731,1.0478557534575925,1.1169766209560903,0.9381178923518266,0.9171707047700384,0.9141238417978976,0.003327554040114075,0.768858351284202,1.2729175783194957,2.2077545575825566,1.1040160197100243e-9
130,129,0,local_loglinear,13,12,117,2.5856446089826073,2.676971845938852,1.1649692755951357,0.17359507216184408,0.9974559166249307,0.0025440833750692837,1.048408076071815,1.1182989263232292,0.9375025329933894,0.9118709764315017,0.9107117155368505,0.0012721080432639004,0.7694855139240172,1.293646441890437,2.2045707855968826,1.957956940282605e-11
130,129,0,local_loglinear,14,13,116,2.6098454157663498,2.703462687754256,1.1744645411323025,0.17252091593796404,1.0005620479655717,0.0005620479655716881,1.048922011306951,1.1197204733933073,0.9367713069746757,0.906841008794521,0.9070956491661575,0.0002807599396502103,0.7699520546989983,1.3145541604313906,2.2022068705566933,6.193810256415276e-11
130,129,0,local_loglinear,15,14,115,2.629341305855575,2.725031667817535,1.1822697874690613,0.17161064973602672,1.0027177108347736,0.002717710834773568,1.0493993215810349,1.1212393751783623,0.9359279961195625,0.9020642655424191,0.9032890339496686,0.0013568187406748228,0.7702708160277864,1.3356453309892908,2.2005939247571367,1.026515574623986e-9
130,129,0,local_loglinear,16,15,114,2.644340284362755,2.741887214298123,1.1884575760909968,0.1708503152227788,1.0039697136437091,0.003969713643709127,1.0498417084178964,1.12285394742309,0.9349761924311223,0.8975242304773982,0.8993045118863858,0.001981582272769636,0.7704531403174638,1.356927491946181,2.199672152668884,7.950726364087276e-10
130,129,0,local_loglinear,17,16,113,2.6550597499283173,2.7542489736997076,1.193104047597907,0.17022774649606104,1.0043663067615396,0.004366306761539596,1.0502508042481102,1.124562726225206,0.9339192734703764,0.8932046064765542,0.895153972838201,0.0021800629429163942,0.7705090432221112,1.378410759540518,2.199389641843424,1.4209353474072677e-11
130,129,0,local_loglinear,18,17,112,2.661722555700096,2.7623436023101253,1.1962875063976661,0.16973233127260348,1.003956387955221,0.003956387955220908,1.050628180021099,1.1263644801498145,0.9327603973106094,0.8890894721468103,0.8908485622453577,0.0019765751810077725,0.7704473638812729,1.4001074959953042,2.199701347559969,1.049328978890423e-9
130,129,0,local_loglinear,19,18,111,2.6645536794648517,2.766401178973804,1.1980872119169879,0.16935481150790974,1.002788858085505,0.002788858085505108,1.0509753282152554,1.1282582047793117,0.9315024909753057,0.8851633889914383,0.8863986972229212,0.0013945979554524507,0.7702758997085627,1.422032048682287,2.2005682154749175,7.649084206865124e-10
130,129,0,local_loglinear,20,19,110,2.663777445037193,2.7666521830889885,1.198582368218447,0.1690871134204569,1.0009120866130192,0.0009120866130192251,1.0512936662669305,1.1302431264125454,0.9301482501413613,0.8814114789490859,0.8818140886136578,0.00045667403986834887,0.7700015236259673,1.4442005242610987,2.2019564394697015,1.047951502761669e-9
130,129,0,local_loglinear,21,20,109,2.659615246640195,2.7633249945844267,1.1978512935215324,0.16892220301842378,0.9983734814307783,0.001626518569221691,1.0515845362735723,1.1323186988020797,0.9287001419177137,0.8778194755443719,0.877103767438175,0.0008156574924159388,0.7696302864499942,1.4666306018186606,2.2038368306738323,1.0902539900675643e-9
130,129,0,local_loglinear,22,21,108,2.652283722104379,2.7566438631784362,1.195970753215495,0.16885396191588453,0.9952191435607408,0.004780856439259185,1.0518492100255692,1.134484597488567,0.9271604148298448,0.8743737570248927,0.8722761143712745,0.0024019051516135093,0.7691675054062447,1.489341371824599,2.206184284805382,7.592414284667339e-10
130,129,0,local_loglinear,23,22,107,2.6419933257887647,2.7468273035299453,1.1930154257648782,0.16887708520628725,0.9914936266526031,0.0085063733473969,1.0520888720754458,1.1367407086517483,0.9255310943542214,0.8710613519556273,0.867338891258346,0.004282634452300066,0.7686178448683191,1.5123532399290702,2.208977310830729,1.3170892727522658e-11
130,129,0,local_loglinear,24,23,106,2.6289472351793273,2.734086841819037,1.1890575027794235,0.16898698971775178,0.9872397319994688,0.012760268000531205,1.0523046442990145,1.1390871345151017,0.9238140019437322,0.8678699460454498,0.8622992733673052,0.006439476399746652,0.7679853823061236,1.5356878171894068,2.2121976518161057,9.814481339123318e-10
130,129,0,local_loglinear,25,24,105,2.6133405607455122,2.7186260914390945,1.1841663878682869,0.16917973917672405,0.9824983876597321,0.017501612340267925,1.0524975692732752,1.1415241769464215,0.9220107559076912,0.8647878677825797,0.8571638822394128,0.008855109164674496,0.7672736692618678,1.5593678698672764,2.215829944605707,1.1527821532430709e-9
130,129,0,local_loglinear,26,25,104,2.595359800751789,2.7006400928610983,1.1784084881026573,0.16945197910510915,0.9773085660605164,0.022691433939483585,1.052668619246076,1.1440523384582986,0.9201227809775123,0.8618040708453701,0.8519388181651719,0.011513234239403647,0.766485783306228,1.5834172802192605,2.2198614360741296,1.1267632884180743e-9
130,129,0,local_loglinear,27,26,103,2.5751825058919025,2.680314882902008,1.1718470810125532,0.16980088171277719,0.9717072446039202,0.028292755396079783,1.0528186966291293,1.1466723177972258,0.9181513151478264,0.8589081097541544,0.8466296920460488,0.014398543172180228,0.7656243735741461,1.6078610325862688,2.224281740661781,1.0913031887169187e-9
130,129,0,local_loglinear,28,27,102,2.552977116038422,2.657827251729451,1.1645422498254856,0.17022409679670725,0.9657293860451173,0.034270613954882734,1.0529486460223632,1.1493850076181062,0.9160974251825417,0.8560901173336352,0.8412416562922294,0.017496685175824422,0.7646916986101528,1.6327251992021723,2.2290826441814007,1.850956735324117e-11
130,129,0,local_loglinear,29,28,101,2.5289029449778373,2.633344667598498,1.156550860805446,0.17071971426411808,0.9594079737073403,0.04059202629265968,1.0530592360120603,1.1521914838105003,0.9139620026780686,0.8533407671303976,0.8357794347539136,0.020794216000525667,0.7636896632726744,1.6580369852470254,2.234257918067087,2.6091721954306976e-10
130,129,0,local_loglinear,30,29,100,2.503110270312838,2.607025316141709,1.1479265916657282,0.171286228230682,0.952774037883042,0.047225962116957954,1.0531511834679321,1.1550930154431471,0.9117457809784215,0.8506512470202767,0.8302473510688615,0.02427855935925366,0.7626198468049646,1.683824747499209,2.2398031837081316,1.5667372238132135e-11
130,129,0,local_loglinear,31,30,99,2.4757405200005054,2.5790182508166026,1.1387199890963489,0.1719225090424728,0.9458567154146738,0.054143284585326246,1.0532251440702989,1.1580910552248744,0.9094493384769188,0.8480132246325895,0.8246493558161265,0.027937958022384635,0.7614835293264015,1.7101180525555622,2.245715789025968,8.077301435300291e-10
130,129,0,local_loglinear,32,31,98,2.446926526882852,2.5494636212875017,1.1289785516429445,0.17262777975143526,0.9386833190015053,0.061316680998494744,1.053281716183894,1.161187241602302,0.9070731045326412,0.8454188135101438,0.818989052146897,0.03176142543797397,0.7602817148079384,1.736947746807421,2.2519947067337407,1.2927948504170405e-11
130,129,0,local_loglinear,33,32,97,2.416792834701483,2.5184929610445095,1.1187468357779,0.1734015956383472,0.9312794085879144,0.06872059141208564,1.0533214491126217,1.1643834013485013,0.9046173690665326,0.8428605424770906,0.8132697199130725,0.03573870093906667,0.759015149647452,1.7643460293324853,2.2586404586918807,1.1083871163768055e-9
130,129,0,local_loglinear,34,33,96,2.385456044971676,2.486229524555968,1.108066572944624,0.17424382891656845,0.9236688777511972,0.07633112224880279,1.0533448384675268,1.1676815466102888,0.9020822856414279,0.8403313216438928,0.8074943384108488,0.039860200782212835,0.7576843401558826,1.7923465526228266,2.265655048981789,1.7648640840514633e-11
130,129,0,local_loglinear,35,34,95,2.3530251881838717,2.452788654509782,1.0969767967548385,0.1751546566733973,0.9158740421782269,0.08412595782177312,1.0533523297517338,1.1710838799871854,0.8994678756599912,0.8378244098857163,0.8016656076226221,0.04411697096601286,0.756289567379685,1.8209845352031793,2.2730419137912725,9.508856799904889e-10
130,129,0,local_loglinear,36,35,94,2.3196021100899595,2.418278168091386,1.0855139794848259,0.17613455061518205,0.9079157228149402,0.09208427718505985,1.0533443264362155,1.1745927993140894,0.8967740369695116,0.8353333865754985,0.7957859680261445,0.048500645226301126,0.7548308986372712,1.8502968752506732,2.2808058915545946,1.2730004480463896e-9
130,129,0,local_loglinear,37,36,93,2.2852818685254896,2.3827987581973735,1.0737121722182061,0.1771842698856722,0.8998133319058969,0.10018666809410315,1.0533211905253694,1.1782108948223586,0.8940005521542737,0.832852123460114,0.789857619141275,0.05300340326800318,0.7533081974679497,1.8803222809442786,2.28895320462245,7.76892927321203e-10
130,129,0,local_loglinear,38,37,92,2.250153133619715,2.3464444030787095,1.0616031399025796,0.17830485915956618,0.8915849723944883,0.1084150276055117,1.0532832328214372,1.1819409607727465,0.8911470773741579,0.830374751277201,0.7838825368372391,0.05761792279192082,0.751721134389844,1.911101441919073,2.297491439727533,9.455903068259882e-10
130,129,0,local_loglinear,39,38,91,2.214298579061432,2.3093027667180537,1.0492165023414268,0.17949764595141357,0.8832475163890823,0.11675248361091772,1.0532307304289243,1.1857859940239068,0.888213164716879,0.8278956362428158,0.777862489239763,0.06233734374885505,0.7500691928841133,1.942677181681145,2.3064295573038778,7.634772419352635e-10
130,129,0,local_loglinear,40,39,90,2.1777952695506997,2.2714555978377566,1.0365798726825972,0.18076424065066987,0.8748166848732291,0.12518331512677094,1.0531639259228844,1.1897492041400277,0.8851982604889662,0.8254093563550243,0.7717990516148592,0.06715523248834757,0.7483516746491506,1.9750946302941632,2.315777908636622,1.1697807383657795e-11
130,129,0,local_loglinear,41,40,89,2.14071504004441,2.232979124000511,1.0237189866344611,0.18210654182863684,0.8663071399623095,0.13369286003769054,1.0530830160893425,1.1938340128265539,0.8821017032309496,0.822910671805751,0.7656936202447922,0.07206553890145026,0.7465677061660597,2.0084014451161485,2.3255482499372118,5.293022632550788e-11
130,129,0,local_loglinear,42,41,88,2.1031248571648287,2.1939444260601815,1.0106578339055992,0.1835267402503687,0.8577325541666295,0.14226744583337048,1.0529881697717882,1.198044069558471,0.8789227345867653,0.8203945056427151,0.7595474251212644,0.07706256636464859,0.7447162409301009,2.0426480117581223,2.335753784428774,2.1176711455447926e-10
130,129,0,local_loglinear,43,42,87,2.065087170288674,2.1544178044444924,0.9974187811830777,0.1850273272286666,0.8491056880282747,0.15089431197172531,1.0528795194198668,1.2023832518270527,0.87566049994458,0.8178559202495401,0.7533615418404571,0.08214093665647865,0.742796062665443,2.0778876877033947,2.3464092041759494,1.628522802352202e-11
130,129,0,local_loglinear,44,43,86,2.0266602458718865,2.11446112847811,0.98402269104109,0.18661110487852756,0.8404384615456467,0.15956153845435328,1.0527571648312937,1.2068556753832707,0.8723140523799263,0.8152900961258523,0.7471369025826622,0.08729555787648746,0.7408057869435275,2.1141770631586243,2.3575307462429143,1.0486480462401257e-9
130,129,0,local_loglinear,45,44,85,1.9878984857223065,2.074132169344598,0.9704890352667136,0.18828119801134371,0.8317420187038487,0.16825798129615133,1.0526211763404967,1.211465702198988,0.8688823583117827,0.8126923133242132,0.7408743062853536,0.09252159575605237,0.7387438619640502,2.1515762382965655,2.369136259764788,8.004606448951363e-10
130,129,0,local_loglinear,46,45,84,1.9488527300944285,2.0334849187226225,0.9568360005983709,0.19004107039955792,0.8230267975072133,0.1769732024927867,1.0524715886762548,1.216217947696063,0.8653642964815637,0.8100579295724578,0.7345744281273507,0.09781444092823682,0.7366085695303437,2.1901491476803967,2.3812452788446827,1.1470490484383157e-11
130,129,0,local_loglinear,47,46,83,1.9095705418305435,1.9925698862298822,0.9430805934006711,0.1918945402225089,0.8143025803267095,0.18569741967329045,1.0523084154807534,1.2211172946435802,0.8617586697827428,0.8073823670920033,0.7282378282429081,0.10316968706434543,0.7343980230276544,2.2299638763344785,2.3938791201647684,8.12733488383295e-10
130,129,0,local_loglinear,48,47,82,1.8700964784735123,1.9514343864906623,0.9292387339165624,0.19384580156589432,0.8055785575005648,0.19442144249943516,1.0521316357326735,1.2261688944735345,0.8580642034508751,0.8046610924460111,0.721864959981815,0.1085831002360513,0.7321101673828496,2.2710930456547636,2.4070609782155246,1.1080465205101401e-11
130,129,0,local_loglinear,49,48,81,1.8304723458349386,1.9101228062100861,0.9153253462728677,0.19589944742839324,0.7968633801822648,0.20313661981773523,1.0519412005104254,1.231378182736111,0.8542795505545029,0.8018896007385363,0.7154561775115682,0.11405059369420054,0.7297427774499016,2.3136142186793967,2.42081603914283,5.2885771867587344e-11
130,129,0,local_loglinear,50,49,80,1.7907374363060322,1.8686768550098638,0.9013544453030198,0.19806049489071934,0.7881652063424683,0.21183479365753166,1.051737037514424,1.2367508895730346,0.8504032997926662,0.7990634025375554,0.7090117429340617,0.11956820591401665,0.7272934549737711,2.3576103340894683,2.4351716138525434,7.459086534046973e-10
130,129,0,local_loglinear,51,50,79,1.7509287541307545,1.827135803334116,0.8873392159901983,0.20033441463071125,0.7794917489308116,0.22050825106918837,1.051519046522772,1.242293045857409,0.8464339795100695,0.7961780091699133,0.7025318330294603,0.12513207635125678,0.7247596262934094,2.403170195647782,2.4501572792451234,1.2232498289513033e-9
130,129,0,local_loglinear,52,51,78,1.711081225946589,1.7855367048790356,0.8732920886856219,0.2027271639878105,0.7708503206420843,0.22914967935791575,1.0512871008467277,1.248010994945739,0.8423700633281965,0.7932289190657781,0.6960165455989251,0.13073842224836826,0.7221385392191497,2.450389008739788,2.4658050380679533,1.2213696885391214e-9
130,129,0,local_loglinear,53,52,77,1.6712278977226402,1.743914604960021,0.8592248077113268,0.205245224209317,0.7622478768287752,0.23775212317122485,1.0510410460043862,1.2539114031177605,0.8382099751155052,0.7902116044541272,0.689465905465138,0.13638351552470168,0.7194272603296057,2.49936897326238,2.4821494917243347,1.5145150514890184e-11
130,129,0,local_loglinear,54,53,76,1.6314001178621689,1.7023027331583271,0.8451485010021023,0.2078956390883221,0.7536910446927102,0.2463089553072898,1.0507807120468569,1.260001272896753,0.8339521035808986,0.7871215045868678,0.6828798701665721,0.14206366751751587,0.7166226693854407,2.550219901872505,2.499228047859406,7.128704510915422e-11
130,129,0,local_loglinear,55,54,75,1.5916277117741195,1.6607326889366918,0.8310737385266166,0.2106860625976328,0.7451861682554871,0.2548138317445129,1.050505895827923,1.2662879426726843,0.8295948025933801,0.7839540107123245,0.6762583355686866,0.14777520257500443,0.7137214572569061,2.603059955664666,2.5170811264750124,9.84884948594866e-10
130,129,0,local_loglinear,56,55,74,1.5519391413926646,1.6192346098545558,0.8170105917430612,0.2136248079649885,0.736739335674127,0.26326066432587303,1.050216376690044,1.2727791052766277,0.8251364061022894,0.7807044596419743,0.6696011411566947,0.15351444206294543,0.7107201207748312,2.6580164081258917,2.535752406571162,1.1675531883774795e-11
130,129,0,local_loglinear,57,56,73,1.5123616560513964,1.577837331693418,0.8029686854479463,0.21672090470053992,0.7283564140752564,0.2716435859247436,1.049911906998833,1.2794828102147497,0.8205752344751037,0.7773681233976235,0.6629080752950836,0.1592776825153165,0.7076149596768918,2.715226518602475,2.555289084701637,1.1352029872861768e-9
130,129,0,local_loglinear,58,57,72,1.4729214314632868,1.536568535233162,0.7889572495626851,0.219984159802443,0.720043074567695,0.279956925432305,1.0495922213722226,1.2864074758459874,0.8159096095752812,0.7739402038572057,0.6561788803509501,0.16506117937236142,0.7044020716674524,2.7748384710836462,2.57574217297179,1.3488832917980827e-11
130,129,0,local_loglinear,59,58,71,1.4336437002569444,1.4954548843659428,0.7749851665817111,0.22342522601505713,0.711804817233268,0.28819518276673195,1.0492570352170223,1.2935618907435016,0.811137868798794,0.7704158276231853,0.6494132578474989,0.17086112996118136,0.7010773483089139,2.837012416889884,2.597166823332121,8.459580991430362e-10
130,129,0,local_loglinear,60,59,70,1.3945528737257114,1.454522155598066,0.7610610128688475,0.22705567957696707,0.7036470009995639,0.2963529990004361,1.0489060382296502,1.300955215848903,0.80625837496275,0.7667900385356218,0.6426108736645595,0.176673652235545,0.6976364726918871,2.9019216530076535,2.6196226755292233,1.1386679871283425e-9
130,129,0,local_loglinear,61,60,69,1.3556726527684768,1.4137953551275066,0.7471931006022742,0.23088810316952393,0.6955748607033562,0.30442513929664383,1.0485389070779985,1.3085969930974266,0.8012695372286657,0.7630577972748411,0.6357713632287998,0.18249477151927973,0.6940749153470498,2.969753886006098,2.6431742557491384,1.1570647646249435e-9
130,129,0,local_loglinear,62,61,68,1.3170261319666012,1.3732988290955632,0.733389516128628,0.2349361790567151,0.6875935270268407,0.31240647297315927,1.0481553023781853,1.3164971391429598,0.7961698291729937,0.7592139801340516,0.6288943369084039,0.18832040467082928,0.6903879314104261,3.040712647937658,2.6678914118666,9.611283268722297e-10
130,129,0,local_loglinear,63,62,67,1.278635895670104,1.33305636601233,0.719658152078926,0.2392147943230393,0.679708050659509,0.320291949340491,1.0477548627291193,1.3246659399731264,0.7909578038598737,0.7552533761986964,0.6219793855883919,0.19414634051379098,0.686570560302299,3.115018891140168,2.69384978184518,2.102162479498566e-10
130,129,0,local_loglinear,64,63,66,1.240524104166744,1.2930912877956557,0.7060067406793819,0.24374015429884477,0.6719234145800853,0.3280765854199147,1.0473372180226002,1.3331140511979314,0.7856321198336083,0.751170691749761,0.6150260863831449,0.19996822810023185,0.6826176240109435,3.1929127165046696,2.7211313274564453,1.2378938292620498e-11
130,129,0,local_loglinear,65,64,65,1.2027125733294894,1.2534265342470097,0.6924428835524907,0.24852990902387984,0.6642445476254543,0.33575545237454574,1.046901988228929,1.3418524812296169,0.7801915656701639,0.7469605551967304,0.6080340086865421,0.20578156370889134,0.6785237273102155,3.27465530304713,2.74982491844056,8.382093872211066e-10
130,129,0,local_loglinear,66,65,64,1.165222846804553,1.214084740100479,0.6789740766762152,0.253603294923011,0.6566763405982343,0.3433236594017657,1.0464487803642506,1.3508925728295629,0.7746350830639123,0.742617521918084,0.6010027205607991,0.21158167558123925,0.6742832606891909,3.3605310713260046,2.7800269688668906,1.0675174351107033e-9
130,129,0,local_loglinear,67,66,63,1.1280762592665443,1.1750883019579055,0.6656077365641851,0.2589812889702292,0.649223652625698,0.35077634737430197,1.0459772012790176,1.360245985601659,0.7689617998147333,0.7381360859321672,0.5939317954459555,0.2173637155947855,0.669890402790729,3.450850051836971,2.8118421568125593,1.0776709979940178e-11
130,129,0,local_loglinear,68,67,62,1.0912939932353125,1.1364594395271037,0.6523512182770664,0.2646867836326988,0.6418913268158646,0.3581086731841354,1.045486846411244,1.369924659832731,0.7631710539022626,0.733510688190046,0.586820819353074,0.22312264386020042,0.6653391282388846,3.545950573786401,2.8453841953508734,6.854677354766835e-11
130,129,0,local_loglinear,69,68,61,1.0548971258144584,1.0982202451406384,0.6392118363987986,0.27074477578024714,0.6346841906663614,0.3653158093336386,1.0449773199655938,1.3799407904486614,0.7572624327061449,0.7287357351673494,0.5796693984197623,0.2288532247860891,0.6606232144080719,3.6462021929355943,2.8807767116052903,3.6168756241816725e-10
130,129,0,local_loglinear,70,69,60,1.0189066690024737,1.0603927274236868,0.6261968795212987,0.2771825795668189,0.6276070641154234,0.37239293588457656,1.044448226979711,1.3903067728784286,0.7512358044673353,0.7238056154486192,0.5724771670644813,0.2345500176109706,0.6557362535573324,3.752009001316529,2.918154199719617,7.1372912280640136e-12
130,129,0,local_loglinear,71,70,59,0.9833436005141958,1.022998844649941,0.6133136240349378,0.2840300605559665,0.6206647608919315,0.37933523910806854,1.043899183894647,1.401035153393574,0.745091357176959,0.7187147223367691,0.5652437966353998,0.2402073723932847,0.6506716668304366,3.863813293176077,2.957663086349035,5.19586492748165e-11
130,129,0,local_loglinear,72,71,58,0.9482288861655321,0.9860605295891063,0.6005693428830066,0.29131989580667556,0.6138620895969397,0.38613791040306034,1.0433298198048355,1.4121385615965696,0.7388296362541382,0.7134574791515619,0.5579690046530192,0.2458194267773285,0.6454227232889486,3.982099664754367,2.9994628996403834,1.3827583286335478e-10
130,129,0,local_loglinear,73,72,57,0.9135834926470344,0.9495997041714348,0.5879713130062875,0.29908786131086074,0.6072038509882399,0.3927961490117601,1.042739784920257,1.4236296366828052,0.7324515857578954,0.7080283693421955,0.5506525646448048,0.2513801064969583,0.6399825621034417,4.107399581809402,3.043727572181942,3.8980741482949557e-10
130,129,0,local_loglinear,74,73,56,0.8794283908550582,0.9136382844810562,0.575526818578652,0.30737315044234625,0.6006948335234717,0.39930516647652825,1.0421287548823797,1.4355209368213082,0.7259585897715838,0.7024219704103348,0.5432943166114212,0.25688312825310805,0.6343442201082399,4.240296484684813,3.09064687886286,7.530238410346562e-12
130,129,0,local_loglinear,75,74,55,0.8457845489956692,0.878198175041581,0.5632431521802492,0.316218726065373,0.5943398057981923,0.40566019420180766,1.0414964389536332,1.447824837407609,0.7193525156112642,0.6966329925022386,0.5358941781237048,0.2623220062958592,0.6285006638100732,4.381431489541347,3.140428036725154,5.932841447300075e-11
130,129,0,local_loglinear,76,75,54,0.8126729153798137,0.84330125264881,0.5511276100886573,0.3256717100520204,0.588143506810455,0.411856493189545,1.0408425840385123,1.4605534119637122,0.7126357554011672,0.6906563211886303,0.5284521560557138,0.26769006221644187,0.6224448286251358,4.531509766197613,3.1932974653853097,1.1631369390511314e-10
130,129,0,local_loglinear,77,76,53,0.7801143899813923,0.8089693383892138,0.5391874862997196,0.33578381343117003,0.5821106328455173,0.41788936715448266,1.0401669849347477,1.4737183028693497,0.7058112686186555,0.6844870650975297,0.5209683589312286,0.2729804391961731,0.6161696628855783,4.691307669034525,3.2495027520766944,4.0331632152131585e-10
130,129,0,local_loglinear,78,77,52,0.7481297848671166,0.7752241583030135,0.5274300612694343,0.3466118111947625,0.5762458216478651,0.4237541783521349,1.039469490237716,1.4873305713222118,0.6988826225185737,0.6781206079322137,0.5134430098606013,0.27818612043479723,0.6096681795151382,4.861680719676162,3.309314822639753,7.620967356924086e-12
130,129,0,local_loglinear,79,78,51,0.7167397729002064,0.7420872918238413,0.5158625884034568,0.35821806570440473,0.5705536334705028,0.4294463665294972,1.038750012116419,1.5014005344098855,0.6918540311594414,0.6715526649237946,0.5058764600165049,0.283299952352023,0.6029335137839937,5.0435725452736335,3.373030360337031,6.879231052906613e-11
130,129,0,local_loglinear,80,79,50,0.6859648248245285,0.7095801084574869,0.5044922740849159,0.3706711029879488,0.5650385293969845,0.4349614706030155,1.0380085314003453,1.5159375827784995,0.6847303894252837,0.6647793432071099,0.49826920258162244,0.2883146724633293,0.5959589901285649,5.2380248955588415,3.440974475362955,9.243419248527685e-10
130,129,0,local_loglinear,81,80,49,0.6558251342587086,0.6777236918587968,0.49332625567315486,0.38404624636330054,0.5597048468505881,0.4402951531494119,1.0372451076336233,1.5309499884973508,0.6775173032606338,0.6577972057672123,0.49062188707337995,0.2932229422024517,0.588738195338791,5.446188874091061,3.5135036819661956,1.2066050513120173e-9
130,129,0,local_loglinear,82,81,48,0.626340530967628,0.6465387516525887,0.4823715765667242,0.3984263091913442,0.5545567690008418,0.44544323099915817,1.036459891380211,1.5464446948547794,0.670221117398279,0.6506033403378573,0.4829353339281238,0.29801738778559017,0.5812650587685559,5.669337504941313,3.591009213768126,7.53240849151742e-12
130,129,0,local_loglinear,83,82,47,0.5975303831833914,0.6160455246567778,0.4716351529122177,0.4139023583314078,0.5495982994983899,0.4504017005016101,1.035653118465662,1.562427087599029,0.662848926958341,0.6431954260300302,0.47521054924272366,0.30269063918086797,0.5735339432881665,5.908879910887231,3.6739206758091365,7.807489638664111e-11
130,129,0,local_loglinear,84,83,46,0.5694134881399685,0.5862636631225703,0.46112374208227697,0.4305745398668226,0.5448332236662875,0.4551667763337125,1.034825134764582,1.5789007752749151,0.6554085924648433,0.6355718077011261,0.46744873940393894,0.3072353838852901,0.5655397395339063,6.1663771260008575,3.7627101488323684,8.919045679198127e-10
130,129,0,local_loglinear,85,84,45,0.542007953473951,0.557212114238685,0.4508439038731773,0.44855298263603227,0.5402650758737613,0.45973492412623873,1.0339763892379603,1.5958673381023305,0.6479087356142503,0.627731565898818,0.459651325545398,0.31164441813194904,0.5572779697749172,6.4435599394938725,3.8578967239285267,1.0436995283424105e-9
130,129,0,local_loglinear,86,85,44,0.5153310692520792,0.5289089895169076,0.44080196177975367,0.4679587722437914,0.5358970988139626,0.46410290118603736,1.0331074497562367,1.6133260924143742,0.6403587313276333,0.619674589443989,0.4518199575041625,0.31591070814437383,0.5487448952515128,6.742348882530734,3.9600515783372967,5.4406519342241464e-12
130,129,0,local_loglinear,87,86,43,0.4893991729868029,0.5013714275876434,0.431003957217168,0.4889250064638743,0.5317322084799719,0.46826779152002806,1.0322189944554012,1.631273842402469,0.6327686790681287,0.611401641653563,0.4439565271016833,0.3200274488206234,0.5399376313895335,7.064876781832993,4.069803590500795,9.93984665460123e-10
130,129,0,local_loglinear,88,87,42,0.4642275083965359,0.4746154498025579,0.42145560685270356,0.5115979179282739,0.5277729483126624,0.4722270516873376,1.031311831859359,1.6497046594993827,0.6251493719926327,0.6029144283074883,0.4360631803940893,0.3239881347077157,0.5308542622684023,7.413514010237494,4.187845646737175,8.414566396375456e-10
130,129,0,local_loglinear,89,88,41,0.43983008125016154,0.4486558135247909,0.41216225427676684,0.5361380768913242,0.5240214531564811,0.4759785468435189,1.0303868861761978,1.668609651208236,0.6175122416618514,0.5942156543956768,0.42814232871375246,0.3277866239873609,0.521493959627824,7.790897028474611,4.314941633253019,1.222804521585982e-9
130,129,0,local_loglinear,90,89,40,0.4162195135618072,0.42350586300644244,0.4031288251557438,0.5627216488104002,0.5204794020856953,0.4795205979143047,1.029445215076437,1.687976774923818,0.6098693005553338,0.585309080045884,0.4201966580836106,0.33141721444445504,0.5118570977221254,8.19996036463564,4.451934283317012,5.1890024981580485e-12
130,129,0,local_loglinear,91,90,39,0.39340689986923344,0.3991773831688413,0.3943597777960136,0.5915417176898008,0.5171479851103684,0.4828520148896316,1.0284879877633468,1.7077906557123157,0.6022330572679979,0.5761995603410693,0.41222913681772977,0.3348747075423777,0.5019453684250862,8.643972813972228,4.5997538886557,1.2636886565753608e-9
130,129,0,local_loglinear,92,91,38,0.37140166734326463,0.37568045644730913,0.38585905990101443,0.6228096337647048,0.5140278587059097,0.4859721412940903,1.0275165027132769,1.7280324705162724,0.5946164324136183,0.5668930816712338,0.40424302086141983,0.3381544835692991,0.49176188601389637,9.126578037256634,4.759428095060681,1.1240740156078858e-10
130,129,0,local_loglinear,93,92,37,0.35021144387786496,0.35302332844332396,0.37763006333584975,0.6567563852799684,0.5111191154775668,0.48888088452243317,1.0265321643569851,1.7486798460526518,0.5870326501870582,0.5573967795243877,0.39624185670751133,0.341252563272486,0.48131128586212935,9.651840506983344,4.932092809556013,3.1779238077949692e-12
130,129,0,local_loglinear,94,93,36,0.3298419363907715,0.3312122834169538,0.36967558526001315,0.693633938761689,0.508421247794474,0.49157875220552605,1.0255364915048777,1.76970683480704,0.5794951295516113,0.5477189478005942,0.3882294814927284,0.34416567447516766,0.470599807932136,10.224297168702243,5.119004453070288,8.361302452548615e-10
130,129,0,local_loglinear,95,94,35,0.31029682310882956,0.31025153436928005,0.3619977913043475,0.7337165190381365,0.5059331220444507,0.49406687795554927,1.0245310992209133,1.7910839263366491,0.5720173600778238,0.537869029869925,0.38021002012094685,0.3468913070468439,0.45963536619502177,10.84901583667975,5.321553659716187,2.682853357793748e-12
130,129,0,local_loglinear,96,95,34,0.2915776623264283,0.290143129817832,0.3545981841968832,0.7773017631179205,0.5036529578047431,0.49634704219525694,1.0235176901946312,1.8127781346802014,0.5646127734077031,0.5278575940843383,0.37218787914486706,0.3494277609125912,0.4484275987184082,11.531661116775458,5.541280643353597,1.2885394404867254e-9
130,129,0,local_loglinear,97,96,33,0.27368382049687184,0.27088688012837253,0.34747757880832625,0.8247116662062989,0.5015783102570684,0.49842168974293155,1.022498047764733,1.834753148500116,0.5572946140469143,0.5176962944983,0.36416773725678275,0.3517741881258394,0.43698789550274486,12.278568801044281,5.779892449435697,8.987925348055758e-10
130,129,0,local_loglinear,98,97,32,0.2566124221951368,0.25248030601616045,0.3406360847037531,0.8762932249443416,0.4997060600136786,0.5002939399863213,1.0214740246927545,1.8569695401276693,0.550075810410184,0.5073978148410588,0.3561545323192328,0.35393062436025213,0.4253294014091244,13.09682993047188,6.039282343230608,9.166501544638169e-10
130,129,0,local_loglinear,99,98,31,0.24035832371601926,0.23491861147541934,0.3340730927927378,0.9324186636991308,0.49803241557389727,0.5019675844261027,1.0204475199268448,1.8793850335815312,0.5429688444321518,0.4969757938017532,0.34815344490215316,0.3558980040675951,0.4134669950797067,13.994385953467026,6.321551547089802,1.3564644313704255e-9
130,129,0,local_loglinear,100,99,30,0.22491411162776506,0.21819468156259778,0.32778727316825973,0.9934850732674456,0.4965529170430947,0.5034470829569053,1.0194204785424965,1.9019548475989678,0.5359856359520917,0.48644473845623054,0.3401698783346223,0.3576781701649211,0.401417237329116,14.980136186478253,6.629033751023188,3.047257736982017e-12
130,129,0,local_loglinear,101,100,29,0.21027012727911032,0.20229910685876246,0.32177657853160346,1.0599132970538625,0.4952624530585269,0.5047375469414731,1.0183948690527116,1.9246320651810176,0.529137432279519,0.4758199212026288,0.33220943545301984,0.35927386614550794,0.3891982930073837,16.06405953427459,6.964322656008803,1.0657987306754336e-9
130,129,0,local_loglinear,102,101,28,0.19641451730364926,0.18722023401209495,0.3160382575732366,1.1321458288456265,0.49415528108900814,0.5058447189109918,1.0173726787485915,1.9473680567668858,0.5224347165464358,0.4651172668135075,0.324277892212569,0.3606887202905352,0.3768298231429127,17.25735212971749,7.330303037007795,9.683479005079375e-10
130,129,0,local_loglinear,103,102,27,0.18333330961261754,0.1729442424425462,0.310568873994221,1.2106434909835522,0.49322506213997275,0.5067749378600273,1.016355889803752,1.970112915082368,0.5158871260743242,0.45435322628208175,0.31638116848147746,0.36192721094158464,0.3643328516444885,18.572583400508066,7.730185705146833,1.733501206796692e-12
130,129,0,local_loglinear,104,103,26,0.1710105136256651,0.15945524538497297,0.3053643342479251,1.2958805842319114,0.49246489846005803,0.507535101539942,1.0153464735640467,1.9928159209338152,0.5095033931123275,0.4435446451836391,0.3085252963287187,0.3629946244528828,0.3517296057678647,20.023872733934873,8.16754696517887,4.861399378196119e-11
130,129,0,local_loglinear,105,104,25,0.1594282430719265,0.14673541377972948,0.3004199223147277,1.3883382045696657,0.4918673794314992,0.5081326205685008,1.0143463765014062,2.0154259990135808,0.50329130268135,0.43270862636636687,0.3007163862588548,0.3638970009482434,0.3390433341444345,21.627089726520992,8.646373143537739,1.3148653235235068e-10
130,129,0,local_loglinear,106,105,24,0.14856685890701626,0.1347651206500575,0.2957303396147646,1.48849540017118,0.4914246357799432,0.5085753642200568,1.0133575032105597,2.037892164879946,0.4972576668551339,0.4218623893783674,0.2929605918577647,0.364641068143819,0.326298106674773,23.400081306506475,9.171110834280448,2.09451492955269e-10
130,129,0,local_loglinear,107,106,23,0.13840512955367304,0.12352310293611496,0.29128975060777407,1.5968178353110287,0.4911283985996415,0.5088716014003585,1.0123817046916146,2.060163961250187,0.4914083168784596,0.4110231305944717,0.28526407335045856,0.365234167307081,0.31351859933249027,25.362929328998515,9.746723666477887,1.2485753711940171e-9
130,129,0,local_loglinear,108,107,22,0.12892040530050905,0.11298663768483438,0.2870918323496608,1.7137436694328883,0.49097006320993236,0.5090299367900677,1.011420763982017,2.082191868004132,0.48574810973184046,0.40020788624748205,0.2776329606146256,0.36568417193445535,0.30072986904076593,27.53824288545029,10.378756446263623,1.4698084700426572e-12
130,129,0,local_loglinear,109,108,21,0.12008880337041888,0.1031317292041406,0.2831298261284433,1.83966644972675,0.49094076121864955,0.5090592387813504,1.0104763753863064,2.103927687606267,0.4802809437504816,0.3894333990971883,0.2700733161972083,0.36599939631681155,0.28795712396775186,29.95149040109045,11.07340763182333,8.22942022297992e-10
130,129,0,local_loglinear,110,109,20,0.11188540018669457,0.09393330345193374,0.279396591392087,1.97491489735259,0.4910314302776875,0.5089685697223125,1.009550136350288,2.1253249156119867,0.4750097874138874,0.3787159949405787,0.26259109885620735,0.3661885053699613,0.27522549319431716,32.631376569155236,11.83761130075404,8.248449143269625e-13
130,129,0,local_loglinear,111,110,19,0.10428442715325907,0.08536540642248557,0.27588465808912044,2.1197297542553617,0.4912328958716422,0.5087671041283578,1.0086435176934812,2.1463390783221894,0.4699367065906222,0.3680714647455631,0.2551921281787297,0.3662604116928996,0.2625598024051126,35.61027134030261,12.679129763936993,3.397883034207581e-11
130,129,0,local_loglinear,112,111,18,0.0972594665403954,0.07740140281200741,0.2725862780241447,2.274238038108002,0.4915359519383549,0.5084640480616451,1.007757850977839,2.166928074621451,0.46506289838618114,0.35751495914774856,0.2478820507209371,0.3662241739297567,0.24998435869577282,38.924697704512795,13.606658297593116,9.084474486225065e-11
130,129,0,local_loglinear,113,112,17,0.09078364401762151,0.07001417205176826,0.26949347071519786,2.438425509097844,0.4919314519587249,0.5080685480412751,1.0068942967989654,2.187052499185143,0.46038871822881083,0.3470608919017588,0.24066630813461803,0.36608888505851556,0.23752275063347406,42.615887644479,14.629943411973654,1.514745312355685e-10
130,129,0,local_loglinear,114,113,16,0.08482981470873521,0.06317629869874689,0.26659806207096465,2.6121085474364056,0.4924104090625195,0.5075895909374806,1.006053814262112,2.2066759846022332,0.45591370064393905,0.3367228540279725,0.23355010764042394,0.36586355255833003,0.22519766688916493,46.73041647198549,15.759916326912027,8.132391417454142e-10
130,129,0,local_loglinear,115,114,15,0.07937073974142402,0.056860254775235305,0.26389171109772985,2.7949071854964584,0.4929641129366118,0.5070358870633882,1.0052371162932294,2.225765567598689,0.45163656538084973,0.32651353690617835,0.2265383951632829,0.36555696289241,0.2130307378661573,51.32092839980222,17.00884328780624,5.157956262170252e-13
130,129,0,local_loglinear,116,115,14,0.07437925032973892,0.05103857205085124,0.26136591787720426,2.986221612676915,0.4935842774874954,0.5064157225125046,1.0044446013175488,2.2442921149606327,0.4475551977489204,0.31644466089758727,0.21963583136357862,0.36517751638568163,0.20104240454320277,56.4469696834128,18.390494250748716,2.947364177651781e-11
130,129,0,local_loglinear,117,116,13,0.06982839644156431,0.04568400268486147,0.25901200353962056,3.1852149816593367,0.49426323220204027,0.5057367677979597,1.0036762584339336,2.262230867298686,0.44366659165623373,0.3065269071969348,0.21284677070684765,0.3647330196197551,0.18925181853467507,62.175949687151046,19.92033113944602,7.858464280587389e-11
130,129,0,local_loglinear,118,117,12,0.06569157658428547,0.04076966731157309,0.25682104578474013,3.390805944287283,0.4949941963813298,0.5050058036186702,1.0029315058434358,2.27956217693607,0.43996672518556307,0.2967698433396699,0.20617524364514417,0.36423039567433535,0.17767677915223407,68.58425923687611,21.615715877047748,1.1666613330807058e-10
130,129,0,local_loglinear,119,118,11,0.06194264441363494,0.03626919011149884,0.2547837454362207,3.601674728102151,0.49577168216979295,0.504228317830207,1.0022089421298608,2.296272602095416,0.4364503331247849,0.2871818334478073,0.19962494185926682,0.36367526587626164,0.1663337143161513,75.75858687230024,23.496136575416234,1.7741893489373532e-10
130,129,0,local_loglinear,120,119,10,0.058555986067552544,0.03215682114939864,0.2528901839800744,3.8162870233952138,0.49659211060380376,0.5034078893961962,1.0015059434122364,2.312356589756255,0.4331105106577896,0.2777699164078716,0.1931992064192805,0.3630713179786098,0.15523771574281242,83.79749518585892,25.58344653746724,2.7417606935088676e-10
130,129,0,local_loglinear,121,120,9,0.05550655904923699,0.0284075469929348,0.2511294086848474,4.032940457075432,0.4974547724949206,0.5025452275050795,1.0008180172092829,2.327819144285369,0.42993804723456297,0.2685396277125604,0.18690101858859343,0.3624193279458494,0.1444026437433358,92.81335506727065,27.90210384713005,4.279210854163758e-10
130,129,0,local_loglinear,122,121,8,0.05276987822533758,0.02499719157940353,0.2494887439843252,4.2498393525385705,0.49836334469046195,0.501636655309538,1.0001377672868736,2.342680114419938,0.42692032989510986,0.2594947284988736,0.1807329928468389,0.36171562385149847,0.1338413251921621,102.93479787527339,30.47938660102936,6.715455392844607e-10
130,129,0,local_loglinear,123,122,7,0.05032192586611566,0.02190251052155527,0.24795266792228862,4.465205369879764,0.49932829688904673,0.5006717031109533,0.999453241117531,2.3569811135896055,0.42403956287770006,0.25063678716416665,0.17469737151874615,0.36094965669253565,0.12356588085559488,114.30995464208176,33.34553574350442,1.056402613806351e-9
130,129,0,local_loglinear,124,123,6,0.04813894861193002,0.019101283720452666,0.24650099743710194,4.677435446023554,0.5003707212705508,0.4996292787294492,0.9987453028308372,2.370796692394121,0.4212699072995019,0.24196453210756275,0.16879602015186562,0.360100149291964,0.11358823793591374,127.11094388270581,36.53373580249387,1.6623560550496928e-9
130,129,0,local_loglinear,125,124,5,0.046197081657027884,0.016572413540797602,0.24510597591034952,4.88532575715198,0.5015284287207369,0.4984715712792631,0.9979834779895633,2.3842523378426708,0.4185729262585364,0.23347285494797537,0.16303042246044397,0.3591289931984538,0.10392091437015528,141.54041054517506,40.07976901593497,2.6130585356758904e-9
130,129,0,local_loglinear,126,125,4,0.04447170432960535,0.014296039314491962,0.24372761883909122,5.088393725085088,0.5028656472324515,0.49713435276754847,0.9971194231433331,2.39755338351705,0.415890394765945,0.22515128770625015,0.1574016732134902,0.35797159980329996,0.09457821005294602,157.84152421454417,44.021044372798634,4.099024411009482e-9
130,129,0,local_loglinear,127,126,3,0.04293637384883477,0.012253684238571597,0.2423062987504718,5.287353697694451,0.5044884334116175,0.49551156658838247,0.9960767524070543,2.411031293759794,0.4131330667441313,0.21698170125681845,0.1519104668554916,0.3565217105271403,0.08557801931215046,176.31392210027627,48.394463462724644,6.411990631526794e-9
130,129,0,local_loglinear,128,127,2,0.041561093354669655,0.010428458944206598,0.24075096069451438,5.4848438569075935,0.5065691279393841,0.49343087206061587,0.9947353946380395,2.425217522581644,0.41016337106914175,0.20893487708188485,0.14655707887909958,0.3546076410016725,0.07694461298158951,197.34000165193856,53.23215635658238,9.995128176060572e-9
130,129,0,local_loglinear,129,128,1,0.040309528250141405,0.008805359096518375,0.23892043523902312,5.686578435695423,0.5093850980006879,0.4906149019993121,0.9929080323917813,2.4409609934608922,0.4067693154670188,0.20096550753431425,0.14134133603230492,0.35195550119556196,0.06871297737019279,221.42938966529897,58.55335308151718,1.5514042202119302e-8
130,129,0,local_loglinear,130,129,0,0.03913456576181221,0.007371715926591013,0.23659388013068572,5.903246579793191,0.5133799810780213,0.4866200189219787,0.9903058222526211,2.459614317674724,0.4026264667335482,0.19300514356300735,0.1362625704766003,0.34813314946895124,0.06093575077551165,249.29551589568598,64.34927954307682,1.0784257953032795e-6
135,134,0,local_loglinear,1,0,134,1.8901678313037162,1.9403612229421892,0.906495185575314,0.20859957981904168,0.8761960342164987,0.12380396578350128,,,,0.9967870194975489,0.9337836851161863,0.0652923148876943,0.7454800772873249,1.0599016809375605,2.331535287067304,1.4385464361577594e-11
135,134,0,local_loglinear,2,1,133,1.975646808183075,2.0298378997365614,0.9377968877670639,0.20320507284525097,0.8921365634962873,0.10786343650371266,1.0398130356575166,1.109641184299132,0.9370714158507734,0.9878698857804787,0.9336475050616719,0.056452031101244,0.7493925019821268,1.0775853119138288,2.310105976853435,8.704611592333116e-10
135,134,0,local_loglinear,3,2,132,2.0568655473342874,2.115032983101668,0.9675963367839989,0.19846672526247533,0.907154154410322,0.09284584558967801,1.0408510000703133,1.1098776538759065,0.9378069703768349,0.9792619875951668,0.9331339948481145,0.04825040634362443,0.7528321553153103,1.095752628014387,2.2915092581587935,1.510138936482579e-11
135,134,0,local_loglinear,4,3,131,2.1334270501436787,2.1955205927312305,0.9957507620826066,0.1943005459390854,0.9211689790313984,0.07883102096860162,1.0418324245073733,1.1102221713612235,0.9383999449677728,0.970986254084108,0.9322574166490485,0.04070333706688293,0.755845845984557,1.1143363102595618,2.275399485057946,6.804612867019944e-11
135,134,0,local_loglinear,5,4,130,2.2050203127968544,2.2709619270357666,1.022147274181834,0.19063514651171637,0.9341208230918643,0.06587917690813572,1.042758876924645,1.1106782356557465,0.938848753355645,0.9630567041350837,0.9310332686021787,0.033817281958049165,0.758475812843969,1.1332791342463269,2.261479328613506,1.102014068821173e-9
135,134,0,local_loglinear,6,5,129,2.2714163800182234,2.3411019551352608,1.0467017062869575,0.18740970361341763,0.9459677123597272,0.05403228764027279,1.0436320559352623,1.1112472351202805,0.939153793100147,0.9554799258220061,0.9294778538154913,0.027590773411079135,0.7607599601063894,1.1525333081461338,2.2494929484413464,1.8515267363542256e-11
135,134,0,local_loglinear,7,6,128,2.3324626695661284,2.40576425502939,1.0693568037167978,0.18457226465414503,0.9566842603179402,0.04331573968205982,1.0444537569305032,1.1119290875239092,0.939316876093544,0.9482564355401442,0.9276079161920683,0.02201582789785942,0.762732154125845,1.172059722776271,2.2392200828674595,9.008339591858506e-10
135,134,0,local_loglinear,8,7,127,2.3880761210335546,2.464844544843354,1.0900799484565769,0.18207834248871443,0.9662598707881517,0.033740129211848324,1.0452258313166438,1.1127227176081878,0.9393407852437583,0.9413818840049846,0.9254403390280612,0.017079218674762718,0.764422554182782,1.1918271803011482,2.2304709433821452,4.736811134280673e-10
135,134,0,local_loglinear,9,8,126,2.438235642771009,2.5183033796370458,1.108860599524741,0.1798897466341622,0.9746968711388009,0.02530312886119912,1.045950166587269,1.113626422254604,0.9392289422063816,0.9348481110430179,0.9229919003958746,0.012763608848296373,0.7658579509667104,1.2118116163555621,2.22308183979617,9.82698497464882e-10
135,134,0,local_loglinear,10,9,125,2.4829742625993108,2.566158428400635,1.1257075966836925,0.1779736103981056,0.9820086534230518,0.01799134657694823,1.0466286683639079,1.114638136468152,0.9389851595067982,0.9286440507850507,0.9202790789937363,0.009048541532943391,0.7670620980908742,1.2319953418364027,2.216911442536716,8.171120551540273e-10
135,134,0,local_loglinear,11,10,124,2.5223713072712655,2.6084766722567694,1.1406464410118238,0.17630158230116152,0.9882178947177187,0.011782105282281297,1.0472632347924655,1.1157556240179916,0.9386134492615189,0.92275648989854,0.9173179039241663,0.00591128470616345,0.7680560293319746,1.2523663369644416,2.211837585599746,1.4857210857681834e-11
135,134,0,local_loglinear,12,11,123,2.5565448494756944,2.645366776455414,1.1537166545553694,0.17484914902874643,0.9933548697436663,0.006645130256333731,1.0478557534575925,1.1169766209560903,0.9381178923518266,0.9171707047700384,0.9141238417978976,0.003327554040114075,0.768858351284202,1.2729175783194957,2.2077545575825566,1.1040160197100243e-9
135,134,0,local_loglinear,13,12,122,2.5856446089826073,2.676971845938852,1.1649692755951357,0.17359507216184408,0.9974559166249307,0.0025440833750692837,1.048408076071815,1.1182989263232292,0.9375025329933894,0.9118709764315017,0.9107117155368505,0.0012721080432639004,0.7694855139240172,1.293646441890437,2.2045707855968826,1.957956940282605e-11
135,134,0,local_loglinear,14,13,121,2.6098454157663498,2.703462687754256,1.1744645411323025,0.17252091593796404,1.0005620479655717,0.0005620479655716881,1.048922011306951,1.1197204733933073,0.9367713069746757,0.906841008794521,0.9070956491661575,0.0002807599396502103,0.7699520546989983,1.3145541604313906,2.2022068705566933,6.193810256415276e-11
135,134,0,local_loglinear,15,14,120,2.629341305855575,2.725031667817535,1.1822697874690613,0.17161064973602672,1.0027177108347736,0.002717710834773568,1.0493993215810349,1.1212393751783623,0.9359279961195625,0.9020642655424191,0.9032890339496686,0.0013568187406748228,0.7702708160277864,1.3356453309892908,2.2005939247571367,1.026515574623986e-9
135,134,0,local_loglinear,16,15,119,2.644340284362755,2.741887214298123,1.1884575760909968,0.1708503152227788,1.0039697136437091,0.003969713643709127,1.0498417084178964,1.12285394742309,0.9349761924311223,0.8975242304773982,0.8993045118863858,0.001981582272769636,0.7704531403174638,1.356927491946181,2.199672152668884,7.950726364087276e-10
135,134,0,local_loglinear,17,16,118,2.6550597499283173,2.7542489736997076,1.193104047597907,0.17022774649606104,1.0043663067615396,0.004366306761539596,1.0502508042481102,1.124562726225206,0.9339192734703764,0.8932046064765542,0.895153972838201,0.0021800629429163942,0.7705090432221112,1.378410759540518,2.199389641843424,1.4209353474072677e-11
135,134,0,local_loglinear,18,17,117,2.661722555700096,2.7623436023101253,1.1962875063976661,0.16973233127260348,1.003956387955221,0.003956387955220908,1.050628180021099,1.1263644801498145,0.9327603973106094,0.8890894721468103,0.8908485622453577,0.0019765751810077725,0.7704473638812729,1.4001074959953042,2.199701347559969,1.049328978890423e-9
135,134,0,local_loglinear,19,18,116,2.6645536794648517,2.766401178973804,1.1980872119169879,0.16935481150790974,1.002788858085505,0.002788858085505108,1.0509753282152554,1.1282582047793117,0.9315024909753057,0.8851633889914383,0.8863986972229212,0.0013945979554524507,0.7702758997085627,1.422032048682287,2.2005682154749175,7.649084206865124e-10
135,134,0,local_loglinear,20,19,115,2.663777445037193,2.7666521830889885,1.198582368218447,0.1690871134204569,1.0009120866130192,0.0009120866130192251,1.0512936662669305,1.1302431264125454,0.9301482501413613,0.8814114789490859,0.8818140886136578,0.00045667403986834887,0.7700015236259673,1.4442005242610987,2.2019564394697015,1.047951502761669e-9
135,134,0,local_loglinear,21,20,114,2.659615246640195,2.7633249945844267,1.1978512935215324,0.16892220301842378,0.9983734814307783,0.001626518569221691,1.0515845362735723,1.1323186988020797,0.9287001419177137,0.8778194755443719,0.877103767438175,0.0008156574924159388,0.7696302864499942,1.4666306018186606,2.2038368306738323,1.0902539900675643e-9
135,134,0,local_loglinear,22,21,113,2.652283722104379,2.7566438631784362,1.195970753215495,0.16885396191588453,0.9952191435607408,0.004780856439259185,1.0518492100255692,1.134484597488567,0.9271604148298448,0.8743737570248927,0.8722761143712745,0.0024019051516135093,0.7691675054062447,1.489341371824599,2.206184284805382,7.592414284667339e-10
135,134,0,local_loglinear,23,22,112,2.6419933257887647,2.7468273035299453,1.1930154257648782,0.16887708520628725,0.9914936266526031,0.0085063733473969,1.0520888720754458,1.1367407086517483,0.9255310943542214,0.8710613519556273,0.867338891258346,0.004282634452300066,0.7686178448683191,1.5123532399290702,2.208977310830729,1.3170892727522658e-11
135,134,0,local_loglinear,24,23,111,2.6289472351793273,2.734086841819037,1.1890575027794235,0.16898698971775178,0.9872397319994688,0.012760268000531205,1.0523046442990145,1.1390871345151017,0.9238140019437322,0.8678699460454498,0.8622992733673052,0.006439476399746652,0.7679853823061236,1.5356878171894068,2.2121976518161057,9.814481339123318e-10
135,134,0,local_loglinear,25,24,110,2.6133405607455122,2.7186260914390945,1.1841663878682869,0.16917973917672405,0.9824983876597321,0.017501612340267925,1.0524975692732752,1.1415241769464215,0.9220107559076912,0.8647878677825797,0.8571638822394128,0.008855109164674496,0.7672736692618678,1.5593678698672764,2.215829944605707,1.1527821532430709e-9
135,134,0,local_loglinear,26,25,109,2.595359800751789,2.7006400928610983,1.1784084881026573,0.16945197910510915,0.9773085660605164,0.022691433939483585,1.052668619246076,1.1440523384582986,0.9201227809775123,0.8618040708453701,0.8519388181651719,0.011513234239403647,0.766485783306228,1.5834172802192605,2.2198614360741296,1.1267632884180743e-9
135,134,0,local_loglinear,27,26,108,2.5751825058919025,2.680314882902008,1.1718470810125532,0.16980088171277719,0.9717072446039202,0.028292755396079783,1.0528186966291293,1.1466723177972258,0.9181513151478264,0.8589081097541544,0.8466296920460488,0.014398543172180228,0.7656243735741461,1.6078610325862688,2.224281740661781,1.0913031887169187e-9
135,134,0,local_loglinear,28,27,107,2.552977116038422,2.657827251729451,1.1645422498254856,0.17022409679670725,0.9657293860451173,0.034270613954882734,1.0529486460223632,1.1493850076181062,0.9160974251825417,0.8560901173336352,0.8412416562922294,0.017496685175824422,0.7646916986101528,1.6327251992021723,2.2290826441814007,1.850956735324117e-11
135,134,0,local_loglinear,29,28,106,2.5289029449778373,2.633344667598498,1.156550860805446,0.17071971426411808,0.9594079737073403,0.04059202629265968,1.0530592360120603,1.1521914838105003,0.9139620026780686,0.8533407671303976,0.8357794347539136,0.020794216000525667,0.7636896632726744,1.6580369852470254,2.234257918067087,2.6091721954306976e-10
135,134,0,local_loglinear,30,29,105,2.503110270312838,2.607025316141709,1.1479265916657282,0.171286228230682,0.952774037883042,0.047225962116957954,1.0531511834679321,1.1550930154431471,0.9117457809784215,0.8506512470202767,0.8302473510688615,0.02427855935925366,0.7626198468049646,1.683824747499209,2.2398031837081316,1.5667372238132135e-11
135,134,0,local_loglinear,31,30,104,2.4757405200005054,2.5790182508166026,1.1387199890963489,0.1719225090424728,0.9458567154146738,0.054143284585326246,1.0532251440702989,1.1580910552248744,0.9094493384769188,0.8480132246325895,0.8246493558161265,0.027937958022384635,0.7614835293264015,1.7101180525555622,2.245715789025968,8.077301435300291e-10
135,134,0,local_loglinear,32,31,103,2.446926526882852,2.5494636212875017,1.1289785516429445,0.17262777975143526,0.9386833190015053,0.061316680998494744,1.053281716183894,1.161187241602302,0.9070731045326412,0.8454188135101438,0.818989052146897,0.03176142543797397,0.7602817148079384,1.736947746807421,2.2519947067337407,1.2927948504170405e-11
135,134,0,local_loglinear,33,32,102,2.416792834701483,2.5184929610445095,1.1187468357779,0.1734015956383472,0.9312794085879144,0.06872059141208564,1.0533214491126217,1.1643834013485013,0.9046173690665326,0.8428605424770906,0.8132697199130725,0.03573870093906667,0.759015149647452,1.7643460293324853,2.2586404586918807,1.1083871163768055e-9
135,134,0,local_loglinear,34,33,101,2.385456044971676,2.486229524555968,1.108066572944624,0.17424382891656845,0.9236688777511972,0.07633112224880279,1.0533448384675268,1.1676815466102888,0.9020822856414279,0.8403313216438928,0.8074943384108488,0.039860200782212835,0.7576843401558826,1.7923465526228266,2.265655048981789,1.7648640840514633e-11
135,134,0,local_loglinear,35,34,100,2.3530251881838717,2.452788654509782,1.0969767967548385,0.1751546566733973,0.9158740421782269,0.08412595782177312,1.0533523297517338,1.1710838799871854,0.8994678756599912,0.8378244098857163,0.8016656076226221,0.04411697096601286,0.756289567379685,1.8209845352031793,2.2730419137912725,9.508856799904889e-10
135,134,0,local_loglinear,36,35,99,2.3196021100899595,2.418278168091386,1.0855139794848259,0.17613455061518205,0.9079157228149402,0.09208427718505985,1.0533443264362155,1.1745927993140894,0.8967740369695116,0.8353333865754985,0.7957859680261445,0.048500645226301126,0.7548308986372712,1.8502968752506732,2.2808058915545946,1.2730004480463896e-9
135,134,0,local_loglinear,37,36,98,2.2852818685254896,2.3827987581973735,1.0737121722182061,0.1771842698856722,0.8998133319058969,0.10018666809410315,1.0533211905253694,1.1782108948223586,0.8940005521542737,0.832852123460114,0.789857619141275,0.05300340326800318,0.7533081974679497,1.8803222809442786,2.28895320462245,7.76892927321203e-10
135,134,0,local_loglinear,38,37,97,2.250153133619715,2.3464444030787095,1.0616031399025796,0.17830485915956618,0.8915849723944883,0.1084150276055117,1.0532832328214372,1.1819409607727465,0.8911470773741579,0.830374751277201,0.7838825368372391,0.05761792279192082,0.751721134389844,1.911101441919073,2.297491439727533,9.455903068259882e-10
135,134,0,local_loglinear,39,38,96,2.214298579061432,2.3093027667180537,1.0492165023414268,0.17949764595141357,0.8832475163890823,0.11675248361091772,1.0532307304289243,1.1857859940239068,0.888213164716879,0.8278956362428158,0.777862489239763,0.06233734374885505,0.7500691928841133,1.942677181681145,2.3064295573038778,7.634772419352635e-10
135,134,0,local_loglinear,40,39,95,2.1777952695506997,2.2714555978377566,1.0365798726825972,0.18076424065066987,0.8748166848732291,0.12518331512677094,1.0531639259228844,1.1897492041400277,0.8851982604889662,0.8254093563550243,0.7717990516148592,0.06715523248834757,0.7483516746491506,1.9750946302941632,2.315777908636622,1.1697807383657795e-11
135,134,0,local_loglinear,41,40,94,2.14071504004441,2.232979124000511,1.0237189866344611,0.18210654182863684,0.8663071399623095,0.13369286003769054,1.0530830160893425,1.1938340128265539,0.8821017032309496,0.822910671805751,0.7656936202447922,0.07206553890145026,0.7465677061660597,2.0084014451161485,2.3255482499372118,5.293022632550788e-11
135,134,0,local_loglinear,42,41,93,2.1031248571648287,2.1939444260601815,1.0106578339055992,0.1835267402503687,0.8577325541666295,0.14226744583337048,1.0529881697717882,1.198044069558471,0.8789227345867653,0.8203945056427151,0.7595474251212644,0.07706256636464859,0.7447162409301009,2.0426480117581223,2.335753784428774,2.1176711455447926e-10
135,134,0,local_loglinear,43,42,92,2.065087170288674,2.1544178044444924,0.9974187811830777,0.1850273272286666,0.8491056880282747,0.15089431197172531,1.0528795194198668,1.2023832518270527,0.87566049994458,0.8178559202495401,0.7533615418404571,0.08214093665647865,0.742796062665443,2.0778876877033947,2.3464092041759494,1.628522802352202e-11
135,134,0,local_loglinear,44,43,91,2.0266602458718865,2.11446112847811,0.98402269104109,0.18661110487852756,0.8404384615456467,0.15956153845435328,1.0527571648312937,1.2068556753832707,0.8723140523799263,0.8152900961258523,0.7471369025826622,0.08729555787648746,0.7408057869435275,2.1141770631586243,2.3575307462429143,1.0486480462401257e-9
135,134,0,local_loglinear,45,44,90,1.9878984857223065,2.074132169344598,0.9704890352667136,0.18828119801134371,0.8317420187038487,0.16825798129615133,1.0526211763404967,1.211465702198988,0.8688823583117827,0.8126923133242132,0.7408743062853536,0.09252159575605237,0.7387438619640502,2.1515762382965655,2.369136259764788,8.004606448951363e-10
135,134,0,local_loglinear,46,45,89,1.9488527300944285,2.0334849187226225,0.9568360005983709,0.19004107039955792,0.8230267975072133,0.1769732024927867,1.0524715886762548,1.216217947696063,0.8653642964815637,0.8100579295724578,0.7345744281273507,0.09781444092823682,0.7366085695303437,2.1901491476803967,2.3812452788446827,1.1470490484383157e-11
135,134,0,local_loglinear,47,46,88,1.9095705418305435,1.9925698862298822,0.9430805934006711,0.1918945402225089,0.8143025803267095,0.18569741967329045,1.0523084154807534,1.2211172946435802,0.8617586697827428,0.8073823670920033,0.7282378282429081,0.10316968706434543,0.7343980230276544,2.2299638763344785,2.3938791201647684,8.12733488383295e-10
135,134,0,local_loglinear,48,47,87,1.8700964784735123,1.9514343864906623,0.9292387339165624,0.19384580156589432,0.8055785575005648,0.19442144249943516,1.0521316357326735,1.2261688944735345,0.8580642034508751,0.8046610924460111,0.721864959981815,0.1085831002360513,0.7321101673828496,2.2710930456547636,2.4070609782155246,1.1080465205101401e-11
135,134,0,local_loglinear,49,48,86,1.8304723458349386,1.9101228062100861,0.9153253462728677,0.19589944742839324,0.7968633801822648,0.20313661981773523,1.0519412005104254,1.231378182736111,0.8542795505545029,0.8018896007385363,0.7154561775115682,0.11405059369420054,0.7297427774499016,2.3136142186793967,2.42081603914283,5.2885771867587344e-11
135,134,0,local_loglinear,50,49,85,1.7907374363060322,1.8686768550098638,0.9013544453030198,0.19806049489071934,0.7881652063424683,0.21183479365753166,1.051737037514424,1.2367508895730346,0.8504032997926662,0.7990634025375554,0.7090117429340617,0.11956820591401665,0.7272934549737711,2.3576103340894683,2.4351716138525434,7.459086534046973e-10
135,134,0,local_loglinear,51,50,84,1.7509287541307545,1.827135803334116,0.8873392159901983,0.20033441463071125,0.7794917489308116,0.22050825106918837,1.051519046522772,1.242293045857409,0.8464339795100695,0.7961780091699133,0.7025318330294603,0.12513207635125678,0.7247596262934094,2.403170195647782,2.4501572792451234,1.2232498289513033e-9
135,134,0,local_loglinear,52,51,83,1.711081225946589,1.7855367048790356,0.8732920886856219,0.2027271639878105,0.7708503206420843,0.22914967935791575,1.0512871008467277,1.248010994945739,0.8423700633281965,0.7932289190657781,0.6960165455989251,0.13073842224836826,0.7221385392191497,2.450389008739788,2.4658050380679533,1.2213696885391214e-9
135,134,0,local_loglinear,53,52,82,1.6712278977226402,1.743914604960021,0.8592248077113268,0.205245224209317,0.7622478768287752,0.23775212317122485,1.0510410460043862,1.2539114031177605,0.8382099751155052,0.7902116044541272,0.689465905465138,0.13638351552470168,0.7194272603296057,2.49936897326238,2.4821494917243347,1.5145150514890184e-11
135,134,0,local_loglinear,54,53,81,1.6314001178621689,1.7023027331583271,0.8451485010021023,0.2078956390883221,0.7536910446927102,0.2463089553072898,1.0507807120468569,1.260001272896753,0.8339521035808986,0.7871215045868678,0.6828798701665721,0.14206366751751587,0.7166226693854407,2.550219901872505,2.499228047859406,7.128704510915422e-11
135,134,0,local_loglinear,55,54,80,1.5916277117741195,1.6607326889366918,0.8310737385266166,0.2106860625976328,0.7451861682554871,0.2548138317445129,1.050505895827923,1.2662879426726843,0.8295948025933801,0.7839540107123245,0.6762583355686866,0.14777520257500443,0.7137214572569061,2.603059955664666,2.5170811264750124,9.84884948594866e-10
135,134,0,local_loglinear,56,55,79,1.5519391413926646,1.6192346098545558,0.8170105917430612,0.2136248079649885,0.736739335674127,0.26326066432587303,1.050216376690044,1.2727791052766277,0.8251364061022894,0.7807044596419743,0.6696011411566947,0.15351444206294543,0.7107201207748312,2.6580164081258917,2.535752406571162,1.1675531883774795e-11
135,134,0,local_loglinear,57,56,78,1.5123616560513964,1.577837331693418,0.8029686854479463,0.21672090470053992,0.7283564140752564,0.2716435859247436,1.049911906998833,1.2794828102147497,0.8205752344751037,0.7773681233976235,0.6629080752950836,0.1592776825153165,0.7076149596768918,2.715226518602475,2.555289084701637,1.1352029872861768e-9
135,134,0,local_loglinear,58,57,77,1.4729214314632868,1.536568535233162,0.7889572495626851,0.219984159802443,0.720043074567695,0.279956925432305,1.0495922213722226,1.2864074758459874,0.8159096095752812,0.7739402038572057,0.6561788803509501,0.16506117937236142,0.7044020716674524,2.7748384710836462,2.57574217297179,1.3488832917980827e-11
135,134,0,local_loglinear,59,58,76,1.4336437002569444,1.4954548843659428,0.7749851665817111,0.22342522601505713,0.711804817233268,0.28819518276673195,1.0492570352170223,1.2935618907435016,0.811137868798794,0.7704158276231853,0.6494132578474989,0.17086112996118136,0.7010773483089139,2.837012416889884,2.597166823332121,8.459580991430362e-10
135,134,0,local_loglinear,60,59,75,1.3945528737257114,1.454522155598066,0.7610610128688475,0.22705567957696707,0.7036470009995639,0.2963529990004361,1.0489060382296502,1.300955215848903,0.80625837496275,0.7667900385356218,0.6426108736645595,0.176673652235545,0.6976364726918871,2.9019216530076535,2.6196226755292233,1.1386679871283425e-9
135,134,0,local_loglinear,61,60,74,1.3556726527684768,1.4137953551275066,0.7471931006022742,0.23088810316952393,0.6955748607033562,0.30442513929664383,1.0485389070779985,1.3085969930974266,0.8012695372286657,0.7630577972748411,0.6357713632287998,0.18249477151927973,0.6940749153470498,2.969753886006098,2.6431742557491384,1.1570647646249435e-9
135,134,0,local_loglinear,62,61,73,1.3170261319666012,1.3732988290955632,0.733389516128628,0.2349361790567151,0.6875935270268407,0.31240647297315927,1.0481553023781853,1.3164971391429598,0.7961698291729937,0.7592139801340516,0.6288943369084039,0.18832040467082928,0.6903879314104261,3.040712647937658,2.6678914118666,9.611283268722297e-10
135,134,0,local_loglinear,63,62,72,1.278635895670104,1.33305636601233,0.719658152078926,0.2392147943230393,0.679708050659509,0.320291949340491,1.0477548627291193,1.3246659399731264,0.7909578038598737,0.7552533761986964,0.6219793855883919,0.19414634051379098,0.686570560302299,3.115018891140168,2.69384978184518,2.102162479498566e-10
135,134,0,local_loglinear,64,63,71,1.240524104166744,1.2930912877956557,0.7060067406793819,0.24374015429884477,0.6719234145800853,0.3280765854199147,1.0473372180226002,1.3331140511979314,0.7856321198336083,0.751170691749761,0.6150260863831449,0.19996822810023185,0.6826176240109435,3.1929127165046696,2.7211313274564453,1.2378938292620498e-11
135,134,0,local_loglinear,65,64,70,1.2027125733294894,1.2534265342470097,0.6924428835524907,0.24852990902387984,0.6642445476254543,0.33575545237454574,1.046901988228929,1.3418524812296169,0.7801915656701639,0.7469605551967304,0.6080340086865421,0.20578156370889134,0.6785237273102155,3.27465530304713,2.74982491844056,8.382093872211066e-10
135,134,0,local_loglinear,66,65,69,1.165222846804553,1.214084740100479,0.6789740766762152,0.253603294923011,0.6566763405982343,0.3433236594017657,1.0464487803642506,1.3508925728295629,0.7746350830639123,0.742617521918084,0.6010027205607991,0.21158167558123925,0.6742832606891909,3.3605310713260046,2.7800269688668906,1.0675174351107033e-9
135,134,0,local_loglinear,67,66,68,1.1280762592665443,1.1750883019579055,0.6656077365641851,0.2589812889702292,0.649223652625698,0.35077634737430197,1.0459772012790176,1.360245985601659,0.7689617998147333,0.7381360859321672,0.5939317954459555,0.2173637155947855,0.669890402790729,3.450850051836971,2.8118421568125593,1.0776709979940178e-11
135,134,0,local_loglinear,68,67,67,1.0912939932353125,1.1364594395271037,0.6523512182770664,0.2646867836326988,0.6418913268158646,0.3581086731841354,1.045486846411244,1.369924659832731,0.7631710539022626,0.733510688190046,0.586820819353074,0.22312264386020042,0.6653391282388846,3.545950573786401,2.8453841953508734,6.854677354766835e-11
135,134,0,local_loglinear,69,68,66,1.0548971258144584,1.0982202451406384,0.6392118363987986,0.27074477578024714,0.6346841906663614,0.3653158093336386,1.0449773199655938,1.3799407904486614,0.7572624327061449,0.7287357351673494,0.5796693984197623,0.2288532247860891,0.6606232144080719,3.6462021929355943,2.8807767116052903,3.6168756241816725e-10
135,134,0,local_loglinear,70,69,65,1.0189066690024737,1.0603927274236868,0.6261968795212987,0.2771825795668189,0.6276070641154234,0.37239293588457656,1.044448226979711,1.3903067728784286,0.7512358044673353,0.7238056154486192,0.5724771670644813,0.2345500176109706,0.6557362535573324,3.752009001316529,2.918154199719617,7.1372912280640136e-12
135,134,0,local_loglinear,71,70,64,0.9833436005141958,1.022998844649941,0.6133136240349378,0.2840300605559665,0.6206647608919315,0.37933523910806854,1.043899183894647,1.401035153393574,0.745091357176959,0.7187147223367691,0.5652437966353998,0.2402073723932847,0.6506716668304366,3.863813293176077,2.957663086349035,5.19586492748165e-11
135,134,0,local_loglinear,72,71,63,0.9482288861655321,0.9860605295891063,0.6005693428830066,0.29131989580667556,0.6138620895969397,0.38613791040306034,1.0433298198048355,1.4121385615965696,0.7388296362541382,0.7134574791515619,0.5579690046530192,0.2458194267773285,0.6454227232889486,3.982099664754367,2.9994628996403834,1.3827583286335478e-10
135,134,0,local_loglinear,73,72,62,0.9135834926470344,0.9495997041714348,0.5879713130062875,0.29908786131086074,0.6072038509882399,0.3927961490117601,1.042739784920257,1.4236296366828052,0.7324515857578954,0.7080283693421955,0.5506525646448048,0.2513801064969583,0.6399825621034417,4.107399581809402,3.043727572181942,3.8980741482949557e-10
135,134,0,local_loglinear,74,73,61,0.8794283908550582,0.9136382844810562,0.575526818578652,0.30737315044234625,0.6006948335234717,0.39930516647652825,1.0421287548823797,1.4355209368213082,0.7259585897715838,0.7024219704103348,0.5432943166114212,0.25688312825310805,0.6343442201082399,4.240296484684813,3.09064687886286,7.530238410346562e-12
135,134,0,local_loglinear,75,74,60,0.8457845489956692,0.878198175041581,0.5632431521802492,0.316218726065373,0.5943398057981923,0.40566019420180766,1.0414964389536332,1.447824837407609,0.7193525156112642,0.6966329925022386,0.5358941781237048,0.2623220062958592,0.6285006638100732,4.381431489541347,3.140428036725154,5.932841447300075e-11
135,134,0,local_loglinear,76,75,59,0.8126729153798137,0.84330125264881,0.5511276100886573,0.3256717100520204,0.588143506810455,0.411856493189545,1.0408425840385123,1.4605534119637122,0.7126357554011672,0.6906563211886303,0.5284521560557138,0.26769006221644187,0.6224448286251358,4.531509766197613,3.1932974653853097,1.1631369390511314e-10
135,134,0,local_loglinear,77,76,58,0.7801143899813923,0.8089693383892138,0.5391874862997196,0.33578381343117003,0.5821106328455173,0.41788936715448266,1.0401669849347477,1.4737183028693497,0.7058112686186555,0.6844870650975297,0.5209683589312286,0.2729804391961731,0.6161696628855783,4.691307669034525,3.2495027520766944,4.0331632152131585e-10
135,134,0,local_loglinear,78,77,57,0.7481297848671166,0.7752241583030135,0.5274300612694343,0.3466118111947625,0.5762458216478651,0.4237541783521349,1.039469490237716,1.4873305713222118,0.6988826225185737,0.6781206079322137,0.5134430098606013,0.27818612043479723,0.6096681795151382,4.861680719676162,3.309314822639753,7.620967356924086e-12
135,134,0,local_loglinear,79,78,56,0.7167397729002064,0.7420872918238413,0.5158625884034568,0.35821806570440473,0.5705536334705028,0.4294463665294972,1.038750012116419,1.5014005344098855,0.6918540311594414,0.6715526649237946,0.5058764600165049,0.283299952352023,0.6029335137839937,5.0435725452736335,3.373030360337031,6.879231052906613e-11
135,134,0,local_loglinear,80,79,55,0.6859648248245285,0.7095801084574869,0.5044922740849159,0.3706711029879488,0.5650385293969845,0.4349614706030155,1.0380085314003453,1.5159375827784995,0.6847303894252837,0.6647793432071099,0.49826920258162244,0.2883146724633293,0.5959589901285649,5.2380248955588415,3.440974475362955,9.243419248527685e-10
135,134,0,local_loglinear,81,80,54,0.6558251342587086,0.6777236918587968,0.49332625567315486,0.38404624636330054,0.5597048468505881,0.4402951531494119,1.0372451076336233,1.5309499884973508,0.6775173032606338,0.6577972057672123,0.49062188707337995,0.2932229422024517,0.588738195338791,5.446188874091061,3.5135036819661956,1.2066050513120173e-9
135,134,0,local_loglinear,82,81,53,0.626340530967628,0.6465387516525887,0.4823715765667242,0.3984263091913442,0.5545567690008418,0.44544323099915817,1.036459891380211,1.5464446948547794,0.670221117398279,0.6506033403378573,0.4829353339281238,0.29801738778559017,0.5812650587685559,5.669337504941313,3.591009213768126,7.53240849151742e-12
135,134,0,local_loglinear,83,82,52,0.5975303831833914,0.6160455246567778,0.4716351529122177,0.4139023583314078,0.5495982994983899,0.4504017005016101,1.035653118465662,1.562427087599029,0.662848926958341,0.6431954260300302,0.47521054924272366,0.30269063918086797,0.5735339432881665,5.908879910887231,3.6739206758091365,7.807489638664111e-11
135,134,0,local_loglinear,84,83,51,0.5694134881399685,0.5862636631225703,0.46112374208227697,0.4305745398668226,0.5448332236662875,0.4551667763337125,1.034825134764582,1.5789007752749151,0.6554085924648433,0.6355718077011261,0.46744873940393894,0.3072353838852901,0.5655397395339063,6.1663771260008575,3.7627101488323684,8.919045679198127e-10
135,134,0,local_loglinear,85,84,50,0.542007953473951,0.557212114238685,0.4508439038731773,0.44855298263603227,0.5402650758737613,0.45973492412623873,1.0339763892379603,1.5958673381023305,0.6479087356142503,0.627731565898818,0.459651325545398,0.31164441813194904,0.5572779697749172,6.4435599394938725,3.8578967239285267,1.0436995283424105e-9
135,134,0,local_loglinear,86,85,49,0.5153310692520792,0.5289089895169076,0.44080196177975367,0.4679587722437914,0.5358970988139626,0.46410290118603736,1.0331074497562367,1.6133260924143742,0.6403587313276333,0.619674589443989,0.4518199575041625,0.31591070814437383,0.5487448952515128,6.742348882530734,3.9600515783372967,5.4406519342241464e-12
135,134,0,local_loglinear,87,86,48,0.4893991729868029,0.5013714275876434,0.431003957217168,0.4889250064638743,0.5317322084799719,0.46826779152002806,1.0322189944554012,1.631273842402469,0.6327686790681287,0.611401641653563,0.4439565271016833,0.3200274488206234,0.5399376313895335,7.064876781832993,4.069803590500795,9.93984665460123e-10
135,134,0,local_loglinear,88,87,47,0.4642275083965359,0.4746154498025579,0.42145560685270356,0.5115979179282739,0.5277729483126624,0.4722270516873376,1.031311831859359,1.6497046594993827,0.6251493719926327,0.6029144283074883,0.4360631803940893,0.3239881347077157,0.5308542622684023,7.413514010237494,4.187845646737175,8.414566396375456e-10
135,134,0,local_loglinear,89,88,46,0.43983008125016154,0.4486558135247909,0.41216225427676684,0.5361380768913242,0.5240214531564811,0.4759785468435189,1.0303868861761978,1.668609651208236,0.6175122416618514,0.5942156543956768,0.42814232871375246,0.3277866239873609,0.521493959627824,7.790897028474611,4.314941633253019,1.222804521585982e-9
135,134,0,local_loglinear,90,89,45,0.4162195135618072,0.42350586300644244,0.4031288251557438,0.5627216488104002,0.5204794020856953,0.4795205979143047,1.029445215076437,1.687976774923818,0.6098693005553338,0.585309080045884,0.4201966580836106,0.33141721444445504,0.5118570977221254,8.19996036463564,4.451934283317012,5.1890024981580485e-12
135,134,0,local_loglinear,91,90,44,0.39340689986923344,0.3991773831688413,0.3943597777960136,0.5915417176898008,0.5171479851103684,0.4828520148896316,1.0284879877633468,1.7077906557123157,0.6022330572679979,0.5761995603410693,0.41222913681772977,0.3348747075423777,0.5019453684250862,8.643972813972228,4.5997538886557,1.2636886565753608e-9
135,134,0,local_loglinear,92,91,43,0.37140166734326463,0.37568045644730913,0.38585905990101443,0.6228096337647048,0.5140278587059097,0.4859721412940903,1.0275165027132769,1.7280324705162724,0.5946164324136183,0.5668930816712338,0.40424302086141983,0.3381544835692991,0.49176188601389637,9.126578037256634,4.759428095060681,1.1240740156078858e-10
135,134,0,local_loglinear,93,92,42,0.35021144387786496,0.35302332844332396,0.37763006333584975,0.6567563852799684,0.5111191154775668,0.48888088452243317,1.0265321643569851,1.7486798460526518,0.5870326501870582,0.5573967795243877,0.39624185670751133,0.341252563272486,0.48131128586212935,9.651840506983344,4.932092809556013,3.1779238077949692e-12
135,134,0,local_loglinear,94,93,41,0.3298419363907715,0.3312122834169538,0.36967558526001315,0.693633938761689,0.508421247794474,0.49157875220552605,1.0255364915048777,1.76970683480704,0.5794951295516113,0.5477189478005942,0.3882294814927284,0.34416567447516766,0.470599807932136,10.224297168702243,5.119004453070288,8.361302452548615e-10
135,134,0,local_loglinear,95,94,40,0.31029682310882956,0.31025153436928005,0.3619977913043475,0.7337165190381365,0.5059331220444507,0.49406687795554927,1.0245310992209133,1.7910839263366491,0.5720173600778238,0.537869029869925,0.38021002012094685,0.3468913070468439,0.45963536619502177,10.84901583667975,5.321553659716187,2.682853357793748e-12
135,134,0,local_loglinear,96,95,39,0.2915776623264283,0.290143129817832,0.3545981841968832,0.7773017631179205,0.5036529578047431,0.49634704219525694,1.0235176901946312,1.8127781346802014,0.5646127734077031,0.5278575940843383,0.37218787914486706,0.3494277609125912,0.4484275987184082,11.531661116775458,5.541280643353597,3.9788623908710896e-10
135,134,0,local_loglinear,97,96,38,0.27368382051359597,0.2708868800849031,0.3474775792501965,0.824711664568879,0.5015783092918623,0.4984216907081377,1.0224980494877571,1.834753148500116,0.5572946149860184,0.5176962949934186,0.36416773725678275,0.3517741890822276,0.4369878951833839,12.278568778156682,5.779892456310607,4.614585051129079e-12
135,134,0,local_loglinear,98,97,37,0.2566124222707598,0.252480306019122,0.34063608530502754,0.8762932226983701,0.4997060588801758,0.5002939411198242,1.0214740250329597,1.8569695372144497,0.5500758114563492,0.5073978154244585,0.35615453232700744,0.3539306254882102,0.42532940102690475,13.09682990077801,6.0392823520187395,9.374262799043904e-11
135,134,0,local_loglinear,99,98,36,0.24035832385587635,0.23491861152154755,0.3340730936211187,0.9324186604915156,0.4980324141504047,0.5019675858495953,1.0204475204970127,1.8793850298255592,0.5429688458206612,0.4969757945321774,0.3481534449187047,0.3558980054897921,0.41346699459376623,13.994385912573046,6.321551559055116,5.131110381549547e-10
135,134,0,local_loglinear,100,99,35,0.22491411183218551,0.2181946816767304,0.3277872740133884,0.9934850690160192,0.49655291536950114,0.5034470846304988,1.019420478711232,1.9019548425389825,0.5359856374667518,0.486444739311345,0.34016987836173807,0.357678171843095,0.401417236908076,14.980136133705063,6.629033762155988,2.055487229899329e-12
135,134,0,local_loglinear,101,100,34,0.21027012757131772,0.20229910698880257,0.3217765799697784,1.0599132892976055,0.49526245012253894,0.5047375498774611,1.0183948712654578,1.9246320597014477,0.5291374349357107,0.4758199226643053,0.3322094354920053,0.35927386910006687,0.3891982922423386,16.064059435725042,6.964322677791466,4.856283476681596e-11
135,134,0,local_loglinear,102,101,33,0.19641451773454432,0.1872202341843327,0.31603825984613115,1.1321458161669744,0.4941552766391519,0.5058447233608481,1.0173726815487596,1.947368047086673,0.522434720581342,0.4651172689872792,0.32427789227145865,0.3606887247825319,0.37682982192004627,17.257351968500917,7.330303074606039,1.2969075855740597e-10
135,134,0,local_loglinear,103,102,32,0.18333331025318386,0.1729442426598826,0.31056887763651986,1.2106434691079617,0.493225054951024,0.506774945048976,1.0163558947288482,1.9701128997186381,0.5158871325973243,0.4543532297145282,0.31638116856913034,0.36192721821911333,0.36433284965995394,18.572583120246083,7.7301857712236615,2.028303141817477e-10
135,134,0,local_loglinear,104,103,31,0.17101051461290936,0.1594552456348199,0.3053643404239467,1.2958805439650385,0.4924648860007069,0.5075351139992931,1.0153464830345067,1.992815895729712,0.5095034043085631,0.4435446509817474,0.3085252964606362,0.36299463709751745,0.35172960233565387,20.023872211967777,8.167547089291803,2.6315051203086676e-10
135,134,0,local_loglinear,105,104,30,0.1594282446412438,0.1467354140701391,0.3004199328147574,1.388338130109847,0.4918673578931547,0.5081326421068453,1.014346392828813,2.0154259550238716,0.5032913217676601,0.43270863614032573,0.30071638646379595,0.36389702285458636,0.3390433282667551,21.627088753256583,8.646373375043865,3.073800389227225e-10
135,134,0,local_loglinear,106,105,29,0.14856686145213688,0.13476512097816248,0.2957303575336447,1.4884952624333838,0.49142459872467253,0.5085754012753274,1.013357531293821,2.0378920881590257,0.4972576993560339,0.4218624057752173,0.2929605921826668,0.36464110590255716,0.32629809664056386,23.400079495191893,9.171111266019865,3.8097621259781514e-10
135,134,0,local_loglinear,107,106,28,0.13840513372899582,0.1235231032781228,0.29128978117360715,1.5968175805611813,0.49112833506307074,0.5088716649369293,1.0123817528020749,2.060163827488252,0.49140837213726296,0.411023157997302,0.2852640738711656,0.36523423215152895,0.31351858229601415,25.362925961867592,9.746724469584858,4.429424188135316e-10
135,134,0,local_loglinear,108,107,27,0.12892041218179398,0.11298663798187514,0.2870918842376692,1.713743201662638,0.49096995540465455,0.5090300445953455,1.0114208449705206,2.0821916353082646,0.48574820291254395,0.40020793154595774,0.27763296145335914,0.3656842821007973,0.30072984037281464,27.53823667789952,10.378757931242605,4.888658060711282e-10
135,134,0,local_loglinear,109,108,26,0.12008881475767186,0.10313172928017433,0.28312991419245315,1.8396655868461311,0.4909405774996194,0.5090594225003806,1.010476514211342,2.1039272858169116,0.4802811014540338,0.3894334742311784,0.2700733175462602,0.3659995842532129,0.2879570758385243,29.951478892209764,11.07341037931589,1.3692047038225462e-9
135,134,0,local_loglinear,110,109,25,0.1118854190861522,0.09393330296819287,0.2793967405282515,1.9749133068490932,0.49103111776806546,0.5089688822319345,1.0095503721410395,2.1253242211720136,0.47501005356459036,0.37871611923547543,0.2625911010266584,0.366188825305202,0.27522541276821416,32.63135523716051,11.83761637531997,1.2448329591600091e-9
135,134,0,local_loglinear,111,110,24,0.10428445861612816,0.08536540469191575,0.27588491057082065,2.119726829256398,0.4912323662290787,0.5087676337709213,1.008643917081447,2.1463378811871343,0.46993715477992143,0.36807166946717995,0.25519213166700916,0.3662609542242452,0.2625596682840562,35.610231882860106,12.679139144674798,1.39276433589177e-9
135,134,0,local_loglinear,112,111,23,0.0972595189615105,0.07740139858372973,0.2725867040960863,2.2742326736361074,0.4915350574319949,0.5084649425680051,1.0077585236450362,2.166926014896817,0.4650636508662816,0.357515294909567,0.24788205631287075,0.36622509052506746,0.24998413621606697,38.92462486624026,13.606675596698894,1.1576684528619574e-12
135,134,0,local_loglinear,113,112,22,0.09078373135720468,0.07001416307115248,0.269494187171069,2.4384157037006298,0.4919299470709937,0.5080700529290063,1.00689542445729,2.187048968897709,0.46038997698564277,0.3470614400553109,0.24066631706847613,0.3660904273519958,0.23752238361470443,42.61575350809759,14.629975228925723,5.145339390829298e-11
135,134,0,local_loglinear,114,113,21,0.08482996022890187,0.06317628094362894,0.26659926328732053,2.6120906775909334,0.4924078850984982,0.5075921149015018,1.006055700447224,2.206669959257239,0.4559158002884402,0.33672374551118306,0.23355012185608365,0.36586613921519784,0.2251970642369534,46.73016986941842,15.759974739230417,1.0085390538728977e-9
135,134,0,local_loglinear,115,114,20,0.07937098216206141,0.056860221252261006,0.2638937192813871,2.7948747226136694,0.4929598927861464,0.5070401072138536,1.0052402609724007,2.2257553201748888,0.4516400575843233,0.326514981294497,0.226538417690821,0.36556128711071234,0.21302975278341554,51.32047580409131,17.008950339255467,6.482664491922236e-13
135,134,0,local_loglinear,116,115,19,0.07437965400303033,0.05103851081588104,0.26136926519214415,2.9861628456254548,0.4935772427873906,0.5064227572126094,1.0044498264534762,2.2442747483220193,0.4475609892257955,0.31644699239405283,0.21963586691600456,0.3651847222744289,0.20104080176368522,56.44614043832703,18.390690077930927,1.09201333721405e-9
135,134,0,local_loglinear,117,116,18,0.06982906825061704,0.045683893581445915,0.25901756707189977,3.1851089936387353,0.49425154067211857,0.5057484593278814,1.0036849139017299,2.262201541530905,0.4436761691986576,0.30653065704049787,0.21284682658434895,0.3647449903463529,0.18924922230903438,62.174432846918705,19.920688740452963,5.841556264072084e-13
135,134,0,local_loglinear,118,117,17,0.06569269371540964,0.040769476780448365,0.25683026611985565,3.3906155802778746,0.4949748240486452,0.5050251759513549,1.0029457960307095,2.27951283089023,0.43998251838706426,0.2967758524377037,0.20617533111106429,0.3642502195830064,0.17767259246526776,68.58148942955968,21.616367716088707,3.3505026040779636e-11
135,134,0,local_loglinear,119,118,16,0.0619445001959643,0.03626886282170796,0.25479898291771624,3.601334323951778,0.4957396771905863,0.5042603228094137,1.0022324640724654,2.296189865548024,0.4364763032491069,0.2871914290962026,0.19962507821901582,0.3637079953841029,0.16632699219454608,75.75353745785621,23.497322680356415,5.978317015784967e-11
135,134,0,local_loglinear,120,119,15,0.058559065218792755,0.032156266757490025,0.2529152952195435,3.8156812025389324,0.4965393875413309,0.5034606124586691,1.0015445444411855,2.3122183563291103,0.43315309806260804,0.27778518647125267,0.1931994181611802,0.363125194275121,0.15522696875127528,83.78830496183971,25.58560109717863,1.0152330743789111e-10
135,134,0,local_loglinear,121,120,14,0.0555116610096317,0.028406619248901928,0.25117067844375535,4.031867720743247,0.49736816477683454,0.5026318352231655,1.000881177729967,2.327588990870976,0.43000769536869166,0.2685638459328533,0.18690134610391257,0.36250775643767286,0.14438553359099318,92.79665495234438,27.906011001149395,1.4156499691310404e-10
135,134,0,local_loglinear,122,121,13,0.05277831881387561,0.024995655565700315,0.24955638774108257,4.247950016419336,0.4982214672710841,0.5017785327289159,1.0002408160489364,2.3422982288002543,0.4270339292197085,0.2595330119302236,0.18073349750080853,0.3618603513819998,0.13381419481980358,102.90449819647252,30.486460295452318,1.6994235144636326e-10
135,134,0,local_loglinear,123,122,12,0.05033586619217622,0.02189999156018461,0.24806324909737876,4.461896528940527,0.49909650365352426,0.5009034963464758,0.9996208954232356,2.356349591872833,0.4242243590980633,0.2506971092136751,0.17469814620704877,0.36118586844852874,0.12352303101184016,114.25506366237565,33.3583217901767,2.14581930458761e-10
135,134,0,local_loglinear,124,123,11,0.04816193022695469,0.019097188069266528,0.24668130760901427,4.671674429177612,0.49999301755800113,0.5000069824419988,0.9990173081982896,2.3697557806514906,0.421569731512013,0.24205927818735629,0.16879720500603118,0.3604846233448362,0.11352081589062286,127.0116483025705,36.55681147378599,2.8474374473350523e-10
135,134,0,local_loglinear,125,124,10,0.046234895122050625,0.01656580580512968,0.24539925069116172,4.875355217203575,0.5009145270003325,0.49908547299966755,0.9984235585109306,2.3825421461388125,0.41905808891103663,0.23362120194609534,0.16303222812936347,0.3597531087429473,0.10381520898494785,141.36104094082955,40.12135321445967,3.948030774550379e-10
135,134,0,local_loglinear,126,125,9,0.044533795406683764,0.014285453583224677,0.24420347576371776,5.071241472986215,0.5018702893685727,0.4981297106314273,0.9978294176083475,2.394752353118382,0.4166733216939952,0.22538282591685535,0.15740441524025184,0.35898201822847997,0.09441303609693251,157.5179421113571,44.09587699699877,5.670050988226273e-10
135,134,0,local_loglinear,127,126,8,0.04303811428887222,0.012236833808069421,0.24307659608386636,5.258020542629786,0.502878420104308,0.49712157989569195,0.9972187934650515,2.4064575591787927,0.4143928446447873,0.21734191223109947,0.15191461620753638,0.35815311839840636,0.08532069668950239,175.730924602961,48.528950717882104,8.356511357466504e-10
135,134,0,local_loglinear,128,127,7,0.041727438082522474,0.010401790671072336,0.24199505877425653,5.434958113104473,0.5039708403237113,0.4960291596762887,0.9965663724658739,2.417771200389068,0.41218390404580313,0.2094933434621936,0.14656333580646924,0.3572343040522108,0.07654475576331288,196.2908723848992,53.47356105225546,1.2534383380181007e-9
135,134,0,local_loglinear,129,128,6,0.04058088807472466,0.008763368772674142,0.24092536089942318,5.602156915735258,0.5052011172766605,0.4947988827233395,0.9958323558844091,2.4288726824990237,0.4099977586555978,0.201828050941394,0.14135073722212782,0.3561718022280438,0.06809280973695267,219.54353062257042,58.986207782469826,1.9009817207714592e-9
135,134,0,local_loglinear,130,129,5,0.039576204476275925,0.007305893283161217,0.23981805377805956,5.760926176364641,0.5066568718411942,0.49334312815880577,0.994954272487848,2.4400451751335837,0.40776059501987616,0.19433138836551694,0.13627664287773483,0.35487793073770346,0.059974766944028285,245.90903168686478,65.12470623889676,2.9009612854256933e-9
135,134,0,local_loglinear,131,130,4,0.0386882835746859,0.0060150879905837085,0.2385982621546375,5.914341541973087,0.5084793838519996,0.49152061614800036,0.9938343814506184,2.451735684491744,0.40535951233937556,0.18698070100375067,0.13134053064072582,0.35321198737907555,0.05220476806230591,275.91344995161745,71.94361136124795,4.438811467840074e-9
135,134,0,local_loglinear,132,131,3,0.037886854252983736,0.004878255827221754,0.23715072055889808,6.068134681886707,0.5108945206224833,0.4891054793775167,0.9923206157888316,2.4646502375709916,0.4026212728532232,0.1797417623358939,0.1265415228701064,0.3509506687600341,0.04480411900588353,310.2413269433014,79.48531839186684,6.792166099603242e-9
135,134,0,local_loglinear,133,132,2,0.03713280231501241,0.0038845598198577968,0.23529620558671865,6.232162144565955,0.5142614331317144,0.48573856686828565,0.9901785429811168,2.4799042610719493,0.3992809555289477,0.17256369583258058,0.12187836511602185,0.34774287937311854,0.03780587992078879,349.82502211649984,87.76336219392552,1.0370858815360777e-8
135,134,0,local_loglinear,134,133,1,0.03637238261058173,0.0030254647649817254,0.23275452872399988,6.422924083296481,0.5191490049697323,0.48085099503026774,0.9870520609298804,2.4992594259821503,0.39493781664622196,0.16537206408929503,0.11734939078403131,0.3430421383877358,0.03126228667323165,395.99901609368084,96.73169954732175,1.57665728044096e-8
135,134,0,local_loglinear,135,134,0,0.03552817526942589,0.0022954386084458743,0.2290867487432492,6.668083815228515,0.5264552233303572,0.4735447766696428,0.9824132248989588,2.52549517332873,0.38899825874705146,0.15806022760730443,0.11295246833433087,0.3360090517700203,0.025257302008007805,450.76892347264067,106.2288900591818,1.2968100639675685e-6
136,135,0,local_loglinear,1,0,135,1.8901678313037162,1.9403612229421892,0.906495185575314,0.20859957981904168,0.8761960342164987,0.12380396578350128,,,,0.9967870194975489,0.9337836851161863,0.0652923148876943,0.7454800772873249,1.0599016809375605,2.331535287067304,1.4385464361577594e-11
136,135,0,local_loglinear,2,1,134,1.975646808183075,2.0298378997365614,0.9377968877670639,0.20320507284525097,0.8921365634962873,0.10786343650371266,1.0398130356575166,1.109641184299132,0.9370714158507734,0.9878698857804787,0.9336475050616719,0.056452031101244,0.7493925019821268,1.0775853119138288,2.310105976853435,8.704611592333116e-10
136,135,0,local_loglinear,3,2,133,2.0568655473342874,2.115032983101668,0.9675963367839989,0.19846672526247533,0.907154154410322,0.09284584558967801,1.0408510000703133,1.1098776538759065,0.9378069703768349,0.9792619875951668,0.9331339948481145,0.04825040634362443,0.7528321553153103,1.095752628014387,2.2915092581587935,1.510138936482579e-11
136,135,0,local_loglinear,4,3,132,2.1334270501436787,2.1955205927312305,0.9957507620826066,0.1943005459390854,0.9211689790313984,0.07883102096860162,1.0418324245073733,1.1102221713612235,0.9383999449677728,0.970986254084108,0.9322574166490485,0.04070333706688293,0.755845845984557,1.1143363102595618,2.275399485057946,6.804612867019944e-11
136,135,0,local_loglinear,5,4,131,2.2050203127968544,2.2709619270357666,1.022147274181834,0.19063514651171637,0.9341208230918643,0.06587917690813572,1.042758876924645,1.1106782356557465,0.938848753355645,0.9630567041350837,0.9310332686021787,0.033817281958049165,0.758475812843969,1.1332791342463269,2.261479328613506,1.102014068821173e-9
136,135,0,local_loglinear,6,5,130,2.2714163800182234,2.3411019551352608,1.0467017062869575,0.18740970361341763,0.9459677123597272,0.05403228764027279,1.0436320559352623,1.1112472351202805,0.939153793100147,0.9554799258220061,0.9294778538154913,0.027590773411079135,0.7607599601063894,1.1525333081461338,2.2494929484413464,1.8515267363542256e-11
136,135,0,local_loglinear,7,6,129,2.3324626695661284,2.40576425502939,1.0693568037167978,0.18457226465414503,0.9566842603179402,0.04331573968205982,1.0444537569305032,1.1119290875239092,0.939316876093544,0.9482564355401442,0.9276079161920683,0.02201582789785942,0.762732154125845,1.172059722776271,2.2392200828674595,9.008339591858506e-10
136,135,0,local_loglinear,8,7,128,2.3880761210335546,2.464844544843354,1.0900799484565769,0.18207834248871443,0.9662598707881517,0.033740129211848324,1.0452258313166438,1.1127227176081878,0.9393407852437583,0.9413818840049846,0.9254403390280612,0.017079218674762718,0.764422554182782,1.1918271803011482,2.2304709433821452,4.736811134280673e-10
136,135,0,local_loglinear,9,8,127,2.438235642771009,2.5183033796370458,1.108860599524741,0.1798897466341622,0.9746968711388009,0.02530312886119912,1.045950166587269,1.113626422254604,0.9392289422063816,0.9348481110430179,0.9229919003958746,0.012763608848296373,0.7658579509667104,1.2118116163555621,2.22308183979617,9.82698497464882e-10
136,135,0,local_loglinear,10,9,126,2.4829742625993108,2.566158428400635,1.1257075966836925,0.1779736103981056,0.9820086534230518,0.01799134657694823,1.0466286683639079,1.114638136468152,0.9389851595067982,0.9286440507850507,0.9202790789937363,0.009048541532943391,0.7670620980908742,1.2319953418364027,2.216911442536716,8.171120551540273e-10
136,135,0,local_loglinear,11,10,125,2.5223713072712655,2.6084766722567694,1.1406464410118238,0.17630158230116152,0.9882178947177187,0.011782105282281297,1.0472632347924655,1.1157556240179916,0.9386134492615189,0.92275648989854,0.9173179039241663,0.00591128470616345,0.7680560293319746,1.2523663369644416,2.211837585599746,1.4857210857681834e-11
136,135,0,local_loglinear,12,11,124,2.5565448494756944,2.645366776455414,1.1537166545553694,0.17484914902874643,0.9933548697436663,0.006645130256333731,1.0478557534575925,1.1169766209560903,0.9381178923518266,0.9171707047700384,0.9141238417978976,0.003327554040114075,0.768858351284202,1.2729175783194957,2.2077545575825566,1.1040160197100243e-9
136,135,0,local_loglinear,13,12,123,2.5856446089826073,2.676971845938852,1.1649692755951357,0.17359507216184408,0.9974559166249307,0.0025440833750692837,1.048408076071815,1.1182989263232292,0.9375025329933894,0.9118709764315017,0.9107117155368505,0.0012721080432639004,0.7694855139240172,1.293646441890437,2.2045707855968826,1.957956940282605e-11
136,135,0,local_loglinear,14,13,122,2.6098454157663498,2.703462687754256,1.1744645411323025,0.17252091593796404,1.0005620479655717,0.0005620479655716881,1.048922011306951,1.1197204733933073,0.9367713069746757,0.906841008794521,0.9070956491661575,0.0002807599396502103,0.7699520546989983,1.3145541604313906,2.2022068705566933,6.193810256415276e-11
136,135,0,local_loglinear,15,14,121,2.629341305855575,2.725031667817535,1.1822697874690613,0.17161064973602672,1.0027177108347736,0.002717710834773568,1.0493993215810349,1.1212393751783623,0.9359279961195625,0.9020642655424191,0.9032890339496686,0.0013568187406748228,0.7702708160277864,1.3356453309892908,2.2005939247571367,1.026515574623986e-9
136,135,0,local_loglinear,16,15,120,2.644340284362755,2.741887214298123,1.1884575760909968,0.1708503152227788,1.0039697136437091,0.003969713643709127,1.0498417084178964,1.12285394742309,0.9349761924311223,0.8975242304773982,0.8993045118863858,0.001981582272769636,0.7704531403174638,1.356927491946181,2.199672152668884,7.950726364087276e-10
136,135,0,local_loglinear,17,16,119,2.6550597499283173,2.7542489736997076,1.193104047597907,0.17022774649606104,1.0043663067615396,0.004366306761539596,1.0502508042481102,1.124562726225206,0.9339192734703764,0.8932046064765542,0.895153972838201,0.0021800629429163942,0.7705090432221112,1.378410759540518,2.199389641843424,1.4209353474072677e-11
136,135,0,local_loglinear,18,17,118,2.661722555700096,2.7623436023101253,1.1962875063976661,0.16973233127260348,1.003956387955221,0.003956387955220908,1.050628180021099,1.1263644801498145,0.9327603973106094,0.8890894721468103,0.8908485622453577,0.0019765751810077725,0.7704473638812729,1.4001074959953042,2.199701347559969,1.049328978890423e-9
136,135,0,local_loglinear,19,18,117,2.6645536794648517,2.766401178973804,1.1980872119169879,0.16935481150790974,1.002788858085505,0.002788858085505108,1.0509753282152554,1.1282582047793117,0.9315024909753057,0.8851633889914383,0.8863986972229212,0.0013945979554524507,0.7702758997085627,1.422032048682287,2.2005682154749175,7.649084206865124e-10
136,135,0,local_loglinear,20,19,116,2.663777445037193,2.7666521830889885,1.198582368218447,0.1690871134204569,1.0009120866130192,0.0009120866130192251,1.0512936662669305,1.1302431264125454,0.9301482501413613,0.8814114789490859,0.8818140886136578,0.00045667403986834887,0.7700015236259673,1.4442005242610987,2.2019564394697015,1.047951502761669e-9
136,135,0,local_loglinear,21,20,115,2.659615246640195,2.7633249945844267,1.1978512935215324,0.16892220301842378,0.9983734814307783,0.001626518569221691,1.0515845362735723,1.1323186988020797,0.9287001419177137,0.8778194755443719,0.877103767438175,0.0008156574924159388,0.7696302864499942,1.4666306018186606,2.2038368306738323,1.0902539900675643e-9
136,135,0,local_loglinear,22,21,114,2.652283722104379,2.7566438631784362,1.195970753215495,0.16885396191588453,0.9952191435607408,0.004780856439259185,1.0518492100255692,1.134484597488567,0.9271604148298448,0.8743737570248927,0.8722761143712745,0.0024019051516135093,0.7691675054062447,1.489341371824599,2.206184284805382,7.592414284667339e-10
136,135,0,local_loglinear,23,22,113,2.6419933257887647,2.7468273035299453,1.1930154257648782,0.16887708520628725,0.9914936266526031,0.0085063733473969,1.0520888720754458,1.1367407086517483,0.9255310943542214,0.8710613519556273,0.867338891258346,0.004282634452300066,0.7686178448683191,1.5123532399290702,2.208977310830729,1.3170892727522658e-11
136,135,0,local_loglinear,24,23,112,2.6289472351793273,2.734086841819037,1.1890575027794235,0.16898698971775178,0.9872397319994688,0.012760268000531205,1.0523046442990145,1.1390871345151017,0.9238140019437322,0.8678699460454498,0.8622992733673052,0.006439476399746652,0.7679853823061236,1.5356878171894068,2.2121976518161057,9.814481339123318e-10
136,135,0,local_loglinear,25,24,111,2.6133405607455122,2.7186260914390945,1.1841663878682869,0.16917973917672405,0.9824983876597321,0.017501612340267925,1.0524975692732752,1.1415241769464215,0.9220107559076912,0.8647878677825797,0.8571638822394128,0.008855109164674496,0.7672736692618678,1.5593678698672764,2.215829944605707,1.1527821532430709e-9
136,135,0,local_loglinear,26,25,110,2.595359800751789,2.7006400928610983,1.1784084881026573,0.16945197910510915,0.9773085660605164,0.022691433939483585,1.052668619246076,1.1440523384582986,0.9201227809775123,0.8618040708453701,0.8519388181651719,0.011513234239403647,0.766485783306228,1.5834172802192605,2.2198614360741296,1.1267632884180743e-9
136,135,0,local_loglinear,27,26,109,2.5751825058919025,2.680314882902008,1.1718470810125532,0.16980088171277719,0.9717072446039202,0.028292755396079783,1.0528186966291293,1.1466723177972258,0.9181513151478264,0.8589081097541544,0.8466296920460488,0.014398543172180228,0.7656243735741461,1.6078610325862688,2.224281740661781,1.0913031887169187e-9
136,135,0,local_loglinear,28,27,108,2.552977116038422,2.657827251729451,1.1645422498254856,0.17022409679670725,0.9657293860451173,0.034270613954882734,1.0529486460223632,1.1493850076181062,0.9160974251825417,0.8560901173336352,0.8412416562922294,0.017496685175824422,0.7646916986101528,1.6327251992021723,2.2290826441814007,1.850956735324117e-11
136,135,0,local_loglinear,29,28,107,2.5289029449778373,2.633344667598498,1.156550860805446,0.17071971426411808,0.9594079737073403,0.04059202629265968,1.0530592360120603,1.1521914838105003,0.9139620026780686,0.8533407671303976,0.8357794347539136,0.020794216000525667,0.7636896632726744,1.6580369852470254,2.234257918067087,2.6091721954306976e-10
136,135,0,local_loglinear,30,29,106,2.503110270312838,2.607025316141709,1.1479265916657282,0.171286228230682,0.952774037883042,0.047225962116957954,1.0531511834679321,1.1550930154431471,0.9117457809784215,0.8506512470202767,0.8302473510688615,0.02427855935925366,0.7626198468049646,1.683824747499209,2.2398031837081316,1.5667372238132135e-11
136,135,0,local_loglinear,31,30,105,2.4757405200005054,2.5790182508166026,1.1387199890963489,0.1719225090424728,0.9458567154146738,0.054143284585326246,1.0532251440702989,1.1580910552248744,0.9094493384769188,0.8480132246325895,0.8246493558161265,0.027937958022384635,0.7614835293264015,1.7101180525555622,2.245715789025968,8.077301435300291e-10
136,135,0,local_loglinear,32,31,104,2.446926526882852,2.5494636212875017,1.1289785516429445,0.17262777975143526,0.9386833190015053,0.061316680998494744,1.053281716183894,1.161187241602302,0.9070731045326412,0.8454188135101438,0.818989052146897,0.03176142543797397,0.7602817148079384,1.736947746807421,2.2519947067337407,1.2927948504170405e-11
136,135,0,local_loglinear,33,32,103,2.416792834701483,2.5184929610445095,1.1187468357779,0.1734015956383472,0.9312794085879144,0.06872059141208564,1.0533214491126217,1.1643834013485013,0.9046173690665326,0.8428605424770906,0.8132697199130725,0.03573870093906667,0.759015149647452,1.7643460293324853,2.2586404586918807,1.1083871163768055e-9
136,135,0,local_loglinear,34,33,102,2.385456044971676,2.486229524555968,1.108066572944624,0.17424382891656845,0.9236688777511972,0.07633112224880279,1.0533448384675268,1.1676815466102888,0.9020822856414279,0.8403313216438928,0.8074943384108488,0.039860200782212835,0.7576843401558826,1.7923465526228266,2.265655048981789,1.7648640840514633e-11
136,135,0,local_loglinear,35,34,101,2.3530251881838717,2.452788654509782,1.0969767967548385,0.1751546566733973,0.9158740421782269,0.08412595782177312,1.0533523297517338,1.1710838799871854,0.8994678756599912,0.8378244098857163,0.8016656076226221,0.04411697096601286,0.756289567379685,1.8209845352031793,2.2730419137912725,9.508856799904889e-10
136,135,0,local_loglinear,36,35,100,2.3196021100899595,2.418278168091386,1.0855139794848259,0.17613455061518205,0.9079157228149402,0.09208427718505985,1.0533443264362155,1.1745927993140894,0.8967740369695116,0.8353333865754985,0.7957859680261445,0.048500645226301126,0.7548308986372712,1.8502968752506732,2.2808058915545946,1.2730004480463896e-9
136,135,0,local_loglinear,37,36,99,2.2852818685254896,2.3827987581973735,1.0737121722182061,0.1771842698856722,0.8998133319058969,0.10018666809410315,1.0533211905253694,1.1782108948223586,0.8940005521542737,0.832852123460114,0.789857619141275,0.05300340326800318,0.7533081974679497,1.8803222809442786,2.28895320462245,7.76892927321203e-10
136,135,0,local_loglinear,38,37,98,2.250153133619715,2.3464444030787095,1.0616031399025796,0.17830485915956618,0.8915849723944883,0.1084150276055117,1.0532832328214372,1.1819409607727465,0.8911470773741579,0.830374751277201,0.7838825368372391,0.05761792279192082,0.751721134389844,1.911101441919073,2.297491439727533,9.455903068259882e-10
136,135,0,local_loglinear,39,38,97,2.214298579061432,2.3093027667180537,1.0492165023414268,0.17949764595141357,0.8832475163890823,0.11675248361091772,1.0532307304289243,1.1857859940239068,0.888213164716879,0.8278956362428158,0.777862489239763,0.06233734374885505,0.7500691928841133,1.942677181681145,2.3064295573038778,7.634772419352635e-10
136,135,0,local_loglinear,40,39,96,2.1777952695506997,2.2714555978377566,1.0365798726825972,0.18076424065066987,0.8748166848732291,0.12518331512677094,1.0531639259228844,1.1897492041400277,0.8851982604889662,0.8254093563550243,0.7717990516148592,0.06715523248834757,0.7483516746491506,1.9750946302941632,2.315777908636622,1.1697807383657795e-11
136,135,0,local_loglinear,41,40,95,2.14071504004441,2.232979124000511,1.0237189866344611,0.18210654182863684,0.8663071399623095,0.13369286003769054,1.0530830160893425,1.1938340128265539,0.8821017032309496,0.822910671805751,0.7656936202447922,0.07206553890145026,0.7465677061660597,2.0084014451161485,2.3255482499372118,5.293022632550788e-11
136,135,0,local_loglinear,42,41,94,2.1031248571648287,2.1939444260601815,1.0106578339055992,0.1835267402503687,0.8577325541666295,0.14226744583337048,1.0529881697717882,1.198044069558471,0.8789227345867653,0.8203945056427151,0.7595474251212644,0.07706256636464859,0.7447162409301009,2.0426480117581223,2.335753784428774,2.1176711455447926e-10
136,135,0,local_loglinear,43,42,93,2.065087170288674,2.1544178044444924,0.9974187811830777,0.1850273272286666,0.8491056880282747,0.15089431197172531,1.0528795194198668,1.2023832518270527,0.87566049994458,0.8178559202495401,0.7533615418404571,0.08214093665647865,0.742796062665443,2.0778876877033947,2.3464092041759494,1.628522802352202e-11
136,135,0,local_loglinear,44,43,92,2.0266602458718865,2.11446112847811,0.98402269104109,0.18661110487852756,0.8404384615456467,0.15956153845435328,1.0527571648312937,1.2068556753832707,0.8723140523799263,0.8152900961258523,0.7471369025826622,0.08729555787648746,0.7408057869435275,2.1141770631586243,2.3575307462429143,1.0486480462401257e-9
136,135,0,local_loglinear,45,44,91,1.9878984857223065,2.074132169344598,0.9704890352667136,0.18828119801134371,0.8317420187038487,0.16825798129615133,1.0526211763404967,1.211465702198988,0.8688823583117827,0.8126923133242132,0.7408743062853536,0.09252159575605237,0.7387438619640502,2.1515762382965655,2.369136259764788,8.004606448951363e-10
136,135,0,local_loglinear,46,45,90,1.9488527300944285,2.0334849187226225,0.9568360005983709,0.19004107039955792,0.8230267975072133,0.1769732024927867,1.0524715886762548,1.216217947696063,0.8653642964815637,0.8100579295724578,0.7345744281273507,0.09781444092823682,0.7366085695303437,2.1901491476803967,2.3812452788446827,1.1470490484383157e-11
136,135,0,local_loglinear,47,46,89,1.9095705418305435,1.9925698862298822,0.9430805934006711,0.1918945402225089,0.8143025803267095,0.18569741967329045,1.0523084154807534,1.2211172946435802,0.8617586697827428,0.8073823670920033,0.7282378282429081,0.10316968706434543,0.7343980230276544,2.2299638763344785,2.3938791201647684,8.12733488383295e-10
136,135,0,local_loglinear,48,47,88,1.8700964784735123,1.9514343864906623,0.9292387339165624,0.19384580156589432,0.8055785575005648,0.19442144249943516,1.0521316357326735,1.2261688944735345,0.8580642034508751,0.8046610924460111,0.721864959981815,0.1085831002360513,0.7321101673828496,2.2710930456547636,2.4070609782155246,1.1080465205101401e-11
136,135,0,local_loglinear,49,48,87,1.8304723458349386,1.9101228062100861,0.9153253462728677,0.19589944742839324,0.7968633801822648,0.20313661981773523,1.0519412005104254,1.231378182736111,0.8542795505545029,0.8018896007385363,0.7154561775115682,0.11405059369420054,0.7297427774499016,2.3136142186793967,2.42081603914283,5.2885771867587344e-11
136,135,0,local_loglinear,50,49,86,1.7907374363060322,1.8686768550098638,0.9013544453030198,0.19806049489071934,0.7881652063424683,0.21183479365753166,1.051737037514424,1.2367508895730346,0.8504032997926662,0.7990634025375554,0.7090117429340617,0.11956820591401665,0.7272934549737711,2.3576103340894683,2.4351716138525434,7.459086534046973e-10
136,135,0,local_loglinear,51,50,85,1.7509287541307545,1.827135803334116,0.8873392159901983,0.20033441463071125,0.7794917489308116,0.22050825106918837,1.051519046522772,1.242293045857409,0.8464339795100695,0.7961780091699133,0.7025318330294603,0.12513207635125678,0.7247596262934094,2.403170195647782,2.4501572792451234,1.2232498289513033e-9
136,135,0,local_loglinear,52,51,84,1.711081225946589,1.7855367048790356,0.8732920886856219,0.2027271639878105,0.7708503206420843,0.22914967935791575,1.0512871008467277,1.248010994945739,0.8423700633281965,0.7932289190657781,0.6960165455989251,0.13073842224836826,0.7221385392191497,2.450389008739788,2.4658050380679533,1.2213696885391214e-9
136,135,0,local_loglinear,53,52,83,1.6712278977226402,1.743914604960021,0.8592248077113268,0.205245224209317,0.7622478768287752,0.23775212317122485,1.0510410460043862,1.2539114031177605,0.8382099751155052,0.7902116044541272,0.689465905465138,0.13638351552470168,0.7194272603296057,2.49936897326238,2.4821494917243347,1.5145150514890184e-11
136,135,0,local_loglinear,54,53,82,1.6314001178621689,1.7023027331583271,0.8451485010021023,0.2078956390883221,0.7536910446927102,0.2463089553072898,1.0507807120468569,1.260001272896753,0.8339521035808986,0.7871215045868678,0.6828798701665721,0.14206366751751587,0.7166226693854407,2.550219901872505,2.499228047859406,7.128704510915422e-11
136,135,0,local_loglinear,55,54,81,1.5916277117741195,1.6607326889366918,0.8310737385266166,0.2106860625976328,0.7451861682554871,0.2548138317445129,1.050505895827923,1.2662879426726843,0.8295948025933801,0.7839540107123245,0.6762583355686866,0.14777520257500443,0.7137214572569061,2.603059955664666,2.5170811264750124,9.84884948594866e-10
136,135,0,local_loglinear,56,55,80,1.5519391413926646,1.6192346098545558,0.8170105917430612,0.2136248079649885,0.736739335674127,0.26326066432587303,1.050216376690044,1.2727791052766277,0.8251364061022894,0.7807044596419743,0.6696011411566947,0.15351444206294543,0.7107201207748312,2.6580164081258917,2.535752406571162,1.1675531883774795e-11
136,135,0,local_loglinear,57,56,79,1.5123616560513964,1.577837331693418,0.8029686854479463,0.21672090470053992,0.7283564140752564,0.2716435859247436,1.049911906998833,1.2794828102147497,0.8205752344751037,0.7773681233976235,0.6629080752950836,0.1592776825153165,0.7076149596768918,2.715226518602475,2.555289084701637,1.1352029872861768e-9
136,135,0,local_loglinear,58,57,78,1.4729214314632868,1.536568535233162,0.7889572495626851,0.219984159802443,0.720043074567695,0.279956925432305,1.0495922213722226,1.2864074758459874,0.8159096095752812,0.7739402038572057,0.6561788803509501,0.16506117937236142,0.7044020716674524,2.7748384710836462,2.57574217297179,1.3488832917980827e-11
136,135,0,local_loglinear,59,58,77,1.4336437002569444,1.4954548843659428,0.7749851665817111,0.22342522601505713,0.711804817233268,0.28819518276673195,1.0492570352170223,1.2935618907435016,0.811137868798794,0.7704158276231853,0.6494132578474989,0.17086112996118136,0.7010773483089139,2.837012416889884,2.597166823332121,8.459580991430362e-10
136,135,0,local_loglinear,60,59,76,1.3945528737257114,1.454522155598066,0.7610610128688475,0.22705567957696707,0.7036470009995639,0.2963529990004361,1.0489060382296502,1.300955215848903,0.80625837496275,0.7667900385356218,0.6426108736645595,0.176673652235545,0.6976364726918871,2.9019216530076535,2.6196226755292233,1.1386679871283425e-9
136,135,0,local_loglinear,61,60,75,1.3556726527684768,1.4137953551275066,0.7471931006022742,0.23088810316952393,0.6955748607033562,0.30442513929664383,1.0485389070779985,1.3085969930974266,0.8012695372286657,0.7630577972748411,0.6357713632287998,0.18249477151927973,0.6940749153470498,2.969753886006098,2.6431742557491384,1.1570647646249435e-9
136,135,0,local_loglinear,62,61,74,1.3170261319666012,1.3732988290955632,0.733389516128628,0.2349361790567151,0.6875935270268407,0.31240647297315927,1.0481553023781853,1.3164971391429598,0.7961698291729937,0.7592139801340516,0.6288943369084039,0.18832040467082928,0.6903879314104261,3.040712647937658,2.6678914118666,9.611283268722297e-10
136,135,0,local_loglinear,63,62,73,1.278635895670104,1.33305636601233,0.719658152078926,0.2392147943230393,0.679708050659509,0.320291949340491,1.0477548627291193,1.3246659399731264,0.7909578038598737,0.7552533761986964,0.6219793855883919,0.19414634051379098,0.686570560302299,3.115018891140168,2.69384978184518,2.102162479498566e-10
136,135,0,local_loglinear,64,63,72,1.240524104166744,1.2930912877956557,0.7060067406793819,0.24374015429884477,0.6719234145800853,0.3280765854199147,1.0473372180226002,1.3331140511979314,0.7856321198336083,0.751170691749761,0.6150260863831449,0.19996822810023185,0.6826176240109435,3.1929127165046696,2.7211313274564453,1.2378938292620498e-11
136,135,0,local_loglinear,65,64,71,1.2027125733294894,1.2534265342470097,0.6924428835524907,0.24852990902387984,0.6642445476254543,0.33575545237454574,1.046901988228929,1.3418524812296169,0.7801915656701639,0.7469605551967304,0.6080340086865421,0.20578156370889134,0.6785237273102155,3.27465530304713,2.74982491844056,8.382093872211066e-10
136,135,0,local_loglinear,66,65,70,1.165222846804553,1.214084740100479,0.6789740766762152,0.253603294923011,0.6566763405982343,0.3433236594017657,1.0464487803642506,1.3508925728295629,0.7746350830639123,0.742617521918084,0.6010027205607991,0.21158167558123925,0.6742832606891909,3.3605310713260046,2.7800269688668906,1.0675174351107033e-9
136,135,0,local_loglinear,67,66,69,1.1280762592665443,1.1750883019579055,0.6656077365641851,0.2589812889702292,0.649223652625698,0.35077634737430197,1.0459772012790176,1.360245985601659,0.7689617998147333,0.7381360859321672,0.5939317954459555,0.2173637155947855,0.669890402790729,3.450850051836971,2.8118421568125593,1.0776709979940178e-11
136,135,0,local_loglinear,68,67,68,1.0912939932353125,1.1364594395271037,0.6523512182770664,0.2646867836326988,0.6418913268158646,0.3581086731841354,1.045486846411244,1.369924659832731,0.7631710539022626,0.733510688190046,0.586820819353074,0.22312264386020042,0.6653391282388846,3.545950573786401,2.8453841953508734,6.854677354766835e-11
136,135,0,local_loglinear,69,68,67,1.0548971258144584,1.0982202451406384,0.6392118363987986,0.27074477578024714,0.6346841906663614,0.3653158093336386,1.0449773199655938,1.3799407904486614,0.7572624327061449,0.7287357351673494,0.5796693984197623,0.2288532247860891,0.6606232144080719,3.6462021929355943,2.8807767116052903,3.6168756241816725e-10
136,135,0,local_loglinear,70,69,66,1.0189066690024737,1.0603927274236868,0.6261968795212987,0.2771825795668189,0.6276070641154234,0.37239293588457656,1.044448226979711,1.3903067728784286,0.7512358044673353,0.7238056154486192,0.5724771670644813,0.2345500176109706,0.6557362535573324,3.752009001316529,2.918154199719617,7.1372912280640136e-12
136,135,0,local_loglinear,71,70,65,0.9833436005141958,1.022998844649941,0.6133136240349378,0.2840300605559665,0.6206647608919315,0.37933523910806854,1.043899183894647,1.401035153393574,0.745091357176959,0.7187147223367691,0.5652437966353998,0.2402073723932847,0.6506716668304366,3.863813293176077,2.957663086349035,5.19586492748165e-11
136,135,0,local_loglinear,72,71,64,0.9482288861655321,0.9860605295891063,0.6005693428830066,0.29131989580667556,0.6138620895969397,0.38613791040306034,1.0433298198048355,1.4121385615965696,0.7388296362541382,0.7134574791515619,0.5579690046530192,0.2458194267773285,0.6454227232889486,3.982099664754367,2.9994628996403834,1.3827583286335478e-10
136,135,0,local_loglinear,73,72,63,0.9135834926470344,0.9495997041714348,0.5879713130062875,0.29908786131086074,0.6072038509882399,0.3927961490117601,1.042739784920257,1.4236296366828052,0.7324515857578954,0.7080283693421955,0.5506525646448048,0.2513801064969583,0.6399825621034417,4.107399581809402,3.043727572181942,3.8980741482949557e-10
136,135,0,local_loglinear,74,73,62,0.8794283908550582,0.9136382844810562,0.575526818578652,0.30737315044234625,0.6006948335234717,0.39930516647652825,1.0421287548823797,1.4355209368213082,0.7259585897715838,0.7024219704103348,0.5432943166114212,0.25688312825310805,0.6343442201082399,4.240296484684813,3.09064687886286,7.530238410346562e-12
136,135,0,local_loglinear,75,74,61,0.8457845489956692,0.878198175041581,0.5632431521802492,0.316218726065373,0.5943398057981923,0.40566019420180766,1.0414964389536332,1.447824837407609,0.7193525156112642,0.6966329925022386,0.5358941781237048,0.2623220062958592,0.6285006638100732,4.381431489541347,3.140428036725154,5.932841447300075e-11
136,135,0,local_loglinear,76,75,60,0.8126729153798137,0.84330125264881,0.5511276100886573,0.3256717100520204,0.588143506810455,0.411856493189545,1.0408425840385123,1.4605534119637122,0.7126357554011672,0.6906563211886303,0.5284521560557138,0.26769006221644187,0.6224448286251358,4.531509766197613,3.1932974653853097,1.1631369390511314e-10
136,135,0,local_loglinear,77,76,59,0.7801143899813923,0.8089693383892138,0.5391874862997196,0.33578381343117003,0.5821106328455173,0.41788936715448266,1.0401669849347477,1.4737183028693497,0.7058112686186555,0.6844870650975297,0.5209683589312286,0.2729804391961731,0.6161696628855783,4.691307669034525,3.2495027520766944,4.0331632152131585e-10
136,135,0,local_loglinear,78,77,58,0.7481297848671166,0.7752241583030135,0.5274300612694343,0.3466118111947625,0.5762458216478651,0.4237541783521349,1.039469490237716,1.4873305713222118,0.6988826225185737,0.6781206079322137,0.5134430098606013,0.27818612043479723,0.6096681795151382,4.861680719676162,3.309314822639753,7.620967356924086e-12
136,135,0,local_loglinear,79,78,57,0.7167397729002064,0.7420872918238413,0.5158625884034568,0.35821806570440473,0.5705536334705028,0.4294463665294972,1.038750012116419,1.5014005344098855,0.6918540311594414,0.6715526649237946,0.5058764600165049,0.283299952352023,0.6029335137839937,5.0435725452736335,3.373030360337031,6.879231052906613e-11
136,135,0,local_loglinear,80,79,56,0.6859648248245285,0.7095801084574869,0.5044922740849159,0.3706711029879488,0.5650385293969845,0.4349614706030155,1.0380085314003453,1.5159375827784995,0.6847303894252837,0.6647793432071099,0.49826920258162244,0.2883146724633293,0.5959589901285649,5.2380248955588415,3.440974475362955,9.243419248527685e-10
136,135,0,local_loglinear,81,80,55,0.6558251342587086,0.6777236918587968,0.49332625567315486,0.38404624636330054,0.5597048468505881,0.4402951531494119,1.0372451076336233,1.5309499884973508,0.6775173032606338,0.6577972057672123,0.49062188707337995,0.2932229422024517,0.588738195338791,5.446188874091061,3.5135036819661956,1.2066050513120173e-9
136,135,0,local_loglinear,82,81,54,0.626340530967628,0.6465387516525887,0.4823715765667242,0.3984263091913442,0.5545567690008418,0.44544323099915817,1.036459891380211,1.5464446948547794,0.670221117398279,0.6506033403378573,0.4829353339281238,0.29801738778559017,0.5812650587685559,5.669337504941313,3.591009213768126,7.53240849151742e-12
136,135,0,local_loglinear,83,82,53,0.5975303831833914,0.6160455246567778,0.4716351529122177,0.4139023583314078,0.5495982994983899,0.4504017005016101,1.035653118465662,1.562427087599029,0.662848926958341,0.6431954260300302,0.47521054924272366,0.30269063918086797,0.5735339432881665,5.908879910887231,3.6739206758091365,7.807489638664111e-11
136,135,0,local_loglinear,84,83,52,0.5694134881399685,0.5862636631225703,0.46112374208227697,0.4305745398668226,0.5448332236662875,0.4551667763337125,1.034825134764582,1.5789007752749151,0.6554085924648433,0.6355718077011261,0.46744873940393894,0.3072353838852901,0.5655397395339063,6.1663771260008575,3.7627101488323684,8.919045679198127e-10
136,135,0,local_loglinear,85,84,51,0.542007953473951,0.557212114238685,0.4508439038731773,0.44855298263603227,0.5402650758737613,0.45973492412623873,1.0339763892379603,1.5958673381023305,0.6479087356142503,0.627731565898818,0.459651325545398,0.31164441813194904,0.5572779697749172,6.4435599394938725,3.8578967239285267,1.0436995283424105e-9
136,135,0,local_loglinear,86,85,50,0.5153310692520792,0.5289089895169076,0.44080196177975367,0.4679587722437914,0.5358970988139626,0.46410290118603736,1.0331074497562367,1.6133260924143742,0.6403587313276333,0.619674589443989,0.4518199575041625,0.31591070814437383,0.5487448952515128,6.742348882530734,3.9600515783372967,5.4406519342241464e-12
136,135,0,local_loglinear,87,86,49,0.4893991729868029,0.5013714275876434,0.431003957217168,0.4889250064638743,0.5317322084799719,0.46826779152002806,1.0322189944554012,1.631273842402469,0.6327686790681287,0.611401641653563,0.4439565271016833,0.3200274488206234,0.5399376313895335,7.064876781832993,4.069803590500795,9.93984665460123e-10
136,135,0,local_loglinear,88,87,48,0.4642275083965359,0.4746154498025579,0.42145560685270356,0.5115979179282739,0.5277729483126624,0.4722270516873376,1.031311831859359,1.6497046594993827,0.6251493719926327,0.6029144283074883,0.4360631803940893,0.3239881347077157,0.5308542622684023,7.413514010237494,4.187845646737175,8.414566396375456e-10
136,135,0,local_loglinear,89,88,47,0.43983008125016154,0.4486558135247909,0.41216225427676684,0.5361380768913242,0.5240214531564811,0.4759785468435189,1.0303868861761978,1.668609651208236,0.6175122416618514,0.5942156543956768,0.42814232871375246,0.3277866239873609,0.521493959627824,7.790897028474611,4.314941633253019,1.222804521585982e-9
136,135,0,local_loglinear,90,89,46,0.4162195135618072,0.42350586300644244,0.4031288251557438,0.5627216488104002,0.5204794020856953,0.4795205979143047,1.029445215076437,1.687976774923818,0.6098693005553338,0.585309080045884,0.4201966580836106,0.33141721444445504,0.5118570977221254,8.19996036463564,4.451934283317012,5.1890024981580485e-12
136,135,0,local_loglinear,91,90,45,0.39340689986923344,0.3991773831688413,0.3943597777960136,0.5915417176898008,0.5171479851103684,0.4828520148896316,1.0284879877633468,1.7077906557123157,0.6022330572679979,0.5761995603410693,0.41222913681772977,0.3348747075423777,0.5019453684250862,8.643972813972228,4.5997538886557,1.2636886565753608e-9
136,135,0,local_loglinear,92,91,44,0.37140166734326463,0.37568045644730913,0.38585905990101443,0.6228096337647048,0.5140278587059097,0.4859721412940903,1.0275165027132769,1.7280324705162724,0.5946164324136183,0.5668930816712338,0.40424302086141983,0.3381544835692991,0.49176188601389637,9.126578037256634,4.759428095060681,1.1240740156078858e-10
136,135,0,local_loglinear,93,92,43,0.35021144387786496,0.35302332844332396,0.37763006333584975,0.6567563852799684,0.5111191154775668,0.48888088452243317,1.0265321643569851,1.7486798460526518,0.5870326501870582,0.5573967795243877,0.39624185670751133,0.341252563272486,0.48131128586212935,9.651840506983344,4.932092809556013,3.1779238077949692e-12
136,135,0,local_loglinear,94,93,42,0.3298419363907715,0.3312122834169538,0.36967558526001315,0.693633938761689,0.508421247794474,0.49157875220552605,1.0255364915048777,1.76970683480704,0.5794951295516113,0.5477189478005942,0.3882294814927284,0.34416567447516766,0.470599807932136,10.224297168702243,5.119004453070288,8.361302452548615e-10
136,135,0,local_loglinear,95,94,41,0.31029682310882956,0.31025153436928005,0.3619977913043475,0.7337165190381365,0.5059331220444507,0.49406687795554927,1.0245310992209133,1.7910839263366491,0.5720173600778238,0.537869029869925,0.38021002012094685,0.3468913070468439,0.45963536619502177,10.84901583667975,5.321553659716187,2.682853357793748e-12
136,135,0,local_loglinear,96,95,40,0.2915776623264283,0.290143129817832,0.3545981841968832,0.7773017631179205,0.5036529578047431,0.49634704219525694,1.0235176901946312,1.8127781346802014,0.5646127734077031,0.5278575940843383,0.37218787914486706,0.3494277609125912,0.4484275987184082,11.531661116775458,5.541280643353597,3.9788623908710896e-10
136,135,0,local_loglinear,97,96,39,0.27368382051359597,0.2708868800849031,0.3474775792501965,0.824711664568879,0.5015783092918623,0.4984216907081377,1.0224980494877571,1.834753148500116,0.5572946149860184,0.5176962949934186,0.36416773725678275,0.3517741890822276,0.4369878951833839,12.278568778156682,5.779892456310607,4.614585051129079e-12
136,135,0,local_loglinear,98,97,38,0.2566124222707598,0.252480306019122,0.34063608530502754,0.8762932226983701,0.4997060588801758,0.5002939411198242,1.0214740250329597,1.8569695372144497,0.5500758114563492,0.5073978154244585,0.35615453232700744,0.3539306254882102,0.42532940102690475,13.09682990077801,6.0392823520187395,9.374262799043904e-11
136,135,0,local_loglinear,99,98,37,0.24035832385587635,0.23491861152154755,0.3340730936211187,0.9324186604915156,0.4980324141504047,0.5019675858495953,1.0204475204970127,1.8793850298255592,0.5429688458206612,0.4969757945321774,0.3481534449187047,0.3558980054897921,0.41346699459376623,13.994385912573046,6.321551559055116,5.131110381549547e-10
136,135,0,local_loglinear,100,99,36,0.22491411183218551,0.2181946816767304,0.3277872740133884,0.9934850690160192,0.49655291536950114,0.5034470846304988,1.019420478711232,1.9019548425389825,0.5359856374667518,0.486444739311345,0.34016987836173807,0.357678171843095,0.401417236908076,14.980136133705063,6.629033762155988,2.055487229899329e-12
136,135,0,local_loglinear,101,100,35,0.21027012757131772,0.20229910698880257,0.3217765799697784,1.0599132892976055,0.49526245012253894,0.5047375498774611,1.0183948712654578,1.9246320597014477,0.5291374349357107,0.4758199226643053,0.3322094354920053,0.35927386910006687,0.3891982922423386,16.064059435725042,6.964322677791466,4.856283476681596e-11
136,135,0,local_loglinear,102,101,34,0.19641451773454432,0.1872202341843327,0.31603825984613115,1.1321458161669744,0.4941552766391519,0.5058447233608481,1.0173726815487596,1.947368047086673,0.522434720581342,0.4651172689872792,0.32427789227145865,0.3606887247825319,0.37682982192004627,17.257351968500917,7.330303074606039,1.2969075855740597e-10
136,135,0,local_loglinear,103,102,33,0.18333331025318386,0.1729442426598826,0.31056887763651986,1.2106434691079617,0.493225054951024,0.506774945048976,1.0163558947288482,1.9701128997186381,0.5158871325973243,0.4543532297145282,0.31638116856913034,0.36192721821911333,0.36433284965995394,18.572583120246083,7.7301857712236615,9.76763125079624e-10
136,135,0,local_loglinear,104,103,32,0.17101051462321468,0.1594552456230787,0.3053643405644943,1.2958805421956119,0.49246488535796007,0.5075351146420399,1.0153464839710873,1.992815895729712,0.5095034047785415,0.4435446512711879,0.3085252964606362,0.3629946377500798,0.35172960224065813,20.023872186388587,8.167547092726966,1.6057514849506564e-12
136,135,0,local_loglinear,105,104,31,0.1594282446800947,0.14673541406138824,0.30041993316311316,1.3883381267676351,0.4918673568289219,0.5081326431710781,1.014346393603843,2.0154259535320316,0.5032913225247507,0.43270863661427816,0.3007163864676031,0.36389702393724144,0.3390433280523508,21.627088706552698,8.646373383488676,5.051251835598159e-11
136,135,0,local_loglinear,106,105,30,0.14856686153734827,0.13476512097326085,0.29573035821993515,1.488495256097154,0.4914245969146347,0.5085754030853653,1.0133575326178021,2.0378920851332425,0.4972577007440246,0.42186240656747737,0.2929605921924445,0.3646411077471874,0.3262980962371927,23.400079408198252,9.171111283375614,1.1925291216518876e-9
136,135,0,local_loglinear,107,106,29,0.13840513390856027,0.12352310325922808,0.2912897826836396,1.5968175663313973,0.4911283313236408,0.5088716686763592,1.0123817562125075,2.0601638218270772,0.4914083751430342,0.41102315959404556,0.2852640738905554,0.36523423596835924,0.31351858141039735,25.36292576674544,9.746724511333232,1.547472661407254e-12
136,135,0,local_loglinear,108,107,28,0.12892041251989045,0.11298663796236588,0.28709188698569765,1.7137431751182322,0.4909699490875319,0.5090300509124681,1.0114208496905461,2.0821916229595834,0.4857482080601851,0.4002079341847296,0.27763296149156524,0.3656842885566858,0.3007298388085462,27.538236317457912,10.378758012270577,1.2916675508812873e-9
136,135,0,local_loglinear,109,108,27,0.12008881537829348,0.10313172923384036,0.2831299192925112,1.8396655347132327,0.4909405661244154,0.5090594338755846,1.0104765234332194,2.10392726366932,0.48028111089302317,0.3894334788613443,0.2700733176144763,0.3659995958901203,0.287957072979201,29.951478184792133,11.073410542542504,8.593545389382375e-10
136,135,0,local_loglinear,110,109,26,0.11188542017468225,0.09393330288724232,0.2793967494598376,1.9749132121863542,0.4910310990088926,0.5089689009911074,1.0095503862175639,2.1253241798747537,0.47501006941776625,0.3787161266808143,0.26259110114589634,0.3661888445105387,0.27522540786621585,32.63135396083217,11.837616684616593,1.3477630403707498e-9
136,135,0,local_loglinear,111,110,25,0.10428446046411152,0.08536540454071344,0.275884925715489,2.1197266544451914,0.4912323344226955,0.5087676655773046,1.0086439410757493,2.1463378093067624,0.46993718169719395,0.3680716817455199,0.25519213186548184,0.366260986805064,0.26255966015673804,35.610229518012495,12.679139713118623,8.617562440807164e-10
136,135,0,local_loglinear,112,111,24,0.0972595220612693,0.07740139829462711,0.2725867295355765,2.2742323539365037,0.4915350040003106,0.5084649959996894,1.0077585634845914,2.1669258911726184,0.4650636958051432,0.35751531495272865,0.2478820566378121,0.36622514527658434,0.2499841228651339,38.92462051971743,13.60667663481352,1.3414818601682322e-9
136,135,0,local_loglinear,113,112,23,0.09078373657060822,0.07001416248677014,0.269494230233861,2.438415114858384,0.49192985652687315,0.5080701434731268,1.0068954930170388,2.187048757976597,0.4603900527341665,0.3470614730176362,0.24066631759316437,0.36609052014731835,0.2375223614687855,42.61574544446229,14.629977148764484,8.52500116507813e-10
136,135,0,local_loglinear,114,113,22,0.08482996896250022,0.06317627982667913,0.2665993356894847,2.612089600932107,0.49240773283186706,0.507592267168133,1.0060558146795813,2.2066695968388497,0.45591592693387356,0.33672379927176227,0.2335501226987468,0.36586629526494385,0.22519702781733658,46.73015500137646,15.759978269227464,1.316022138337284e-9
136,135,0,local_loglinear,115,114,21,0.07937099675318593,0.0568602191844037,0.26389384045189007,2.79487276493059,0.4929596381130525,0.5070403618869475,1.005240450922719,2.2257547021779835,0.451640268327437,0.32651506843783296,0.2265384190351582,0.36556154806566177,0.21302969324701512,51.3204485017558,17.008956809260045,1.4064026012363892e-9
136,135,0,local_loglinear,116,115,20,0.0743796783576806,0.05103850706649169,0.261369467465523,2.986159295499176,0.49357681760894845,0.5064231823910516,1.0044501430064603,2.244273700226405,0.44756133928991376,0.3164471332856221,0.21963586904660548,0.3651851578033285,0.20104070479782052,56.44609033285181,18.390701925295254,8.181749352072807e-13
136,135,0,local_loglinear,117,116,19,0.06982910879407367,0.045683886953821494,0.25901790307893297,3.1851025941734283,0.49425083459738356,0.5057491654026165,1.003685436039663,2.262199769095292,0.4436767476291719,0.3065308834834222,0.21284682994372767,0.36474571329147265,0.18924906541903064,62.17434125549818,19.920710350602494,1.3470282224462675e-9
136,135,0,local_loglinear,118,117,18,0.06569276118410139,0.040769465228008596,0.25683082323273043,3.3906040794156747,0.4949736534642086,0.5050263465357914,1.002946660248509,2.2795098504960123,0.4399834727760759,0.2967762155263905,0.20617533637844204,0.3642514174783791,0.17767233939890498,68.58132208068672,21.616407117766666,8.697581986896292e-10
136,135,0,local_loglinear,119,118,17,0.06194461232090259,0.03626884300295416,0.25479990379446504,3.6013137533110524,0.49573774287730615,0.5042622571226938,1.0022338862257527,2.2961848660608872,0.43647787294456314,0.28719200903839937,0.19962508644126487,0.3637099735512135,0.1663265858540139,75.75323230497246,23.497394381210892,3.8992720956710794e-13
136,135,0,local_loglinear,120,119,16,0.05855925128612993,0.03215623321871414,0.2529168128398997,3.8156445920056274,0.4965362010707116,0.5034637989292884,1.001546877636903,2.3122100016624776,0.4331556722429154,0.2777861094105094,0.19319943093998998,0.36312845061920584,0.15522631919735436,83.78774955169669,25.5857313286431,2.4392827371404847e-11
136,135,0,local_loglinear,121,120,15,0.055511969337996965,0.028406563152367864,0.2511731726460975,4.031802895040051,0.49736293041402374,0.5026370695859763,1.0008849956545793,2.3275750805095194,0.4300119055388237,0.26856530979491533,0.18690136588082706,0.3625131013122207,0.1443844995563146,92.79564567353725,27.90624715233096,1.4022455731847654e-9
136,135,0,local_loglinear,122,121,14,0.05277882896249475,0.024995562708722018,0.24956047616903118,4.247835842164884,0.4982128919430561,0.5017871080569438,1.0002470469657085,2.342275147434062,0.42704079751751994,0.25953532633124515,0.18073352798549758,0.36186910022949537,0.1338125553135685,102.90266688886639,30.486887842355554,4.927143923537386e-13
136,135,0,local_loglinear,123,122,13,0.050336708779234164,0.021899839315516496,0.24806993269704797,4.461696595788067,0.49908249378552083,0.5009175062144792,0.9996310333486111,2.356311418977881,0.4242355341053477,0.25070075643577716,0.17469819301740536,0.3612001487141383,0.12352044201089489,114.25174609649278,33.359094562689556,3.4899321633804164e-11
136,135,0,local_loglinear,124,123,12,0.04816331933865766,0.01909694058041934,0.24669220561480598,4.6713263980120106,0.49997018898345313,0.5000298110165469,0.9990337607622936,2.369692859848918,0.4215878680691083,0.2420650080057747,0.16879727661731864,0.36050786995759987,0.11351674328991848,127.00564709434525,36.55820605028374,9.002714590159865e-11
136,135,0,local_loglinear,125,124,11,0.046237180820921715,0.016565406611002132,0.2454169760942836,4.8747530978917455,0.5008774232101532,0.49912257678984684,0.9984501894319653,2.3824387644741916,0.41908745119513074,0.2336301764264795,0.16303233728693117,0.35979085312514636,0.10380882651616755,141.35020064825068,40.12386613108141,1.7679151154047637e-10
136,135,0,local_loglinear,126,125,10,0.04453754878904028,0.014284814268753212,0.24423223577530337,5.070206278545791,0.5018101322249588,0.49818986777504115,0.9978724138160737,2.394583019798529,0.416720742428062,0.2253968410517108,0.1574045810486458,0.3590431465906183,0.0944030694697033,157.4983874522423,44.10039851443523,3.1282164871164916e-10
136,135,0,local_loglinear,127,126,9,0.043044264903248725,0.012235816619350396,0.24312315024035225,5.256251992769641,0.5027811181666787,0.4972188818333213,0.997288036624066,2.4061810352992823,0.4144692448297111,0.2173637358000417,0.15191486721193653,0.3582518723169643,0.08530518612266967,175.69569629762276,48.537075078038704,5.253231469140569e-10
136,135,0,local_loglinear,128,127,8,0.04173749541939282,0.010400181965389133,0.2420702449486012,5.431955520695469,0.5038138192519394,0.49618618074806065,0.9966776015465602,2.417320946711153,0.4123066913818679,0.20952722799065818,0.1465637145223393,0.3573934521339446,0.07652069431343135,196.22748650337385,53.48813995594337,8.561259458981863e-10
136,135,0,local_loglinear,129,128,7,0.040597297719017024,0.008760838563129177,0.2410465216631855,5.597089969861555,0.5049482841479856,0.49505171585201435,0.9960105590566476,2.4281416107677782,0.4101945927040512,0.20188050846138625,0.14135130676810964,0.3564276510932429,0.06805559183444569,219.42961544038747,59.01233706503513,1.3693040424324495e-9
136,135,0,local_loglinear,130,129,6,0.03960291941613943,0.007301933672530283,0.24001288793688927,5.752423957320602,0.5062506276205282,0.4937493723794718,0.9952389671305854,2.438861359327826,0.4080752533653176,0.1944123522089597,0.13627749664331834,0.35528820676869466,0.05991734464649681,245.7045330562768,65.1714839247891,2.1625513734864685e-9
136,135,0,local_loglinear,131,130,5,0.03873167830931508,0.0060089194670649325,0.23891092851882195,5.900146809364352,0.507827973773404,0.49217202622659595,0.9942877402634364,2.449823756803336,0.4058609267308426,0.18710524968315664,0.13134180629251263,0.35386815758757884,0.05211635119298945,275.5467141854189,72.02726939658885,3.383980533840254e-9
136,135,0,local_loglinear,132,131,4,0.03795718318008655,0.004868684353585644,0.23765149405673477,6.0445321932386795,0.5098520348815352,0.4901479651184648,0.9930397501769693,2.4615701687541716,0.40341720206966836,0.17993263611628157,0.12654342247472672,0.35199702710820113,0.044668148473399276,309.58426291543543,79.6348017456877,5.256408516732684e-9
136,135,0,local_loglinear,133,132,3,0.03724651807524196,0.0038697578450427083,0.23609672038353552,6.193016834753636,0.5125962521687312,0.48740374783126883,0.9913135249036371,2.474954512724795,0.40053807850078543,0.17285487475163708,0.12188118369722267,0.3494057021184931,0.03759680629279726,348.64878960202145,88.03027165752287,8.111342123366432e-9
136,135,0,local_loglinear,134,133,2,0.03655580210195553,0.0030026328696951573,0.2340317625742381,6.358016023110883,0.5164941677820083,0.4835058322179917,0.9888310068097903,2.4913241971984217,0.3969098072108657,0.1658136296878538,0.11735355608311757,0.34567321985868826,0.03094029768142221,393.8950165005556,97.20802102280449,1.2433711157748297e-8
136,135,0,local_loglinear,135,134,1,0.03582322423261001,0.002260276107441172,0.23112052881197462,6.560098295235297,0.5222308271515037,0.4777691728484963,0.9851737715629704,2.5128045059924093,0.3920614473643205,0.1587244306867571,0.11295859447365039,0.34014822728333094,0.024759323281977046,447.0081328507585,107.07861096140982,1.8913803376173453e-8
136,135,0,local_loglinear,136,135,0,0.0349582257991051,0.0016389436324312197,0.22683688330523755,6.833818740261995,0.5308848413160773,0.46911515868392273,0.9797307825133545,2.5427435100458813,0.3853046045118708,0.15146791054117054,0.10869388615466674,0.3318382434866549,0.019152559524743644,510.5659143928338,117.39294501681336,1.6183830167708741e-6
137,136,0,local_loglinear,1,0,136,1.8901678313037162,1.9403612229421892,0.906495185575314,0.20859957981904168,0.8761960342164987,0.12380396578350128,,,,0.9967870194975489,0.9337836851161863,0.0652923148876943,0.7454800772873249,1.0599016809375605,2.331535287067304,1.4385464361577594e-11
137,136,0,local_loglinear,2,1,135,1.975646808183075,2.0298378997365614,0.9377968877670639,0.20320507284525097,0.8921365634962873,0.10786343650371266,1.0398130356575166,1.109641184299132,0.9370714158507734,0.9878698857804787,0.9336475050616719,0.056452031101244,0.7493925019821268,1.0775853119138288,2.310105976853435,8.704611592333116e-10
137,136,0,local_loglinear,3,2,134,2.0568655473342874,2.115032983101668,0.9675963367839989,0.19846672526247533,0.907154154410322,0.09284584558967801,1.0408510000703133,1.1098776538759065,0.9378069703768349,0.9792619875951668,0.9331339948481145,0.04825040634362443,0.7528321553153103,1.095752628014387,2.2915092581587935,1.510138936482579e-11
137,136,0,local_loglinear,4,3,133,2.1334270501436787,2.1955205927312305,0.9957507620826066,0.1943005459390854,0.9211689790313984,0.07883102096860162,1.0418324245073733,1.1102221713612235,0.9383999449677728,0.970986254084108,0.9322574166490485,0.04070333706688293,0.755845845984557,1.1143363102595618,2.275399485057946,6.804612867019944e-11
137,136,0,local_loglinear,5,4,132,2.2050203127968544,2.2709619270357666,1.022147274181834,0.19063514651171637,0.9341208230918643,0.06587917690813572,1.042758876924645,1.1106782356557465,0.938848753355645,0.9630567041350837,0.9310332686021787,0.033817281958049165,0.758475812843969,1.1332791342463269,2.261479328613506,1.102014068821173e-9
137,136,0,local_loglinear,6,5,131,2.2714163800182234,2.3411019551352608,1.0467017062869575,0.18740970361341763,0.9459677123597272,0.05403228764027279,1.0436320559352623,1.1112472351202805,0.939153793100147,0.9554799258220061,0.9294778538154913,0.027590773411079135,0.7607599601063894,1.1525333081461338,2.2494929484413464,1.8515267363542256e-11
137,136,0,local_loglinear,7,6,130,2.3324626695661284,2.40576425502939,1.0693568037167978,0.18457226465414503,0.9566842603179402,0.04331573968205982,1.0444537569305032,1.1119290875239092,0.939316876093544,0.9482564355401442,0.9276079161920683,0.02201582789785942,0.762732154125845,1.172059722776271,2.2392200828674595,9.008339591858506e-10
137,136,0,local_loglinear,8,7,129,2.3880761210335546,2.464844544843354,1.0900799484565769,0.18207834248871443,0.9662598707881517,0.033740129211848324,1.0452258313166438,1.1127227176081878,0.9393407852437583,0.9413818840049846,0.9254403390280612,0.017079218674762718,0.764422554182782,1.1918271803011482,2.2304709433821452,4.736811134280673e-10
137,136,0,local_loglinear,9,8,128,2.438235642771009,2.5183033796370458,1.108860599524741,0.1798897466341622,0.9746968711388009,0.02530312886119912,1.045950166587269,1.113626422254604,0.9392289422063816,0.9348481110430179,0.9229919003958746,0.012763608848296373,0.7658579509667104,1.2118116163555621,2.22308183979617,9.82698497464882e-10
137,136,0,local_loglinear,10,9,127,2.4829742625993108,2.566158428400635,1.1257075966836925,0.1779736103981056,0.9820086534230518,0.01799134657694823,1.0466286683639079,1.114638136468152,0.9389851595067982,0.9286440507850507,0.9202790789937363,0.009048541532943391,0.7670620980908742,1.2319953418364027,2.216911442536716,8.171120551540273e-10
137,136,0,local_loglinear,11,10,126,2.5223713072712655,2.6084766722567694,1.1406464410118238,0.17630158230116152,0.9882178947177187,0.011782105282281297,1.0472632347924655,1.1157556240179916,0.9386134492615189,0.92275648989854,0.9173179039241663,0.00591128470616345,0.7680560293319746,1.2523663369644416,2.211837585599746,1.4857210857681834e-11
137,136,0,local_loglinear,12,11,125,2.5565448494756944,2.645366776455414,1.1537166545553694,0.17484914902874643,0.9933548697436663,0.006645130256333731,1.0478557534575925,1.1169766209560903,0.9381178923518266,0.9171707047700384,0.9141238417978976,0.003327554040114075,0.768858351284202,1.2729175783194957,2.2077545575825566,1.1040160197100243e-9
137,136,0,local_loglinear,13,12,124,2.5856446089826073,2.676971845938852,1.1649692755951357,0.17359507216184408,0.9974559166249307,0.0025440833750692837,1.048408076071815,1.1182989263232292,0.9375025329933894,0.9118709764315017,0.9107117155368505,0.0012721080432639004,0.7694855139240172,1.293646441890437,2.2045707855968826,1.957956940282605e-11
137,136,0,local_loglinear,14,13,123,2.6098454157663498,2.703462687754256,1.1744645411323025,0.17252091593796404,1.0005620479655717,0.0005620479655716881,1.048922011306951,1.1197204733933073,0.9367713069746757,0.906841008794521,0.9070956491661575,0.0002807599396502103,0.7699520546989983,1.3145541604313906,2.2022068705566933,6.193810256415276e-11
137,136,0,local_loglinear,15,14,122,2.629341305855575,2.725031667817535,1.1822697874690613,0.17161064973602672,1.0027177108347736,0.002717710834773568,1.0493993215810349,1.1212393751783623,0.9359279961195625,0.9020642655424191,0.9032890339496686,0.0013568187406748228,0.7702708160277864,1.3356453309892908,2.2005939247571367,1.026515574623986e-9
137,136,0,local_loglinear,16,15,121,2.644340284362755,2.741887214298123,1.1884575760909968,0.1708503152227788,1.0039697136437091,0.003969713643709127,1.0498417084178964,1.12285394742309,0.9349761924311223,0.8975242304773982,0.8993045118863858,0.001981582272769636,0.7704531403174638,1.356927491946181,2.199672152668884,7.950726364087276e-10
137,136,0,local_loglinear,17,16,120,2.6550597499283173,2.7542489736997076,1.193104047597907,0.17022774649606104,1.0043663067615396,0.004366306761539596,1.0502508042481102,1.124562726225206,0.9339192734703764,0.8932046064765542,0.895153972838201,0.0021800629429163942,0.7705090432221112,1.378410759540518,2.199389641843424,1.4209353474072677e-11
137,136,0,local_loglinear,18,17,119,2.661722555700096,2.7623436023101253,1.1962875063976661,0.16973233127260348,1.003956387955221,0.003956387955220908,1.050628180021099,1.1263644801498145,0.9327603973106094,0.8890894721468103,0.8908485622453577,0.0019765751810077725,0.7704473638812729,1.4001074959953042,2.199701347559969,1.049328978890423e-9
137,136,0,local_loglinear,19,18,118,2.6645536794648517,2.766401178973804,1.1980872119169879,0.16935481150790974,1.002788858085505,0.002788858085505108,1.0509753282152554,1.1282582047793117,0.9315024909753057,0.8851633889914383,0.8863986972229212,0.0013945979554524507,0.7702758997085627,1.422032048682287,2.2005682154749175,7.649084206865124e-10
137,136,0,local_loglinear,20,19,117,2.663777445037193,2.7666521830889885,1.198582368218447,0.1690871134204569,1.0009120866130192,0.0009120866130192251,1.0512936662669305,1.1302431264125454,0.9301482501413613,0.8814114789490859,0.8818140886136578,0.00045667403986834887,0.7700015236259673,1.4442005242610987,2.2019564394697015,1.047951502761669e-9
137,136,0,local_loglinear,21,20,116,2.659615246640195,2.7633249945844267,1.1978512935215324,0.16892220301842378,0.9983734814307783,0.001626518569221691,1.0515845362735723,1.1323186988020797,0.9287001419177137,0.8778194755443719,0.877103767438175,0.0008156574924159388,0.7696302864499942,1.4666306018186606,2.2038368306738323,1.0902539900675643e-9
137,136,0,local_loglinear,22,21,115,2.652283722104379,2.7566438631784362,1.195970753215495,0.16885396191588453,0.9952191435607408,0.004780856439259185,1.0518492100255692,1.134484597488567,0.9271604148298448,0.8743737570248927,0.8722761143712745,0.0024019051516135093,0.7691675054062447,1.489341371824599,2.206184284805382,7.592414284667339e-10
137,136,0,local_loglinear,23,22,114,2.6419933257887647,2.7468273035299453,1.1930154257648782,0.16887708520628725,0.9914936266526031,0.0085063733473969,1.0520888720754458,1.1367407086517483,0.9255310943542214,0.8710613519556273,0.867338891258346,0.004282634452300066,0.7686178448683191,1.5123532399290702,2.208977310830729,1.3170892727522658e-11
137,136,0,local_loglinear,24,23,113,2.6289472351793273,2.734086841819037,1.1890575027794235,0.16898698971775178,0.9872397319994688,0.012760268000531205,1.0523046442990145,1.1390871345151017,0.9238140019437322,0.8678699460454498,0.8622992733673052,0.006439476399746652,0.7679853823061236,1.5356878171894068,2.2121976518161057,9.814481339123318e-10
137,136,0,local_loglinear,25,24,112,2.6133405607455122,2.7186260914390945,1.1841663878682869,0.16917973917672405,0.9824983876597321,0.017501612340267925,1.0524975692732752,1.1415241769464215,0.9220107559076912,0.8647878677825797,0.8571638822394128,0.008855109164674496,0.7672736692618678,1.5593678698672764,2.215829944605707,1.1527821532430709e-9
137,136,0,local_loglinear,26,25,111,2.595359800751789,2.7006400928610983,1.1784084881026573,0.16945197910510915,0.9773085660605164,0.022691433939483585,1.052668619246076,1.1440523384582986,0.9201227809775123,0.8618040708453701,0.8519388181651719,0.011513234239403647,0.766485783306228,1.5834172802192605,2.2198614360741296,1.1267632884180743e-9
137,136,0,local_loglinear,27,26,110,2.5751825058919025,2.680314882902008,1.1718470810125532,0.16980088171277719,0.9717072446039202,0.028292755396079783,1.0528186966291293,1.1466723177972258,0.9181513151478264,0.8589081097541544,0.8466296920460488,0.014398543172180228,0.7656243735741461,1.6078610325862688,2.224281740661781,1.0913031887169187e-9
137,136,0,local_loglinear,28,27,109,2.552977116038422,2.657827251729451,1.1645422498254856,0.17022409679670725,0.9657293860451173,0.034270613954882734,1.0529486460223632,1.1493850076181062,0.9160974251825417,0.8560901173336352,0.8412416562922294,0.017496685175824422,0.7646916986101528,1.6327251992021723,2.2290826441814007,1.850956735324117e-11
137,136,0,local_loglinear,29,28,108,2.5289029449778373,2.633344667598498,1.156550860805446,0.17071971426411808,0.9594079737073403,0.04059202629265968,1.0530592360120603,1.1521914838105003,0.9139620026780686,0.8533407671303976,0.8357794347539136,0.020794216000525667,0.7636896632726744,1.6580369852470254,2.234257918067087,2.6091721954306976e-10
137,136,0,local_loglinear,30,29,107,2.503110270312838,2.607025316141709,1.1479265916657282,0.171286228230682,0.952774037883042,0.047225962116957954,1.0531511834679321,1.1550930154431471,0.9117457809784215,0.8506512470202767,0.8302473510688615,0.02427855935925366,0.7626198468049646,1.683824747499209,2.2398031837081316,1.5667372238132135e-11
137,136,0,local_loglinear,31,30,106,2.4757405200005054,2.5790182508166026,1.1387199890963489,0.1719225090424728,0.9458567154146738,0.054143284585326246,1.0532251440702989,1.1580910552248744,0.9094493384769188,0.8480132246325895,0.8246493558161265,0.027937958022384635,0.7614835293264015,1.7101180525555622,2.245715789025968,8.077301435300291e-10
137,136,0,local_loglinear,32,31,105,2.446926526882852,2.5494636212875017,1.1289785516429445,0.17262777975143526,0.9386833190015053,0.061316680998494744,1.053281716183894,1.161187241602302,0.9070731045326412,0.8454188135101438,0.818989052146897,0.03176142543797397,0.7602817148079384,1.736947746807421,2.2519947067337407,1.2927948504170405e-11
137,136,0,local_loglinear,33,32,104,2.416792834701483,2.5184929610445095,1.1187468357779,0.1734015956383472,0.9312794085879144,0.06872059141208564,1.0533214491126217,1.1643834013485013,0.9046173690665326,0.8428605424770906,0.8132697199130725,0.03573870093906667,0.759015149647452,1.7643460293324853,2.2586404586918807,1.1083871163768055e-9
137,136,0,local_loglinear,34,33,103,2.385456044971676,2.486229524555968,1.108066572944624,0.17424382891656845,0.9236688777511972,0.07633112224880279,1.0533448384675268,1.1676815466102888,0.9020822856414279,0.8403313216438928,0.8074943384108488,0.039860200782212835,0.7576843401558826,1.7923465526228266,2.265655048981789,1.7648640840514633e-11
137,136,0,local_loglinear,35,34,102,2.3530251881838717,2.452788654509782,1.0969767967548385,0.1751546566733973,0.9158740421782269,0.08412595782177312,1.0533523297517338,1.1710838799871854,0.8994678756599912,0.8378244098857163,0.8016656076226221,0.04411697096601286,0.756289567379685,1.8209845352031793,2.2730419137912725,9.508856799904889e-10
137,136,0,local_loglinear,36,35,101,2.3196021100899595,2.418278168091386,1.0855139794848259,0.17613455061518205,0.9079157228149402,0.09208427718505985,1.0533443264362155,1.1745927993140894,0.8967740369695116,0.8353333865754985,0.7957859680261445,0.048500645226301126,0.7548308986372712,1.8502968752506732,2.2808058915545946,1.2730004480463896e-9
137,136,0,local_loglinear,37,36,100,2.2852818685254896,2.3827987581973735,1.0737121722182061,0.1771842698856722,0.8998133319058969,0.10018666809410315,1.0533211905253694,1.1782108948223586,0.8940005521542737,0.832852123460114,0.789857619141275,0.05300340326800318,0.7533081974679497,1.8803222809442786,2.28895320462245,7.76892927321203e-10
137,136,0,local_loglinear,38,37,99,2.250153133619715,2.3464444030787095,1.0616031399025796,0.17830485915956618,0.8915849723944883,0.1084150276055117,1.0532832328214372,1.1819409607727465,0.8911470773741579,0.830374751277201,0.7838825368372391,0.05761792279192082,0.751721134389844,1.911101441919073,2.297491439727533,9.455903068259882e-10
137,136,0,local_loglinear,39,38,98,2.214298579061432,2.3093027667180537,1.0492165023414268,0.17949764595141357,0.8832475163890823,0.11675248361091772,1.0532307304289243,1.1857859940239068,0.888213164716879,0.8278956362428158,0.777862489239763,0.06233734374885505,0.7500691928841133,1.942677181681145,2.3064295573038778,7.634772419352635e-10
137,136,0,local_loglinear,40,39,97,2.1777952695506997,2.2714555978377566,1.0365798726825972,0.18076424065066987,0.8748166848732291,0.12518331512677094,1.0531639259228844,1.1897492041400277,0.8851982604889662,0.8254093563550243,0.7717990516148592,0.06715523248834757,0.7483516746491506,1.9750946302941632,2.315777908636622,1.1697807383657795e-11
137,136,0,local_loglinear,41,40,96,2.14071504004441,2.232979124000511,1.0237189866344611,0.18210654182863684,0.8663071399623095,0.13369286003769054,1.0530830160893425,1.1938340128265539,0.8821017032309496,0.822910671805751,0.7656936202447922,0.07206553890145026,0.7465677061660597,2.0084014451161485,2.3255482499372118,5.293022632550788e-11
137,136,0,local_loglinear,42,41,95,2.1031248571648287,2.1939444260601815,1.0106578339055992,0.1835267402503687,0.8577325541666295,0.14226744583337048,1.0529881697717882,1.198044069558471,0.8789227345867653,0.8203945056427151,0.7595474251212644,0.07706256636464859,0.7447162409301009,2.0426480117581223,2.335753784428774,2.1176711455447926e-10
137,136,0,local_loglinear,43,42,94,2.065087170288674,2.1544178044444924,0.9974187811830777,0.1850273272286666,0.8491056880282747,0.15089431197172531,1.0528795194198668,1.2023832518270527,0.87566049994458,0.8178559202495401,0.7533615418404571,0.08214093665647865,0.742796062665443,2.0778876877033947,2.3464092041759494,1.628522802352202e-11
137,136,0,local_loglinear,44,43,93,2.0266602458718865,2.11446112847811,0.98402269104109,0.18661110487852756,0.8404384615456467,0.15956153845435328,1.0527571648312937,1.2068556753832707,0.8723140523799263,0.8152900961258523,0.7471369025826622,0.08729555787648746,0.7408057869435275,2.1141770631586243,2.3575307462429143,1.0486480462401257e-9
137,136,0,local_loglinear,45,44,92,1.9878984857223065,2.074132169344598,0.9704890352667136,0.18828119801134371,0.8317420187038487,0.16825798129615133,1.0526211763404967,1.211465702198988,0.8688823583117827,0.8126923133242132,0.7408743062853536,0.09252159575605237,0.7387438619640502,2.1515762382965655,2.369136259764788,8.004606448951363e-10
137,136,0,local_loglinear,46,45,91,1.9488527300944285,2.0334849187226225,0.9568360005983709,0.19004107039955792,0.8230267975072133,0.1769732024927867,1.0524715886762548,1.216217947696063,0.8653642964815637,0.8100579295724578,0.7345744281273507,0.09781444092823682,0.7366085695303437,2.1901491476803967,2.3812452788446827,1.1470490484383157e-11
137,136,0,local_loglinear,47,46,90,1.9095705418305435,1.9925698862298822,0.9430805934006711,0.1918945402225089,0.8143025803267095,0.18569741967329045,1.0523084154807534,1.2211172946435802,0.8617586697827428,0.8073823670920033,0.7282378282429081,0.10316968706434543,0.7343980230276544,2.2299638763344785,2.3938791201647684,8.12733488383295e-10
137,136,0,local_loglinear,48,47,89,1.8700964784735123,1.9514343864906623,0.9292387339165624,0.19384580156589432,0.8055785575005648,0.19442144249943516,1.0521316357326735,1.2261688944735345,0.8580642034508751,0.8046610924460111,0.721864959981815,0.1085831002360513,0.7321101673828496,2.2710930456547636,2.4070609782155246,1.1080465205101401e-11
137,136,0,local_loglinear,49,48,88,1.8304723458349386,1.9101228062100861,0.9153253462728677,0.19589944742839324,0.7968633801822648,0.20313661981773523,1.0519412005104254,1.231378182736111,0.8542795505545029,0.8018896007385363,0.7154561775115682,0.11405059369420054,0.7297427774499016,2.3136142186793967,2.42081603914283,5.2885771867587344e-11
137,136,0,local_loglinear,50,49,87,1.7907374363060322,1.8686768550098638,0.9013544453030198,0.19806049489071934,0.7881652063424683,0.21183479365753166,1.051737037514424,1.2367508895730346,0.8504032997926662,0.7990634025375554,0.7090117429340617,0.11956820591401665,0.7272934549737711,2.3576103340894683,2.4351716138525434,7.459086534046973e-10
137,136,0,local_loglinear,51,50,86,1.7509287541307545,1.827135803334116,0.8873392159901983,0.20033441463071125,0.7794917489308116,0.22050825106918837,1.051519046522772,1.242293045857409,0.8464339795100695,0.7961780091699133,0.7025318330294603,0.12513207635125678,0.7247596262934094,2.403170195647782,2.4501572792451234,1.2232498289513033e-9
137,136,0,local_loglinear,52,51,85,1.711081225946589,1.7855367048790356,0.8732920886856219,0.2027271639878105,0.7708503206420843,0.22914967935791575,1.0512871008467277,1.248010994945739,0.8423700633281965,0.7932289190657781,0.6960165455989251,0.13073842224836826,0.7221385392191497,2.450389008739788,2.4658050380679533,1.2213696885391214e-9
137,136,0,local_loglinear,53,52,84,1.6712278977226402,1.743914604960021,0.8592248077113268,0.205245224209317,0.7622478768287752,0.23775212317122485,1.0510410460043862,1.2539114031177605,0.8382099751155052,0.7902116044541272,0.689465905465138,0.13638351552470168,0.7194272603296057,2.49936897326238,2.4821494917243347,1.5145150514890184e-11
137,136,0,local_loglinear,54,53,83,1.6314001178621689,1.7023027331583271,0.8451485010021023,0.2078956390883221,0.7536910446927102,0.2463089553072898,1.0507807120468569,1.260001272896753,0.8339521035808986,0.7871215045868678,0.6828798701665721,0.14206366751751587,0.7166226693854407,2.550219901872505,2.499228047859406,7.128704510915422e-11
137,136,0,local_loglinear,55,54,82,1.5916277117741195,1.6607326889366918,0.8310737385266166,0.2106860625976328,0.7451861682554871,0.2548138317445129,1.050505895827923,1.2662879426726843,0.8295948025933801,0.7839540107123245,0.6762583355686866,0.14777520257500443,0.7137214572569061,2.603059955664666,2.5170811264750124,9.84884948594866e-10
137,136,0,local_loglinear,56,55,81,1.5519391413926646,1.6192346098545558,0.8170105917430612,0.2136248079649885,0.736739335674127,0.26326066432587303,1.050216376690044,1.2727791052766277,0.8251364061022894,0.7807044596419743,0.6696011411566947,0.15351444206294543,0.7107201207748312,2.6580164081258917,2.535752406571162,1.1675531883774795e-11
137,136,0,local_loglinear,57,56,80,1.5123616560513964,1.577837331693418,0.8029686854479463,0.21672090470053992,0.7283564140752564,0.2716435859247436,1.049911906998833,1.2794828102147497,0.8205752344751037,0.7773681233976235,0.6629080752950836,0.1592776825153165,0.7076149596768918,2.715226518602475,2.555289084701637,1.1352029872861768e-9
137,136,0,local_loglinear,58,57,79,1.4729214314632868,1.536568535233162,0.7889572495626851,0.219984159802443,0.720043074567695,0.279956925432305,1.0495922213722226,1.2864074758459874,0.8159096095752812,0.7739402038572057,0.6561788803509501,0.16506117937236142,0.7044020716674524,2.7748384710836462,2.57574217297179,1.3488832917980827e-11
137,136,0,local_loglinear,59,58,78,1.4336437002569444,1.4954548843659428,0.7749851665817111,0.22342522601505713,0.711804817233268,0.28819518276673195,1.0492570352170223,1.2935618907435016,0.811137868798794,0.7704158276231853,0.6494132578474989,0.17086112996118136,0.7010773483089139,2.837012416889884,2.597166823332121,8.459580991430362e-10
137,136,0,local_loglinear,60,59,77,1.3945528737257114,1.454522155598066,0.7610610128688475,0.22705567957696707,0.7036470009995639,0.2963529990004361,1.0489060382296502,1.300955215848903,0.80625837496275,0.7667900385356218,0.6426108736645595,0.176673652235545,0.6976364726918871,2.9019216530076535,2.6196226755292233,1.1386679871283425e-9
137,136,0,local_loglinear,61,60,76,1.3556726527684768,1.4137953551275066,0.7471931006022742,0.23088810316952393,0.6955748607033562,0.30442513929664383,1.0485389070779985,1.3085969930974266,0.8012695372286657,0.7630577972748411,0.6357713632287998,0.18249477151927973,0.6940749153470498,2.969753886006098,2.6431742557491384,1.1570647646249435e-9
137,136,0,local_loglinear,62,61,75,1.3170261319666012,1.3732988290955632,0.733389516128628,0.2349361790567151,0.6875935270268407,0.31240647297315927,1.0481553023781853,1.3164971391429598,0.7961698291729937,0.7592139801340516,0.6288943369084039,0.18832040467082928,0.6903879314104261,3.040712647937658,2.6678914118666,9.611283268722297e-10
137,136,0,local_loglinear,63,62,74,1.278635895670104,1.33305636601233,0.719658152078926,0.2392147943230393,0.679708050659509,0.320291949340491,1.0477548627291193,1.3246659399731264,0.7909578038598737,0.7552533761986964,0.6219793855883919,0.19414634051379098,0.686570560302299,3.115018891140168,2.69384978184518,2.102162479498566e-10
137,136,0,local_loglinear,64,63,73,1.240524104166744,1.2930912877956557,0.7060067406793819,0.24374015429884477,0.6719234145800853,0.3280765854199147,1.0473372180226002,1.3331140511979314,0.7856321198336083,0.751170691749761,0.6150260863831449,0.19996822810023185,0.6826176240109435,3.1929127165046696,2.7211313274564453,1.2378938292620498e-11
137,136,0,local_loglinear,65,64,72,1.2027125733294894,1.2534265342470097,0.6924428835524907,0.24852990902387984,0.6642445476254543,0.33575545237454574,1.046901988228929,1.3418524812296169,0.7801915656701639,0.7469605551967304,0.6080340086865421,0.20578156370889134,0.6785237273102155,3.27465530304713,2.74982491844056,8.382093872211066e-10
137,136,0,local_loglinear,66,65,71,1.165222846804553,1.214084740100479,0.6789740766762152,0.253603294923011,0.6566763405982343,0.3433236594017657,1.0464487803642506,1.3508925728295629,0.7746350830639123,0.742617521918084,0.6010027205607991,0.21158167558123925,0.6742832606891909,3.3605310713260046,2.7800269688668906,1.0675174351107033e-9
137,136,0,local_loglinear,67,66,70,1.1280762592665443,1.1750883019579055,0.6656077365641851,0.2589812889702292,0.649223652625698,0.35077634737430197,1.0459772012790176,1.360245985601659,0.7689617998147333,0.7381360859321672,0.5939317954459555,0.2173637155947855,0.669890402790729,3.450850051836971,2.8118421568125593,1.0776709979940178e-11
137,136,0,local_loglinear,68,67,69,1.0912939932353125,1.1364594395271037,0.6523512182770664,0.2646867836326988,0.6418913268158646,0.3581086731841354,1.045486846411244,1.369924659832731,0.7631710539022626,0.733510688190046,0.586820819353074,0.22312264386020042,0.6653391282388846,3.545950573786401,2.8453841953508734,6.854677354766835e-11
137,136,0,local_loglinear,69,68,68,1.0548971258144584,1.0982202451406384,0.6392118363987986,0.27074477578024714,0.6346841906663614,0.3653158093336386,1.0449773199655938,1.3799407904486614,0.7572624327061449,0.7287357351673494,0.5796693984197623,0.2288532247860891,0.6606232144080719,3.6462021929355943,2.8807767116052903,3.6168756241816725e-10
137,136,0,local_loglinear,70,69,67,1.0189066690024737,1.0603927274236868,0.6261968795212987,0.2771825795668189,0.6276070641154234,0.37239293588457656,1.044448226979711,1.3903067728784286,0.7512358044673353,0.7238056154486192,0.5724771670644813,0.2345500176109706,0.6557362535573324,3.752009001316529,2.918154199719617,7.1372912280640136e-12
137,136,0,local_loglinear,71,70,66,0.9833436005141958,1.022998844649941,0.6133136240349378,0.2840300605559665,0.6206647608919315,0.37933523910806854,1.043899183894647,1.401035153393574,0.745091357176959,0.7187147223367691,0.5652437966353998,0.2402073723932847,0.6506716668304366,3.863813293176077,2.957663086349035,5.19586492748165e-11
137,136,0,local_loglinear,72,71,65,0.9482288861655321,0.9860605295891063,0.6005693428830066,0.29131989580667556,0.6138620895969397,0.38613791040306034,1.0433298198048355,1.4121385615965696,0.7388296362541382,0.7134574791515619,0.5579690046530192,0.2458194267773285,0.6454227232889486,3.982099664754367,2.9994628996403834,1.3827583286335478e-10
137,136,0,local_loglinear,73,72,64,0.9135834926470344,0.9495997041714348,0.5879713130062875,0.29908786131086074,0.6072038509882399,0.3927961490117601,1.042739784920257,1.4236296366828052,0.7324515857578954,0.7080283693421955,0.5506525646448048,0.2513801064969583,0.6399825621034417,4.107399581809402,3.043727572181942,3.8980741482949557e-10
137,136,0,local_loglinear,74,73,63,0.8794283908550582,0.9136382844810562,0.575526818578652,0.30737315044234625,0.6006948335234717,0.39930516647652825,1.0421287548823797,1.4355209368213082,0.7259585897715838,0.7024219704103348,0.5432943166114212,0.25688312825310805,0.6343442201082399,4.240296484684813,3.09064687886286,7.530238410346562e-12
137,136,0,local_loglinear,75,74,62,0.8457845489956692,0.878198175041581,0.5632431521802492,0.316218726065373,0.5943398057981923,0.40566019420180766,1.0414964389536332,1.447824837407609,0.7193525156112642,0.6966329925022386,0.5358941781237048,0.2623220062958592,0.6285006638100732,4.381431489541347,3.140428036725154,5.932841447300075e-11
137,136,0,local_loglinear,76,75,61,0.8126729153798137,0.84330125264881,0.5511276100886573,0.3256717100520204,0.588143506810455,0.411856493189545,1.0408425840385123,1.4605534119637122,0.7126357554011672,0.6906563211886303,0.5284521560557138,0.26769006221644187,0.6224448286251358,4.531509766197613,3.1932974653853097,1.1631369390511314e-10
137,136,0,local_loglinear,77,76,60,0.7801143899813923,0.8089693383892138,0.5391874862997196,0.33578381343117003,0.5821106328455173,0.41788936715448266,1.0401669849347477,1.4737183028693497,0.7058112686186555,0.6844870650975297,0.5209683589312286,0.2729804391961731,0.6161696628855783,4.691307669034525,3.2495027520766944,4.0331632152131585e-10
137,136,0,local_loglinear,78,77,59,0.7481297848671166,0.7752241583030135,0.5274300612694343,0.3466118111947625,0.5762458216478651,0.4237541783521349,1.039469490237716,1.4873305713222118,0.6988826225185737,0.6781206079322137,0.5134430098606013,0.27818612043479723,0.6096681795151382,4.861680719676162,3.309314822639753,7.620967356924086e-12
137,136,0,local_loglinear,79,78,58,0.7167397729002064,0.7420872918238413,0.5158625884034568,0.35821806570440473,0.5705536334705028,0.4294463665294972,1.038750012116419,1.5014005344098855,0.6918540311594414,0.6715526649237946,0.5058764600165049,0.283299952352023,0.6029335137839937,5.0435725452736335,3.373030360337031,6.879231052906613e-11
137,136,0,local_loglinear,80,79,57,0.6859648248245285,0.7095801084574869,0.5044922740849159,0.3706711029879488,0.5650385293969845,0.4349614706030155,1.0380085314003453,1.5159375827784995,0.6847303894252837,0.6647793432071099,0.49826920258162244,0.2883146724633293,0.5959589901285649,5.2380248955588415,3.440974475362955,9.243419248527685e-10
137,136,0,local_loglinear,81,80,56,0.6558251342587086,0.6777236918587968,0.49332625567315486,0.38404624636330054,0.5597048468505881,0.4402951531494119,1.0372451076336233,1.5309499884973508,0.6775173032606338,0.6577972057672123,0.49062188707337995,0.2932229422024517,0.588738195338791,5.446188874091061,3.5135036819661956,1.2066050513120173e-9
137,136,0,local_loglinear,82,81,55,0.626340530967628,0.6465387516525887,0.4823715765667242,0.3984263091913442,0.5545567690008418,0.44544323099915817,1.036459891380211,1.5464446948547794,0.670221117398279,0.6506033403378573,0.4829353339281238,0.29801738778559017,0.5812650587685559,5.669337504941313,3.591009213768126,7.53240849151742e-12
137,136,0,local_loglinear,83,82,54,0.5975303831833914,0.6160455246567778,0.4716351529122177,0.4139023583314078,0.5495982994983899,0.4504017005016101,1.035653118465662,1.562427087599029,0.662848926958341,0.6431954260300302,0.47521054924272366,0.30269063918086797,0.5735339432881665,5.908879910887231,3.6739206758091365,7.807489638664111e-11
137,136,0,local_loglinear,84,83,53,0.5694134881399685,0.5862636631225703,0.46112374208227697,0.4305745398668226,0.5448332236662875,0.4551667763337125,1.034825134764582,1.5789007752749151,0.6554085924648433,0.6355718077011261,0.46744873940393894,0.3072353838852901,0.5655397395339063,6.1663771260008575,3.7627101488323684,8.919045679198127e-10
137,136,0,local_loglinear,85,84,52,0.542007953473951,0.557212114238685,0.4508439038731773,0.44855298263603227,0.5402650758737613,0.45973492412623873,1.0339763892379603,1.5958673381023305,0.6479087356142503,0.627731565898818,0.459651325545398,0.31164441813194904,0.5572779697749172,6.4435599394938725,3.8578967239285267,1.0436995283424105e-9
137,136,0,local_loglinear,86,85,51,0.5153310692520792,0.5289089895169076,0.44080196177975367,0.4679587722437914,0.5358970988139626,0.46410290118603736,1.0331074497562367,1.6133260924143742,0.6403587313276333,0.619674589443989,0.4518199575041625,0.31591070814437383,0.5487448952515128,6.742348882530734,3.9600515783372967,5.4406519342241464e-12
137,136,0,local_loglinear,87,86,50,0.4893991729868029,0.5013714275876434,0.431003957217168,0.4889250064638743,0.5317322084799719,0.46826779152002806,1.0322189944554012,1.631273842402469,0.6327686790681287,0.611401641653563,0.4439565271016833,0.3200274488206234,0.5399376313895335,7.064876781832993,4.069803590500795,9.93984665460123e-10
137,136,0,local_loglinear,88,87,49,0.4642275083965359,0.4746154498025579,0.42145560685270356,0.5115979179282739,0.5277729483126624,0.4722270516873376,1.031311831859359,1.6497046594993827,0.6251493719926327,0.6029144283074883,0.4360631803940893,0.3239881347077157,0.5308542622684023,7.413514010237494,4.187845646737175,8.414566396375456e-10
137,136,0,local_loglinear,89,88,48,0.43983008125016154,0.4486558135247909,0.41216225427676684,0.5361380768913242,0.5240214531564811,0.4759785468435189,1.0303868861761978,1.668609651208236,0.6175122416618514,0.5942156543956768,0.42814232871375246,0.3277866239873609,0.521493959627824,7.790897028474611,4.314941633253019,1.222804521585982e-9
137,136,0,local_loglinear,90,89,47,0.4162195135618072,0.42350586300644244,0.4031288251557438,0.5627216488104002,0.5204794020856953,0.4795205979143047,1.029445215076437,1.687976774923818,0.6098693005553338,0.585309080045884,0.4201966580836106,0.33141721444445504,0.5118570977221254,8.19996036463564,4.451934283317012,5.1890024981580485e-12
137,136,0,local_loglinear,91,90,46,0.39340689986923344,0.3991773831688413,0.3943597777960136,0.5915417176898008,0.5171479851103684,0.4828520148896316,1.0284879877633468,1.7077906557123157,0.6022330572679979,0.5761995603410693,0.41222913681772977,0.3348747075423777,0.5019453684250862,8.643972813972228,4.5997538886557,1.2636886565753608e-9
137,136,0,local_loglinear,92,91,45,0.37140166734326463,0.37568045644730913,0.38585905990101443,0.6228096337647048,0.5140278587059097,0.4859721412940903,1.0275165027132769,1.7280324705162724,0.5946164324136183,0.5668930816712338,0.40424302086141983,0.3381544835692991,0.49176188601389637,9.126578037256634,4.759428095060681,1.1240740156078858e-10
137,136,0,local_loglinear,93,92,44,0.35021144387786496,0.35302332844332396,0.37763006333584975,0.6567563852799684,0.5111191154775668,0.48888088452243317,1.0265321643569851,1.7486798460526518,0.5870326501870582,0.5573967795243877,0.39624185670751133,0.341252563272486,0.48131128586212935,9.651840506983344,4.932092809556013,3.1779238077949692e-12
137,136,0,local_loglinear,94,93,43,0.3298419363907715,0.3312122834169538,0.36967558526001315,0.693633938761689,0.508421247794474,0.49157875220552605,1.0255364915048777,1.76970683480704,0.5794951295516113,0.5477189478005942,0.3882294814927284,0.34416567447516766,0.470599807932136,10.224297168702243,5.119004453070288,8.361302452548615e-10
137,136,0,local_loglinear,95,94,42,0.31029682310882956,0.31025153436928005,0.3619977913043475,0.7337165190381365,0.5059331220444507,0.49406687795554927,1.0245310992209133,1.7910839263366491,0.5720173600778238,0.537869029869925,0.38021002012094685,0.3468913070468439,0.45963536619502177,10.84901583667975,5.321553659716187,2.682853357793748e-12
137,136,0,local_loglinear,96,95,41,0.2915776623264283,0.290143129817832,0.3545981841968832,0.7773017631179205,0.5036529578047431,0.49634704219525694,1.0235176901946312,1.8127781346802014,0.5646127734077031,0.5278575940843383,0.37218787914486706,0.3494277609125912,0.4484275987184082,11.531661116775458,5.541280643353597,3.9788623908710896e-10
137,136,0,local_loglinear,97,96,40,0.27368382051359597,0.2708868800849031,0.3474775792501965,0.824711664568879,0.5015783092918623,0.4984216907081377,1.0224980494877571,1.834753148500116,0.5572946149860184,0.5176962949934186,0.36416773725678275,0.3517741890822276,0.4369878951833839,12.278568778156682,5.779892456310607,4.614585051129079e-12
137,136,0,local_loglinear,98,97,39,0.2566124222707598,0.252480306019122,0.34063608530502754,0.8762932226983701,0.4997060588801758,0.5002939411198242,1.0214740250329597,1.8569695372144497,0.5500758114563492,0.5073978154244585,0.35615453232700744,0.3539306254882102,0.42532940102690475,13.09682990077801,6.0392823520187395,9.374262799043904e-11
137,136,0,local_loglinear,99,98,38,0.24035832385587635,0.23491861152154755,0.3340730936211187,0.9324186604915156,0.4980324141504047,0.5019675858495953,1.0204475204970127,1.8793850298255592,0.5429688458206612,0.4969757945321774,0.3481534449187047,0.3558980054897921,0.41346699459376623,13.994385912573046,6.321551559055116,5.131110381549547e-10
137,136,0,local_loglinear,100,99,37,0.22491411183218551,0.2181946816767304,0.3277872740133884,0.9934850690160192,0.49655291536950114,0.5034470846304988,1.019420478711232,1.9019548425389825,0.5359856374667518,0.486444739311345,0.34016987836173807,0.357678171843095,0.401417236908076,14.980136133705063,6.629033762155988,2.055487229899329e-12
137,136,0,local_loglinear,101,100,36,0.21027012757131772,0.20229910698880257,0.3217765799697784,1.0599132892976055,0.49526245012253894,0.5047375498774611,1.0183948712654578,1.9246320597014477,0.5291374349357107,0.4758199226643053,0.3322094354920053,0.35927386910006687,0.3891982922423386,16.064059435725042,6.964322677791466,4.856283476681596e-11
137,136,0,local_loglinear,102,101,35,0.19641451773454432,0.1872202341843327,0.31603825984613115,1.1321458161669744,0.4941552766391519,0.5058447233608481,1.0173726815487596,1.947368047086673,0.522434720581342,0.4651172689872792,0.32427789227145865,0.3606887247825319,0.37682982192004627,17.257351968500917,7.330303074606039,1.0090295332586389e-9
137,136,0,local_loglinear,103,102,34,0.18333331026460137,0.17294424264509364,0.3105688778113929,1.2106434674579465,0.4932250543095123,0.5067749456904878,1.0163558957196903,1.9701128997186381,0.515887133100261,0.4543532300097266,0.31638116856913034,0.3619272188688246,0.364332849539251,18.572583096638553,7.73018577524257,1.8148243791529799e-12
137,136,0,local_loglinear,104,103,33,0.17101051465480993,0.15945524562499586,0.3053643408077613,1.2958805408004745,0.4924648849187612,0.5075351150812388,1.0153464838242563,1.9928158941033902,0.5095034051206632,0.443544651474634,0.30852529646462457,0.3629946381958349,0.35172960209534126,20.023872168120036,8.167547097981801,5.3014364705832996e-11
137,136,0,local_loglinear,105,104,32,0.15942824473329492,0.14673541406568802,0.3004199335596882,1.3883381241266328,0.4918673560573876,0.5081326439426124,1.0143463941908402,2.015425951857285,0.5032913232342199,0.4327086369632929,0.30071638647416954,0.36389702472198704,0.33904332782144225,21.627088671858953,8.646373392583552,8.606056468092768e-10
137,136,0,local_loglinear,106,105,31,0.14856686163759875,0.13476512096802087,0.2957303590412699,1.4884952495129407,0.49142459507247127,0.5085754049275287,1.0133575344551822,2.0378920822790794,0.49725770234206534,0.4218624073751058,0.2929605922033134,0.3646411096245229,0.3262980957517626,23.400079319437165,9.171111304262093,1.2157899272259816e-12
137,136,0,local_loglinear,107,106,30,0.1384051340736923,0.12352310327274096,0.2912897838948573,1.5968175563863505,0.49112832885084107,0.508871671149159,1.012381757443219,2.0601638154724,0.49140837725619296,0.4110231606610849,0.2852640739111997,0.3652342384920467,0.3135185807347716,25.362925635596397,9.746724543182523,8.003236263204018e-10
137,136,0,local_loglinear,108,107,29,0.1289204128027699,0.11298663796340509,0.2870918891881334,1.713743155017981,0.49096994440630976,0.5090300555936902,1.0114208536516138,2.082191613799164,0.4857482120995468,0.40020793614687067,0.2776329615245836,0.36568429334056174,0.3007298375756393,27.538236048935506,10.378758076134265,1.2563385153165696e-9
137,136,0,local_loglinear,109,108,28,0.12008881585743326,0.10313172922579168,0.28312992307032475,1.839665497710577,0.49094055820853066,0.5090594417914693,1.0104765294047773,2.103927246453017,0.48028111766142395,0.3894334820944755,0.27007331766968734,0.36599960398783027,0.2879570708971871,29.951477689894368,11.073410661395833,1.264856902468432e-9
137,136,0,local_loglinear,110,109,27,0.1118854209854528,0.09393330285044175,0.2793967559610518,1.9749131430309657,0.49103108537271856,0.5089689146272814,1.0095503967267374,2.1253241500153455,0.47501008103608483,0.3787161320985367,0.2625911012365303,0.3661888584708832,0.2752254043344289,32.63135303156312,11.837616907458331,1.271981117201975e-9
137,136,0,local_loglinear,111,110,26,0.1042844618222201,0.08536540445262711,0.27588493669913333,2.1197265273776984,0.49123231137303736,0.5087676886269626,1.0086439583846136,2.1463377570676214,0.4699372011992406,0.3680716906496874,0.25519213201366586,0.3662610104157825,0.2625596542998616,35.6102278023914,12.679140122762405,1.1566725801845987e-12
137,136,0,local_loglinear,112,111,25,0.09725952431668777,0.07740139810962834,0.2725867478886193,2.2742321232151874,0.49153496553253323,0.5084650344674668,1.0077585919228171,2.1669258015260224,0.46506372816878155,0.35751532939101316,0.2478820568775914,0.36622518469435117,0.24998411327598308,38.92461738767972,13.606677380427232,4.890586705111881e-11
137,136,0,local_loglinear,113,112,24,0.0907837403040958,0.07001416211263624,0.2694942608032552,2.438414696956341,0.4919297924492776,0.5080702075507224,1.0068955403239885,2.18704860598639,0.460390106359737,0.34706149636232225,0.2406663179766711,0.366090585817632,0.23752234582554022,42.61573973131142,14.629978504884042,9.701718249508474e-11
137,136,0,local_loglinear,114,113,23,0.0848299751575757,0.06317627908701308,0.2665993867332404,2.612088842177088,0.4924076257583623,0.5075923742416377,1.0060558942600075,2.2066693399561146,0.4559160160715405,0.3367238370986612,0.2335501233071065,0.3658664049981635,0.22519700223779585,46.730144536602964,15.759980748543194,1.3024975869841573e-10
137,136,0,local_loglinear,115,114,22,0.07937100703366308,0.05686021778761365,0.2638939254706832,2.794871391352969,0.4929594596916894,0.5070405403083106,1.0052405831981315,2.225754267016535,0.45164041605796174,0.32651512951684686,0.2265384199960509,0.36556173088739663,0.21302965158982243,51.32042936090464,17.00896133627808,1.8414030448315425e-10
137,136,0,local_loglinear,116,115,21,0.07437969542758006,0.0510385045092872,0.26136960882786053,2.9861568146262347,0.49357652082420445,0.5064234791757956,1.0044503627387427,2.244272965394489,0.4475615837408551,0.31644723166603117,0.21963587055803668,0.36518546181225364,0.2010406371752895,56.44605533913604,18.390710187475154,1.2867597289364406e-9
137,136,0,local_loglinear,117,116,20,0.06982913719402195,0.04568388236601796,0.25901813812903723,3.1850981154106353,0.494250340616511,0.5057496593834889,1.0036858023328112,2.262198531134001,0.4436771523451043,0.30653104193306885,0.21284683231246054,0.364746219075029,0.18924895578827408,62.174277160361164,19.920725451247925,6.925829362891497e-13
137,136,0,local_loglinear,118,117,19,0.06569280837050168,0.04076945720891692,0.25683121252738833,3.3905960416613277,0.49497283561475364,0.5050271643852464,1.0029472628816336,2.279507765738768,0.4399841395392603,0.29677646923846923,0.2061753400817103,0.36425225440984255,0.17767216270269037,68.58120513614121,21.616434628904173,9.184007581721774e-10
137,136,0,local_loglinear,119,118,18,0.061944690689346105,0.03626882920812132,0.25480054711484174,3.6012993812106835,0.4957363916640652,0.5042636083359349,1.0022348793828122,2.2961813729868705,0.4364789694635951,0.2871924141923674,0.19962509220857577,0.3637113554019902,0.16632630212733768,75.75301911347677,23.49744444642116,1.3401952856102864e-9
137,136,0,local_loglinear,120,119,17,0.05855938133171834,0.032156209823844685,0.2529178732818902,3.815619008943587,0.49653397458062387,0.5034660254193761,1.0015485086433527,2.3122041655125067,0.4331574709456319,0.2777867543329087,0.19319943988983307,0.3631307259431382,0.1552258654421559,83.78736144145059,25.585822304288495,5.492715341516507e-13
137,136,0,local_loglinear,121,120,16,0.05551218480737144,0.028406523991721055,0.25117491545236315,4.031757597475708,0.4973592729991009,0.5026407270008991,1.0008876634090065,2.327565360899443,0.4300148473691981,0.268566332684154,0.18690137972008514,0.3625168359761033,0.144383777155034,92.79494042833149,27.9064121349555,3.5421158213447516e-11
137,136,0,local_loglinear,122,121,15,0.05277918539660263,0.02499549787494795,0.24956333247049517,4.247756077706569,0.4982069012107124,0.5017930987892876,1.0002513988352408,2.342259019730257,0.4270455959010176,0.25953694324270615,0.18073354930628466,0.36187521226659136,0.1338114100562763,102.90138749596886,30.48718650542014,6.857517927280008e-11
137,136,0,local_loglinear,123,122,14,0.05033729745398201,0.021899732990640373,0.24807460198977901,4.461556922382134,0.49907270646627117,0.5009272935337288,0.9996381160661112,2.356284750647946,0.42424334146848103,0.25070330451383005,0.17469822574304894,0.3612101251585158,0.1235186334713895,114.24942839760851,33.35963439673847,9.15054045815547e-11
137,136,0,local_loglinear,124,123,13,0.048164289817797676,0.019096767717430886,0.24669981909574595,4.671083270513347,0.4999542408979358,0.5000457591020642,0.9990452554204572,2.3696489022885685,0.42160053941138514,0.24206901112712248,0.1687973266690478,0.360524110682481,0.11351389840604464,127.00145460159493,36.55918026830426,1.2748401577946287e-10
137,136,0,local_loglinear,125,124,12,0.046238777664633544,0.01656512777146464,0.24542935919282305,4.874332486456265,0.5008515024550036,0.49914849754499635,0.9984687960643461,2.3823665402279337,0.4191079664713631,0.23363644661825472,0.16303241356961506,0.359817222973456,0.10380436821971131,141.34262759058768,40.1256215993113,1.8387455144977176e-10
137,136,0,local_loglinear,126,125,11,0.044540170979764364,0.014284367698562972,0.24425232762543808,5.069483186428697,0.5017681064501663,0.49823189354983366,0.9979024567848895,2.3944647201469356,0.41675387755291443,0.2254066335125084,0.15740469691102493,0.35908585498871615,0.09439610795360762,157.48472662876375,44.103557128405484,2.720887581530492e-10
137,136,0,local_loglinear,127,126,10,0.043048561857771665,0.012235106114429005,0.24315567298587257,5.255016769558913,0.5027131432621873,0.4972868567378127,0.9973364248774351,2.4059878488419524,0.41452263583021504,0.21737898539090422,0.15191504260118394,0.35832087234843657,0.08529435331808971,175.6710861762903,48.54275045896003,4.097423012495253e-10
137,136,0,local_loglinear,128,127,9,0.04174452175069086,0.010399058349970661,0.24212276975383934,5.429858741859716,0.5037041252283152,0.4962958747716848,0.9967553448145305,2.417006384848273,0.41239251623950574,0.2095509087311533,0.14656397915294916,0.3575046600543199,0.07650389214584102,196.18320645911515,53.498323974630665,6.239416910433353e-10
137,136,0,local_loglinear,129,128,8,0.04060876211887651,0.008759071490529955,0.24113116364613932,5.593552574530931,0.5047716575523463,0.4952283424476537,0.9961351513067366,2.4276308519002865,0.41033221773688855,0.20191717759401037,0.14135170476631065,0.3566064567420859,0.0680296092303219,219.3500384273766,59.03058876182703,9.562450931581472e-10
137,136,0,local_loglinear,130,129,7,0.03962158396544913,0.007299168765729778,0.24014899664120654,5.746490969294158,0.5059668321035192,0.4940331678964808,0.9954381105250356,2.4380342736065526,0.40829537193195276,0.19446896873162,0.13627809332624585,0.35557500469409953,0.05987727362060644,245.5616823388639,65.2041566796742,1.4701136388326307e-9
137,136,0,local_loglinear,131,130,6,0.03876199759107156,0.00600461321581451,0.23912935181294814,5.890248838855502,0.50737291400562,0.49262708599438,0.9946051115711773,2.4484879205400536,0.40621197402182857,0.18719239547251645,0.1313426980128245,0.35432701798855915,0.052054692260707476,275.29054623148716,72.08569607069083,2.2619699145069105e-9
137,136,0,local_loglinear,132,131,5,0.038006324531782196,0.004862005125737018,0.2380013245509976,6.028094167643983,0.5091237849858238,0.4908762150141762,0.9935438071652186,2.4594180556645684,0.40397516187899557,0.18006631469158255,0.12654475081895805,0.35272919097187394,0.04457342772992485,309.1253291651263,79.73918522413143,3.4773736868656882e-9
137,136,0,local_loglinear,133,132,4,0.03732598525893812,0.003859434891159972,0.23665594997216471,6.165807807756003,0.5114330029816581,0.48856699701834194,0.9921106584039259,2.4714957336412997,0.401421149508614,0.17305910839683022,0.12188315576327557,0.3505703570142742,0.03745140536091361,347.82731168428825,88.21661320095204,5.334076833139229e-9
137,136,0,local_loglinear,134,133,3,0.036684008630768,0.002986724555905686,0.2349240669879509,6.3130444143707996,0.5146395017404447,0.4853604982595553,0.9900844512770072,2.4857785141598483,0.3982995450468117,0.16612408670861362,0.11735647301380733,0.34751893873084705,0.030716967995067724,392.4257506678497,97.54046420053118,8.15349001511046e-9
137,136,0,local_loglinear,135,134,2,0.036029545365966205,0.0022358105434807573,0.2325415974449281,6.485667938294768,0.5192792604697418,0.4807207395302582,0.9871289638669061,2.5039334676434266,0.3942313071105444,0.15919320130471742,0.11296289067545717,0.3430592034512634,0.024415390407261314,444.3821517266935,107.67144369176195,1.240016012528333e-8
137,136,0,local_loglinear,136,135,1,0.03528930224624351,0.0016013532961644706,0.22909536609336767,6.7099289632154395,0.5261971360749622,0.4738028639250378,0.9827446818893624,2.5285868557570996,0.38865371764938356,0.15216909812235097,0.10870018112591551,0.33639892971995966,0.018619810905749434,505.8760686354306,118.44978993413379,1.872257233961615e-8
137,136,0,local_loglinear,137,136,0,0.03435435523884209,0.0010817180327845938,0.22393949352590098,7.030368006570836,0.5367194665722768,0.46328053342772324,0.9762175415814971,2.5638693269835406,0.3807594760416447,0.1449166329044599,0.10456564068862287,0.32634361682141333,0.013450648780941793,580.3046261251104,129.48956801285664,1.6331730215479142e-6
