sweep_kind,sweep_value,case_id,label,pi,gamma,T_max,t,model_t,rebased_nfa_current_Y,cum_va_current_Y,cum_va_asset_current_Y,cum_va_liability_current_Y,cum_ca_current_Y,cum_ca_asset_current_Y,cum_ca_liability_current_Y,cum_ca_bond_current_Y,q_us_index,q_row_index,row_equity_asset_current_Y,us_equity_liability_current_Y
gamma,0.25,pi_0p750_gamma_0p25,γ = 0.25 (AHP),0.75,0.25,105,1,0,0.0,0.0,0.0,0.0,0.0,0.0,0.0,0.0,1.0,1.0,0.2781098186997062,0.16556991369979623
gamma,0.25,pi_0p750_gamma_0p25,γ = 0.25 (AHP),0.75,0.25,105,2,1,-0.007721869720817993,-0.005902089992555523,-0.002663479057470265,-0.003238610935085258,-0.0018197797282625042,0.0044204121873444285,-0.004702798311437473,-0.0015373936041694599,1.0196258533113685,0.9903908680426188,0.2789390000723863,0.17295899516770386
gamma,0.25,pi_0p750_gamma_0p25,γ = 0.25 (AHP),0.75,0.25,105,3,2,-0.014630197267137898,-0.011483619067781177,-0.004933586164209315,-0.006550032903571861,-0.003146578199356724,0.00926379135931375,-0.009447777356824198,-0.002962592201846276,1.0394181879616873,0.9822078232454329,0.27958136039528797,0.17986584708606518
gamma,0.25,pi_0p750_gamma_0p25,γ = 0.25 (AHP),0.75,0.25,105,4,3,-0.020721452044863226,-0.016733018494814872,-0.0068412400179884425,-0.00989177847682643,-0.003988433550048369,0.014485232923047802,-0.014207430691526997,-0.004266235781569176,1.0593289614215378,0.9752539890890712,0.28003925755888287,0.18626701996997314
gamma,0.25,pi_0p750_gamma_0p25,γ = 0.25 (AHP),0.75,0.25,105,5,4,-0.02600410876101371,-0.02164211511432193,-0.008416586990294917,-0.013225528124027013,-0.004361993646691814,0.020036266227615722,-0.01895530999835998,-0.005442949875947554,1.0793232341689296,0.9693645150750267,0.28031849390098607,0.19214800419766226
gamma,0.25,pi_0p750_gamma_0p25,γ = 0.25 (AHP),0.75,0.25,105,6,5,-0.030496540819291075,-0.02620639228074446,-0.009688802389680212,-0.01651758989106425,-0.004290148538546614,0.025867026495156493,-0.023666188933297357,-0.006490986100405754,1.0993774300088175,0.9644009558315308,0.28042775131380737,0.19750210587824046
gamma,0.25,pi_0p750_gamma_0p25,γ = 0.25 (AHP),0.75,0.25,105,7,6,-0.03422502299250586,-0.03042498244134806,-0.01068590995850968,-0.019739072482838377,-0.003800040551157795,0.03192797318497108,-0.028316227436757435,-0.007411786299371446,1.1194777176073585,0.96024668820864,0.28037801126553974,0.20232930848911204
gamma,0.25,pi_0p750_gamma_0p25,γ = 0.25 (AHP),0.75,0.25,105,8,7,-0.03722188318678822,-0.03430045148159023,-0.011434623930704152,-0.02286582755088607,-0.00292143170519804,0.038171171219096564,-0.03288313290003625,-0.008209470024258364,1.139618501626994,0.9568031883978316,0.2801819721149989,0.20663517263985484
gamma,0.25,pi_0p750_gamma_0p25,γ = 0.25 (AHP),0.75,0.25,105,9,8,-0.0395238654301891,-0.03783845876710496,-0.01196022644952348,-0.025878232317581476,-0.0016854066630841453,0.04455120251851225,-0.037346303638801405,-0.008890305542795008,1.159801101345365,0.9539869836278116,0.27985349671683707,0.2104298176550602
gamma,0.25,pi_0p750_gamma_0p25,γ = 0.25 (AHP),0.75,0.25,105,10,9,-0.04117068827232598,-0.04104732776774603,-0.012286474880550432,-0.02876085288719559,-0.00012336050457999024,0.051025748703703404,-0.041686951914834805,-0.0094621572934486,1.1800325516226888,0.9517271745340892,0.2794070944945989,0.21372699747920512
gamma,0.25,pi_0p750_gamma_0p25,γ = 0.25 (AHP),0.75,0.25,105,11,10,-0.042203828842820576,-0.043937589433886315,-0.012435545607722413,-0.031502043826163895,0.0017337605910657276,0.05755592470900956,-0.045888194741725036,-0.009933969376218817,1.2003245849906352,0.9499633986040298,0.2788574650024521,0.21654328725217342
gamma,0.25,pi_0p750_gamma_0p25,γ = 0.25 (AHP),0.75,0.25,105,12,11,-0.04266550867764432,-0.046521522149273985,-0.012428008645521684,-0.03409351350375229,0.003856013471629626,0.06410641413731401,-0.04993511049192329,-0.010315290173761102,1.2206927554360059,0.9486441608949578,0.27821910633417857,0.2188973764307181
gamma,0.25,pi_0p750_gamma_0p25,γ = 0.25 (AHP),0.75,0.25,105,13,12,-0.04259786865164706,-0.04881271223664489,-0.012282829865044583,-0.0365298823716003,0.006214843584997779,0.07064546075043453,-0.053814759193495994,-0.010615857971940777,1.2411556946753066,0.9477254622473681,0.2775059954306506,0.22080946343037375
gamma,0.25,pi_0p750_gamma_0p25,γ = 0.25 (AHP),0.75,0.25,105,14,13,-0.042042318743451615,-0.05082565355511721,-0.012017397944785123,-0.038808255610332076,0.008783334811665553,0.07714476174321644,-0.05751616699992712,-0.010845259931623786,1.2617344998850957,0.947169665209596,0.2767313414814664,0.2223007455150741
gamma,0.25,pi_0p750_gamma_0p25,γ = 0.25 (AHP),0.75,0.25,105,15,14,-0.04103904193487188,-0.052575395256413276,-0.01164757177030535,-0.04092782348610791,0.011536353321541402,0.08357929930899723,-0.06103027702182888,-0.011012668965626958,1.2824522421759912,0.9469445524513475,0.2759074101266564,0.22339299382039646
gamma,0.25,pi_0p750_gamma_0p25,γ = 0.25 (AHP),0.75,0.25,105,16,15,-0.03962662753903861,-0.05407723859238507,-0.011187742956891645,-0.04288949563549341,0.014450611053346425,0.08992713367553634,-0.06434987215763585,-0.011126650464554088,1.303333573706931,0.9470225450510512,0.27504540931495175,0.22410820295222206
gamma,0.25,pi_0p750_gamma_0p25,γ = 0.25 (AHP),0.75,0.25,105,17,16,-0.03784181159975999,-0.055346481055848204,-0.010650908880573231,-0.04469557217527495,0.017504669456088234,0.09616917752269578,-0.06746947481356057,-0.011195033253047004,1.3244044139018163,0.9473800538139897,0.2741554297325187,0.2244683041278272
gamma,0.25,pi_0p750_gamma_0p25,γ = 0.25 (AHP),0.75,0.25,105,18,17,-0.03571931437089684,-0.05639821214348044,-0.010048754951158317,-0.0463494571923221,0.020678897772583582,0.10228896784632804,-0.070385228577742,-0.011224841496002485,1.345691728333312,0.9479969321471655,0.2732464313330988,0.22449493711974447
gamma,0.25,pi_0p750_gamma_0p25,γ = 0.25 (AHP),0.75,0.25,105,19,18,-0.03329174584958042,-0.057247147690976614,-0.009391739812731451,-0.047855407878245146,0.02395540184139618,0.10827243914919481,-0.07309476871602619,-0.011222268591772463,1.3672233561411977,0.9488560227372203,0.27232626422130535,0.2242092680706631
gamma,0.25,pi_0p750_gamma_0p25,γ = 0.25 (AHP),0.75,0.25,105,20,19,-0.030589575419234273,-0.05790750695511827,-0.008689184053635553,-0.049218322901482696,0.027317931535884007,0.11410770850798395,-0.07559708493281118,-0.011192692039288788,1.3890279097794835,0.9499427717881287,0.27140171774316413,0.22363185062274424
gamma,0.25,pi_0p750_gamma_0p25,γ = 0.25 (AHP),0.75,0.25,105,21,20,-0.027641144939431952,-0.05839292088364838,-0.007949357989411278,-0.05044356289423709,0.030751775944216412,0.11978486940841854,-0.0778923831834234,-0.01114071028077876,1.4111347154773475,0.9512449065109871,0.27047858553696347,0.22278252194322568
gamma,0.25,pi_0p750_gamma_0p25,γ = 0.25 (AHP),0.75,0.25,105,22,21,-0.024472710598326113,-0.05871636452751021,-0.007179566308058894,-0.05153679821945131,0.034243653929184055,0.12529580105545818,-0.07998194727126091,-0.011070199855013228,1.4335737763437926,0.9527521681927676,0.26956174584559356,0.22168032381968347
gamma,0.25,pi_0p750_gamma_0p25,γ = 0.25 (AHP),0.75,0.25,105,23,22,-0.021108521349099612,-0.058890120177173426,-0.00638623207209506,-0.052503888105078354,0.03778159882807382,0.13063399034224196,-0.08186800663264078,-0.010984384881527375,1.4563757992747337,0.9544560793769634,0.268655245217423,0.22034345540843994
gamma,0.25,pi_0p750_gamma_0p25,γ = 0.25 (AHP),0.75,0.25,105,24,23,-0.017570905950270933,-0.05892575378701619,-0.005574974889333738,-0.053350778897682444,0.041354847836745215,0.13579436667697087,-0.08355360969164445,-0.010885909148581233,1.4795722267164717,0.9563497536776511,0.2677623850694252,0.21878924124987537
gamma,0.25,pi_0p750_gamma_0p25,γ = 0.25 (AHP),0.75,0.25,105,25,24,-0.01388037272901825,-0.05883410685998531,-0.004750684599454,-0.0540834222605313,0.044953734130967045,0.1407731494642063,-0.08504250563269944,-0.010776909700539846,1.5031952922461629,0.9584277361924651,0.2668858069033796,0.21703411664077646
gamma,0.25,pi_0p750_gamma_0p25,γ = 0.25 (AHP),0.75,0.25,105,26,25,-0.010055720688348094,-0.058625303167563675,-0.003917591034768617,-0.05470771213279505,0.04856958247921556,0.14556770834812732,-0.08633903560964293,-0.010659090259268861,1.5272781092962484,0.960685866601715,0.266027573746773,0.21509362902179469
gamma,0.25,pi_0p750_gamma_0p25,γ = 0.25 (AHP),0.75,0.25,105,27,26,-0.006114151328348115,-0.0583087632376923,-0.0030793283280010964,-0.055229434909691205,0.05219461190934421,0.15017643406472742,-0.0874480334395838,-0.01053378871579941,1.5518547722611684,0.9631211661057489,0.26518924594536475,0.2129824491456584
gamma,0.25,pi_0p750_gamma_0p25,γ = 0.25 (AHP),0.75,0.25,105,28,27,-0.002071378138607213,-0.057893223540463896,-0.002238993453715711,-0.055654230086748184,0.05582184540185665,0.15459861990855192,-0.088374735747275,-0.010402038759420265,1.5769604634637213,0.9657317464628176,0.2643719515473034,0.21071438918794846
gamma,0.25,pi_0p750_gamma_0p25,γ = 0.25 (AHP),0.75,0.25,105,29,28,0.002058262736788954,-0.05738676246430577,-0.0013992004717562855,-0.05598756199254948,0.059445025201094716,0.1588343527112572,-0.08912470221657644,-0.010264625293586046,1.6026315827045874,0.9685167335999654,0.2635764492595943,0.20830242940993426
gamma,0.25,pi_0p750_gamma_0p25,γ = 0.25 (AHP),0.75,0.25,105,30,29,0.0062617044936675425,-0.056796830360327996,-0.0005621303154489356,-0.05623470004487906,0.06305853485399551,0.1628844141519243,-0.08970374462558162,-0.0101221346723472,1.6289058942279764,0.9714762047812567,0.26280318554778703,0.20575874983841033
gamma,0.25,pi_0p750_gamma_0p25,γ = 0.25 (AHP),0.75,0.25,105,31,30,0.01052704861854894,-0.0561302795549954,0.00027042468953629125,-0.056400704244531696,0.0666573281735443,0.16675018923440255,-0.09011786482709044,-0.009974996233767778,1.6558226770064772,0.9746111415789358,0.2620523444758972,0.20309476440264537
gamma,0.25,pi_0p750_gamma_0p25,γ = 0.25 (AHP),0.75,0.25,105,32,31,0.014843466105747966,-0.0553933978926856,0.0010970196307117702,-0.05649041752339737,0.07023686399843355,0.1704335843443949,-0.0903732004712076,-0.009823519874753757,1.6834228999217309,0.9779233909276055,0.26132389211278856,0.200321158750582
gamma,0.25,pi_0p750_gamma_0p25,γ = 0.25 (AHP),0.75,0.25,105,33,32,0.01920110769428679,-0.054591939467688255,0.0019165209451506725,-0.05650846041283894,0.07379304716197504,0.17393695122552724,-0.09047597839706213,-0.009667925666490067,1.7117493952087912,0.981415641036774,0.26061761472775624,0.19744792777850365
gamma,0.25,pi_0p750_gamma_0p25,γ = 0.25 (AHP),0.75,0.25,105,34,33,0.023591016226093883,-0.05373115825613347,0.0027280728009562876,-0.05645923105708976,0.07732217448222732,0.17726301925877283,-0.09043247460666815,-0.00950837016987738,1.7408470615403793,0.985091402142015,0.2599331520056936,0.19448441572384056
gamma,0.25,pi_0p750_gamma_0p25,γ = 0.25 (AHP),0.75,0.25,105,35,34,0.028005048877344566,-0.05281583747884648,0.0035310682033070154,-0.0563469056821535,0.08082088635619102,0.18041483352463794,-0.09024898014264612,-0.009344967025800817,1.7707630636531566,0.9889550012192723,0.2592700261166576,0.1914393538938579
gamma,0.25,pi_0p750_gamma_0p25,γ = 0.25 (AHP),0.75,0.25,105,36,35,0.032435798651094576,-0.05185032323773814,0.0043251211421513145,-0.056175444379889465,0.08428612188883272,0.18339569935287045,-0.08993177296801098,-0.00917780449602678,1.8015470767782102,0.9930115768461988,0.25862766517271857,0.18832090188770312
gamma,0.25,pi_0p750_gamma_0p25,γ = 0.25 (AHP),0.75,0.25,105,37,36,0.03687652747088016,-0.050838551956201634,0.005110043417608665,-0.05594859537381031,0.08771507942708182,0.18620913233724526,-0.08948709395105388,-0.009006958959109574,1.8332515230272828,0.9972670889468951,0.2580054245783169,0.18513668411277517
gamma,0.25,pi_0p750_gamma_0p25,γ = 0.25 (AHP),0.75,0.25,105,38,37,0.041321104943035744,-0.04978407661993069,0.005885823874913201,-0.0556699004948439,0.09110518156296649,0.1888588131412341,-0.08892112705725717,-0.008832504521010465,1.865931825279588,1.0017283355980413,0.2574026047358445,0.18189382526150766
gamma,0.25,pi_0p750_gamma_0p25,γ = 0.25 (AHP),0.75,0.25,105,39,38,0.04576394428387231,-0.04869009661206227,0.006652608110513968,-0.05534270472257625,0.09445404089593457,0.19134854775115182,-0.08823998438202352,-0.008654522473193765,1.8996467144813098,1.006402969627406,0.2568184649120856,0.17859898888525377
gamma,0.25,pi_0p750_gamma_0p25,γ = 0.25 (AHP),0.75,0.25,105,40,39,0.05019995266962733,-0.047559479788174895,0.007410682470983221,-0.05497016225915813,0.0977594324578022,0.19368223184307695,-0.08744969284972304,-0.008473106535551726,1.9344585222183175,1.0112995311283361,0.25625223646806294,0.1752584087833874
gamma,0.25,pi_0p750_gamma_0p25,γ = 0.25 (AHP),0.75,0.25,105,41,40,0.05462448114662077,-0.04639478594870792,0.00816045891193671,-0.05455524486064464,0.1010192670953287,0.19586381878237852,-0.08655618478443959,-0.008288366902610231,1.9704335164171694,1.0164274832328486,0.25570313275978124,0.17187792186495252
gamma,0.25,pi_0p750_gamma_0p25,γ = 0.25 (AHP),0.75,0.25,105,42,41,0.059033278039529,-0.04519828959414742,0.008902461143222278,-0.0541007507373697,0.10423156763367641,0.19789729191240762,-0.08556529076309419,-0.008100433515637046,2.0076422709575854,1.0217972535102682,0.2551703574924502,0.16846299962174066
gamma,0.25,pi_0p750_gamma_0p25,γ = 0.25 (AHP),0.75,0.25,105,43,42,0.06342244768265794,-0.043972000260786945,0.009637312604481477,-0.05360931286526843,0.10739444794344488,0.19978664015123096,-0.08448273432739618,-0.00790945788038993,2.046160061228369,1.0274202841348605,0.2546531118289775,0.1650187770704068
gamma,0.25,pi_0p750_gamma_0p25,γ = 0.25 (AHP),0.75,0.25,105,44,43,0.06778841426566348,-0.04271768027264198,0.010365726265768035,-0.05308340653841002,0.11050609453830543,0.2015358361517062,-0.08331412841132431,-0.007715613202076477,2.086067285807272,1.0333090919684673,0.2541506002297301,0.16155007928340911
gamma,0.25,pi_0p750_gamma_0p25,γ = 0.25 (AHP),0.75,0.25,105,45,44,0.0721278861099029,-0.04143686315340363,0.01108849481990202,-0.05252535797330565,0.11356474926330656,0.20314881770872906,-0.08206497365239683,-0.007519094793025679,2.1274499404309353,1.0394773336001222,0.2536620349446694,0.15806144788682994
gamma,0.25,pi_0p750_gamma_0p25,γ = 0.25 (AHP),0.75,0.25,105,46,45,0.07643782423824136,-0.0401308702967663,0.011806482018599978,-0.05193735231536628,0.11656869453500765,0.2046294718973998,-0.08074065764142077,-0.007320119720971374,2.170400131089572,1.0459398794162837,0.2531866398896909,0.15455716522545643
gamma,0.25,pi_0p750_gamma_0p25,γ = 0.25 (AHP),0.75,0.25,105,47,46,0.08071541453792755,-0.03880082584661679,0.01252061519971895,-0.05132144104633574,0.11951624038454434,0.20598162102761886,-0.07934645526839675,-0.007118925374677795,2.215016629763765,1.0527128981116725,0.25272365356982746,0.15104127666704115
gamma,0.25,pi_0p750_gamma_0p25,γ = 0.25 (AHP),0.75,0.25,105,48,47,0.08495804256200165,-0.037447670472240645,0.013231878648710357,-0.050679549120951004,0.12240571303424233,0.207209011107013,-0.07788752981719602,-0.006915768255574656,2.261405481353197,1.0598139514187035,0.2522723318565735,0.14751761130776664
gamma,0.25,pi_0p750_gamma_0p25,γ = 0.25 (AHP),0.75,0.25,105,49,48,0.08916326861439766,-0.03607217593394342,0.01394130681770382,-0.05001348275164725,0.1252354445483411,0.20831530238699097,-0.07636893506036656,-0.006710922778283299,2.309680682236272,1.0672620959543688,0.2518319496301127,0.14398980249470253
gamma,0.25,pi_0p750_gamma_0p25,γ = 0.25 (AHP),0.75,0.25,105,50,49,0.09332880778141776,-0.034674956808462776,0.014649978998109332,-0.049324935806572115,0.12800376458988053,0.20930406115682765,-0.07479561753293135,-0.006504679034015733,2.3599649076807006,1.0750780004665472,0.2514018023684357,0.14046130550060762
gamma,0.25,pi_0p750_gamma_0p25,γ = 0.25 (AHP),0.75,0.25,105,51,50,0.09745250994176298,-0.03325648337213398,0.015359013508152745,-0.048615496880286733,0.13070899331389696,0.2101787540817312,-0.07317241929979937,-0.006297341468034839,2.4123903248739076,1.0832840714632006,0.2509812074194713,0.1369354149505608
gamma,0.25,pi_0p750_gamma_0p25,γ = 0.25 (AHP),0.75,0.25,105,52,51,0.10153234240291979,-0.03181709276972326,0.01606956287764551,-0.04788665564736878,0.13334943517264305,0.21094274296960006,-0.07150408115722558,-0.0060892266397313795,2.467099479357386,1.0919045952052087,0.2505695045759373,0.13341528070151418
gamma,0.25,pi_0p750_gamma_0p25,γ = 0.25 (AHP),0.75,0.25,105,53,52,0.10556637742271162,-0.030356998355092178,0.016782809722882645,-0.04713980807797482,0.1359233757778038,0.21159928204801748,-0.06979524508252423,-0.00588066118768941,2.524246251717586,1.1009658967366258,0.25016605800123415,0.1299039207310833
gamma,0.25,pi_0p750_gamma_0p25,γ = 0.25 (AHP),0.75,0.25,105,54,53,0.10955277420885504,-0.028876303128002236,0.01749996082882009,-0.046376263956822324,0.13842907733685728,0.2121515159746438,-0.06805045822220898,-0.005671980415577516,2.5839969576228947,1.1104965061024743,0.24977025551701712,0.1264042369281423
gamma,0.25,pi_0p750_gamma_0p25,γ = 0.25 (AHP),0.75,0.25,105,55,54,0.11348976948317711,-0.027375008489403874,0.018222243247983046,-0.04559725173738692,0.140864777972581,0.21260247919000716,-0.06627417541346613,-0.005463525803959991,2.646531513730398,1.1205273511125176,0.24938150978734677,0.12291902588125232
gamma,0.25,pi_0p750_gamma_0p25,γ = 0.25 (AHP),0.75,0.25,105,56,55,0.1173756669606899,-0.025853024388937662,0.018950899759109834,-0.04480392414804749,0.1432286913496276,0.21295509678380828,-0.06447076197542564,-0.005255643458754994,2.712044738619675,1.1310919669211215,0.24899925917903995,0.11945098997618443
gamma,0.25,pi_0p750_gamma_0p25,γ = 0.25 (AHP),0.75,0.25,105,57,56,0.12120882625048306,-0.024310181059507115,0.019687183338406494,-0.0439973643979136,0.14551900730999018,0.21321218608545953,-0.06264449668703038,-0.005048682088438938,2.7807478053293084,1.1422267227208336,0.24862296729735026,0.11600274864775999
gamma,0.25,pi_0p750_gamma_0p25,γ = 0.25 (AHP),0.75,0.25,105,58,57,0.12498765644405971,-0.022746238408371637,0.02043235268164882,-0.04317859109002046,0.14773389485243135,0.2133764597066411,-0.06079957367583934,-0.004842991178370403,2.852869819064583,1.1539710777916183,0.24825212408666322,0.1125768466916535
gamma,0.25,pi_0p750_gamma_0p25,γ = 0.25 (AHP),0.75,0.25,105,59,58,0.1287106081700679,-0.021160897906668866,0.021187666185094368,-0.042348564091763234,0.14987150607673677,0.21345052986216137,-0.058940104380442726,-0.004638919404981853,2.928659584696695,1.1663678573425484,0.24788624589351063,0.10917576314577974
gamma,0.25,pi_0p750_gamma_0p25,γ = 0.25 (AHP),0.75,0.25,105,60,59,0.1323761678075255,-0.019553813573933876,0.02195437634995453,-0.041508189923888404,0.15192998138145938,0.21343691294344108,-0.05707011895263923,-0.004436812609342457,3.0083875525384456,1.1794635604383976,0.2475248755192319,0.10580191872127735
gamma,0.25,pi_0p750_gamma_0p25,γ = 0.25 (AHP),0.75,0.25,105,61,60,0.1359828550825914,-0.01792460255631348,0.022733724006895693,-0.040658326563209175,0.15390745763890482,0.21333803636016452,-0.05519356643144696,-0.004237012289812701,3.092347954562983,1.1933087008477672,0.24716758378555354,0.10245768107656417
gamma,0.25,pi_0p750_gamma_0p25,γ = 0.25 (AHP),0.75,0.25,105,62,61,0.13952921727511275,-0.016272858903649445,0.023526930726870766,-0.039799789630520215,0.15580207617876218,0.21315624529551266,-0.05331431534041982,-0.004039853776330635,3.180861209789562,1.2079581758928437,0.2468139687285519,0.09914537161917726
gamma,0.25,pi_0p750_gamma_0p25,γ = 0.25 (AHP),0.75,0.25,105,63,62,0.1430138269424497,-0.014598166613530862,0.024335191236562227,-0.038933357850093095,0.15761199355598057,0.21289381131299556,-0.051436152899744125,-0.003845664857270801,3.2742765719382696,1.2234716761961009,0.24646365622884636,0.0958672699439427
gamma,0.25,pi_0p750_gamma_0p25,γ = 0.25 (AHP),0.75,0.25,105,64,63,0.14643528149254156,-0.01290011268828212,0.025159665621836736,-0.03805977831011886,0.15933539418082365,0.21255294147491494,-0.04956278341849399,-0.0036547638755972623,3.3729750579320292,1.2399141398548452,0.24611630060765674,0.09262561705354
gamma,0.25,pi_0p750_gamma_0p25,γ = 0.25 (AHP),0.75,0.25,105,65,64,0.14979220297992024,-0.011178301491193433,0.026001470555032217,-0.037179772046225655,0.1609705044711136,0.21213578883319983,-0.047697825944883934,-0.0034674584172022446,3.4773727063976376,1.257356251978936,0.2457715853510391,0.08942261800057182
gamma,0.25,pi_0p750_gamma_0p25,γ = 0.25 (AHP),0.75,0.25,105,66,65,0.15308323696270865,-0.00943237144451739,0.026861668799607608,-0.036294040244125,0.162515608407226,0.21164446349262725,-0.04584481147822679,-0.0032840436071743836,3.587924221045233,1.2758749903422024,0.24542922246629123,0.08626044458093443
gamma,0.25,pi_0p750_gamma_0p25,γ = 0.25 (AHP),0.75,0.25,105,67,66,0.15630705544373014,-0.007662010186546374,0.027741259389937257,-0.03540326957648363,0.16396906563027647,0.21108104500882036,-0.044007178588840394,-0.0031048007897034467,3.70512698757117,1.2955542357115426,0.24508895366950678,0.08314123546293169
gamma,0.25,pi_0p750_gamma_0p25,γ = 0.25 (AHP),0.75,0.25,105,68,67,0.15946235769471628,-0.00586697304111657,0.028641165420569777,-0.03450813846168635,0.16532933073583286,0.21044759541364133,-0.04218826877525113,-0.002929995902557299,3.8295255798292005,1.3164854364437049,0.24475054968667903,0.08006709690216568
gamma,0.25,pi_0p750_gamma_0p25,γ = 0.25 (AHP),0.75,0.25,105,69,68,0.16254787409534951,-0.004047100148878768,0.02956222254253148,-0.03360932269141025,0.16659497424422826,0.2097461729352251,-0.04039132044082239,-0.002759878250174376,3.961716751881741,1.338768350968185,0.24441381085583158,0.07704010138473767
gamma,0.25,pi_0p750_gamma_0p25,γ = 0.25 (AHP),0.75,0.25,105,70,69,0.16556237022606182,-0.0022023353610935445,0.030505165895922542,-0.032707501257016096,0.1677647055871553,0.20897884665600097,-0.0386194621297382,-0.0025946789391073765,4.1023550099342705,1.3625118633566062,0.24407856704075143,0.07406228569130643
gamma,0.25,pi_0p750_gamma_0p25,γ = 0.25 (AHP),0.75,0.25,105,71,70,0.16850465102697162,-0.0003327458584631089,0.03147061639991408,-0.031803362258377196,0.16883739688543467,0.20814771167319007,-0.03687570499980089,-0.0024346097879544074,4.252158835543059,1.3878348847958428,0.2437446773632654,0.07113564825579081
gamma,0.25,pi_0p750_gamma_0p25,γ = 0.25 (AHP),0.75,0.25,105,72,71,0.1713735662031769,0.0015614580259582804,0.03245906657121126,-0.030897608545252985,0.1698121081772186,0.20725490453096626,-0.03516293444772745,-0.0022798619060201567,4.411917625707877,1.4148673509690026,0.24341202971198964,0.06826214539503195
gamma,0.25,pi_0p750_gamma_0p25,γ = 0.25 (AHP),0.75,0.25,105,73,72,0.1741680159399931,0.0034799031419208044,0.03347086635741767,-0.029990963215496866,0.17068811279807225,0.2063026185679081,-0.03348390105126647,-0.0021306047185692904,4.582499449130204,1.4437513283047845,0.24308054017355452,0.06544368670751623
gamma,0.25,pi_0p750_gamma_0p25,γ = 0.25 (AHP),0.75,0.25,105,74,73,0.17688695816418748,0.005422033477124382,0.034506208099072316,-0.029084174621947935,0.1714649246870631,0.20529312029855884,-0.03184121077609156,-0.0019869848354041185,4.764859702555928,1.474642234686266,0.24275015262796878,0.06268212924636732
gamma,0.25,pi_0p750_gamma_0p25,γ = 0.25 (AHP),0.75,0.25,105,75,74,0.17952941427417438,0.007387090535570172,0.03556511193644955,-0.02817802140087938,0.17214232373860416,0.20422876395634218,-0.030237315117319294,-0.00184912510041865,4.960050824154265,1.5077101941831255,0.24242083695866387,0.05997927165361659
gamma,0.25,pi_0p750_gamma_0p25,γ = 0.25 (AHP),0.75,0.25,105,76,75,0.18209447809155332,0.00937409560970651,0.03664741199642348,-0.027273316386716977,0.17272038248184682,0.20311200683128666,-0.028674500437576977,-0.0017171239118628206,5.169233120855138,1.5431415424289974,0.2420925888438513,0.05733684638112728
gamma,0.25,pi_0p750_gamma_0p25,γ = 0.25 (AHP),0.75,0.25,105,77,76,0.1845813227566273,0.011381832209815486,0.03775274261611607,-0.026370910406300584,0.17319949054681177,0.2019454227281364,-0.027154877718453357,-0.001591054462871209,5.393686934815457,1.5811404924504024,0.24176542771337867,0.05475651220940284
gamma,0.25,pi_0p750_gamma_0p25,γ = 0.25 (AHP),0.75,0.25,105,78,77,0.18698920937530628,0.013408831274052936,0.03888052626651278,-0.025471694992459843,0.17358037810125335,0.20073171467411247,-0.02568037216353963,-0.0014709644093194312,5.634826252663702,1.6219309890813483,0.24143939565375244,0.052239845536435965
gamma,0.25,pi_0p750_gamma_0p25,γ = 0.25 (AHP),0.75,0.25,105,79,78,0.18931749447557122,0.015453358249766397,0.04002996271968296,-0.02457660446991656,0.1738641362258048,0.19947372524923043,-0.024252713458935468,-0.0013568755644901252,5.894213993921659,1.6657587682736443,0.24111455517070182,0.049788331691217366
gamma,0.25,pi_0p750_gamma_0p25,γ = 0.25 (AHP),0.75,0.25,105,80,79,0.19156563814886804,0.017513403004924117,0.041200019884363365,-0.023686616879439244,0.1740522351439439,0.1981744455532084,-0.02287342658605884,-0.0012487838232056094,6.173579156100031,1.7128936458187065,0.2407909872345453,0.04740335562461332
gamma,0.25,pi_0p750_gamma_0p25,γ = 0.25 (AHP),0.75,0.25,105,81,80,0.1937332135624177,0.0195866749613151,0.04238942849724407,-0.022802753535928963,0.17414653860110263,0.19683702138162942,-0.021543823352996833,-0.0011466594275299088,6.4748360324599705,1.7636320767304217,0.24046879035476443,0.04508619193143222
gamma,0.25,pi_0p750_gamma_0p25,γ = 0.25 (AHP),0.75,0.25,105,82,81,0.19581991257324163,0.02167059981434403,0.04359667781639895,-0.02192607800205491,0.17414931275889758,0.1954647558732251,-0.020264995741728613,-0.0010504473725988543,6.8001058902304115,1.8182999927423553,0.2401480770770801,0.04283799607369173
gamma,0.25,pi_0p750_gamma_0p25,γ = 0.25 (AHP),0.75,0.25,105,83,82,0.19782555425544887,0.02376232294153688,0.04482001611364718,-0.021057693172110294,0.17406323131391202,0.1940611095983813,-0.019037810231616898,-0.0009600680528523765,7.151741268978451,1.8772559790665861,0.2398289726501605,0.0406597946483905
gamma,0.25,pi_0p750_gamma_0p25,γ = 0.25 (AHP),0.75,0.25,105,84,83,0.19975009187583373,0.025858717472502988,0.04605745467821369,-0.020198737205710693,0.17389137440333075,0.19262969672547287,-0.017862904047744016,-0.0008754182743980987,7.532353339025084,1.9408948193738096,0.239511613195877,0.03855247637901764
gamma,0.25,pi_0p750_gamma_0p25,γ = 0.25 (AHP),0.75,0.25,105,85,84,0.20159361741500406,0.027956396682333816,0.04730677503202165,-0.019350378349687832,0.17363722073267024,0.19117427677567692,-0.016740683634461677,-0.0007963724085450034,7.944842753368714,2.0096514490622956,0.23919614257623087,0.036516784158889606
gamma,0.25,pi_0p750_gamma_0p25,γ = 0.25 (AHP),0.75,0.25,105,86,85,0.20335636757006323,0.03005173348297499,0.048565541528971495,-0.018513808045996498,0.17330463408708824,0.18969874288861965,-0.015671324956615128,-0.0007227838449163002,8.392434337903671,2.0840053855647063,0.23888271103509978,0.034553307136733526
gamma,0.25,pi_0p750_gamma_0p25,γ = 0.25 (AHP),0.75,0.25,105,87,86,0.20503872675743753,0.03214088443230788,0.04983111747560183,-0.017690233043293948,0.1728978423251297,0.18820710533280322,-0.014654776376562617,-0.0006544866311109279,8.878716256418967,2.1644856776083867,0.23857147247332144,0.032662474302662406
gamma,0.25,pi_0p750_gamma_0p25,γ = 0.25 (AHP),0.75,0.25,105,88,87,0.20664122816281766,0.03421981910132499,0.05110068548948108,-0.01688086638815609,0.17242140906149264,0.18670347040781546,-0.013690763945376586,-0.0005912974009462066,9.407684227808325,2.2516764449547875,0.23826258120846783,0.030844549281749987
gamma,0.25,pi_0p750_gamma_0p25,γ = 0.25 (AHP),0.75,0.25,105,89,88,0.2081645531100721,0.03628435402262554,0.05237127137178216,-0.01608691734915662,0.17188019908744653,0.18519201557077467,-0.012778799079416625,-0.0005330174039114874,9.98379146619112,2.3462230768001726,0.23795618832031495,0.02909962635491851
gamma,0.25,pi_0p750_gamma_0p25,γ = 0.25 (AHP),0.75,0.25,105,90,89,0.2096095277569919,0.038330191188082556,0.05363977175315515,-0.015309580565072598,0.17127933656890937,0.18367695987304763,-0.011918188609645181,-0.00047943469449305984,10.612005168995713,2.448839176147235,0.23765243692331106,0.027427627983481393
gamma,0.25,pi_0p750_gamma_0p25,γ = 0.25 (AHP),0.75,0.25,105,91,90,0.21097711406911954,0.04035295762618482,0.05490298250990712,-0.014550024883722309,0.17062415644293472,0.18216253025284562,-0.011108047319264298,-0.0004303264906465921,11.297870600629972,2.56031431325927,0.23735145390893062,0.025828304419588118
gamma,0.25,pi_0p750_gamma_0p25,γ = 0.25 (AHP),0.75,0.25,105,92,91,0.21226839396732586,0.04234824513374548,0.05615762723782771,-0.013809382104082238,0.1699201488335804,0.18065292308220207,-0.010347312707800614,-0.000385461540821035,12.047583952389036,2.6815226790585984,0.23705333684836322,0.024301235356087962
gamma,0.25,pi_0p750_gamma_0p25,γ = 0.25 (AHP),0.75,0.25,105,93,92,0.21348454572249737,0.044311647807269344,0.0574003836071234,-0.01308873579985406,0.169172897915228,0.1791522620636888,-0.009634761623477237,-0.0003446025249835481,12.868075362048108,2.8134327199288554,0.23675813498388212,0.022845833441492363
gamma,0.25,pi_0p750_gamma_0p25,γ = 0.25 (AHP),0.75,0.25,105,94,93,0.21462680237562679,0.04623879042790557,0.058627901673652866,-0.012389111245747313,0.16838801194772124,0.17766454950889757,-0.008969029073935802,-0.0003075084872404884,13.767104285895705,2.957117781525054,0.23646581543044964,0.02146135099990113
gamma,0.25,pi_0p750_gamma_0p25,γ = 0.25 (AHP),0.75,0.25,105,95,94,0.21569638950172065,0.04812534386725247,0.0598368103231967,-0.01171146645594424,0.16757104563446817,0.17619361133573555,-0.008348628566203825,-0.00027393713506349704,14.753369606076143,3.1137677911717865,0.23617621111932946,0.020146889326963218
gamma,0.25,pi_0p750_gamma_0p25,γ = 0.25 (AHP),0.75,0.25,105,96,95,0.21669442424675248,0.049967014599142094,0.06102370013904162,-0.011056685539899526,0.16672740964761038,0.17474303109684888,-0.007771974345580134,-0.000243647103658344,15.836638483663704,3.2847018507919854,0.235888934108748,0.01890141215006164
gamma,0.25,pi_0p750_gamma_0p25,γ = 0.25 (AHP),0.75,0.25,105,97,96,0.21762175673722928,0.05175949421968057,0.06218506927839734,-0.010425575058716784,0.1658622625175487,0.17331606794322812,-0.0072374053919984456,-0.0002164000336809359,17.02789946384493,3.4713814674553607,0.235603235776314,0.01772376380948944
gamma,0.25,pi_0p750_gamma_0p25,γ = 0.25 (AHP),0.75,0.25,105,98,97,0.21847871838912872,0.05349834392437195,0.06331720864921457,-0.009818864724842625,0.16498037446475677,0.17191554852457253,-0.0067432115753828376,-0.00019196248443289517,18.339548642172808,3.675423778108936,0.23531778021413952,0.016612693921420812
gamma,0.25,pi_0p750_gamma_0p25,γ = 0.25 (AHP),0.75,0.25,105,99,98,0.2192647218195442,0.05517877548865616,0.06441598964416596,-0.009237214155509809,0.16408594633088808,0.17054371660576154,-0.006287662623111887,-0.00017010765176156918,19.78562299651669,3.898613503397934,0.23503027789203032,0.015566890903643417
gamma,0.25,pi_0p750_gamma_0p25,γ = 0.25 (AHP),0.75,0.25,105,100,99,0.21997762357428613,0.05679526762993594,0.0654764957529326,-0.008681228122996662,0.1631823559443502,0.16920201386682332,-0.005869041066807437,-0.00015061685566567122,21.38210423324512,4.14291124007141,0.2347368944071798,0.01458502799213746
gamma,0.25,pi_0p750_gamma_0p25,γ = 0.25 (AHP),0.75,0.25,105,101,100,0.22061270769210545,0.058340920441159516,0.06649240428494205,-0.008151483843782533,0.1622717872509459,0.16789074905417242,-0.0054856810447283496,-0.00013328075849815634,23.14733256053111,4.410453702150545,0.2344312977499039,0.01366582718449454
gamma,0.25,pi_0p750_gamma_0p25,γ = 0.25 (AHP),0.75,0.25,105,102,101,0.22116106329916363,0.059806392575306594,0.06745496811227271,-0.007648575536966121,0.161354670723857,0.16660858688521965,-0.005136015821376603,-0.00011790033998601072,25.102597879140756,4.703537977387226,0.2341031254256897,0.01280814921909115
gamma,0.25,pi_0p750_gamma_0p25,γ = 0.25 (AHP),0.75,0.25,105,103,102,0.2216069939812626,0.06117817272507554,0.06835135681971077,-0.007173184094635246,0.16042882125618707,0.1653517471031624,-0.004818638267898407,-0.0001042875790768957,27.273025155206106,5.024575589449891,0.23373552124384667,0.01201112169206132
gamma,0.25,pi_0p750_gamma_0p25,γ = 0.25 (AHP),0.75,0.25,105,104,103,0.22192388106941546,0.062435787936036005,0.06916197167126374,-0.006726183735227737,0.15948809313337942,0.16411273931763065,-0.004532380345185997,-9.226583906523581e-5,29.688957386277757,5.375991051432886,0.23330118184158904,0.011274323239211872
gamma,0.25,pi_0p750_gamma_0p25,γ = 0.25 (AHP),0.75,0.25,105,105,104,0.2220675792080841,0.06354731232472334,0.06985611612443028,-0.006308803799706945,0.15852026688336074,0.16287840116371216,-0.004276406931816285,-8.172734853515732e-5,32.38819232349574,5.760019914296185,0.23275606222804082,0.010598037297145107
gamma,0.5,pi_0p750_gamma_0p50,γ = 0.5,0.75,0.5,105,1,0,0.0,0.0,0.0,0.0,0.0,0.0,0.0,0.0,1.0,1.0,0.27657316396484993,0.1660006035192252
gamma,0.5,pi_0p750_gamma_0p50,γ = 0.5,0.75,0.5,105,2,1,-0.007697438851712165,-0.005866002064061617,-0.0026505537668243427,-0.0032154482972372744,-0.0018314367876504929,0.003945144923880079,-0.004859677632864938,-0.0009169040786656336,1.0194284792127652,0.9903875626198285,0.27703670129989116,0.17357692676712322
gamma,0.5,pi_0p750_gamma_0p50,γ = 0.5,0.75,0.5,105,3,2,-0.014589839620646366,-0.011418211688266549,-0.00490872877155917,-0.006509482916707378,-0.0031716279323797435,0.008276276965736303,-0.009777725355085582,-0.001670179543030465,1.0390291149924524,0.9821978932814979,0.27728577668030485,0.18069430616865595
gamma,0.5,pi_0p750_gamma_0p50,γ = 0.5,0.75,0.5,105,4,3,-0.02067347975977436,-0.016646261790616845,-0.0068058343142584285,-0.009840427476358417,-0.004027217969157493,0.012957311263614138,-0.01472396570283268,-0.0022605635299389544,1.0587546770432894,0.9752343148165188,0.27732866710731496,0.18732630609056097
gamma,0.5,pi_0p750_gamma_0p50,γ = 0.5,0.75,0.5,105,5,4,-0.02595677406913056,-0.021543074888520194,-0.008372446520894737,-0.013170628367625456,-0.004413699180610323,0.017950518652863026,-0.01966835381182854,-0.002695864021644807,1.078571532806763,0.9693318177791426,0.27717906569137757,0.19345444391258107
gamma,0.5,pi_0p750_gamma_0p50,γ = 0.5,0.75,0.5,105,6,5,-0.03045806355631042,-0.02610503226289407,-0.009638158846707778,-0.016466873416186294,-0.004353031293416341,0.0232178920706485,-0.024581444859868712,-0.0029894785041961287,1.0984576939536461,0.9643516248693271,0.27685479356206766,0.19906733314057698
gamma,0.5,pi_0p750_gamma_0p50,γ = 0.5,0.75,0.5,105,7,6,-0.03420351235618127,-0.030331881665421657,-0.010631355001941303,-0.019700526663480353,-0.0038716306907595906,0.028721999562411133,-0.029434900380937684,-0.0031587298722330387,1.1184009563192279,0.9601767508524554,0.2763764327541481,0.20415985568362785
gamma,0.5,pi_0p750_gamma_0p50,γ = 0.5,0.75,0.5,105,8,7,-0.03722518217113857,-0.03422646482007104,-0.011379017385159377,-0.02284744743491166,-0.002998717351067536,0.034426464264261714,-0.034201979240582187,-0.003223202374747067,1.1383971825445725,0.9567083731210823,0.2757660080931979,0.208732377691601
gamma,0.5,pi_0p750_gamma_0p50,γ = 0.5,0.75,0.5,105,9,8,-0.03955933835045519,-0.03779434527441307,-0.011906582434128296,-0.025887762840284774,-0.0017649930760420566,0.040296213264056066,-0.0388579645929555,-0.0032032417471426293,1.1584487919868118,0.9538628467302999,0.2750458234825007,0.21279001435937583
gamma,0.5,pi_0p750_gamma_0p50,γ = 0.5,0.75,0.5,105,10,9,-0.04124499692871109,-0.04104338568175557,-0.012237842181516046,-0.028805543500239523,-0.00020161124695547585,0.046297598530614284,-0.04338049718685381,-0.003118712590715945,1.178563450794351,0.9515692503332058,0.2742375129658536,0.21634193773335217
gamma,0.5,pi_0p750_gamma_0p50,γ = 0.5,0.75,0.5,105,11,10,-0.04232271866455826,-0.04398332127429729,-0.012394892419150014,-0.031588428855147274,0.0016606026097390316,0.05239846897814181,-0.04774979830840416,-0.0029880680599986094,1.198752982118574,0.9497673550998117,0.2733613349695521,0.21940072699802476
gamma,0.5,pi_0p750_gamma_0p50,γ = 0.5,0.75,0.5,105,12,11,-0.04283363636529066,-0.04662535676322721,-0.01239812242334815,-0.03422723433987906,0.003791720397936574,0.05856823568978744,-0.051948782344001944,-0.002827732947848916,1.2190324880653538,0.9484059374223444,0.2724357031690124,0.2219817613230616
gamma,0.5,pi_0p750_gamma_0p50,γ = 0.5,0.75,0.5,105,13,12,-0.04281867878744478,-0.04898179242468085,-0.0122662361564084,-0.03671555626827245,0.006163113637236111,0.06477794334094072,-0.05596306997616299,-0.002651759727541635,1.2394196292868265,0.9474413843702718,0.2714769249797057,0.22410265084118527
gamma,0.5,pi_0p750_gamma_0p50,γ = 0.5,0.75,0.5,105,14,13,-0.04231798320217202,-0.05106569960141328,-0.012016302337354042,-0.03904939726405924,0.008747716399241313,0.07100035389076122,-0.059780918639340236,-0.0024717188521796536,1.2599340835510786,0.9468365256662488,0.2704991106005305,0.22578271776292846
gamma,0.5,pi_0p750_gamma_0p50,γ = 0.5,0.75,0.5,105,15,14,-0.041370454747553936,-0.05289063855203934,-0.01166382337245904,-0.04122681517958031,0.01152018380448543,0.07721003203549673,-0.0633930894000617,-0.0022967588309495816,1.2805971277765498,0.9465596622443121,0.269514209548072,0.22704252418646947
gamma,0.5,pi_0p750_gamma_0p50,γ = 0.5,0.75,0.5,105,16,15,-0.040013448593924215,-0.054470417887382286,-0.011222817287787117,-0.04324760059959517,0.014456969293458091,0.08338342191097958,-0.06679266998799613,-0.0021337826295253722,1.3014313221391707,0.9465837575552762,0.268532135005751,0.2279034504065902
gamma,0.5,pi_0p750_gamma_0p50,γ = 0.5,0.75,0.5,105,17,16,-0.038282554772579316,-0.05581889490076853,-0.01070590842408368,-0.045112986476684845,0.017536340128189234,0.08949890619820748,-0.06997487125192527,-0.001987694818092992,1.322460284556775,0.9468857613705595,0.26756094207305897,0.22838732695220118
gamma,0.5,pi_0p750_gamma_0p50,γ = 0.5,0.75,0.5,105,18,17,-0.03621146660070267,-0.056949814031742825,-0.010124423176366042,-0.04682539085537678,0.020738347431040183,0.09553684253050897,-0.0729368104245302,-0.0018616846749386002,1.3437085438219374,0.947446042104244,0.2666070342379149,0.2285161201126193
gamma,0.5,pi_0p750_gamma_0p50,γ = 0.5,0.75,0.5,105,19,18,-0.03383190533179407,-0.057876671737830905,-0.00948848511548105,-0.04838818662234986,0.024044766406036845,0.10147957037120467,-0.07567729301336357,-0.0017575109518042722,1.3652014285235843,0.9482479180076386,0.26567537702617317,0.22831166477668421
gamma,0.5,pi_0p750_gamma_0p50,γ = 0.5,0.75,0.5,105,20,19,-0.031173602650799766,-0.05861261523646246,-0.008807110987364634,-0.049805504249097826,0.027439012585662732,0.10731139203201019,-0.07819660045351678,-0.0016757789928306835,1.3869650245458665,0.9492772580841106,0.26476970642173614,0.2277954489349765
gamma,0.5,pi_0p750_gamma_0p50,γ = 0.5,0.75,0.5,105,21,20,-0.028264309959701875,-0.05917035690471279,-0.008088301094646746,-0.05108205581006604,0.030906046945010958,0.11301852556837728,-0.08049628940112272,-0.001616189222243639,1.4090261366713455,0.9505221571850481,0.26389272334307046,0.22698843623718667
gamma,0.5,pi_0p750_gamma_0p50,γ = 0.5,0.75,0.5,105,22,21,-0.02512984652120477,-0.059562116934889,-0.0073391282640459955,-0.05222298867084299,0.03443227041368422,0.11858903575298885,-0.08257900599811843,-0.0015777593411862077,1.4314123099778469,0.9519726554765359,0.2630462681468638,0.22591093351177458
gamma,0.5,pi_0p750_gamma_0p50,γ = 0.5,0.75,0.5,105,23,22,-0.021794157350698413,-0.059799574899053694,-0.00656581922702556,-0.05323375567202812,0.03800541754835527,0.12401274681367692,-0.08444831577543967,-0.0015590134898820008,1.4541518414793628,0.953620513142785,0.2622314771213622,0.2245824860013386
gamma,0.5,pi_0p750_gamma_0p50,γ = 0.5,0.75,0.5,105,24,23,-0.018279394577431336,-0.059893843212748335,-0.005773833322323779,-0.05412000989042455,0.041614448635317,0.12928114026116505,-0.08610855112968635,-0.0015581404961617243,1.4772738407357155,0.9554590137397294,0.2614489154761874,0.22302180798358834
gamma,0.5,pi_0p750_gamma_0p50,γ = 0.5,0.75,0.5,105,25,24,-0.014606002392412823,-0.059855446961743705,-0.004967933767389498,-0.05488751319435421,0.0452494445693309,0.13438724236081476,-0.08756467542734213,-0.0015731223641417607,1.5008082845274733,0.9574828068008074,0.26069869184274475,0.22124673447209678
gamma,0.5,pi_0p750_gamma_0p50,γ = 0.5,0.75,0.5,105,26,25,-0.010792811710075016,-0.059694317018460195,-0.004152254664218377,-0.05554206235424182,0.04890150530838517,0.13932550603059646,-0.08882216306599923,-0.0016018376562120758,1.5247860994086897,0.9596877731852873,0.2599805542751962,0.21927419611104762
gamma,0.5,pi_0p750_gamma_0p50,γ = 0.5,0.75,0.5,105,27,26,-0.00685713768058238,-0.05941979096980696,-0.0033303625492241296,-0.05608942842058283,0.052562653289224597,0.14409169004208894,-0.08988689450154803,-0.0016421422513163246,1.549239257103877,0.9620709136983994,0.2592939702034809,0.21712021101530707
gamma,0.5,pi_0p750_gamma_0p50,γ = 0.5,0.75,0.5,105,28,27,-0.002814872463715567,-0.059040616561862706,-0.0025053114768321676,-0.05653530508503053,0.056225744098147144,0.14868273783186134,-0.09076506423848565,-0.0016919294952285559,1.574200863141721,0.9646302623485234,0.2586381930573889,0.21479988690939125
gamma,0.5,pi_0p750_gamma_0p50,γ = 0.5,0.75,0.5,105,29,28,0.0013194139991174938,-0.058564966345397,-0.001679695159038182,-0.05688527118635881,0.059884380344514515,0.15309665893469296,-0.09146310254446473,-0.0017491760457137486,1.5997052849342566,0.9673648090843918,0.2580123154302413,0.21232743971588874
gamma,0.5,pi_0p750_gamma_0p50,γ = 0.5,0.75,0.5,105,30,29,0.005532380332339463,-0.058000453251556824,-0.0008556935198596329,-0.057144759731697185,0.06353283358389626,0.1573324148364249,-0.09198760734427569,-0.0018119739082529769,1.6257882780991157,0.9702744405780874,0.2574153130592128,0.20971621732179677
gamma,0.5,pi_0p750_gamma_0p50,γ = 0.5,0.75,0.5,105,31,30,0.00981182344655104,-0.0573541486226807,-3.511469976032766e-5,-0.05731903392292037,0.06716597206923175,0.16138980963744898,-0.09234528617891835,-0.0018785513892988675,1.6524871217976642,0.9733598946148426,0.25684607990402897,0.20697872945398313
gamma,0.5,pi_0p750_gamma_0p50,γ = 0.5,0.75,0.5,105,32,31,0.014146591714450447,-0.05663260259232914,0.0007805669076536561,-0.057413169499982784,0.0707791943067796,0.1652693874894727,-0.09254290692872875,-0.0019472862539643694,1.6798407664129609,0.9766227255558109,0.2563034566015139,0.20412668221299562
gamma,0.5,pi_0p750_gamma_0p50,γ = 0.5,0.75,0.5,105,33,32,0.01852649844655027,-0.055841868840859434,0.0015901753254691175,-0.057432044166328536,0.0743683672874097,0.16897233652099677,-0.09258725685915166,-0.002016712374435432,1.7078900094653566,0.9800652757605723,0.2557862517615413,0.2011710181959356
gamma,0.5,pi_0p750_gamma_0p50,γ = 0.5,0.75,0.5,105,34,33,0.022942245350568102,-0.05498752613190911,0.002392802513756235,-0.057380328645665335,0.07792977148247722,0.17250040000694383,-0.09248510759450959,-0.0020855209299570367,1.7366776645322588,0.9836906615294733,0.2552932598593699,0.19812195487658074
gamma,0.5,pi_0p750_gamma_0p50,γ = 0.5,0.75,0.5,105,35,34,0.02738534566199197,-0.05407470415039391,0.0031877796168427583,-0.05726248376723666,0.08146004981238589,0.1758557949090976,-0.09224318667243325,-0.002152558424278495,1.7662487650632273,0.9875027617177212,0.254823274132194,0.1949890271356306
gamma,0.5,pi_0p750_gamma_0p50,γ = 0.5,0.75,0.5,105,36,35,0.03184805619405279,-0.05310810562595233,0.003974652485198857,-0.057082758111151176,0.0849561618200051,0.17904113690498785,-0.09186815381746749,-0.0022168212675152846,1.7966507649984627,0.9915062194949351,0.2543750969986265,0.19178112712339626
gamma,0.5,pi_0p750_gamma_0p50,γ = 0.5,0.75,0.5,105,37,36,0.0363233108330176,-0.05209203111930911,0.004753158656541566,-0.05684518977585066,0.08841534195232667,0.18205937287158172,-0.09136658191181868,-0.0022774490074364095,1.827933771801564,0.9957064467403376,0.2539475474669615,0.18850654578417678
gamma,0.5,pi_0p750_gamma_0p50,γ = 0.5,0.75,0.5,105,38,37,0.0408046597243259,-0.05103040150465522,0.0055232074918691405,-0.05655360899652435,0.0918350612289811,0.18491371935831938,-0.09074494206500205,-0.0023337160643362585,1.8601507901576801,1.0001096383898338,0.2535394666504481,0.18517301270586112
gamma,0.5,pi_0p750_gamma_0p50,γ = 0.5,0.75,0.5,105,39,38,0.04528621219005345,-0.049926781402204086,0.006284861646714279,-0.056211643048918354,0.09521299359225752,0.18760760774963628,-0.0900095915275007,-0.0023850226298781133,1.8933579945881223,1.0047227901509161,0.2531497213611266,0.18178773512921229
gamma,0.5,pi_0p750_gamma_0p50,γ = 0.5,0.75,0.5,105,40,39,0.04976258444073777,-0.04878440035495211,0.007038321151270816,-0.055822721506222917,0.0985469847956899,0.1901446349437632,-0.0891667648578406,-0.0024308852902327383,1.9276150184856515,1.0095537254355942,0.25277720675649884,0.17835743511839433
gamma,0.5,pi_0p750_gamma_0p50,γ = 0.5,0.75,0.5,105,41,40,0.05422885255600856,-0.04760617216390513,0.007783909602449656,-0.05539008176635477,0.10183502471991371,0.19252851919898764,-0.08822256719841896,-0.0024709272806549922,1.962985261656072,1.0146111305030792,0.25242084812075083,0.17488838422207528
gamma,0.5,pi_0p750_gamma_0p50,γ = 0.5,0.75,0.5,105,42,41,0.05868050392244984,-0.0463947175705891,0.008522060155010818,-0.054916777725599907,0.10507522149303894,0.19476306129666202,-0.08718297049831263,-0.002504869305310459,1.9995362534923349,1.0199045888901852,0.2520796004892344,0.17138643986284116
gamma,0.5,pi_0p750_gamma_0p50,γ = 0.5,0.75,0.5,105,43,42,0.06311339957459504,-0.045152380316054994,0.00925330512498724,-0.05440568544104222,0.10826577989065006,0.1968521102377881,-0.08605381020733234,-0.00253252013980569,2.0373400113208104,1.025444631818632,0.25175244971183725,0.1678570751610785
gamma,0.5,pi_0p750_gamma_0p50,γ = 0.5,0.75,0.5,105,44,43,0.06752373528597723,-0.0438812452984401,0.009978265686475606,-0.05385951098491569,0.1114049805844173,0.19879953278626136,-0.0848407843852679,-0.0025537678165761775,2.0764734523599495,1.0312427910692563,0.2514384116611843,0.16430540988766618
gamma,0.5,pi_0p750_gamma_0p50,γ = 0.5,0.75,0.5,105,45,44,0.07190800626356629,-0.042583155618823657,0.01069764265808771,-0.05328079827691136,0.11449116188238995,0.20060918711132059,-0.0835494539183885,-0.0025685713105421614,2.1170188427230197,1.037311659217566,0.2511365313438584,0.1607362393292853
gamma,0.5,pi_0p750_gamma_0p50,γ = 0.5,0.75,0.5,105,46,45,0.07626297447550998,-0.041259728771368326,0.01141220822209881,-0.05267193699346713,0.11752270324687829,0.20228489979650013,-0.08218524386582482,-0.0025769526837970706,2.1590642899054058,1.0436649575350863,0.250845881610115,0.15715406153920652
gamma,0.5,pi_0p750_gamma_0p50,γ = 0.5,0.75,0.5,105,47,46,0.08058564099854226,-0.039912370287011396,0.012122799161555241,-0.052035169448566634,0.12049801128555365,0.20383044598409106,-0.08075344509789867,-0.0025789896006387435,2.202704268799408,1.0503176152346674,0.25056556232814975,0.15356310133732634
gamma,0.5,pi_0p750_gamma_0p50,γ = 0.5,0.75,0.5,105,48,47,0.08487322024857384,-0.038542286809806696,0.012830310783770244,-0.05137259759357693,0.1234155070583805,0.20524953241133118,-0.07925921687313782,-0.002574808479812837,2.248040199517273,1.0572858577406783,0.25029469946247596,0.1499673331627691
gamma,0.5,pi_0p750_gamma_0p50,γ = 0.5,0.75,0.5,105,49,48,0.0891231125556091,-0.037150501425397726,0.013535690119212133,-0.050686191544609856,0.12627361398100684,0.20654578296873702,-0.07770759073419985,-0.002564578253530333,2.295181106260845,1.0645872987475655,0.25003244269348635,0.14637050481844494
gamma,0.5,pi_0p750_gamma_0p50,γ = 0.5,0.75,0.5,105,50,49,0.09333288448681092,-0.03573786429565341,0.014239931348270415,-0.049977795643923816,0.1290707487824643,0.2077227267135198,-0.0761034735197297,-0.0025485044113258085,2.3442443073984234,1.0722410502793642,0.249777964762349,0.1427761560903979
gamma,0.5,pi_0p750_gamma_0p50,γ = 0.5,0.75,0.5,105,51,50,0.09750024952337102,-0.03430506371406405,0.014944071277270909,-0.04924913499133495,0.13180531323743508,0.2087837880886092,-0.07445165121607143,-0.0025268236351027053,2.395356181548408,1.0802678428288195,0.24953046055312877,0.13918763716592353
gamma,0.5,pi_0p750_gamma_0p50,γ = 0.5,0.75,0.5,105,52,51,0.10162304824308212,-0.03285263842089145,0.015649184316423245,-0.048501822737314695,0.13447568666397358,0.2097322789072013,-0.07275679332919778,-0.0024997989140299612,2.4486530261193984,1.0886901543228547,0.24928914520359388,0.13560812698986802
gamma,0.5,pi_0p750_gamma_0p50,γ = 0.5,0.75,0.5,105,53,52,0.10569923183089347,-0.031380988391601534,0.016356378157660945,-0.04773736654926248,0.13708022022249497,0.21057139232627647,-0.07102345705231362,-0.0024677150514678765,2.5042819930960567,1.0975323547583615,0.24905325290402494,0.13204064938885068
gamma,0.5,pi_0p750_gamma_0p50,γ = 0.5,0.75,0.5,105,54,53,0.10972684965873188,-0.029890383618511512,0.017066790385757803,-0.04695717400426931,0.13961723327724337,0.2113041986984072,-0.06925609091146408,-0.0024308745096997377,2.562402102271822,1.1068208695836335,0.24882203677215853,0.12848808655836697
gamma,0.5,pi_0p750_gamma_0p50,γ = 0.5,0.75,0.5,105,55,54,0.11370403543778994,-0.02838097452897275,0.017781584372357804,-0.046162558901330544,0.14208500996676268,0.21193364259995287,-0.06745903893184146,-0.0023895937013487275,2.6231853770177604,1.116584356153909,0.24859476770041805,0.12495319309752645
gamma,0.5,pi_0p750_gamma_0p50,γ = 0.5,0.75,0.5,105,56,55,0.11762899561599524,-0.026852802059739278,0.018501945144457656,-0.04535474720419693,0.1444817976757345,0.21246254179285198,-0.06563654452312198,-0.0023441995939955233,2.686818093610415,1.1268538983047591,0.2483707337826106,0.12143860859603647
gamma,0.5,pi_0p750_gamma_0p50,γ = 0.5,0.75,0.5,105,57,56,0.12149999803315567,-0.02530580832335091,0.0192290748801209,-0.044534883203471806,0.14680580635650656,0.21289358724570798,-0.0637927542452913,-0.002295026643910106,2.7535021689741126,1.1376632195201575,0.24814923928179622,0.117946869633474
gamma,0.5,pi_0p750_gamma_0p50,γ = 0.5,0.75,0.5,105,58,57,0.1253153654472335,-0.023739844976467132,0.01996418937540816,-0.043704034351875296,0.14905521042370068,0.21322934493290288,-0.0619317205507481,-0.002242413958454091,2.8234566660513285,1.1490489237275838,0.24792960534495165,0.11448041882632717
gamma,0.5,pi_0p750_gamma_0p50,γ = 0.5,0.75,0.5,105,59,58,0.12907346835628628,-0.022154683065246837,0.020708513677668072,-0.042863196742914916,0.15122815142153312,0.21347225880968557,-0.06005740463732454,-0.0021867027508278678,2.896919471391821,1.1610507579742257,0.2477111702273892,0.11104161412964171
gamma,0.5,pi_0p750_gamma_0p50,γ = 0.5,0.75,0.5,105,60,59,0.13277271690071046,-0.020550024841159423,0.02146327644334455,-0.042013301284503986,0.15332274174186986,0.2136246549883988,-0.05817367917287855,-0.0021282340736503568,2.9741491707183254,1.1737118973478013,0.24749328871504192,0.10763273826836416
gamma,0.5,pi_0p750_gamma_0p50,γ = 0.5,0.75,0.5,105,61,60,0.13641155716982337,-0.01892551387064742,0.022229704907770032,-0.04115521877841746,0.15533707104047081,0.21368874766322157,-0.05628432991766797,-0.0020673467050827932,3.055427098571881,1.1870792645442891,0.24727533327129494,0.10425600559060103
gamma,0.5,pi_0p750_gamma_0p50,γ = 0.5,0.75,0.5,105,62,61,0.13998846631530867,-0.01728074695105448,0.023009018782283522,-0.040289765733338014,0.15726921326636314,0.21366664572647018,-0.05439305719009509,-0.002004375270011949,3.141059628072103,1.201203879415173,0.24705669428946136,0.10091356918979005
gamma,0.5,pi_0p750_gamma_0p50,γ = 0.5,0.75,0.5,105,63,62,0.1435019527490797,-0.015615284456558957,0.02380242459995846,-0.039417709056517425,0.15911723720563864,0.21356036163654768,-0.05250347593082225,-0.0019396485000868224,3.231380673166743,1.2161412501894215,0.24683678260096203,0.09760752523703393
gamma,0.5,pi_0p750_gamma_0p50,γ = 0.5,0.75,0.5,105,64,63,0.1469505517962805,-0.013928664948010691,0.024611107586068146,-0.03853977253407884,0.1608792167442912,0.21337182069888064,-0.05061911623217509,-0.0018734877224143803,3.326754516686971,1.2319517954569916,0.24661502957714904,0.09433991936084349
gamma,0.5,pi_0p750_gamma_0p50,γ = 0.5,0.75,0.5,105,65,64,0.1503328255653368,-0.012220418790657616,0.025436223633193436,-0.037656642423851056,0.16255324435599441,0.21310287232330527,-0.04874342252164245,-0.0018062054456684444,3.427578921999378,1.2487013144436852,0.24639088900427725,0.09111275060868004
gamma,0.5,pi_0p750_gamma_0p50,γ = 0.5,0.75,0.5,105,66,65,0.15364736440687435,-0.010490082162352112,0.026278890830163645,-0.03676897299251576,0.1641374465692265,0.21275530242034937,-0.04687975174163786,-0.0017381041094850717,3.5342885819463805,1.266461508142688,0.24616383942085862,0.08792797421081763
gamma,0.5,pi_0p750_gamma_0p50,γ = 0.5,0.75,0.5,105,67,66,0.1568927890225118,-0.008737212280716299,0.027140180019054133,-0.03587739229977043,0.16563000130322814,0.21233084722538934,-0.045031370979700114,-0.0016694749424611157,3.647358954817823,1.2853105542136016,0.24593338673486007,0.08478750393597069
gamma,0.5,pi_0p750_gamma_0p50,γ = 0.5,0.75,0.5,105,68,67,0.16006775122286032,-0.00696140546704026,0.028021103290083522,-0.03498250875712378,0.16702915668990062,0.21183120826640958,-0.043201454591122034,-0.0016005969853869866,3.767310559514763,1.3053337353186283,0.24569906579067258,0.08169321463491701
gamma,0.5,pi_0p750_gamma_0p50,γ = 0.5,0.75,0.5,105,69,68,0.16317093828906165,-0.005162314431842106,0.028922602594539683,-0.03408491702638179,0.16833325272090374,0.21125806895091287,-0.04139308004603394,-0.0015317361839752132,3.8947137265770455,1.3266241392029852,0.2454604435728313,0.07864694278798841
gamma,0.5,pi_0p750_gamma_0p50,γ = 0.5,0.75,0.5,105,70,69,0.16620107683658752,-0.0033396672457945984,0.029845537126467522,-0.03318520437226212,0.16954074408238212,0.21061311182042772,-0.039609223114008524,-0.0014631446240370857,4.030193906038224,1.3492834305495565,0.2452171217905211,0.07565048681085544
gamma,0.5,pi_0p750_gamma_0p50,γ = 0.5,0.75,0.5,105,71,70,0.1691569389931645,-0.001493286645329486,0.030790670068286882,-0.03228395671361637,0.170650225638494,0.20989803753717184,-0.03785275204871169,-0.001395059849966155,4.174437565734017,1.3734227058912996,0.24496874052665435,0.07270560604005136
gamma,0.5,pi_0p750_gamma_0p50,γ = 0.5,0.75,0.5,105,72,71,0.1720373472029365,0.00037688854287191986,0.03175865376205845,-0.03138176521918653,0.1716604586600646,0.20911458427587923,-0.03612642129965498,-0.0013277043161596387,4.328198798974035,1.3991634344336892,0.24471498071429687,0.06981401978805284
gamma,0.5,pi_0p750_gamma_0p50,γ = 0.5,0.75,0.5,105,73,72,0.1748411817451117,0.0022707825999013003,0.03275001494422552,-0.03047923234432422,0.17257039914521036,0.20826454826304086,-0.03443286420335048,-0.0012612849144799964,4.492306673006169,1.4266385037995113,0.24445556783394787,0.06697740482470685
gamma,0.5,pi_0p750_gamma_0p50,γ = 0.5,0.75,0.5,105,74,73,0.17756738688867038,0.004188160706517534,0.033765138912695294,-0.029576978206177756,0.17337922618215282,0.20734980413180976,-0.032774585327439,-0.0011959926222178834,4.667673466430616,1.4559933744070892,0.24419027438832488,0.06419739286780539
gamma,0.5,pi_0p750_gamma_0p50,γ = 0.5,0.75,0.5,105,75,74,0.1802149797140665,0.0061286071969429675,0.034804253444236585,-0.02867564624729361,0.17408637251712347,0.20637232659819515,-0.03115395183083025,-0.001132002250241359,4.855303845655525,1.4873873587499258,0.24391892348379166,0.06147556639911614
gamma,0.5,pi_0p750_gamma_0p50,γ = 0.5,0.75,0.5,105,76,75,0.18278305806788145,0.008091504117821988,0.03586741297590939,-0.027775908858087398,0.17469155395005942,0.20533421096778828,-0.029573184738285206,-0.0010694722794436264,5.056305147527723,1.52099504128678,0.24364139155079392,0.05881345438040047
gamma,0.5,pi_0p750_gamma_0p50,γ = 0.5,0.75,0.5,105,77,76,0.18527080884713565,0.010076010013115047,0.03695448255637062,-0.026878472543255573,0.1751947988340206,0.20423769345013404,-0.02803434979636467,-0.0010085448197487683,5.271898890418296,1.5570078500707114,0.24335761068506956,0.05621252712069915
gamma,0.5,pi_0p750_gamma_0p50,γ = 0.5,0.75,0.5,105,78,77,0.18767751723368892,0.012081040505734367,0.03806512284621745,-0.025984082340483085,0.17559647672795456,0.20308517057290307,-0.026539348196616647,-0.0009493456483318497,5.503433653398381,1.5956358038525031,0.24306757117818031,0.0536741902874505
gamma,0.5,pi_0p750_gamma_0p50,γ = 0.5,0.75,0.5,105,79,78,0.1900025756428232,0.014105250389313094,0.03919877598729896,-0.02509352559798587,0.17589732525351007,0.20187921699674802,-0.025089907380789436,-0.0008919843624485065,5.752399516286802,1.6371094512119202,0.24277132335242912,0.05119977837931674
gamma,0.5,pi_0p750_gamma_0p50,γ = 0.5,0.75,0.5,105,80,79,0.19224549139160402,0.01614701790080239,0.04035465300054058,-0.02420763509973819,0.17609847349080165,0.20062260046335348,-0.023687572345631843,-0.0008365546269199617,6.02044428110011,1.68168202583701,0.24246897808158202,0.04879054806074574
gamma,0.5,pi_0p750_gamma_0p50,γ = 0.5,0.75,0.5,105,81,80,0.19440589640282105,0.018204432411151245,0.04153172314956517,-0.02332729073841393,0.17620146399166983,0.19931829566707907,-0.022333697167560063,-0.0007831345078491846,6.309391629085475,1.7296318437693614,0.2421607082107661,0.04644767026998718
gamma,0.5,pi_0p750_gamma_0p50,γ = 0.5,0.75,0.5,105,82,81,0.19648355470280077,0.020275285887139418,0.04272870627777035,-0.02245342039063093,0.17620826881566137,0.19796949328268199,-0.021029437560843973,-0.0007317869061766285,6.621261549963423,1.781264975122057,0.24184674810196918,0.044172222560570386
gamma,0.5,pi_0p750_gamma_0p50,γ = 0.5,0.75,0.5,105,83,82,0.19847837026038004,0.02235706873375505,0.04394406808332066,-0.021586999349565605,0.176121301526625,0.19657960594396326,-0.019775744341946552,-0.0006825600753916774,6.9582932787592915,1.8369182203471,0.2415273930449503,0.041965180892243326
gamma,0.5,pi_0p750_gamma_0p50,γ = 0.5,0.75,0.5,105,84,83,0.2003903938105166,0.02444697058186135,0.045176019019149416,-0.02072904843728807,0.17594342322865528,0.19515226973576782,-0.01857335829478895,-0.0006354882123235677,7.322971093222553,1.8969624296786756,0.2412029977646409,0.03982741147742638
gamma,0.5,pi_0p750_gamma_0p50,γ = 0.5,0.75,0.5,105,85,84,0.20221982718858805,0.026541885920045572,0.04642251682393947,-0.0198806309038939,0.1756779412685425,0.1936913401205017,-0.017422806725351035,-0.0005905921266081554,7.718053389054609,1.961806204315652,0.24087397293224241,0.03775966306670516
gamma,0.5,pi_0p750_gamma_0p50,γ = 0.5,0.75,0.5,105,86,85,0.203967029585844,0.02863842715068989,0.04768127450656119,-0.019042847355871303,0.1753286024351541,0.1922008837597645,-0.016324401352682157,-0.0005478799719281898,8.146605332114252,2.0319000401307945,0.24054078294285997,0.03576255855073051
gamma,0.5,pi_0p750_gamma_0p50,γ = 0.5,0.75,0.5,105,87,86,0.20563251853607495,0.030732941969791455,0.04894977176210045,-0.018216829792308993,0.17489957656628347,0.19068516332513916,-0.01527823873094413,-0.000507348027911512,8.612035773005989,2.1077409481268368,0.24020394001479276,0.033836588141516764
gamma,0.5,pi_0p750_gamma_0p50,γ = 0.5,0.75,0.5,105,88,87,0.20721697154578456,0.03282153807237503,0.050225271910476925,-0.0174037338381019,0.17439543347340947,0.18914861738889602,-0.014284202385039923,-0.0004689815304465589,9.118138814176145,2.1898776295035303,0.23986399877404968,0.03198210239393188
gamma,0.5,pi_0p750_gamma_0p50,γ = 0.5,0.75,0.5,105,89,88,0.2087212243232199,0.03490011325110079,0.051504843086170794,-0.01660472983507,0.17382111107211912,0.1875958339598514,-0.0133419673542081,-0.00043275553352414316,9.669140785036502,2.2789162625791266,0.23952154860495659,0.03019930641493699
gamma,0.5,pi_0p750_gamma_0p50,γ = 0.5,0.75,0.5,105,90,89,0.21014626517103377,0.03696439000326349,0.05278538288635176,-0.01582099288308826,0.17318187516777026,0.18603151804880078,-0.012451007086109524,-0.00039863579492096217,10.269753393766438,2.375526970515594,0.23917720334769504,0.028488255288673017
gamma,0.5,pi_0p750_gamma_0p50,γ = 0.5,0.75,0.5,105,91,90,0.21149322578598553,0.03900995452382567,0.05406364642706231,-0.015053691903236641,0.17248327126215982,0.18446045352341717,-0.011610602588494683,-0.00036657967276263425,10.925233920472637,2.480451055376501,0.23883158854580025,0.02684885069258172
gamma,0.5,pi_0p750_gamma_0p50,γ = 0.5,0.75,0.5,105,92,91,0.21276336415306837,0.04103229673717551,0.055336275067353814,-0.0143039783301783,0.1717310674158929,0.18288745845515994,-0.01081985401363463,-0.0003365370256323951,11.64145366431183,2.5945090640364716,0.23848532270438874,0.025280839485947903
gamma,0.5,pi_0p750_gamma_0p50,γ = 0.5,0.75,0.5,105,93,92,0.21395803890333834,0.04302684906982133,0.05659982360159589,-0.013572974531774555,0.170931189833517,0.18131733533138308,-0.010077694394027002,-0.000308451103839061,12.424975944892408,2.718609758779635,0.23813899173525196,0.023783814089019074
gamma,0.5,pi_0p750_gamma_0p50,γ = 0.5,0.75,0.5,105,94,93,0.2150786688436175,0.04498902013316064,0.05785078278007664,-0.012861762646915988,0.17008964871045687,0.17975481376395172,-0.009382905629947728,-0.0002822594235470871,13.283145534250187,2.853760051179685,0.23779311108838264,0.022357215449138913
gamma,0.5,pi_0p750_gamma_0p50,γ = 0.5,0.75,0.5,105,95,94,0.21612666953084786,0.046914215299893106,0.0590855897485405,-0.012171374448647382,0.1692124542309547,0.1782044854806054,-0.008734136634464892,-0.000257894615185775,14.224191992026569,3.001075888186807,0.23744806795954687,0.02100033911422793
gamma,0.5,pi_0p750_gamma_0p50,γ = 0.5,0.75,0.5,105,96,95,0.21710335380565277,0.04879783462037028,0.06030061764879658,-0.011502783028426288,0.16830551918528247,0.17667072815965357,-0.008129923735738407,-0.000235285238632653,15.257350438419547,3.1617940073294166,0.2371040313939629,0.019712345319683515
gamma,0.5,pi_0p750_gamma_0p50,γ = 0.5,0.75,0.5,105,97,96,0.21800977546126216,0.05063523248986646,0.06149212978863026,-0.010856897298763785,0.1673745429713957,0.17515761293409932,-0.0075687134057469945,-0.00021435655695662532,16.393005013853436,3.3372842984981053,0.23676081054181497,0.018492274167933743
gamma,0.5,pi_0p750_gamma_0p50,γ = 0.5,0.75,0.5,105,98,97,0.2188464818087998,0.052421614592195846,0.06265617528424124,-0.01023456069204538,0.16642486721660393,0.1736687862360337,-0.007048887757966914,-0.00019503126146286638,17.64286323580834,3.5290621867805805,0.23641762866445995,0.017339067735848257
gamma,0.5,pi_0p750_gamma_0p50,γ = 0.5,0.75,0.5,105,99,98,0.2196131203545816,0.05415183375144488,0.06378838966599679,-0.009636555914551894,0.1654612866031368,0.17220731028961325,-0.006568793545633359,-0.0001772301408430978,19.02017448545631,3.7387998695708524,0.23607276071775113,0.01625160171705535
gamma,0.5,pi_0p750_gamma_0p50,γ = 0.5,0.75,0.5,105,100,99,0.2203078113300362,0.055820023654619265,0.06488364204074284,-0.009063618386123568,0.16448778767541697,0.17077543627415187,-0.006126775914053691,-0.00016087268468123077,20.540014587650056,3.9683341937884204,0.23572295015620548,0.015228730500455966
gamma,0.5,pi_0p750_gamma_0p50,γ = 0.5,0.75,0.5,105,101,100,0.2209261446246153,0.05741897327617914,0.06593543541705874,-0.008516462140879592,0.16350717134843615,0.16937426784506326,-0.005721218890822214,-0.00014587760580488365,22.2196736473423,4.219667095680346,0.2353624692817502,0.014269351461970664
gamma,0.5,pi_0p750_gamma_0p50,γ = 0.5,0.75,0.5,105,102,101,0.22145957490645216,0.05893908698768755,0.06693491069541779,-0.007995823707730238,0.1625204879187646,0.16800324686831694,-0.005350595683453432,-0.00013216326609889823,24.079210897944343,4.494951220263592,0.234981605523989,0.013372497075368554
gamma,0.5,pi_0p750_gamma_0p50,γ = 0.5,0.75,0.5,105,103,102,0.2218928521270817,0.06036668146187534,0.0678692137084511,-0.007502532246575761,0.16152617066520636,0.16665935196327705,-0.005013533322222664,-0.00011964797584804148,26.142287158138085,4.796447457306188,0.23456422366016288,0.012537467672732137
gamma,0.5,pi_0p750_gamma_0p50,γ = 0.5,0.75,0.5,105,104,103,0.22219990773878348,0.06168122084549623,0.0687188392404202,-0.007037618394923986,0.16051868689328724,0.16533583517908176,-0.004708898164733979,-0.00010825012106056376,28.437467929410605,5.126430720800195,0.23408384325513903,0.011764023841457433
gamma,0.5,pi_0p750_gamma_0p50,γ = 0.5,0.75,0.5,105,105,104,0.22233727052531638,0.06285085117190442,0.06945333199180675,-0.006602480819902339,0.15948641935341196,0.16402025851001847,-0.004435908639982055,-9.79305166244625e-5,31.0003357094565,5.487001818984822,0.2334973730161523,0.011052663844553196
gamma,0.75,pi_0p750_gamma_0p75,γ = 0.75,0.75,0.75,105,1,0,0.0,0.0,0.0,0.0,0.0,0.0,0.0,0.0,1.0,1.0,0.27516151289177304,0.1663949872556951
gamma,0.75,pi_0p750_gamma_0p75,γ = 0.75,0.75,0.75,105,2,1,-0.007690571828689523,-0.005842349457313538,-0.0026428528075331187,-0.0031994966497804196,-0.0018482223713759637,0.0035474782672284136,-0.004987586423669931,-0.00040811421493444584,1.0192803278347549,0.9903692905543995,0.2753239527648527,0.17413325770295948
gamma,0.75,pi_0p750_gamma_0p75,γ = 0.75,0.75,0.75,105,3,2,-0.014587965963359697,-0.011380002012937346,-0.004895260093655825,-0.006484741919281523,-0.0032079639504223392,0.0074675487818796375,-0.010040737481109474,-0.0006347752511925046,1.0387507547051646,0.9821556188905997,0.2752645194597963,0.18142724849994413
gamma,0.75,pi_0p750_gamma_0p75,γ = 0.75,0.75,0.75,105,4,3,-0.020687953127442336,-0.016603476423667173,-0.006788767014961327,-0.00981470940870585,-0.004084476703775128,0.01173481450538709,-0.015125765269856609,-0.0006935259393056106,1.0583654247096776,0.9751627933305357,0.27499922676560146,0.1882463631060872
gamma,0.75,pi_0p750_gamma_0p75,γ = 0.75,0.75,0.75,105,5,4,-0.025998275629519698,-0.021506228816973186,-0.008354135781166764,-0.013152093035806424,-0.004492046812546495,0.01632268807542224,-0.020208726003365846,-0.0006060088846028879,1.0780919230674493,0.9692261244055372,0.2745501616051168,0.19456738829266504
gamma,0.75,pi_0p750_gamma_0p75,γ = 0.75,0.75,0.75,105,6,5,-0.03053636041989775,-0.02608475175973623,-0.009621058945251745,-0.016463692814484485,-0.004451608660161466,0.021203727141507183,-0.025256294693515986,-0.000399041108152666,1.0979090753921361,0.9642071474427573,0.27394326262767993,0.20037403511815488
gamma,0.75,pi_0p750_gamma_0p75,γ = 0.75,0.75,0.75,105,7,6,-0.03432718173002808,-0.0303384543526511,-0.010617911199876885,-0.019720543152774214,-0.003988727377376972,0.02634964101749659,-0.030236625046958676,-0.00010174334791489084,1.1178049053312968,0.959989273808358,0.27320618090764526,0.20565647933356412
gamma,0.75,pi_0p750_gamma_0p75,γ = 0.75,0.75,0.75,105,8,7,-0.03740134930876092,-0.03426940941557878,-0.011371554520045311,-0.022897854895533462,-0.003131939893182101,0.03173121351412578,-0.03512009236046359,0.00025693895315570113,1.1377748248414485,0.9564741971686843,0.2723664495601602,0.21041086828592498
gamma,0.75,pi_0p750_gamma_0p75,γ = 0.75,0.75,0.75,105,9,8,-0.03979346832571565,-0.03788204134374116,-0.011907205110918133,-0.025974836232823022,-0.0019114269819744737,0.03731830520653203,-0.0398798551371936,0.0006501229486870941,1.1578201184636687,0.9535789050142032,0.27145008818055627,0.21463877769280318
gamma,0.75,pi_0p750_gamma_0p75,γ = 0.75,0.75,0.75,105,10,9,-0.04154076772243961,-0.04118279205216808,-0.012248356967679033,-0.028934435084489035,-0.00035797567027152173,0.043080001145185065,-0.044492214350390656,0.001054237534934069,1.1779467012238227,0.9512331960013921,0.27048066786548663,0.21834661234439295
gamma,0.75,pi_0p750_gamma_0p75,γ = 0.75,0.75,0.75,105,11,10,-0.04268198445692422,-0.04417979526121305,-0.01241675645344162,-0.03176303880777142,0.0014978108042888122,0.04898490749858973,-0.048936779554543224,0.001449682860242297,1.1981641398608396,0.9493776105461057,0.2694787956547352,0.22154496539699903
gamma,0.75,pi_0p750_gamma_0p75,γ = 0.75,0.75,0.75,105,12,11,-0.04325647914585699,-0.04688257493075108,-0.012432418954781782,-0.03445015597596928,0.003626095784894119,0.05500155777850039,-0.053196472656324136,0.0018210106627178566,1.2184849112528187,0.9479617027194053,0.26846193673193147,0.22424796082468595
gamma,0.75,pi_0p750_gamma_0p75,γ = 0.75,0.75,0.75,105,13,12,-0.04330353213207036,-0.04930176065322542,-0.012313673389978361,-0.03698808726324705,0.005998228521155074,0.06109887055055197,-0.057257407649256666,0.002156765619859764,1.2389238131883364,0.9469426119178985,0.2674444816154267,0.2264725947995262
gamma,0.75,pi_0p750_gamma_0p75,γ = 0.75,0.75,0.75,105,14,13,-0.042861814249290656,-0.051448839103966,-0.01207723179666686,-0.039371607307299133,0.008587024854675348,0.06724661022481401,-0.06110868662707807,0.002449101256939396,1.2594975523742007,0.946283865183876,0.26643797139716047,0.2282381132062695
gamma,0.75,pi_0p750_gamma_0p75,γ = 0.75,0.75,0.75,105,15,14,-0.041968976790671596,-0.05333592370124132,-0.011738270696768208,-0.04159765300447311,0.011366946910569718,0.07341580714892904,-0.06474214385510349,0.0026932836167441665,1.2802244160242204,0.9459543908038045,0.26545141126157484,0.2295654287643277
gamma,0.75,pi_0p750_gamma_0p75,γ = 0.75,0.75,0.75,105,16,15,-0.04066135145887313,-0.05497555079411576,-0.011310521622850962,-0.04366502917126479,0.014314199335242644,0.07957911177790218,-0.06815206629777125,0.002887153855111696,1.3011240338021102,0.9459276982558066,0.26449161892934525,0.2304765984970438
gamma,0.75,pi_0p750_gamma_0p75,γ = 0.75,0.75,0.75,105,17,16,-0.03897373879601117,-0.056380501390101624,-0.01080636648585468,-0.045574134904246937,0.017406762594090464,0.08571106926272165,-0.07133491002842153,0.003030603359790325,1.3222172116050843,0.9461811955527207,0.26356357142974274,0.23099436782270588
gamma,0.75,pi_0p750_gamma_0p75,γ = 0.75,0.75,0.75,105,18,17,-0.03693926261053813,-0.05756364326270173,-0.010236933262047908,-0.04732671000065381,0.020624380652163623,0.09178831230799343,-0.07428902488881782,0.0031250932329879816,1.3435258077641978,0.9466956247408482,0.26267072979684225,0.23114177922332765
gamma,0.75,pi_0p750_gamma_0p75,γ = 0.75,0.75,0.75,105,19,18,-0.034589277834886925,-0.058537792618206526,-0.009612189854682035,-0.04892560276352447,0.023948514783319594,0.09778967574882008,-0.07701439612353761,0.0031732351580371046,1.3650726409958536,0.9474545953349897,0.26181532905944194,0.23094184451930774
gamma,0.75,pi_0p750_gamma_0p75,γ = 0.75,0.75,0.75,105,20,19,-0.031953323608681534,-0.05931559646328945,-0.008941035347845185,-0.05037456111544424,0.0273622728546079,0.10369624269723013,-0.07951240746775523,0.003178437625132973,1.3868814303947115,0.9484441963934184,0.2609986293401191,0.23041727819220148
gamma,0.75,pi_0p750_gamma_0p75,γ = 0.75,0.75,0.75,105,21,20,-0.02905911464076425,-0.05990943624649181,-0.008231388191311102,-0.051678048055180684,0.030850321605727534,0.10949133395024117,-0.08178562727784497,0.003144614933331318,1.408976769863623,0.9496526713202484,0.26022112811272075,0.2295902870598361
gamma,0.75,pi_0p750_gamma_0p75,γ = 0.75,0.75,0.75,105,22,21,-0.025932559136800537,-0.06033134825743179,-0.007490269622397071,-0.05284107863503469,0.03439878912063122,0.11516045000024798,-0.0838376180531425,0.0030759571735257496,1.4313841215370227,0.95107014783237,0.2594827348410912,0.22848240789651403
gamma,0.75,pi_0p750_gamma_0p75,γ = 0.75,0.75,0.75,105,23,22,-0.022597789712203,-0.06059295414475684,-0.006723880353827963,-0.053869073790928854,0.03799516443255381,0.12069117983348553,-0.08567276675873038,0.002976751357798663,1.4541298017241568,0.9526884200541181,0.2587829167597066,0.22711438126765235
gamma,0.75,pi_0p750_gamma_0p75,γ = 0.75,0.75,0.75,105,24,23,-0.019077224314032998,-0.0607054154944469,-0.0059376752476153795,-0.05476774024683149,0.041628191180413894,0.12607308296470543,-0.08729613771705547,0.0028512459327639317,1.4772410218685958,0.954500756961783,0.2581208127235584,0.22550606966514397
gamma,0.75,pi_0p750_gamma_0p75,γ = 0.75,0.75,0.75,105,25,24,-0.015391627881427306,-0.060679393165103616,-0.005136430247237363,-0.05554296291786623,0.045287765283676285,0.1312975556363053,-0.08871334284907563,0.002703552496446586,1.5007459100354557,0.9565017519957135,0.25749532653680623,0.22367639797587732
gamma,0.75,pi_0p750_gamma_0p75,γ = 0.75,0.75,0.75,105,26,25,-0.011560193714043883,-0.060525026399581565,-0.004324307027960108,-0.056200719371621424,0.04896483268553765,0.1363576869398387,-0.0899304301995391,0.0025375759452380244,1.52467358178334,0.9586871886906457,0.2569051981431593,0.2216433256194216
gamma,0.75,pi_0p750_gamma_0p75,γ = 0.75,0.75,0.75,105,27,26,-0.007600619142400387,-0.06025191354255194,-0.003504910090327955,-0.05674700345222396,0.052651294400151524,0.14124811117605954,-0.09095378595714416,0.002356969181236159,1.549054188191915,0.9610539384595236,0.25634906147340675,0.21942383097957613
gamma,0.75,pi_0p750_gamma_0p75,γ = 0.75,0.75,0.75,105,28,27,-0.0035291905755627053,-0.05986910508795151,-0.002681340382234291,-0.05718776470571719,0.05633991451238881,0.14596485997416755,-0.0917900509167234,0.0021651054549446233,1.5739189922236336,0.9635998727367462,0.2558254880956164,0.21703391554026122
gamma,0.75,pi_0p750_gamma_0p75,γ = 0.75,0.75,0.75,105,29,28,0.0006391251264429491,-0.059385107562372384,-0.0018562457000327476,-0.05752886186233961,0.0600242326888153,0.15050521781929707,-0.09244604952503323,0.001965064394551425,1.599300476067418,0.9663237861816563,0.2553330192820967,0.21448862364853336
gamma,0.75,pi_0p750_gamma_0p75,γ = 0.75,0.75,0.75,105,30,29,0.004890601559368302,-0.05880788467145373,-0.0010318640840581402,-0.05777602058739556,0.06369848623082201,0.15486758391688857,-0.09292872712694002,0.001759629440873435,1.6252324199162806,0.9692253443358976,0.25487019283089923,0.21180206350614075
gamma,0.75,pi_0p750_gamma_0p75,γ = 0.75,0.75,0.75,105,31,30,0.009212662611005406,-0.05814487133458405,-0.00021006585079578146,-0.05793480548378823,0.06735753394558945,0.15905134064910736,-0.09324509876158817,0.0015512920580702362,1.651750031853651,0.9723050332678776,0.25443556038786463,0.2089874434074659
gamma,0.75,pi_0p750_gamma_0p75,γ = 0.75,0.75,0.75,105,32,31,0.01359380005527041,-0.057402987989924874,0.0006076091526454356,-0.05801059714257028,0.0709967880451953,0.16305673095494264,-0.09340220475138368,0.00134226184163631,1.6788900746637117,0.9755641236361124,0.2540277009938521,0.20605710925014176
gamma,0.75,pi_0p750_gamma_0p75,γ = 0.75,0.75,0.75,105,33,32,0.018023495270002823,-0.056588656550275285,0.0014199181834676899,-0.05800857473374294,0.07461215182027812,0.16688474457625105,-0.09340707321662829,0.0011344804606553314,1.7066909991565222,0.9790046458056453,0.253645230992734,0.2030225845974728
gamma,0.75,pi_0p750_gamma_0p75,γ = 0.75,0.75,0.75,105,34,33,0.022492141317775736,-0.05570782036944917,0.002225884822449012,-0.05793370519189814,0.07819996168722489,0.17053701323896303,-0.09326668918913229,0.0009296376373941247,1.7351931007977541,0.9826293709244246,0.2532868100939605,0.1998946146432393
gamma,0.75,pi_0p750_gamma_0p75,γ = 0.75,0.75,0.75,105,35,34,0.026990969002698276,-0.054765965739208555,0.0030247710649829664,-0.05779073680419147,0.08175693474190679,0.1740157151115665,-0.09298796913313244,0.0007291887634727036,1.7644386916197097,0.9864417991834424,0.25295114510995387,0.19668321123332197
gamma,0.75,pi_0p750_gamma_0p75,γ = 0.75,0.75,0.75,105,36,35,0.03151197810116886,-0.05376814300185105,0.0038160526249300846,-0.05758419562678109,0.0852801211030199,0.17732348795234013,-0.09257773975488946,0.0005343729055692084,1.7944722810926672,0.9904461570396704,0.2526369921668298,0.19339769688418385
gamma,0.75,pi_0p750_gamma_0p75,γ = 0.75,0.75,0.75,105,37,36,0.03604787042311825,-0.05271899011844522,0.004599395944202755,-0.05731838606264793,0.08876686054156344,0.18046335087400736,-0.09204272123947352,0.0003462309070295728,1.8253407845565839,0.9946473978076049,0.25234315694661824,0.19004674995694176
gamma,0.75,pi_0p750_gamma_0p75,γ = 0.75,0.75,0.75,105,38,37,0.04059199124419176,-0.05162275258099061,0.005374638903746531,-0.056997391484737085,0.09221474382518234,0.1834386339253456,-0.09138951341769207,0.00016562331752879462,1.857093728512563,0.999051214281955,0.252068495062337,0.1866384459218914
gamma,0.75,pi_0p750_gamma_0p75,γ = 0.75,0.75,0.75,105,39,38,0.045138268671415044,-0.05048330791520731,0.006141771806216145,-0.05662507972142341,0.09562157658662232,0.18625291515309622,-0.0906245857791939,-6.752787280011564e-6,1.8897835027531178,1.003664050090791,0.25181191000472014,0.1831803011753022
gamma,0.75,pi_0p750_gamma_0p75,γ = 0.75,0.75,0.75,105,40,39,0.04968116357406006,-0.04930418439267724,0.006900922283998725,-0.05620510667667592,0.09898534796673727,0.18890996453885195,-0.089754269134995,-0.00017034743711969604,1.9234656022088934,1.008493125327608,0.251572352399752,0.1796793109018548
gamma,0.75,pi_0p750_gamma_0p75,γ = 0.75,0.75,0.75,105,41,40,0.05421561547280922,-0.048088585385466176,0.0076523394804648,-0.05574092486593093,0.10230420085827537,0.19141369426095808,-0.0887847508990283,-0.00032474250365443206,1.9581989297818398,1.013546458067838,0.25134881653898544,0.1761419904372602
gamma,0.75,pi_0p750_gamma_0p75,γ = 0.75,0.75,0.75,105,42,41,0.058736999685308516,-0.04683940702374309,0.008396382062627352,-0.0552357890863704,0.10557640670905157,0.19376811492513699,-0.08772207061139457,-0.0004696376046908621,1.9940460883555193,1.0188329012446082,0.2511403389310959,0.1725744093029523
gamma,0.75,pi_0p750_gamma_0p75,γ = 0.75,0.75,0.75,105,43,42,0.06324108268977809,-0.04555925880382114,0.009133506186195054,-0.05469276499001616,0.10880034149359923,0.1959772967864901,-0.0865721184123012,-0.0006048368805896794,2.031073724415796,1.0243621797451306,0.25094599504793585,0.16898222701288054
gamma,0.75,pi_0p750_gamma_0p75,γ = 0.75,0.75,0.75,105,44,43,0.06772398585457402,-0.044250479557703476,0.009864256184970182,-0.054114735742673614,0.11197446541227744,0.19804533597163188,-0.08534063381850869,-0.0007302367408457499,2.069352876484974,1.0301449401293756,0.2507648975913284,0.16537072351715126
gamma,0.75,pi_0p750_gamma_0p75,γ = 0.75,0.75,0.75,105,45,44,0.07218214350772068,-0.04291515893790996,0.010589253784428545,-0.05350441272233846,0.11509730244563057,0.1999763247101975,-0.08403320723325017,-0.0008458150313167485,2.108959402730743,1.0361927959280999,0.2505961919008484,0.161744833157625
gamma,0.75,pi_0p750_gamma_0p75,γ = 0.75,0.75,0.75,105,46,45,0.07661227429939522,-0.04155515050632934,0.011309191265539944,-0.052864341771869244,0.11816742480572452,0.20177432588075947,-0.08265528047361408,-0.0009516206014208662,2.14997439352649,1.0425183924617518,0.2504390545929508,0.15810917015151624
gamma,0.75,pi_0p750_gamma_0p75,γ = 0.75,0.75,0.75,105,47,46,0.08101134893267165,-0.040172088121161034,0.012024823908550081,-0.05219691202971108,0.1211834370538327,0.20344335062886837,-0.08121214924727779,-0.0010477643277579164,2.1924846545976813,1.0491354724633162,0.25029269031079143,0.15446805603755084
gamma,0.75,pi_0p750_gamma_0p75,γ = 0.75,0.75,0.75,105,48,47,0.08537656104484202,-0.038767401296701115,0.012736963166045879,-0.05150436446274695,0.12414396234154314,0.2049873392497241,-0.07970896622498996,-0.0011344106831910374,2.236583235386618,1.0560589493897456,0.2501563285800805,0.1508255450689298
gamma,0.75,pi_0p750_gamma_0p75,γ = 0.75,0.75,0.75,105,49,48,0.08970530335197628,-0.03734232745842917,0.013446471504725182,-0.050788798963154316,0.12704763081040543,0.2064101448998594,-0.07815074402634932,-0.0012117700631046936,2.282369990126822,1.0633049937259627,0.2500292217223614,0.1471854460031903
gamma,0.75,pi_0p750_gamma_0p75,γ = 0.75,0.75,0.75,105,50,49,0.09399514142698835,-0.03589792693433716,0.014154256240306192,-0.05005218317464332,0.1298930683613255,0.20771551983604947,-0.07654235926368815,-0.0012800922110358403,2.3299522226431177,1.0708911215894719,0.24991064131071672,0.14355134487874163
gamma,0.75,pi_0p750_gamma_0p75,γ = 0.75,0.75,0.75,105,51,50,0.09824379306046566,-0.03443509402032905,0.014861265388623559,-0.049296359408952585,0.1326788870807947,0.20890710349040165,-0.07488855645667618,-0.0013396599529307985,2.3794453705724092,1.0788363000866914,0.24979987576925275,0.1399266241144478
gamma,0.75,pi_0p750_gamma_0p75,γ = 0.75,0.75,0.75,105,52,51,0.10244911198274222,-0.03295456655307188,0.015568484107419206,-0.048523050660491056,0.1354036785358141,0.20998841346722696,-0.07319395129933569,-0.001390783632077209,2.430973744092857,1.0871610648332453,0.24969622915965461,0.1363144786535543
gamma,0.75,pi_0p750_gamma_0p75,γ = 0.75,0.75,0.75,105,53,52,0.10660906403024162,-0.031456940630161336,0.016276929082831796,-0.047733869712993114,0.138066004660403,0.21096283716357378,-0.07146303610942288,-0.0014337963937479255,2.4846713974534045,1.0958876385875558,0.249599016529821,0.1327179361687608
gamma,0.75,pi_0p750_gamma_0p75,γ = 0.75,0.75,0.75,105,54,53,0.11072171557830751,-0.02994267801312349,0.016987646047707212,-0.04693032406083068,0.140664393591431,0.21183362608747647,-0.06970018299518249,-0.0014690495008630013,2.540683021383117,1.1050400760969288,0.24950756321109474,0.1291398696618863
gamma,0.75,pi_0p750_gamma_0p75,γ = 0.75,0.75,0.75,105,55,54,0.11478521755146262,-0.028412116796529545,0.01770170594885212,-0.046113822745381644,0.14319733434799214,0.21260389105568692,-0.06790964809111197,-0.0014969086165828233,2.599164964217153,1.1146444166535487,0.24942120213068972,0.12558301213252435
gamma,0.75,pi_0p750_gamma_0p75,γ = 0.75,0.75,0.75,105,56,55,0.11879779187433089,-0.02686548135113757,0.018420201275231744,-0.04528568262636929,0.14566327322546846,0.21327659897355822,-0.06609557556921483,-0.0015177501788749257,2.660286354089472,1.1247288527698327,0.2493392714829907,0.12204996962009372
gamma,0.75,pi_0p750_gamma_0p75,γ = 0.75,0.75,0.75,105,57,56,0.1227577203327745,-0.025302891344025812,0.0191442427082718,-0.04444713405229759,0.14806061167680035,0.21385457101061078,-0.0642620011964256,-0.0015319581373848601,2.7242303306064133,1.1353239177355239,0.24926111292540176,0.1185432324695848
gamma,0.75,pi_0p750_gamma_0p75,γ = 0.75,0.75,0.75,105,58,57,0.12666333277422667,-0.023724371620490264,0.01987495531742841,-0.043599326937918646,0.150387704394717,0.21434048161041105,-0.06241285585065035,-0.00153992136504373,2.7911954201321834,1.1464626905055395,0.2491860691331284,0.11506518634575083
gamma,0.75,pi_0p750_gamma_0p75,γ = 0.75,0.75,0.75,105,59,58,0.13051300115669673,-0.02212985934225838,0.020613475822844476,-0.042743335165102835,0.1526428604989551,0.21473685934803063,-0.06055196794437992,-0.0015420309046956559,2.8613970213284223,1.1581810277423734,0.24911348336992584,0.11161811993481412
gamma,0.75,pi_0p750_gamma_0p75,γ = 0.75,0.75,0.75,105,60,59,0.1343051284689723,-0.020519215120657967,0.021360947801158377,-0.04188016292181633,0.1548243435896303,0.2150460881625151,-0.05868306660277058,-0.0015386779701142483,2.935069099449702,1.170517810398735,0.24904269664493953,0.1082042348960522
gamma,0.75,pi_0p750_gamma_0p75,γ = 0.75,0.75,0.75,105,61,60,0.13803814272251105,-0.01889223195568076,0.022118517642701927,-0.04101074959838267,0.15693037467819182,0.21527041017817172,-0.056809783807623686,-0.0015302516923562212,3.0124660333216906,1.183515221052454,0.24897304653790342,0.10482565293028653
gamma,0.75,pi_0p750_gamma_0p75,γ = 0.75,0.75,0.75,105,62,61,0.14171049169829852,-0.017248644497027326,0.02288733018691853,-0.04013597468394585,0.15895913619532587,0.2154119295467339,-0.05493565579115279,-0.0015171375602552686,3.093864664339443,1.1972190501324762,0.2489038661815795,0.10148442177069135
gamma,0.75,pi_0p750_gamma_0p75,γ = 0.75,0.75,0.75,105,63,62,0.14532063926521288,-0.015588138306573563,0.02366852413601027,-0.03925666244258383,0.16090877757178645,0.2154726173809557,-0.05306412406499038,-0.0014997157441788717,3.1795665639871595,1.21167903507443,0.2488344836557096,0.09818252031144283
gamma,0.75,pi_0p750_gamma_0p75,γ = 0.75,0.75,0.75,105,64,63,0.14886706078366616,-0.013910361172160527,0.024463226016891965,-0.03837358718905248,0.16277742195582667,0.21545431785823346,-0.051198536332886437,-0.001478359569520402,3.2699005711330233,1.2269492298021571,0.24876422072148147,0.0949218639912161
gamma,0.75,pi_0p750_gamma_0p75,γ = 0.75,0.75,0.75,105,65,64,0.15234824018384044,-0.012214934552144905,0.025272543752261022,-0.03748747830440592,0.16456317473598536,0.21535875556419104,-0.0493421463486803,-0.001453434479525438,3.365225606388428,1.2430884137483234,0.24869239208413912,0.09170430866775738
gamma,0.75,pi_0p750_gamma_0p75,γ = 0.75,0.75,0.75,105,66,65,0.15576266923942816,-0.010501464621231847,0.026097560238445464,-0.0365990248596773,0.16626413386066,0.21518754384244587,-0.04749811333649919,-0.0014252966452867146,3.4659337882416144,1.2601605472987394,0.24861830541261704,0.08853165350797403
gamma,0.75,pi_0p750_gamma_0p75,γ = 0.75,0.75,0.75,105,67,66,0.15910884836778508,-0.008769554155324329,0.026939326032191496,-0.035708880187515814,0.1678784025231094,0.21494219493868671,-0.045669500184481085,-0.0013942922310962306,3.572453894421558,1.2782352742749619,0.24854126206505123,0.0854056424801501
gamma,0.75,pi_0p750_gamma_0p75,γ = 0.75,0.75,0.75,105,68,67,0.16238528633862287,-0.007018816407077954,0.027798850653322545,-0.03481766706040049,0.16940410274570078,0.21462413093504742,-0.04385927193838361,-0.0013607562509630187,3.685255237938358,1.2973884739854984,0.24846055707043208,0.08232796666190122
gamma,0.75,pi_0p750_gamma_0p75,γ = 0.75,0.75,0.75,105,69,68,0.16559050057787766,-0.0052488904401211305,0.028677092561938313,-0.03392598300205943,0.17083939101799878,0.21423469625317007,-0.04207029322332544,-0.001325012011845849,3.8048519941901264,1.3177028687978658,0.2483754792366292,0.0793002655388017
gamma,0.75,pi_0p750_gamma_0p75,γ = 0.75,0.75,0.75,105,70,69,0.16872302265580313,-0.0034594543884033054,0.029574950108124526,-0.03303440449652782,0.17218247704420644,0.21377517180011832,-0.04030532451910105,-0.0012873702368108616,3.9318079729491595,1.3392687068588613,0.24828531379120009,0.07632412600428792
gamma,0.75,pi_0p750_gamma_0p75,γ = 0.75,0.75,0.75,105,71,70,0.17178140133175762,-0.0016502419815164421,0.030493250221365172,-0.0321434922028816,0.17343164331327404,0.21324679018581758,-0.03856701831717272,-0.0012481285553708193,4.06674198267114,1.3621845096727938,0.2481893437950794,0.07340108222372489
gamma,0.75,pi_0p750_gamma_0p75,γ = 0.75,0.75,0.75,105,72,71,0.17476420614645102,0.00017893944317711269,0.03143273572437555,-0.031253796281198426,0.1745852667032739,0.2126507524939431,-0.03685791474196887,-0.0012075710487003599,4.210333828174124,1.3865578966505623,0.248086851710365,0.07053261505963032
gamma,0.75,pi_0p750_gamma_0p75,γ = 0.75,0.75,0.75,105,73,72,0.1776700341189745,0.0020281915452147973,0.03239405271193871,-0.0303658611667239,0.1756418425737597,0.21198824661524732,-0.03518043638292366,-0.0011659676585639561,4.363330981645113,1.4125065037331246,0.24797712259318852,0.06772015015442023
gamma,0.75,pi_0p750_gamma_0p75,γ = 0.75,0.75,0.75,105,74,73,0.18049751716012657,0.003897506784764178,0.033377737188925026,-0.029480230404160836,0.17660001037536235,0.211260466752405,-0.03353688235046741,-0.0011235740265752546,4.526556039881608,1.4401590015512464,0.24785944773804536,0.06496505530978039
gamma,0.75,pi_0p750_gamma_0p75,γ = 0.75,0.75,0.75,105,75,74,0.18324532878017313,0.005786748445570591,0.034384200236183965,-0.02859745179061336,0.17745858033460254,0.21046863399409457,-0.03192942260939714,-0.0010806310500949153,4.700915090155855,1.469656219054981,0.24773312795284452,0.06226863847239925
gamma,0.75,pi_0p750_gamma_0p75,γ = 0.75,0.75,0.75,105,76,75,0.18591219305957749,0.0076956309529108285,0.03541371302310562,-0.02771808207019478,0.17821656210666664,0.20961401830051538,-0.030360091428514285,-0.001037364765334442,4.887407052608129,1.5011523920155845,0.24759747813277302,0.05963214441224812
gamma,0.75,pi_0p750_gamma_0p75,γ = 0.75,0.75,0.75,105,77,76,0.18849689455012153,0.00962370022964724,0.0364663916514652,-0.026842691421817954,0.1788731943204743,0.20869796123755194,-0.028830780635916042,-0.0009939862811616058,5.0871341381973405,1.534816549452215,0.2474518324642205,0.05705675103001286
gamma,0.75,pi_0p750_gamma_0p75,γ = 0.75,0.75,0.75,105,78,77,0.19099828864491164,0.011570314228265148,0.03754218198549411,-0.025971867757228952,0.17942797441664649,0.20772189908744257,-0.027343233077053188,-0.0009506915937428922,5.301313570296884,1.570834053473989,0.24729555004476395,0.05454356570978416
gamma,0.75,pi_0p750_gamma_0p75,γ = 0.75,0.75,0.75,105,79,78,0.19341531084583416,0.013534622408253856,0.038640843425460425,-0.02510622101720656,0.1798806884375803,0.20668738630443462,-0.025899036107165523,-0.0009076617596887723,5.531290761670237,1.60940830095928,0.247128019844661,0.052093621736348905
gamma,0.75,pi_0p750_gamma_0p75,γ = 0.75,0.75,0.75,105,80,79,0.19574699102290427,0.015515549526420997,0.03976193566412639,-0.024246386137705387,0.18023144149648326,0.2055961191957919,-0.024499614825641853,-0.0008650628736667664,5.778554007847347,1.6507626320929139,0.24694866892450987,0.049707873153338245
gamma,0.75,pi_0p750_gamma_0p75,γ = 0.75,0.75,0.75,105,81,80,0.19799246273602486,0.01751177744462212,0.04090480398807402,-0.023393026543451892,0.1804806852914027,0.2044499580383599,-0.02314622644847274,-0.0008230462984844181,6.044751087611038,1.695142435719692,0.24675696768025746,0.047387191315296194
gamma,0.75,pi_0p750_gamma_0p75,γ = 0.75,0.75,0.75,105,82,81,0.2001509770881989,0.019521731531639757,0.04206856769651602,-0.022546836164876256,0.18062924555655915,0.2032509490265315,-0.021839954595303402,-0.0007817488746689582,6.331707817253833,1.7428175050949961,0.24655243806986038,0.045132359897498975
gamma,0.75,pi_0p750_gamma_0p75,γ = 0.75,0.75,0.75,105,83,82,0.20222191409646564,0.021543568375633752,0.04325210957698522,-0.02170854120135146,0.18067834572083188,0.20200134366835776,-0.020581704678339193,-0.0007412932691866735,6.641448956345695,1.7940846551047234,0.24633466037091187,0.04294407076962201
gamma,0.75,pi_0p750_gamma_0p75,γ = 0.75,0.75,0.75,105,84,83,0.20420479578606843,0.02357516801127613,0.044454068729308044,-0.020878900718031907,0.1806296277747923,0.20070361612341664,-0.01937220009888455,-0.0007017882497397817,6.9762216694696875,1.8492706467729267,0.24610328123908226,0.0408229195171534
gamma,0.75,pi_0p750_gamma_0p75,γ = 0.75,0.75,0.75,105,85,84,0.20609929754176334,0.025614129043527882,0.045672835603710195,-0.020058706560182313,0.18048516849823543,0.1993604772525866,-0.01821197961099289,-0.000663329143358266,7.33852195449942,1.9087354435146704,0.24585802069022944,0.03876940144597771
gamma,0.75,pi_0p750_gamma_0p75,γ = 0.75,0.75,0.75,105,86,85,0.20790525977577512,0.02765776885604939,0.04690655096283529,-0.019248782106785895,0.18024749091972567,0.19797488506519628,-0.017101395810164118,-0.0006259983353064462,7.731124367655616,1.9728758497153667,0.2455986793850937,0.03678390753997519
gamma,0.75,pi_0p750_gamma_0p75,γ = 0.75,0.75,0.75,105,87,86,0.20962269781596496,0.02970312900515005,0.04815310911231378,-0.018449980107163727,0.1799195688108149,0.19655004982103816,-0.016040615310697462,-0.0005898656995258,8.157115533374622,2.0421295784794906,0.2453251448033831,0.03486672116971285
gamma,0.75,pi_0p750_gamma_0p75,γ = 0.75,0.75,0.75,105,88,87,0.2112518125638202,0.03174698583396028,0.04941016495494919,-0.017663179120988907,0.1795048267298599,0.19508943593655834,-0.015029620001824779,-0.0005549892048736593,8.619931843406906,2.1169797951900917,0.2450373979955236,0.03301801445299723
gamma,0.75,pi_0p750_gamma_0p75,γ = 0.75,0.75,0.75,105,89,88,0.21279299587746414,0.033785866018391196,0.05067514541251386,-0.016889279394122658,0.17900712985907297,0.19359675582694205,-0.01406821050172397,-0.0005214154661451456,9.123402106110325,2.1979601966056777,0.24473551657379328,0.031237846210354015
gamma,0.75,pi_0p750_gamma_0p75,γ = 0.75,0.75,0.75,105,90,89,0.2142468369669863,0.035816068883727056,0.05194526608131284,-0.016129197197585775,0.17843076808325922,0.19207595921257714,-0.013156010734290007,-0.0004891803950279064,9.671795586670124,2.285660700705019,0.24441967832305256,0.02952615945889975
gamma,0.75,pi_0p750_gamma_0p75,γ = 0.75,0.75,0.75,105,91,90,0.21561412333754887,0.03783369286286606,0.05321755138302702,-0.015383858520160948,0.1777804304746828,0.1905312149173765,-0.012292474674675489,-0.0004583097680182203,10.26987640089052,2.3807338046819626,0.24409016071012427,0.027882780375103944
gamma,0.75,pi_0p750_gamma_0p75,γ = 0.75,0.75,0.75,105,92,91,0.21689583670379942,0.039834665553323274,0.05448885752765357,-0.014654191974330282,0.1770611711504761,0.18896688574868545,-0.011476894700078373,-0.0004288198981309907,10.92296514488024,2.483901685720581,0.24374733618952596,0.026307418017275902
gamma,0.75,pi_0p750_gamma_0p75,γ = 0.75,0.75,0.75,105,93,92,0.21809314051157133,0.041814775759131895,0.05575589702006214,-0.013941121260930237,0.1762783647524394,0.18738749485907746,-0.010708411807890198,-0.0004007182987478676,11.637008968878767,2.595964119749832,0.243391660432566,0.024799665412363784
gamma,0.75,pi_0p750_gamma_0p75,γ = 0.75,0.75,0.75,105,94,93,0.2192073566250568,0.043769703902692164,0.057015261235268164,-0.013245557332576003,0.17543765272236464,0.18579768467669608,-0.009986027677532566,-0.0003740042767988456,12.41866150544389,2.7178072723580464,0.24302365109029095,0.023359002122676106
gamma,0.75,pi_0p750_gamma_0p75,γ = 0.75,0.75,0.75,105,95,94,0.22023992229805206,0.04569504590807956,0.05826343691851868,-0.012568391010439113,0.17454487638997246,0.18420216460454322,-0.009308618630061766,-0.00034866958450895666,13.275374752705037,2.8504133972330266,0.24264384914974493,0.021984799102982695
gamma,0.75,pi_0p750_gamma_0p75,γ = 0.75,0.75,0.75,105,96,95,0.2211923155970121,0.04758632037417233,0.05949680709682229,-0.011910486722649955,0.1736059952228398,0.18260564610237245,-0.008674951848832291,-0.0003246990307003558,14.215505795437492,2.994871384934062,0.24225275199055243,0.020676326883621855
gamma,0.75,pi_0p750_gamma_0p75,γ = 0.75,0.75,0.75,105,97,96,0.2220659321971837,0.049438946969087454,0.06071162512431888,-0.011272678155231421,0.1726269852280962,0.18101276034110717,-0.008083704126349222,-0.00030207098666171553,15.248442542320232,3.152388007696092,0.24185070206493872,0.019432768142180146
gamma,0.75,pi_0p750_gamma_0p75,γ = 0.75,0.75,0.75,105,98,97,0.22286187868983026,0.0512481709635924,0.06190393846031512,-0.01065576749672271,0.17161370772623785,0.17942794945610446,-0.007533483818328768,-0.0002807579115378345,16.384755405071598,3.3242994001282047,0.24143769884104613,0.01825323703481918
gamma,0.75,pi_0p750_gamma_0p75,γ = 0.75,0.75,0.75,105,99,98,0.22358063204348574,0.053008898736920794,0.06306942881340666,-0.010060530076485873,0.17057173330656497,0.17785531722921347,-0.0070228572465517265,-0.000260726676096777,17.636385904982973,3.5120818777821174,0.24101308649071274,0.01713680833958912
gamma,0.75,pi_0p750_gamma_0p75,γ = 0.75,0.75,0.75,105,100,99,0.2242214745113254,0.05471538080573392,0.06420310846447541,-0.009487727658741497,0.1695060937055915,0.17629841381561828,-0.006550381297319762,-0.00024193881270701787,19.016891304134365,3.7173602394248313,0.24057503177122247,0.016082561433121013
gamma,0.75,pi_0p750_gamma_0p75,γ = 0.75,0.75,0.75,105,101,100,0.2247815612618987,0.05636064405343727,0.06529877875259243,-0.008938134699155158,0.16842091720846142,0.174759912882067,-0.006114645229842343,-0.00022435044376323057,20.541777974187653,3.9419100998403436,0.24011965647428232,0.015089646435528478
gamma,0.75,pi_0p750_gamma_0p75,γ = 0.75,0.75,0.75,105,102,101,0.22525437857864786,0.05793550570164017,0.06634809028679406,-0.008412584585153891,0.1673188728770077,0.1732411108541804,-0.005714326054568024,-0.00020791192260468375,22.228981699669372,4.187647717743972,0.2396395937269007,0.014157383919232764
gamma,0.75,pi_0p750_gamma_0p75,γ = 0.75,0.75,0.75,105,103,102,0.2256272009667047,0.059426899166511706,0.06733894524767832,-0.007912046081166614,0.16620030180019302,0.1717411329604251,-0.005348264270787393,-0.00019256688944469623,24.0995980831254,4.456595343204973,0.23912159322006388,0.013285415206966198
gamma,0.75,pi_0p750_gamma_0p75,γ = 0.75,0.75,0.75,105,104,103,0.22587689912893363,0.06081506359154759,0.06825280964154007,-0.007437746049992471,0.1650618355373861,0.17025565598733217,-0.005015569897034245,-0.0001782505529118239,26.179048402004952,4.750800070589612,0.23854255316658454,0.01247392927824304
gamma,0.75,pi_0p750_gamma_0p75,γ = 0.75,0.75,0.75,105,105,104,0.22596304030289294,0.06206886325634177,0.06906022639784487,-0.006991363141503098,0.16389417704655118,0.1687748810038606,-0.004715792636133434,-0.0001649113211759869,28.499014208359235,5.07216606476083,0.23786300315973327,0.011724024831207087
gamma,0.9,pi_0p750_gamma_0p90,γ = 0.9,0.75,0.9,105,1,0,0.0,0.0,0.0,0.0,0.0,0.0,0.0,0.0,1.0,1.0,0.2743674234064101,0.16661578352778128
gamma,0.9,pi_0p750_gamma_0p90,γ = 0.9,0.75,0.9,105,2,1,-0.007692683204202405,-0.00583263065705289,-0.0026401110972433133,-0.0031925195598095763,-0.0018600525471494708,0.0033393851986765854,-0.005052923611390462,-0.00014651413443559415,1.0192094186663643,0.9903531294056686,0.27437466669918076,0.1744409754389041
gamma,0.9,pi_0p750_gamma_0p90,γ = 0.9,0.75,0.9,105,3,2,-0.014600093229467943,-0.011366584812593108,-0.004891165702371996,-0.0064754191102211105,-0.0032335084168748263,0.007051019890177825,-0.01017278329496096,-0.00011174501209169136,1.0386231926920395,0.9821193722096271,0.27416215585699416,0.18182771260833444
gamma,0.9,pi_0p750_gamma_0p90,γ = 0.9,0.75,0.9,105,4,3,-0.020717429893907707,-0.01659269105312261,-0.006784756008079451,-0.00980793504504316,-0.0041247388407850884,0.011115708755774762,-0.01532382015825881,8.33725616989574e-5,1.0581960393848677,0.9751030416192951,0.27375040307374277,0.18874277088574828
gamma,0.9,pi_0p750_gamma_0p90,γ = 0.9,0.75,0.9,105,5,4,-0.026051681244637297,-0.021504432527842888,-0.008351638505615986,-0.013152794022226903,-0.004547248716794381,0.015512707746329273,-0.020470027445787506,0.0004100709826638497,1.0778957867538397,0.9691398990812673,0.27316581652255967,0.1951601819906734
gamma,0.9,pi_0p750_gamma_0p90,γ = 0.9,0.75,0.9,105,6,5,-0.03061932755703883,-0.026098031806727505,-0.009621436839800795,-0.01647659496692671,-0.004521295750311337,0.020219505156302917,-0.025576252694144604,0.000835451787530347,1.0977010728892116,0.964091945181748,0.27243797790040125,0.20106101689821226
gamma,0.9,pi_0p750_gamma_0p90,γ = 0.9,0.75,0.9,105,7,6,-0.034444227446894106,-0.0303723496738747,-0.01062239441966443,-0.019749955254210267,-0.004071877773019375,0.025211479180123324,-0.030609214539535932,0.001325857586393232,1.1175992677490802,0.9598430973760107,0.27159718621593176,0.206433114963108
gamma,0.9,pi_0p750_gamma_0p90,γ = 0.9,0.75,0.9,105,8,7,-0.037555757009584224,-0.03432867972899239,-0.011381190030432697,-0.022947489698559687,-0.0032270772805918033,0.030461696043907457,-0.0355383185872961,0.0018495452627968366,1.1375846910724425,0.95629559287084,0.2706725128398619,0.21127070827965738
gamma,0.9,pi_0p750_gamma_0p90,γ = 0.9,0.75,0.9,105,9,8,-0.039987235173032196,-0.03797050136133153,-0.011922820875283686,-0.026047680486047848,-0.002016733811700664,0.03594097602266225,-0.04033621735811633,0.0023785075237534145,1.1576571689115083,0.9533669811546052,0.269690460421884,0.21557392604133707
gamma,0.9,pi_0p750_gamma_0p90,γ = 0.9,0.75,0.9,105,10,9,-0.04177462018577585,-0.041303217563596846,-0.012270544193300913,-0.029032673370295938,-0.0004714026221790069,0.041618232121611504,-0.04497911436194761,0.0028894796181571053,1.1778208892912203,0.950987616492359,0.2686741944795861,0.21934818705010745
gamma,0.9,pi_0p750_gamma_0p90,γ = 0.9,0.75,0.9,105,11,10,-0.04295545661126781,-0.044333899687081166,-0.01244586933956904,-0.031888030347512135,0.00137844307581339,0.04746102042113891,-0.049446846064873186,0.0033642687195476703,1.1980835336795357,0.9490985627291298,0.26764324665600414,0.22260351513592996
gamma,0.9,pi_0p750_gamma_0p90,γ = 0.9,0.75,0.9,105,12,11,-0.04356803006726011,-0.047071038480522624,-0.012468586017881342,-0.03460245246264129,0.0035030084132625433,0.0534362074716551,-0.05372279371236701,0.0037895946539744634,1.2184556101288264,0.9476498545600566,0.2666135605461324,0.22535381346976893
gamma,0.9,pi_0p750_gamma_0p90,γ = 0.9,0.75,0.9,105,13,12,-0.0436507059237144,-0.04952431298621227,-0.012356821516312476,-0.037167491469899804,0.005873607062497878,0.059510669307506384,-0.05779367751034965,0.004156615265341155,1.238949972337189,0.9465990470564478,0.2655977579828781,0.22761614237899525
gamma,0.9,pi_0p750_gamma_0p90,γ = 0.9,0.75,0.9,105,14,13,-0.04324140136088041,-0.05170436315397449,-0.012127112897888922,-0.03957725025608558,0.008462961793094059,0.06565194721787719,-0.06164928039266389,0.004460294967880765,1.2595814324150867,0.9459100240264864,0.26460552375522767,0.22941002277471376
gamma,0.9,pi_0p750_gamma_0p90,γ = 0.9,0.75,0.9,105,15,14,-0.04237718527939224,-0.05362258177112683,-0.011794492477139193,-0.04182808929398765,0.0112453964917346,0.07182881933714698,-0.06528213816497881,0.00469871531956644,1.2803664872777565,0.9455520056584803,0.26364403601625347,0.2307567989204782
gamma,0.9,pi_0p750_gamma_0p90,γ = 0.9,0.75,0.9,105,16,15,-0.04109397189288537,-0.05529091870744664,-0.01137257877048625,-0.0439183399369604,0.01419694681456128,0.07801176166622154,-0.06868722186223668,0.004872407010576432,1.3013231074612843,0.9454987297607398,0.26271839243667594,0.23167906814174546
gamma,0.9,pi_0p750_gamma_0p90,γ = 0.9,0.75,0.9,105,17,16,-0.03942628719171583,-0.05672169552772459,-0.010873668283678563,-0.04584802724404604,0.01729540833600874,0.08417329167164443,-0.07186162917665789,0.00498374584102221,1.3224705584156313,0.9457277806954629,0.2618320041330531,0.23220018138244689
gamma,0.9,pi_0p750_gamma_0p90,γ = 0.9,0.75,0.9,105,18,17,-0.03740710877708295,-0.05792744218420867,-0.010308829035726316,-0.04761861314848237,0.02052033340712572,0.09028820157494838,-0.07480429635050033,0.0050364281826776785,1.3438292811050885,0.9462200287190823,0.26098694242678006,0.23234382396776107
gamma,0.9,pi_0p750_gamma_0p90,γ = 0.9,0.75,0.9,105,19,18,-0.03506775575981213,-0.05892074902822487,-0.009687991569121097,-0.049232757459103785,0.02385299326841273,0.09633369186109218,-0.07751573451712464,0.005035035924445193,1.3654207961299818,0.9469591679014169,0.26018423397283563,0.23213366636214633
gamma,0.9,pi_0p750_gamma_0p90,γ = 0.9,0.75,0.9,105,20,19,-0.03243782008185991,-0.05971413467060231,-0.009020036285392231,-0.05069409838521009,0.027276314588742412,0.10228942081175087,-0.07999779258819775,0.0049846863651893045,1.3872676247757034,0.9479313357476378,0.25942410624559187,0.23159307961446324
gamma,0.9,pi_0p750_gamma_0p90,γ = 0.9,0.75,0.9,105,21,20,-0.029545136927096666,-0.06031993387962884,-0.008312877671628856,-0.052007056207999995,0.030774796952532157,0.10813748706152201,-0.08225344665950511,0.004890756550515266,1.4093932389728565,0.9491247956969789,0.2587061876459769,0.23074491169637565
gamma,0.9,pi_0p750_gamma_0p90,γ = 0.9,0.75,0.9,105,22,21,-0.026415788066821433,-0.06075020591437165,-0.007573545179838302,-0.05317666073453336,0.03433441784755021,0.11386235897560412,-0.08428661494684234,0.004758673818788444,1.4318220425504213,0.9505296699117218,0.25802966605654803,0.22961131818113573
gamma,0.9,pi_0p750_gamma_0p90,γ = 0.9,0.75,0.9,105,23,22,-0.02307411661587735,-0.061016651274168644,-0.006808256963074721,-0.05420839431109393,0.037942534658291276,0.11945076700468107,-0.08610199414743004,0.004593761801040268,1.4545793348867153,0.9521377262573578,0.2573934174382629,0.22821362985947732
gamma,0.9,pi_0p750_gamma_0p90,γ = 0.9,0.75,0.9,105,24,23,-0.019542776300460633,-0.061130555436625385,-0.006022492542834635,-0.055108062893790756,0.04158777913616472,0.12489156818165267,-0.08770491846865978,0.004401129423171835,1.4776913370103322,0.9539421887551915,0.25679610257439295,0.22657226800519306
gamma,0.9,pi_0p750_gamma_0p90,γ = 0.9,0.75,0.9,105,25,24,-0.015842782252813097,-0.061102737583937354,-0.005221057778469241,-0.05588167980546812,0.045259955331124264,0.13017559437043225,-0.08910123562796937,0.0041855965886614015,1.501185194623752,0.9559375897792385,0.25623624430134256,0.2247066826405337
gamma,0.9,pi_0p750_gamma_0p90,γ = 0.9,0.75,0.9,105,26,25,-0.01199358017835003,-0.06094351826514147,-0.004408147207949777,-0.05653537105719171,0.04894993808679142,0.1352954913860318,-0.09029720008459137,0.0039516467853510035,1.5250890203606522,0.9581196403627499,0.255712285035079,0.22263532157943436
gamma,0.9,pi_0p750_gamma_0p90,γ = 0.9,0.75,0.9,105,27,26,-0.008013117193973301,-0.06066269338028876,-0.0035874001697737265,-0.057075293210515056,0.052649576186315473,0.14024555495354823,-0.09129938014960043,0.003703401382367696,1.5494319282288063,0.9604851283840862,0.25522263126370187,0.22037561611782178
gamma,0.9,pi_0p750_gamma_0p90,γ = 0.9,0.75,0.9,105,28,27,-0.003917926978274645,-0.060269525507526456,-0.002761955060910311,-0.05750757044661616,0.05635159852925184,0.14502156827869944,-0.09211457907098011,0.003444609321532538,1.5742441152183477,0.9630318252425488,0.25476568459515325,0.21794398963053613
gamma,0.9,pi_0p750_gamma_0p90,γ = 0.9,0.75,0.9,105,29,28,0.0002767953433417214,-0.059772733633043265,-0.00193449613270619,-0.05783823750033709,0.060049528976385,0.14962064495164207,-0.09274976499399798,0.0031786490187409185,1.5995569107462388,0.9657584204477293,0.25433986722672786,0.2153558697507305
gamma,0.9,pi_0p750_gamma_0p90,γ = 0.9,0.75,0.9,105,30,29,0.004557104404120198,-0.05918049875681805,-0.0011072991530542962,-0.058073199603763774,0.06373760316093824,0.15404107833843697,-0.09321201356785305,0.0029085383903543474,1.6254028799493527,0.968664458535719,0.2539436374108399,0.21262571950182813
gamma,0.9,pi_0p750_gamma_0p90,γ = 0.9,0.75,0.9,105,31,30,0.00891022380654313,-0.05850047006469536,-0.00028227166052544874,-0.058218198404169925,0.06741069387123848,0.15828220048452035,-0.09350845712344351,0.002636950510161633,1.6518159160081374,0.9717502936072683,0.25357550168809745,0.2097670699513068
gamma,0.9,pi_0p750_gamma_0p90,γ = 0.9,0.75,0.9,105,32,31,0.01332446595664502,-0.0577397757745244,0.0005390103603078068,-0.05827878613483223,0.0710642417311694,0.1623442505052321,-0.093646241976088,0.002366233202025298,1.6788313447337104,0.9750170541188894,0.25323402297466385,0.20679255879019162
gamma,0.9,pi_0p750_gamma_0p90,γ = 0.9,0.75,0.9,105,33,32,0.017789150788129225,-0.056905039973300986,0.0013552683209018493,-0.05826030829420285,0.07469419076143022,0.16622825295458787,-0.0936324930756548,0.0020984308824971206,1.706486054155782,0.9784666133738436,0.2529178246833545,0.20371397477147593
gamma,0.9,pi_0p750_gamma_0p90,γ = 0.9,0.75,0.9,105,34,33,0.022294527322098724,-0.05600240219877037,0.0021654899327990186,-0.0581678921315694,0.07829692952086909,0.16993590661413557,-0.09347428413249137,0.0018353070392248933,1.7348186391624996,0.9821015676566062,0.2526255926101284,0.2005423038865016
gamma,0.9,pi_0p750_gamma_0p90,γ = 0.9,0.75,0.9,105,35,34,0.026831704161121663,-0.055037534856673516,0.00296890238904089,-0.058006437245714415,0.08186923901779515,0.17346948347135518,-0.09317861212839099,0.0015783676748309572,1.7638695376123137,0.9859252271961617,0.25235607653486636,0.19728777308052
gamma,0.9,pi_0p750_gamma_0p90,γ = 0.9,0.75,0.9,105,36,35,0.03139257840502289,-0.05401566531876716,0.0037649471080279254,-0.0577806124267951,0.08540824372379008,0.1768317371478711,-0.09275237709527748,0.001328883671196472,1.7936811982526835,0.9899416095250018,0.25210808938173995,0.19395989730975643
gamma,0.9,pi_0p750_gamma_0p90,γ = 0.9,0.75,0.9,105,37,36,0.0359697686311399,-0.05294159890301296,0.004553256826729734,-0.05749485572974271,0.08891136753415291,0.18002582059127498,-0.09220236583863775,0.001087912781515671,1.8242982651053103,0.9941554385613603,0.25188050538498763,0.1905675261185212
gamma,0.9,pi_0p750_gamma_0p90,γ = 0.9,0.75,0.9,105,38,37,0.0405565533051867,-0.05181974105877266,0.0053336353271122,-0.05715337638588488,0.09237629436395936,0.1830552124532405,-0.09153523875054634,0.0008563206612652136,1.8557677720969965,0.9985721510933266,0.2516722580031003,0.18711888811732602
gamma,0.9,pi_0p750_gamma_0p90,γ = 0.9,0.75,0.9,105,39,38,0.045146813139112354,-0.050654119130159006,0.0061060394258236434,-0.05676015855598266,0.0958009322692714,0.18592365146887593,-0.0907575193938241,0.0006348001942195654,1.8881393528000099,1.003197909831563,0.25148233758938715,0.18362163369225915
gamma,0.9,pi_0p750_gamma_0p90,γ = 0.9,0.75,0.9,105,40,39,0.049734975975678955,-0.04944840512986443,0.006870562294054328,-0.05631896742391877,0.09918338110554341,0.18863507822548842,-0.08987558701501024,0.00042388989506520196,1.9214654763756722,1.0080396197815171,0.2513097882542712,0.1800828771978204
gamma,0.9,pi_0p750_gamma_0p90,γ = 0.9,0.75,0.9,105,41,40,0.05431596833029445,-0.048205935418599105,0.007627419524577716,-0.05583335494317684,0.10252190374889356,0.19119358355636037,-0.08889567085372918,0.00022399104626235814,1.9558016881031057,1.0131049544793735,0.25115370541095366,0.1765092353224585
gamma,0.9,pi_0p750_gamma_0p90,γ = 0.9,0.75,0.9,105,42,41,0.05888516570286273,-0.0469297336924157,0.008376935159429858,-0.05530666885184557,0.10581489939527845,0.19360336332003253,-0.0878238468235481,3.538289879401405e-5,1.9912068967003165,1.0184023811967973,0.2510132319508166,0.1729068664081621
gamma,0.9,pi_0p750_gamma_0p90,γ = 0.9,0.75,0.9,105,43,42,0.06343834903561564,-0.045622530866564225,0.009119530024100715,-0.054742060890664954,0.10906087990217987,0.1958686784579587,-0.08666603565659821,-0.00014176289918060986,2.0277436735114303,1.023941195419459,0.25088755491637593,0.1692815061329146
gamma,0.9,pi_0p750_gamma_0p90,γ = 0.9,0.75,0.9,105,44,43,0.06797166724426254,-0.044286782334994335,0.00985571195904899,-0.05414249429404334,0.1122584495792569,0.19799382042983005,-0.08542800169269485,-0.0003073691578782934,2.0654785645362286,1.0297315639548474,0.25077590317189963,0.16563849929856989
gamma,0.9,pi_0p750_gamma_0p90,γ = 0.9,0.75,0.9,105,45,44,0.0724815988268332,-0.0429246867667863,0.010586066329525327,-0.05351075309631164,0.1154062855936195,0.19998308086076866,-0.08411535352906327,-0.00046144173808589415,2.104482448780121,1.0357845705841164,0.2506775440237124,0.16198283192998356
gamma,0.9,pi_0p750_gamma_0p90,γ = 0.9,0.75,0.9,105,46,45,0.07696491571411909,-0.041538204884151345,0.011311247046918707,-0.05284945193107007,0.11850312059827046,0.20184072523579188,-0.08273354592376113,-0.0006040587137602916,2.1448309364722267,1.0421122657999013,0.2505917793828773,0.15831916207460103
gamma,0.9,pi_0p750_gamma_0p90,γ = 0.9,0.75,0.9,105,47,46,0.08141865490101229,-0.04012907360206903,0.012031969997320995,-0.05216104359939004,0.12154772850308136,0.20357097046558925,-0.08128788135776262,-0.0007353606047452699,2.1866047756274787,1.0487277297565967,0.25051794371497843,0.15465184530204104
gamma,0.9,pi_0p750_gamma_0p90,γ = 0.9,0.75,0.9,105,48,47,0.08584008818220916,-0.038698822139530416,0.01274900616475522,-0.05144782830428565,0.12453891032173955,0.2051779654440738,-0.07978351294684481,-0.0008555421754894737,2.2298903194567257,1.0556451377483558,0.2504554008032039,0.15098496086770077
gamma,0.9,pi_0p750_gamma_0p90,γ = 0.9,0.75,0.9,105,49,48,0.09022669585800697,-0.03724878644855267,0.01346317568202885,-0.050711962130581545,0.12747548230655964,0.20666577444786202,-0.07822544793472526,-0.0009648442065771586,2.2747800309651036,1.0628798343180195,0.2504035407712636,0.1473223355716535
gamma,0.9,pi_0p750_gamma_0p90,γ = 0.9,0.75,0.9,105,50,49,0.09457614253713874,-0.03578012257535497,0.014175342660164274,-0.04995546523551926,0.13035626511249374,0.20803836318060398,-0.07661855109221885,-0.0010635469758914645,2.321373034878404,1.0704484164092498,0.2503617774549726,0.1436675653670851
gamma,0.9,pi_0p750_gamma_0p90,γ = 0.9,0.75,0.9,105,51,50,0.09888625393234776,-0.034293820401694194,0.014886409906058374,-0.049180230307752586,0.133180074334042,0.2092995870888688,-0.07496754885468751,-0.0011519639001393394,2.3697757320429496,1.0783688226100885,0.2503295452302287,0.14002403633371815
gamma,0.9,pi_0p750_gamma_0p90,γ = 0.9,0.75,0.9,105,52,51,0.10315499995933775,-0.032790713165871094,0.015597315727819253,-0.04838802889369036,0.1359457131252088,0.210453181710502,-0.07327703273193392,-0.001230435853359307,2.4201024428960864,1.0866604395619597,0.25030629755616657,0.13639494133055435
gamma,0.9,pi_0p750_gamma_0p90,γ = 0.9,0.75,0.9,105,53,52,0.10738047157625542,-0.03127149184102495,0.016309028680020675,-0.04758052052104564,0.1386519634172804,0.21150275430942572,-0.07155146437449815,-0.0012993265176472245,2.4724761669468958,1.0953442080612374,0.250291502712518,0.13278329986815426
gamma,0.9,pi_0p750_gamma_0p90,γ = 0.9,0.75,0.9,105,54,53,0.11156086866052721,-0.029736713048307988,0.017022545041592903,-0.046759258089900904,0.14129758170883522,0.21245177816044264,-0.06979517849777739,-0.0013590179538300485,2.5270293583682126,1.1044427517706907,0.25028464302652453,0.12919197095663626
gamma,0.9,pi_0p750_gamma_0p90,γ = 0.9,0.75,0.9,105,55,54,0.1156944828275737,-0.028186810300213076,0.01773888499120313,-0.04592569529141622,0.14388129312778675,0.21330358717879078,-0.06801238761023061,-0.001409906440773444,2.583904820076867,1.1139805117786281,0.2502852116053434,0.12562366885217907
gamma,0.9,pi_0p750_gamma_0p90,γ = 0.9,0.75,0.9,105,56,55,0.11977968153466848,-0.026622105302888496,0.018459088531650156,-0.04508119383453866,0.14640178683755695,0.21406137231117353,-0.06620718603496815,-0.001452399438648447,2.6432566942309363,1.1239838929557697,0.2502927091732886,0.1220809770512957
gamma,0.9,pi_0p750_gamma_0p90,γ = 0.9,0.75,0.9,105,57,56,0.12381489932183054,-0.02504281484118209,0.019184213439935524,-0.04422702828111762,0.14885771416301263,0.21472817921689036,-0.06438355297107694,-0.0014869120828008304,2.7052515104623693,1.1344814346570817,0.25030664299799016,0.11856635818821054
gamma,0.9,pi_0p750_gamma_0p90,γ = 0.9,0.75,0.9,105,58,57,0.12779862518120944,-0.02344906068139691,0.019915331763455203,-0.043364392444852115,0.15124768586260637,0.21530690674039804,-0.06254535597296795,-0.001513864904823767,2.7700693790470883,1.145503991496282,0.2503265241526752,0.11508216530595088
gamma,0.9,pi_0p750_gamma_0p90,γ = 0.9,0.75,0.9,105,59,58,0.13172939255148222,-0.021840878619302114,0.02065352646021936,-0.04249440507952148,0.15357027117078434,0.21580030644403578,-0.060696354320009846,-0.0015336809532416062,2.8379052999596404,1.1570849334223778,0.2503518650735396,0.11163065175493529
gamma,0.9,pi_0p750_gamma_0p90,γ = 0.9,0.75,0.9,105,60,59,0.13560576882335298,-0.020218228426951517,0.02139988742259099,-0.04161811584954251,0.15582399725030452,0.21621098308730874,-0.0588402018306232,-0.0015467840063810446,2.9089706239248514,1.1692603635498442,0.25038217668107654,0.10821398035310567
gamma,0.9,pi_0p750_gamma_0p90,γ = 0.9,0.75,0.9,105,61,60,0.13942635092299877,-0.018581000251604116,0.022155509156238373,-0.04073650940784249,0.1580073511746029,0.21654139619297127,-0.05698044846780874,-0.0015535965505596595,2.983494624740068,1.182069367473955,0.25041696757554827,0.10483422903922966
gamma,0.9,pi_0p750_gamma_0p90,γ = 0.9,0.75,0.9,105,62,61,0.1431897548763456,-0.01692902576785795,0.022921485840448366,-0.03985051160830632,0.1601187806442035,0.21679386171606702,-0.05512054326663462,-0.0015545378052288907,3.0617263015846885,1.195554275814559,0.25045574018950206,0.10149339966253745
gamma,0.9,pi_0p750_gamma_0p90,γ = 0.9,0.75,0.9,105,63,62,0.1468946138294159,-0.015262084883142676,0.02369890832484267,-0.03896099320798535,0.1621566987125586,0.21697055584607045,-0.053263834441811535,-0.0015500226917003056,3.1439363102828257,1.2097609653290748,0.25049799051725435,0.09819342114310453
gamma,0.9,pi_0p750_gamma_0p90,γ = 0.9,0.75,0.9,105,64,63,0.15053956945843658,-0.013579917303388218,0.024488858446359923,-0.038068775749748145,0.16411948676182478,0.21707351823407026,-0.051413571540454346,-0.0015404599317911537,3.230419174102105,1.2247391787408086,0.2505432042253516,0.09493615663661484
gamma,0.9,pi_0p750_gamma_0p90,γ = 0.9,0.75,0.9,105,65,64,0.15412326951057678,-0.0118822312479834,0.025292404469967573,-0.037174635717950974,0.16600550075856016,0.21710465708664506,-0.04957290504206673,-0.0015262512860181655,3.3214956902489075,1.240542885843624,0.2505908554117403,0.09172340621185372
gamma,0.9,pi_0p750_gamma_0p90,γ = 0.9,0.75,0.9,105,66,65,0.1576443662540604,-0.010168712287502572,0.02611059631741675,-0.036279308604919326,0.16781307854156294,0.21706575470435172,-0.047744886131879105,-0.0015077900309096667,3.4175155989764745,1.2572306835657825,0.2506404053448023,0.08855690945885224
gamma,0.9,pi_0p750_gamma_0p90,γ = 0.9,0.75,0.9,105,67,66,0.16110151132691014,-0.008439035954759344,0.026944458275743773,-0.035383494230503125,0.16954054728166948,0.2169584738777373,-0.04593246625910134,-0.001485460336966498,3.518860600496776,1.2748662268974382,0.2506912993388975,0.08543834901310293
gamma,0.9,pi_0p750_gamma_0p90,γ = 0.9,0.75,0.9,105,68,67,0.16449335605880627,-0.006692877802877461,0.02779498281055782,-0.03448786061343529,0.17118623386168372,0.2167843654836933,-0.04413849564686904,-0.0014596359751405307,3.625947662491021,1.2935187142510303,0.25074296575923,0.08236935147651038
gamma,0.9,pi_0p750_gamma_0p90,γ = 0.9,0.75,0.9,105,69,68,0.1678185508161041,-0.004929925160826433,0.02866312315799434,-0.033593048318820776,0.17274847597693055,0.21654487689817672,-0.04236572102939278,-0.0014306798918533926,3.739232721544346,1.3132634206217315,0.2507948145063567,0.07935148797160195
gamma,0.9,pi_0p750_gamma_0p90,γ = 0.9,0.75,0.9,105,70,69,0.17107574415612659,-0.0031498902737248143,0.029549784728497473,-0.03269967500222229,0.17422563442985145,0.2162413611513236,-0.04061678367466008,-0.0013989430468120878,3.85921482197445,1.3341822841359061,0.250846234966443,0.07638627512416024
gamma,0.9,pi_0p750_gamma_0p90,γ = 0.9,0.75,0.9,105,71,70,0.17426358598446198,-0.0013525223062723494,0.03045581677530466,-0.03180833908157701,0.17561610829073432,0.21587508789791768,-0.038894215442083616,-0.0013647641650997356,3.98644069187832,1.3563645605519412,0.2508965959792022,0.07347517317075487
gamma,0.9,pi_0p750_gamma_0p90,γ = 0.9,0.75,0.9,105,72,71,0.17738072739365976,0.00046237742085195515,0.03138200182113458,-0.03091962440028262,0.1769183499728078,0.21544725462531483,-0.03720043589045457,-0.0013284687620524203,4.121509903473057,1.3799075385304225,0.25094524377442334,0.07061958609130924
gamma,0.9,pi_0p750_gamma_0p90,γ = 0.9,0.75,0.9,105,73,72,0.18042582471112167,0.002294941589064843,0.03232904553467592,-0.030034103945611075,0.1781308831220568,0.21495899957035958,-0.03553774767177646,-0.0012903687765262748,4.265080592503601,1.4049173385461915,0.2509915020494124,0.06782085907201797
gamma,0.9,pi_0p750_gamma_0p90,γ = 0.9,0.75,0.9,105,74,73,0.18339754150270451,0.004145220423321795,0.03329756458967034,-0.029152344166348543,0.1792523210793827,0.21441141540607517,-0.03390833214006431,-0.0012507621866281531,4.417875892171165,1.4315097897117925,0.25103467080808306,0.0650802767880924
gamma,0.9,pi_0p750_gamma_0p90,γ = 0.9,0.75,0.9,105,75,74,0.18629455569372785,0.006013167867623378,0.03428807600249885,-0.02827490813487546,0.18028138782610448,0.2138055642129928,-0.03231424403719841,-0.0012099323496898894,4.580691063382878,1.459811414795209,0.25107402797930634,0.062399059617787765
gamma,0.9,pi_0p750_gamma_0p90,γ = 0.9,0.75,0.9,105,76,75,0.18911556151175082,0.007898622639108286,0.035300982604009136,-0.02740235996490084,0.18121693887264248,0.21314249339805946,-0.030757406579174973,-0.0011681479462419694,4.75440157071799,1.4899605016095394,0.25110882815336866,0.05977836153451865
gamma,0.9,pi_0p750_gamma_0p90,γ = 0.9,0.75,0.9,105,77,76,0.1918592770421743,0.009801292541655255,0.036336560416291706,-0.026535267874636444,0.182057984500519,0.21242325282071417,-0.029239605874184654,-0.0011256624460104902,4.939972052333782,1.5221083064935785,0.251138304463188,0.05721926599606422
gamma,0.9,pi_0p750_gamma_0p90,γ = 0.9,0.75,0.9,105,78,77,0.19452445117846215,0.011720737785219681,0.03739494513316916,-0.025674207347949472,0.18280371339324245,0.21164891260949703,-0.027762485184079966,-0.0010827140321745966,5.138466393900991,1.556420386481812,0.2511616703063741,0.05472278180343865
gamma,0.9,pi_0p750_gamma_0p90,γ = 0.9,0.75,0.9,105,79,78,0.197109869048833,0.013656352841575705,0.038476117280399666,-0.024819764438823954,0.18345351620725722,0.21082058142090113,-0.02632753967452685,-0.001039525539116996,5.35105907258617,1.5930780705622603,0.25117812023564373,0.052289839619930445
gamma,0.9,pi_0p750_gamma_0p90,γ = 0.9,0.75,0.9,105,80,79,0.19961436160043947,0.0156073508907109,0.03957988887765176,-0.023972537986940854,0.18400701070972852,0.20993942587455938,-0.024936110960057684,-0.0009963042047731261,5.579047825666478,1.6322801040532087,0.2511868335709711,0.049921287222656596
gamma,0.9,pi_0p750_gamma_0p90,γ = 0.9,0.75,0.9,105,81,80,0.2020368138560201,0.017572747745562296,0.04070588957618069,-0.02313314183061839,0.18446406611045776,0.2090066899527485,-0.02358938204962407,-0.0009532417926666168,5.823867915678088,1.6742444705265156,0.2511869774972508,0.04761788517960411
gamma,0.9,pi_0p750_gamma_0p90,γ = 0.9,0.75,0.9,105,82,81,0.2043761731929962,0.019551346853949096,0.04185355346728848,-0.022302206613339377,0.18482482633904707,0.20802371395917194,-0.022288372871321255,-0.0009105147488035816,6.087108178658115,1.7192104182618735,0.2511777104305974,0.0453803027228548
gamma,0.9,pi_0p750_gamma_0p90,γ = 0.9,0.75,0.9,105,83,82,0.20663145920118972,0.02154172614495254,0.043022106962385856,-0.021480380817433312,0.18508973305623713,0.20699195378246088,-0.021033936542561135,-0.000868284183662549,6.370529050479368,1.7674407161215657,0.25115818679290647,0.04320911361381082
gamma,0.9,pi_0p750_gamma_0p90,γ = 0.9,0.75,0.9,105,84,83,0.20880177432203445,0.02354222744980331,0.044210558597460065,-0.02066833114765675,0.18525954687223115,0.20591299912243247,-0.019826756017265537,-0.0008266962329357334,6.676082841863989,1.8192241698211467,0.25112756269846215,0.04110479175044949
gamma,0.9,pi_0p750_gamma_0p90,γ = 0.9,0.75,0.9,105,85,84,0.21088631251379633,0.02555094709197229,0.04541768971177036,-0.019866742619798074,0.18533536542182402,0.20478859000256452,-0.018667342295885653,-0.0007858822848547972,7.005936629186885,1.8748784185451484,0.25108500081662993,0.03906770805192764
gamma,0.9,pi_0p750_gamma_0p90,γ = 0.9,0.75,0.9,105,86,85,0.2128843699427482,0.027565730386064045,0.04664204798855911,-0.019076317602495067,0.18531863955668415,0.2036206321767025,-0.017556033176996232,-0.0007459594430221019,7.362498002483728,1.9347530581835233,0.25102967699478,0.037098126840391335
gamma,0.9,pi_0p750_gamma_0p90,γ = 0.9,0.75,0.9,105,87,86,0.2147953559987872,0.029584170321452375,0.047881944405944926,-0.018297774084492544,0.18521118567733486,0.2024112100131433,-0.016492993530011348,-0.0007070308057970914,7.748444084950747,1.9992331324932306,0.2509607877630193,0.035196202965855974
gamma,0.9,pi_0p750_gamma_0p90,γ = 0.9,0.75,0.9,105,88,87,0.2166188034631283,0.03160360937699579,0.0491354526768808,-0.01753184329988501,0.18501519408613248,0.20116259682482457,-0.015478216717158185,-0.0006691860215338958,8.166754288692744,2.0687430263653925,0.25087755775713205,0.03336197942802845
gamma,0.9,pi_0p750_gamma_0p90,γ = 0.9,0.75,0.9,105,89,88,0.21835437626442886,0.03362114469248838,0.05040041154346969,-0.016779266850981314,0.18473323157194046,0.19987726114054338,-0.01451152771117125,-0.0006325018574316752,8.620747366654708,2.1437508093214155,0.2507792459087795,0.03159538617439082
gamma,0.9,pi_0p750_gamma_0p90,γ = 0.9,0.75,0.9,105,90,89,0.22000188194073939,0.03563364119004748,0.051674433542487075,-0.01604079235243959,0.1843682407506919,0.1985578705813292,-0.013592587173994862,-0.0005970426566424675,9.114123083810169,2.2247731166560247,0.2506651556732157,0.02989623835697267
gamma,0.9,pi_0p750_gamma_0p90,γ = 0.9,0.75,0.9,105,91,90,0.22156127689093044,0.037637745568267836,0.05295491480735412,-0.015317169239086279,0.18392353132266256,0.19720728993768671,-0.012720897607187103,-0.0005628610078370435,9.651009546255816,2.3123805811370217,0.2505346404481513,0.028264236796470252
gamma,0.9,pi_0p750_gamma_0p90,γ = 0.9,0.75,0.9,105,92,91,0.22303267344434627,0.03962990691407151,0.05423905038924769,-0.014609143475176166,0.1834027665302747,0.19582857551531926,-0.011895810648632443,-0.0005299983364121277,10.236016641418312,2.4072039245477628,0.25038711072502545,0.02669896846058749
gamma,0.9,pi_0p750_gamma_0p90,γ = 0.9,0.75,0.9,105,93,92,0.22441634298373306,0.041606400705442886,0.05552385266814982,-0.013917451962706929,0.18280994227829014,0.19442496372994234,-0.011116535839020536,-0.0004984856126316587,10.874296650913116,2.50994076604343,0.25022203851990116,0.025199908075122665
gamma,0.9,pi_0p750_gamma_0p90,γ = 0.9,0.75,0.9,105,94,93,0.22571271434438492,0.04356335540484123,0.0568061720908167,-0.01324281668597548,0.18214935893954365,0.19299985399781497,-0.010382151163944474,-0.00046834389432689647,11.571613102330282,2.6213632259770256,0.2500389583644708,0.023766421208944816
gamma,0.9,pi_0p750_gamma_0p90,γ = 0.9,0.75,0.9,105,95,94,0.22692236182072664,0.045496777277332236,0.05808271640496049,-0.012585939127628254,0.18142558454339439,0.19155678464339976,-0.00969161508624146,-0.0004395850137639525,12.334419370532332,2.74232637361491,0.24983745974778107,0.022397769082678234
gamma,0.9,pi_0p750_gamma_0p90,γ = 0.9,0.75,0.9,105,96,95,0.22804597591075979,0.04740256917028558,0.05935006456976636,-0.011947495399480776,0.1806434067404742,0.19009939943408782,-0.009043780484175104,-0.00041221220943853733,13.169948999430538,2.8737775577646887,0.24961716480130142,0.021093115961526607
gamma,0.9,pi_0p750_gamma_0p90,γ = 0.9,0.75,0.9,105,97,96,0.22908430756076673,0.04927653530286143,0.06060466782271842,-0.011328132519856992,0.1798077722579053,0.18863140360847477,-0.0084374107753068,-0.0003862205752627002,14.086320391715844,3.0167665931862473,0.24937768257939358,0.019851539847235214
gamma,0.9,pi_0p750_gamma_0p90,γ = 0.9,0.75,0.9,105,98,97,0.23003805536359292,0.05111435156175098,0.06184281933995209,-0.010728467778201103,0.17892370380184192,0.18715650062977443,-0.007871199318299844,-0.00036159750963265743,15.092660769401025,3.1724565627961785,0.24911851261277204,0.018672049507521944
gamma,0.9,pi_0p750_gamma_0p90,γ = 0.9,0.75,0.9,105,99,98,0.23090765497000867,0.05291147175327351,0.0630605646427742,-0.010149092889500689,0.17799618321673516,0.18567829975230876,-0.007343793603707708,-0.0003383229318659074,16.19925704301947,3.3421346964744947,0.24883885998640692,0.017553611063169754
gamma,0.9,pi_0p750_gamma_0p90,γ = 0.9,0.75,0.9,105,100,99,0.2316928915473285,0.05466291482999665,0.06425350114192979,-0.009590586311933146,0.1770299767173318,0.184200172985658,-0.006853827246550838,-0.0003163690217753657,17.41774751352679,3.527222096889732,0.24853728893167623,0.016495190527282783
gamma,0.9,pi_0p750_gamma_0p90,γ = 0.9,0.75,0.9,105,101,100,0.23239218380957752,0.05636282662288847,0.06541636648835941,-0.009053539865470937,0.17602935718668902,0.18272502136451782,-0.006399964694289346,-0.00029569948353945415,18.761381001980702,3.729279600905541,0.248211074525176,0.015495823357532785
gamma,0.9,pi_0p750_gamma_0p90,γ = 0.9,0.75,0.9,105,102,101,0.23300127884181587,0.05800363452526767,0.0665422433784668,-0.008538608853199134,0.17499764431654824,0.18125487922335004,-0.005980967272205499,-0.0002762676345963195,20.24539342018931,3.9500043554240056,0.24785500885814982,0.014554728855399556
gamma,0.9,pi_0p750_gamma_0p90,γ = 0.9,0.75,0.9,105,103,102,0.23351087300096468,0.05957445516706617,0.06762105733759564,-0.00804660217052946,0.17393641783389852,0.17979022550102625,-0.00559579496827747,-0.0002580126988502613,21.887599931575547,4.1912059944038305,0.24745920724342124,0.013671500310592465
gamma,0.9,pi_0p750_gamma_0p90,γ = 0.9,0.75,0.9,105,104,103,0.23390228925143156,0.06105814430409417,0.06863678410097657,-0.007578639796882396,0.17284414494733735,0.1783287657785427,-0.005243767659939793,-0.00024085317126557282,23.70939485214601,4.454740210133714,0.24700509480027638,0.012846421998616856
gamma,0.9,pi_0p750_gamma_0p90,γ = 0.9,0.75,0.9,105,105,104,0.23413965049299898,0.06242588933020009,0.06956231317375337,-0.007136423843553281,0.17171376116279885,0.17686329430833092,-0.00492484876964112,-0.00022468437589094864,25.73753712499768,4.742355568240565,0.24645812927521984,0.012081022202915114
