sweep_kind,sweep_value,case_id,label,pi,gamma,T_max,t,model_t,bound_status,bubble_share_upper,log10_bubble_share_upper,bubble_share_lower,log10_bubble_share_lower,a_t,dividend_yield_d_over_q,switch_term_raw,switch_contribution_weighted
gamma,0.25,pi_0p750_gamma_0p25,γ = 0.25 (AHP),0.75,0.25,105,1,0,diagnostic_only_hkt_gate_failed,1.7785104607545055e-5,-4.749943576058972,8.989635542721406e-6,-5.046257915051361,0.0,0.0,0.0,0.0
gamma,0.25,pi_0p750_gamma_0p25,γ = 0.25 (AHP),0.75,0.25,105,2,1,diagnostic_only_hkt_gate_failed,2.35067910003959e-5,-4.628806653986179,1.1881711608422843e-5,-4.9251209929785675,0.32171227097666283,0.034516507897378354,0.8615872892378535,0.2871957630792845
gamma,0.25,pi_0p750_gamma_0p25,γ = 0.25 (AHP),0.75,0.25,105,3,2,diagnostic_only_hkt_gate_failed,3.0968662654259114e-5,-4.509077548741247,1.565337942342893e-5,-4.805391887733635,0.3174347214699583,0.03418103139152066,0.8497610702353129,0.2832536900784376
gamma,0.25,pi_0p750_gamma_0p25,γ = 0.25 (AHP),0.75,0.25,105,4,3,diagnostic_only_hkt_gate_failed,4.065832962343135e-5,-4.390850467562905,2.0551105723349072e-5,-4.687164806555295,0.3128861932899636,0.033865469273928625,0.8370621720481048,0.27902072401603495
gamma,0.25,pi_0p750_gamma_0p25,γ = 0.25 (AHP),0.75,0.25,105,5,4,diagnostic_only_hkt_gate_failed,5.318547170171114e-5,-4.274206984649852,2.6883058453492135e-5,-4.57052132364224,0.30810764225445325,0.03356913999174632,0.8236155067881211,0.27453850226270704
gamma,0.25,pi_0p750_gamma_0p25,γ = 0.25 (AHP),0.75,0.25,105,6,5,diagnostic_only_hkt_gate_failed,6.930785536757632e-5,-4.1592175395663755,3.503225725969801e-5,-4.455531878558765,0.3031351072015875,0.0332911802250905,0.809531780929491,0.26984392697649695
gamma,0.25,pi_0p750_gamma_0p25,γ = 0.25 (AHP),0.75,0.25,105,7,6,diagnostic_only_hkt_gate_failed,8.996161540549749e-5,-4.0459427547104525,4.547187959675008e-5,-4.342257093702841,0.2980002761358488,0.03303060591340973,0.7949090106673173,0.2649696702224391
gamma,0.25,pi_0p750_gamma_0p25,γ = 0.25 (AHP),0.75,0.25,105,8,7,diagnostic_only_hkt_gate_failed,0.00011629617311801738,-3.934434576080431,5.878291044184753e-5,-4.2307489150728195,0.2927310452776793,0.03278636107001441,0.7798340526229945,0.2599446842076648
gamma,0.25,pi_0p750_gamma_0p25,γ = 0.25 (AHP),0.75,0.25,105,9,8,diagnostic_only_hkt_gate_failed,0.0001497141143318153,-3.8247372545168603,7.567429897901058e-5,-4.121051593509249,0.28735202816936567,0.03255735521051495,0.7643840188765522,0.2547946729588507
gamma,0.25,pi_0p750_gamma_0p25,γ = 0.25 (AHP),0.75,0.25,105,10,9,diagnostic_only_hkt_gate_failed,0.00019191628046089158,-3.716888182041912,9.700575026846943e-5,-4.013202521034301,0.2818850201093428,0.03234249237409751,0.7486275832057357,0.24954252773524524
gamma,0.25,pi_0p750_gamma_0p25,γ = 0.25 (AHP),0.75,0.25,105,11,10,diagnostic_only_hkt_gate_failed,0.00024495222844792415,-3.610918605204448,0.00012381323066214045,-3.9072329441968368,0.27634939495318095,0.032140692347937684,0.7326261078157296,0.2442087026052432
gamma,0.25,pi_0p750_gamma_0p25,γ = 0.25 (AHP),0.75,0.25,105,12,11,diagnostic_only_hkt_gate_failed,0.00031127609240247714,-3.5068542340762408,0.00015733720355367624,-3.8031685730686298,0.27076244366012414,0.03195090606352405,0.7164346127898001,0.23881153759660004
gamma,0.25,pi_0p750_gamma_0p25,γ = 0.25 (AHP),0.75,0.25,105,13,12,diagnostic_only_hkt_gate_failed,0.00039380772896312937,-3.4047157645485897,0.00019905353583264706,-3.7010301035409783,0.26513965760640373,0.03177212633928963,0.7001025938013423,0.2333675312671141
gamma,0.25,pi_0p750_gamma_0p25,γ = 0.25 (AHP),0.75,0.25,105,14,13,diagnostic_only_hkt_gate_failed,0.0004959988508189207,-3.3045193297266966,0.000250706925647159,-3.600833668719085,0.2594949624905897,0.031603394816300416,0.6836747030228679,0.2278915676742893
gamma,0.25,pi_0p750_gamma_0p25,γ = 0.25 (AHP),0.75,0.25,105,15,14,diagnostic_only_hkt_gate_failed,0.000621903647979948,-3.2062768956821914,0.0003143465985382439,-3.5025912346745804,0.25384090498022677,0.03144380591057255,0.6671912972089626,0.2223970990696542
gamma,0.25,pi_0p750_gamma_0p25,γ = 0.25 (AHP),0.75,0.25,105,16,15,diagnostic_only_hkt_gate_failed,0.0007762531740600673,-3.1099966110035058,0.00039236390663231074,-3.406310949995895,0.24818880960334191,0.031292508604239246,0.6506889029973082,0.21689630099910273
gamma,0.25,pi_0p750_gamma_0p25,γ = 0.25 (AHP),0.75,0.25,105,17,16,diagnostic_only_hkt_gate_failed,0.000964532531867017,-3.0156831198375493,0.00048753134276783243,-3.3119974588299383,0.2425489055615509,0.03114870671128494,0.6342005965507977,0.2114001988502659
gamma,0.25,pi_0p750_gamma_0p25,γ = 0.25 (AHP),0.75,0.25,105,18,17,diagnostic_only_hkt_gate_failed,0.0011930596395548284,-2.923337845950637,0.0006030423535309704,-3.2196521849430257,0.23693043016958526,0.031011657715885644,0.6177563173610987,0.20591877245369955
gamma,0.25,pi_0p750_gamma_0p25,γ = 0.25 (AHP),0.75,0.25,105,19,18,diagnostic_only_hkt_gate_failed,0.0014690641087318221,-2.8329592515474142,0.0007425512088801178,-3.1292735905398033,0.2313417200836505,0.030880670984790845,0.6013831472965789,0.20046104909885964
gamma,0.25,pi_0p750_gamma_0p25,γ = 0.25 (AHP),0.75,0.25,105,20,19,diagnostic_only_hkt_gate_failed,0.0018007645112467763,-2.7445430768267087,0.0009102120573138356,-3.0408574158190977,0.22579028412946292,0.03075510518041532,0.5851055368471427,0.19503517894904757
gamma,0.25,pi_0p750_gamma_0p25,γ = 0.25 (AHP),0.75,0.25,105,21,20,diagnostic_only_hkt_gate_failed,0.0021974420909523533,-2.6580825610374554,0.0011107161841216783,-2.954396900029844,0.22028287276215427,0.030634365398238085,0.5689455220917488,0.18964850736391625
gamma,0.25,pi_0p750_gamma_0p25,γ = 0.25 (AHP),0.75,0.25,105,22,21,diagnostic_only_hkt_gate_failed,0.0026695087593563696,-2.573568649769962,0.001349326380376498,-2.869882988762351,0.21482553299023513,0.03051790029965762,0.5529228980717327,0.18430763269057754
gamma,0.25,pi_0p750_gamma_0p25,γ = 0.25 (AHP),0.75,0.25,105,23,22,diagnostic_only_hkt_gate_failed,0.0032285670769999506,-2.4909901862231956,0.0016319072610428214,-2.787304525215584,0.20942366856229114,0.03040519878417294,0.5370554093343546,0.1790184697781182
gamma,0.25,pi_0p750_gamma_0p25,γ = 0.25 (AHP),0.75,0.25,105,24,23,diagnostic_only_hkt_gate_failed,0.003887459782078679,-2.410334090958457,0.0019649502996484398,-2.706648429950846,0.2040820863759117,0.0302957869550975,0.5213588982624426,0.1737862994208142
gamma,0.25,pi_0p750_gamma_0p25,γ = 0.25 (AHP),0.75,0.25,105,25,24,diagnostic_only_hkt_gate_failed,0.004660306398754267,-2.331585529036654,0.002355592332273395,-2.6278998680290426,0.19880504493922724,0.030189225139899564,0.505847459397983,0.16861581979932766
gamma,0.25,pi_0p750_gamma_0p25,γ = 0.25 (AHP),0.75,0.25,105,26,25,diagnostic_only_hkt_gate_failed,0.005562524463156847,-2.25472806604415,0.0028116262864171307,-2.5510424050365392,0.19359629758329805,0.03008510487358866,0.4905335781291281,0.16351119270970937
gamma,0.25,pi_0p750_gamma_0p25,γ = 0.25 (AHP),0.75,0.25,105,27,26,diagnostic_only_hkt_gate_failed,0.006610833005804154,-2.179743813278268,0.003341502941217506,-2.476058152270657,0.18845913390417154,0.029983046089943375,0.4754282634426846,0.15847608781422817
gamma,0.25,pi_0p750_gamma_0p25,γ = 0.25 (AHP),0.75,0.25,105,28,27,diagnostic_only_hkt_gate_failed,0.00782323610489782,-2.1066135625691422,0.003954322614321606,-2.4029279015615312,0.18339641888234082,0.029882694574512814,0.46054117292348407,0.153513724307828
gamma,0.25,pi_0p750_gamma_0p25,γ = 0.25 (AHP),0.75,0.25,105,29,28,diagnostic_only_hkt_gate_failed,0.009218984591100736,-2.0353169109167366,0.004659815805232968,-2.3316312499091256,0.17841063052271855,0.029783719487170388,0.44588073310664456,0.14862691103554818
gamma,0.25,pi_0p750_gamma_0p25,γ = 0.25 (AHP),0.75,0.25,105,30,29,diagnostic_only_hkt_gate_failed,0.010818514300379466,-1.965832376516836,0.005468311984674655,-2.2621467155092247,0.1735038922640989,0.029685811014835875,0.43145424374778907,0.143818081249263
gamma,0.25,pi_0p750_gamma_0p25,γ = 0.25 (AHP),0.75,0.25,105,31,30,diagnostic_only_hkt_gate_failed,0.012643359733760793,-1.8981375051715255,0.006390695953163556,-2.1944518441639143,0.16867800723037538,0.0295886782919149,0.4172679868153815,0.1390893289384605
gamma,0.25,pi_0p750_gamma_0p25,γ = 0.25 (AHP),0.75,0.25,105,32,31,diagnostic_only_hkt_gate_failed,0.014716042411432618,-1.8322089692083599,0.007438351408621321,-2.128523308200749,0.16393448587381895,0.029492047360582065,0.40332731553971074,0.1344424385132369
gamma,0.25,pi_0p750_gamma_0p25,γ = 0.25 (AHP),0.75,0.25,105,33,32,diagnostic_only_hkt_gate_failed,0.017059933829725895,-1.768022657660913,0.008623091676791012,-2.064336996653302,0.1592745761912423,0.02939565943518628,0.389636750268168,0.129878916756056
gamma,0.25,pi_0p750_gamma_0p25,γ = 0.25 (AHP),0.75,0.25,105,34,33,diagnostic_only_hkt_gate_failed,0.019699093435067882,-1.7055537598895187,0.009957077813764974,-2.0018680988819075,0.154699287329205,0.029299269156179805,0.37620005451907557,0.12540001817302518
gamma,0.25,pi_0p750_gamma_0p25,γ = 0.25 (AHP),0.75,0.25,105,35,34,diagnostic_only_hkt_gate_failed,0.022658082731944074,-1.6447768417879234,0.011452724645240213,-1.9410911807803124,0.15020941479513308,0.029202643154410683,0.3630203149221671,0.12100677164072235
gamma,0.25,pi_0p750_gamma_0p25,γ = 0.25 (AHP),0.75,0.25,105,36,35,diagnostic_only_hkt_gate_failed,0.025961757206813717,-1.5856659159011115,0.013122595592654851,-1.8819802548935003,0.14580556148345336,0.029105558474814205,0.35010000902591737,0.11670000300863911
gamma,0.25,pi_0p750_gamma_0p25,γ = 0.25 (AHP),0.75,0.25,105,37,36,diagnostic_only_hkt_gate_failed,0.02963503838631988,-1.528194505882155,0.0149792874580313,-1.8245088448745441,0.1414881569935532,0.029007801360789832,0.33744106689829007,0.11248035563276335
gamma,0.25,pi_0p750_gamma_0p25,γ = 0.25 (AHP),0.75,0.25,105,38,37,diagnostic_only_hkt_gate_failed,0.03370266901681854,-1.4723357046664267,0.017035306677343633,-1.7686500436588157,0.13725747803911595,0.028909166149582246,0.3250449356686012,0.10834831188953373
gamma,0.25,pi_0p750_gamma_0p25,γ = 0.25 (AHP),0.75,0.25,105,39,38,diagnostic_only_hkt_gate_failed,0.03818895471142085,-1.418062228750921,0.019302938733771924,-1.7143765677433098,0.133113662077135,0.028809453990582747,0.3129126242596567,0.10430420808655223
gamma,0.25,pi_0p750_gamma_0p25,γ = 0.25 (AHP),0.75,0.25,105,40,39,diagnostic_only_hkt_gate_failed,0.0431174961078677,-1.3653464671652393,0.021794112774574385,-1.6616608061576281,0.1290567242201292,0.028708471991093137,0.3010447566871082,0.10034825222903605
gamma,0.25,pi_0p750_gamma_0p25,γ = 0.25 (AHP),0.75,0.25,105,41,40,diagnostic_only_hkt_gate_failed,0.04851091585489928,-1.3141605260959663,0.024520263613977463,-1.6104748650883554,0.12508657120392094,0.02860603229110384,0.2894416167384513,0.0964805389128171
gamma,0.25,pi_0p750_gamma_0p25,γ = 0.25 (AHP),0.75,0.25,105,42,41,diagnostic_only_hkt_gate_failed,0.05439058497696361,-1.2644762702728753,0.02749219342184195,-1.5607906092652641,0.12120301211486065,0.02850195117932012,0.2781031828066216,0.09270106093554054
gamma,0.25,pi_0p750_gamma_0p25,γ = 0.25 (AHP),0.75,0.25,105,43,42,diagnostic_only_hkt_gate_failed,0.060776353490610724,-1.2162653606301108,0.030719935561380435,-1.5125796996224996,0.11740577006759031,0.028396048335136176,0.26702916519736253,0.08900972173245417
gamma,0.25,pi_0p750_gamma_0p25,γ = 0.25 (AHP),0.75,0.25,105,44,43,diagnostic_only_hkt_gate_failed,0.0676862901962778,-1.1694992884058764,0.03421262306465593,-1.4658136273982652,0.11369449315077092,0.028288146206882744,0.2562190408316645,0.08540634694388817
gamma,0.25,pi_0p750_gamma_0p25,γ = 0.25 (AHP),0.75,0.25,105,45,44,diagnostic_only_hkt_gate_failed,0.0751364363431069,-1.1241494069998894,0.03797836412032513,-1.4204637459922784,0.11006876171267563,0.028178069350978153,0.24567207708509242,0.08189069236169746
gamma,0.25,pi_0p750_gamma_0p25,γ = 0.25 (AHP),0.75,0.25,105,46,45,diagnostic_only_hkt_gate_failed,0.08314057790644665,-1.0801869610577501,0.042024126969324456,-1.376501300050139,0.10652809679167127,0.028065643868963368,0.23538735876812367,0.07846245292270788
gamma,0.25,pi_0p750_gamma_0p25,γ = 0.25 (AHP),0.75,0.25,105,47,46,diagnostic_only_hkt_gate_failed,0.09171004087921848,-1.0375831129699606,0.0463556364331138,-1.3338974519623494,0.10307196784721143,0.027950696942167993,0.22536381271513029,0.07512127090504342
gamma,0.25,pi_0p750_gamma_0p25,γ = 0.25 (AHP),0.75,0.25,105,48,47,diagnostic_only_hkt_gate_failed,0.1008535134123849,-0.9963089677632321,0.05097728401303184,-1.2926233067556208,0.09969979781394167,0.027833056433331782,0.21560022414182972,0.0718667413806099
gamma,0.25,pi_0p750_gamma_0p25,γ = 0.25 (AHP),0.75,0.25,105,49,48,diagnostic_only_hkt_gate_failed,0.1105768983327651,-0.9563355961286693,0.05589205334414552,-1.252649935121058,0.09641096865531844,0.027712550458340365,0.20609525459093422,0.06869841819697807
gamma,0.25,pi_0p750_gamma_0p25,γ = 0.25 (AHP),0.75,0.25,105,50,49,diagnostic_only_hkt_gate_failed,0.12088319900038948,-0.9176340555367215,0.06110146250085884,-1.2139483945291103,0.09320482689439394,0.027589007127910983,0.19684745929944886,0.06561581976648295
gamma,0.25,pi_0p750_gamma_0p25,γ = 0.25 (AHP),0.75,0.25,105,51,50,diagnostic_only_hkt_gate_failed,0.1317724404820603,-0.8801754106684065,0.06660552415340465,-1.1764897496607953,0.09008068591596201,0.027462254257759933,0.1878552949746062,0.06261843165820206
gamma,0.25,pi_0p750_gamma_0p25,γ = 0.25 (AHP),0.75,0.25,105,52,51,diagnostic_only_hkt_gate_failed,0.14324162786215097,-0.8439307521146705,0.07240272449567617,-1.1402450911070592,0.08703783080994179,0.027332119185648596,0.17911713487287956,0.05970571162429318
gamma,0.25,pi_0p750_gamma_0p25,γ = 0.25 (AHP),0.75,0.25,105,53,52,diagnostic_only_hkt_gate_failed,0.15528474226013944,-0.808871214443742,0.07849002123225471,-1.1051855534361308,0.0840755203478851,0.02719842875658333,0.1706312747739053,0.05687709159130176
gamma,0.25,pi_0p750_gamma_0p25,γ = 0.25 (AHP),0.75,0.25,105,54,53,diagnostic_only_hkt_gate_failed,0.16789277460049948,-0.7749679936692994,0.0848628606476944,-1.0712823326616883,0.08119298880786713,0.027061009102498895,0.1623959391161047,0.05413197970536823
gamma,0.25,pi_0p750_gamma_0p25,γ = 0.25 (AHP),0.75,0.25,105,55,54,diagnostic_only_hkt_gate_failed,0.18105379664695992,-0.7421923637189043,0.09151521351140535,-1.038506702711293,0.07838944872867251,0.02691968575532997,0.15440928892002764,0.05146976297334255
gamma,0.25,pi_0p750_gamma_0p25,γ = 0.25 (AHP),0.75,0.25,105,56,55,diagnostic_only_hkt_gate_failed,0.19475306756503244,-0.7105156930080324,0.09843962894060836,-1.006830032000421,0.0756640908491138,0.02677428374148345,0.14666942132289104,0.04888980710763034
gamma,0.25,pi_0p750_gamma_0p25,γ = 0.25 (AHP),0.75,0.25,105,57,56,diagnostic_only_hkt_gate_failed,0.20897317425663578,-0.6799094603963756,0.10562730533368934,-0.9762237993887645,0.07301608580237096,0.02662462766432023,0.13917437441415223,0.04639145813805074
gamma,0.25,pi_0p750_gamma_0p25,γ = 0.25 (AHP),0.75,0.25,105,58,57,diagnostic_only_hkt_gate_failed,0.22369420249892222,-0.6503452714033878,0.11306817687380513,-0.9466596103957766,0.0704445835914223,0.02647054200360165,0.131922124763462,0.04397404158782066
gamma,0.25,pi_0p750_gamma_0p25,γ = 0.25 (AHP),0.75,0.25,105,59,58,diagnostic_only_hkt_gate_failed,0.23889393581297236,-0.6217948744292339,0.12075101404879166,-0.9181092134216228,0.06794871366468865,0.026311851377952424,0.12491058686020866,0.041636862286736215
gamma,0.25,pi_0p750_gamma_0p25,γ = 0.25 (AHP),0.75,0.25,105,60,59,diagnostic_only_hkt_gate_failed,0.2545480784761056,-0.5942301770017123,0.12866353637467293,-0.8905445159941012,0.06552758490859605,0.02614838094265473,0.11813761189782397,0.03937920396594132
gamma,0.25,pi_0p750_gamma_0p25,γ = 0.25 (AHP),0.75,0.25,105,61,60,diagnostic_only_hkt_gate_failed,0.2706304983720322,-0.5676232626965533,0.13679253514637868,-0.8639376016889421,0.06318028402416806,0.025979956956796137,0.11160098120211574,0.03720032706737191
gamma,0.25,pi_0p750_gamma_0p25,γ = 0.25 (AHP),0.75,0.25,105,62,61,diagnostic_only_hkt_gate_failed,0.2871134857173837,-0.5419464082171971,0.1451240042133156,-0.838260747209586,0.06090587514897375,0.025806407268304535,0.10529840364200767,0.03509946788066922
gamma,0.25,pi_0p750_gamma_0p25,γ = 0.25 (AHP),0.75,0.25,105,63,62,diagnostic_only_hkt_gate_failed,0.3039680227484833,-0.5171721015041907,0.15364327629488705,-0.8134864404965796,0.05870339733080358,0.025627561986369434,0.09922750603330244,0.033075835344434146
gamma,0.25,pi_0p750_gamma_0p25,γ = 0.25 (AHP),0.75,0.25,105,64,63,diagnostic_only_hkt_gate_failed,0.32116406039874473,-0.49327306004278176,0.16233516282948665,-0.7895873990351706,0.056571864022980464,0.025443254289878012,0.09338582919930738,0.03112860973310246
gamma,0.25,pi_0p750_gamma_0p25,γ = 0.25 (AHP),0.75,0.25,105,65,64,diagnostic_only_hkt_gate_failed,0.3386707968902704,-0.47022225034740434,0.17118409479104008,-0.7665365893397933,0.054510260176029536,0.02525332130568886,0.08777081661102203,0.029256938870340674
gamma,0.25,pi_0p750_gamma_0p25,γ = 0.25 (AHP),0.75,0.25,105,66,65,diagnostic_only_hkt_gate_failed,0.3564569543209531,-0.4479929079709003,0.18017426249235752,-0.7443072469632892,0.05251754090992806,0.025057605004045583,0.08237980771764743,0.027459935905882474
gamma,0.25,pi_0p750_gamma_0p25,γ = 0.25 (AHP),0.75,0.25,105,67,66,diagnostic_only_hkt_gate_failed,0.3744910486279304,-0.4265585586800188,0.18928975204050538,-0.7228728976724077,0.05059262861439223,0.024855953327346275,0.07721002586113788,0.02573667528704596
gamma,0.25,pi_0p750_gamma_0p25,γ = 0.25 (AHP),0.75,0.25,105,68,67,diagnostic_only_hkt_gate_failed,0.39274164945079354,-0.4058930402434204,0.1985146766869215,-0.7022073792358092,0.04873441138240847,0.02464822128727461,0.0722585702854016,0.024086190095133866
gamma,0.25,pi_0p750_gamma_0p25,γ = 0.25 (AHP),0.75,0.25,105,69,68,diagnostic_only_hkt_gate_failed,0.4111776258571254,-0.385970525411507,0.2078333010315219,-0.6822848644038959,0.04694174002709574,0.024434272252524366,0.06752240332371416,0.022507467774571386
gamma,0.25,pi_0p750_gamma_0p25,γ = 0.25 (AHP),0.75,0.25,105,70,69,diagnostic_only_hkt_gate_failed,0.42976837531081735,-0.36676554541348755,0.21723015675672455,-0.6630798844058764,0.04521342671537239,0.0242139792955475,0.06299834225947465,0.02099944741982488
gamma,0.25,pi_0p750_gamma_0p25,γ = 0.25 (AHP),0.75,0.25,105,71,70,diagnostic_only_hkt_gate_failed,0.44848403255623537,-0.3482530145957239,0.2266901482097647,-0.6445673535881128,0.04354824207779942,0.023987226594435064,0.058683046450093077,0.019561015483364357
gamma,0.25,pi_0p750_gamma_0p25,γ = 0.25 (AHP),0.75,0.25,105,72,71,diagnostic_only_hkt_gate_failed,0.46729565678596113,-0.3304082554461691,0.23619864700825474,-0.6267225944385579,0.04194491411991792,0.023753910926187616,0.054573009581190914,0.018191003193730303
gamma,0.25,pi_0p750_gamma_0p25,γ = 0.25 (AHP),0.75,0.25,105,73,72,diagnostic_only_hkt_gate_failed,0.4861753947526625,-0.31320702450038823,0.24574157448649536,-0.6095213634927771,0.040402125918642964,0.02351394320642022,0.05066454813666825,0.016888182712222748
gamma,0.25,pi_0p750_gamma_0p25,γ = 0.25 (AHP),0.75,0.25,105,74,73,diagnostic_only_hkt_gate_failed,0.5050966191909707,-0.29662553838058175,0.25530547166201517,-0.5929398773729706,0.03891851509255051,0.023267250108044295,0.046953794953518646,0.015651264984506214
gamma,0.25,pi_0p750_gamma_0p25,γ = 0.25 (AHP),0.75,0.25,105,75,74,diagnostic_only_hkt_gate_failed,0.5240340413758137,-0.2806405002271963,0.26487755612915753,-0.5769548392195851,0.03749267262009319,0.0230137756254148,0.043436690984035166,0.014478896994678388
gamma,0.25,pi_0p750_gamma_0p25,γ = 0.25 (AHP),0.75,0.25,105,76,75,diagnostic_only_hkt_gate_failed,0.5429637977578545,-0.2652291261351552,0.2744457658497155,-0.561543465127544,0.03612314255833882,0.0227534827573691,0.04010897940290916,0.01336965980096972
gamma,0.25,pi_0p750_gamma_0p25,γ = 0.25 (AHP),0.75,0.25,105,77,76,diagnostic_only_hkt_gate_failed,0.5618635111715801,-0.25036917116438373,0.28399879009109086,-0.5466835101567726,0.03480842275630712,0.022486355075237958,0.03696620304320747,0.012322067681069155
gamma,0.25,pi_0p750_gamma_0p25,γ = 0.25 (AHP),0.75,0.25,105,78,77,diagnostic_only_hkt_gate_failed,0.5807123269234709,-0.236038954992986,0.293526087667374,-0.5323532939853748,0.03354696536991325,0.02221239831110943,0.03400370117641146,0.01133456705880382
gamma,0.25,pi_0p750_gamma_0p25,γ = 0.25 (AHP),0.75,0.25,105,79,78,diagnostic_only_hkt_gate_failed,0.5994909253557198,-0.2222173865397187,0.30301789328978346,-0.5185317255321076,0.03233717894664854,0.02193164182193447,0.031216611374142195,0.010405537124714065
gamma,0.25,pi_0p750_gamma_0p25,γ = 0.25 (AHP),0.75,0.25,105,80,79,diagnostic_only_hkt_gate_failed,0.6181815121105037,-0.20888398747791143,0.3124652126456586,-0.5051983264703003,0.031177430657008634,0.021644139984589056,0.02859987201725873,0.009533290672419576
gamma,0.25,pi_0p750_gamma_0p25,γ = 0.25 (AHP),0.75,0.25,105,81,80,diagnostic_only_hkt_gate_failed,0.6367677880534068,-0.19601891421588202,0.32185980719599183,-0.49233325320827087,0.03006604949968282,0.02134997352431655,0.02614822792609881,0.008716075975366269
gamma,0.25,pi_0p750_gamma_0p25,γ = 0.25 (AHP),0.75,0.25,105,82,81,diagnostic_only_hkt_gate_failed,0.655234901092559,-0.18360297793227567,0.3311941698219944,-0.4799173169246646,0.029001330446701605,0.021049250534677027,0.023856239736073738,0.007952079912024578
gamma,0.25,pi_0p750_gamma_0p25,γ = 0.25 (AHP),0.75,0.25,105,83,82,diagnostic_only_hkt_gate_failed,0.6735693821327985,-0.17161766241248605,0.3404614924525719,-0.4679320014048749,0.027981539154382833,0.020742107445651515,0.021718295126193946,0.007239431708731315
gamma,0.25,pi_0p750_gamma_0p25,γ = 0.25 (AHP),0.75,0.25,105,84,83,diagnostic_only_hkt_gate_failed,0.6917590676657801,-0.16004513936243245,0.3496556269368215,-0.45635947835482127,0.027004917407892817,0.020428709732418292,0.019728623026423572,0.006576207675474524
gamma,0.25,pi_0p750_gamma_0p25,γ = 0.25 (AHP),0.75,0.25,105,85,84,diagnostic_only_hkt_gate_failed,0.7097930117647883,-0.1488682807941894,0.35877104056104714,-0.4451826197865783,0.026069689494437026,0.02010925230726234,0.017881311561524053,0.0059604371871746845
gamma,0.25,pi_0p750_gamma_0p25,γ = 0.25 (AHP),0.75,0.25,105,86,85,diagnostic_only_hkt_gate_failed,0.7276613899895774,-0.13807066830972375,0.36780276747662616,-0.43438500730211266,0.025174068959008505,0.0197839597371352,0.016170327665619915,0.005390109221873305
gamma,0.25,pi_0p750_gamma_0p25,γ = 0.25 (AHP),0.75,0.25,105,87,86,diagnostic_only_hkt_gate_failed,0.7453553979026974,-0.12763659900409,0.37674635740420515,-0.42395093799647887,0.024316265994782947,0.019453086089798642,0.01458953971495291,0.004863179904984303
gamma,0.25,pi_0p750_gamma_0p25,γ = 0.25 (AHP),0.75,0.25,105,88,87,diagnostic_only_hkt_gate_failed,0.7628671466083224,-0.1175510878886692,0.3855978228328935,-0.4138654268810581,0.02349449504880497,0.01911691444085691,0.013132741823844185,0.0043775806079480615
gamma,0.25,pi_0p750_gamma_0p25,γ = 0.25 (AHP),0.75,0.25,105,89,88,diagnostic_only_hkt_gate_failed,0.7801895579237991,-0.10779986659333972,0.3943535860338131,-0.4041142055857286,0.022706982981887974,0.018775756053521903,0.011793680785098216,0.003931226928366072
gamma,0.25,pi_0p750_gamma_0p25,γ = 0.25 (AHP),0.75,0.25,105,90,89,diagnostic_only_hkt_gate_failed,0.7973162612110204,-0.0983693784098428,0.40301042691261973,-0.3946837174022317,0.021951977071826043,0.0184299491890089,0.010566083648451434,0.0035220278828171445
gamma,0.25,pi_0p750_gamma_0p25,γ = 0.25 (AHP),0.75,0.25,105,91,90,diagnostic_only_hkt_gate_failed,0.8142414937685778,-0.08924676973412363,0.41156543266185197,-0.3855611087265125,0.021227752876694428,0.01807985744681729,0.00944368628963142,0.0031478954298771395
gamma,0.25,pi_0p750_gamma_0p25,γ = 0.25 (AHP),0.75,0.25,105,92,91,diagnostic_only_hkt_gate_failed,0.8309600065126975,-0.08041987798341987,0.42001595008654113,-0.3767342169758088,0.020532621921220108,0.017725867617165034,0.008420262912165221,0.0028067543040550735
gamma,0.25,pi_0p750_gamma_0p25,γ = 0.25 (AHP),0.75,0.25,105,93,92,diagnostic_only_hkt_gate_failed,0.8474669761048614,-0.07187721628106393,0.4283595411883548,-0.3681915552734528,0.019864938700767294,0.01736838705571679,0.007489654935151503,0.002496551645050501
gamma,0.25,pi_0p750_gamma_0p25,γ = 0.25 (AHP),0.75,0.25,105,94,93,diagnostic_only_hkt_gate_failed,0.8637579241847406,-0.06360795534692562,0.4365939423411814,-0.3599222943393145,0.019223106668717366,0.017007840256393583,0.0066457992369713505,0.002215266412323783
gamma,0.25,pi_0p750_gamma_0p25,γ = 0.25 (AHP),0.75,0.25,105,95,94,diagnostic_only_hkt_gate_failed,0.8798286441129,-0.05560190303468623,0.44471702726259443,-0.3519162420270751,0.018605583205882337,0.016644664632735708,0.005882755719439893,0.0019609185731466307
gamma,0.25,pi_0p750_gamma_0p25,γ = 0.25 (AHP),0.75,0.25,105,96,95,diagnostic_only_hkt_gate_failed,0.8956751344402166,-0.04784948241755876,0.4527267733853922,-0.3441638214099476,0.01801088249780053,0.016279304997046048,0.0051947325022634475,0.0017315775007544824
gamma,0.25,pi_0p750_gamma_0p25,γ = 0.25 (AHP),0.75,0.25,105,97,96,diagnostic_only_hkt_gate_failed,0.9112935378091961,-0.04034170939703881,0.4606212309747377,-0.33665604838942764,0.017437576157275817,0.015912206304141648,0.004576109559402506,0.0015253698531341687
gamma,0.25,pi_0p750_gamma_0p25,γ = 0.25 (AHP),0.75,0.25,105,98,97,diagnostic_only_hkt_gate_failed,0.926680082384578,-0.03307017139501989,0.4683984935237497,-0.32938451038740874,0.016884290228121324,0.015543803781508226,0.004021459339839288,0.0013404864466130958
gamma,0.25,pi_0p750_gamma_0p25,γ = 0.25 (AHP),0.75,0.25,105,99,98,diagnostic_only_hkt_gate_failed,0.9418310212074219,-0.02602700924545943,0.4760566670994988,-0.32234134823784827,0.016349697280486155,0.015174509123553606,0.0035255644707976497,0.0011751881569325498
gamma,0.25,pi_0p750_gamma_0p25,γ = 0.25 (AHP),0.75,0.25,105,100,99,diagnostic_only_hkt_gate_failed,0.9567425621672874,-0.019204905348313237,0.48359383494683794,-0.3155192443407021,0.015832501397914284,0.014804690678582673,0.0030834321579948365,0.0010278107193316122
gamma,0.25,pi_0p750_gamma_0p25,γ = 0.25 (AHP),0.75,0.25,105,101,100,diagnostic_only_hkt_gate_failed,0.9714107772448296,-0.012597082588331796,0.4910080116142845,-0.30891142158072066,0.015331412709720644,0.014434644422362348,0.0026903048620748864,0.0008967682873582954
gamma,0.25,pi_0p750_gamma_0p25,γ = 0.25 (AHP),0.75,0.25,105,102,101,diagnostic_only_hkt_gate_failed,0.9858314735909065,-0.00619732070284129,0.498297077789835,-0.3025116596952302,0.01484510639976386,0.014064550794763132,0.002341666815002181,0.0007805556050007269
gamma,0.25,pi_0p750_gamma_0p25,γ = 0.25 (AHP),0.75,0.25,105,103,102,diagnostic_only_hkt_gate_failed,1.0,0.0,0.5054586824812766,-0.29631433899238885,0.01437215871946599,0.013694409902873992,0.0020332464497759936,0.0006777488165919978
gamma,0.25,pi_0p750_gamma_0p25,γ = 0.25 (AHP),0.75,0.25,105,104,103,diagnostic_only_hkt_gate_failed,,,,,0.013910948582323545,0.013323943834239814,0.0017610142442511913,0.0005870047480837304
gamma,0.25,pi_0p750_gamma_0p25,γ = 0.25 (AHP),0.75,0.25,105,105,104,diagnostic_only_hkt_gate_failed,,,,,0.013459508156771171,0.012952449502808348,0.0015211759618884656,0.0005070586539628218
gamma,0.5,pi_0p750_gamma_0p50,γ = 0.5,0.75,0.5,105,1,0,diagnostic_only_hkt_gate_failed,8.464689311871868e-7,-6.072388977615985,2.8191044379208733e-7,-6.549888834744725,0.0,0.0,0.0,0.0
gamma,0.5,pi_0p750_gamma_0p50,γ = 0.5,0.75,0.5,105,2,1,diagnostic_only_hkt_gate_failed,1.1308396444166708e-6,-5.94659897463459,3.766180828020161e-7,-6.424098831763331,0.3359493807181431,0.03455207903370432,0.9041919050533167,0.3013973016844389
gamma,0.5,pi_0p750_gamma_0p50,γ = 0.5,0.75,0.5,105,3,2,diagnostic_only_hkt_gate_failed,1.5085765625257037e-6,-5.8214326438326065,5.024206708207182e-7,-6.298932500961347,0.3340322564512539,0.03421839074154565,0.8994415971291249,0.29981386570970825
gamma,0.5,pi_0p750_gamma_0p50,γ = 0.5,0.75,0.5,105,4,3,diagnostic_only_hkt_gate_failed,2.0091832540990412e-6,-5.696980450203254,6.691441610601015e-7,-6.174480307331995,0.3318404275983222,0.03390428856521783,0.8938084170993134,0.29793613903310445
gamma,0.5,pi_0p750_gamma_0p50,γ = 0.5,0.75,0.5,105,5,4,diagnostic_only_hkt_gate_failed,2.670997490581903e-6,-5.573326520000695,8.895566750234128e-7,-6.050826377129436,0.3293946608069019,0.033609103844124126,0.8873566708883333,0.29578555696277775
gamma,0.5,pi_0p750_gamma_0p50,γ = 0.5,0.75,0.5,105,6,5,diagnostic_only_hkt_gate_failed,3.543647966509245e-6,-5.45054942837535,1.1801866956657783e-6,-5.92804928550409,0.3267133267643875,0.033331980874515,0.8801440376696175,0.29338134588987247
gamma,0.5,pi_0p750_gamma_0p50,γ = 0.5,0.75,0.5,105,7,6,diagnostic_only_hkt_gate_failed,4.6911277432467435e-6,-5.328722740697737,1.562346655924235e-6,-5.806222597826477,0.3238131404649243,0.03307194243455203,0.8722235940911167,0.29074119803037224
gamma,0.5,pi_0p750_gamma_0p50,γ = 0.5,0.75,0.5,105,8,7,diagnostic_only_hkt_gate_failed,6.195618180634339e-6,-5.207915354494669,2.0634064718941338e-6,-5.68541521162341,0.3207097567431256,0.03282794184800105,0.8636454446853737,0.28788181489512454
gamma,0.5,pi_0p750_gamma_0p50,γ = 0.5,0.75,0.5,105,9,8,diagnostic_only_hkt_gate_failed,8.162220110970936e-6,-5.088191697765254,2.7183692266003253e-6,-5.565691554893995,0.317418193471575,0.03259890283660362,0.8544578719049143,0.2848192906349714
gamma,0.5,pi_0p750_gamma_0p50,γ = 0.5,0.75,0.5,105,10,9,diagnostic_only_hkt_gate_failed,1.0724774394153118e-5,-4.969611834845328,3.5718096643964417e-6,-5.447111691974069,0.31395309711604313,0.032383749400171385,0.8447080431476153,0.2815693477158717
gamma,0.5,pi_0p750_gamma_0p50,γ = 0.5,0.75,0.5,105,11,10,diagnostic_only_hkt_gate_failed,1.4052981513774003e-5,-4.852231525039306,4.680245321696218e-6,-5.329731382168047,0.3103288700819052,0.03218142719249254,0.8344423286682378,0.27814744288941257
gamma,0.5,pi_0p750_gamma_0p50,γ = 0.5,0.75,0.5,105,12,11,diagnostic_only_hkt_gate_failed,1.836105918547175e-5,-4.736102269478045,6.115019881721414e-6,-5.213602126606785,0.3065596910858529,0.03199091803378459,0.8237063191562051,0.27456877305206834
gamma,0.5,pi_0p750_gamma_0p50,γ = 0.5,0.75,0.5,105,13,12,diagnostic_only_hkt_gate_failed,2.3918207684651344e-5,-4.621271367402252,7.96578857730135e-6,-5.098771224530992,0.3026594731297798,0.031811249553617714,0.8125446707284865,0.2708482235761621
gamma,0.5,pi_0p750_gamma_0p50,γ = 0.5,0.75,0.5,105,14,13,diagnostic_only_hkt_gate_failed,3.10611837692197e-5,-4.507781996944764,1.0344705846211283e-5,-4.985281854073504,0.298641778629262,0.03164150053428102,0.8010008342849431,0.267000278094981
gamma,0.5,pi_0p750_gamma_0p50,γ = 0.5,0.75,0.5,105,15,14,diagnostic_only_hkt_gate_failed,4.020931496821378e-5,-4.39567332575456,1.3391425732976217e-5,-4.8731731828833,0.2945197216874736,0.031480803472149134,0.7891167546459733,0.26303891821532444
gamma,0.5,pi_0p750_gamma_0p50,γ = 0.5,0.75,0.5,105,16,15,diagnostic_only_hkt_gate_failed,5.188231541236589e-5,-4.284980650391058,1.727903532424714e-5,-4.762480507519799,0.2903058769685535,0.031328345134941864,0.7769325955008349,0.2589775318336116
gamma,0.5,pi_0p750_gamma_0p50,γ = 0.5,0.75,0.5,105,17,16,diagnostic_only_hkt_gate_failed,6.672129065485054e-5,-4.175735561308294,2.2221050254625683e-5,-4.653235418437035,0.28601220135498856,0.031183365623688796,0.7644865071938994,0.2548288357312998
gamma,0.5,pi_0p750_gamma_0p50,γ = 0.5,0.75,0.5,105,18,17,diagnostic_only_hkt_gate_failed,8.551334023475644e-5,-4.067966129266994,2.8479608415058226e-5,-4.545465986395734,0.28164997102824785,0.031045156357355178,0.7518144440126782,0.2506048146708927
gamma,0.5,pi_0p750_gamma_0p50,γ = 0.5,0.75,0.5,105,19,18,diagnostic_only_hkt_gate_failed,0.00010922018219744499,-3.961697103324381,3.6375003145302015e-5,-4.439196960453121,0.2772297503244186,0.030913057711841038,0.7389500778377327,0.24631669261257755
gamma,0.5,pi_0p750_gamma_0p50,γ = 0.5,0.75,0.5,105,20,19,diagnostic_only_hkt_gate_failed,0.0001390112280844282,-3.8569501199029372,4.6296698623541205e-5,-4.334449977031678,0.2727613641325732,0.030786455986372207,0.725924724438603,0.24197490814620098
gamma,0.5,pi_0p750_gamma_0p50,γ = 0.5,0.75,0.5,105,21,20,diagnostic_only_hkt_gate_failed,0.00017630153315859433,-3.7537439109597686,5.8715968918384174e-5,-4.231243768088509,0.26825390717013126,0.030664780597821135,0.7127673797169303,0.23758912657231007
gamma,0.5,pi_0p750_gamma_0p50,γ = 0.5,0.75,0.5,105,22,21,diagnostic_only_hkt_gate_failed,0.00022279502370263827,-3.6520945136896015,7.420029453247595e-5,-4.129594370818342,0.2637157471694826,0.030547500829267438,0.6995047390206455,0.23316824634021516
gamma,0.5,pi_0p750_gamma_0p50,γ = 0.5,0.75,0.5,105,23,22,diagnostic_only_hkt_gate_failed,0.00028053336968440344,-3.552015471634803,9.34296390953197e-5,-4.0295153287635435,0.25915455840175333,0.030434123023140643,0.6861613061358379,0.22872043537861264
gamma,0.5,pi_0p750_gamma_0p50,γ = 0.5,0.75,0.5,105,24,23,diagnostic_only_hkt_gate_failed,0.00035195081078231836,-3.4535180299837296,0.00011721470878024133,-3.9310178871124704,0.25457734735179066,0.03032418750279257,0.6727594795469943,0.2242531598489981
gamma,0.5,pi_0p750_gamma_0p50,γ = 0.5,0.75,0.5,105,25,24,diagnostic_only_hkt_gate_failed,0.0004399351676631935,-3.356611319879021,0.0001465172716755639,-3.834111177007762,0.24999049351613337,0.030217265890908545,0.6593196828756747,0.2197732276252249
gamma,0.5,pi_0p750_gamma_0p50,γ = 0.5,0.75,0.5,105,26,25,diagnostic_only_hkt_gate_failed,0.0005478951650628066,-3.2613025320088167,0.00018247257925670771,-3.7388023891375575,0.24539978918499442,0.030112958413075923,0.6458604923157557,0.21528683077191857
gamma,0.5,pi_0p750_gamma_0p50,γ = 0.5,0.75,0.5,105,27,26,diagnostic_only_hkt_gate_failed,0.0006798340634532147,-3.1675970786480168,0.00022641388888813447,-3.645096935776758,0.24081048128118382,0.03001089136672219,0.6323987697433847,0.21079958991446157
gamma,0.5,pi_0p750_gamma_0p50,γ = 0.5,0.75,0.5,105,28,27,diagnostic_only_hkt_gate_failed,0.0008404294393089075,-3.075498743146762,0.00027989903407230385,-3.5529986002755027,0.23622731558926222,0.0299107149510785,0.6189498019145511,0.2063166006381837
gamma,0.5,pi_0p750_gamma_0p50,γ = 0.5,0.75,0.5,105,29,28,diagnostic_only_hkt_gate_failed,0.0010351187651132915,-2.9850098182512634,0.00034473892626080875,-3.462509675380004,0.23165457645614926,0.029812100947680515,0.6055274265254063,0.20184247550846873
gamma,0.5,pi_0p750_gamma_0p50,γ = 0.5,0.75,0.5,105,30,29,diagnostic_only_hkt_gate_failed,0.0012701902280718863,-2.896131232732814,0.00042302780137943723,-3.373631089861555,0.2270961274022186,0.02971474070540495,0.592144160090441,0.19738138669681365
gamma,0.5,pi_0p750_gamma_0p50,γ = 0.5,0.75,0.5,105,31,30,diagnostic_only_hkt_gate_failed,0.0015528779851592491,-2.8088626669075065,0.0005171749438425614,-3.2863625240362473,0.22255544944356512,0.02961834329494729,0.5788113184458534,0.1929371061486178
gamma,0.5,pi_0p750_gamma_0p50,γ = 0.5,0.75,0.5,105,32,31,diagnostic_only_hkt_gate_failed,0.0018914607887968661,-2.723202657482874,0.00062993753313214,-3.2007025146116153,0.21803567754416664,0.029522633792346417,0.5655391312554606,0.1885130437518202
gamma,0.5,pi_0p750_gamma_0p50,γ = 0.5,0.75,0.5,105,33,32,diagnostic_only_hkt_gate_failed,0.00229536263074311,-2.639148693094168,0.0007644541625278706,-3.116648550222909,0.21353963261546677,0.02942735154090803,0.5523368432236762,0.1841122810745587
gamma,0.5,pi_0p750_gamma_0p50,γ = 0.5,0.75,0.5,105,34,33,diagnostic_only_hkt_gate_failed,0.002775253760881737,-2.55669730014058,0.0009242784826946195,-3.034197157269321,0.20906985402270162,0.02933224873890051,0.5392128158514032,0.17973760528380106
gamma,0.5,pi_0p750_gamma_0p50,γ = 0.5,0.75,0.5,105,35,34,diagnostic_only_hkt_gate_failed,0.0033431501275385835,-2.4758441205364647,0.0011134123195710754,-2.953343977665206,0.20462862699676768,0.029237088943751176,0.5261746141590495,0.1753915380530165
gamma,0.5,pi_0p750_gamma_0p50,γ = 0.5,0.75,0.5,105,36,35,diagnostic_only_hkt_gate_failed,0.004012508993432611,-2.396583981180522,0.001336337518580683,-2.874083838309263,0.20021801006790174,0.02914164586289185,0.5132290926150296,0.17107636420500985
gamma,0.5,pi_0p750_gamma_0p50,γ = 0.5,0.75,0.5,105,37,36,diagnostic_only_hkt_gate_failed,0.004798318187754854,-2.3189109563256114,0.001598045669400335,-2.796410813454352,0.19583985870396758,0.02904570209909303,0.5003824698146238,0.16679415660487457
gamma,0.5,pi_0p750_gamma_0p50,γ = 0.5,0.75,0.5,105,38,37,diagnostic_only_hkt_gate_failed,0.00571717619700166,-2.242818423107332,0.0019040647796414875,-2.720318280236073,0.19149584777260126,0.028949048063869325,0.4876403991261958,0.16254679970873193
gamma,0.5,pi_0p750_gamma_0p50,γ = 0.5,0.75,0.5,105,39,38,diagnostic_only_hkt_gate_failed,0.006787360066414857,-2.1682991110694423,0.002260481888940788,-2.645798968198183,0.18718749126088693,0.02885148090445647,0.47500803106929124,0.1583360103564304
gamma,0.5,pi_0p750_gamma_0p50,γ = 0.5,0.75,0.5,105,40,39,diagnostic_only_hkt_gate_failed,0.008028877913447346,-2.0953451458856027,0.00267396055819549,-2.572845003014343,0.18291616105291914,0.02875280356810974,0.4624900724544282,0.1541633574848094
gamma,0.5,pi_0p750_gamma_0p50,γ = 0.5,0.75,0.5,105,41,40,diagnostic_only_hkt_gate_failed,0.009463502743445299,-2.0239480876374545,0.0031517521316353327,-2.5014479447661957,0.17868310434701468,0.02865282399040002,0.450090841069844,0.15003028035661464
gamma,0.5,pi_0p750_gamma_0p50,γ = 0.5,0.75,0.5,105,42,41,diagnostic_only_hkt_gate_failed,0.011114784203425081,-1.9540989648292717,0.003701699651334202,-2.431598821958013,0.17448945752390785,0.028551354128068727,0.43781431018751743,0.14593810339583912
gamma,0.5,pi_0p750_gamma_0p50,γ = 0.5,0.75,0.5,105,43,42,diagnostic_only_hkt_gate_failed,0.01300803499242099,-1.8857883034693408,0.004332233331273285,-2.3632881605980813,0.17033626153645792,0.028448209348847245,0.4256641565628321,0.1418880521876107
gamma,0.5,pi_0p750_gamma_0p50,γ = 0.5,0.75,0.5,105,44,43,diagnostic_only_hkt_gate_failed,0.015170288770264554,-1.8190061522298278,0.005052356539160043,-2.296506009358569,0.16622447426558878,0.028343207718040588,0.4136437996426446,0.13788126654754818
gamma,0.5,pi_0p750_gamma_0p50,γ = 0.5,0.75,0.5,105,45,44,diagnostic_only_hkt_gate_failed,0.017630226673204866,-1.753742103906621,0.005871621322979413,-2.2312419610353618,0.16215498203053766,0.028236169352527103,0.4017564380340317,0.13391881267801056
gamma,0.5,pi_0p750_gamma_0p50,γ = 0.5,0.75,0.5,105,46,45,diagnostic_only_hkt_gate_failed,0.02041806990943307,-1.68998531353705,0.006800092640698766,-2.167485170665791,0.15812860990977962,0.028126915822161036,0.3900050822628557,0.13000169408761855
gamma,0.5,pi_0p750_gamma_0p50,γ = 0.5,0.75,0.5,105,47,46,diagnostic_only_hkt_gate_failed,0.023565436407250055,-1.6277245131500229,0.007848300617962045,-2.105224370278764,0.1541461319202809,0.02801526969772374,0.3783925866676716,0.1261308622225572
gamma,0.5,pi_0p750_gamma_0p50,γ = 0.5,0.75,0.5,105,48,47,diagnostic_only_hkt_gate_failed,0.02710516008123439,-1.566948023462101,0.00902718035597527,-2.0444478805908415,0.1502082801613348,0.02790105413879566,0.36692167806761755,0.12230722602253918
gamma,0.5,pi_0p750_gamma_0p50,γ = 0.5,0.75,0.5,105,49,48,diagnostic_only_hkt_gate_failed,0.031071071954858122,-1.5076437632867383,0.01034799903595389,-1.985143620415479,0.146315751751248,0.027784092369727467,0.35559497814456154,0.11853165938152051
gamma,0.5,pi_0p750_gamma_0p50,γ = 0.5,0.75,0.5,105,50,49,diagnostic_only_hkt_gate_failed,0.03549774324539366,-1.4497992561625532,0.011822270355382395,-1.927299113291294,0.14246921692843031,0.02766420743003335,0.3444150284951909,0.11480500949839696
gamma,0.5,pi_0p750_gamma_0p50,γ = 0.5,0.75,0.5,105,51,50,diagnostic_only_hkt_gate_failed,0.040420191371522016,-1.39340163462578,0.013461656615943795,-1.870901491754521,0.13866932588079703,0.027541221924702965,0.33338431186828216,0.11112810395609404
gamma,0.5,pi_0p750_gamma_0p50,γ = 0.5,0.75,0.5,105,52,51,diagnostic_only_hkt_gate_failed,0.045873550777191956,-1.338437642618006,0.015277859093752394,-1.8159374997467468,0.13491671416261783,0.027414957732985096,0.3225052692888983,0.10750175642963275
gamma,0.5,pi_0p750_gamma_0p50,γ = 0.5,0.75,0.5,105,53,52,diagnostic_only_hkt_gate_failed,0.05189271148951889,-1.284893636027567,0.017282497663638357,-1.7623934931563079,0.13121200801660243,0.027285235835734823,0.3117803165426029,0.10392677218086763
gamma,0.5,pi_0p750_gamma_0p50,γ = 0.5,0.75,0.5,105,54,53,diagnostic_only_hkt_gate_failed,0.058511929363895036,-1.2327555812897524,0.0194869809940599,-1.7102554384184934,0.1275558297953475,0.0271518763050247,0.3012118604709685,0.10040395349032283
gamma,0.5,pi_0p750_gamma_0p50,γ = 0.5,0.75,0.5,105,55,54,diagnostic_only_hkt_gate_failed,0.06576441290834545,-1.1820090525628688,0.021902368941900247,-1.6595089096916098,0.1239488019502153,0.02701469824817214,0.29080231110612953,0.09693410370204317
gamma,0.5,pi_0p750_gamma_0p50,γ = 0.5,0.75,0.5,105,56,55,diagnostic_only_hkt_gate_failed,0.07368189255573829,-1.1326392276000516,0.0245392291016475,-1.6101390847287926,0.12039155064650658,0.026873519842675768,0.28055409241149243,0.09351803080383081
gamma,0.5,pi_0p750_gamma_0p50,γ = 0.5,0.75,0.5,105,57,56,diagnostic_only_hkt_gate_failed,0.08229417908989016,-1.084630882631525,0.027407489742356676,-1.5621307397602657,0.1168847085141972,0.026728158401490384,0.2704696503381205,0.09015655011270682
gamma,0.5,pi_0p750_gamma_0p50,γ = 0.5,0.75,0.5,105,58,57,diagnostic_only_hkt_gate_failed,0.09162871876725,-1.0379683860771742,0.03051629164409763,-1.5154682432059152,0.11342891782374685,0.026578430660130856,0.260551461490848,0.086850487163616
gamma,0.5,pi_0p750_gamma_0p50,γ = 0.5,0.75,0.5,105,59,58,diagnostic_only_hkt_gate_failed,0.10171015320511251,-0.9926356915132564,0.033873841521861736,-1.4701355486419971,0.1100248325360827,0.026424153072524104,0.2508020383906757,0.08360067946355856
gamma,0.5,pi_0p750_gamma_0p50,γ = 0.5,0.75,0.5,105,60,59,diagnostic_only_hkt_gate_failed,0.11255989250000975,-0.9486163303447647,0.03748726985568506,-1.4261161874735055,0.10667311918228319,0.02626514210064983,0.24122393124490005,0.08040797708163334
gamma,0.5,pi_0p750_gamma_0p50,γ = 0.5,0.75,0.5,105,61,60,diagnostic_only_hkt_gate_failed,0.12419571037885224,-0.9058934040867019,0.04136249605862174,-1.3833932612154427,0.10337445799214373,0.02610121472594066,0.23181972979860918,0.07727324326620305
gamma,0.5,pi_0p750_gamma_0p50,γ = 0.5,0.75,0.5,105,62,61,diagnostic_only_hkt_gate_failed,0.13663137008104986,-0.8644495767234263,0.045504103879451085,-1.3419494338521671,0.10012954283415533,0.025932188968722666,0.22259206159629805,0.07419735386543268
gamma,0.5,pi_0p750_gamma_0p50,γ = 0.5,0.75,0.5,105,63,62,diagnostic_only_hkt_gate_failed,0.14987628959355836,-0.8242670670393382,0.04991522991159608,-1.301766924168079,0.09693908144704692,0.025757884665472353,0.21354359034472375,0.07118119678157458
gamma,0.5,pi_0p750_gamma_0p50,γ = 0.5,0.75,0.5,105,64,63,diagnostic_only_hkt_gate_failed,0.16393525413628646,-0.7853276417286987,0.05459746783843764,-1.2628274988574395,0.09380379365444574,0.025578124124539366,0.20467700858971918,0.06822566952990639
gamma,0.5,pi_0p750_gamma_0p50,γ = 0.5,0.75,0.5,105,65,64,diagnostic_only_hkt_gate_failed,0.17880818329043727,-0.7476126092730165,0.05955079087706875,-1.2251124664017574,0.09072440966106222,0.025392733011546025,0.1959950299485486,0.0653316766495162
gamma,0.5,pi_0p750_gamma_0p50,γ = 0.5,0.75,0.5,105,66,65,diagnostic_only_hkt_gate_failed,0.19448995917368478,-0.7111028148422508,0.06477349455326158,-1.188602671970992,0.08770166775742955,0.025201541371512756,0.18750037915775036,0.06250012638591679
gamma,0.5,pi_0p750_gamma_0p50,γ = 0.5,0.75,0.5,105,67,66,diagnostic_only_hkt_gate_failed,0.21097032088957826,-0.6757786365529286,0.07026216154859427,-1.1532784936816696,0.08473631125181169,0.025004384747729667,0.17919577951224605,0.05973192650408202
gamma,0.5,pi_0p750_gamma_0p50,γ = 0.5,0.75,0.5,105,68,67,diagnostic_only_hkt_gate_failed,0.22823382902344827,-0.641619983627948,0.0760116498760653,-1.119119840756689,0.08182908411513337,0.0248011053077744,0.17108393642207695,0.05702797880735898
gamma,0.5,pi_0p750_gamma_0p50,γ = 0.5,0.75,0.5,105,69,68,diagnostic_only_hkt_gate_failed,0.24625990266102513,-0.6086062965275347,0.08201510520888054,-1.0861061536562755,0.0789807265413091,0.024591553185796252,0.16316752006653854,0.05438917335551284
gamma,0.5,pi_0p750_gamma_0p50,γ = 0.5,0.75,0.5,105,70,69,diagnostic_only_hkt_gate_failed,0.265022929647229,-0.5767165495029615,0.08826399760135742,-1.0542164066317024,0.07619196947393833,0.024375587870272306,0.1554491448109981,0.051816381603666035
gamma,0.5,pi_0p750_gamma_0p50,γ = 0.5,0.75,0.5,105,71,70,diagnostic_only_hkt_gate_failed,0.2844924492664295,-0.5459292557555212,0.09474818232928314,-1.023429112884262,0.07346352877887326,0.024153079742836522,0.14793134710811018,0.04931044903603672
gamma,0.5,pi_0p750_gamma_0p50,γ = 0.5,0.75,0.5,105,72,71,diagnostic_only_hkt_gate_failed,0.3046334046679309,-0.5162224756962566,0.10145598395842327,-0.9937223328249972,0.07079609829166056,0.02392391161071075,0.14061656004284942,0.04687218668094981
gamma,0.5,pi_0p750_gamma_0p50,γ = 0.5,0.75,0.5,105,73,72,diagnostic_only_hkt_gate_failed,0.325406460944249,-0.48757382839799535,0.10837430227822444,-0.9650736855267362,0.06819034274643006,0.023687980391742556,0.13350708706406253,0.044502362354687505
gamma,0.5,pi_0p750_gamma_0p50,γ = 0.5,0.75,0.5,105,74,73,diagnostic_only_hkt_gate_failed,0.3467683830117052,-0.4599605066672953,0.11548873815225279,-0.9374603637960361,0.06564688975587389,0.023445198769990083,0.12660507295765147,0.04220169098588382
gamma,0.5,pi_0p750_gamma_0p50,γ = 0.5,0.75,0.5,105,75,74,diagnostic_only_hkt_gate_failed,0.3686724662728666,-0.4333592957876234,0.12278373694724967,-0.9108591529163643,0.06316632177052328,0.023195496972022382,0.11991247439550265,0.03997082479850088
gamma,0.5,pi_0p750_gamma_0p50,γ = 0.5,0.75,0.5,105,76,75,diagnostic_only_hkt_gate_failed,0.39106901169576763,-0.4077465961745004,0.1302427467548801,-0.8852464533032413,0.060749167545168944,0.02293882450445369,0.11343102912214577,0.037810343040715254
gamma,0.5,pi_0p750_gamma_0p50,γ = 0.5,0.75,0.5,105,77,76,diagnostic_only_hkt_gate_failed,0.41390583598816555,-0.3830984500921406,0.13784838830163182,-0.8605983072208815,0.05839589333190071,0.022675151876932982,0.10716222436490319,0.03572074145496773
gamma,0.5,pi_0p750_gamma_0p50,γ = 0.5,0.75,0.5,105,78,77,diagnostic_only_hkt_gate_failed,0.43712880697032974,-0.3593905723801368,0.1455826332509068,-0.8368904295088776,0.05610689428121086,0.022404472317038085,0.10110726589251832,0.03370242196417277
gamma,0.5,pi_0p750_gamma_0p50,γ = 0.5,0.75,0.5,105,79,78,diagnostic_only_hkt_gate_failed,0.4606823936921166,-0.3365983852478016,0.1534269874155914,-0.8140982423765425,0.053882485771260494,0.022126803400727344,0.09526704711159947,0.03175568237053315
gamma,0.5,pi_0p750_gamma_0p50,γ = 0.5,0.75,0.5,105,80,79,diagnostic_only_hkt_gate_failed,0.4845102207503238,-0.3146970570680192,0.16136267536950033,-0.7921969141967601,0.05172289495858577,0.021842188529776516,0.08964211928642778,0.02988070642880926
gamma,0.5,pi_0p750_gamma_0p50,γ = 0.5,0.75,0.5,105,81,80,diagnostic_only_hkt_gate_failed,0.5085556166201066,-0.2936615448643382,0.1693708230652459,-0.771161401993079,0.04962825311000778,0.02155069837036546,0.08423266421892696,0.028077554739642317
gamma,0.5,pi_0p750_gamma_0p50,γ = 0.5,0.75,0.5,105,82,81,diagnostic_only_hkt_gate_failed,0.5327621460131194,-0.27346664037238105,0.17743263513232269,-0.7509664975011219,0.04759858824073354,0.021252432046928074,0.07903846858141642,0.02634615619380547
gamma,0.5,pi_0p750_gamma_0p50,γ = 0.5,0.75,0.5,105,83,82,diagnostic_only_hkt_gate_failed,0.5570741172416245,-0.25408701924701615,0.1855295638511071,-0.731586876375757,0.045633818788443525,0.02094751817209425,0.07405890184904781,0.02468630061634927
gamma,0.5,pi_0p750_gamma_0p50,γ = 0.5,0.75,0.5,105,84,83,diagnostic_only_hkt_gate_failed,0.5814370564338327,-0.23549729301298478,0.19364346708689673,-0.7129971501417256,0.04373374823594819,0.020636115631017686,0.0692928978147915,0.0230976326049305
gamma,0.5,pi_0p750_gamma_0p50,γ = 0.5,0.75,0.5,105,85,84,diagnostic_only_hkt_gate_failed,0.6057981414413846,-0.21767206339502365,0.20175675279970334,-0.6951719205237645,0.04189806056904469,0.020318414035316434,0.06473893960118478,0.021579646533728257
gamma,0.5,pi_0p750_gamma_0p50,γ = 0.5,0.75,0.5,105,86,85,diagnostic_only_hkt_gate_failed,0.6301065899923384,-0.20058597827672825,0.20985250831583943,-0.6780858354054691,0.04012631747782576,0.019994634011696943,0.06039505039838645,0.020131683466128814
gamma,0.5,pi_0p750_gamma_0p50,γ = 0.5,0.75,0.5,105,87,86,diagnostic_only_hkt_gate_failed,0.6543139975324447,-0.18421378887773857,0.21791461284354618,-0.6617136460064794,0.03841795646098656,0.0196650270104067,0.056258788351739586,0.01875292945057986
gamma,0.5,pi_0p750_gamma_0p50,γ = 0.5,0.75,0.5,105,88,87,diagnostic_only_hkt_gate_failed,0.6783746219329111,-0.16853040745042022,0.225927832292885,-0.6460302645791611,0.03677229050762178,0.01932987486976361,0.0523272469135745,0.017442415637858165
gamma,0.5,pi_0p750_gamma_0p50,γ = 0.5,0.75,0.5,105,89,88,diagnostic_only_hkt_gate_failed,0.7022456135694559,-0.15351096484768034,0.2338778959019265,-0.6310108219764212,0.03518850921711744,0.01898948896496831,0.04859706075644741,0.016199020252149136
gamma,0.5,pi_0p750_gamma_0p50,γ = 0.5,0.75,0.5,105,90,89,diagnostic_only_hkt_gate_failed,0.7258871904872185,-0.13913086739309535,0.24175155457417538,-0.6166307245218362,0.03366568115334232,0.01864420893143698,0.04506441666571602,0.015021472221905339
gamma,0.5,pi_0p750_gamma_0p50,γ = 0.5,0.75,0.5,105,91,90,diagnostic_only_hkt_gate_failed,0.7492627597674101,-0.12536585238713432,0.24953662129886803,-0.6028657095158751,0.03220275765508664,0.018294400985222326,0.04172507000959296,0.01390835666986432
gamma,0.5,pi_0p750_gamma_0p50,γ = 0.5,0.75,0.5,105,92,91,diagnostic_only_hkt_gate_failed,0.772338986921614,-0.1121920418448272,0.25722199426224973,-0.589691898973568,0.030798577472831167,0.017940455697504083,0.03857436532598126,0.012858121775327087
gamma,0.5,pi_0p750_gamma_0p50,γ = 0.5,0.75,0.5,105,93,92,diagnostic_only_hkt_gate_failed,0.7950858162906612,-0.09958599394717045,0.264797663641275,-0.5770858510759113,0.02945187249929143,0.017582785248712894,0.035607261751735626,0.011869087250578541
gamma,0.5,pi_0p750_gamma_0p50,γ = 0.5,0.75,0.5,105,94,93,diagnostic_only_hkt_gate_failed,0.8174764457963829,-0.08752475194966704,0.2722547031948583,-0.5650246090784079,0.02816127397440121,0.0172218199796175,0.03281836198435113,0.01093945399478371
gamma,0.5,pi_0p750_gamma_0p50,γ = 0.5,0.75,0.5,105,95,94,diagnostic_only_hkt_gate_failed,0.8394872594761125,-0.07598589056965808,0.27958524779497107,-0.5534857476983989,0.026925318512739133,0.016858004042917412,0.03020194340946516,0.01006731446982172
gamma,0.5,pi_0p750_gamma_0p50,γ = 0.5,0.75,0.5,105,96,95,diagnostic_only_hkt_gate_failed,0.8610977213289582,-0.06494756001474715,0.28678245807289976,-0.542447417143488,0.025742453633342675,0.01649178982321537,0.02775199143038192,0.009250663810127306
gamma,0.5,pi_0p750_gamma_0p50,γ = 0.5,0.75,0.5,105,97,96,diagnostic_only_hkt_gate_failed,0.8822902329615625,-0.05438852842868732,0.29384047300918015,-0.5318883855574281,0.024611041357648973,0.01612363060639608,0.025462232253758692,0.008487410751252897
gamma,0.5,pi_0p750_gamma_0p50,γ = 0.5,0.75,0.5,105,98,97,diagnostic_only_hkt_gate_failed,0.9030499564521949,-0.0442882239817215,0.3007543509397465,-0.5217880811104624,0.0235293588380195,0.015753970644212408,0.023326164581421283,0.007775388193807094
gamma,0.5,pi_0p750_gamma_0p50,γ = 0.5,0.75,0.5,105,99,98,diagnostic_only_hkt_gate_failed,0.9233646014337658,-0.03462677879577247,0.307519998645447,-0.5121266359245134,0.022495593777979682,0.015383231276146882,0.021337087505498405,0.0071123625018328016
gamma,0.5,pi_0p750_gamma_0p50,γ = 0.5,0.75,0.5,105,100,99,diagnostic_only_hkt_gate_failed,0.9432241717866305,-0.025385078206606466,0.31413408698988765,-0.5028849353353473,0.021507831599811844,0.015011791004393772,0.019488121786254226,0.006496040595418075
gamma,0.5,pi_0p750_gamma_0p50,γ = 0.5,0.75,0.5,105,101,100,diagnostic_only_hkt_gate_failed,0.9626206619162837,-0.016544820759716066,0.32059394976688316,-0.49404467788845696,0.020564029962159246,0.014639956257022193,0.017772221115411165,0.005924073705137055
gamma,0.5,pi_0p750_gamma_0p50,γ = 0.5,0.75,0.5,105,102,101,diagnostic_only_hkt_gate_failed,0.9815476846010436,-0.008088597076648807,0.32689745975778167,-0.48558845420538965,0.0196619742683291,0.014267917819780594,0.016182169345645522,0.005394056448548507
gamma,0.5,pi_0p750_gamma_0p50,γ = 0.5,0.75,0.5,105,103,102,diagnostic_only_hkt_gate_failed,1.0,0.0,0.3330428718709181,-0.4774998571287408,0.018799204244933365,0.01389568524947089,0.014710556986387421,0.004903518995462474
gamma,0.5,pi_0p750_gamma_0p50,γ = 0.5,0.75,0.5,105,104,103,diagnostic_only_hkt_gate_failed,,,,,0.017972897701498788,0.013522987700019732,0.013349730004437172,0.004449910001479057
gamma,0.5,pi_0p750_gamma_0p50,γ = 0.5,0.75,0.5,105,105,104,diagnostic_only_hkt_gate_failed,,,,,0.017179691551184085,0.013149124070644199,0.01209170244161966,0.004030567480539886
gamma,0.75,pi_0p750_gamma_0p75,γ = 0.75,0.75,0.75,105,1,0,diagnostic_only_hkt_gate_failed,3.834141712458733e-9,-8.416331839344899,1.5176746863063006e-10,-9.818821309522802,0.0,0.0,0.0,0.0
gamma,0.75,pi_0p750_gamma_0p75,γ = 0.75,0.75,0.75,105,2,1,diagnostic_only_hkt_gate_failed,5.1784252972624185e-9,-8.28580228440148,2.0497846918504947e-10,-9.688291754579383,0.3506087373963099,0.03458428969547463,0.9480733431025057,0.3160244477008352
gamma,0.75,pi_0p750_gamma_0p75,γ = 0.75,0.75,0.75,105,3,2,diagnostic_only_hkt_gate_failed,6.997148827010478e-9,-8.155078888691543,2.769693049311339e-10,-9.557568358869446,0.35121169570786676,0.03425144804951498,0.9508807429750556,0.31696024765835185
gamma,0.75,pi_0p750_gamma_0p75,γ = 0.75,0.75,0.75,105,4,3,diagnostic_only_hkt_gate_failed,9.457118531141768e-9,-8.024241167683792,3.743426945716098e-10,-9.426730637861695,0.3515674405316768,0.03393772780017339,0.9528891381945104,0.3176297127315034
gamma,0.75,pi_0p750_gamma_0p75,γ = 0.75,0.75,0.75,105,5,4,diagnostic_only_hkt_gate_failed,1.278297291836925e-8,-7.893368131162435,5.059905415313153e-10,-9.29585760134034,0.35167735037639913,0.03364249216429932,0.9541045746362992,0.3180348582120997
gamma,0.75,pi_0p750_gamma_0p75,γ = 0.75,0.75,0.75,105,6,5,diagnostic_only_hkt_gate_failed,1.727673879275972e-8,-7.76253823280476,6.838680229918527e-10,-9.165027702982663,0.35154309588913496,0.03336492116813543,0.9545345241629988,0.3181781747209996
gamma,0.75,pi_0p750_gamma_0p75,γ = 0.75,0.75,0.75,105,7,6,diagnostic_only_hkt_gate_failed,2.334376915368929e-8,-7.631829020163381,9.24020294096352e-10,-9.034318490341285,0.35116756893217177,0.03310407919523288,0.9541904692108164,0.31806348973693876
gamma,0.75,pi_0p750_gamma_0p75,γ = 0.75,0.75,0.75,105,8,7,diagnostic_only_hkt_gate_failed,3.1527054171608987e-8,-7.501316607012429,1.2479406250056126e-9,-8.903806077190332,0.35055542933289946,0.03285896735013453,0.9530893859482948,0.3176964619827649
gamma,0.75,pi_0p750_gamma_0p75,γ = 0.75,0.75,0.75,105,9,8,diagnostic_only_hkt_gate_failed,4.2552484092797434e-8,-7.371075081964718,1.6843620499795306e-9,-8.773564552142622,0.3497132926271687,0.03262856225314833,0.9512541911220616,0.3170847303740205
gamma,0.75,pi_0p750_gamma_0p75,γ = 0.75,0.75,0.75,105,10,9,diagnostic_only_hkt_gate_failed,5.738839219945887e-8,-7.241175942332396,2.2716142662625726e-9,-8.643665412510298,0.34864963639508295,0.032411843954938666,0.9487133773204329,0.31623779244014427
gamma,0.75,pi_0p750_gamma_0p75,γ = 0.75,0.75,0.75,105,11,10,diagnostic_only_hkt_gate_failed,7.732365744336378e-8,-7.111687611835621,3.0607151836116705e-9,-8.514177082013523,0.3473745208720625,0.03220781505151589,0.9455001174616401,0.3151667058205467
gamma,0.75,pi_0p750_gamma_0p75,γ = 0.75,0.75,0.75,105,12,11,diagnostic_only_hkt_gate_failed,1.0406984896790141e-7,-6.982675075710734,4.119414127888833e-9,-8.385164545888637,0.3458992035410141,0.032015512947954086,0.9416510717791801,0.31388369059306
gamma,0.75,pi_0p750_gamma_0p75,γ = 0.75,0.75,0.75,105,13,12,diagnostic_only_hkt_gate_failed,1.3989440998510217e-7,-6.854199639054473,5.537463680600201e-9,-8.256689109232376,0.34423573563799764,0.031834017698369986,0.9372051538188836,0.31240171793962784
gamma,0.75,pi_0p750_gamma_0p75,γ = 0.75,0.75,0.75,105,14,13,diagnostic_only_hkt_gate_failed,1.8779377631397712e-7,-6.726318804813704,7.433472258771093e-9,-8.128808274991608,0.34239657134245727,0.03166245586210706,0.9322023464410507,0.31073411548035024
gamma,0.75,pi_0p750_gamma_0p75,γ = 0.75,0.75,0.75,105,15,14,diagnostic_only_hkt_gate_failed,2.517176952476457e-7,-6.599086253349992,9.963783365944817e-9,-8.001575723527896,0.3403942355724952,0.031500002358780796,0.9266826996411435,0.30889423321371445
gamma,0.75,pi_0p750_gamma_0p75,γ = 0.75,0.75,0.75,105,16,15,diagnostic_only_hkt_gate_failed,3.368589535836843e-7,-6.472551904774685,1.3333943944960233e-8,-7.8750413749525885,0.33824105314596475,0.03134588059060949,0.9206855176660658,0.30689517255535526
gamma,0.75,pi_0p750_gamma_0p75,γ = 0.75,0.75,0.75,105,17,16,diagnostic_only_hkt_gate_failed,4.500263622446277e-7,-6.3467620447979245,1.7813468290174233e-8,-7.749251514975828,0.33594894081635246,0.031199361385217134,0.9142487382934062,0.3047495794311354
gamma,0.75,pi_0p750_gamma_0p75,γ = 0.75,0.75,0.75,105,18,17,diagnostic_only_hkt_gate_failed,6.00123323079304e-7,-6.221759494567326,2.3754781236695882e-8,-7.624248964745229,0.33352926278813366,0.0310597613505267,0.907408504312821,0.302469501437607
gamma,0.75,pi_0p750_gamma_0p75,γ = 0.75,0.75,0.75,105,19,18,diagnostic_only_hkt_gate_failed,7.987597834733081e-7,-6.097583809418895,3.1617441261438224e-8,-7.500073279596798,0.3309927355843738,0.030926440889852903,0.9001988840835629,0.30006629469452095
gamma,0.75,pi_0p750_gamma_0p75,γ = 0.75,0.75,0.75,105,20,19,diagnostic_only_hkt_gate_failed,1.061032060124419e-6,-5.974271493266646,4.199900837722581e-8,-7.37676096344455,0.32834937621753046,0.030798801946162233,0.8926517228141044,0.2975505742713681
gamma,0.75,pi_0p750_gamma_0p75,γ = 0.75,0.75,0.75,105,21,20,diagnostic_only_hkt_gate_failed,1.4065130929435812e-6,-5.851856220721188,5.5674241517535794e-8,-7.25434569089909,0.3256084766926371,0.030676285507676575,0.8847965735548814,0.29493219118496045
gamma,0.75,pi_0p750_gamma_0p75,γ = 0.75,0.75,0.75,105,22,21,diagnostic_only_hkt_gate_failed,1.8605054288880217e-6,-5.730369058384897,7.364469560380623e-8,-7.1328585285628,0.32277860634365996,0.030558369111725374,0.8766607116958035,0.29222023723193447
gamma,0.75,pi_0p750_gamma_0p75,γ = 0.75,0.75,0.75,105,23,22,diagnostic_only_hkt_gate_failed,2.455620914871208e-6,-5.60983867632836,9.720125079243455e-8,-7.012328146506263,0.3198676428151408,0.030444564667286622,0.8682692344435629,0.2894230781478543
gamma,0.75,pi_0p750_gamma_0p75,γ = 0.75,0.75,0.75,105,24,23,diagnostic_only_hkt_gate_failed,3.233764905171124e-6,-5.490291556506972,1.280026536863883e-7,-6.892781026684875,0.3168827833268102,0.030334415854841087,0.8596451024159074,0.2865483674719691
gamma,0.75,pi_0p750_gamma_0p75,γ = 0.75,0.75,0.75,105,25,24,diagnostic_only_hkt_gate_failed,4.2486192772772125e-6,-5.371752184699098,1.6817380296414891e-7,-6.774241654877001,0.31383059742012503,0.030227496010360067,0.8508093042292951,0.283603101409765
gamma,0.75,pi_0p750_gamma_0p75,γ = 0.75,0.75,0.75,105,26,25,diagnostic_only_hkt_gate_failed,5.568737762348979e-6,-5.254243233007404,2.204282723596905e-7,-6.656732703185307,0.3107170586294058,0.0301234056852465,0.8417809588324776,0.28059365294415917
gamma,0.75,pi_0p750_gamma_0p75,γ = 0.75,0.75,0.75,105,27,26,diagnostic_only_hkt_gate_failed,7.28138967143225e-6,-5.137785726588235,2.8822045751611786e-7,-6.540275196766138,0.3075475955543724,0.030021770716290357,0.8325774745142462,0.2775258248380821
gamma,0.75,pi_0p750_gamma_0p75,γ = 0.75,0.75,0.75,105,28,27,diagnostic_only_hkt_gate_failed,9.497314096246473e-6,-5.022399198722386,3.7593376230556866e-7,-6.42488866890029,0.3043271305075405,0.029922240206636436,0.8232146709027122,0.27440489030090404
gamma,0.75,pi_0p750_gamma_0p75,γ = 0.75,0.75,0.75,105,29,28,diagnostic_only_hkt_gate_failed,1.235657662255651e-5,-4.9081018334434825,4.891124260879822e-7,-6.310591303621386,0.30106012050713177,0.029824484420349063,0.813706908260348,0.27123563608678264
gamma,0.75,pi_0p750_gamma_0p75,γ = 0.75,0.75,0.75,105,30,29,diagnostic_only_hkt_gate_failed,1.6035754757322428e-5,-4.794910594249654,6.347459456681734e-7,-6.1974000644275575,0.29775060254550717,0.029728193215267287,0.8040672279907197,0.2680224093302399
gamma,0.75,pi_0p750_gamma_0p75,γ = 0.75,0.75,0.75,105,31,30,diagnostic_only_hkt_gate_failed,2.075671665176119e-5,-4.682841343154777,8.216165649497884e-7,-6.085330813332681,0.29440222589354653,0.029633074163820435,0.7943074551891783,0.2647691517297261
gamma,0.75,pi_0p750_gamma_0p75,γ = 0.75,0.75,0.75,105,32,31,diagnostic_only_hkt_gate_failed,2.679730085649298e-5,-4.5719089478430295,1.0607220134582147e-6,-5.974398418020933,0.29101829090195963,0.029538850947681484,0.7844383198628345,0.26147943995427814
gamma,0.75,pi_0p750_gamma_0p75,γ = 0.75,0.75,0.75,105,33,32,diagnostic_only_hkt_gate_failed,3.450425233024038e-5,-4.4621273788468505,1.3657875545228595e-6,-5.864616849024753,0.28760178179960355,0.029445261909270385,0.7744695596709996,0.25815651989033317
gamma,0.75,pi_0p750_gamma_0p75,γ = 0.75,0.75,0.75,105,34,33,diagnostic_only_hkt_gate_failed,4.430882178074687e-5,-4.353509798172479,1.7538834565813028e-6,-5.755999268350383,0.28415539501238557,0.02935205859713238,0.7644100092457599,0.25480333641525327
gamma,0.75,pi_0p750_gamma_0p75,γ = 0.75,0.75,0.75,105,35,34,diagnostic_only_hkt_gate_failed,5.6745491453514934e-5,-4.24606863835762,2.2461662191871076e-6,-5.648558108535524,0.2806815702369245,0.02925900439613805,0.7542676975223593,0.2514225658407864
gamma,0.75,pi_0p750_gamma_0p75,γ = 0.75,0.75,0.75,105,36,35,diagnostic_only_hkt_gate_failed,7.247434935981787e-5,-4.139815674844426,2.868764215795758e-6,-5.54230514502233,0.2771825127144725,0.02916587330311141,0.7440499182340832,0.24801663941136104
gamma,0.75,pi_0p750_gamma_0p75,γ = 0.75,0.75,0.75,105,37,36,diagnostic_only_hkt_gate_failed,9.230769568121562e-5,-4.034762090387267,3.6538308594965425e-6,-5.437251560565171,0.2736602190511564,0.029072448682746544,0.7337633111052295,0.24458777036840984
gamma,0.75,pi_0p750_gamma_0p75,γ = 0.75,0.75,0.75,105,38,37,diagnostic_only_hkt_gate_failed,0.00011724152728585185,-3.9309185327148586,4.640790859853799e-6,-5.333408002892762,0.2701164991784125,0.02897852228658468,0.7234139306754837,0.24113797689182787
gamma,0.75,pi_0p750_gamma_0p75,γ = 0.75,0.75,0.75,105,39,38,diagnostic_only_hkt_gate_failed,0.00014849260723836862,-3.828295167326584,5.877807551478744e-6,-5.230784637504487,0.266552992578492,0.028883893098962176,0.7130072984385895,0.2376690994795298
gamma,0.75,pi_0p750_gamma_0p75,γ = 0.75,0.75,0.75,105,40,39,diagnostic_only_hkt_gate_failed,0.00018754188510076815,-3.726901722940629,7.4235016070148465e-6,-5.129391193118532,0.2629711915537673,0.028788366522909174,0.7025484750925746,0.2341828250308582
gamma,0.75,pi_0p750_gamma_0p75,γ = 0.75,0.75,0.75,105,41,40,diagnostic_only_hkt_gate_failed,0.00023618508404806205,-3.626747533141499,9.348953435344048e-6,-5.029237003319403,0.2593724538982709,0.0286917533083298,0.6920421017698232,0.23068070058994106
gamma,0.75,pi_0p750_gamma_0p75,γ = 0.75,0.75,0.75,105,42,41,diagnostic_only_hkt_gate_failed,0.0002965913130868005,-3.5278415732459916,1.1740023238774028e-5,-4.9303310434238945,0.2557580182601465,0.02859386884656229,0.6814924482407526,0.2271641494135842
gamma,0.75,pi_0p750_gamma_0p75,γ = 0.75,0.75,0.75,105,43,42,diagnostic_only_hkt_gate_failed,0.00037137059031771576,-3.4301924920029623,1.4700023797565653e-5,-4.832681962180866,0.25212902041075685,0.02849453232317124,0.6709034642627567,0.22363448808758557
gamma,0.75,pi_0p750_gamma_0p75,γ = 0.75,0.75,0.75,105,44,43,diagnostic_only_hkt_gate_failed,0.0004636511709343241,-3.3338086390845647,1.8352781356953375e-5,-4.736298109262468,0.2484865065315493,0.028393566126627696,0.660278821214765,0.22009294040492167
gamma,0.75,pi_0p750_gamma_0p75,γ = 0.75,0.75,0.75,105,45,44,diagnostic_only_hkt_gate_failed,0.0005771675550548012,-3.238698090358697,2.2846119255781124e-5,-4.6411875605366,0.2448314406102441,0.02829079496167251,0.6496219369457147,0.21654064564857156
gamma,0.75,pi_0p750_gamma_0p75,γ = 0.75,0.75,0.75,105,46,45,diagnostic_only_hkt_gate_failed,0.0007163600080090538,-3.1448686673592796,2.835579725456536e-5,-4.547358137537183,0.24116472198621172,0.028186045416024798,0.6389360297105607,0.2129786765701869
gamma,0.75,pi_0p750_gamma_0p75,γ = 0.75,0.75,0.75,105,47,46,diagnostic_only_hkt_gate_failed,0.0008864863340123956,-3.0523279550531965,3.5089935891397145e-5,-4.4548174252310995,0.23748719093932444,0.02807914534559023,0.6282241367812029,0.2094080455937343
gamma,0.75,pi_0p750_gamma_0p75,γ = 0.75,0.75,0.75,105,48,47,diagnostic_only_hkt_gate_failed,0.0010937465213354373,-2.9610833152425227,4.329395033241703e-5,-4.363572785420426,0.2337996417665513,0.02796992331767405,0.6174891553466318,0.20582971844887726
gamma,0.75,pi_0p750_gamma_0p75,γ = 0.75,0.75,0.75,105,49,48,diagnostic_only_hkt_gate_failed,0.0013454206931139759,-2.871141896977208,5.325601090165073e-5,-4.273631367155111,0.2301028317523242,0.027858208224385714,0.6067338705838156,0.2022446235279385
gamma,0.75,pi_0p750_gamma_0p75,γ = 0.75,0.75,0.75,105,50,49,diagnostic_only_hkt_gate_failed,0.0016500205568805262,-2.782510645068418,6.531303793298576e-5,-4.185000115246321,0.22639748691656708,0.027743828753147997,0.5959609744902575,0.19865365816341918
gamma,0.75,pi_0p750_gamma_0p75,γ = 0.75,0.75,0.75,105,51,50,diagnostic_only_hkt_gate_failed,0.0020174542534418327,-2.6951963042901683,7.985722701068785e-5,-4.097685774468071,0.22268431446452042,0.02762661306407263,0.5851731042013434,0.19505770140044779
gamma,0.75,pi_0p750_gamma_0p75,γ = 0.75,0.75,0.75,105,52,51,diagnostic_only_hkt_gate_failed,0.002459204128529683,-2.6092054207469997,9.734308573420037e-5,-4.011694890924903,0.21896401087371012,0.027506388595182136,0.574372866835584,0.19145762227852797
gamma,0.75,pi_0p750_gamma_0p75,γ = 0.75,0.75,0.75,105,53,52,diagnostic_only_hkt_gate_failed,0.002988516499939082,-2.524544342034511,0.00011829494530231353,-3.927033812212415,0.2152372652878828,0.027382981564971792,0.5635628511687332,0.18785428372291105
gamma,0.75,pi_0p750_gamma_0p75,γ = 0.75,0.75,0.75,105,54,53,diagnostic_only_hkt_gate_failed,0.00362060200441135,-2.4412192124897447,0.00014331489087713526,-3.843708682667648,0.21150477318266547,0.027256216933860343,0.5527456687464154,0.18424855624880512
gamma,0.75,pi_0p750_gamma_0p75,γ = 0.75,0.75,0.75,105,55,54,diagnostic_only_hkt_gate_failed,0.004372844485769255,-2.3592359674695085,0.00017309103003786065,-3.761725437647412,0.20776723882972295,0.027125918199860082,0.5419239618895886,0.18064132062986285
gamma,0.75,pi_0p750_gamma_0p75,γ = 0.75,0.75,0.75,105,56,55,diagnostic_only_hkt_gate_failed,0.005265015770453005,-2.278600323621807,0.00020840599427650878,-3.6810897937997105,0.20402538612730933,0.026991907282180233,0.5311004365353874,0.17703347884512913
gamma,0.75,pi_0p750_gamma_0p75,γ = 0.75,0.75,0.75,105,57,56,diagnostic_only_hkt_gate_failed,0.006319492941636862,-2.1993177668890547,0.0002501455393953917,-3.601807237066958,0.20027996442128926,0.026854004509498753,0.5202778797353715,0.1734259599117905
gamma,0.75,pi_0p750_gamma_0p75,γ = 0.75,0.75,0.75,105,58,57,diagnostic_only_hkt_gate_failed,0.007561473967715852,-2.1213935386720504,0.00029930708076533877,-3.5238830088499538,0.19653175302974482,0.026712028602617434,0.5094591732813822,0.1698197244271274
gamma,0.75,pi_0p750_gamma_0p75,γ = 0.75,0.75,0.75,105,59,58,diagnostic_only_hkt_gate_failed,0.009019186817250531,-2.044832617302973,0.00035700797075731324,-3.4473220874808765,0.1927815735078199,0.026565796909668295,0.49864732979445486,0.16621577659815162
gamma,0.75,pi_0p750_gamma_0p75,γ = 0.75,0.75,0.75,105,60,59,diagnostic_only_hkt_gate_failed,0.010724086320767708,-1.9696396989336364,0.00042449329115578423,-3.3721291691115396,0.18903029043109548,0.026415125468177418,0.4878454948887542,0.16261516496291806
gamma,0.75,pi_0p750_gamma_0p75,γ = 0.75,0.75,0.75,105,61,60,diagnostic_only_hkt_gate_failed,0.012711032407917265,-1.8958191740051997,0.0005031429083497312,-3.298308644183103,0.18527882261650022,0.026259829300621956,0.4770569799476348,0.15901899331587827
gamma,0.75,pi_0p750_gamma_0p75,γ = 0.75,0.75,0.75,105,62,61,diagnostic_only_hkt_gate_failed,0.015018442544203328,-1.8233751025867848,0.0005944775072611068,-3.225864572764688,0.18152814517637877,0.026099722789570668,0.46628526716042434,0.1554284223868081
gamma,0.75,pi_0p750_gamma_0p75,γ = 0.75,0.75,0.75,105,63,62,diagnostic_only_hkt_gate_failed,0.01768841074454142,-1.7523111855120732,0.0007001633022782497,-3.1548006556899764,0.17777929984947916,0.025934620169752537,0.4555340390391798,0.1518446796797266
gamma,0.75,pi_0p750_gamma_0p75,γ = 0.75,0.75,0.75,105,64,63,diagnostic_only_hkt_gate_failed,0.020766784985468075,-1.6826307336597137,0.0008220151014762441,-3.085120203837617,0.1740333987821166,0.02576433603319426,0.44480718824676707,0.14826906274892235
gamma,0.75,pi_0p750_gamma_0p75,γ = 0.75,0.75,0.75,105,65,64,diagnostic_only_hkt_gate_failed,0.024303194603765635,-1.614336635554035,0.0009619973911412378,-3.0168261057319383,0.17029162774941922,0.025588685964300244,0.434108825355357,0.144702941785119
gamma,0.75,pi_0p750_gamma_0p75,γ = 0.75,0.75,0.75,105,66,65,diagnostic_only_hkt_gate_failed,0.02835101939721534,-1.5474313208759727,0.001122223112680417,-2.949920791053876,0.16655525577787683,0.025407487338870684,0.42344330531701846,0.14114776843900614
gamma,0.75,pi_0p750_gamma_0p75,γ = 0.75,0.75,0.75,105,67,66,diagnostic_only_hkt_gate_failed,0.03296729214344986,-1.481916723328592,0.0013049498040095446,-2.884406193506495,0.16282563535221362,0.02522056025591757,0.4128152252888882,0.13760507509629605
gamma,0.75,pi_0p750_gamma_0p75,γ = 0.75,0.75,0.75,105,68,67,diagnostic_only_hkt_gate_failed,0.03821252714347642,-1.4177942397736638,0.0015125728127627408,-2.820283709951567,0.1591042108403409,0.025027728502722307,0.40222944701285573,0.13407648233761857
gamma,0.75,pi_0p750_gamma_0p75,γ = 0.75,0.75,0.75,105,69,68,diagnostic_only_hkt_gate_failed,0.04415046789251338,-1.3550646895482485,0.0017476153083052707,-2.7575541597261517,0.15539251635312673,0.02482882061700355,0.3916910872083696,0.1305636957361232
gamma,0.75,pi_0p750_gamma_0p75,γ = 0.75,0.75,0.75,105,70,69,diagnostic_only_hkt_gate_failed,0.05084774880123432,-1.2937282699751387,0.002012714891589326,-2.696217740153042,0.15169218421480424,0.024623671252798456,0.3812055388860174,0.12706851296200578
gamma,0.75,pi_0p750_gamma_0p75,γ = 0.75,0.75,0.75,105,71,70,diagnostic_only_hkt_gate_failed,0.05837346692163195,-1.2337845122711184,0.002310606642707718,-2.636273982449022,0.14800494216205973,0.02441212252320567,0.37077845891656225,0.12359281963885407
gamma,0.75,pi_0p750_gamma_0p75,γ = 0.75,0.75,0.75,105,72,71,diagnostic_only_hkt_gate_failed,0.06679866207262115,-1.1752322360318916,0.0026441025426192323,-2.577721706209795,0.14433261540384906,0.024194025438034436,0.3604157698974438,0.12013858996581459
gamma,0.75,pi_0p750_gamma_0p75,γ = 0.75,0.75,0.75,105,73,72,diagnostic_only_hkt_gate_failed,0.07619570600755715,-1.1180695025418834,0.003016067294464955,-2.520558972719787,0.14067712800474758,0.023969241546210517,0.35012365937561113,0.11670788645853704
gamma,0.75,pi_0p750_gamma_0p75,γ = 0.75,0.75,0.75,105,74,73,diagnostic_only_hkt_gate_failed,0.08663760347702866,-1.0622935694378728,0.0034293906574206817,-2.464783039615776,0.1370404976421622,0.02373764467556756,0.33990855889978394,0.11330285296659465
gamma,0.75,pi_0p750_gamma_0p75,γ = 0.75,0.75,0.75,105,75,74,diagnostic_only_hkt_gate_failed,0.09819721157093868,-1.007900844357126,0.003886956545784737,-2.4103903145350296,0.13342483667585459,0.023499122694909974,0.3297771419428337,0.10992571398094456
gamma,0.75,pi_0p750_gamma_0p75,γ = 0.75,0.75,0.75,105,76,75,diagnostic_only_hkt_gate_failed,0.11094638570507058,-0.9548868411914234,0.004391609224422297,-2.3573763113693267,0.1298323438127547,0.023253579412311064,0.3197362932013309,0.10657876440044363
gamma,0.75,pi_0p750_gamma_0p75,γ = 0.75,0.75,0.75,105,77,76,diagnostic_only_hkt_gate_failed,0.1249550643917841,-0.9032461373539844,0.004946117081091735,-2.3057356075318878,0.12626530010588072,0.023000936539684783,0.30979309069858785,0.10326436356619595
gamma,0.75,pi_0p750_gamma_0p75,γ = 0.75,0.75,0.75,105,78,77,diagnostic_only_hkt_gate_failed,0.14029030750025637,-0.8529723328530547,0.005553134557739896,-2.2554618030309577,0.12272606303006774,0.02274113568213686,0.2999547820437926,0.09998492734793087
gamma,0.75,pi_0p750_gamma_0p75,γ = 0.75,0.75,0.75,105,79,78,diagnostic_only_hkt_gate_failed,0.15701530451502912,-0.8040580141991446,0.006215162894235354,-2.206547484377048,0.11921705292963447,0.022474140260985733,0.2902287380059463,0.09674291266864876
gamma,0.75,pi_0p750_gamma_0p75,γ = 0.75,0.75,0.75,105,80,79,diagnostic_only_hkt_gate_failed,0.17518837325789352,-0.7564947200714405,0.006934510494610371,-2.1589841902493436,0.11574074768695503,0.022199937608573396,0.2806224302351448,0.09354081007838161
gamma,0.75,pi_0p750_gamma_0p75,γ = 0.75,0.75,0.75,105,81,80,diagnostic_only_hkt_gate_failed,0.19486196899140634,-0.7102729134161806,0.007713253704240692,-2.1127623835940836,0.11229966559796456,0.021918540778523322,0.2711433744583238,0.09038112481944127
gamma,0.75,pi_0p750_gamma_0p75,γ = 0.75,0.75,0.75,105,82,81,diagnostic_only_hkt_gate_failed,0.21608172702337958,-0.6653819577278317,0.008553198913099929,-2.067871427905735,0.10889635438770032,0.02162999044744814,0.2617990918207565,0.08726636394025217
gamma,0.75,pi_0p750_gamma_0p75,γ = 0.75,0.75,0.75,105,83,82,diagnostic_only_hkt_gate_failed,0.23888556087287588,-0.6218100998221014,0.009455846858314283,-2.0242995700000046,0.10553337463389018,0.02133435657478474,0.25259705417731637,0.08419901805910546
gamma,0.75,pi_0p750_gamma_0p75,γ = 0.75,0.75,0.75,105,84,83,diagnostic_only_hkt_gate_failed,0.2633028389477457,-0.5795444582783088,0.010422360034452675,-1.982033928456212,0.10221328566553078,0.021031739966329562,0.24354463709760368,0.08118154569920122
gamma,0.75,pi_0p750_gamma_0p75,γ = 0.75,0.75,0.75,105,85,84,diagnostic_only_hkt_gate_failed,0.28935365974576766,-0.5385710203080699,0.011453534003692995,-1.9410604904859732,0.0989386248250515,0.020722273561312683,0.23464905379121645,0.07821635126373881
gamma,0.75,pi_0p750_gamma_0p75,γ = 0.75,0.75,0.75,105,86,85,diagnostic_only_hkt_gate_failed,0.31704824565618517,-0.49887464558046096,0.01254977340056762,-1.901364115758364,0.0957118908907201,0.020406123497253095,0.22591730218040096,0.07530576739346698
gamma,0.75,pi_0p750_gamma_0p75,γ = 0.75,0.75,0.75,105,87,86,diagnostic_only_hkt_gate_failed,0.34638647203784173,-0.46043907749198965,0.013711073291384913,-1.862928547669893,0.09253552663865429,0.020083489830051527,0.21735611042580827,0.07245203680860275
gamma,0.75,pi_0p750_gamma_0p75,γ = 0.75,0.75,0.75,105,88,87,diagnostic_only_hkt_gate_failed,0.37735754360498547,-0.42324696377706816,0.014937006364554832,-1.8257364339549713,0.08941189702050564,0.019754606999569817,0.2089718700628075,0.06965729002093583
gamma,0.75,pi_0p750_gamma_0p75,γ = 0.75,0.75,0.75,105,89,88,diagnostic_only_hkt_gate_failed,0.4099398284793044,-0.3872798849318957,0.016226716361842957,-1.7897693551097988,0.08634327159079078,0.019419743752284654,0.20077058351551835,0.06692352783850611
gamma,0.75,pi_0p750_gamma_0p75,γ = 0.75,0.75,0.75,105,90,89,diagnostic_only_hkt_gate_failed,0.4441008543386819,-0.35251839135184004,0.017578917925926134,-1.755007861529743,0.08333180502636152,0.019079202781020297,0.19275780673602372,0.06425260224534124
gamma,0.75,pi_0p750_gamma_0p75,γ = 0.75,0.75,0.75,105,91,90,diagnostic_only_hkt_gate_failed,0.4797974680188282,-0.31894204821552585,0.018991902917930285,-1.7214315183934292,0.08037952039813748,0.018733319800085656,0.18493860179415544,0.061646200598051815
gamma,0.75,pi_0p750_gamma_0p75,γ = 0.75,0.75,0.75,105,92,91,diagnostic_only_hkt_gate_failed,0.5169761524626089,-0.28652948996750305,0.020463552963288466,-1.6890189601454062,0.07748828812560898,0.018382462087154397,0.17731747811536377,0.05910582603845459
gamma,0.75,pi_0p750_gamma_0p75,γ = 0.75,0.75,0.75,105,93,92,diagnostic_only_hkt_gate_failed,0.5555734935251515,-0.2552584826795036,0.021991357929364876,-1.6577479528574068,0.07465980950704341,0.018027026374965047,0.16989834939623513,0.056632783132078375
gamma,0.75,pi_0p750_gamma_0p75,γ = 0.75,0.75,0.75,105,94,93,diagnostic_only_hkt_gate_failed,0.5955167833121616,-0.22510599438750392,0.02357243980749576,-1.6275954645654072,0.0718956002266545,0.017667436050088272,0.16268449252969872,0.054228164176566236
gamma,0.75,pi_0p750_gamma_0p75,γ = 0.75,0.75,0.75,105,95,94,diagnostic_only_hkt_gate_failed,0.6367247393941542,-0.19604827566837735,0.025203581181765845,-1.5985377458462806,0.0691969684763559,0.017304137379216662,0.15567849329141772,0.05189283109713924
gamma,0.75,pi_0p750_gamma_0p75,γ = 0.75,0.75,0.75,105,96,95,diagnostic_only_hkt_gate_failed,0.6791083181504574,-0.16806094998573737,0.026881257423739206,-1.5705504201636407,0.06656499446940188,0.01693759444560232,0.14888220007139868,0.04962740002379956
gamma,0.75,pi_0p750_gamma_0p75,γ = 0.75,0.75,0.75,105,97,96,diagnostic_only_hkt_gate_failed,0.7225715931534278,-0.14111911608548305,0.028601671461687662,-1.5436085862633864,0.06400050454593467,0.016568282355309487,0.1422966665718755,0.047432222190625165
gamma,0.75,pi_0p750_gamma_0p75,γ = 0.75,0.75,0.75,105,98,97,diagnostic_only_hkt_gate_failed,0.7670126584643251,-0.11519746857273841,0.030360789535901517,-1.5176869387506418,0.061504030509902566,0.01619667775224141,0.13592205827298348,0.04530735275766116
gamma,0.75,pi_0p750_gamma_0p75,γ = 0.75,0.75,0.75,105,99,98,diagnostic_only_hkt_gate_failed,0.812324513129096,-0.09027044107062816,0.03215437620983313,-1.4927599112485315,0.059075758613283055,0.015823245351056985,0.12975753978667823,0.043252513262226074
gamma,0.75,pi_0p750_gamma_0p75,γ = 0.75,0.75,0.75,105,100,99,diagnostic_only_hkt_gate_failed,0.8583958572163666,-0.06631238702581145,0.033978025879801095,-1.4688018572037147,0.05671544234188183,0.015448418136805447,0.12380107261522916,0.041267024205076386
gamma,0.75,pi_0p750_gamma_0p75,γ = 0.75,0.75,0.75,105,101,100,diagnostic_only_hkt_gate_failed,0.9051117132351195,-0.043297814775593725,0.035827187372669475,-1.445787284953497,0.05442227572048716,0.015072567709701282,0.11804912403235764,0.039349708010785876
gamma,0.75,pi_0p750_gamma_0p75,γ = 0.75,0.75,0.75,105,102,101,diagnostic_only_hkt_gate_failed,0.952353733933462,-0.021201711109931624,0.03769717612949752,-1.4236911812878348,0.05219468492953919,0.014695958936200444,0.11249617798001621,0.037498725993338734
gamma,0.75,pi_0p750_gamma_0p75,γ = 0.75,0.75,0.75,105,103,102,diagnostic_only_hkt_gate_failed,1.0,0.0,0.03958316619791959,-1.4024894701779032,0.050030009196001986,0.014318679929162114,0.10713398780051965,0.035711329266839884
gamma,0.75,pi_0p750_gamma_0p75,γ = 0.75,0.75,0.75,105,104,103,diagnostic_only_hkt_gate_failed,,,,,0.04792399543417558,0.013940533217409123,0.10195038665029937,0.03398346221676646
gamma,0.75,pi_0p750_gamma_0p75,γ = 0.75,0.75,0.75,105,105,104,diagnostic_only_hkt_gate_failed,,,,,0.04587001828354538,0.013560866595568826,0.09692745506392964,0.032309151687976545
gamma,0.9,pi_0p750_gamma_0p90,γ = 0.9,0.75,0.9,105,1,0,diagnostic_only_hkt_gate_failed,1.2879826071892524e-11,-10.890090001613421,8.058734803199651e-17,-16.093733135753105,0.0,0.0,0.0,0.0
gamma,0.9,pi_0p750_gamma_0p90,γ = 0.9,0.75,0.9,105,2,1,diagnostic_only_hkt_gate_failed,1.7511688236285003e-11,-10.756671983193568,1.0956828971510817e-16,-15.960315117333248,0.35962148390346294,0.034602300044665885,0.9750575515763911,0.325019183858797
gamma,0.9,pi_0p750_gamma_0p90,γ = 0.9,0.75,0.9,105,3,2,diagnostic_only_hkt_gate_failed,2.3847803432470447e-11,-10.622551616669538,1.4921251453892927e-16,-15.826194750809218,0.361822064822779,0.03426964345814292,0.9826572640939079,0.3275524213646359
gamma,0.9,pi_0p750_gamma_0p90,γ = 0.9,0.75,0.9,105,4,3,diagnostic_only_hkt_gate_failed,3.25238872500316e-11,-10.487797553165695,2.0349760987002175e-16,-15.691440687305375,0.36381060595912573,0.03395580292056828,0.9895644091156721,0.32985480303855735
gamma,0.9,pi_0p750_gamma_0p90,γ = 0.9,0.75,0.9,105,5,4,diagnostic_only_hkt_gate_failed,4.441390517669721e-11,-10.3524810389829,2.7789186080279774e-16,-15.55612417312258,0.36557800841146465,0.033660172823529975,0.9957535067638041,0.3319178355879347
gamma,0.9,pi_0p750_gamma_0p90,γ = 0.9,0.75,0.9,105,6,5,diagnostic_only_hkt_gate_failed,6.071900748269778e-11,-10.21667533606367,3.7991070382882714e-16,-15.420318470203352,0.36711706032450725,0.03338196824788118,1.001205276229878,0.333735092076626
gamma,0.9,pi_0p750_gamma_0p90,γ = 0.9,0.75,0.9,105,7,6,diagnostic_only_hkt_gate_failed,8.308931256811965e-11,-10.080454834112235,5.198787089430425e-16,-15.284097968251917,0.36842343135790534,0.03312029223675874,1.0059094173634402,0.33530313912114673
gamma,0.9,pi_0p750_gamma_0p90,γ = 0.9,0.75,0.9,105,8,7,diagnostic_only_hkt_gate_failed,1.1379049129767998e-10,-9.943894027479464,7.119718755325254e-16,-15.147537161619145,0.36949612147038235,0.032874186962417944,1.0098658035238934,0.33662193450796446
gamma,0.9,pi_0p750_gamma_0p90,γ = 0.9,0.75,0.9,105,9,8,diagnostic_only_hkt_gate_failed,1.559313708180706e-10,-9.807066503139511,9.756417190015499e-16,-15.010709637279191,0.37033744243311695,0.03264267086762882,1.0130843146964643,0.3376947715654881
gamma,0.9,pi_0p750_gamma_0p90,γ = 0.9,0.75,0.9,105,10,9,diagnostic_only_hkt_gate_failed,2.1377452879174311e-10,-9.670044042177686,1.3375586173257245e-15,-14.873687176317365,0.3709526676396593,0.03242476484410484,1.0155837083866635,0.33852790279555445
gamma,0.9,pi_0p750_gamma_0p90,γ = 0.9,0.75,0.9,105,11,10,diagnostic_only_hkt_gate_failed,2.9315959187419304e-10,-9.532895891587033,1.834260332974546e-15,-14.736539025726712,0.3713494939323943,0.032219509735001116,1.0173899525921797,0.3391299841973932
gamma,0.9,pi_0p750_gamma_0p90,γ = 0.9,0.75,0.9,105,12,11,diagnostic_only_hkt_gate_failed,4.0207935398006577e-10,-9.39568822653084,2.5157567078008584e-15,-14.59933136067052,0.3715374325961505,0.03202597778317128,1.018534364438938,0.3395114548129793
gamma,0.9,pi_0p750_gamma_0p90,γ = 0.9,0.75,0.9,105,13,12,diagnostic_only_hkt_gate_failed,5.514627757990997e-10,-9.258483797477009,3.450428786223757e-15,-14.462126931616687,0.37152721307456354,0.03184327932396151,1.0190518012518064,0.33968393375060213
gamma,0.9,pi_0p750_gamma_0p90,γ = 0.9,0.75,0.9,105,14,13,diagnostic_only_hkt_gate_failed,7.562375928033365e-10,-9.121341737524595,4.731677411321374e-15,-14.324984871664277,0.3713302619700991,0.03167056685025202,1.0189790853595415,0.33965969511984717
gamma,0.9,pi_0p750_gamma_0p90,γ = 0.9,0.75,0.9,105,15,14,diagnostic_only_hkt_gate_failed,1.0367701798697895e-9,-8.98431750270057,6.486932265078792e-15,-14.18796063684025,0.3709582672643018,0.031507036645796835,1.0183536918555145,0.3394512306185048
gamma,0.9,pi_0p750_gamma_0p90,γ = 0.9,0.75,0.9,105,16,15,diagnostic_only_hkt_gate_failed,1.4208135352636786e-9,-8.847462914274985,8.889840143473395e-15,-14.051106048414667,0.3704228409058986,0.03135192910255856,1.0172127354100202,0.33907091180334004
gamma,0.9,pi_0p750_gamma_0p90,γ = 0.9,0.75,0.9,105,17,16,diagnostic_only_hkt_gate_failed,1.9461384149415983e-9,-8.710826274700965,1.2176727611686795e-14,-13.914469408840645,0.36973527253203503,0.03120452835107055,1.0155922325428932,0.3385307441809644
gamma,0.9,pi_0p750_gamma_0p90,γ = 0.9,0.75,0.9,105,18,17,diagnostic_only_hkt_gate_failed,2.664081249642458e-9,-8.574452534106358,1.6668799846526778e-14,-13.778095668246038,0.36890635793878274,0.031064160992071925,1.0135265908401323,0.33784219694671075
gamma,0.9,pi_0p750_gamma_0p90,γ = 0.9,0.75,0.9,105,19,18,diagnostic_only_hkt_gate_failed,3.644320053932135e-9,-8.438383489121408,2.2802022860162808e-14,-13.642026623261089,0.3679462870816078,0.030930194542750557,1.011048277616572,0.3370160925388573
gamma,0.9,pi_0p750_gamma_0p90,γ = 0.9,0.75,0.9,105,20,19,diagnostic_only_hkt_gate_failed,4.9812920222477485e-9,-8.302657997530158,3.116727753971165e-14,-13.506301131669838,0.366864586131248,0.03080203574029974,1.0081876511728451,0.33606255039094834
gamma,0.9,pi_0p750_gamma_0p90,γ = 0.9,0.75,0.9,105,21,20,diagnostic_only_hkt_gate_failed,6.802801514028498e-9,-8.167312200305005,4.2564218658199275e-14,-13.370955334444686,0.365670087930083,0.030679128596743665,1.004972878000018,0.33499095933333933
gamma,0.9,pi_0p750_gamma_0p90,γ = 0.9,0.75,0.9,105,22,21,diagnostic_only_hkt_gate_failed,9.281544615935977e-9,-8.032379743354795,5.807338251804773e-14,-13.236022877494475,0.36437092818244193,0.03056095223220144,1.0014299278507217,0.33380997595024053
gamma,0.9,pi_0p750_gamma_0p90,γ = 0.9,0.75,0.9,105,23,22,diagnostic_only_hkt_gate_failed,1.265050941532534e-8,-7.8978919858075045,7.915254440117431e-14,-13.101535119947185,0.36297458438167557,0.030447019099021623,0.9975826958479618,0.3325275652826539
gamma,0.9,pi_0p750_gamma_0p90,γ = 0.9,0.75,0.9,105,24,23,diagnostic_only_hkt_gate_failed,1.722351514317459e-8,-7.763878208777209,1.0776522923755829e-13,-12.96752134291689,0.3614878719673791,0.03033687264405681,0.9934529979699668,0.33115099932332226
gamma,0.9,pi_0p750_gamma_0p90,γ = 0.9,0.75,0.9,105,25,24,diagnostic_only_hkt_gate_failed,2.3422551111624983e-8,-7.630365804679415,1.4655176767867668e-13,-12.834008938819094,0.35991700398666887,0.030230085458475844,0.9890607555845791,0.329686918528193
gamma,0.9,pi_0p750_gamma_0p90,γ = 0.9,0.75,0.9,105,26,25,diagnostic_only_hkt_gate_failed,3.181409279649654e-8,-7.497380456494799,1.9905652096564293e-13,-12.70102359063448,0.3582676218691939,0.030126257175367707,0.9844240940814788,0.32814136469382627
gamma,0.9,pi_0p750_gamma_0p90,γ = 0.9,0.75,0.9,105,27,26,diagnostic_only_hkt_gate_failed,4.315724342742999e-8,-7.364946302693677,2.7002909641596353e-13,-12.568589436833356,0.3565448401590928,0.030025012668063022,0.9795594824730895,0.3265198274910298
gamma,0.9,pi_0p750_gamma_0p90,γ = 0.9,0.75,0.9,105,28,27,diagnostic_only_hkt_gate_failed,5.846741723498832e-8,-7.233086090451531,3.658228049779591e-13,-12.436729224591211,0.35475328338110157,0.029925999942931988,0.9744818503145087,0.3248272834381696
gamma,0.9,pi_0p750_gamma_0p90,γ = 0.9,0.75,0.9,105,29,28,diagnostic_only_hkt_gate_failed,7.910040095426999e-8,-7.101821315089103,4.949206228089691e-13,-12.305464449228785,0.3528971296329858,0.029828888598018233,0.9692047231049028,0.32306824103496756
gamma,0.9,pi_0p750_gamma_0p90,γ = 0.9,0.75,0.9,105,30,29,diagnostic_only_hkt_gate_failed,1.0686307139253928e-7,-6.971172347749383,6.686279362787457e-13,-12.174815481889064,0.3509801480566398,0.029733367911784884,0.9637403404345649,0.32124678014485497
gamma,0.9,pi_0p750_gamma_0p90,γ = 0.9,0.75,0.9,105,31,30,diagnostic_only_hkt_gate_failed,1.4415889567325922e-7,-6.841158553257678,9.01982917524152e-13,-12.044801687397358,0.3490057303679904,0.029639145269811113,0.958099755294538,0.3193665850981793
gamma,0.9,pi_0p750_gamma_0p90,γ = 0.9,0.75,0.9,105,32,31,diagnostic_only_hkt_gate_failed,1.9417870678256567e-7,-6.711798395611572,1.2149501815120671e-12,-11.915441529751252,0.3469769303912957,0.029545944667358524,0.9522929571718113,0.3174309857239371
gamma,0.9,pi_0p750_gamma_0p90,γ = 0.9,0.75,0.9,105,33,32,diagnostic_only_hkt_gate_failed,2.611502615222315e-7,-6.5831095349136985,1.6339822367528836e-12,-11.78675266905338,0.3448964917387063,0.029453505170529495,0.9463289597045305,0.3154429865681768
gamma,0.9,pi_0p750_gamma_0p90,γ = 0.9,0.75,0.9,105,34,33,diagnostic_only_hkt_gate_failed,3.506639197165047e-7,-6.455108916964594,2.1940572165122327e-12,-11.658752051104273,0.342766871733165,0.029361579450002364,0.9402158768494883,0.3134052922831627
gamma,0.9,pi_0p750_gamma_0p90,γ = 0.9,0.75,0.9,105,35,34,diagnostic_only_hkt_gate_failed,4.700966409949126e-7,-6.327812851986786,2.9413317699377287e-12,-11.531455986126465,0.34059027622506377,0.029269932604606936,0.9339610308613706,0.31132034362045685
gamma,0.9,pi_0p750_gamma_0p90,γ = 0.9,0.75,0.9,105,36,35,diagnostic_only_hkt_gate_failed,6.291626186661675e-7,-6.201237088638201,3.936586304516979e-12,-11.404880222777882,0.3383686752889956,0.02917834088781144,0.9275710032035527,0.3091903344011842
gamma,0.9,pi_0p750_gamma_0p90,γ = 0.9,0.75,0.9,105,37,36,diagnostic_only_hkt_gate_failed,8.406265848916153e-7,-6.075396879511212,5.259688041086686e-12,-11.27904001365089,0.33610383063404703,0.02908659050237724,0.9210517203950096,0.30701724013166987
gamma,0.9,pi_0p750_gamma_0p90,γ = 0.9,0.75,0.9,105,38,37,diagnostic_only_hkt_gate_failed,1.1212254802898105e-6,-5.950307041286776,7.015357777201811e-12,-11.153950175426456,0.3337973131487078,0.028994476523006706,0.9144085098771033,0.30480283662570107
gamma,0.9,pi_0p750_gamma_0p90,γ = 0.9,0.75,0.9,105,39,38,diagnostic_only_hkt_gate_failed,1.4928562467637436e-6,-5.825982010254241,9.340601747894037e-12,-11.02962514439392,0.33145051821144395,0.02890180190442232,0.907646148921065,0.3025487163070216
gamma,0.9,pi_0p750_gamma_0p90,γ = 0.9,0.75,0.9,105,40,39,diagnostic_only_hkt_gate_failed,1.9841025213380783e-6,-5.702435891001867,1.2414263944694673e-11,-10.90607902514155,0.32906468766786734,0.028808376490247364,0.9007689335328597,0.30025631117761986
gamma,0.9,pi_0p750_gamma_0p90,γ = 0.9,0.75,0.9,105,41,40,diagnostic_only_hkt_gate_failed,2.6321916020316687e-6,-5.579682500819314,1.6469270589199562e-11,-10.783325634958995,0.3266409239057465,0.02871401621440508,0.8937807230740241,0.29792690769134134
gamma,0.9,pi_0p750_gamma_0p90,γ = 0.9,0.75,0.9,105,42,41,diagnostic_only_hkt_gate_failed,3.4854959978622856e-6,-5.457735411595476,2.180828199666731e-11,-10.661378545735156,0.32418019842172147,0.028618542156943077,0.8866849687943352,0.29556165626477837
gamma,0.9,pi_0p750_gamma_0p90,γ = 0.9,0.75,0.9,105,43,42,diagnostic_only_hkt_gate_failed,4.606722100650674e-6,-5.336607985662268,2.8823643668759353e-11,-10.54025111980195,0.3216833711689981,0.02852177976701801,0.8794847742059404,0.2931615914019801
gamma,0.9,pi_0p750_gamma_0p90,γ = 0.9,0.75,0.9,105,44,43,diagnostic_only_hkt_gate_failed,6.076962991791807e-6,-5.216313408462547,3.802274416312299e-11,-10.419956542602227,0.3191512010098167,0.028423558242135785,0.8721829283030429,0.2907276427676809
gamma,0.9,pi_0p750_gamma_0p90,γ = 0.9,0.75,0.9,105,45,44,diagnostic_only_hkt_gate_failed,8.000834385703858e-6,-5.096864719231674,5.006015000421074e-11,-10.300507853371355,0.3165843524982203,0.028323709819628975,0.8647819280357742,0.2882606426785914
gamma,0.9,pi_0p750_gamma_0p90,γ = 0.9,0.75,0.9,105,46,45,diagnostic_only_hkt_gate_failed,1.0512963661852474e-5,-4.9782748367261656,6.577820668823328e-11,-10.181917970865845,0.3139834116098406,0.0282220690689707,0.8572840276226097,0.2857613425408699
gamma,0.9,pi_0p750_gamma_0p90,γ = 0.9,0.75,0.9,105,47,46,diagnostic_only_hkt_gate_failed,1.3786163269969338e-5,-4.860556582448036,8.625817858576923e-11,-10.064199716587716,0.3113488939369254,0.02811847243292815,0.8496912645119918,0.28323042150399724
gamma,0.9,pi_0p750_gamma_0p90,γ = 0.9,0.75,0.9,105,48,47,diagnostic_only_hkt_gate_failed,1.804169336804547e-5,-4.743722702609812,1.1288446089424633e-10,-9.947365836749492,0.3086812490713819,0.028012757651246716,0.8420054742604061,0.28066849142013534
gamma,0.9,pi_0p750_gamma_0p90,γ = 0.9,0.75,0.9,105,49,48,diagnostic_only_hkt_gate_failed,2.3562106540328554e-5,-4.627785884600407,1.4742494731945112e-10,-9.831429018740087,0.3059808777185278,0.027904763277602142,0.8342283433227771,0.27807611444092567
gamma,0.9,pi_0p750_gamma_0p90,γ = 0.9,0.75,0.9,105,50,49,diagnostic_only_hkt_gate_failed,3.070727129575549e-5,-4.512758774043675,1.921312869608013e-10,-9.716401908183355,0.3032481303485068,0.027794328245396578,0.8263614063093309,0.27545380210311027
gamma,0.9,pi_0p750_gamma_0p90,γ = 0.9,0.75,0.9,105,51,50,diagnostic_only_hkt_gate_failed,3.993429419194884e-5,-4.398653986985878,2.498635343750307e-10,-9.602297121125558,0.30048332225041186,0.027681291419139754,0.8184060924938161,0.272802030831272
gamma,0.9,pi_0p750_gamma_0p90,γ = 0.9,0.75,0.9,105,52,51,diagnostic_only_hkt_gate_failed,5.182220404753925e-5,-4.285484120000745,3.2424459538921123e-10,-9.489127254140424,0.2976867400848453,0.027565491381057912,0.8103637461113624,0.27012124870378745
gamma,0.9,pi_0p750_gamma_0p90,γ = 0.9,0.75,0.9,105,53,52,diagnostic_only_hkt_gate_failed,6.71024287751225e-5,-4.173261760240189,4.198509165658706e-10,-9.37690489437987,0.2948586423218486,0.027446765939901873,0.8022356291458399,0.26741187638194663
gamma,0.9,pi_0p750_gamma_0p90,γ = 0.9,0.75,0.9,105,54,53,diagnostic_only_hkt_gate_failed,8.669628942597448e-5,-4.061999489793789,5.424470804229674e-10,-9.26564262393347,0.2919992764571321,0.027324952043093282,0.7940229732421166,0.2646743244140388
gamma,0.9,pi_0p750_gamma_0p90,γ = 0.9,0.75,0.9,105,55,54,diagnostic_only_hkt_gate_failed,0.0001117609567230275,-3.951709889125861,6.992733493103885e-10,-9.155353023265542,0.2891088818565228,0.0271998854947629,0.7857269890852796,0.26190899636175985
gamma,0.9,pi_0p750_gamma_0p90,γ = 0.9,0.75,0.9,105,56,55,diagnostic_only_hkt_gate_failed,0.0001437455668391569,-3.8424055402173205,8.99396774324738e-10,-9.046048674357001,0.2861876907102324,0.02707140069854517,0.7773488700350618,0.25911629001168723
gamma,0.9,pi_0p750_gamma_0p90,γ = 0.9,0.75,0.9,105,57,56,diagnostic_only_hkt_gate_failed,0.00018445947857506192,-3.7340990233481044,1.154138271336527e-9,-8.937742157487785,0.28323594689679477,0.02693933069227031,0.7688898486135731,0.2562966162045244
gamma,0.9,pi_0p750_gamma_0p90,γ = 0.9,0.75,0.9,105,58,57,diagnostic_only_hkt_gate_failed,0.0002361549671223761,-3.626802915337536,1.4775900247990907e-9,-8.830446049477217,0.2802539015433551,0.02680350703713279,0.7603511835186669,0.2534503945062223
gamma,0.9,pi_0p750_gamma_0p90,γ = 0.9,0.75,0.9,105,59,58,diagnostic_only_hkt_gate_failed,0.00030162700252723667,-3.5205297817557084,1.887239788241857e-9,-8.72417291589539,0.2772418306616974,0.026663759813532983,0.7517342125444937,0.2505780708481645
gamma,0.9,pi_0p750_gamma_0p90,γ = 0.9,0.75,0.9,105,60,59,diagnostic_only_hkt_gate_failed,0.0003843331358301019,-3.4152921706025494,2.404720995802869e-9,-8.61893530474223,0.2742000305340588,0.02651991761193918,0.7430403387663591,0.2476801129221197
gamma,0.9,pi_0p750_gamma_0p90,γ = 0.9,0.75,0.9,105,61,60,diagnostic_only_hkt_gate_failed,0.0004885369316897928,-3.3111025995545953,3.056710200961918e-9,-8.514745733694276,0.2711288362754007,0.026371807803284054,0.7342710854163497,0.24475702847211656
gamma,0.9,pi_0p750_gamma_0p90,γ = 0.9,0.75,0.9,105,62,61,diagnostic_only_hkt_gate_failed,0.000619478813013054,-3.2079735424741433,3.875996028523682e-9,-8.411616676613823,0.2680286234867613,0.02621925658817657,0.725428100695754,0.24180936689858468
gamma,0.9,pi_0p750_gamma_0p90,γ = 0.9,0.75,0.9,105,63,62,diagnostic_only_hkt_gate_failed,0.0007835786347675225,-3.1059174140875454,4.902746651855115e-9,-8.309560548227225,0.2648998130481833,0.026062089426125583,0.7165131708661732,0.2388377236220577
gamma,0.9,pi_0p750_gamma_0p90,γ = 0.9,0.75,0.9,105,64,63,diagnostic_only_hkt_gate_failed,0.0009886747687851167,-3.004946549000748,6.186005714503642e-9,-8.208589683140428,0.26174288695153547,0.025900131237148096,0.7075282671431622,0.2358427557143874
gamma,0.9,pi_0p750_gamma_0p90,γ = 0.9,0.75,0.9,105,65,64,diagnostic_only_hkt_gate_failed,0.0012443049201097608,-2.9050731816273485,7.78544936050346e-9,-8.108716315767028,0.25855838481522386,0.02573320689970388,0.6984755337465601,0.23282517791552004
gamma,0.9,pi_0p750_gamma_0p90,γ = 0.9,0.75,0.9,105,66,65,diagnostic_only_hkt_gate_failed,0.0015620343547163944,-2.806309418666347,9.7734399112867e-9,-8.009952552806029,0.25534692459353603,0.025561141848915937,0.6893573482338606,0.2297857827446202
gamma,0.9,pi_0p750_gamma_0p90,γ = 0.9,0.75,0.9,105,67,66,diagnostic_only_hkt_gate_failed,0.001955837580754152,-2.7086672133065925,1.2237413994142083e-8,-7.912310347446272,0.2521091964774725,0.025383762573636854,0.6801763017115068,0.2267254339038356
gamma,0.9,pi_0p750_gamma_0p90,γ = 0.9,0.75,0.9,105,68,67,diagnostic_only_hkt_gate_failed,0.0024425399070583335,-2.6121583318983848,1.5282645314730396e-8,-7.815801466038066,0.24884598347707107,0.025200897408737603,0.6709352582050004,0.22364508606833347
gamma,0.9,pi_0p750_gamma_0p90,γ = 0.9,0.75,0.9,105,69,68,diagnostic_only_hkt_gate_failed,0.0030423255048575995,-2.5167943217094666,1.9035423531193284e-8,-7.720437455849147,0.24555815692756283,0.025012377357292438,0.6616373387108112,0.22054577957027038
gamma,0.9,pi_0p750_gamma_0p90,γ = 0.9,0.75,0.9,105,70,69,diagnostic_only_hkt_gate_failed,0.0037793188048191213,-2.4225864715828838,2.3646691977656245e-8,-7.626229605722564,0.2422466954258456,0.024818036972610383,0.6522859753597057,0.21742865845323522
gamma,0.9,pi_0p750_gamma_0p90,γ = 0.9,0.75,0.9,105,71,70,diagnostic_only_hkt_gate_failed,0.004682245991837619,-2.3295457734477507,2.9296186548596548e-8,-7.533188907587431,0.23891268073684335,0.02461771548482651,0.6428848957560506,0.21429496525201686
gamma,0.9,pi_0p750_gamma_0p90,γ = 0.9,0.75,0.9,105,72,71,diagnostic_only_hkt_gate_failed,0.0057851832904701524,-2.2376828768541928,3.6197117620665686e-8,-7.4413260109938735,0.2355573159879351,0.02441125786031886,0.6334381743828488,0.21114605812761625
gamma,0.9,pi_0p750_gamma_0p90,γ = 0.9,0.75,0.9,105,73,72,diagnostic_only_hkt_gate_failed,0.0071283982626108066,-2.147008044321572,4.460143393965017e-8,-7.350651178461253,0.232181921418689,0.024198516115548314,0.6239502159094221,0.2079834053031407
gamma,0.9,pi_0p750_gamma_0p90,γ = 0.9,0.75,0.9,105,74,73,diagnostic_only_hkt_gate_failed,0.008759289845862859,-2.057531102567655,5.4805704314760566e-8,-7.261174236707335,0.22878794410327097,0.023979350613407013,0.614425780469592,0.20480859348986397
gamma,0.9,pi_0p750_gamma_0p90,γ = 0.9,0.75,0.9,105,75,74,diagnostic_only_hkt_gate_failed,0.010733432043450957,-1.969261389011819,6.715764784673606e-8,-7.1729045231515,0.22537696917524808,0.023753631654124013,0.604870012563372,0.201623337521124
gamma,0.9,pi_0p750_gamma_0p90,γ = 0.9,0.75,0.9,105,76,75,diagnostic_only_hkt_gate_failed,0.01311572491467287,-1.8822077006708988,8.206333552106493e-8,-7.085850834810579,0.2219507107864418,0.02352124089766626,0.5952884096663267,0.19842946988877555
gamma,0.9,pi_0p750_gamma_0p90,γ = 0.9,0.75,0.9,105,77,76,diagnostic_only_hkt_gate_failed,0.015981655459097497,-1.796378236316569,9.999507939166678e-8,-7.000021370456249,0.21851102878945322,0.02328207308601117,0.5856868671103261,0.19522895570344204
gamma,0.9,pi_0p750_gamma_0p90,γ = 0.9,0.75,0.9,105,78,77,diagnostic_only_hkt_gate_failed,0.01941866899064325,-1.711780541154539,1.2150001308497246e-7,-6.915423675294219,0.21505991918936349,0.023036037783407178,0.5760716442178688,0.19202388140595628
gamma,0.9,pi_0p750_gamma_0p90,γ = 0.9,0.75,0.9,105,79,78,diagnostic_only_hkt_gate_failed,0.023527649994318556,-1.628421449171963,1.472093573223662e-7,-6.832064583311644,0.2115995182602468,0.02278306107617589,0.5664493715522126,0.18881645718407086
gamma,0.9,pi_0p750_gamma_0p90,γ = 0.9,0.75,0.9,105,80,79,diagnostic_only_hkt_gate_failed,0.028424509358579826,-1.5463070230237068,1.778483510206316e-7,-6.749950157163386,0.20813210692286557,0.02252308746691865,0.5568270583678409,0.18560901945594693
gamma,0.9,pi_0p750_gamma_0p90,γ = 0.9,0.75,0.9,105,81,80,diagnostic_only_hkt_gate_failed,0.03424187221543913,-1.4654424977739342,2.1424681188162096e-7,-6.669085631913615,0.20466009750502048,0.022256081704531968,0.5472120474014656,0.1824040158004885
gamma,0.9,pi_0p750_gamma_0p90,γ = 0.9,0.75,0.9,105,82,81,diagnostic_only_hkt_gate_failed,0.04113085866090865,-1.3858322239262268,2.573502781217661e-7,-6.589475358065907,0.2011860333490578,0.021982030583808515,0.537612008295748,0.1792040027652493
gamma,0.9,pi_0p750_gamma_0p90,γ = 0.9,0.75,0.9,105,83,82,diagnostic_only_hkt_gate_failed,0.04926294712799107,-1.307479610297607,3.082316673475029e-7,-6.511122744437287,0.19771258689552412,0.02170094476057083,0.5280349264048599,0.1760116421349533
gamma,0.9,pi_0p750_gamma_0p90,γ = 0.9,0.75,0.9,105,84,83,diagnostic_only_hkt_gate_failed,0.05883190714648609,-1.2303870729151185,3.681033695747222e-7,-6.434030207054799,0.19424254082147605,0.021412860519373807,0.5184890409063068,0.17282968030210225
gamma,0.9,pi_0p750_gamma_0p90,γ = 0.9,0.75,0.9,105,85,84,diagnostic_only_hkt_gate_failed,0.07005578678172138,-1.1545559850952687,4.3832968236692884e-7,-6.358199119234949,0.190778782800443,0.02111784134275769,0.508982824373056,0.16966094145768532
gamma,0.9,pi_0p750_gamma_0p90,γ = 0.9,0.75,0.9,105,86,85,diagnostic_only_hkt_gate_failed,0.0831789372154141,-1.079986632954372,5.204394783667483e-7,-6.283629767094052,0.18732428877833612,0.02081597942902512,0.49952492804793286,0.16650830934931093
gamma,0.9,pi_0p750_gamma_0p90,γ = 0.9,0.75,0.9,105,87,86,diagnostic_only_hkt_gate_failed,0.09847405608434408,-1.0066781733959513,6.161389901925396e-7,-6.210321307535632,0.18388211464302773,0.020507397049933044,0.4901241527792839,0.16337471759309463
gamma,0.9,pi_0p750_gamma_0p90,γ = 0.9,0.75,0.9,105,88,87,diagnostic_only_hkt_gate_failed,0.11624422814857154,-0.9346286018397859,7.273245786263396e-7,-6.138271735979466,0.18045536835618037,0.020192247668821984,0.48078936206207495,0.16026312068735832
gamma,0.9,pi_0p750_gamma_0p90,γ = 0.9,0.75,0.9,105,89,88,diagnostic_only_hkt_gate_failed,0.13682494258796013,-0.8638347254163167,8.560953545682274e-7,-6.067477859555996,0.17704719423216803,0.01987071671960237,0.4715294325376969,0.15717647751256564
gamma,0.9,pi_0p750_gamma_0p90,γ = 0.9,0.75,0.9,105,90,89,diagnostic_only_hkt_gate_failed,0.16058606594210334,-0.7942921411681173,1.004765523457409e-6,-5.997935275307798,0.17366075881134013,0.019543022326736777,0.4623532094538101,0.15411773648460336
gamma,0.9,pi_0p750_gamma_0p90,γ = 0.9,0.75,0.9,105,91,90,diagnostic_only_hkt_gate_failed,0.1879337469325191,-0.7259952274002205,1.1758763034897686e-6,-5.929638361539901,0.17029921512788992,0.019209415428814654,0.45326939909722597,0.15108979969907532
gamma,0.9,pi_0p750_gamma_0p90,γ = 0.9,0.75,0.9,105,92,91,diagnostic_only_hkt_gate_failed,0.21931223376971504,-0.6589371416444575,1.3722072962649671e-6,-5.862580275784138,0.16696568524472039,0.01887017967645927,0.4442865167047834,0.14809550556826112
gamma,0.9,pi_0p750_gamma_0p90,γ = 0.9,0.75,0.9,105,93,92,diagnostic_only_hkt_gate_failed,0.2552055821659917,-0.5931098304313869,1.596787173593964e-6,-5.796752964571068,0.16366322926593255,0.01852563084510165,0.4354127952624928,0.14513759842083093
gamma,0.9,pi_0p750_gamma_0p90,γ = 0.9,0.75,0.9,105,94,93,diagnostic_only_hkt_gate_failed,0.2961392362232753,-0.5285040480434317,1.85290356890263e-6,-5.7321471821831125,0.16039482251865242,0.018176115732596993,0.42665612035816636,0.14221870678605544
gamma,0.9,pi_0p750_gamma_0p90,γ = 0.9,0.75,0.9,105,95,94,diagnostic_only_hkt_gate_failed,0.3426814585566433,-0.4651093932776878,2.1441120253232373e-6,-5.668752527417368,0.157163309147854,0.017822010329803965,0.4180238964541501,0.13934129881805002
gamma,0.9,pi_0p750_gamma_0p90,γ = 0.9,0.75,0.9,105,96,95,diagnostic_only_hkt_gate_failed,0.3954445900288071,-0.402914361548358,2.474243877684539e-6,-5.606557495688039,0.1539713636518282,0.017463717033087637,0.4095229398562216,0.13650764661874054
gamma,0.9,pi_0p750_gamma_0p90,γ = 0.9,0.75,0.9,105,97,96,diagnostic_only_hkt_gate_failed,0.45508611228870616,-0.3419064175114244,2.847412900673554e-6,-5.545549551651105,0.15082143937170653,0.01710166063442654,0.4011593362118401,0.13371977873728003
gamma,0.9,pi_0p750_gamma_0p90,γ = 0.9,0.75,0.9,105,98,97,diagnostic_only_hkt_gate_failed,0.5223094630665783,-0.2820721056576131,3.268020410027707e-6,-5.485715239797293,0.14771567174351796,0.016736282065435735,0.3929381690342468,0.13097938967808226
gamma,0.9,pi_0p750_gamma_0p90,γ = 0.9,0.75,0.9,105,99,98,diagnostic_only_hkt_gate_failed,0.5978645300457988,-0.22339721152771458,3.740758352624829e-6,-5.427040345667395,0.1446557497457965,0.016368028682054125,0.38486316319122726,0.12828772106374242
gamma,0.9,pi_0p750_gamma_0p90,γ = 0.9,0.75,0.9,105,100,99,diagnostic_only_hkt_gate_failed,0.6825476757217707,-0.16586700790663525,4.270609462021917e-6,-5.369510142046316,0.14164269900655405,0.01599733872315311,0.3769360808502028,0.12564536028340093
gamma,0.9,pi_0p750_gamma_0p90,γ = 0.9,0.75,0.9,105,101,100,diagnostic_only_hkt_gate_failed,0.7772009882818421,-0.10946665582691577,4.862842571311031e-6,-5.313109789966596,0.1386764850674773,0.015624615488852816,0.3691556087358735,0.12305186957862449
gamma,0.9,pi_0p750_gamma_0p90,γ = 0.9,0.75,0.9,105,102,101,diagnostic_only_hkt_gate_failed,0.8827101854835621,-0.054181862113482526,5.522999497966038e-6,-5.257824996253163,0.1357553564554377,0.01525018391741379,0.36151551761407175,0.12050517253802391
gamma,0.9,pi_0p750_gamma_0p90,γ = 0.9,0.75,0.9,105,103,102,diagnostic_only_hkt_gate_failed,1.0,0.0,6.2568661705658825e-6,-5.20364313413968,0.13287465857458616,0.01487421630797296,0.3540013267998396,0.11800044226661319
gamma,0.9,pi_0p750_gamma_0p90,γ = 0.9,0.75,0.9,105,104,103,diagnostic_only_hkt_gate_failed,,,,,0.1300247439700903,0.014496604430043476,0.3465844186201405,0.11552813954004683
gamma,0.9,pi_0p750_gamma_0p90,γ = 0.9,0.75,0.9,105,105,104,diagnostic_only_hkt_gate_failed,,,,,0.12718732387506776,0.014116739250498498,0.3392117538737077,0.11307058462456923
