sweep_kind,sweep_value,case_id,label,pi,gamma,T_max,t,model_t,bound_status,bubble_share_upper,log10_bubble_share_upper,bubble_share_lower,log10_bubble_share_lower,a_t,dividend_yield_d_over_q,switch_term_raw,switch_contribution_weighted
pi,0.7,pi_0p700_gamma_0p25,π = 0.7,0.7,0.25,105,1,0,diagnostic_only_hkt_gate_failed,2.010940733285004e-6,-5.696600728799863,9.641138117600637e-7,-6.01587169545212,0.0,0.0,0.0,0.0
pi,0.7,pi_0p700_gamma_0p25,π = 0.7,0.7,0.25,105,2,1,diagnostic_only_hkt_gate_failed,2.826137110091367e-6,-5.54880677217195,1.354946854806483e-6,-5.868077738824207,0.4053806078484899,0.034595060239586084,0.8651662777541086,0.37078554760890375
pi,0.7,pi_0p700_gamma_0p25,π = 0.7,0.7,0.25,105,3,2,diagnostic_only_hkt_gate_failed,3.956217807603508e-6,-5.402719806549985,1.8967462180801525e-6,-5.721990773202241,0.39986761204080623,0.03424579260503782,0.8531175786834597,0.36562181943576855
pi,0.7,pi_0p700_gamma_0p25,π = 0.7,0.7,0.25,105,4,3,diagnostic_only_hkt_gate_failed,5.514964634742685e-6,-5.258457268171269,2.644062794947696e-6,-5.5777282348235255,0.3939992444661173,0.03391823620229706,0.8401890192822468,0.3600810082638201
pi,0.7,pi_0p700_gamma_0p25,π = 0.7,0.7,0.25,105,5,4,diagnostic_only_hkt_gate_failed,7.653835980612791e-6,-5.116120848811026,3.669510920792064e-6,-5.435391815463283,0.38783047354389705,0.03361156364630498,0.826510789761048,0.3542189098975921
pi,0.7,pi_0p700_gamma_0p25,π = 0.7,0.7,0.25,105,6,5,diagnostic_only_hkt_gate_failed,1.0573080489327987e-5,-4.975798461641808,5.069096649089186e-6,-5.295069428294064,0.3814093372407848,0.0333247576462219,0.8121973523873133,0.3480845795945629
pi,0.7,pi_0p700_gamma_0p25,π = 0.7,0.7,0.25,105,7,6,diagnostic_only_hkt_gate_failed,1.4535636735360713e-5,-4.837565939153493,6.968881731484657e-6,-5.156836905805749,0.37477783792834707,0.03305668004364982,0.7973493683976268,0.34172115788469726
pi,0.7,pi_0p700_gamma_0p25,π = 0.7,0.7,0.25,105,8,7,diagnostic_only_hkt_gate_failed,1.9884355514163618e-5,-4.701488480673893,9.533240573348868e-6,-5.0207594473261485,0.3679727882708522,0.03280612579758977,0.7820555457709455,0.33516666247326243
pi,0.7,pi_0p700_gamma_0p25,π = 0.7,0.7,0.25,105,9,8,diagnostic_only_hkt_gate_failed,2.7063136182012032e-5,-4.567621877079839,1.2974993718486378e-5,-4.886892843732094,0.36102656999544175,0.03257186412587532,0.7663943136956548,0.32845470586956643
pi,0.7,pi_0p700_gamma_0p25,π = 0.7,0.7,0.25,105,10,9,diagnostic_only_hkt_gate_failed,3.664261490540009e-5,-4.436013541596326,1.7567723675073886e-5,-4.7552845082485815,0.3539677980763809,0.032352669377953835,0.7504353002963298,0.3216151286984271
pi,0.7,pi_0p700_gamma_0p25,π = 0.7,0.7,0.25,105,11,10,diagnostic_only_hkt_gate_failed,4.935107543106825e-5,-4.306703378988474,2.3660594596729106e-5,-4.6259743456407305,0.34682187825507166,0.03214734324154066,0.7342405816982389,0.31467453501353104
pi,0.7,pi_0p700_gamma_0p25,π = 0.7,0.7,0.25,105,12,11,diagnostic_only_hkt_gate_failed,6.611126685642178e-5,-4.179724520596079,3.16960039817335e-5,-4.498995487248335,0.3396114730825582,0.03195473050526864,0.7178657326803422,0.30765674257728953
pi,0.7,pi_0p700_gamma_0p25,π = 0.7,0.7,0.25,105,13,12,diagnostic_only_hkt_gate_failed,8.808380126952827e-5,-4.055103951589006,4.223038898692645e-5,-4.374374918241261,0.3323568804213926,0.031773729486731385,0.7013606855142092,0.30058315093466115
pi,0.7,pi_0p700_gamma_0p25,π = 0.7,0.7,0.25,105,14,13,diagnostic_only_hkt_gate_failed,0.00011671776075570297,-3.93286305302662,5.595848915868152e-5,-4.252134019678876,0.3250763372320569,0.03160329815117857,0.6847704245220494,0.29347303908087835
pi,0.7,pi_0p700_gamma_0p25,π = 0.7,0.7,0.25,105,15,14,diagnostic_only_hkt_gate_failed,0.0001538090619836638,-3.813018076409998,7.374132841303057e-5,-4.132289043062254,0.3177862648135885,0.03144245746835385,0.6681355504722141,0.2863438073452347
pi,0.7,pi_0p700_gamma_0p25,π = 0.7,0.7,0.25,105,16,15,diagnostic_only_hkt_gate_failed,0.00020156700167342086,-3.6955805643105264,9.663811921048131e-5,-4.014851530962782,0.31050146898906084,0.031290292292221855,0.6514927456259575,0.279211176696839
pi,0.7,pi_0p700_gamma_0p25,π = 0.7,0.7,0.25,105,17,16,diagnostic_only_hkt_gate_failed,0.00026268923169426564,-3.58055772969437,0.00012594220818400767,-3.899828696346626,0.3032352989993626,0.03114595052233275,0.6348751464464027,0.2720893484770298
pi,0.7,pi_0p700_gamma_0p25,π = 0.7,0.7,0.25,105,18,17,diagnostic_only_hkt_gate_failed,0.0003404451871676758,-3.4679528010106635,0.00016322107442690001,-3.787223767662919,0.29599978260207965,0.031008641178823022,0.618312663320932,0.26499114142325664
pi,0.7,pi_0p700_gamma_0p25,π = 0.7,0.7,0.25,105,19,18,diagnostic_only_hkt_gate_failed,0.000438767711393155,-3.3577653393464857,0.0002103602576180651,-3.6770363059987416,0.28880574004723236,0.03087763153022655,0.6018322532063468,0.2579281085170058
pi,0.7,pi_0p700_gamma_0p25,π = 0.7,0.7,0.25,105,20,19,diagnostic_only_hkt_gate_failed,0.0005623522902099223,-3.24999153183155,0.0002696109343713065,-3.5692624984838055,0.2816628835890569,0.03075224392454061,0.5854581592172047,0.2509106396645163
pi,0.7,pi_0p700_gamma_0p25,π = 0.7,0.7,0.25,105,21,20,diagnostic_only_hkt_gate_failed,0.0007167629298576419,-3.1446244639689533,0.00034364067970541417,-3.463895430621209,0.27457990717896585,0.03063185214835056,0.5692121284047689,0.24394805503061529
pi,0.7,pi_0p700_gamma_0p25,π = 0.7,0.7,0.25,105,22,21,diagnostic_only_hkt_gate_failed,0.000908543288929629,-3.0416543752405065,0.00043558674750601223,-3.360925341892762,0.2675645615630218,0.030515877730197555,0.5531135956099231,0.23704868383282424
pi,0.7,pi_0p700_gamma_0p25,π = 0.7,0.7,0.25,105,23,22,diagnostic_only_hkt_gate_failed,0.0011453312358313563,-2.941068894904784,0.0005491109932918821,-3.2603398615570396,0.26062373668588956,0.030403786273893306,0.5371798842946578,0.23021995041199625
pi,0.7,pi_0p700_gamma_0p25,π = 0.7,0.7,0.25,105,24,23,diagnostic_only_hkt_gate_failed,0.0014359745284363433,-2.84285326361576,0.0006884553350011193,-3.1621242302680157,0.2537635257926227,0.03029508376817326,0.5214263647237152,0.2234684420244494
pi,0.7,pi_0p700_gamma_0p25,π = 0.7,0.7,0.25,105,25,24,diagnostic_only_hkt_gate_failed,0.0017906448626134096,-2.746990538942083,0.0008584964317583976,-3.0662615055943383,0.2469892934405126,0.030189313239391977,0.5058666204692813,0.21679998020112062
pi,0.7,pi_0p700_gamma_0p25,π = 0.7,0.7,0.25,105,26,25,diagnostic_only_hkt_gate_failed,0.002220947090910056,-2.6534617874215862,0.001064798047049778,-2.9727327540738417,0.240305734141291,0.030086051211171996,0.49051259350361087,0.210219682930119
pi,0.7,pi_0p700_gamma_0p25,π = 0.7,0.7,0.25,105,27,26,diagnostic_only_hkt_gate_failed,0.0027400200354062193,-2.562246261546564,0.0013136593818551085,-2.8815172281988195,0.23371693392455745,0.029984904826914016,0.47537473456116786,0.2037320290976434
pi,0.7,pi_0p700_gamma_0p25,π = 0.7,0.7,0.25,105,28,27,diagnostic_only_hkt_gate_failed,0.0033626249835404685,-2.4733215646391424,0.0016121575025758624,-2.792592531291398,0.22722642173744023,0.029885508812684244,0.4604621301577637,0.19734091292475592
pi,0.7,pi_0p700_gamma_0p25,π = 0.7,0.7,0.25,105,29,28,diagnostic_only_hkt_gate_failed,0.004105217743187277,-2.38666380269636,0.0019681818867052585,-2.7059347693486155,0.220837221897085,0.029787522729888754,0.4457826313901246,0.1910496991671963
pi,0.7,pi_0p700_gamma_0p25,π = 0.7,0.7,0.25,105,30,29,diagnostic_only_hkt_gate_failed,0.004986000013652339,-2.3022477246430886,0.0023904590518415837,-2.621518691295344,0.2145519009135981,0.02969062856815368,0.4313429688060369,0.18486127234544442
pi,0.7,pi_0p700_gamma_0p25,π = 0.7,0.7,0.25,105,31,30,diagnostic_only_hkt_gate_failed,0.006024945866311941,-2.2200468508390068,0.0028885652514130046,-2.5393178174912627,0.20837261328015,0.029594528412694887,0.4171488646907285,0.1787780848674551
pi,0.7,pi_0p700_gamma_0p25,π = 0.7,0.7,0.25,105,32,31,diagnostic_only_hkt_gate_failed,0.007243799282480575,-2.140033592002208,0.0034729252942470334,-2.4593045586544635,0.20230113982994768,0.02949894226782711,0.4032051276449479,0.17280219756212056
pi,0.7,pi_0p700_gamma_0p25,π = 0.7,0.7,0.25,105,33,32,diagnostic_only_hkt_gate_failed,0.008666039069602253,-2.0621793573424445,0.004154795724191906,-2.3814503239947,0.19633892818667992,0.0294036061542452,0.38951575140901423,0.16693532203243472
pi,0.7,pi_0p700_gamma_0p25,π = 0.7,0.7,0.25,105,34,33,diagnostic_only_hkt_gate_failed,0.010316807934793993,-1.9864546545252588,0.00494623081554588,-2.3057256211775146,0.19048712473292684,0.029308270239119985,0.3760839938188825,0.16117885449380684
pi,0.7,pi_0p700_gamma_0p25,π = 0.7,0.7,0.25,105,35,34,diagnostic_only_hkt_gate_failed,0.012222803210518869,-1.9128291804071935,0.0058600301832049916,-2.232100147059449,0.18474660842495688,0.02921269731345919,0.3629124592601613,0.15553391111149772
pi,0.7,pi_0p700_gamma_0p25,π = 0.7,0.7,0.25,105,36,35,diagnostic_only_hkt_gate_failed,0.01441212751565476,-1.8412719039807606,0.006909667184468304,-2.1605428706330163,0.17911801960877324,0.029116661202501937,0.35000316961463296,0.1500013584062713
pi,0.7,pi_0p700_gamma_0p25,π = 0.7,0.7,0.25,105,37,36,diagnostic_only_hkt_gate_failed,0.016914098577002996,-1.7717511426271182,0.00810919774096032,-2.0910221092793737,0.17360178492943124,0.02901994542589658,0.33735762550824744,0.14458183950353465
pi,0.7,pi_0p700_gamma_0p25,π = 0.7,0.7,0.25,105,38,37,diagnostic_only_hkt_gate_failed,0.01975901854826906,-1.7042346310872925,0.009473149742255289,-2.023505597739548,0.16819814300562888,0.028922341904452892,0.32497686923607727,0.139275801101176
pi,0.7,pi_0p700_gamma_0p25,π = 0.7,0.7,0.25,105,39,38,diagnostic_only_hkt_gate_failed,0.022977904248414532,-1.6386895846492546,0.011016393712910577,-1.9579605513015104,0.16290716526643761,0.02882364991884905,0.3128615358110399,0.13408351534758856
pi,0.7,pi_0p700_gamma_0p25,π = 0.7,0.7,0.25,105,40,39,diagnostic_only_hkt_gate_failed,0.026602180930752357,-1.5750827570770434,0.01275399599489022,-1.894353723729299,0.15772877470267532,0.028723674909450755,0.30101189951752394,0.12900509979322458
pi,0.7,pi_0p700_gamma_0p25,π = 0.7,0.7,0.25,105,41,40,diagnostic_only_hkt_gate_failed,0.03066334343617672,-1.5133804927720376,0.014701056292826318,-1.8326514594242935,0.15266276535731776,0.02862222762386361,0.28942792137805967,0.12404053773345416
pi,0.7,pi_0p700_gamma_0p25,π = 0.7,0.7,0.25,105,42,41,diagnostic_only_hkt_gate_failed,0.03519258960674746,-1.4535487749226488,0.016872531919945047,-1.7728197415749043,0.14770881655478973,0.02851912327152871,0.27810928432760895,0.119189693283261
pi,0.7,pi_0p700_gamma_0p25,π = 0.7,0.7,0.25,105,43,42,diagnostic_only_hkt_gate_failed,0.04022043196571863,-1.3955532694100734,0.019283051624182097,-1.714824236062329,0.14286650727195116,0.028414180683031438,0.2670554287074792,0.1144523265889197
pi,0.7,pi_0p700_gamma_0p25,π = 0.7,0.7,0.25,105,44,43,diagnostic_only_hkt_gate_failed,0.04577629458795162,-1.3393593646788386,0.021946722314061726,-1.6586303313310944,0.13813532950040033,0.028307221589503332,0.2562655851254263,0.109828107910897
pi,0.7,pi_0p700_gamma_0p25,π = 0.7,0.7,0.25,105,45,44,diagnostic_only_hkt_gate_failed,0.05188810273181344,-1.2849322088226687,0.024876932314183944,-1.6042031754749242,0.1335146979211912,0.0281980699946354,0.24573879849529684,0.10531662792655581
pi,0.7,pi_0p700_gamma_0p25,π = 0.7,0.7,0.25,105,46,45,diagnostic_only_hkt_gate_failed,0.05858187352921267,-1.2322367430950556,0.028086155128019163,-1.5515077097473113,0.1290039613126033,0.028086551714739484,0.2354739557283489,0.10091740959786383
pi,0.7,pi_0p700_gamma_0p25,π = 0.7,0.7,0.25,105,47,46,diagnostic_only_hkt_gate_failed,0.0658813161791095,-1.1812377330661175,0.03158575775699361,-1.5005086997183732,0.12460241044112146,0.02797249367616979,0.22546980578488715,0.09662991676495165
pi,0.7,pi_0p700_gamma_0p25,π = 0.7,0.7,0.25,105,48,47,diagnostic_only_hkt_gate_failed,0.07380745023935635,-1.1318997976006349,0.035385817696533775,-1.4511707642528906,0.12030928524102835,0.027855723614072344,0.21572497712956396,0.092453561626956
pi,0.7,pi_0p700_gamma_0p25,π = 0.7,0.7,0.25,105,49,48,diagnostic_only_hkt_gate_failed,0.08237825049813159,-1.0841874355778964,0.03949495267527751,-1.403458402230152,0.11612378196212263,0.02773606969896843,0.20623799528069314,0.08838771226315423
pi,0.7,pi_0p700_gamma_0p25,π = 0.7,0.7,0.25,105,50,49,diagnostic_only_hkt_gate_failed,0.09160832643674015,-1.0380650507733364,0.04392016697857023,-1.357336017425592,0.11204505901491425,0.027613360144911406,0.1970072973633399,0.08443169887000283
pi,0.7,pi_0p700_gamma_0p25,π = 0.7,0.7,0.25,105,51,50,diagnostic_only_hkt_gate_failed,0.10150864348619168,-0.993496975893294,0.04866671780932862,-1.3127679425455498,0.10807224009586253,0.02748742297631054,0.1880312399456212,0.08058481711955197
pi,0.7,pi_0p700_gamma_0p25,π = 0.7,0.7,0.25,105,52,51,diagnostic_only_hkt_gate_failed,0.1120862928361248,-0.950447494538078,0.05373800492656066,-1.2697184611903338,0.10420442030014922,0.027358085894175613,0.17930811361393836,0.0768463344059736
pi,0.7,pi_0p700_gamma_0p25,π = 0.7,0.7,0.25,105,53,52,diagnostic_only_hkt_gate_failed,0.12334431482976788,-0.9088808631581196,0.059135485974865405,-1.2281518298103753,0.10044066681822371,0.02722517602457815,0.17083614518517293,0.07321549079364556
pi,0.7,pi_0p700_gamma_0p25,π = 0.7,0.7,0.25,105,54,53,diagnostic_only_hkt_gate_failed,0.13528158048426892,-0.868761331551746,0.06485861968122433,-1.1880322982040017,0.09678002322989998,0.02708852006233762,0.16261350739097885,0.06969150316756238
pi,0.7,pi_0p700_gamma_0p25,π = 0.7,0.7,0.25,105,55,54,diagnostic_only_hkt_gate_failed,0.14789273374362638,-0.8300531632077632,0.07090483816907985,-1.1493241298600188,0.0932215103801505,0.026947944034912494,0.15463832147222203,0.06627356634523802
pi,0.7,pi_0p700_gamma_0p25,π = 0.7,0.7,0.25,105,56,55,diagnostic_only_hkt_gate_failed,0.1611681958681142,-0.7927206555937152,0.07726954906277593,-1.111991622245971,0.08976412693473487,0.026803273543971058,0.14690865791178218,0.06296085339076381
pi,0.7,pi_0p700_gamma_0p25,π = 0.7,0.7,0.25,105,57,56,diagnostic_only_hkt_gate_failed,0.17509423219839435,-0.7567281598312717,0.0839461674965588,-1.0759991264835276,0.08640685127279088,0.02665433388952558,0.13942254056095232,0.05975251738326529
pi,0.7,pi_0p700_gamma_0p25,π = 0.7,0.7,0.25,105,58,57,diagnostic_only_hkt_gate_failed,0.18965307943217702,-0.7220401011840001,0.09092617713536368,-1.0413110678362558,0.08314863974095071,0.026500950255188744,0.13217794213344453,0.05664768948576195
pi,0.7,pi_0p700_gamma_0p25,π = 0.7,0.7,0.25,105,59,58,diagnostic_only_hkt_gate_failed,0.20482313087189652,-0.6886209996357832,0.09819921898889074,-1.007891966288039,0.0799884266848646,0.026342948031742558,0.12517278352395136,0.053645478653122025
pi,0.7,pi_0p700_gamma_0p25,π = 0.7,0.7,0.25,105,60,59,diagnostic_only_hkt_gate_failed,0.2205791755853293,-0.6564354907864719,0.10575320607339068,-0.9757064574387275,0.0769251238683933,0.026180153200660323,0.11840493155804359,0.05074497066773297
pi,0.7,pi_0p700_gamma_0p25,π = 0.7,0.7,0.25,105,61,60,diagnostic_only_hkt_gate_failed,0.23689268589923226,-0.6254483479840313,0.1135744612459542,-0.9447193146362871,0.07395761757932695,0.026012392832516485,0.11187219107589107,0.04794522474681047
pi,0.7,pi_0p700_gamma_0p25,π = 0.7,0.7,0.25,105,62,61,diagnostic_only_hkt_gate_failed,0.2537321475726965,-0.5956245046783976,0.1216478755009183,-0.9148954713306534,0.07108476823394741,0.02583949569008737,0.10557230260234006,0.045245272543860036
pi,0.7,pi_0p700_gamma_0p25,π = 0.7,0.7,0.25,105,63,62,diagnostic_only_hkt_gate_failed,0.2710634249333118,-0.5669290785878708,0.12995708302863995,-0.8862000452401263,0.06830540602132318,0.025661292775096076,0.09950293090786319,0.04264411324622709
pi,0.7,pi_0p700_gamma_0p25,π = 0.7,0.7,0.25,105,64,63,diagnostic_only_hkt_gate_failed,0.28885015418698295,-0.5393273962979606,0.13848464978168293,-0.8585983629502162,0.06561832994638465,0.025477618176867944,0.09366166079553898,0.04014071176951671
pi,0.7,pi_0p700_gamma_0p25,π = 0.7,0.7,0.25,105,65,64,diagnostic_only_hkt_gate_failed,0.3070541562572808,-0.5127850196712092,0.14721227140413257,-0.8320559863234649,0.0630223034553539,0.025288309931623898,0.08804598488870331,0.03773399352373
pi,0.7,pi_0p700_gamma_0p25,π = 0.7,0.7,0.25,105,66,65,diagnostic_only_hkt_gate_failed,0.3256358615958807,-0.487267773206735,0.15612097690025867,-0.8065387398589907,0.060516052168433636,0.0250932109065876,0.08265329627764074,0.03542284126184604
pi,0.7,pi_0p700_gamma_0p25,π = 0.7,0.7,0.25,105,67,66,diagnostic_only_hkt_gate_failed,0.3445547383858627,-0.46274177320341187,0.16519133392983276,-0.7820127398556675,0.05809825950146925,0.02489216991265482,0.07748087570723364,0.03320608958881442
pi,0.7,pi_0p700_gamma_0p25,π = 0.7,0.7,0.25,105,68,67,diagnostic_only_hkt_gate_failed,0.36376971681382947,-0.43917345801598223,0.17440365221870244,-0.7584444246682379,0.05576756401024481,0.024685042772904116,0.07252588288712829,0.0310825212373407
pi,0.7,pi_0p700_gamma_0p25,π = 0.7,0.7,0.25,105,69,68,diagnostic_only_hkt_gate_failed,0.3832396015237098,-0.4165296200669049,0.18373818130326064,-0.7358005867191606,0.05352255509450411,0.024471693655076437,0.06778534335866455,0.029050861439427672
pi,0.7,pi_0p700_gamma_0p25,π = 0.7,0.7,0.25,105,70,69,diagnostic_only_hkt_gate_failed,0.40292346587063504,-0.3947774389869901,0.19317529954924753,-0.7140484056392458,0.05136177020502267,0.024251996282936627,0.06325613915153408,0.02710977392208604
pi,0.7,pi_0p700_gamma_0p25,π = 0.7,0.7,0.25,105,71,70,diagnostic_only_hkt_gate_failed,0.42278102141069945,-0.3738845163542107,0.20269569129778714,-0.6931554830064663,0.0492836908794983,0.02402583544477986,0.058934996014343016,0.02525785543471844
pi,0.7,pi_0p700_gamma_0p25,π = 0.7,0.7,0.25,105,72,71,diagnostic_only_hkt_gate_failed,0.4427729577786602,-0.35381891138441307,0.2122805098143891,-0.6730898780366689,0.04728674031122153,0.023793108352100547,0.054818474571282264,0.023493631959120975
pi,0.7,pi_0p700_gamma_0p25,π = 0.7,0.7,0.25,105,73,72,diagnostic_only_hkt_gate_failed,0.4628612480897474,-0.3345491779237791,0.22191152370902892,-0.6538201445760347,0.04536928002980974,0.0235537262641189,0.05090295878661196,0.021815553765690845
pi,0.7,pi_0p700_gamma_0p25,π = 0.7,0.7,0.25,105,74,73,diagnostic_only_hkt_gate_failed,0.4830094169270201,-0.3160444020029936,0.23157124541845792,-0.6353153686552493,0.04352960832306708,0.02330761600977675,0.047184648731010755,0.02022199231329033
pi,0.7,pi_0p700_gamma_0p25,π = 0.7,0.7,0.25,105,75,74,diagnostic_only_hkt_gate_failed,0.5031827680233694,-0.298274240139309,0.24124304036474836,-0.6175452067915647,0.04176595815604439,0.023054721560266132,0.04365955205681594,0.018711236595778263
pi,0.7,pi_0p700_gamma_0p25,π = 0.7,0.7,0.25,105,76,75,diagnostic_only_hkt_gate_failed,0.5233485702926157,-0.28120895791996986,0.2509112161449678,-0.6004799245722255,0.04007649615757472,0.022795005702417086,0.04032347772870114,0.017281490455157634
pi,0.7,pi_0p700_gamma_0p25,π = 0.7,0.7,0.25,105,77,76,diagnostic_only_hkt_gate_failed,0.5434762019195288,-0.2648194683234294,0.26056109161286667,-0.5840904349756851,0.038459322847981176,0.022528451556465653,0.03717203301353621,0.01593087129151552
pi,0.7,pi_0p700_gamma_0p25,π = 0.7,0.7,0.25,105,78,77,diagnostic_only_hkt_gate_failed,0.5635372523970812,-0.24907736981176745,0.2701790457990297,-0.5683483364640232,0.036912472720420586,0.022255064160936092,0.03420061997213048,0.014657408559484495
pi,0.7,pi_0p700_gamma_0p25,π = 0.7,0.7,0.25,105,79,78,diagnostic_only_hkt_gate_failed,0.5835055842968528,-0.23395498329007045,0.2797525475257215,-0.5532259499423261,0.03543391641782971,0.021974871947443735,0.031404437097567274,0.013459044470385977
pi,0.7,pi_0p700_gamma_0p25,π = 0.7,0.7,0.25,105,80,79,diagnostic_only_hkt_gate_failed,0.6033573563030756,-0.2194253878579416,0.28927016645019665,-0.5386963545101973,0.034021563015793656,0.021687928100420535,0.028778481469203948,0.012333634915373122
pi,0.7,pi_0p700_gamma_0p25,π = 0.7,0.7,0.25,105,81,80,diagnostic_only_hkt_gate_failed,0.6230710102903957,-0.20546245475358152,0.2987215668693358,-0.5247334214058372,0.03267326366601475,0.021394311886178595,0.02631755415295103,0.011278951779836158
pi,0.7,pi_0p700_gamma_0p25,π = 0.7,0.7,0.25,105,82,81,diagnostic_only_hkt_gate_failed,0.6426272257737325,-0.19204087892016192,0.3080974858813503,-0.5113118455724176,0.03138681652709592,0.02109412966482251,0.024016269345304625,0.010292686862273413
pi,0.7,pi_0p700_gamma_0p25,π = 0.7,0.7,0.25,105,83,82,diagnostic_only_hkt_gate_failed,0.6620088452612272,-0.1791362078073113,0.31738969759742935,-0.498407174459567,0.03015997254731745,0.020787515910558014,0.021869065485772013,0.009372456636759436
pi,0.7,pi_0p700_gamma_0p25,π = 0.7,0.7,0.25,105,84,83,diagnostic_only_hkt_gate_failed,0.6812007742976245,-0.1667248670614704,0.32659096521911785,-0.48599583371372607,0.028990442006593245,0.02047463383373719,0.019870219069997457,0.008515808172856056
pi,0.7,pi_0p700_gamma_0p25,π = 0.7,0.7,0.25,105,85,84,diagnostic_only_hkt_gate_failed,0.7001898608258093,-0.1547841823731624,0.3356949832001068,-0.47405514902541807,0.027875902736258857,0.020155675888987677,0.018013862643632753,0.007720226847271181
pi,0.7,pi_0p700_gamma_0p25,π = 0.7,0.7,0.25,105,86,85,diagnostic_only_hkt_gate_failed,0.7189647578121118,-0.14329239732622145,0.34469631138410417,-0.4625633639784772,0.026814008652109388,0.019830863974534433,0.016294004247674892,0.006983144677574955
pi,0.7,pi_0p700_gamma_0p25,π = 0.7,0.7,0.25,105,87,86,diagnostic_only_hkt_gate_failed,0.7375157733842036,-0.1322286869152695,0.35359030315581247,-0.45149965356752514,0.02580239903349995,0.019500449274052718,0.014704549438710206,0.006301949759447233
pi,0.7,pi_0p700_gamma_0p25,π = 0.7,0.7,0.25,105,88,87,diagnostic_only_hkt_gate_failed,0.7558347130070301,-0.121573166241166,0.3623730297746693,-0.44084413289342167,0.024838708925189894,0.01916471187082677,0.013239326460180624,0.005673997054363125
pi,0.7,pi_0p700_gamma_0p25,π = 0.7,0.7,0.25,105,89,88,diagnostic_only_hkt_gate_failed,0.7739147173064825,-0.1113068944125075,0.3710412026219657,-0.4305778610647632,0.023920579444575298,0.018823959946079966,0.011892112163155773,0.005096619498495333
pi,0.7,pi_0p700_gamma_0p25,π = 0.7,0.7,0.25,105,90,89,diagnostic_only_hkt_gate_failed,0.79175009933974,-0.10141187346574637,0.37959209518267845,-0.42068284011800205,0.023045668514137373,0.018478528566413983,0.010656659878021243,0.004567139947723391
pi,0.7,pi_0p700_gamma_0p25,π = 0.7,0.7,0.25,105,91,90,diagnostic_only_hkt_gate_failed,0.8093361845906655,-0.09187104231255702,0.3880234663337864,-0.41114200896481273,0.02221166156542431,0.018128778155715747,0.009526727955986641,0.004082883409708561
pi,0.7,pi_0p700_gamma_0p25,π = 0.7,0.7,0.25,105,92,91,diagnostic_only_hkt_gate_failed,0.8266691566025776,-0.0826682657920778,0.39633348633533894,-0.4019392324443335,0.02141628206167322,0.0177750923888815,0.008496109236514013,0.0036411896727917207
pi,0.7,pi_0p700_gamma_0p25,π = 0.7,0.7,0.25,105,93,92,diagnostic_only_hkt_gate_failed,0.8437459104051813,-0.07378831915975395,0.40452066655830926,-0.39305928581200966,0.02065730125070265,0.017417875575018334,0.007558659909930064,0.003239425675684314
pi,0.7,pi_0p700_gamma_0p25,π = 0.7,0.7,0.25,105,94,93,diagnostic_only_hkt_gate_failed,0.8605639154261305,-0.06521686840901579,0.41258379375970616,-0.3844878350612715,0.019932547006803192,0.017057549348360387,0.006708327869699876,0.002874997658442805
pi,0.7,pi_0p700_gamma_0p25,π = 0.7,0.7,0.25,105,95,94,diagnostic_only_hkt_gate_failed,0.8771210889591213,-0.056940446957081566,0.42052186941884706,-0.37621141360933724,0.019239911453633424,0.01669454845659353,0.005939180326426414,0.0025453629970398923
pi,0.7,pi_0p700_gamma_0p25,π = 0.7,0.7,0.25,105,96,95,diagnostic_only_hkt_gate_failed,0.8934156800236435,-0.048946429647942956,0.4283340540557482,-0.3682173963001986,0.018577356387427454,0.01632931532498865,0.005245429145690544,0.002248041062438805
pi,0.7,pi_0p700_gamma_0p25,π = 0.7,0.7,0.25,105,97,96,diagnostic_only_hkt_gate_failed,0.9094461627662876,-0.04122300512778409,0.43601961612406315,-0.3604939717800398,0.017942916271874658,0.01596229285211545,0.0046214546461048125,0.0019806234197592056
pi,0.7,pi_0p700_gamma_0p25,π = 0.7,0.7,0.25,105,98,97,diagnostic_only_hkt_gate_failed,0.9252111367515674,-0.03375914827426438,0.4435778842070898,-0.3530301149265201,0.017334697347369074,0.015593914598866847,0.004061826413171858,0.0017407827485022252
pi,0.7,pi_0p700_gamma_0p25,π = 0.7,0.7,0.25,105,99,98,diagnostic_only_hkt_gate_failed,0.9407092296780761,-0.026544594915647722,0.4510082003765671,-0.3458155615679034,0.01675087156962119,0.01522459104309384,0.003561321228563817,0.0015262805265273505
pi,0.7,pi_0p700_gamma_0p25,π = 0.7,0.7,0.25,105,100,99,diagnostic_only_hkt_gate_failed,0.9559389952202166,-0.019569822038326107,0.45830987121450334,-0.33884078869058176,0.01618966314102436,0.014854689829538118,0.0031149377268012268,0.0013349733114862404
pi,0.7,pi_0p700_gamma_0p25,π = 0.7,0.7,0.25,105,101,100,diagnostic_only_hkt_gate_failed,0.9708987945170053,-0.01282603813888494,0.4654821109948531,-0.3320970047911406,0.01564932424724699,0.014484506810475552,0.0027179073524666894,0.0011648174367714385
pi,0.7,pi_0p700_gamma_0p25,π = 0.7,0.7,0.25,105,102,101,diagnostic_only_hkt_gate_failed,0.9855866436052566,-0.0063051905772138015,0.47252396853776435,-0.3255761572294695,0.015128094886097822,0.014114222955293807,0.002365701171876035,0.0010138719308040152
pi,0.7,pi_0p700_gamma_0p25,π = 0.7,0.7,0.25,105,103,102,diagnostic_only_hkt_gate_failed,1.0,0.0,0.47943422488892595,-0.3192709666522557,0.01462413932682735,0.013743839630956553,0.002054032623698525,0.0008802996958707966
pi,0.7,pi_0p700_gamma_0p25,π = 0.7,0.7,0.25,105,104,103,diagnostic_only_hkt_gate_failed,,,,,0.014135447715796426,0.013373080990817486,0.001778855691617527,0.0007623667249789403
pi,0.7,pi_0p700_gamma_0p25,π = 0.7,0.7,0.25,105,105,104,diagnostic_only_hkt_gate_failed,,,,,0.013659686252204081,0.01300124687316064,0.0015363585511013603,0.0006584393790434403
pi,0.75,pi_0p750_gamma_0p25,π = 0.75 (AHP),0.75,0.25,105,1,0,diagnostic_only_hkt_gate_failed,1.7785104607545055e-5,-4.749943576058972,8.989635542721406e-6,-5.046257915051361,0.0,0.0,0.0,0.0
pi,0.75,pi_0p750_gamma_0p25,π = 0.75 (AHP),0.75,0.25,105,2,1,diagnostic_only_hkt_gate_failed,2.35067910003959e-5,-4.628806653986179,1.1881711608422843e-5,-4.9251209929785675,0.32171227097666283,0.034516507897378354,0.8615872892378535,0.2871957630792845
pi,0.75,pi_0p750_gamma_0p25,π = 0.75 (AHP),0.75,0.25,105,3,2,diagnostic_only_hkt_gate_failed,3.0968662654259114e-5,-4.509077548741247,1.565337942342893e-5,-4.805391887733635,0.3174347214699583,0.03418103139152066,0.8497610702353129,0.2832536900784376
pi,0.75,pi_0p750_gamma_0p25,π = 0.75 (AHP),0.75,0.25,105,4,3,diagnostic_only_hkt_gate_failed,4.065832962343135e-5,-4.390850467562905,2.0551105723349072e-5,-4.687164806555295,0.3128861932899636,0.033865469273928625,0.8370621720481048,0.27902072401603495
pi,0.75,pi_0p750_gamma_0p25,π = 0.75 (AHP),0.75,0.25,105,5,4,diagnostic_only_hkt_gate_failed,5.318547170171114e-5,-4.274206984649852,2.6883058453492135e-5,-4.57052132364224,0.30810764225445325,0.03356913999174632,0.8236155067881211,0.27453850226270704
pi,0.75,pi_0p750_gamma_0p25,π = 0.75 (AHP),0.75,0.25,105,6,5,diagnostic_only_hkt_gate_failed,6.930785536757632e-5,-4.1592175395663755,3.503225725969801e-5,-4.455531878558765,0.3031351072015875,0.0332911802250905,0.809531780929491,0.26984392697649695
pi,0.75,pi_0p750_gamma_0p25,π = 0.75 (AHP),0.75,0.25,105,7,6,diagnostic_only_hkt_gate_failed,8.996161540549749e-5,-4.0459427547104525,4.547187959675008e-5,-4.342257093702841,0.2980002761358488,0.03303060591340973,0.7949090106673173,0.2649696702224391
pi,0.75,pi_0p750_gamma_0p25,π = 0.75 (AHP),0.75,0.25,105,8,7,diagnostic_only_hkt_gate_failed,0.00011629617311801738,-3.934434576080431,5.878291044184753e-5,-4.2307489150728195,0.2927310452776793,0.03278636107001441,0.7798340526229945,0.2599446842076648
pi,0.75,pi_0p750_gamma_0p25,π = 0.75 (AHP),0.75,0.25,105,9,8,diagnostic_only_hkt_gate_failed,0.0001497141143318153,-3.8247372545168603,7.567429897901058e-5,-4.121051593509249,0.28735202816936567,0.03255735521051495,0.7643840188765522,0.2547946729588507
pi,0.75,pi_0p750_gamma_0p25,π = 0.75 (AHP),0.75,0.25,105,10,9,diagnostic_only_hkt_gate_failed,0.00019191628046089158,-3.716888182041912,9.700575026846943e-5,-4.013202521034301,0.2818850201093428,0.03234249237409751,0.7486275832057357,0.24954252773524524
pi,0.75,pi_0p750_gamma_0p25,π = 0.75 (AHP),0.75,0.25,105,11,10,diagnostic_only_hkt_gate_failed,0.00024495222844792415,-3.610918605204448,0.00012381323066214045,-3.9072329441968368,0.27634939495318095,0.032140692347937684,0.7326261078157296,0.2442087026052432
pi,0.75,pi_0p750_gamma_0p25,π = 0.75 (AHP),0.75,0.25,105,12,11,diagnostic_only_hkt_gate_failed,0.00031127609240247714,-3.5068542340762408,0.00015733720355367624,-3.8031685730686298,0.27076244366012414,0.03195090606352405,0.7164346127898001,0.23881153759660004
pi,0.75,pi_0p750_gamma_0p25,π = 0.75 (AHP),0.75,0.25,105,13,12,diagnostic_only_hkt_gate_failed,0.00039380772896312937,-3.4047157645485897,0.00019905353583264706,-3.7010301035409783,0.26513965760640373,0.03177212633928963,0.7001025938013423,0.2333675312671141
pi,0.75,pi_0p750_gamma_0p25,π = 0.75 (AHP),0.75,0.25,105,14,13,diagnostic_only_hkt_gate_failed,0.0004959988508189207,-3.3045193297266966,0.000250706925647159,-3.600833668719085,0.2594949624905897,0.031603394816300416,0.6836747030228679,0.2278915676742893
pi,0.75,pi_0p750_gamma_0p25,π = 0.75 (AHP),0.75,0.25,105,15,14,diagnostic_only_hkt_gate_failed,0.000621903647979948,-3.2062768956821914,0.0003143465985382439,-3.5025912346745804,0.25384090498022677,0.03144380591057255,0.6671912972089626,0.2223970990696542
pi,0.75,pi_0p750_gamma_0p25,π = 0.75 (AHP),0.75,0.25,105,16,15,diagnostic_only_hkt_gate_failed,0.0007762531740600673,-3.1099966110035058,0.00039236390663231074,-3.406310949995895,0.24818880960334191,0.031292508604239246,0.6506889029973082,0.21689630099910273
pi,0.75,pi_0p750_gamma_0p25,π = 0.75 (AHP),0.75,0.25,105,17,16,diagnostic_only_hkt_gate_failed,0.000964532531867017,-3.0156831198375493,0.00048753134276783243,-3.3119974588299383,0.2425489055615509,0.03114870671128494,0.6342005965507977,0.2114001988502659
pi,0.75,pi_0p750_gamma_0p25,π = 0.75 (AHP),0.75,0.25,105,18,17,diagnostic_only_hkt_gate_failed,0.0011930596395548284,-2.923337845950637,0.0006030423535309704,-3.2196521849430257,0.23693043016958526,0.031011657715885644,0.6177563173610987,0.20591877245369955
pi,0.75,pi_0p750_gamma_0p25,π = 0.75 (AHP),0.75,0.25,105,19,18,diagnostic_only_hkt_gate_failed,0.0014690641087318221,-2.8329592515474142,0.0007425512088801178,-3.1292735905398033,0.2313417200836505,0.030880670984790845,0.6013831472965789,0.20046104909885964
pi,0.75,pi_0p750_gamma_0p25,π = 0.75 (AHP),0.75,0.25,105,20,19,diagnostic_only_hkt_gate_failed,0.0018007645112467763,-2.7445430768267087,0.0009102120573138356,-3.0408574158190977,0.22579028412946292,0.03075510518041532,0.5851055368471427,0.19503517894904757
pi,0.75,pi_0p750_gamma_0p25,π = 0.75 (AHP),0.75,0.25,105,21,20,diagnostic_only_hkt_gate_failed,0.0021974420909523533,-2.6580825610374554,0.0011107161841216783,-2.954396900029844,0.22028287276215427,0.030634365398238085,0.5689455220917488,0.18964850736391625
pi,0.75,pi_0p750_gamma_0p25,π = 0.75 (AHP),0.75,0.25,105,22,21,diagnostic_only_hkt_gate_failed,0.0026695087593563696,-2.573568649769962,0.001349326380376498,-2.869882988762351,0.21482553299023513,0.03051790029965762,0.5529228980717327,0.18430763269057754
pi,0.75,pi_0p750_gamma_0p25,π = 0.75 (AHP),0.75,0.25,105,23,22,diagnostic_only_hkt_gate_failed,0.0032285670769999506,-2.4909901862231956,0.0016319072610428214,-2.787304525215584,0.20942366856229114,0.03040519878417294,0.5370554093343546,0.1790184697781182
pi,0.75,pi_0p750_gamma_0p25,π = 0.75 (AHP),0.75,0.25,105,24,23,diagnostic_only_hkt_gate_failed,0.003887459782078679,-2.410334090958457,0.0019649502996484398,-2.706648429950846,0.2040820863759117,0.0302957869550975,0.5213588982624426,0.1737862994208142
pi,0.75,pi_0p750_gamma_0p25,π = 0.75 (AHP),0.75,0.25,105,25,24,diagnostic_only_hkt_gate_failed,0.004660306398754267,-2.331585529036654,0.002355592332273395,-2.6278998680290426,0.19880504493922724,0.030189225139899564,0.505847459397983,0.16861581979932766
pi,0.75,pi_0p750_gamma_0p25,π = 0.75 (AHP),0.75,0.25,105,26,25,diagnostic_only_hkt_gate_failed,0.005562524463156847,-2.25472806604415,0.0028116262864171307,-2.5510424050365392,0.19359629758329805,0.03008510487358866,0.4905335781291281,0.16351119270970937
pi,0.75,pi_0p750_gamma_0p25,π = 0.75 (AHP),0.75,0.25,105,27,26,diagnostic_only_hkt_gate_failed,0.006610833005804154,-2.179743813278268,0.003341502941217506,-2.476058152270657,0.18845913390417154,0.029983046089943375,0.4754282634426846,0.15847608781422817
pi,0.75,pi_0p750_gamma_0p25,π = 0.75 (AHP),0.75,0.25,105,28,27,diagnostic_only_hkt_gate_failed,0.00782323610489782,-2.1066135625691422,0.003954322614321606,-2.4029279015615312,0.18339641888234082,0.029882694574512814,0.46054117292348407,0.153513724307828
pi,0.75,pi_0p750_gamma_0p25,π = 0.75 (AHP),0.75,0.25,105,29,28,diagnostic_only_hkt_gate_failed,0.009218984591100736,-2.0353169109167366,0.004659815805232968,-2.3316312499091256,0.17841063052271855,0.029783719487170388,0.44588073310664456,0.14862691103554818
pi,0.75,pi_0p750_gamma_0p25,π = 0.75 (AHP),0.75,0.25,105,30,29,diagnostic_only_hkt_gate_failed,0.010818514300379466,-1.965832376516836,0.005468311984674655,-2.2621467155092247,0.1735038922640989,0.029685811014835875,0.43145424374778907,0.143818081249263
pi,0.75,pi_0p750_gamma_0p25,π = 0.75 (AHP),0.75,0.25,105,31,30,diagnostic_only_hkt_gate_failed,0.012643359733760793,-1.8981375051715255,0.006390695953163556,-2.1944518441639143,0.16867800723037538,0.0295886782919149,0.4172679868153815,0.1390893289384605
pi,0.75,pi_0p750_gamma_0p25,π = 0.75 (AHP),0.75,0.25,105,32,31,diagnostic_only_hkt_gate_failed,0.014716042411432618,-1.8322089692083599,0.007438351408621321,-2.128523308200749,0.16393448587381895,0.029492047360582065,0.40332731553971074,0.1344424385132369
pi,0.75,pi_0p750_gamma_0p25,π = 0.75 (AHP),0.75,0.25,105,33,32,diagnostic_only_hkt_gate_failed,0.017059933829725895,-1.768022657660913,0.008623091676791012,-2.064336996653302,0.1592745761912423,0.02939565943518628,0.389636750268168,0.129878916756056
pi,0.75,pi_0p750_gamma_0p25,π = 0.75 (AHP),0.75,0.25,105,34,33,diagnostic_only_hkt_gate_failed,0.019699093435067882,-1.7055537598895187,0.009957077813764974,-2.0018680988819075,0.154699287329205,0.029299269156179805,0.37620005451907557,0.12540001817302518
pi,0.75,pi_0p750_gamma_0p25,π = 0.75 (AHP),0.75,0.25,105,35,34,diagnostic_only_hkt_gate_failed,0.022658082731944074,-1.6447768417879234,0.011452724645240213,-1.9410911807803124,0.15020941479513308,0.029202643154410683,0.3630203149221671,0.12100677164072235
pi,0.75,pi_0p750_gamma_0p25,π = 0.75 (AHP),0.75,0.25,105,36,35,diagnostic_only_hkt_gate_failed,0.025961757206813717,-1.5856659159011115,0.013122595592654851,-1.8819802548935003,0.14580556148345336,0.029105558474814205,0.35010000902591737,0.11670000300863911
pi,0.75,pi_0p750_gamma_0p25,π = 0.75 (AHP),0.75,0.25,105,37,36,diagnostic_only_hkt_gate_failed,0.02963503838631988,-1.528194505882155,0.0149792874580313,-1.8245088448745441,0.1414881569935532,0.029007801360789832,0.33744106689829007,0.11248035563276335
pi,0.75,pi_0p750_gamma_0p25,π = 0.75 (AHP),0.75,0.25,105,38,37,diagnostic_only_hkt_gate_failed,0.03370266901681854,-1.4723357046664267,0.017035306677343633,-1.7686500436588157,0.13725747803911595,0.028909166149582246,0.3250449356686012,0.10834831188953373
pi,0.75,pi_0p750_gamma_0p25,π = 0.75 (AHP),0.75,0.25,105,39,38,diagnostic_only_hkt_gate_failed,0.03818895471142085,-1.418062228750921,0.019302938733771924,-1.7143765677433098,0.133113662077135,0.028809453990582747,0.3129126242596567,0.10430420808655223
pi,0.75,pi_0p750_gamma_0p25,π = 0.75 (AHP),0.75,0.25,105,40,39,diagnostic_only_hkt_gate_failed,0.0431174961078677,-1.3653464671652393,0.021794112774574385,-1.6616608061576281,0.1290567242201292,0.028708471991093137,0.3010447566871082,0.10034825222903605
pi,0.75,pi_0p750_gamma_0p25,π = 0.75 (AHP),0.75,0.25,105,41,40,diagnostic_only_hkt_gate_failed,0.04851091585489928,-1.3141605260959663,0.024520263613977463,-1.6104748650883554,0.12508657120392094,0.02860603229110384,0.2894416167384513,0.0964805389128171
pi,0.75,pi_0p750_gamma_0p25,π = 0.75 (AHP),0.75,0.25,105,42,41,diagnostic_only_hkt_gate_failed,0.05439058497696361,-1.2644762702728753,0.02749219342184195,-1.5607906092652641,0.12120301211486065,0.02850195117932012,0.2781031828066216,0.09270106093554054
pi,0.75,pi_0p750_gamma_0p25,π = 0.75 (AHP),0.75,0.25,105,43,42,diagnostic_only_hkt_gate_failed,0.060776353490610724,-1.2162653606301108,0.030719935561380435,-1.5125796996224996,0.11740577006759031,0.028396048335136176,0.26702916519736253,0.08900972173245417
pi,0.75,pi_0p750_gamma_0p25,π = 0.75 (AHP),0.75,0.25,105,44,43,diagnostic_only_hkt_gate_failed,0.0676862901962778,-1.1694992884058764,0.03421262306465593,-1.4658136273982652,0.11369449315077092,0.028288146206882744,0.2562190408316645,0.08540634694388817
pi,0.75,pi_0p750_gamma_0p25,π = 0.75 (AHP),0.75,0.25,105,45,44,diagnostic_only_hkt_gate_failed,0.0751364363431069,-1.1241494069998894,0.03797836412032513,-1.4204637459922784,0.11006876171267563,0.028178069350978153,0.24567207708509242,0.08189069236169746
pi,0.75,pi_0p750_gamma_0p25,π = 0.75 (AHP),0.75,0.25,105,46,45,diagnostic_only_hkt_gate_failed,0.08314057790644665,-1.0801869610577501,0.042024126969324456,-1.376501300050139,0.10652809679167127,0.028065643868963368,0.23538735876812367,0.07846245292270788
pi,0.75,pi_0p750_gamma_0p25,π = 0.75 (AHP),0.75,0.25,105,47,46,diagnostic_only_hkt_gate_failed,0.09171004087921848,-1.0375831129699606,0.0463556364331138,-1.3338974519623494,0.10307196784721143,0.027950696942167993,0.22536381271513029,0.07512127090504342
pi,0.75,pi_0p750_gamma_0p25,π = 0.75 (AHP),0.75,0.25,105,48,47,diagnostic_only_hkt_gate_failed,0.1008535134123849,-0.9963089677632321,0.05097728401303184,-1.2926233067556208,0.09969979781394167,0.027833056433331782,0.21560022414182972,0.0718667413806099
pi,0.75,pi_0p750_gamma_0p25,π = 0.75 (AHP),0.75,0.25,105,49,48,diagnostic_only_hkt_gate_failed,0.1105768983327651,-0.9563355961286693,0.05589205334414552,-1.252649935121058,0.09641096865531844,0.027712550458340365,0.20609525459093422,0.06869841819697807
pi,0.75,pi_0p750_gamma_0p25,π = 0.75 (AHP),0.75,0.25,105,50,49,diagnostic_only_hkt_gate_failed,0.12088319900038948,-0.9176340555367215,0.06110146250085884,-1.2139483945291103,0.09320482689439394,0.027589007127910983,0.19684745929944886,0.06561581976648295
pi,0.75,pi_0p750_gamma_0p25,π = 0.75 (AHP),0.75,0.25,105,51,50,diagnostic_only_hkt_gate_failed,0.1317724404820603,-0.8801754106684065,0.06660552415340465,-1.1764897496607953,0.09008068591596201,0.027462254257759933,0.1878552949746062,0.06261843165820206
pi,0.75,pi_0p750_gamma_0p25,π = 0.75 (AHP),0.75,0.25,105,52,51,diagnostic_only_hkt_gate_failed,0.14324162786215097,-0.8439307521146705,0.07240272449567617,-1.1402450911070592,0.08703783080994179,0.027332119185648596,0.17911713487287956,0.05970571162429318
pi,0.75,pi_0p750_gamma_0p25,π = 0.75 (AHP),0.75,0.25,105,53,52,diagnostic_only_hkt_gate_failed,0.15528474226013944,-0.808871214443742,0.07849002123225471,-1.1051855534361308,0.0840755203478851,0.02719842875658333,0.1706312747739053,0.05687709159130176
pi,0.75,pi_0p750_gamma_0p25,π = 0.75 (AHP),0.75,0.25,105,54,53,diagnostic_only_hkt_gate_failed,0.16789277460049948,-0.7749679936692994,0.0848628606476944,-1.0712823326616883,0.08119298880786713,0.027061009102498895,0.1623959391161047,0.05413197970536823
pi,0.75,pi_0p750_gamma_0p25,π = 0.75 (AHP),0.75,0.25,105,55,54,diagnostic_only_hkt_gate_failed,0.18105379664695992,-0.7421923637189043,0.09151521351140535,-1.038506702711293,0.07838944872867251,0.02691968575532997,0.15440928892002764,0.05146976297334255
pi,0.75,pi_0p750_gamma_0p25,π = 0.75 (AHP),0.75,0.25,105,56,55,diagnostic_only_hkt_gate_failed,0.19475306756503244,-0.7105156930080324,0.09843962894060836,-1.006830032000421,0.0756640908491138,0.02677428374148345,0.14666942132289104,0.04888980710763034
pi,0.75,pi_0p750_gamma_0p25,π = 0.75 (AHP),0.75,0.25,105,57,56,diagnostic_only_hkt_gate_failed,0.20897317425663578,-0.6799094603963756,0.10562730533368934,-0.9762237993887645,0.07301608580237096,0.02662462766432023,0.13917437441415223,0.04639145813805074
pi,0.75,pi_0p750_gamma_0p25,π = 0.75 (AHP),0.75,0.25,105,58,57,diagnostic_only_hkt_gate_failed,0.22369420249892222,-0.6503452714033878,0.11306817687380513,-0.9466596103957766,0.0704445835914223,0.02647054200360165,0.131922124763462,0.04397404158782066
pi,0.75,pi_0p750_gamma_0p25,π = 0.75 (AHP),0.75,0.25,105,59,58,diagnostic_only_hkt_gate_failed,0.23889393581297236,-0.6217948744292339,0.12075101404879166,-0.9181092134216228,0.06794871366468865,0.026311851377952424,0.12491058686020866,0.041636862286736215
pi,0.75,pi_0p750_gamma_0p25,π = 0.75 (AHP),0.75,0.25,105,60,59,diagnostic_only_hkt_gate_failed,0.2545480784761056,-0.5942301770017123,0.12866353637467293,-0.8905445159941012,0.06552758490859605,0.02614838094265473,0.11813761189782397,0.03937920396594132
pi,0.75,pi_0p750_gamma_0p25,π = 0.75 (AHP),0.75,0.25,105,61,60,diagnostic_only_hkt_gate_failed,0.2706304983720322,-0.5676232626965533,0.13679253514637868,-0.8639376016889421,0.06318028402416806,0.025979956956796137,0.11160098120211574,0.03720032706737191
pi,0.75,pi_0p750_gamma_0p25,π = 0.75 (AHP),0.75,0.25,105,62,61,diagnostic_only_hkt_gate_failed,0.2871134857173837,-0.5419464082171971,0.1451240042133156,-0.838260747209586,0.06090587514897375,0.025806407268304535,0.10529840364200767,0.03509946788066922
pi,0.75,pi_0p750_gamma_0p25,π = 0.75 (AHP),0.75,0.25,105,63,62,diagnostic_only_hkt_gate_failed,0.3039680227484833,-0.5171721015041907,0.15364327629488705,-0.8134864404965796,0.05870339733080358,0.025627561986369434,0.09922750603330244,0.033075835344434146
pi,0.75,pi_0p750_gamma_0p25,π = 0.75 (AHP),0.75,0.25,105,64,63,diagnostic_only_hkt_gate_failed,0.32116406039874473,-0.49327306004278176,0.16233516282948665,-0.7895873990351706,0.056571864022980464,0.025443254289878012,0.09338582919930738,0.03112860973310246
pi,0.75,pi_0p750_gamma_0p25,π = 0.75 (AHP),0.75,0.25,105,65,64,diagnostic_only_hkt_gate_failed,0.3386707968902704,-0.47022225034740434,0.17118409479104008,-0.7665365893397933,0.054510260176029536,0.02525332130568886,0.08777081661102203,0.029256938870340674
pi,0.75,pi_0p750_gamma_0p25,π = 0.75 (AHP),0.75,0.25,105,66,65,diagnostic_only_hkt_gate_failed,0.3564569543209531,-0.4479929079709003,0.18017426249235752,-0.7443072469632892,0.05251754090992806,0.025057605004045583,0.08237980771764743,0.027459935905882474
pi,0.75,pi_0p750_gamma_0p25,π = 0.75 (AHP),0.75,0.25,105,67,66,diagnostic_only_hkt_gate_failed,0.3744910486279304,-0.4265585586800188,0.18928975204050538,-0.7228728976724077,0.05059262861439223,0.024855953327346275,0.07721002586113788,0.02573667528704596
pi,0.75,pi_0p750_gamma_0p25,π = 0.75 (AHP),0.75,0.25,105,68,67,diagnostic_only_hkt_gate_failed,0.39274164945079354,-0.4058930402434204,0.1985146766869215,-0.7022073792358092,0.04873441138240847,0.02464822128727461,0.0722585702854016,0.024086190095133866
pi,0.75,pi_0p750_gamma_0p25,π = 0.75 (AHP),0.75,0.25,105,69,68,diagnostic_only_hkt_gate_failed,0.4111776258571254,-0.385970525411507,0.2078333010315219,-0.6822848644038959,0.04694174002709574,0.024434272252524366,0.06752240332371416,0.022507467774571386
pi,0.75,pi_0p750_gamma_0p25,π = 0.75 (AHP),0.75,0.25,105,70,69,diagnostic_only_hkt_gate_failed,0.42976837531081735,-0.36676554541348755,0.21723015675672455,-0.6630798844058764,0.04521342671537239,0.0242139792955475,0.06299834225947465,0.02099944741982488
pi,0.75,pi_0p750_gamma_0p25,π = 0.75 (AHP),0.75,0.25,105,71,70,diagnostic_only_hkt_gate_failed,0.44848403255623537,-0.3482530145957239,0.2266901482097647,-0.6445673535881128,0.04354824207779942,0.023987226594435064,0.058683046450093077,0.019561015483364357
pi,0.75,pi_0p750_gamma_0p25,π = 0.75 (AHP),0.75,0.25,105,72,71,diagnostic_only_hkt_gate_failed,0.46729565678596113,-0.3304082554461691,0.23619864700825474,-0.6267225944385579,0.04194491411991792,0.023753910926187616,0.054573009581190914,0.018191003193730303
pi,0.75,pi_0p750_gamma_0p25,π = 0.75 (AHP),0.75,0.25,105,73,72,diagnostic_only_hkt_gate_failed,0.4861753947526625,-0.31320702450038823,0.24574157448649536,-0.6095213634927771,0.040402125918642964,0.02351394320642022,0.05066454813666825,0.016888182712222748
pi,0.75,pi_0p750_gamma_0p25,π = 0.75 (AHP),0.75,0.25,105,74,73,diagnostic_only_hkt_gate_failed,0.5050966191909707,-0.29662553838058175,0.25530547166201517,-0.5929398773729706,0.03891851509255051,0.023267250108044295,0.046953794953518646,0.015651264984506214
pi,0.75,pi_0p750_gamma_0p25,π = 0.75 (AHP),0.75,0.25,105,75,74,diagnostic_only_hkt_gate_failed,0.5240340413758137,-0.2806405002271963,0.26487755612915753,-0.5769548392195851,0.03749267262009319,0.0230137756254148,0.043436690984035166,0.014478896994678388
pi,0.75,pi_0p750_gamma_0p25,π = 0.75 (AHP),0.75,0.25,105,76,75,diagnostic_only_hkt_gate_failed,0.5429637977578545,-0.2652291261351552,0.2744457658497155,-0.561543465127544,0.03612314255833882,0.0227534827573691,0.04010897940290916,0.01336965980096972
pi,0.75,pi_0p750_gamma_0p25,π = 0.75 (AHP),0.75,0.25,105,77,76,diagnostic_only_hkt_gate_failed,0.5618635111715801,-0.25036917116438373,0.28399879009109086,-0.5466835101567726,0.03480842275630712,0.022486355075237958,0.03696620304320747,0.012322067681069155
pi,0.75,pi_0p750_gamma_0p25,π = 0.75 (AHP),0.75,0.25,105,78,77,diagnostic_only_hkt_gate_failed,0.5807123269234709,-0.236038954992986,0.293526087667374,-0.5323532939853748,0.03354696536991325,0.02221239831110943,0.03400370117641146,0.01133456705880382
pi,0.75,pi_0p750_gamma_0p25,π = 0.75 (AHP),0.75,0.25,105,79,78,diagnostic_only_hkt_gate_failed,0.5994909253557198,-0.2222173865397187,0.30301789328978346,-0.5185317255321076,0.03233717894664854,0.02193164182193447,0.031216611374142195,0.010405537124714065
pi,0.75,pi_0p750_gamma_0p25,π = 0.75 (AHP),0.75,0.25,105,80,79,diagnostic_only_hkt_gate_failed,0.6181815121105037,-0.20888398747791143,0.3124652126456586,-0.5051983264703003,0.031177430657008634,0.021644139984589056,0.02859987201725873,0.009533290672419576
pi,0.75,pi_0p750_gamma_0p25,π = 0.75 (AHP),0.75,0.25,105,81,80,diagnostic_only_hkt_gate_failed,0.6367677880534068,-0.19601891421588202,0.32185980719599183,-0.49233325320827087,0.03006604949968282,0.02134997352431655,0.02614822792609881,0.008716075975366269
pi,0.75,pi_0p750_gamma_0p25,π = 0.75 (AHP),0.75,0.25,105,82,81,diagnostic_only_hkt_gate_failed,0.655234901092559,-0.18360297793227567,0.3311941698219944,-0.4799173169246646,0.029001330446701605,0.021049250534677027,0.023856239736073738,0.007952079912024578
pi,0.75,pi_0p750_gamma_0p25,π = 0.75 (AHP),0.75,0.25,105,83,82,diagnostic_only_hkt_gate_failed,0.6735693821327985,-0.17161766241248605,0.3404614924525719,-0.4679320014048749,0.027981539154382833,0.020742107445651515,0.021718295126193946,0.007239431708731315
pi,0.75,pi_0p750_gamma_0p25,π = 0.75 (AHP),0.75,0.25,105,84,83,diagnostic_only_hkt_gate_failed,0.6917590676657801,-0.16004513936243245,0.3496556269368215,-0.45635947835482127,0.027004917407892817,0.020428709732418292,0.019728623026423572,0.006576207675474524
pi,0.75,pi_0p750_gamma_0p25,π = 0.75 (AHP),0.75,0.25,105,85,84,diagnostic_only_hkt_gate_failed,0.7097930117647883,-0.1488682807941894,0.35877104056104714,-0.4451826197865783,0.026069689494437026,0.02010925230726234,0.017881311561524053,0.0059604371871746845
pi,0.75,pi_0p750_gamma_0p25,π = 0.75 (AHP),0.75,0.25,105,86,85,diagnostic_only_hkt_gate_failed,0.7276613899895774,-0.13807066830972375,0.36780276747662616,-0.43438500730211266,0.025174068959008505,0.0197839597371352,0.016170327665619915,0.005390109221873305
pi,0.75,pi_0p750_gamma_0p25,π = 0.75 (AHP),0.75,0.25,105,87,86,diagnostic_only_hkt_gate_failed,0.7453553979026974,-0.12763659900409,0.37674635740420515,-0.42395093799647887,0.024316265994782947,0.019453086089798642,0.01458953971495291,0.004863179904984303
pi,0.75,pi_0p750_gamma_0p25,π = 0.75 (AHP),0.75,0.25,105,88,87,diagnostic_only_hkt_gate_failed,0.7628671466083224,-0.1175510878886692,0.3855978228328935,-0.4138654268810581,0.02349449504880497,0.01911691444085691,0.013132741823844185,0.0043775806079480615
pi,0.75,pi_0p750_gamma_0p25,π = 0.75 (AHP),0.75,0.25,105,89,88,diagnostic_only_hkt_gate_failed,0.7801895579237991,-0.10779986659333972,0.3943535860338131,-0.4041142055857286,0.022706982981887974,0.018775756053521903,0.011793680785098216,0.003931226928366072
pi,0.75,pi_0p750_gamma_0p25,π = 0.75 (AHP),0.75,0.25,105,90,89,diagnostic_only_hkt_gate_failed,0.7973162612110204,-0.0983693784098428,0.40301042691261973,-0.3946837174022317,0.021951977071826043,0.0184299491890089,0.010566083648451434,0.0035220278828171445
pi,0.75,pi_0p750_gamma_0p25,π = 0.75 (AHP),0.75,0.25,105,91,90,diagnostic_only_hkt_gate_failed,0.8142414937685778,-0.08924676973412363,0.41156543266185197,-0.3855611087265125,0.021227752876694428,0.01807985744681729,0.00944368628963142,0.0031478954298771395
pi,0.75,pi_0p750_gamma_0p25,π = 0.75 (AHP),0.75,0.25,105,92,91,diagnostic_only_hkt_gate_failed,0.8309600065126975,-0.08041987798341987,0.42001595008654113,-0.3767342169758088,0.020532621921220108,0.017725867617165034,0.008420262912165221,0.0028067543040550735
pi,0.75,pi_0p750_gamma_0p25,π = 0.75 (AHP),0.75,0.25,105,93,92,diagnostic_only_hkt_gate_failed,0.8474669761048614,-0.07187721628106393,0.4283595411883548,-0.3681915552734528,0.019864938700767294,0.01736838705571679,0.007489654935151503,0.002496551645050501
pi,0.75,pi_0p750_gamma_0p25,π = 0.75 (AHP),0.75,0.25,105,94,93,diagnostic_only_hkt_gate_failed,0.8637579241847406,-0.06360795534692562,0.4365939423411814,-0.3599222943393145,0.019223106668717366,0.017007840256393583,0.0066457992369713505,0.002215266412323783
pi,0.75,pi_0p750_gamma_0p25,π = 0.75 (AHP),0.75,0.25,105,95,94,diagnostic_only_hkt_gate_failed,0.8798286441129,-0.05560190303468623,0.44471702726259443,-0.3519162420270751,0.018605583205882337,0.016644664632735708,0.005882755719439893,0.0019609185731466307
pi,0.75,pi_0p750_gamma_0p25,π = 0.75 (AHP),0.75,0.25,105,96,95,diagnostic_only_hkt_gate_failed,0.8956751344402166,-0.04784948241755876,0.4527267733853922,-0.3441638214099476,0.01801088249780053,0.016279304997046048,0.0051947325022634475,0.0017315775007544824
pi,0.75,pi_0p750_gamma_0p25,π = 0.75 (AHP),0.75,0.25,105,97,96,diagnostic_only_hkt_gate_failed,0.9112935378091961,-0.04034170939703881,0.4606212309747377,-0.33665604838942764,0.017437576157275817,0.015912206304141648,0.004576109559402506,0.0015253698531341687
pi,0.75,pi_0p750_gamma_0p25,π = 0.75 (AHP),0.75,0.25,105,98,97,diagnostic_only_hkt_gate_failed,0.926680082384578,-0.03307017139501989,0.4683984935237497,-0.32938451038740874,0.016884290228121324,0.015543803781508226,0.004021459339839288,0.0013404864466130958
pi,0.75,pi_0p750_gamma_0p25,π = 0.75 (AHP),0.75,0.25,105,99,98,diagnostic_only_hkt_gate_failed,0.9418310212074219,-0.02602700924545943,0.4760566670994988,-0.32234134823784827,0.016349697280486155,0.015174509123553606,0.0035255644707976497,0.0011751881569325498
pi,0.75,pi_0p750_gamma_0p25,π = 0.75 (AHP),0.75,0.25,105,100,99,diagnostic_only_hkt_gate_failed,0.9567425621672874,-0.019204905348313237,0.48359383494683794,-0.3155192443407021,0.015832501397914284,0.014804690678582673,0.0030834321579948365,0.0010278107193316122
pi,0.75,pi_0p750_gamma_0p25,π = 0.75 (AHP),0.75,0.25,105,101,100,diagnostic_only_hkt_gate_failed,0.9714107772448296,-0.012597082588331796,0.4910080116142845,-0.30891142158072066,0.015331412709720644,0.014434644422362348,0.0026903048620748864,0.0008967682873582954
pi,0.75,pi_0p750_gamma_0p25,π = 0.75 (AHP),0.75,0.25,105,102,101,diagnostic_only_hkt_gate_failed,0.9858314735909065,-0.00619732070284129,0.498297077789835,-0.3025116596952302,0.01484510639976386,0.014064550794763132,0.002341666815002181,0.0007805556050007269
pi,0.75,pi_0p750_gamma_0p25,π = 0.75 (AHP),0.75,0.25,105,103,102,diagnostic_only_hkt_gate_failed,1.0,0.0,0.5054586824812766,-0.29631433899238885,0.01437215871946599,0.013694409902873992,0.0020332464497759936,0.0006777488165919978
pi,0.75,pi_0p750_gamma_0p25,π = 0.75 (AHP),0.75,0.25,105,104,103,diagnostic_only_hkt_gate_failed,,,,,0.013910948582323545,0.013323943834239814,0.0017610142442511913,0.0005870047480837304
pi,0.75,pi_0p750_gamma_0p25,π = 0.75 (AHP),0.75,0.25,105,105,104,diagnostic_only_hkt_gate_failed,,,,,0.013459508156771171,0.012952449502808348,0.0015211759618884656,0.0005070586539628218
pi,0.8,pi_0p800_gamma_0p25,π = 0.8,0.8,0.25,105,1,0,diagnostic_only_hkt_gate_failed,0.00012828853684617217,-3.89181214804336,6.788387484379573e-5,-4.168233375911674,0.0,0.0,0.0,0.0
pi,0.8,pi_0p800_gamma_0p25,π = 0.8,0.8,0.25,105,2,1,diagnostic_only_hkt_gate_failed,0.00016020955830051424,-3.7953115769325745,8.477488224448798e-5,-4.071732804800888,0.24882208682929918,0.034427785510650316,0.8575772052745956,0.21439430131864884
pi,0.8,pi_0p800_gamma_0p25,π = 0.8,0.8,0.25,105,3,2,diagnostic_only_hkt_gate_failed,0.0001995575880634886,-3.6999317537659673,0.00010559589083532218,-3.9763529816342813,0.24560350943086073,0.034107377290996464,0.8459845285594574,0.2114961321398643
pi,0.8,pi_0p800_gamma_0p25,π = 0.8,0.8,0.25,105,4,3,diagnostic_only_hkt_gate_failed,0.00024788778943536324,-3.6057448653719475,0.00013116981522295288,-3.8821660932402615,0.24218673837899063,0.03380491928773394,0.833527276365027,0.2083818190912567
pi,0.8,pi_0p800_gamma_0p25,π = 0.8,0.8,0.25,105,5,4,diagnostic_only_hkt_gate_failed,0.0003070341057516978,-3.512813379841809,0.0001624670864600861,-3.789234607710123,0.23860116890411523,0.03351989139876654,0.8203251100213951,0.2050812775053487
pi,0.8,pi_0p800_gamma_0p25,π = 0.8,0.8,0.25,105,6,5,diagnostic_only_hkt_gate_failed,0.0003791480818745106,-3.4211911367852195,0.0002006261944361902,-3.6976123646535335,0.23487285214213935,0.03325159922551301,0.8064850116665054,0.2016212529166263
pi,0.8,pi_0p800_gamma_0p25,π = 0.8,0.8,0.25,105,7,6,diagnostic_only_hkt_gate_failed,0.00046674070350159806,-3.330924323530282,0.00024697582714657847,-3.6073455513985957,0.23102483123224274,0.03299922769452145,0.7921024141508853,0.19802560353772128
pi,0.8,pi_0p800_gamma_0p25,π = 0.8,0.8,0.25,105,8,7,diagnostic_only_hkt_gate_failed,0.0005727270055084364,-3.2420523383345836,0.00030305847519498534,-3.518473566202897,0.22707747837654677,0.03276188394697494,0.7772623777182877,0.19431559442957186
pi,0.8,pi_0p800_gamma_0p25,π = 0.8,0.8,0.25,105,9,8,diagnostic_only_hkt_gate_failed,0.0007004730882394833,-3.1546085453940576,0.0003706553104624871,-3.4310297732623716,0.22304881994806697,0.032538631429502904,0.7620407540742566,0.1905101885185641
pi,0.8,pi_0p800_gamma_0p25,π = 0.8,0.8,0.25,105,10,9,diagnostic_only_hkt_gate_failed,0.000853845061192983,-3.0686209292801885,0.00045181208465662704,-3.345042157148502,0.2189548399910314,0.032328516554086965,0.746505293747778,0.18662632343694446
pi,0.8,pi_0p800_gamma_0p25,π = 0.8,0.8,0.25,105,11,10,diagnostic_only_hkt_gate_failed,0.0010372593052810075,-2.984112660414085,0.00054886572558458,-3.260533888282399,0.21480974994662436,0.03213058897330875,0.7307166438932626,0.18267916097331563
pi,0.8,pi_0p800_gamma_0p25,π = 0.8,0.8,0.25,105,12,11,diagnostic_only_hkt_gate_failed,0.0012557333166980957,-2.901102583038281,0.0006644712411844886,-3.177523810906595,0.2106262246140093,0.03194391658590809,0.7147292321124048,0.17868230802810117
pi,0.8,pi_0p800_gamma_0p25,π = 0.8,0.8,0.25,105,13,12,diagnostic_only_hkt_gate_failed,0.0015149362692425366,-2.8196056367976277,0.000801628474576025,-3.0960268646659417,0.20641560520668997,0.03176759642245822,0.6985920351369271,0.17464800878423176
pi,0.8,pi_0p800_gamma_0p25,π = 0.8,0.8,0.25,105,14,13,diagnostic_only_hkt_gate_failed,0.001821238314285697,-2.739633221801237,0.0009637081911374583,-3.016054449669551,0.2021880730311578,0.03160076224425137,0.6823492431476258,0.17058731078690642
pi,0.8,pi_0p800_gamma_0p25,π = 0.8,0.8,0.25,105,15,14,diagnostic_only_hkt_gate_failed,0.002181757522552012,-2.661193517940731,0.0011544769177469166,-2.937614745809045,0.19795279148172,0.031442589407280584,0.6660408082977577,0.1665102020744394
pi,0.8,pi_0p800_gamma_0p25,π = 0.8,0.8,0.25,105,16,15,diagnostic_only_hkt_gate_failed,0.0026044032834599226,-2.5842917657949505,0.0013781199075421462,-2.8607129936632645,0.19371802619639367,0.03129229755628986,0.6497029145604154,0.16242572864010382
pi,0.8,pi_0p800_gamma_0p25,π = 0.8,0.8,0.25,105,17,16,diagnostic_only_hkt_gate_failed,0.0030979149013161547,-2.5089305163367923,0.0016392615630953815,-2.7853517442051063,0.18949124392156613,0.031149151888938024,0.6333683681305126,0.1583420920326281
pi,0.8,pi_0p800_gamma_0p25,π = 0.8,0.8,0.25,105,18,17,diagnostic_only_hkt_gate_failed,0.003671894075600967,-2.435109855533299,0.0019429826233551626,-2.711531083401613,0.18527919344748808,0.031012463009606632,0.617066921751526,0.15426673043788147
pi,0.8,pi_0p800_gamma_0p25,π = 0.8,0.8,0.25,105,19,18,diagnostic_only_hkt_gate_failed,0.004336829943458527,-2.3628276071492675,0.0022948334148792547,-2.6392488350175816,0.18108797644135038,0.0308815861083654,0.60082556133194,0.15020639033298497
pi,0.8,pi_0p800_gamma_0p25,π = 0.8,0.8,0.25,105,20,19,diagnostic_only_hkt_gate_failed,0.005104115358636259,-2.2920795186417116,0.0027008424658348396,-2.5685007465100256,0.17692310401404351,0.030755919332868177,0.5846687387247015,0.14616718468117534
pi,0.8,pi_0p800_gamma_0p25,π = 0.8,0.8,0.25,105,21,20,diagnostic_only_hkt_gate_failed,0.0059860531411897394,-2.2228594320292343,0.003167519813029649,-2.4992806598975483,0.17278954737204877,0.030634901740312328,0.5686185825269459,0.14215464563173644
pi,0.8,pi_0p800_gamma_0p25,π = 0.8,0.8,0.25,105,22,21,diagnostic_only_hkt_gate_failed,0.006995851097648811,-2.15515944278365,0.0037018543668330323,-2.431580670651964,0.16869177948165875,0.030518011019035084,0.5526950738504945,0.1381737684626236
pi,0.8,pi_0p800_gamma_0p25,π = 0.8,0.8,0.25,105,23,22,diagnostic_only_hkt_gate_failed,0.008147604773299637,-2.0889700460609384,0.004311304784546602,-2.3653912739292524,0.1646338178978554,0.030404761090478866,0.536916227229506,0.13422905680737648
pi,0.8,pi_0p800_gamma_0p25,π = 0.8,0.8,0.25,105,24,23,diagnostic_only_hkt_gate_failed,0.009456266996457697,-2.0242802740420007,0.005003783354757344,-2.3007015019103148,0.16061925677183744,0.03029469947567755,0.5212982291846396,0.13032455729615988
pi,0.8,pi_0p800_gamma_0p25,π = 0.8,0.8,0.25,105,25,24,diagnostic_only_hkt_gate_failed,0.010937603511388313,-1.961077823870244,0.005787632520499035,-2.237499051738558,0.15665129966037555,0.03018740474790256,0.5058555796498921,0.126463894912473
pi,0.8,pi_0p800_gamma_0p25,π = 0.8,0.8,0.25,105,26,25,diagnostic_only_hkt_gate_failed,0.012608134212923068,-1.8993491767880817,0.006671593783551567,-2.1757704046563955,0.1527327901212904,0.030082484101259542,0.4906012240801236,0.12265030602003087
pi,0.8,pi_0p800_gamma_0p25,π = 0.8,0.8,0.25,105,27,26,diagnostic_only_hkt_gate_failed,0.014485059741309906,-1.8390797092784636,0.007664768862108392,-2.1155009371467774,0.14886623957913012,0.02997957093992157,0.47554667455683436,0.11888666863920856
pi,0.8,pi_0p800_gamma_0p25,π = 0.8,0.8,0.25,105,28,27,diagnostic_only_hkt_gate_failed,0.016586173460656634,-1.7802537970139845,0.008776573114172955,-2.0566750248822983,0.14505385251222463,0.02987832250749443,0.46070212001892086,0.11517553000473019
pi,0.8,pi_0p800_gamma_0p25,π = 0.8,0.8,0.25,105,29,28,diagnostic_only_hkt_gate_failed,0.01892975917675142,-1.7228549110691271,0.010016681414946932,-1.999276138937441,0.14129755254603532,0.02977841775617994,0.4460765391594215,0.11151913478985535
pi,0.8,pi_0p800_gamma_0p25,π = 0.8,0.8,0.25,105,30,29,diagnostic_only_hkt_gate_failed,0.021534475182618393,-1.666865707977081,0.011394966799539975,-1.9432869358453948,0.1375990038513516,0.029679555212066604,0.43167779455714,0.10791944863928497
pi,0.8,pi_0p800_gamma_0p25,π = 0.8,0.8,0.25,105,31,30,diagnostic_only_hkt_gate_failed,0.024419225613096333,-1.6122681125980016,0.012921432390249482,-1.8886893404663154,0.13395963477235695,0.02958145113244154,0.41751273455966165,0.10437818363991538
pi,0.8,pi_0p800_gamma_0p25,π = 0.8,0.8,0.25,105,32,31,diagnostic_only_hkt_gate_failed,0.027603020278243996,-1.559043395528585,0.01460613722741184,-1.8354646233968988,0.130380656438186,0.02948383763740275,0.4035872752031331,0.10089681880078324
pi,0.8,pi_0p800_gamma_0p25,π = 0.8,0.8,0.25,105,33,32,diagnostic_only_hkt_gate_failed,0.031104824550392055,-1.5071722439921516,0.016459116837141186,-1.7835934718604651,0.12686308370783966,0.029386461126521702,0.38990649032527197,0.09747662258131796
pi,0.8,pi_0p800_gamma_0p25,π = 0.8,0.8,0.25,105,34,33,diagnostic_only_hkt_gate_failed,0.03494340098424905,-1.4566348281220725,0.018490299424613856,-1.7330560559903865,0.12340775070562515,0.029289080561904168,0.3764746805748841,0.094118670143721
pi,0.8,pi_0p800_gamma_0p25,π = 0.8,0.8,0.25,105,35,34,diagnostic_only_hkt_gate_failed,0.039137144746698105,-1.4074108615085041,0.020709418791751102,-1.6838320893768182,0.12001532891258686,0.029191466180180165,0.36329545092962684,0.0908238627324067
pi,0.8,pi_0p800_gamma_0p25,π = 0.8,0.8,0.25,105,36,35,diagnostic_only_hkt_gate_failed,0.043703915028532665,-1.3594796568709966,0.023125925128744795,-1.6359008847393104,0.11668634263923491,0.029093398143184488,0.35037177798420177,0.08759294449605043
pi,0.8,pi_0p800_gamma_0p25,π = 0.8,0.8,0.25,105,37,36,diagnostic_only_hkt_gate_failed,0.048660864723165144,-1.312820177748764,0.025748894888552008,-1.5892414056170776,0.11342118186428563,0.028994665279107608,0.33770606634071215,0.08442651658517802
pi,0.8,pi_0p800_gamma_0p25,π = 0.8,0.8,0.25,105,38,37,diagnostic_only_hkt_gate_failed,0.05402427089088933,-1.2674110856238083,0.028586941077065338,-1.5438323134921221,0.11022011627283962,0.028895063913600555,0.32530020943695637,0.08132505235923908
pi,0.8,pi_0p800_gamma_0p25,π = 0.8,0.8,0.25,105,39,38,diagnostic_only_hkt_gate_failed,0.05980936846103571,-1.22323078336511,0.031648125256614125,-1.4996520112334235,0.10708330672023919,0.02879439692143183,0.31315563919522954,0.07828890979880737
pi,0.8,pi_0p800_gamma_0p25,π = 0.8,0.8,0.25,105,40,39,diagnostic_only_hkt_gate_failed,0.0660301897137852,-1.1802574549376257,0.034939872607771705,-1.4566786828059397,0.10401081657971696,0.02869247279273791,0.30127337514791624,0.07531834378697905
pi,0.8,pi_0p800_gamma_0p25,π = 0.8,0.8,0.25,105,41,40,diagnostic_only_hkt_gate_failed,0.07269941198758198,-1.138469101817457,0.038468891343738244,-1.414890329685771,0.10100262172053764,0.028589104676650115,0.2896540681755501,0.07241351704388752
pi,0.8,pi_0p800_gamma_0p25,π = 0.8,0.8,0.25,105,42,41,diagnostic_only_hkt_gate_failed,0.07982821591616754,-1.097843576684377,0.042241097696472114,-1.3742648045526906,0.09805861882078552,0.028484109594206136,0.2782980369063176,0.06957450922657939
pi,0.8,pi_0p800_gamma_0p25,π = 0.8,0.8,0.25,105,43,42,diagnostic_only_hkt_gate_failed,0.08742615649941735,-1.0583586140030672,0.04626154769382754,-1.3347798418713812,0.09517863447216285,0.028377307799124826,0.2672053066921521,0.06680132667303801
pi,0.8,pi_0p800_gamma_0p25,π = 0.8,0.8,0.25,105,44,43,diagnostic_only_hkt_gate_failed,0.09550104898661214,-1.0199918580854133,0.05053437677469172,-1.296413085953727,0.09236243260046098,0.028268522037874104,0.2563756422503476,0.06409391056258688
pi,0.8,pi_0p800_gamma_0p25,π = 0.8,0.8,0.25,105,45,44,diagnostic_only_hkt_gate_failed,0.10405887130895705,-0.9827208890583767,0.05506274816115542,-1.2591421169266908,0.08960972065913737,0.028157577020303394,0.24580857455533597,0.06145214363883398
pi,0.8,pi_0p800_gamma_0p25,π = 0.8,0.8,0.25,105,46,45,diagnostic_only_hkt_gate_failed,0.11310368459601537,-0.9465232467663902,0.05984881079978694,-1.2229444746347042,0.08692015561271767,0.028044298804078657,0.23550342723455606,0.058875856808639
pi,0.8,pi_0p800_gamma_0p25,π = 0.8,0.8,0.25,105,47,46,diagnostic_only_hkt_gate_failed,0.12263757308962868,-0.9113764524476404,0.06489366756708481,-1.1877976803159542,0.08429335019160988,0.02792851439689733,0.2254593431788503,0.05636483579471256
pi,0.8,pi_0p800_gamma_0p25,π = 0.8,0.8,0.25,105,48,47,diagnostic_only_hkt_gate_failed,0.13266060417575437,-0.8772580291272043,0.07019735412032596,-1.1536792569955183,0.08172887666979857,0.027810051370749954,0.21567530119619452,0.053918825299048616
pi,0.8,pi_0p800_gamma_0p25,π = 0.8,0.8,0.25,105,49,48,diagnostic_only_hkt_gate_failed,0.1431708092636701,-0.8441455202125352,0.07575882877979777,-1.120566748080849,0.07922627183267894,0.027688737428291334,0.20615013761755047,0.0515375344043876
pi,0.8,pi_0p800_gamma_0p25,π = 0.8,0.8,0.25,105,50,49,diagnostic_only_hkt_gate_failed,0.15416418555164654,-0.8120165071142309,0.08157597346310318,-1.0884377349825447,0.0767850398032641,0.02756440011776208,0.19688255874200813,0.04922063968550202
pi,0.8,pi_0p800_gamma_0p25,π = 0.8,0.8,0.25,105,51,50,diagnostic_only_hkt_gate_failed,0.16563471874274677,-0.7808486254133701,0.08764560570522573,-1.0572698532816838,0.07440465598449567,0.027436866689313322,0.1878711571807294,0.04696778929518233
pi,0.8,pi_0p800_gamma_0p25,π = 0.8,0.8,0.25,105,52,51,diagnostic_only_hkt_gate_failed,0.17757442614226635,-0.7506195801397864,0.09396350146353812,-1.0270408080081002,0.07208456952834622,0.02730596376983862,0.17911442303403044,0.0447786057585076
pi,0.8,pi_0p800_gamma_0p25,π = 0.8,0.8,0.25,105,53,52,diagnostic_only_hkt_gate_failed,0.1899734194046978,-0.721307160170422,0.10052442832035628,-0.9977283880387359,0.06982420572485955,0.02717151745407557,0.17061075308313595,0.04265268827078398
pi,0.8,pi_0p800_gamma_0p25,π = 0.8,0.8,0.25,105,54,53,diagnostic_only_hkt_gate_failed,0.20281998574085192,-0.6928892521527596,0.10732218845368519,-0.9693104800210736,0.0676229673414849,0.02703335304656369,0.1623584571796849,0.040589614294921215
pi,0.8,pi_0p800_gamma_0p25,π = 0.8,0.8,0.25,105,55,54,diagnostic_only_hkt_gate_failed,0.21610068650216427,-0.6653438534609132,0.11434967080310081,-0.9417650813292271,0.06548023713146993,0.026891295208936745,0.1543557676901328,0.03858894192253319
pi,0.8,pi_0p800_gamma_0p25,π = 0.8,0.8,0.25,105,56,55,diagnostic_only_hkt_gate_failed,0.2298004712156755,-0.638649085107447,0.12159891141135626,-0.9150703129757609,0.06339537803075904,0.026745168057128305,0.14660083989452302,0.03665020997363075
pi,0.8,pi_0p800_gamma_0p25,π = 0.8,0.8,0.25,105,57,56,diagnostic_only_hkt_gate_failed,0.24390280556352684,-0.6127832040579357,0.12906116114472727,-0.8892044319262494,0.06136773468412876,0.026594795247489315,0.13909175774655785,0.034772939436639456
pi,0.8,pi_0p800_gamma_0p25,π = 0.8,0.8,0.25,105,58,57,diagnostic_only_hkt_gate_failed,0.2583898110686605,-0.5877246156146477,0.1367269596076958,-0.8641458434829616,0.05939663330916637,0.026440000295579386,0.131826532054348,0.03295663301358699
pi,0.8,pi_0p800_gamma_0p25,π = 0.8,0.8,0.25,105,59,58,diagnostic_only_hkt_gate_failed,0.2732424146396271,-0.5634518854656457,0.1445862142745799,-0.8398731133339596,0.057481382526418115,0.026280606828301932,0.12480310279246475,0.03120077569811618
pi,0.8,pi_0p800_gamma_0p25,π = 0.8,0.8,0.25,105,60,59,diagnostic_only_hkt_gate_failed,0.2884405054827051,-0.5399437520233409,0.15262828351957594,-0.8163649798916547,0.055621272645838465,0.02611643900999895,0.11801933454335808,0.029504833635839514
pi,0.8,pi_0p800_gamma_0p25,π = 0.8,0.8,0.25,105,61,60,diagnostic_only_hkt_gate_failed,0.30396309740008964,-0.5171791386554664,0.16084206249683994,-0.7936003665237803,0.05381557590674537,0.02594732212174941,0.1114730151399839,0.027868253784995967
pi,0.8,pi_0p800_gamma_0p25,π = 0.8,0.8,0.25,105,62,61,diagnostic_only_hkt_gate_failed,0.319788494081039,-0.49513716612764397,0.16921607060429186,-0.7715583939959578,0.05206354592485051,0.025773083047423033,0.10516185150970991,0.02629046287742747
pi,0.8,pi_0p800_gamma_0p25,π = 0.8,0.8,0.25,105,63,62,diagnostic_only_hkt_gate_failed,0.3358944549188231,-0.47379716560767915,0.1777385392256481,-0.7502183934759931,0.05036441628103922,0.025593550956200244,0.09908346129935595,0.02477086532483898
pi,0.8,pi_0p800_gamma_0p25,π = 0.8,0.8,0.25,105,64,63,diagnostic_only_hkt_gate_failed,0.3522583596222908,-0.45313869163307785,0.18639749883462697,-0.7295599195013917,0.04871740055197518,0.025408558134829843,0.0932353696685814,0.023308842417145346
pi,0.8,pi_0p800_gamma_0p25,π = 0.8,0.8,0.25,105,65,64,diagnostic_only_hkt_gate_failed,0.3688573690234915,-0.4331415357944015,0.19518086408629573,-0.7095627636627154,0.04712169050863407,0.025217940875053562,0.08761499853432206,0.02190374963358051
pi,0.8,pi_0p800_gamma_0p25,π = 0.8,0.8,0.25,105,66,65,diagnostic_only_hkt_gate_failed,0.38566858048837277,-0.41378574064221524,0.20407651605263616,-0.6902069685105291,0.045576455499281736,0.025021540381954466,0.0822196604693091,0.020554915117327273
pi,0.8,pi_0p800_gamma_0p25,π = 0.8,0.8,0.25,105,67,66,diagnostic_only_hkt_gate_failed,0.40266917575859107,-0.395051614272176,0.21307238045303334,-0.6714728421404899,0.0440808407277834,0.02481920392079221,0.07704654722796477,0.019261636806991188
pi,0.8,pi_0p800_gamma_0p25,π = 0.8,0.8,0.25,105,68,67,diagnostic_only_hkt_gate_failed,0.41983655988887897,-0.3769197452041862,0.22215650117297903,-0.6533409730725,0.042633966451358384,0.024610785914198564,0.0720927221486393,0.01802318053715982
pi,0.8,pi_0p800_gamma_0p25,π = 0.8,0.8,0.25,105,69,68,diagnostic_only_hkt_gate_failed,0.4371484895263148,-0.3593710178852648,0.23131710814304252,-0.6357922457535787,0.04123492637710702,0.024396149317381453,0.06735510823890227,0.016838777059725564
pi,0.8,pi_0p800_gamma_0p25,π = 0.8,0.8,0.25,105,70,69,diagnostic_only_hkt_gate_failed,0.45458318953181376,-0.3423866285066914,0.24054267904912874,-0.6188078563750052,0.0398827867949192,0.024175166856055808,0.06283047975545358,0.015707619938863392
pi,0.8,pi_0p800_gamma_0p25,π = 0.8,0.8,0.25,105,71,70,diagnostic_only_hkt_gate_failed,0.4721194566820724,-0.32594810133629165,0.24982199420635862,-0.6023693292046054,0.03857658521935154,0.02394772258363233,0.058515450542876844,0.014628862635719208
pi,0.8,pi_0p800_gamma_0p25,π = 0.8,0.8,0.25,105,72,71,diagnostic_only_hkt_gate_failed,0.48973674989568744,-0.31003730525672124,0.2591441843022166,-0.586458533125035,0.03731532976298972,0.023713713267443533,0.05440646598218476,0.013601616495546186
pi,0.8,pi_0p800_gamma_0p25,π = 0.8,0.8,0.25,105,73,72,diagnostic_only_hkt_gate_failed,0.50741526620124,-0.29463647064361215,0.2684987705950599,-0.571057698511926,0.036097998178241664,0.02347305006622921,0.050499792448049835,0.012624948112012455
pi,0.8,pi_0p800_gamma_0p25,π = 0.8,0.8,0.25,105,74,73,diagnostic_only_hkt_gate_failed,0.5251360024125517,-0.279728206216623,0.27787569754957825,-0.5561494340849369,0.03492353776420194,0.023225660075841766,0.046791510753440714,0.011697877688360177
pi,0.8,pi_0p800_gamma_0p25,π = 0.8,0.8,0.25,105,75,74,diagnostic_only_hkt_gate_failed,0.5428808022082584,-0.26529551594688966,0.2872653577489488,-0.5417167438152035,0.03379086506006941,0.02297148794721965,0.043277508451399056,0.010819377112849762
pi,0.8,pi_0p800_gamma_0p25,π = 0.8,0.8,0.25,105,76,75,diagnostic_only_hkt_gate_failed,0.5606323888938527,-0.2513218157595586,0.29665860923086884,-0.5277430436278725,0.032698866147755995,0.0227104975849416,0.03995347425125759,0.009988368562814395
pi,0.8,pi_0p800_gamma_0p25,π = 0.8,0.8,0.25,105,77,76,diagnostic_only_hkt_gate_failed,0.578374384420073,-0.2377909497234841,0.30604678555113735,-0.5142121775917979,0.031646397671076285,0.02244267373222972,0.03681489575538627,0.009203723938846565
pi,0.8,pi_0p800_gamma_0p25,π = 0.8,0.8,0.25,105,78,77,diagnostic_only_hkt_gate_failed,0.5960913149109831,-0.22468720582311935,0.31542169870883674,-0.5011084336914331,0.03063228761189802,0.022168023511533283,0.033857056401458946,0.008464264100364735
pi,0.8,pi_0p800_gamma_0p25,π = 0.8,0.8,0.25,105,79,78,diagnostic_only_hkt_gate_failed,0.6137686040096838,-0.2119953307202263,0.3247756356252167,-0.48841655858854016,0.029655337456712394,0.02188657798375558,0.031075037891827258,0.007768759472956813
pi,0.8,pi_0p800_gamma_0p25,π = 0.8,0.8,0.25,105,80,79,diagnostic_only_hkt_gate_failed,0.631392554703884,-0.19970054355574862,0.33410134852669654,-0.4761217714240624,0.02871432422425134,0.02159839350649673,0.028463722871018456,0.007115930717754612
pi,0.8,pi_0p800_gamma_0p25,π = 0.8,0.8,0.25,105,81,80,diagnostic_only_hkt_gate_failed,0.6489503209050184,-0.18778854847332035,0.3433920399059552,-0.46420977634163413,0.027808003230840844,0.021303553028163846,0.026017800810708005,0.0065044502026769995
pi,0.8,pi_0p800_gamma_0p25,π = 0.8,0.8,0.25,105,82,81,diagnostic_only_hkt_gate_failed,0.666429870209236,-0.17624554555036967,0.35264134281691023,-0.45266677341868355,0.026935111581177534,0.021002167134422663,0.0237317777870195,0.0059329444467548734
pi,0.8,pi_0p800_gamma_0p25,π = 0.8,0.8,0.25,105,83,82,diagnostic_only_hkt_gate_failed,0.6838199391530669,-0.16505823998589803,0.3618432971982554,-0.4414794678542119,0.026094371998018402,0.020694374995254148,0.021599988011057024,0.005399997002764255
pi,0.8,pi_0p800_gamma_0p25,π = 0.8,0.8,0.25,105,84,83,diagnostic_only_hkt_gate_failed,0.7011099824412178,-0.15421384933615886,0.3709923230073502,-0.4306350772044727,0.02528449712882765,0.0203803450421742,0.019616608346613804,0.00490415208665345
pi,0.8,pi_0p800_gamma_0p25,π = 0.8,0.8,0.25,105,85,84,diagnostic_only_hkt_gate_failed,0.7182901178501292,-0.14370010849734402,0.3800831910659394,-0.42012133636565785,0.024504194547467977,0.02006027538267836,0.01777567665915847,0.004443919164789617
pi,0.8,pi_0p800_gamma_0p25,π = 0.8,0.8,0.25,105,86,85,diagnostic_only_hkt_gate_failed,0.7353510681443166,-0.1335052724028856,0.3891109923251865,-0.4099265002711994,0.023752171817776734,0.019734393910992187,0.016071111627138188,0.004017777906784546
pi,0.8,pi_0p800_gamma_0p25,π = 0.8,0.8,0.25,105,87,86,diagnostic_only_hkt_gate_failed,0.7522841016703992,-0.12361811620789605,0.39807110643100635,-0.4000393440762099,0.02302714208169119,0.019402958142301346,0.01449673575755938,0.003624183939389844
pi,0.8,pi_0p800_gamma_0p25,π = 0.8,0.8,0.25,105,88,87,diagnostic_only_hkt_gate_failed,0.7690809730271629,-0.11402793290653548,0.4069591703296314,-0.3904491607748493,0.02232782976466925,0.01906625474405743,0.013046300082447268,0.003261575020611816
pi,0.8,pi_0p800_gamma_0p25,π = 0.8,0.8,0.25,105,89,88,diagnostic_only_hkt_gate_failed,0.7857338651797898,-0.10472452833180058,0.41577104763735734,-0.3811457562001144,0.02165297639217332,0.01872459858007966,0.01171351124837464,0.0029283778120936595
pi,0.8,pi_0p800_gamma_0p25,π = 0.8,0.8,0.25,105,90,89,diagnostic_only_hkt_gate_failed,0.8022353342417889,-0.09569821354823543,0.4245027994219046,-0.3721194414165493,0.0210013463760065,0.018378331516173733,0.010492059439331076,0.0026230148598327687
pi,0.8,pi_0p800_gamma_0p25,π = 0.8,0.8,0.25,105,91,90,diagnostic_only_hkt_gate_failed,0.8185782578634835,-0.08693979476931396,0.43315065689218746,-0.3633610226376278,0.02037173248812408,0.01802782069748248,0.009375647162566395,0.0023439117906415984
pi,0.8,pi_0p800_gamma_0p25,π = 0.8,0.8,0.25,105,92,91,diagnostic_only_hkt_gate_failed,0.8347557881145234,-0.07844056090793351,0.44171099646609757,-0.35486178877624736,0.019762961079938593,0.017673456345547876,0.008358018937562873,0.002089504734390718
pi,0.8,pi_0p800_gamma_0p25,π = 0.8,0.8,0.25,105,93,92,diagnostic_only_hkt_gate_failed,0.8507613093330796,-0.07019226903402777,0.4501803174664064,-0.3466134969023416,0.0191738966610918,0.017315649077183182,0.007432990335634467,0.0018582475839086163
pi,0.8,pi_0p800_gamma_0p25,π = 0.8,0.8,0.25,105,94,93,diagnostic_only_hkt_gate_failed,0.866588400983657,-0.062187128159369685,0.45855522246697844,-0.3386083560276835,0.0186034454986962,0.016954826418577425,0.0065944763204751,0.0016486190801187745
pi,0.8,pi_0p800_gamma_0p25,π = 0.8,0.8,0.25,105,95,94,diagnostic_only_hkt_gate_failed,0.8822308053876677,-0.05441778176924177,0.46683240021740496,-0.33083900963755564,0.018050558242246464,0.016591428530482,0.005836518847057857,0.001459129711764464
pi,0.8,pi_0p800_gamma_0p25,π = 0.8,0.8,0.25,105,96,95,diagnostic_only_hkt_gate_failed,0.8976823991921636,-0.04687728992032793,0.4750086105456847,-0.32329851778864177,0.017514230641386724,0.016225902629367697,0.00515331204807611,0.0012883280120190273
pi,0.8,pi_0p800_gamma_0p25,π = 0.8,0.8,0.25,105,97,96,diagnostic_only_hkt_gate_failed,0.9129371669475629,-0.03955911182713069,0.48308067037687913,-0.31598033969544453,0.016993502121827476,0.015858695674245082,0.004539225790329568,0.0011348064475823919
pi,0.8,pi_0p800_gamma_0p25,π = 0.8,0.8,0.25,105,98,97,diagnostic_only_hkt_gate_failed,0.9279891737364918,-0.032457090390973595,0.49104543924966493,-0.3088783182592874,0.016487450981162152,0.015490244438512137,0.003988826170600067,0.0009972065426500165
pi,0.8,pi_0p800_gamma_0p25,π = 0.8,0.8,0.25,105,99,98,diagnostic_only_hkt_gate_failed,0.9428325321582333,-0.02556544068626731,0.49889980184615557,-0.3019866685545812,0.015995184902831867,0.015120961643130301,0.003496893038806271,0.0008742232597015676
pi,0.8,pi_0p800_gamma_0p25,π = 0.8,0.8,0.25,105,100,99,diagnostic_only_hkt_gate_failed,0.9574613563722022,-0.0188787453520166,0.506640643674009,-0.29529997322033047,0.015515824618908994,0.01475121607749009,0.0030584341656756226,0.0007646085414189054
pi,0.8,pi_0p800_gamma_0p25,π = 0.8,0.8,0.25,105,101,100,diagnostic_only_hkt_gate_failed,0.9718696919632792,-0.012391961262048853,0.51426481395467,-0.2888131891303627,0.015048477408706972,0.01438130349864064,0.002668695640265323,0.0006671739100663306
pi,0.8,pi_0p800_gamma_0p25,π = 0.8,0.8,0.25,105,102,101,diagnostic_only_hkt_gate_failed,0.9860514044110171,-0.006100444014031669,0.521769066606856,-0.2825216718823455,0.014592195399250862,0.014011403381405387,0.0023231680713819043,0.000580792017845476
pi,0.8,pi_0p800_gamma_0p25,π = 0.8,0.8,0.25,105,103,102,diagnostic_only_hkt_gate_failed,1.0,0.0,0.5291499654812786,-0.27642122786831386,0.01414591118331657,0.013641514020951347,0.002017588649460898,0.0005043971623652244
pi,0.8,pi_0p800_gamma_0p25,π = 0.8,0.8,0.25,105,104,103,diagnostic_only_hkt_gate_failed,,,,,0.013708339377326392,0.013271354733599363,0.0017479385749081208,0.0004369846437270301
pi,0.8,pi_0p800_gamma_0p25,π = 0.8,0.8,0.25,105,105,104,diagnostic_only_hkt_gate_failed,,,,,0.013277827546871604,0.012900218593705475,0.0015104358126645158,0.00037760895316612885
pi,0.9,pi_0p900_gamma_0p25,π = 0.9,0.9,0.25,105,1,0,diagnostic_only_hkt_gate_failed,0.0040329509584713045,-2.394377059072171,0.002303551461919536,-2.637602081054873,0.0,0.0,0.0,0.0
pi,0.9,pi_0p900_gamma_0p25,π = 0.9,0.9,0.25,105,2,1,diagnostic_only_hkt_gate_failed,0.004550813758383044,-2.3419109375899816,0.0025993456885526835,-2.5851359595726833,0.12840790905824362,0.03420823357604268,0.8477970793398087,0.09419967548220094
pi,0.9,pi_0p900_gamma_0p25,π = 0.9,0.9,0.25,105,3,2,diagnostic_only_hkt_gate_failed,0.005128259826379881,-2.290029979139706,0.0029291728418731912,-2.533255001122408,0.1268885299762325,0.03392251293510293,0.8366941533701666,0.0929660170411296
pi,0.9,pi_0p900_gamma_0p25,π = 0.9,0.9,0.25,105,4,3,diagnostic_only_hkt_gate_failed,0.005770773408318774,-2.2387659780997207,0.0032961654277536587,-2.4819910000824223,0.12528881212956305,0.03365020780368963,0.8247474389328612,0.09163860432587344
pi,0.9,pi_0p900_gamma_0p25,π = 0.9,0.9,0.25,105,5,4,diagnostic_only_hkt_gate_failed,0.006484161002413753,-2.1881462101110354,0.0037036400170096743,-2.431371232093737,0.12362079458302859,0.03339117383561868,0.8120665867266893,0.0902296207474099
pi,0.9,pi_0p900_gamma_0p25,π = 0.9,0.9,0.25,105,6,5,diagnostic_only_hkt_gate_failed,0.007274549738089938,-2.1381938823852913,0.0041550963194294166,-2.381418904367993,0.12189529769263324,0.033145106820491,0.7987517178492806,0.08875019087214225
pi,0.9,pi_0p900_gamma_0p25,π = 0.9,0.9,0.25,105,7,6,diagnostic_only_hkt_gate_failed,0.008148383177005489,-2.0889285565316835,0.004654214785390404,-2.332153578514385,0.12012199660139947,0.032911580503872835,0.78489374487774,0.08721041609752664
pi,0.9,pi_0p900_gamma_0p25,π = 0.9,0.9,0.25,105,8,7,diagnostic_only_hkt_gate_failed,0.00911241437830159,-2.0403665393549946,0.005204852644850873,-2.2835915613376963,0.11830950758631124,0.03269007852640557,0.7705748615391514,0.08561942905990569
pi,0.9,pi_0p900_gamma_0p25,π = 0.9,0.9,0.25,105,9,8,diagnostic_only_hkt_gate_failed,0.010173696098198898,-1.9925212394633125,0.005811038309529669,-2.2357462614460144,0.11646548058925171,0.03248002101051347,0.7558691362086445,0.08398545957873825
pi,0.9,pi_0p900_gamma_0p25,π = 0.9,0.9,0.25,105,10,9,diagnostic_only_hkt_gate_failed,0.011339568017894505,-1.9454034896246037,0.006476964077703095,-2.1886285116073054,0.11459669214043133,0.032280786189074755,0.7408431535622092,0.08231590595135656
pi,0.9,pi_0p900_gamma_0p25,π = 0.9,0.9,0.25,105,11,10,diagnostic_only_hkt_gate_failed,0.012617640945736286,-1.8990218352676562,0.007206977110761568,-2.142246857250358,0.11270913722858796,0.0320917280161709,0.7255566829117538,0.08061740921241706
pi,0.9,pi_0p900_gamma_0p25,π = 0.9,0.9,0.25,105,12,11,diagnostic_only_hkt_gate_failed,0.014015777956527723,-1.8533827913856553,0.00800556866030851,-2.096607813368357,0.11080811514642826,0.031912190018393766,0.7100633261523107,0.0788959251280345
pi,0.9,pi_0p900_gamma_0p25,π = 0.9,0.9,0.25,105,13,12,diagnostic_only_hkt_gate_failed,0.015542072504847291,-1.8084910693572118,0.008877361566868937,-2.0517160913399137,0.10889831110721218,0.03174151630913332,0.6944111531827097,0.07715679479807884
pi,0.9,pi_0p900_gamma_0p25,π = 0.9,0.9,0.25,105,14,13,diagnostic_only_hkt_gate_failed,0.01720482355268007,-1.7643497770093595,0.009827096053225124,-2.0075747989920614,0.10698386893473813,0.031579059917898146,0.6786432811515601,0.07540480901683999
pi,0.9,pi_0p900_gamma_0p25,π = 0.9,0.9,0.25,105,15,14,diagnostic_only_hkt_gate_failed,0.019012507843949995,-1.7209605937629557,0.010859613888111519,-1.9641856157456579,0.10506845860609447,0.03142418923929895,0.6627984243011599,0.07364426936679552
pi,0.9,pi_0p900_gamma_0p25,π = 0.9,0.9,0.25,105,16,15,diagnostic_only_hkt_gate_failed,0.020973749457123436,-1.678323924185146,0.011979840995191348,-1.9215489461678479,0.10315533486012635,0.03127629252210203,0.6469113810422191,0.07187904233802432
pi,0.9,pi_0p900_gamma_0p25,π = 0.9,0.9,0.25,105,17,16,diagnostic_only_hkt_gate_failed,0.023097286838528214,-1.636439032240286,0.013192768623061617,-1.8796640542229879,0.10124738954023987,0.031134781199851157,0.6310134750634986,0.07011260834038871
pi,0.9,pi_0p900_gamma_0p25,π = 0.9,0.9,0.25,105,18,17,diagnostic_only_hkt_gate_failed,0.025391937554309355,-1.5953041586363368,0.014503433212183219,-1.8385291806190387,0.09934719743591143,0.030999091989679792,0.615132949016085,0.06834810544623164
pi,0.9,pi_0p900_gamma_0p25,π = 0.9,0.9,0.25,105,19,18,diagnostic_only_hkt_gate_failed,0.027866560999067563,-1.5549166240847923,0.015916895094703582,-1.7981416460674942,0.09745705460504467,0.03086868805611789,0.5992952989403412,0.06658836654892678
pi,0.9,pi_0p900_gamma_0p25,π = 0.9,0.9,0.25,105,20,19,diagnostic_only_hkt_gate_failed,0.030530019389327163,-1.515272919884924,0.01743821621460383,-1.7584979418676259,0.09557901279417738,0.0307430594934677,0.5835235797063874,0.06483595330070968
pi,0.9,pi_0p900_gamma_0p25,π = 0.9,0.9,0.25,105,21,20,diagnostic_only_hkt_gate_failed,0.033391137359998574,-1.4763687878710907,0.019072437049900717,-1.7195938098537926,0.09371490840492605,0.03062172332198952,0.5678386657464288,0.06309318508293651
pi,0.9,pi_0p900_gamma_0p25,π = 0.9,0.9,0.25,105,22,21,diagnostic_only_hkt_gate_failed,0.03645866046900559,-1.4381992918413868,0.020824552911211245,-1.681424313824089,0.09186638585967453,0.030504223048519918,0.5522594653003919,0.06136216281115464
pi,0.9,pi_0p900_gamma_0p25,π = 0.9,0.9,0.25,105,23,22,diagnostic_only_hkt_gate_failed,0.039741213031810364,-1.400758880935778,0.022699489857566493,-1.6439839029184802,0.09003491956582861,0.03039012774194391,0.5368031264149625,0.059644791823884706
pi,0.9,pi_0p900_gamma_0p25,π = 0.9,0.9,0.25,105,24,23,diagnostic_only_hkt_gate_failed,0.04324725560484959,-1.364041446892493,0.024702080411689666,-1.607266468875195,0.08822183082919102,0.030279031075491222,0.5214851977832982,0.05794279975369978
pi,0.9,pi_0p900_gamma_0p25,π = 0.9,0.9,0.25,105,25,24,diagnostic_only_hkt_gate_failed,0.046985042493726537,-1.328040376028328,0.026837039289414246,-1.5712653980110298,0.08642830248071987,0.030170550017089827,0.5063197721726705,0.056257752463630045
pi,0.9,pi_0p900_gamma_0p25,π = 0.9,0.9,0.25,105,26,25,diagnostic_only_hkt_gate_failed,0.05096257969430165,-1.2927485963979004,0.029108939376366258,-1.5359736183806023,0.08465539221564403,0.030064323606942066,0.49131961747831776,0.054591068608701956
pi,0.9,pi_0p900_gamma_0p25,π = 0.9,0.9,0.25,105,27,26,diagnostic_only_hkt_gate_failed,0.05518758359427676,-1.2581586212390696,0.03152218813902726,-1.5013836432217718,0.08290404303154858,0.02996001146743063,0.4764962840770615,0.05294403156411793
pi,0.9,pi_0p900_gamma_0p25,π = 0.9,0.9,0.25,105,28,27,diagnostic_only_hkt_gate_failed,0.05966744082097918,-1.2242625889559986,0.03408100469048684,-1.4674876109387007,0.08117509292737002,0.029857292464145774,0.46186020416901835,0.05131780046322425
pi,0.9,pi_0p900_gamma_0p25,π = 0.9,0.9,0.25,105,29,28,diagnostic_only_hkt_gate_failed,0.06440916956384837,-1.1910523002256008,0.03678939769851948,-1.434277322208303,0.07946928303990522,0.02975586315901569,0.4474207789280059,0.04971341988088953
pi,0.9,pi_0p900_gamma_0p25,π = 0.9,0.9,0.25,105,30,29,diagnostic_only_hkt_gate_failed,0.06941938270102968,-1.1585192525304733,0.03965114432413607,-1.4017442745131754,0.07778726493616282,0.029655436475447567,0.4331864561464374,0.04813182846071525
pi,0.9,pi_0p900_gamma_0p25,π = 0.9,0.9,0.25,105,31,30,diagnostic_only_hkt_gate_failed,0.07470425303968503,-1.1266546723601423,0.04266977036745381,-1.3698796943428444,0.07612960722246467,0.02955574022134256,0.4191648030100991,0.04657386700112211
pi,0.9,pi_0p900_gamma_0p25,π = 0.9,0.9,0.25,105,32,31,diagnostic_only_hkt_gate_failed,0.08026948095043368,-1.0954495453089044,0.04584853178105152,-1.3386745672916063,0.07449680151131739,0.029456515865779163,0.4053625708098441,0.04504028564553822
pi,0.9,pi_0p900_gamma_0p25,π = 0.9,0.9,0.25,105,33,32,diagnostic_only_hkt_gate_failed,0.08612026462767416,-1.0648946443599057,0.04919039768318264,-1.3081196663426078,0.07288926760163461,0.02935751707920795,0.39178575470183996,0.04353175052242665
pi,0.9,pi_0p900_gamma_0p25,π = 0.9,0.9,0.25,105,34,33,diagnostic_only_hkt_gate_failed,0.09226127325270726,-1.0349805562006633,0.05269803502901775,-1.2782055781833652,0.07130735897738695,0.029258508727787062,0.3784396522463992,0.042048850249599895
pi,0.9,pi_0p900_gamma_0p25,π = 0.9,0.9,0.25,105,35,34,diagnostic_only_hkt_gate_failed,0.09869662316617869,-1.0056977061488326,0.05637379500075814,-1.2489227281315345,0.06975136681503105,0.029159265458400925,0.36532891220967134,0.040592101356630134
pi,0.9,pi_0p900_gamma_0p25,π = 0.9,0.9,0.25,105,36,35,diagnostic_only_hkt_gate_failed,0.10542985728269902,-0.9770363813732927,0.06021970124962463,-1.2202614033559946,0.06822152471400524,0.029059570749073043,0.35245758568438984,0.03916195396493219
pi,0.9,pi_0p900_gamma_0p25,π = 0.9,0.9,0.25,105,37,36,diagnostic_only_hkt_gate_failed,0.11246392784420424,-0.9489867526666055,0.06423744004487703,-1.1922117746493075,0.06671801274134442,0.02895921586984063,0.3398291718435343,0.0377587968715038
pi,0.9,pi_0p900_gamma_0p25,π = 0.9,0.9,0.25,105,38,37,diagnostic_only_hkt_gate_failed,0.119801182601047,-0.9215388948467571,0.06842835238069374,-1.164763916829459,0.06524096123520638,0.028857998838938043,0.32744666156641505,0.03638296239626833
pi,0.9,pi_0p900_gamma_0p25,π = 0.9,0.9,0.25,105,39,38,diagnostic_only_hkt_gate_failed,0.12744335444001936,-0.8946828059795419,0.07279342805187869,-1.1379078279622439,0.06379045409277599,0.02875572351719977,0.31531257518018607,0.03503473057557622
pi,0.9,pi_0p900_gamma_0p25,π = 0.9,0.9,0.25,105,40,39,diagnostic_only_hkt_gate_failed,0.13539155454919077,-0.8684084252156944,0.07733330174973561,-1.1116334471983964,0.06236653252023546,0.028652198829934895,0.3034290032127052,0.03371433369030057
pi,0.9,pi_0p900_gamma_0p25,π = 0.9,0.9,0.25,105,41,40,diagnostic_only_hkt_gate_failed,0.14364626907061726,-0.842705649470749,0.08204825115015386,-1.085930671453451,0.06096919818161461,0.028547237929565546,0.29179764226844157,0.032421960252049055
pi,0.9,pi_0p900_gamma_0p25,π = 0.9,0.9,0.25,105,42,41,diagnostic_only_hkt_gate_failed,0.1522073591550329,-0.8175643491215728,0.08693819694484702,-1.0607893711042748,0.05959841588511387,0.028440657491805153,0.28041982553977857,0.03115775839330872
pi,0.9,pi_0p900_gamma_0p25,π = 0.9,0.9,0.25,105,43,42,diagnostic_only_hkt_gate_failed,0.16107406439510577,-0.7929743825904808,0.09200270480236918,-1.0361994045731828,0.058254116550577356,0.028332277060829792,0.26929655540772807,0.029921839489747554
pi,0.9,pi_0p900_gamma_0p25,π = 0.9,0.9,0.25,105,44,43,diagnostic_only_hkt_gate_failed,0.17024500951503638,-0.7689256099399797,0.09724098918909718,-1.0121506319226816,0.05693619984304093,0.028221918384141707,0.25842853313009306,0.028714281458899222
pi,0.9,pi_0p900_gamma_0p25,π = 0.9,0.9,0.25,105,45,44,diagnostic_only_hkt_gate_failed,0.1797182141450779,-0.7454079056298224,0.10265191895226664,-0.9886329276125244,0.05564453640683581,0.028109404930221033,0.24781618328953306,0.027535131476614776
pi,0.9,pi_0p900_gamma_0p25,π = 0.9,0.9,0.25,105,46,45,diagnostic_only_hkt_gate_failed,0.18949110556792337,-0.7224111703577887,0.10823402460048652,-0.9656361923404908,0.054378970263727844,0.027994561405255025,0.23745967972625545,0.02638440885847282
pi,0.9,pi_0p900_gamma_0p25,π = 0.9,0.9,0.25,105,47,46,diagnostic_only_hkt_gate_failed,0.19956053422756778,-0.6999253421162283,0.1139855071621318,-0.9431503640989303,0.05313932086398117,0.0278772132382879,0.2273589686312395,0.02526210762569327
pi,0.9,pi_0p900_gamma_0p25,π = 0.9,0.9,0.25,105,48,47,diagnostic_only_hkt_gate_failed,0.20992279175432021,-0.6779404066020998,0.1199042484809167,-0.9211654285848018,0.051925384780419054,0.027757186273857537,0.21751378655905373,0.02416819850656152
pi,0.9,pi_0p900_gamma_0p25,π = 0.9,0.9,0.25,105,49,48,diagnostic_only_hkt_gate_failed,0.22057363135013028,-0.6564464068714002,0.12598782285963878,-0.8996714288541023,0.05073693764646134,0.027634306355859322,0.20792368161541822,0.023102631290602017
pi,0.9,pi_0p900_gamma_0p25,π = 0.9,0.9,0.25,105,50,49,diagnostic_only_hkt_gate_failed,0.2315082902469051,-0.6354334524040456,0.13223350988797916,-0.8786584743867476,0.04957373567204669,0.027508399178194684,0.19858802844466814,0.02206533649385201
pi,0.9,pi_0p900_gamma_0p25,π = 0.9,0.9,0.25,105,51,50,diagnostic_only_hkt_gate_failed,0.24272151392746227,-0.6148917277229166,0.13863830827708956,-0.8581167497056186,0.04843551679552467,0.02737928992091706,0.18950604187146852,0.021056226874607606
pi,0.9,pi_0p900_gamma_0p25,π = 0.9,0.9,0.25,105,52,51,diagnostic_only_hkt_gate_failed,0.2542075820617015,-0.5948115002082448,0.1451989506738827,-0.8380365221909467,0.047322002686881165,0.027246803292105243,0.18067679455298338,0.020075199394775926
pi,0.9,pi_0p900_gamma_0p25,π = 0.9,0.9,0.25,105,53,52,diagnostic_only_hkt_gate_failed,0.26596033549709625,-0.5751831278771904,0.15191191907753154,-0.8184081498598924,0.04623289887766639,0.02711076322205183,0.1720992209005311,0.01912213565561456
pi,0.9,pi_0p900_gamma_0p25,π = 0.9,0.9,0.25,105,54,53,diagnostic_only_hkt_gate_failed,0.2779732044407079,-0.5559970663999496,0.1587734609365463,-0.7992220883826515,0.04516789663826687,0.026970992974442026,0.1637721329744236,0.01819690366382484
pi,0.9,pi_0p900_gamma_0p25,π = 0.9,0.9,0.25,105,55,54,diagnostic_only_hkt_gate_failed,0.29023923724781514,-0.5372438759495888,0.16577960559233823,-0.7804688979322908,0.04412667340288049,0.026827315180214487,0.15569422400399405,0.017299358222666
pi,0.9,pi_0p900_gamma_0p25,π = 0.9,0.9,0.25,105,56,55,diagnostic_only_hkt_gate_failed,0.30275112963269724,-0.5189142277312958,0.1729261809639118,-0.7621392497139978,0.04310889355803761,0.026679551885746517,0.14786407505061983,0.016429341672291087
pi,0.9,pi_0p900_gamma_0p25,π = 0.9,0.9,0.25,105,57,56,diagnostic_only_hkt_gate_failed,0.3155012541057824,-0.5009989101119593,0.1802088303618515,-0.7442239320946613,0.042114209412046785,0.02652752479854449,0.1402801615215207,0.015586684613502296
pi,0.9,pi_0p900_gamma_0p25,π = 0.9,0.9,0.25,105,58,57,diagnostic_only_hkt_gate_failed,0.328481689133203,-0.4834888347192725,0.187623029143753,-0.7267138567019745,0.04114226126996174,0.026371055498043933,0.1329408519472603,0.014771205771917807
pi,0.9,pi_0p900_gamma_0p25,π = 0.9,0.9,0.25,105,59,58,diagnostic_only_hkt_gate_failed,0.34168424800604796,-0.4663750421603784,0.19516410120383795,-0.7096000641430803,0.04019267834284396,0.026209965798868542,0.12584441289577877,0.013982712543975415
pi,0.9,pi_0p900_gamma_0p25,π = 0.9,0.9,0.25,105,60,59,diagnostic_only_hkt_gate_failed,0.35510050697546,-0.4496487076575859,0.20282723504323247,-0.6928737296402879,0.03926507893678064,0.026044078247616613,0.11898900620247628,0.013221000689164026
pi,0.9,pi_0p900_gamma_0p25,π = 0.9,0.9,0.25,105,61,60,diagnostic_only_hkt_gate_failed,0.3687218324402696,-0.43330114656090635,0.21060749929907102,-0.6765261685436084,0.0383590707341653,0.025873216570311126,0.11237268747468762,0.012485854163854176
pi,0.9,pi_0p900_gamma_0p25,π = 0.9,0.9,0.25,105,62,61,diagnostic_only_hkt_gate_failed,0.3825394070143903,-0.4173238196806593,0.21849985763373891,-0.6605488416633614,0.037474251206318476,0.025697206278336972,0.10599340435183355,0.011777044927981501
pi,0.9,pi_0p900_gamma_0p25,π = 0.9,0.9,0.25,105,63,62,diagnostic_only_hkt_gate_failed,0.3965442541301566,-0.40170833860601096,0.2264991827878716,-0.644933360588713,0.03661020762558831,0.02551587543745203,0.09984898969322654,0.01109433218813628
pi,0.9,pi_0p900_gamma_0p25,π = 0.9,0.9,0.25,105,64,63,diagnostic_only_hkt_gate_failed,0.4107272611604908,-0.3864464708043558,0.23460026978733398,-0.6296714927870578,0.035766517564213576,0.02532905547539019,0.09393715879941049,0.010437462088823384
pi,0.9,pi_0p900_gamma_0p25,π = 0.9,0.9,0.25,105,65,64,diagnostic_only_hkt_gate_failed,0.4250792006141641,-0.37153014480819696,0.24279784804958532,-0.6147551667908989,0.034942748657886886,0.025136582047833405,0.08825549949048136,0.009806166610053482
pi,0.9,pi_0p900_gamma_0p25,π = 0.9,0.9,0.25,105,66,65,diagnostic_only_hkt_gate_failed,0.43959074955040633,-0.35695145515092025,0.25108659247296616,-0.6001764771336223,0.03413845917484459,0.024938296099083455,0.08280146768185025,0.009200163075761136
pi,0.9,pi_0p900_gamma_0p25,π = 0.9,0.9,0.25,105,67,66,diagnostic_only_hkt_gate_failed,0.45425250677063933,-0.34270266738007743,0.2594611332563183,-0.5859276893627794,0.03335319779869898,0.02473404492365506,0.0775723758753953,0.008619152875043919
pi,0.9,pi_0p900_gamma_0p25,π = 0.9,0.9,0.25,105,68,67,diagnostic_only_hkt_gate_failed,0.46905500802112804,-0.3287762227877722,0.26791606458247413,-0.5720012447704742,0.032586504267686424,0.024523683458603823,0.07256538728174348,0.008062820809082607
pi,0.9,pi_0p900_gamma_0p25,π = 0.9,0.9,0.25,105,69,68,diagnostic_only_hkt_gate_failed,0.4839887387734092,-0.31516474320158866,0.27644595191821536,-0.5583897651842906,0.03183790919381564,0.024307075492979884,0.06777750330752186,0.00753083370083576
pi,0.9,pi_0p900_gamma_0p25,π = 0.9,0.9,0.25,105,70,69,diagnostic_only_hkt_gate_failed,0.49904414492068677,-0.3018610354438035,0.2850453381238685,-0.5450860574265055,0.03110693481305601,0.024084095148793613,0.06320555697836164,0.007022839664262402
pi,0.9,pi_0p900_gamma_0p25,π = 0.9,0.9,0.25,105,71,70,diagnostic_only_hkt_gate_failed,0.5142116410623155,-0.2888580957369152,0.29370874818525733,-0.5320831177196171,0.03039309507185847,0.02385462831107122,0.05884620084708526,0.006538466760787249
pi,0.9,pi_0p900_gamma_0p25,π = 0.9,0.9,0.25,105,72,71,diagnostic_only_hkt_gate_failed,0.5294816166857954,-0.2761491137633189,0.3024306927447508,-0.5193741357460209,0.029695896405482876,0.023618574187029444,0.0546958999660809,0.006077322218453432
pi,0.9,pi_0p900_gamma_0p25,π = 0.9,0.9,0.25,105,73,72,diagnostic_only_hkt_gate_failed,0.5448444401522303,-0.26372747648851314,0.3112056703776878,-0.5069524984712152,0.029014838253679075,0.023375846876817003,0.05075092239175867,0.005638991376862073
pi,0.9,pi_0p900_gamma_0p25,π = 0.9,0.9,0.25,105,74,73,diagnostic_only_hkt_gate_failed,0.5602904606869745,-0.25158677161823473,0.32002816872939993,-0.49481179360093674,0.028349413881196085,0.023126377060294013,0.04700733138811866,0.0052230368209020715
pi,0.9,pi_0p900_gamma_0p25,π = 0.9,0.9,0.25,105,75,74,diagnostic_only_hkt_gate_failed,0.5758100085744156,-0.23972079060266785,0.3288926646264679,-0.48294581258536984,0.02769911140091959,0.022870113586988313,0.04346098032538151,0.004828997813931277
pi,0.9,pi_0p900_gamma_0p25,π = 0.9,0.9,0.25,105,76,75,diagnostic_only_hkt_gate_failed,0.591393393698091,-0.22812353117359696,0.33779362324286144,-0.4713485531562989,0.027063414827152202,0.022607025192223094,0.040107506714361967,0.004456389634929106
pi,0.9,pi_0p900_gamma_0p25,π = 0.9,0.9,0.25,105,77,76,diagnostic_only_hkt_gate_failed,0.6070309027847737,-0.216789199258712,0.3467254965258091,-0.46001422124141406,0.026441805494137414,0.02233710208944145,0.036942330642263696,0.004104703404695965
pi,0.9,pi_0p900_gamma_0p25,π = 0.9,0.9,0.25,105,78,77,diagnostic_only_hkt_gate_failed,0.6227127955668256,-0.2057122102590538,0.35568272100380127,-0.44893723224175575,0.025833763503819412,0.022060357549276058,0.033960653590890226,0.003773405954543357
pi,0.9,pi_0p900_gamma_0p25,π = 0.9,0.9,0.25,105,79,78,diagnostic_only_hkt_gate_failed,0.6384293002043754,-0.19488718960050616,0.3646597151718176,-0.4381122115832082,0.025238769380423277,0.021776829390292143,0.03115745991118023,0.0034619399901311357
pi,0.9,pi_0p900_gamma_0p25,π = 0.9,0.9,0.25,105,80,79,diagnostic_only_hkt_gate_failed,0.6541706084326061,-0.1843089724126313,0.3736508767195424,-0.4275339943953333,0.024656306067393274,0.021486581365539936,0.028527522316680053,0.003169724701853338
pi,0.9,pi_0p900_gamma_0p25,π = 0.9,0.9,0.25,105,81,80,diagnostic_only_hkt_gate_failed,0.6699268706907987,-0.17397260235713266,0.38265057974915845,-0.41719762433983465,0.02408586086731207,0.021189704350315277,0.02606540865297114,0.0028961565169967926
pi,0.9,pi_0p900_gamma_0p25,π = 0.9,0.9,0.25,105,82,81,diagnostic_only_hkt_gate_failed,0.6856881917352815,-0.16387332947346847,0.39165317226954055,-0.40709835145617046,0.02352692769022744,0.0208863174527886,0.02376549213694957,0.00264061023743884
pi,0.9,pi_0p900_gamma_0p25,π = 0.9,0.9,0.25,105,83,82,diagnostic_only_hkt_gate_failed,0.7014446271676577,-0.15400660698017063,0.40065297421323903,-0.3972316289628726,0.022979009442325497,0.02057656883862725,0.021621965433284242,0.0024024406036982486
pi,0.9,pi_0p900_gamma_0p25,π = 0.9,0.9,0.25,105,84,83,diagnostic_only_hkt_gate_failed,0.7171861811935569,-0.1443680870535279,0.4096442761563181,-0.3875931090362299,0.022441620359203003,0.020260636289488747,0.019628856627428318,0.002180984069714257
pi,0.9,pi_0p900_gamma_0p25,π = 0.9,0.9,0.25,105,85,84,diagnostic_only_hkt_gate_failed,0.7329028061300101,-0.13495361548189627,0.4186213390369763,-0.3781786374645983,0.021914288574686754,0.019938727623707693,0.017780048558811552,0.0019755609509790606
pi,0.9,pi_0p900_gamma_0p25,π = 0.9,0.9,0.25,105,86,85,diagnostic_only_hkt_gate_failed,0.7485844039536405,-0.12575922524114055,0.42757839503984685,-0.36898424722384254,0.021396558578394335,0.019611080649319507,0.016069301361673453,0.0017854779290748274
pi,0.9,pi_0p900_gamma_0p25,π = 0.9,0.9,0.25,105,87,86,diagnostic_only_hkt_gate_failed,0.7642208302640471,-0.11678112898019054,0.43650964985981305,-0.3600061509628925,0.020887993695598003,0.01927796292775972,0.014490276910544546,0.0016100307678382825
pi,0.9,pi_0p900_gamma_0p25,π = 0.9,0.9,0.25,105,88,87,diagnostic_only_hkt_gate_failed,0.7798019009076217,-0.10801571047570104,0.44540928648541755,-0.35124073245840304,0.020388178425064987,0.018939671152567998,0.013036565452472894,0.0014485072724969878
pi,0.9,pi_0p900_gamma_0p25,π = 0.9,0.9,0.25,105,89,88,diagnostic_only_hkt_gate_failed,0.7953174014637486,-0.09945951512425237,0.45427147061721446,-0.34268453710695435,0.01989672061336118,0.01859653010452093,0.011701714579562256,0.0013001905088402502
pi,0.9,pi_0p900_gamma_0p25,π = 0.9,0.9,0.25,105,90,89,diagnostic_only_hkt_gate_failed,0.8107570997144349,-0.0911092395673525,0.4630903577902056,-0.3343342615500545,0.01941325340332064,0.01824889129980064,0.010479258931679994,0.001164362103519999
pi,0.9,pi_0p900_gamma_0p25,π = 0.9,0.9,0.25,105,91,90,diagnostic_only_hkt_gate_failed,0.8261107610279933,-0.08296172062342129,0.4718601021607325,-0.3261867426061233,0.018937436772328325,0.017897131139327123,0.00936275069701082,0.0010403056330012019
pi,0.9,pi_0p900_gamma_0p25,π = 0.9,0.9,0.25,105,92,91,diagnostic_only_hkt_gate_failed,0.8413681665543483,-0.0750139236849859,0.480574866899319,-0.3182389456676879,0.018468958699156775,0.01754164860355759,0.008345790860392678,0.0009273100955991861
pi,0.9,pi_0p900_gamma_0p25,π = 0.9,0.9,0.25,105,93,92,diagnostic_only_hkt_gate_failed,0.8565191338247556,-0.06726293086345282,0.48922883595687255,-0.3104879528461548,0.018007535669497716,0.017182862382251106,0.007422059585219481,0.0008246732872466088
pi,0.9,pi_0p900_gamma_0p25,π = 0.9,0.9,0.25,105,94,93,diagnostic_only_hkt_gate_failed,0.8715535391568716,-0.05970592921238427,0.4978162268620707,-0.3029309511950863,0.01755291240836661,0.016821207318936517,0.006585345804870815,0.0007317050894300903
pi,0.9,pi_0p900_gamma_0p25,π = 0.9,0.9,0.25,105,95,94,diagnostic_only_hkt_gate_failed,0.8864613409392347,-0.052340199468431034,0.5063313040210516,-0.29556522145113306,0.01710486058812254,0.016457129957705968,0.00582957567374915,0.000647730630416572
pi,0.9,pi_0p900_gamma_0p25,π = 0.9,0.9,0.25,105,96,95,diagnostic_only_hkt_gate_failed,0.9012326023243371,-0.04516310594792846,0.5147683916793023,-0.28838812793063046,0.016663176049450543,0.016091082864167817,0.005148838667544532,0.0005720931852827257
pi,0.9,pi_0p900_gamma_0p25,π = 0.9,0.9,0.25,105,97,96,diagnostic_only_hkt_gate_failed,0.9158575111854005,-0.03817208847130119,0.5231218853206215,-0.2813971104540032,0.01622767399153649,0.015723517181079096,0.004537411294116539,0.0005041568104573931
pi,0.9,pi_0p900_gamma_0p25,π = 0.9,0.9,0.25,105,98,97,diagnostic_only_hkt_gate_failed,0.9303263941436546,-0.03136465756785572,0.531386259679258,-0.27458967955055774,0.015798181247131834,0.015354872569463147,0.003989778099018166,0.000443308677668685
pi,0.9,pi_0p900_gamma_0p25,π = 0.9,0.9,0.25,105,99,98,diagnostic_only_hkt_gate_failed,0.9446297198067086,-0.024738394832775113,0.5395560705896115,-0.26796341681547714,0.015374524202572985,0.014985563200002034,0.003500649023138557,0.0003889610025709506
pi,0.9,pi_0p900_gamma_0p25,π = 0.9,0.9,0.25,105,100,99,diagnostic_only_hkt_gate_failed,0.9587580839418093,-0.0182909611952247,0.5476259465174554,-0.2615159831779267,0.01495651030119147,0.014615957710790922,0.003064973313604943,0.00034055259040054913
pi,0.9,pi_0p900_gamma_0p25,π = 0.9,0.9,0.25,105,101,100,diagnostic_only_hkt_gate_failed,0.9727021654858056,-0.01202011727195382,0.555590563433594,-0.2552451392546558,0.014543899840371575,0.01424634990852009,0.0026779493866633808,0.0002975499318514867
pi,0.9,pi_0p900_gamma_0p25,π = 0.9,0.9,0.25,105,102,101,diagnostic_only_hkt_gate_failed,0.9864526364607964,-0.005923762127480868,0.5634445933592465,-0.24914878411018287,0.014136363074840388,0.013876915267917336,0.002335030262307465,0.0002594478069230516
pi,0.9,pi_0p900_gamma_0p25,π = 0.9,0.9,0.25,105,103,102,diagnostic_only_hkt_gate_failed,1.0,0.0,0.5711826118492399,-0.243225021982702,0.013733415106283266,0.013507645714150782,0.0020319245291923523,0.00022576939213248353
pi,0.9,pi_0p900_gamma_0p25,π = 0.9,0.9,0.25,105,104,103,diagnostic_only_hkt_gate_failed,,,,,0.01333431723522495,0.013138251422565861,0.001764592313931816,0.00019606581265909062
pi,0.9,pi_0p900_gamma_0p25,π = 0.9,0.9,0.25,105,105,104,diagnostic_only_hkt_gate_failed,,,,,0.012937928204461635,0.012768013088331562,0.0015292360451706513,0.0001699151161300723
