sweep_kind,sweep_value,case_id,label,pi,gamma,T_max,t,model_t,rebased_nfa_current_Y,cum_va_current_Y,cum_va_asset_current_Y,cum_va_liability_current_Y,cum_ca_current_Y,cum_ca_asset_current_Y,cum_ca_liability_current_Y,cum_ca_bond_current_Y,q_us_index,q_row_index,row_equity_asset_current_Y,us_equity_liability_current_Y
pi,0.7,pi_0p700_gamma_0p25,π = 0.7,0.7,0.25,105,1,0,0.0,0.0,0.0,0.0,0.0,0.0,0.0,0.0,1.0,1.0,0.2766999890478777,0.16535294240598108
pi,0.7,pi_0p700_gamma_0p25,π = 0.7,0.7,0.25,105,2,1,-0.008170111405401536,-0.0061311722838462614,-0.002793406999098228,-0.003337765284748033,-0.002038939121555287,0.00441449536665512,-0.004646163082689578,-0.0018072714055208294,1.0202331265125448,0.9898808459803363,0.27767252445302965,0.17294930248688287
pi,0.7,pi_0p700_gamma_0p25,π = 0.7,0.7,0.25,105,3,2,-0.01547378909949927,-0.011920898974813163,-0.005172372271854979,-0.006748526702958184,-0.003552890124686111,0.009256072383320211,-0.009347301770478579,-0.003461660737527744,1.0405992981269747,0.9812860840698655,0.2784398679597038,0.1800481284971488
pi,0.7,pi_0p700_gamma_0p25,π = 0.7,0.7,0.25,105,4,3,-0.021907739560424994,-0.017356452527771047,-0.007169704213436146,-0.010186748314334904,-0.004551287032653913,0.014477639600233547,-0.014075320031008236,-0.004953606601879223,1.0610471718786283,0.9739996250898997,0.27900386073350014,0.1866246360143268
pi,0.7,pi_0p700_gamma_0p25,π = 0.7,0.7,0.25,105,5,4,-0.027481988010576712,-0.022429123202153494,-0.008817456301282025,-0.013611666900871473,-0.005052864808423207,0.020028971107985318,-0.018802865551832297,-0.006278970364576226,1.08154008220755,0.9678413644253092,0.2793707249667403,0.19266359710139672
pi,0.7,pi_0p700_gamma_0p25,π = 0.7,0.7,0.25,105,6,5,-0.032217449973030006,-0.027134437995757613,-0.010146689546613184,-0.016987748449144434,-0.005083011977272375,0.025858929079573333,-0.023503561654070006,-0.007438379402775698,1.102053975263732,0.9626607007794644,0.2795502949437713,0.19815809907190204
pi,0.7,pi_0p700_gamma_0p25,π = 0.7,0.7,0.25,105,7,6,-0.036143636992978984,-0.03147207339001803,-0.011187254821788617,-0.02028481856822941,-0.004671563602960956,0.03191716867930404,-0.028152249409175503,-0.008436482873089488,1.1225754865919726,0.9583312916192376,0.27955523175114455,0.20310829882978385
pi,0.7,pi_0p700_gamma_0p25,π = 0.7,0.7,0.25,105,8,7,-0.03929656117890213,-0.03544554946932904,-0.011967606246012884,-0.023477943223316155,-0.0038510117095731013,0.038155370108670685,-0.03272522542922584,-0.009281156389017943,1.143100191728168,0.954746808463009,0.27940025242897093,0.20752023296632485
pi,0.7,pi_0p700_gamma_0p25,π = 0.7,0.7,0.25,105,9,8,-0.041716881885498304,-0.03906178748516811,-0.012514653940766075,-0.026547133544402027,-0.0026550944003302032,0.04452806849241811,-0.03720045896312843,-0.009982703929619877,1.163631058854246,0.951817492169768,0.27910140512660003,0.21140472258309215
pi,0.7,pi_0p700_gamma_0p25,π = 0.7,0.7,0.25,105,10,9,-0.043448301138685474,-0.042330589833264425,-0.01285365680461536,-0.029476933028649056,-0.0011177113054210803,0.05099315218611461,-0.04155777638107074,-0.010553087110464949,1.1841770879309466,0.9494673575322146,0.27867541092932024,0.21477638980157102
pi,0.7,pi_0p700_gamma_0p25,π = 0.7,0.7,0.25,105,11,10,-0.044536219053352685,-0.04526409939777346,-0.013008157189511796,-0.03225594220826166,0.0007278803444207641,0.05751211103351872,-0.04577900185986465,-0.011005228829233313,1.2047521560434817,0.9476319117511836,0.27813909517578567,0.2176527958851073
pi,0.7,pi_0p700_gamma_0p25,π = 0.7,0.7,0.25,105,12,11,-0.04502662191402409,-0.04787626573994171,-0.012999951443775514,-0.034876314296166194,0.0028496438259176245,0.06405009488594467,-0.04984805034835156,-0.011352400711675493,1.225374026411246,0.9462562957028783,0.27750891353898066,0.22005369406732495
pi,0.7,pi_0p700_gamma_0p25,π = 0.7,0.7,0.25,105,13,12,-0.0449651937118405,-0.050182348641146755,-0.012849094027966685,-0.037333254613180065,0.005217154929306275,0.07057584523895287,-0.05375097011305554,-0.011607720196591056,1.246063527020572,0.9452937595482301,0.2768005805490784,0.22200039284697715
pi,0.7,pi_0p700_gamma_0p25,π = 0.7,0.7,0.25,105,14,13,-0.04439663077037822,-0.052198477397836916,-0.01257393121446371,-0.0396245461833732,0.007801846627458703,0.0770615462688437,-0.057475936911376375,-0.011783762730008628,1.2668438958419954,0.9447044034986365,0.2760287968509836,0.2235152219260349
pi,0.7,pi_0p700_gamma_0p25,π = 0.7,0.7,0.25,105,15,14,-0.04336411818214941,-0.05394126221295767,-0.012191155014024771,-0.0417501071989329,0.01057714403080829,0.0834826239851178,-0.06101320575404508,-0.01189227420026444,1.2877402363254165,0.9444541453811259,0.275207064539622,0.22462108333362674
pi,0.7,pi_0p700_gamma_0p25,π = 0.7,0.7,0.25,105,16,15,-0.04190895689026085,-0.055427469061204396,-0.011715875384886429,-0.043711593676317974,0.013518512170943546,0.08981752244314807,-0.06435502637944579,-0.011943983892758744,1.3087790997549793,0.9445138624632057,0.2743475813957442,0.2253410832372526
pi,0.7,pi_0p700_gamma_0p25,π = 0.7,0.7,0.25,105,17,16,-0.040070312282707354,-0.0566737536524932,-0.011161705011319488,-0.045512048641173725,0.01660344136978584,0.0960474729256597,-0.06749552974505416,-0.011948501810819703,1.3299881703301526,0.9448586773711761,0.2734612006662396,0.2256982321817089
pi,0.7,pi_0p700_gamma_0p25,π = 0.7,0.7,0.25,105,18,17,-0.03788505890289352,-0.05769644725934785,-0.010540851331534772,-0.04715559592781309,0.019811388356454362,0.10215626438327746,-0.07043059399386406,-0.011914282032959045,1.3513960275671437,0.9454673654121384,0.2725574416692735,0.22571520336966464
pi,0.7,pi_0p700_gamma_0p25,π = 0.7,0.7,0.25,105,19,18,-0.035387707274176096,-0.05851139362260364,-0.009864213942948483,-0.04864717967965517,0.02312368634842752,0.1081300234843397,-0.07315769663810566,-0.011848640497806531,1.3730319909017996,0.946321856094456,0.2716445392666893,0.2254141435582044
pi,0.7,pi_0p700_gamma_0p25,π = 0.7,0.7,0.25,105,20,19,-0.032610386897501,-0.059133823435846555,-0.009141481875982176,-0.0499923415598644,0.02652343653834554,0.11395700508799969,-0.07567575989515102,-0.011757808654503142,1.394926007282548,0.9474068207670966,0.270729520483321,0.22481652473305516
pi,0.7,pi_0p700_gamma_0p25,π = 0.7,0.7,0.25,105,21,20,-0.02958288123289128,-0.05957826814048395,-0.008381231185894473,-0.05119703695458949,0.029995386907592684,0.11962739527779721,-0.0779849949785541,-0.011647013391650418,1.4171086019704586,0.9487093229887478,0.2698182971737832,0.2239430360043971
pi,0.7,pi_0p700_gamma_0p25,π = 0.7,0.7,0.25,105,22,21,-0.02633269485221876,-0.059858502071370154,-0.00759101942316678,-0.0522674826482034,0.03352580721915142,0.12513313023852282,-0.08008674786529153,-0.011520575154079869,1.439610864949227,0.9502185261969736,0.2689157710666175,0.2228135045143277
pi,0.7,pi_0p700_gamma_0p25,π = 0.7,0.7,0.25,105,23,22,-0.02288514483794068,-0.059987508065916975,-0.006777475823256981,-0.05321003224266002,0.037102363227976304,0.13046772465803677,-0.0819833524856744,-0.011382008944386079,1.4624644677896128,0.9519254492645614,0.2680259390975046,0.2214468434337854
pi,0.7,pi_0p700_gamma_0p25,π = 0.7,0.7,0.25,105,24,23,-0.019263471828791064,-0.05997746453106992,-0.005946387305970304,-0.05403107722509964,0.04071399270227888,0.13562611424375226,-0.08367799204536683,-0.011234129496106568,1.4857017169716398,0.9538227590400997,0.26715199880733553,0.2198610228396891
pi,0.7,pi_0p700_gamma_0p25,π = 0.7,0.7,0.25,105,25,24,-0.015488955639457099,-0.05983974364048067,-0.005102777687708645,-0.05473696595277204,0.0443507880010236,0.14060450838869773,-0.0851745702826614,-0.011079150105012722,1.5093556123307363,0.955904601217736,0.2662964490935753,0.21807305554663814
pi,0.7,pi_0p700_gamma_0p25,π = 0.7,0.7,0.25,105,26,25,-0.011581046417816893,-0.059584928558235634,-0.004250983673741181,-0.05533394488449447,0.04800388214041876,0.14540025558112465,-0.08647759406841417,-0.010918779372291751,1.5334599572009382,0.958166450524068,0.2654611841596267,0.2160990029233746
pi,0.7,pi_0p700_gamma_0p25,π = 0.7,0.7,0.25,105,27,26,-0.007557484217868336,-0.05922283003794904,-0.00339472192502281,-0.05582810811292624,0.05166534582008073,0.15001171632913327,-0.08759206671193989,-0.01075430379711264,1.558049443926276,0.9606049965326278,0.2646475796426153,0.2139539852172827
pi,0.7,pi_0p700_gamma_0p25,π = 0.7,0.7,0.25,105,28,27,-0.0034344282195569657,-0.05876251664134174,-0.0025371528514174795,-0.056225363789924265,0.055328088421784785,0.15443814802098346,-0.08852339305561185,-0.01058666654358682,1.583159786092761,0.9632180415449209,0.26385657071378066,0.21165220667468598
pi,0.7,pi_0p700_gamma_0p25,π = 0.7,0.7,0.25,105,29,28,0.0007734202875695127,-0.058212347624206635,-0.0016809383658683713,-0.056531409258338265,0.05898576791177612,0.15867959771995996,-0.08927729532783683,-0.010416534480346995,1.6088278576936719,0.9660044181469265,0.26308872086620916,0.2092069862103381
pi,0.7,pi_0p700_gamma_0p25,π = 0.7,0.7,0.25,105,30,29,0.005052703174060254,-0.05758000587522421,-0.0008282934305114485,-0.05675171244471276,0.06263270904928447,0.16273680382094238,-0.08985973878200273,-0.010244355989655169,1.6350918316734822,0.9689639259621217,0.2623442836092327,0.20663079087936403
pi,0.7,pi_0p700_gamma_0p25,π = 0.7,0.7,0.25,105,31,30,0.00939129270263745,-0.05687253480345658,1.896655102303412e-5,-0.05689150135447962,0.06626382750609403,0.1666111055391538,-0.09027686753649226,-0.01007041049656749,1.6619913417951226,0.9720972792034441,0.26162325544364623,0.20393527527957012
pi,0.7,pi_0p700_gamma_0p25,π = 0.7,0.7,0.25,105,32,31,0.013778184603471145,-0.05609637638986069,0.000859382712964928,-0.05695575910282562,0.06987456099333181,0.17030436106168015,-0.09053494886217998,-0.009894851206168353,1.689567660304897,0.9754060653106716,0.26092542235637256,0.20113132327497002
pi,0.7,pi_0p700_gamma_0p25,π = 0.7,0.7,0.25,105,33,32,0.018203400105335995,-0.05525740703048664,0.001691814736317136,-0.056949221766803775,0.07346080713582262,0.1738188718464496,-0.09064032559988573,-0.00971773911074122,1.717863878508544,0.978892717245152,0.2602503993707983,0.1982290898413886
pi,0.7,pi_0p700_gamma_0p25,π = 0.7,0.7,0.25,105,34,33,0.022657891566812503,-0.05436097528090721,0.0025154057943297813,-0.05687638107523699,0.07701886684771969,0.17715731480456545,-0.09059937572815942,-0.009539072228686319,1.7469251143164477,0.9825604917220768,0.2595976644057375,0.1952380450332211
pi,0.7,pi_0p700_gamma_0p25,π = 0.7,0.7,0.25,105,35,34,0.027133459374070273,-0.05341193450348238,0.003329552595770272,-0.05674148709925265,0.08054539387755262,0.18032268019462336,-0.09041847810758478,-0.009358808209485928,1.776798713574178,0.9864134621904772,0.2589665876701354,0.1921670149997405
pi,0.7,pi_0p700_gamma_0p25,π = 0.7,0.7,0.25,105,36,35,0.031622670218330116,-0.052414678270551594,0.0041338771193786955,-0.056548555389930276,0.08403734848888164,0.18331821585188995,-0.09010398438483157,-0.009176882978176705,1.8075344887452378,0.9904565140180851,0.2583564554423233,0.18902422545625439
pi,0.7,pi_0p700_gamma_0p25,π = 0.7,0.7,0.25,105,37,36,0.036118784052646014,-0.05137317154475058,0.0049282023901179904,-0.05630137393486856,0.08749195559739659,0.18614737700024292,-0.08966219578542244,-0.008993225617423868,1.8391849620827525,0.9946953516053176,0.25776649089035664,0.18581734234314815
pi,0.7,pi_0p700_gamma_0p25,π = 0.7,0.7,0.25,105,38,37,0.04061568632957355,-0.05029098185064201,0.005712530091511098,-0.056003511942153104,0.09090666818021559,0.1888137814106919,-0.08909934399918061,-0.008807769231295707,1.871805635669143,0.9991365096213851,0.2571958708608137,0.18255351170351924
pi,0.7,pi_0p700_gamma_0p25,π = 0.7,0.7,0.25,105,39,38,0.04510782824322542,-0.04917130562618903,0.006487021943886713,-0.055658327570075744,0.09427913386941446,0.19132116896560356,-0.08842157597550987,-0.008620459120679201,1.9054552654711492,1.0037873768939913,0.2566437406739098,0.17923939634172356
pi,0.7,pi_0p700_gamma_0p25,π = 0.7,0.7,0.25,105,40,39,0.04959016598268755,-0.048016997877077985,0.007251981213541253,-0.05526897909061923,0.09760716385976555,0.19367336633685175,-0.08763494266456749,-0.008431259812518733,1.940196188811245,1.0086562192576036,0.256109225201987,0.17588121450630373
pi,0.7,pi_0p700_gamma_0p25,π = 0.7,0.7,0.25,105,41,40,0.054058111642709496,-0.04683059517012159,0.008007838018755962,-0.054838433188877544,0.10088870681283112,0.19587425500794434,-0.08674538972434541,-0.008240158470767811,1.9760946476745556,1.0137522169031026,0.2555914388460681,0.17248477274897242
pi,0.7,pi_0p700_gamma_0p25,π = 0.7,0.7,0.25,105,42,41,0.058507486191354895,-0.04561433844282055,0.008755135842625751,-0.05436947428544629,0.10412182463417545,0.19792774343342015,-0.08575875104565146,-0.008047167753593234,2.0132211485289537,1.019085507000799,0.25508949370740697,0.1690554983522485
pi,0.7,pi_0p700_gamma_0p25,π = 0.7,0.7,0.25,105,43,42,0.06293447483642531,-0.0443701956248827,0.009494518973631778,-0.05386471459851447,0.10730467046130802,0.19983774277114785,-0.08468074459166985,-0.007852327718169976,2.0516508629728296,1.0246672311971186,0.2546025058400512,0.16559847097507063
pi,0.7,pi_0p700_gamma_0p25,π = 0.7,0.7,0.25,105,44,43,0.06733558755793953,-0.04309988184768615,0.010226721615944165,-0.05332660346363031,0.11043546940562568,0.2016081453591707,-0.0835169698590606,-0.007655706094484434,2.0914640579452826,1.030509591963449,0.25412960016557384,0.16211845174022563
pi,0.7,pi_0p700_gamma_0p25,π = 0.7,0.7,0.25,105,45,44,0.0717076234834584,-0.041804877704058725,0.01095255846041629,-0.052757436164475015,0.11351250118751713,0.20324280616430535,-0.08227290680394252,-0.0074573981728456975,2.1327465614640575,1.0366259181007174,0.2536699147506486,0.1586199102681293
pi,0.7,pi_0p700_gamma_0p25,π = 0.7,0.7,0.25,105,46,45,0.07604764145718657,-0.04048644461904327,0.011672916851238014,-0.05215936147028128,0.11653408607622978,0.20474552721003259,-0.08095391532956432,-0.0072575258042384344,2.175590256073707,1.0430307412417958,0.2532226051757123,0.15510704829943076
pi,0.7,pi_0p700_gamma_0p25,π = 0.7,0.7,0.25,105,47,46,0.0803529252301782,-0.03914564433898631,0.012388747751031806,-0.05153439209001811,0.1194985695691645,0.20612004368640893,-0.07956523753389107,-0.007056236583353332,2.220093662130351,1.0497398723414129,0.252786845490406,0.15158382666747444
pi,0.7,pi_0p700_gamma_0p25,π = 0.7,0.7,0.25,105,48,47,0.08462096070014548,-0.037783351352182686,0.01310105983686102,-0.0508844111890437,0.12240431205232813,0.2073700128486704,-0.0781119988437743,-0.00685370195256796,2.26636252685636,1.056770497825896,0.2523618314857582,0.14805398506678197
pi,0.7,pi_0p700_gamma_0p25,π = 0.7,0.7,0.25,105,49,48,0.08884941173141275,-0.03640026670802339,0.013810913369402182,-0.050211180077425574,0.12524967843943616,0.2084990047045925,-0.0765992106629338,-0.006650115602222524,2.314510488522611,1.0641412825970724,0.2519467825209288,0.14452106270984696
pi,0.7,pi_0p700_gamma_0p25,π = 0.7,0.7,0.25,105,50,49,0.09303609650066381,-0.03499693243969955,0.01451941389926006,-0.049516346338959606,0.12803302894036336,0.2095104942562796,-0.07503177384902183,-0.006445691466894391,2.36465981732983,1.0718724811552907,0.2515409420372586,0.14098841863767073
pi,0.7,pi_0p700_gamma_0p25,π = 0.7,0.7,0.25,105,51,50,0.09717896859478131,-0.033573743525872356,0.015227707118108278,-0.048801450643980636,0.13075271212065365,0.2104078559792314,-0.07341448191425243,-0.006240661944325319,2.416942213611605,1.0799860639754766,0.2511435790490155,0.1374592490002098
pi,0.7,pi_0p700_gamma_0p25,π = 0.7,0.7,0.25,105,52,51,0.10127610085386865,-0.03213095859774216,0.01593697437608094,-0.048067932973823106,0.1334070594516108,0.21119435934025318,-0.07175202444294046,-0.006035275445701917,2.4714996781560536,1.088505858807597,0.250753989268472,0.13393660272791716
pi,0.7,pi_0p700_gamma_0p25,π = 0.7,0.7,0.25,105,53,52,0.1053256664168642,-0.03066871322528094,0.016648427057989763,-0.047317140283270706,0.13599437964214514,0.21187316580786852,-0.07004899147671147,-0.005829794689011928,2.5284855000101505,1.0974577002769808,0.2503714947893705,0.13042339853750162
pi,0.7,pi_0p700_gamma_0p25,π = 0.7,0.7,0.25,105,54,53,0.10932593011223302,-0.02918702743883223,0.017363303446870475,-0.0465503308857027,0.13851295755106527,0.2124473279417328,-0.06830987607513314,-0.005624494315534433,2.588065286607269,1.1068696061479861,0.24999544670634408,0.1269224358615108
pi,0.7,pi_0p700_gamma_0p25,π = 0.7,0.7,0.25,105,55,54,0.11327522975061666,-0.027685820425476,0.018082862319152404,-0.045768682744628406,0.1409610501760927,0.21291978856038624,-0.0665390793027154,-0.005419659081578164,2.650418177829547,1.116771955758931,0.24962522323456168,0.12343641132798593
pi,0.7,pi_0p700_gamma_0p25,π = 0.7,0.7,0.25,105,56,55,0.11717196956119164,-0.026164918330766892,0.018808379525378567,-0.04497329785614546,0.14333688789195853,0.21329338234154593,-0.06474091266292728,-0.005215581786660159,2.7157381115284562,1.1271977014083,0.24926023198157998,0.1199679280215785
pi,0.7,pi_0p700_gamma_0p25,π = 0.7,0.7,0.25,105,57,56,0.12101460984264924,-0.024624065221906126,0.0195411430712151,-0.04416520829312123,0.14563867506455536,0.21357083770853863,-0.06291960148430027,-0.005012561159683029,2.784235254475201,1.138182594609019,0.24889991001988765,0.11651950676941109
pi,0.7,pi_0p700_gamma_0p25,π = 0.7,0.7,0.25,105,58,57,0.1248016577819813,-0.023062934586038336,0.020282447649183497,-0.043345382235221844,0.1478645923680197,0.2137547803217125,-0.06107928784842327,-0.004810900105269551,2.856137586525176,1.1497654337458743,0.2485437241201818,0.11309359641985252
pi,0.7,pi_0p700_gamma_0p25,π = 0.7,0.7,0.25,105,59,58,0.12853166097886906,-0.02148114010251581,0.021033589317016706,-0.04251472941953252,0.15001280108138484,0.21384773775542226,-0.059224032767753905,-0.004610903906283513,2.9316926404653447,1.1619883391575039,0.24819117154861553,0.1096925823326171
pi,0.7,pi_0p700_gamma_0p25,π = 0.7,0.7,0.25,105,60,59,0.13220320139128836,-0.019878247007738332,0.02179585975151015,-0.04167410675924849,0.1520814483990267,0.2138521446860635,-0.05735781808490615,-0.004412878202130684,3.0111694315420903,1.1748970560066063,0.2478417803092274,0.10631879437514014
pi,0.7,pi_0p700_gamma_0p25,π = 0.7,0.7,0.25,105,61,60,0.13581489128550997,-0.01825378377458017,0.02257053996967355,-0.04082432374425373,0.15406867506009017,0.2137703499746178,-0.05548454747187081,-0.004217127442656846,3.0948605876520414,1.1885412877140824,0.2474951102014635,0.10297451347406
pi,0.7,pi_0p700_gamma_0p25,π = 0.7,0.7,0.25,105,62,61,0.13936537041509958,-0.01660725395830066,0.023358893829133715,-0.03996614778743439,0.15597262437340026,0.21360462413903142,-0.05360804685444072,-0.004023952911190466,3.1830847056231635,1.2029750650786295,0.24715075359262545,0.0996619772662397
pi,0.7,pi_0p700_gamma_0p25,π = 0.7,0.7,0.25,105,63,62,0.14285330073781208,-0.014938151347616502,0.02416215936386773,-0.039100310711484246,0.1577914520854286,0.21335716819221928,-0.05173206471520192,-0.0038336513915887714,3.276188999030611,1.2182571449238306,0.24680833501844224,0.09638338654604613
pi,0.7,pi_0p700_gamma_0p25,π = 0.7,0.7,0.25,105,64,63,0.14627736716087975,-0.013245972419024374,0.024981541307586962,-0.03822751372661135,0.15952333957990414,0.2130301234152424,-0.049860270619705695,-0.003646513215632575,3.374552188190446,1.2344514595177045,0.24646751258097563,0.0931409082322015
pi,0.7,pi_0p700_gamma_0p25,π = 0.7,0.7,0.25,105,65,64,0.14963627701200563,-0.01153023101797248,0.02581820216674586,-0.03734843318471835,0.16116650802997814,0.21262558225633726,-0.04799625335231411,-0.0034628208740450366,3.47858772895596,1.2516276083773026,0.24612797878590956,0.08993667857969549
pi,0.7,pi_0p700_gamma_0p25,π = 0.7,0.7,0.25,105,66,65,0.15292875880463924,-0.009790475287154586,0.02667325159895008,-0.036463726886104685,0.16271923409179384,0.21214559990500828,-0.04614351849684956,-0.003282847316364894,3.588747420452767,1.2698613956417153,0.24578946016483033,0.08677280627221166
pi,0.7,pi_0p700_gamma_0p25,π = 0.7,0.7,0.25,105,67,66,0.156153565000857,-0.008026303166214594,0.027547736373908577,-0.035574039540123184,0.16417986816707159,0.2115922071604475,-0.04430548443643207,-0.0031068545569438158,3.7055253828376324,1.2892354307513345,0.2454517186175581,0.08365137299398194
pi,0.7,pi_0p700_gamma_0p25,π = 0.7,0.7,0.25,105,68,67,0.15930947237148813,-0.006237381356370788,0.028442627862835818,-0.034680009219206616,0.1655468537278589,0.2109674238624784,-0.042485478077694795,-0.0029350920569247113,3.8294625227838868,1.3098397820149772,0.24511455074268823,0.08057443465797848
pi,0.7,pi_0p700_gamma_0p25,π = 0.7,0.7,0.25,105,69,68,0.16239528718435706,-0.004423461985976444,0.029358810735597148,-0.0337822727215736,0.16681874917033349,0.2102732733728853,-0.04068672881795011,-0.0027677953846017055,3.961151457339908,1.3317727098765086,0.2447777893434299,0.07754401973623636
pi,0.7,pi_0p700_gamma_0p25,π = 0.7,0.7,0.25,105,70,69,0.16540984625319277,-0.0025844035766424364,0.03029706867004587,-0.03288147224668832,0.1679942498298352,0.2095117971046957,-0.03891236256359314,-0.002605184711267356,4.101242063871164,1.355141463831466,0.24444130195394398,0.07456212893047565
pi,0.7,pi_0p700_gamma_0p25,π = 0.7,0.7,0.25,105,71,70,0.1683520240170808,-0.0007201893515775677,0.031258071298734494,-0.03197826065031207,0.16907221336865835,0.20868507068366032,-0.0371653937516885,-0.0024474635633135004,4.250447602600864,1.380063174677652,0.24410499220215318,0.07163073140571864
pi,0.7,pi_0p700_gamma_0p25,π = 0.7,0.7,0.25,105,72,71,0.17122073494695872,0.0011690509421005235,0.03224235883916912,-0.03107330789706861,0.1700516840048582,0.2077952190481678,-0.03544871760902596,-0.0022948174342836587,4.409551621472356,1.4066658303218689,0.24376879779507085,0.0687517624592132
pi,0.7,pi_0p700_gamma_0p25,π = 0.7,0.7,0.25,105,73,72,0.1740149416737167,0.003083021828936155,0.033250327905752095,-0.03016730607681595,0.1709319198447806,0.20684443311768116,-0.033765100609560145,-0.0021474126633404395,4.579415598158529,1.4350893654369303,0.24343269125400527,0.06592711795134637
pi,0.7,pi_0p700_gamma_0p25,π = 0.7,0.7,0.25,105,74,73,0.17673366012022432,0.005021241162613395,0.034282216144951805,-0.029260974982338418,0.17171241895761097,0.2058349852214453,-0.03211717099111243,-0.002005395272721944,4.7609875316009616,1.4654868616235521,0.2430966782534673,0.06315864936921507
pi,0.7,pi_0p700_gamma_0p25,π = 0.7,0.7,0.25,105,75,74,0.17937596579628537,0.006983019601287827,0.03533808670703723,-0.028355067105749414,0.17239294619499754,0.20476924469254335,-0.030507408580411583,-0.001868889917134259,4.955311544889274,1.4980258755666394,0.24276079597879968,0.06044815762729041
pi,0.7,pi_0p700_gamma_0p25,π = 0.7,0.7,0.25,105,76,75,0.18194100274320932,0.008967442718423858,0.03641781435955612,-0.027450371641132267,0.17297356002478548,0.2036496929624181,-0.02893813386218116,-0.0017379990754515045,5.163538594262064,1.5328899201523258,0.24242511264465477,0.057797385129505885
pi,0.7,pi_0p700_gamma_0p25,π = 0.7,0.7,0.25,105,77,76,0.18442798946618302,0.01097335228248761,0.03752107085452616,-0.026547718572038557,0.17345463718369547,0.2024789368915976,-0.027411497509987944,-0.001612802197914192,5.386938520526675,1.5702800979673412,0.24208972452175187,0.05520800838893714
pi,0.7,pi_0p700_gamma_0p25,π = 0.7,0.7,0.25,105,78,77,0.18683622769712538,0.012999330914492575,0.03864731234964249,-0.02564798143514992,0.1738368967826328,0.20125972148529975,-0.0259294694928333,-0.0014933552098336136,5.626913510320938,1.6104169218254594,0.2417547544086763,0.052681628903061245
pi,0.7,pi_0p700_gamma_0p25,π = 0.7,0.7,0.25,105,79,78,0.18916511023447213,0.01504368872404587,0.03979576813948195,-0.024752079415436078,0.17412142151042628,0.19999494027228462,-0.02449382871041715,-0.0013796900514411576,5.8850132106605075,1.6535423364766113,0.24142034907626253,0.050219763888790125
pi,0.7,pi_0p700_gamma_0p25,π = 0.7,0.7,0.25,105,80,79,0.1914141283195508,0.01710445258275533,0.040965431079414236,-0.023860978496658903,0.17430967573679543,0.19868764345560344,-0.02310615328256045,-0.0012718144362475457,6.162951702060153,1.699921965130381,0.24108667616132448,0.04782383671789144
pi,0.7,pi_0p700_gamma_0p25,π = 0.7,0.7,0.25,105,81,80,0.19358288115701466,0.01917936050427781,0.04215505157663606,-0.022975691072358244,0.17440352065273684,0.19734104392384716,-0.021767811359497888,-0.0011697119116124179,6.462626507246237,1.7498476190967873,0.24075392245690402,0.04549516631517401
pi,0.7,pi_0p700_gamma_0p25,π = 0.7,0.7,0.25,105,82,81,0.19567108125821084,0.021265857823797148,0.04336313283850961,-0.02209727501471245,0.17440522343441367,0.19595851921625965,-0.020479953720534644,-0.0010733420613113147,6.7861400405900305,1.803640080950286,0.2404222893673398,0.04323495777521414
pi,0.7,pi_0p700_gamma_0p25,π = 0.7,0.7,0.25,105,83,82,0.1976785640582765,0.023361100874532467,0.04458793148741627,-0.021226830612883794,0.17431746318374403,0.19454361121981092,-0.019243507111022556,-0.0009826409250443717,7.135823613240539,1.861652224592947,0.24009199139427642,0.041044291546528534
pi,0.7,pi_0p700_gamma_0p25,π = 0.7,0.7,0.25,105,84,83,0.19960529251784326,0.025461963354894437,0.04582746025174239,-0.02036549689684795,0.1741433291629488,0.19310002091618053,-0.01805916997258859,-0.0008975217806431569,7.514264553429898,1.9242724836238403,0.239763251665947,0.03892411434502166
pi,0.7,pi_0p700_gamma_0p25,π = 0.7,0.7,0.25,105,85,84,0.20145136410652734,0.02756504992623249,0.04707949597438158,-0.019514446048149083,0.17388631418029485,0.19163159992307607,-0.016927409690539488,-0.0008178760522417545,7.924336659184365,1.9919287362169404,0.23943629947472042,0.03687522960963221
pi,0.7,pi_0p700_gamma_0p25,π = 0.7,0.7,0.25,105,86,85,0.20321701590125352,0.029666715145119833,0.048341591761460204,-0.01867487661634037,0.1735503007561337,0.19014233741785475,-0.01584846218312482,-0.0007435744785962197,8.369234529575559,2.065092646799433,0.23911136721849732,0.034898289034603416
pi,0.7,pi_0p700_gamma_0p25,π = 0.7,0.7,0.25,105,87,86,0.2049026269197767,0.03176308711839344,0.04961109275807187,-0.017848005639678432,0.17313953980138327,0.18863634241342905,-0.01482233402475563,-0.0006744685872901445,8.852512325225101,2.1442845154455386,0.23878868618724722,0.03299378545979474
pi,0.7,pi_0p700_gamma_0p25,π = 0.7,0.7,0.25,105,88,87,0.20650872115050095,0.033850098025529636,0.05088515727943713,-0.017035059253907504,0.17265862312497135,0.18711782215119024,-0.013848806739958055,-0.0006103922862608329,9.378127436588624,2.2300787154100252,0.2384684836752073,0.031162046332103465
pi,0.7,pi_0p700_gamma_0p25,π = 0.7,0.7,0.25,105,89,88,0.20803596670986782,0.035923518478757875,0.05216078100934152,-0.01623726253058365,0.17211244823110994,0.1855910557708859,-0.012927443837983612,-0.0005511637017923442,9.95048987438939,2.323109771564722,0.2381509782825063,0.029403229044571932
pi,0.7,pi_0p700_gamma_0p25,π = 0.7,0.7,0.25,105,90,89,0.20948517114841037,0.03797899551571039,0.05343482412668678,-0.015455828610976398,0.1715061756327,0.184060363197311,-0.012057600422637496,-0.0004965871419735248,10.574518189630401,2.424079159512829,0.23783637320152268,0.027717318050560494
pi,0.7,pi_0p700_gamma_0p25,π = 0.7,0.7,0.25,105,91,90,0.21085727492352085,0.04001209418224094,0.054704041216417386,-0.014691947034176438,0.17084518074127988,0.18253007095828255,-0.0112384349744811,-0.00044645524252157054,11.25570275536827,2.533762917008083,0.23752484905814944,0.02610412324843764
pi,0.7,pi_0p700_gamma_0p25,π = 0.7,0.7,0.25,105,92,91,0.21215333580127554,0.042018338069432566,0.055965110311614455,-0.013946772242181882,0.170134997731843,0.18100447265046096,-0.010468923761863078,-0.0004005511567548469,12.000177797552896,2.653020127612588,0.23721655037598557,0.024563281078800354
pi,0.7,pi_0p700_gamma_0p25,π = 0.7,0.7,0.25,105,93,92,0.2133745046816377,0.04399324748708366,0.05721465970210585,-0.013221412215022179,0.16938125719455405,0.17948778531108445,-0.00974787731036677,-0.00035865080616361966,12.814803516423408,2.782802363010719,0.23691156556528745,0.02309425772190322
pi,0.7,pi_0p700_gamma_0p25,π = 0.7,0.7,0.25,105,94,93,0.21452198637787456,0.045932369989710044,0.0584492878882296,-0.012516917898519546,0.1685896163881645,0.1779841004978728,-0.00907395892342254,-0.0003205251862857391,13.707260275404527,2.924164128030763,0.23660989463138457,0.02169635505889782
pi,0.7,pi_0p700_gamma_0p25,π = 0.7,0.7,0.25,105,95,94,0.21559697700307537,0.04783129658845586,0.05966557061690012,-0.011834274028444247,0.16776568041461956,0.17649732812446686,-0.008445705129517105,-0.0002859425803301881,14.686157484888087,3.0782743098914436,0.2363113966050035,0.020368719886783914
pi,0.7,pi_0p700_gamma_0p25,π = 0.7,0.7,0.25,105,96,95,0.21660056493601892,0.04968565344817304,0.060860045514658435,-0.011174392066485385,0.16691491148784587,0.17503113022173164,-0.007861547968390937,-0.0002546707654948189,15.761160894340959,3.246428534109144,0.23601570440136363,0.019110357027945665
pi,0.7,pi_0p700_gamma_0p25,π = 0.7,0.7,0.25,105,97,96,0.21753357366877624,0.05149105336828295,0.06202915960062889,-0.010538106232345938,0.16604252030049327,0.1735888386046514,-0.007319839234038964,-0.0002264790701191656,16.94314387015337,3.4300621441018446,0.23572208639586884,0.01792014745144008
pi,0.7,pi_0p700_gamma_0p25,π = 0.7,0.7,0.25,105,98,97,0.2183963123098207,0.053242982732022916,0.06316915661620855,-0.009926173884185626,0.1651533295777978,0.17217334684817975,-0.006818876972309539,-0.00020114029807241415,18.244371297599095,3.6307631826748734,0.2354292220842532,0.016796872972590596
pi,0.7,pi_0p700_gamma_0p25,π = 0.7,0.7,0.25,105,99,98,0.21918817859615727,0.05493658558027557,0.06427586756976925,-0.009339281989493685,0.1642515930158817,0.17078696039891145,-0.006356934894986077,-0.00017843248804368136,19.678730028300237,3.850284138953472,0.23513483908167054,0.015739249952387603
pi,0.7,pi_0p700_gamma_0p25,π = 0.7,0.7,0.25,105,100,99,0.2199070261117606,0.05656628402209554,0.06534434617003887,-0.008778062147943327,0.16334074208966506,0.169431178433701,-0.005932295874040921,-0.000158140469995029,21.262028905159358,4.090550125325555,0.23483512677560522,0.014745975639916335
pi,0.7,pi_0p700_gamma_0p25,π = 0.7,0.7,0.25,105,101,100,0.2205481544958168,0.05812513821711471,0.06636825594711498,-0.00824311773000027,0.1624230162787021,0.16810636484916514,-0.005543291394835746,-0.00014005717562731327,23.012407242271955,4.353659194886642,0.23452379084540156,0.01381579261823061
pi,0.7,pi_0p700_gamma_0p25,π = 0.7,0.7,0.25,105,102,101,0.22110269703673255,0.059603791485988745,0.067338859873658,-0.007735068387669231,0.16149890555074378,0.16681124011913565,-0.005188349844889005,-0.0001239847235028498,24.950918331210204,4.641867046359057,0.23419053122686415,0.012947579503910888
pi,0.7,pi_0p700_gamma_0p25,π = 0.7,0.7,0.25,105,103,102,0.2215550452132548,0.060988753425613614,0.0682433732419108,-0.007254619816297173,0.16056629178764117,0.16554208492525327,-0.004866057914658401,-0.00010973522295366407,27.102403152916988,4.957542227765715,0.2338185952097274,0.012140480071784476
pi,0.7,pi_0p700_gamma_0p25,π = 0.7,0.7,0.25,105,104,103,0.2218787351538497,0.06225962566992389,0.0690622963540501,-0.00680267068412619,0.15961910948392577,0.16429148199248597,-0.004575241213428888,-9.713129513128261e-5,29.49685494329184,5.30306709428814,0.23338084868166198,0.011394088839160266
pi,0.7,pi_0p700_gamma_0p25,π = 0.7,0.7,0.25,105,105,104,0.22202987869278762,0.06338463707393838,0.06976511202834841,-0.006380474954410014,0.15864524161884924,0.16304636637096276,-0.004315059590266644,-8.60651618468406e-5,32.17162594794839,5.680640532119633,0.2328335207839372,0.010708706837050448
pi,0.75,pi_0p750_gamma_0p25,π = 0.75 (AHP),0.75,0.25,105,1,0,0.0,0.0,0.0,0.0,0.0,0.0,0.0,0.0,1.0,1.0,0.2781098186997062,0.16556991369979623
pi,0.75,pi_0p750_gamma_0p25,π = 0.75 (AHP),0.75,0.25,105,2,1,-0.007721869720817993,-0.005902089992555523,-0.002663479057470265,-0.003238610935085258,-0.0018197797282625042,0.0044204121873444285,-0.004702798311437473,-0.0015373936041694599,1.0196258533113685,0.9903908680426188,0.2789390000723863,0.17295899516770386
pi,0.75,pi_0p750_gamma_0p25,π = 0.75 (AHP),0.75,0.25,105,3,2,-0.014630197267137898,-0.011483619067781177,-0.004933586164209315,-0.006550032903571861,-0.003146578199356724,0.00926379135931375,-0.009447777356824198,-0.002962592201846276,1.0394181879616873,0.9822078232454329,0.27958136039528797,0.17986584708606518
pi,0.75,pi_0p750_gamma_0p25,π = 0.75 (AHP),0.75,0.25,105,4,3,-0.020721452044863226,-0.016733018494814872,-0.0068412400179884425,-0.00989177847682643,-0.003988433550048369,0.014485232923047802,-0.014207430691526997,-0.004266235781569176,1.0593289614215378,0.9752539890890712,0.28003925755888287,0.18626701996997314
pi,0.75,pi_0p750_gamma_0p25,π = 0.75 (AHP),0.75,0.25,105,5,4,-0.02600410876101371,-0.02164211511432193,-0.008416586990294917,-0.013225528124027013,-0.004361993646691814,0.020036266227615722,-0.01895530999835998,-0.005442949875947554,1.0793232341689296,0.9693645150750267,0.28031849390098607,0.19214800419766226
pi,0.75,pi_0p750_gamma_0p25,π = 0.75 (AHP),0.75,0.25,105,6,5,-0.030496540819291075,-0.02620639228074446,-0.009688802389680212,-0.01651758989106425,-0.004290148538546614,0.025867026495156493,-0.023666188933297357,-0.006490986100405754,1.0993774300088175,0.9644009558315308,0.28042775131380737,0.19750210587824046
pi,0.75,pi_0p750_gamma_0p25,π = 0.75 (AHP),0.75,0.25,105,7,6,-0.03422502299250586,-0.03042498244134806,-0.01068590995850968,-0.019739072482838377,-0.003800040551157795,0.03192797318497108,-0.028316227436757435,-0.007411786299371446,1.1194777176073585,0.96024668820864,0.28037801126553974,0.20232930848911204
pi,0.75,pi_0p750_gamma_0p25,π = 0.75 (AHP),0.75,0.25,105,8,7,-0.03722188318678822,-0.03430045148159023,-0.011434623930704152,-0.02286582755088607,-0.00292143170519804,0.038171171219096564,-0.03288313290003625,-0.008209470024258364,1.139618501626994,0.9568031883978316,0.2801819721149989,0.20663517263985484
pi,0.75,pi_0p750_gamma_0p25,π = 0.75 (AHP),0.75,0.25,105,9,8,-0.0395238654301891,-0.03783845876710496,-0.01196022644952348,-0.025878232317581476,-0.0016854066630841453,0.04455120251851225,-0.037346303638801405,-0.008890305542795008,1.159801101345365,0.9539869836278116,0.27985349671683707,0.2104298176550602
pi,0.75,pi_0p750_gamma_0p25,π = 0.75 (AHP),0.75,0.25,105,10,9,-0.04117068827232598,-0.04104732776774603,-0.012286474880550432,-0.02876085288719559,-0.00012336050457999024,0.051025748703703404,-0.041686951914834805,-0.0094621572934486,1.1800325516226888,0.9517271745340892,0.2794070944945989,0.21372699747920512
pi,0.75,pi_0p750_gamma_0p25,π = 0.75 (AHP),0.75,0.25,105,11,10,-0.042203828842820576,-0.043937589433886315,-0.012435545607722413,-0.031502043826163895,0.0017337605910657276,0.05755592470900956,-0.045888194741725036,-0.009933969376218817,1.2003245849906352,0.9499633986040298,0.2788574650024521,0.21654328725217342
pi,0.75,pi_0p750_gamma_0p25,π = 0.75 (AHP),0.75,0.25,105,12,11,-0.04266550867764432,-0.046521522149273985,-0.012428008645521684,-0.03409351350375229,0.003856013471629626,0.06410641413731401,-0.04993511049192329,-0.010315290173761102,1.2206927554360059,0.9486441608949578,0.27821910633417857,0.2188973764307181
pi,0.75,pi_0p750_gamma_0p25,π = 0.75 (AHP),0.75,0.25,105,13,12,-0.04259786865164706,-0.04881271223664489,-0.012282829865044583,-0.0365298823716003,0.006214843584997779,0.07064546075043453,-0.053814759193495994,-0.010615857971940777,1.2411556946753066,0.9477254622473681,0.2775059954306506,0.22080946343037375
pi,0.75,pi_0p750_gamma_0p25,π = 0.75 (AHP),0.75,0.25,105,14,13,-0.042042318743451615,-0.05082565355511721,-0.012017397944785123,-0.038808255610332076,0.008783334811665553,0.07714476174321644,-0.05751616699992712,-0.010845259931623786,1.2617344998850957,0.947169665209596,0.2767313414814664,0.2223007455150741
pi,0.75,pi_0p750_gamma_0p25,π = 0.75 (AHP),0.75,0.25,105,15,14,-0.04103904193487188,-0.052575395256413276,-0.01164757177030535,-0.04092782348610791,0.011536353321541402,0.08357929930899723,-0.06103027702182888,-0.011012668965626958,1.2824522421759912,0.9469445524513475,0.2759074101266564,0.22339299382039646
pi,0.75,pi_0p750_gamma_0p25,π = 0.75 (AHP),0.75,0.25,105,16,15,-0.03962662753903861,-0.05407723859238507,-0.011187742956891645,-0.04288949563549341,0.014450611053346425,0.08992713367553634,-0.06434987215763585,-0.011126650464554088,1.303333573706931,0.9470225450510512,0.27504540931495175,0.22410820295222206
pi,0.75,pi_0p750_gamma_0p25,π = 0.75 (AHP),0.75,0.25,105,17,16,-0.03784181159975999,-0.055346481055848204,-0.010650908880573231,-0.04469557217527495,0.017504669456088234,0.09616917752269578,-0.06746947481356057,-0.011195033253047004,1.3244044139018163,0.9473800538139897,0.2741554297325187,0.2244683041278272
pi,0.75,pi_0p750_gamma_0p25,π = 0.75 (AHP),0.75,0.25,105,18,17,-0.03571931437089684,-0.05639821214348044,-0.010048754951158317,-0.0463494571923221,0.020678897772583582,0.10228896784632804,-0.070385228577742,-0.011224841496002485,1.345691728333312,0.9479969321471655,0.2732464313330988,0.22449493711974447
pi,0.75,pi_0p750_gamma_0p25,π = 0.75 (AHP),0.75,0.25,105,19,18,-0.03329174584958042,-0.057247147690976614,-0.009391739812731451,-0.047855407878245146,0.02395540184139618,0.10827243914919481,-0.07309476871602619,-0.011222268591772463,1.3672233561411977,0.9488560227372203,0.27232626422130535,0.2242092680706631
pi,0.75,pi_0p750_gamma_0p25,π = 0.75 (AHP),0.75,0.25,105,20,19,-0.030589575419234273,-0.05790750695511827,-0.008689184053635553,-0.049218322901482696,0.027317931535884007,0.11410770850798395,-0.07559708493281118,-0.011192692039288788,1.3890279097794835,0.9499427717881287,0.27140171774316413,0.22363185062274424
pi,0.75,pi_0p750_gamma_0p25,π = 0.75 (AHP),0.75,0.25,105,21,20,-0.027641144939431952,-0.05839292088364838,-0.007949357989411278,-0.05044356289423709,0.030751775944216412,0.11978486940841854,-0.0778923831834234,-0.01114071028077876,1.4111347154773475,0.9512449065109871,0.27047858553696347,0.22278252194322568
pi,0.75,pi_0p750_gamma_0p25,π = 0.75 (AHP),0.75,0.25,105,22,21,-0.024472710598326113,-0.05871636452751021,-0.007179566308058894,-0.05153679821945131,0.034243653929184055,0.12529580105545818,-0.07998194727126091,-0.011070199855013228,1.4335737763437926,0.9527521681927676,0.26956174584559356,0.22168032381968347
pi,0.75,pi_0p750_gamma_0p25,π = 0.75 (AHP),0.75,0.25,105,23,22,-0.021108521349099612,-0.058890120177173426,-0.00638623207209506,-0.052503888105078354,0.03778159882807382,0.13063399034224196,-0.08186800663264078,-0.010984384881527375,1.4563757992747337,0.9544560793769634,0.268655245217423,0.22034345540843994
pi,0.75,pi_0p750_gamma_0p25,π = 0.75 (AHP),0.75,0.25,105,24,23,-0.017570905950270933,-0.05892575378701619,-0.005574974889333738,-0.053350778897682444,0.041354847836745215,0.13579436667697087,-0.08355360969164445,-0.010885909148581233,1.4795722267164717,0.9563497536776511,0.2677623850694252,0.21878924124987537
pi,0.75,pi_0p750_gamma_0p25,π = 0.75 (AHP),0.75,0.25,105,25,24,-0.01388037272901825,-0.05883410685998531,-0.004750684599454,-0.0540834222605313,0.044953734130967045,0.1407731494642063,-0.08504250563269944,-0.010776909700539846,1.5031952922461629,0.9584277361924651,0.2668858069033796,0.21703411664077646
pi,0.75,pi_0p750_gamma_0p25,π = 0.75 (AHP),0.75,0.25,105,26,25,-0.010055720688348094,-0.058625303167563675,-0.003917591034768617,-0.05470771213279505,0.04856958247921556,0.14556770834812732,-0.08633903560964293,-0.010659090259268861,1.5272781092962484,0.960685866601715,0.266027573746773,0.21509362902179469
pi,0.75,pi_0p750_gamma_0p25,π = 0.75 (AHP),0.75,0.25,105,27,26,-0.006114151328348115,-0.0583087632376923,-0.0030793283280010964,-0.055229434909691205,0.05219461190934421,0.15017643406472742,-0.0874480334395838,-0.01053378871579941,1.5518547722611684,0.9631211661057489,0.26518924594536475,0.2129824491456584
pi,0.75,pi_0p750_gamma_0p25,π = 0.75 (AHP),0.75,0.25,105,28,27,-0.002071378138607213,-0.057893223540463896,-0.002238993453715711,-0.055654230086748184,0.05582184540185665,0.15459861990855192,-0.088374735747275,-0.010402038759420265,1.5769604634637213,0.9657317464628176,0.2643719515473034,0.21071438918794846
pi,0.75,pi_0p750_gamma_0p25,π = 0.75 (AHP),0.75,0.25,105,29,28,0.002058262736788954,-0.05738676246430577,-0.0013992004717562855,-0.05598756199254948,0.059445025201094716,0.1588343527112572,-0.08912470221657644,-0.010264625293586046,1.6026315827045874,0.9685167335999654,0.2635764492595943,0.20830242940993426
pi,0.75,pi_0p750_gamma_0p25,π = 0.75 (AHP),0.75,0.25,105,30,29,0.0062617044936675425,-0.056796830360327996,-0.0005621303154489356,-0.05623470004487906,0.06305853485399551,0.1628844141519243,-0.08970374462558162,-0.0101221346723472,1.6289058942279764,0.9714762047812567,0.26280318554778703,0.20575874983841033
pi,0.75,pi_0p750_gamma_0p25,π = 0.75 (AHP),0.75,0.25,105,31,30,0.01052704861854894,-0.0561302795549954,0.00027042468953629125,-0.056400704244531696,0.0666573281735443,0.16675018923440255,-0.09011786482709044,-0.009974996233767778,1.6558226770064772,0.9746111415789358,0.2620523444758972,0.20309476440264537
pi,0.75,pi_0p750_gamma_0p25,π = 0.75 (AHP),0.75,0.25,105,32,31,0.014843466105747966,-0.0553933978926856,0.0010970196307117702,-0.05649041752339737,0.07023686399843355,0.1704335843443949,-0.0903732004712076,-0.009823519874753757,1.6834228999217309,0.9779233909276055,0.26132389211278856,0.200321158750582
pi,0.75,pi_0p750_gamma_0p25,π = 0.75 (AHP),0.75,0.25,105,33,32,0.01920110769428679,-0.054591939467688255,0.0019165209451506725,-0.05650846041283894,0.07379304716197504,0.17393695122552724,-0.09047597839706213,-0.009667925666490067,1.7117493952087912,0.981415641036774,0.26061761472775624,0.19744792777850365
pi,0.75,pi_0p750_gamma_0p25,π = 0.75 (AHP),0.75,0.25,105,34,33,0.023591016226093883,-0.05373115825613347,0.0027280728009562876,-0.05645923105708976,0.07732217448222732,0.17726301925877283,-0.09043247460666815,-0.00950837016987738,1.7408470615403793,0.985091402142015,0.2599331520056936,0.19448441572384056
pi,0.75,pi_0p750_gamma_0p25,π = 0.75 (AHP),0.75,0.25,105,35,34,0.028005048877344566,-0.05281583747884648,0.0035310682033070154,-0.0563469056821535,0.08082088635619102,0.18041483352463794,-0.09024898014264612,-0.009344967025800817,1.7707630636531566,0.9889550012192723,0.2592700261166576,0.1914393538938579
pi,0.75,pi_0p750_gamma_0p25,π = 0.75 (AHP),0.75,0.25,105,36,35,0.032435798651094576,-0.05185032323773814,0.0043251211421513145,-0.056175444379889465,0.08428612188883272,0.18339569935287045,-0.08993177296801098,-0.00917780449602678,1.8015470767782102,0.9930115768461988,0.25862766517271857,0.18832090188770312
pi,0.75,pi_0p750_gamma_0p25,π = 0.75 (AHP),0.75,0.25,105,37,36,0.03687652747088016,-0.050838551956201634,0.005110043417608665,-0.05594859537381031,0.08771507942708182,0.18620913233724526,-0.08948709395105388,-0.009006958959109574,1.8332515230272828,0.9972670889468951,0.2580054245783169,0.18513668411277517
pi,0.75,pi_0p750_gamma_0p25,π = 0.75 (AHP),0.75,0.25,105,38,37,0.041321104943035744,-0.04978407661993069,0.005885823874913201,-0.0556699004948439,0.09110518156296649,0.1888588131412341,-0.08892112705725717,-0.008832504521010465,1.865931825279588,1.0017283355980413,0.2574026047358445,0.18189382526150766
pi,0.75,pi_0p750_gamma_0p25,π = 0.75 (AHP),0.75,0.25,105,39,38,0.04576394428387231,-0.04869009661206227,0.006652608110513968,-0.05534270472257625,0.09445404089593457,0.19134854775115182,-0.08823998438202352,-0.008654522473193765,1.8996467144813098,1.006402969627406,0.2568184649120856,0.17859898888525377
pi,0.75,pi_0p750_gamma_0p25,π = 0.75 (AHP),0.75,0.25,105,40,39,0.05019995266962733,-0.047559479788174895,0.007410682470983221,-0.05497016225915813,0.0977594324578022,0.19368223184307695,-0.08744969284972304,-0.008473106535551726,1.9344585222183175,1.0112995311283361,0.25625223646806294,0.1752584087833874
pi,0.75,pi_0p750_gamma_0p25,π = 0.75 (AHP),0.75,0.25,105,41,40,0.05462448114662077,-0.04639478594870792,0.00816045891193671,-0.05455524486064464,0.1010192670953287,0.19586381878237852,-0.08655618478443959,-0.008288366902610231,1.9704335164171694,1.0164274832328486,0.25570313275978124,0.17187792186495252
pi,0.75,pi_0p750_gamma_0p25,π = 0.75 (AHP),0.75,0.25,105,42,41,0.059033278039529,-0.04519828959414742,0.008902461143222278,-0.0541007507373697,0.10423156763367641,0.19789729191240762,-0.08556529076309419,-0.008100433515637046,2.0076422709575854,1.0217972535102682,0.2551703574924502,0.16846299962174066
pi,0.75,pi_0p750_gamma_0p25,π = 0.75 (AHP),0.75,0.25,105,43,42,0.06342244768265794,-0.043972000260786945,0.009637312604481477,-0.05360931286526843,0.10739444794344488,0.19978664015123096,-0.08448273432739618,-0.00790945788038993,2.046160061228369,1.0274202841348605,0.2546531118289775,0.1650187770704068
pi,0.75,pi_0p750_gamma_0p25,π = 0.75 (AHP),0.75,0.25,105,44,43,0.06778841426566348,-0.04271768027264198,0.010365726265768035,-0.05308340653841002,0.11050609453830543,0.2015358361517062,-0.08331412841132431,-0.007715613202076477,2.086067285807272,1.0333090919684673,0.2541506002297301,0.16155007928340911
pi,0.75,pi_0p750_gamma_0p25,π = 0.75 (AHP),0.75,0.25,105,45,44,0.0721278861099029,-0.04143686315340363,0.01108849481990202,-0.05252535797330565,0.11356474926330656,0.20314881770872906,-0.08206497365239683,-0.007519094793025679,2.1274499404309353,1.0394773336001222,0.2536620349446694,0.15806144788682994
pi,0.75,pi_0p750_gamma_0p25,π = 0.75 (AHP),0.75,0.25,105,46,45,0.07643782423824136,-0.0401308702967663,0.011806482018599978,-0.05193735231536628,0.11656869453500765,0.2046294718973998,-0.08074065764142077,-0.007320119720971374,2.170400131089572,1.0459398794162837,0.2531866398896909,0.15455716522545643
pi,0.75,pi_0p750_gamma_0p25,π = 0.75 (AHP),0.75,0.25,105,47,46,0.08071541453792755,-0.03880082584661679,0.01252061519971895,-0.05132144104633574,0.11951624038454434,0.20598162102761886,-0.07934645526839675,-0.007118925374677795,2.215016629763765,1.0527128981116725,0.25272365356982746,0.15104127666704115
pi,0.75,pi_0p750_gamma_0p25,π = 0.75 (AHP),0.75,0.25,105,48,47,0.08495804256200165,-0.037447670472240645,0.013231878648710357,-0.050679549120951004,0.12240571303424233,0.207209011107013,-0.07788752981719602,-0.006915768255574656,2.261405481353197,1.0598139514187035,0.2522723318565735,0.14751761130776664
pi,0.75,pi_0p750_gamma_0p25,π = 0.75 (AHP),0.75,0.25,105,49,48,0.08916326861439766,-0.03607217593394342,0.01394130681770382,-0.05001348275164725,0.1252354445483411,0.20831530238699097,-0.07636893506036656,-0.006710922778283299,2.309680682236272,1.0672620959543688,0.2518319496301127,0.14398980249470253
pi,0.75,pi_0p750_gamma_0p25,π = 0.75 (AHP),0.75,0.25,105,50,49,0.09332880778141776,-0.034674956808462776,0.014649978998109332,-0.049324935806572115,0.12800376458988053,0.20930406115682765,-0.07479561753293135,-0.006504679034015733,2.3599649076807006,1.0750780004665472,0.2514018023684357,0.14046130550060762
pi,0.75,pi_0p750_gamma_0p25,π = 0.75 (AHP),0.75,0.25,105,51,50,0.09745250994176298,-0.03325648337213398,0.015359013508152745,-0.048615496880286733,0.13070899331389696,0.2101787540817312,-0.07317241929979937,-0.006297341468034839,2.4123903248739076,1.0832840714632006,0.2509812074194713,0.1369354149505608
pi,0.75,pi_0p750_gamma_0p25,π = 0.75 (AHP),0.75,0.25,105,52,51,0.10153234240291979,-0.03181709276972326,0.01606956287764551,-0.04788665564736878,0.13334943517264305,0.21094274296960006,-0.07150408115722558,-0.0060892266397313795,2.467099479357386,1.0919045952052087,0.2505695045759373,0.13341528070151418
pi,0.75,pi_0p750_gamma_0p25,π = 0.75 (AHP),0.75,0.25,105,53,52,0.10556637742271162,-0.030356998355092178,0.016782809722882645,-0.04713980807797482,0.1359233757778038,0.21159928204801748,-0.06979524508252423,-0.00588066118768941,2.524246251717586,1.1009658967366258,0.25016605800123415,0.1299039207310833
pi,0.75,pi_0p750_gamma_0p25,π = 0.75 (AHP),0.75,0.25,105,54,53,0.10955277420885504,-0.028876303128002236,0.01749996082882009,-0.046376263956822324,0.13842907733685728,0.2121515159746438,-0.06805045822220898,-0.005671980415577516,2.5839969576228947,1.1104965061024743,0.24977025551701712,0.1264042369281423
pi,0.75,pi_0p750_gamma_0p25,π = 0.75 (AHP),0.75,0.25,105,55,54,0.11348976948317711,-0.027375008489403874,0.018222243247983046,-0.04559725173738692,0.140864777972581,0.21260247919000716,-0.06627417541346613,-0.005463525803959991,2.646531513730398,1.1205273511125176,0.24938150978734677,0.12291902588125232
pi,0.75,pi_0p750_gamma_0p25,π = 0.75 (AHP),0.75,0.25,105,56,55,0.1173756669606899,-0.025853024388937662,0.018950899759109834,-0.04480392414804749,0.1432286913496276,0.21295509678380828,-0.06447076197542564,-0.005255643458754994,2.712044738619675,1.1310919669211215,0.24899925917903995,0.11945098997618443
pi,0.75,pi_0p750_gamma_0p25,π = 0.75 (AHP),0.75,0.25,105,57,56,0.12120882625048306,-0.024310181059507115,0.019687183338406494,-0.0439973643979136,0.14551900730999018,0.21321218608545953,-0.06264449668703038,-0.005048682088438938,2.7807478053293084,1.1422267227208336,0.24862296729735026,0.11600274864775999
pi,0.75,pi_0p750_gamma_0p25,π = 0.75 (AHP),0.75,0.25,105,58,57,0.12498765644405971,-0.022746238408371637,0.02043235268164882,-0.04317859109002046,0.14773389485243135,0.2133764597066411,-0.06079957367583934,-0.004842991178370403,2.852869819064583,1.1539710777916183,0.24825212408666322,0.1125768466916535
pi,0.75,pi_0p750_gamma_0p25,π = 0.75 (AHP),0.75,0.25,105,59,58,0.1287106081700679,-0.021160897906668866,0.021187666185094368,-0.042348564091763234,0.14987150607673677,0.21345052986216137,-0.058940104380442726,-0.004638919404981853,2.928659584696695,1.1663678573425484,0.24788624589351063,0.10917576314577974
pi,0.75,pi_0p750_gamma_0p25,π = 0.75 (AHP),0.75,0.25,105,60,59,0.1323761678075255,-0.019553813573933876,0.02195437634995453,-0.041508189923888404,0.15192998138145938,0.21343691294344108,-0.05707011895263923,-0.004436812609342457,3.0083875525384456,1.1794635604383976,0.2475248755192319,0.10580191872127735
pi,0.75,pi_0p750_gamma_0p25,π = 0.75 (AHP),0.75,0.25,105,61,60,0.1359828550825914,-0.01792460255631348,0.022733724006895693,-0.040658326563209175,0.15390745763890482,0.21333803636016452,-0.05519356643144696,-0.004237012289812701,3.092347954562983,1.1933087008477672,0.24716758378555354,0.10245768107656417
pi,0.75,pi_0p750_gamma_0p25,π = 0.75 (AHP),0.75,0.25,105,62,61,0.13952921727511275,-0.016272858903649445,0.023526930726870766,-0.039799789630520215,0.15580207617876218,0.21315624529551266,-0.05331431534041982,-0.004039853776330635,3.180861209789562,1.2079581758928437,0.2468139687285519,0.09914537161917726
pi,0.75,pi_0p750_gamma_0p25,π = 0.75 (AHP),0.75,0.25,105,63,62,0.1430138269424497,-0.014598166613530862,0.024335191236562227,-0.038933357850093095,0.15761199355598057,0.21289381131299556,-0.051436152899744125,-0.003845664857270801,3.2742765719382696,1.2234716761961009,0.24646365622884636,0.0958672699439427
pi,0.75,pi_0p750_gamma_0p25,π = 0.75 (AHP),0.75,0.25,105,64,63,0.14643528149254156,-0.01290011268828212,0.025159665621836736,-0.03805977831011886,0.15933539418082365,0.21255294147491494,-0.04956278341849399,-0.0036547638755972623,3.3729750579320292,1.2399141398548452,0.24611630060765674,0.09262561705354
pi,0.75,pi_0p750_gamma_0p25,π = 0.75 (AHP),0.75,0.25,105,65,64,0.14979220297992024,-0.011178301491193433,0.026001470555032217,-0.037179772046225655,0.1609705044711136,0.21213578883319983,-0.047697825944883934,-0.0034674584172022446,3.4773727063976376,1.257356251978936,0.2457715853510391,0.08942261800057182
pi,0.75,pi_0p750_gamma_0p25,π = 0.75 (AHP),0.75,0.25,105,66,65,0.15308323696270865,-0.00943237144451739,0.026861668799607608,-0.036294040244125,0.162515608407226,0.21164446349262725,-0.04584481147822679,-0.0032840436071743836,3.587924221045233,1.2758749903422024,0.24542922246629123,0.08626044458093443
pi,0.75,pi_0p750_gamma_0p25,π = 0.75 (AHP),0.75,0.25,105,67,66,0.15630705544373014,-0.007662010186546374,0.027741259389937257,-0.03540326957648363,0.16396906563027647,0.21108104500882036,-0.044007178588840394,-0.0031048007897034467,3.70512698757117,1.2955542357115426,0.24508895366950678,0.08314123546293169
pi,0.75,pi_0p750_gamma_0p25,π = 0.75 (AHP),0.75,0.25,105,68,67,0.15946235769471628,-0.00586697304111657,0.028641165420569777,-0.03450813846168635,0.16532933073583286,0.21044759541364133,-0.04218826877525113,-0.002929995902557299,3.8295255798292005,1.3164854364437049,0.24475054968667903,0.08006709690216568
pi,0.75,pi_0p750_gamma_0p25,π = 0.75 (AHP),0.75,0.25,105,69,68,0.16254787409534951,-0.004047100148878768,0.02956222254253148,-0.03360932269141025,0.16659497424422826,0.2097461729352251,-0.04039132044082239,-0.002759878250174376,3.961716751881741,1.338768350968185,0.24441381085583158,0.07704010138473767
pi,0.75,pi_0p750_gamma_0p25,π = 0.75 (AHP),0.75,0.25,105,70,69,0.16556237022606182,-0.0022023353610935445,0.030505165895922542,-0.032707501257016096,0.1677647055871553,0.20897884665600097,-0.0386194621297382,-0.0025946789391073765,4.1023550099342705,1.3625118633566062,0.24407856704075143,0.07406228569130643
pi,0.75,pi_0p750_gamma_0p25,π = 0.75 (AHP),0.75,0.25,105,71,70,0.16850465102697162,-0.0003327458584631089,0.03147061639991408,-0.031803362258377196,0.16883739688543467,0.20814771167319007,-0.03687570499980089,-0.0024346097879544074,4.252158835543059,1.3878348847958428,0.2437446773632654,0.07113564825579081
pi,0.75,pi_0p750_gamma_0p25,π = 0.75 (AHP),0.75,0.25,105,72,71,0.1713735662031769,0.0015614580259582804,0.03245906657121126,-0.030897608545252985,0.1698121081772186,0.20725490453096626,-0.03516293444772745,-0.0022798619060201567,4.411917625707877,1.4148673509690026,0.24341202971198964,0.06826214539503195
pi,0.75,pi_0p750_gamma_0p25,π = 0.75 (AHP),0.75,0.25,105,73,72,0.1741680159399931,0.0034799031419208044,0.03347086635741767,-0.029990963215496866,0.17068811279807225,0.2063026185679081,-0.03348390105126647,-0.0021306047185692904,4.582499449130204,1.4437513283047845,0.24308054017355452,0.06544368670751623
pi,0.75,pi_0p750_gamma_0p25,π = 0.75 (AHP),0.75,0.25,105,74,73,0.17688695816418748,0.005422033477124382,0.034506208099072316,-0.029084174621947935,0.1714649246870631,0.20529312029855884,-0.03184121077609156,-0.0019869848354041185,4.764859702555928,1.474642234686266,0.24275015262796878,0.06268212924636732
pi,0.75,pi_0p750_gamma_0p25,π = 0.75 (AHP),0.75,0.25,105,75,74,0.17952941427417438,0.007387090535570172,0.03556511193644955,-0.02817802140087938,0.17214232373860416,0.20422876395634218,-0.030237315117319294,-0.00184912510041865,4.960050824154265,1.5077101941831255,0.24242083695866387,0.05997927165361659
pi,0.75,pi_0p750_gamma_0p25,π = 0.75 (AHP),0.75,0.25,105,76,75,0.18209447809155332,0.00937409560970651,0.03664741199642348,-0.027273316386716977,0.17272038248184682,0.20311200683128666,-0.028674500437576977,-0.0017171239118628206,5.169233120855138,1.5431415424289974,0.2420925888438513,0.05733684638112728
pi,0.75,pi_0p750_gamma_0p25,π = 0.75 (AHP),0.75,0.25,105,77,76,0.1845813227566273,0.011381832209815486,0.03775274261611607,-0.026370910406300584,0.17319949054681177,0.2019454227281364,-0.027154877718453357,-0.001591054462871209,5.393686934815457,1.5811404924504024,0.24176542771337867,0.05475651220940284
pi,0.75,pi_0p750_gamma_0p25,π = 0.75 (AHP),0.75,0.25,105,78,77,0.18698920937530628,0.013408831274052936,0.03888052626651278,-0.025471694992459843,0.17358037810125335,0.20073171467411247,-0.02568037216353963,-0.0014709644093194312,5.634826252663702,1.6219309890813483,0.24143939565375244,0.052239845536435965
pi,0.75,pi_0p750_gamma_0p25,π = 0.75 (AHP),0.75,0.25,105,79,78,0.18931749447557122,0.015453358249766397,0.04002996271968296,-0.02457660446991656,0.1738641362258048,0.19947372524923043,-0.024252713458935468,-0.0013568755644901252,5.894213993921659,1.6657587682736443,0.24111455517070182,0.049788331691217366
pi,0.75,pi_0p750_gamma_0p25,π = 0.75 (AHP),0.75,0.25,105,80,79,0.19156563814886804,0.017513403004924117,0.041200019884363365,-0.023686616879439244,0.1740522351439439,0.1981744455532084,-0.02287342658605884,-0.0012487838232056094,6.173579156100031,1.7128936458187065,0.2407909872345453,0.04740335562461332
pi,0.75,pi_0p750_gamma_0p25,π = 0.75 (AHP),0.75,0.25,105,81,80,0.1937332135624177,0.0195866749613151,0.04238942849724407,-0.022802753535928963,0.17414653860110263,0.19683702138162942,-0.021543823352996833,-0.0011466594275299088,6.4748360324599705,1.7636320767304217,0.24046879035476443,0.04508619193143222
pi,0.75,pi_0p750_gamma_0p25,π = 0.75 (AHP),0.75,0.25,105,82,81,0.19581991257324163,0.02167059981434403,0.04359667781639895,-0.02192607800205491,0.17414931275889758,0.1954647558732251,-0.020264995741728613,-0.0010504473725988543,6.8001058902304115,1.8182999927423553,0.2401480770770801,0.04283799607369173
pi,0.75,pi_0p750_gamma_0p25,π = 0.75 (AHP),0.75,0.25,105,83,82,0.19782555425544887,0.02376232294153688,0.04482001611364718,-0.021057693172110294,0.17406323131391202,0.1940611095983813,-0.019037810231616898,-0.0009600680528523765,7.151741268978451,1.8772559790665861,0.2398289726501605,0.0406597946483905
pi,0.75,pi_0p750_gamma_0p25,π = 0.75 (AHP),0.75,0.25,105,84,83,0.19975009187583373,0.025858717472502988,0.04605745467821369,-0.020198737205710693,0.17389137440333075,0.19262969672547287,-0.017862904047744016,-0.0008754182743980987,7.532353339025084,1.9408948193738096,0.239511613195877,0.03855247637901764
pi,0.75,pi_0p750_gamma_0p25,π = 0.75 (AHP),0.75,0.25,105,85,84,0.20159361741500406,0.027956396682333816,0.04730677503202165,-0.019350378349687832,0.17363722073267024,0.19117427677567692,-0.016740683634461677,-0.0007963724085450034,7.944842753368714,2.0096514490622956,0.23919614257623087,0.036516784158889606
pi,0.75,pi_0p750_gamma_0p25,π = 0.75 (AHP),0.75,0.25,105,86,85,0.20335636757006323,0.03005173348297499,0.048565541528971495,-0.018513808045996498,0.17330463408708824,0.18969874288861965,-0.015671324956615128,-0.0007227838449163002,8.392434337903671,2.0840053855647063,0.23888271103509978,0.034553307136733526
pi,0.75,pi_0p750_gamma_0p25,π = 0.75 (AHP),0.75,0.25,105,87,86,0.20503872675743753,0.03214088443230788,0.04983111747560183,-0.017690233043293948,0.1728978423251297,0.18820710533280322,-0.014654776376562617,-0.0006544866311109279,8.878716256418967,2.1644856776083867,0.23857147247332144,0.032662474302662406
pi,0.75,pi_0p750_gamma_0p25,π = 0.75 (AHP),0.75,0.25,105,88,87,0.20664122816281766,0.03421981910132499,0.05110068548948108,-0.01688086638815609,0.17242140906149264,0.18670347040781546,-0.013690763945376586,-0.0005912974009462066,9.407684227808325,2.2516764449547875,0.23826258120846783,0.030844549281749987
pi,0.75,pi_0p750_gamma_0p25,π = 0.75 (AHP),0.75,0.25,105,89,88,0.2081645531100721,0.03628435402262554,0.05237127137178216,-0.01608691734915662,0.17188019908744653,0.18519201557077467,-0.012778799079416625,-0.0005330174039114874,9.98379146619112,2.3462230768001726,0.23795618832031495,0.02909962635491851
pi,0.75,pi_0p750_gamma_0p25,π = 0.75 (AHP),0.75,0.25,105,90,89,0.2096095277569919,0.038330191188082556,0.05363977175315515,-0.015309580565072598,0.17127933656890937,0.18367695987304763,-0.011918188609645181,-0.00047943469449305984,10.612005168995713,2.448839176147235,0.23765243692331106,0.027427627983481393
pi,0.75,pi_0p750_gamma_0p25,π = 0.75 (AHP),0.75,0.25,105,91,90,0.21097711406911954,0.04035295762618482,0.05490298250990712,-0.014550024883722309,0.17062415644293472,0.18216253025284562,-0.011108047319264298,-0.0004303264906465921,11.297870600629972,2.56031431325927,0.23735145390893062,0.025828304419588118
pi,0.75,pi_0p750_gamma_0p25,π = 0.75 (AHP),0.75,0.25,105,92,91,0.21226839396732586,0.04234824513374548,0.05615762723782771,-0.013809382104082238,0.1699201488335804,0.18065292308220207,-0.010347312707800614,-0.000385461540821035,12.047583952389036,2.6815226790585984,0.23705333684836322,0.024301235356087962
pi,0.75,pi_0p750_gamma_0p25,π = 0.75 (AHP),0.75,0.25,105,93,92,0.21348454572249737,0.044311647807269344,0.0574003836071234,-0.01308873579985406,0.169172897915228,0.1791522620636888,-0.009634761623477237,-0.0003446025249835481,12.868075362048108,2.8134327199288554,0.23675813498388212,0.022845833441492363
pi,0.75,pi_0p750_gamma_0p25,π = 0.75 (AHP),0.75,0.25,105,94,93,0.21462680237562679,0.04623879042790557,0.058627901673652866,-0.012389111245747313,0.16838801194772124,0.17766454950889757,-0.008969029073935802,-0.0003075084872404884,13.767104285895705,2.957117781525054,0.23646581543044964,0.02146135099990113
pi,0.75,pi_0p750_gamma_0p25,π = 0.75 (AHP),0.75,0.25,105,95,94,0.21569638950172065,0.04812534386725247,0.0598368103231967,-0.01171146645594424,0.16757104563446817,0.17619361133573555,-0.008348628566203825,-0.00027393713506349704,14.753369606076143,3.1137677911717865,0.23617621111932946,0.020146889326963218
pi,0.75,pi_0p750_gamma_0p25,π = 0.75 (AHP),0.75,0.25,105,96,95,0.21669442424675248,0.049967014599142094,0.06102370013904162,-0.011056685539899526,0.16672740964761038,0.17474303109684888,-0.007771974345580134,-0.000243647103658344,15.836638483663704,3.2847018507919854,0.235888934108748,0.01890141215006164
pi,0.75,pi_0p750_gamma_0p25,π = 0.75 (AHP),0.75,0.25,105,97,96,0.21762175673722928,0.05175949421968057,0.06218506927839734,-0.010425575058716784,0.1658622625175487,0.17331606794322812,-0.0072374053919984456,-0.0002164000336809359,17.02789946384493,3.4713814674553607,0.235603235776314,0.01772376380948944
pi,0.75,pi_0p750_gamma_0p25,π = 0.75 (AHP),0.75,0.25,105,98,97,0.21847871838912872,0.05349834392437195,0.06331720864921457,-0.009818864724842625,0.16498037446475677,0.17191554852457253,-0.0067432115753828376,-0.00019196248443289517,18.339548642172808,3.675423778108936,0.23531778021413952,0.016612693921420812
pi,0.75,pi_0p750_gamma_0p25,π = 0.75 (AHP),0.75,0.25,105,99,98,0.2192647218195442,0.05517877548865616,0.06441598964416596,-0.009237214155509809,0.16408594633088808,0.17054371660576154,-0.006287662623111887,-0.00017010765176156918,19.78562299651669,3.898613503397934,0.23503027789203032,0.015566890903643417
pi,0.75,pi_0p750_gamma_0p25,π = 0.75 (AHP),0.75,0.25,105,100,99,0.21997762357428613,0.05679526762993594,0.0654764957529326,-0.008681228122996662,0.1631823559443502,0.16920201386682332,-0.005869041066807437,-0.00015061685566567122,21.38210423324512,4.14291124007141,0.2347368944071798,0.01458502799213746
pi,0.75,pi_0p750_gamma_0p25,π = 0.75 (AHP),0.75,0.25,105,101,100,0.22061270769210545,0.058340920441159516,0.06649240428494205,-0.008151483843782533,0.1622717872509459,0.16789074905417242,-0.0054856810447283496,-0.00013328075849815634,23.14733256053111,4.410453702150545,0.2344312977499039,0.01366582718449454
pi,0.75,pi_0p750_gamma_0p25,π = 0.75 (AHP),0.75,0.25,105,102,101,0.22116106329916363,0.059806392575306594,0.06745496811227271,-0.007648575536966121,0.161354670723857,0.16660858688521965,-0.005136015821376603,-0.00011790033998601072,25.102597879140756,4.703537977387226,0.2341031254256897,0.01280814921909115
pi,0.75,pi_0p750_gamma_0p25,π = 0.75 (AHP),0.75,0.25,105,103,102,0.2216069939812626,0.06117817272507554,0.06835135681971077,-0.007173184094635246,0.16042882125618707,0.1653517471031624,-0.004818638267898407,-0.0001042875790768957,27.273025155206106,5.024575589449891,0.23373552124384667,0.01201112169206132
pi,0.75,pi_0p750_gamma_0p25,π = 0.75 (AHP),0.75,0.25,105,104,103,0.22192388106941546,0.062435787936036005,0.06916197167126374,-0.006726183735227737,0.15948809313337942,0.16411273931763065,-0.004532380345185997,-9.226583906523581e-5,29.688957386277757,5.375991051432886,0.23330118184158904,0.011274323239211872
pi,0.75,pi_0p750_gamma_0p25,π = 0.75 (AHP),0.75,0.25,105,105,104,0.2220675792080841,0.06354731232472334,0.06985611612443028,-0.006308803799706945,0.15852026688336074,0.16287840116371216,-0.004276406931816285,-8.172734853515732e-5,32.38819232349574,5.760019914296185,0.23275606222804082,0.010598037297145107
pi,0.8,pi_0p800_gamma_0p25,π = 0.8,0.8,0.25,105,1,0,0.0,0.0,0.0,0.0,0.0,0.0,0.0,0.0,1.0,1.0,0.279821543518373,0.1657400927068556
pi,0.8,pi_0p800_gamma_0p25,π = 0.8,0.8,0.25,105,2,1,-0.007228472032578926,-0.0056484284169832245,-0.00251904867788681,-0.0031293797390964146,-0.0015800436155957026,0.0044296319483027495,-0.004769623276914165,-0.0012400522869842878,1.0189656034620846,0.9909574402115091,0.2804875279418772,0.17290191185318873
pi,0.8,pi_0p800_gamma_0p25,π = 0.8,0.8,0.25,105,3,2,-0.013702382002199838,-0.01100023922700485,-0.004668306589668052,-0.006331932637336797,-0.0027021427751949783,0.009282686755213503,-0.009564378616492942,-0.0024204509139155394,1.0381362481899556,0.9832328866563173,0.28099171308965554,0.17959637596277822
pi,0.8,pi_0p800_gamma_0p25,π = 0.8,0.8,0.25,105,4,3,-0.019417500093176533,-0.016044776772057335,-0.006476503014762281,-0.009568273757295052,-0.0033727233211192057,0.014515626264134204,-0.014357993061883558,-0.003530356523369851,1.057466964290111,0.9766502895439456,0.28133594204992857,0.18580172327958816
pi,0.8,pi_0p800_gamma_0p25,π = 0.8,0.8,0.25,105,5,4,-0.024380282713498028,-0.020774155353799166,-0.007971593887347679,-0.012802561466451489,-0.00360612735969888,0.02008103450009167,-0.0191254941290978,-0.004561667730692749,1.0769242823436633,0.9710614239330208,0.28152469953725356,0.19150443927687877
pi,0.8,pi_0p800_gamma_0p25,π = 0.8,0.8,0.25,105,6,5,-0.028606099682355165,-0.02518357217072098,-0.009180607248643226,-0.016002964922077756,-0.0034225275116341767,0.025929708583540594,-0.02384331453858706,-0.005508921556587712,1.0964848364258586,0.9663411573119169,0.28156472057876936,0.19669826709477947
pi,0.8,pi_0p800_gamma_0p25,π = 0.8,0.8,0.25,105,7,6,-0.0321175218975821,-0.029271371417872928,-0.010129496917130717,-0.01914187450074221,-0.0028461504797091725,0.032012351392504905,-0.028489392331580158,-0.006369109540633923,1.1161340132320523,0.9623835747902583,0.28146458178476863,0.20138318674637956
pi,0.8,pi_0p800_gamma_0p25,π = 0.8,0.8,0.25,105,8,7,-0.034942742474753534,-0.03303893191295155,-0.010843018001780775,-0.022195913911170775,-0.0019038105618019879,0.03828089410190575,-0.03304326001811578,-0.007141444645591966,1.135864724001992,0.9590987894920057,0.2812342975299121,0.20556442011133824
pi,0.8,pi_0p800_gamma_0p25,π = 0.8,0.8,0.25,105,9,8,-0.03711414726787509,-0.0364904228510738,-0.01134462548938221,-0.025145797361691594,-0.0006237244168012695,0.04468947024969015,-0.03748612277806134,-0.007827071888430091,1.1556762841520896,0.9564103248214951,0.28088492377304713,0.2092514946313071
pi,0.8,pi_0p800_gamma_0p25,π = 0.8,0.8,0.25,105,10,9,-0.038667051625143674,-0.03963247392565239,-0.011656398162540845,-0.02797607576311155,0.0009654223005087205,0.05119508566446068,-0.04180092169957856,-0.008428741664373405,1.1755734051587334,0.9542529649648157,0.2804281813044604,0.21245738773192302
pi,0.8,pi_0p800_gamma_0p25,π = 0.8,0.8,0.25,105,11,10,-0.03963861369671018,-0.04247380239406742,-0.011798989801691676,-0.03067481259237576,0.00283518869735725,0.05775803726391917,-0.04597237709843737,-0.00895047146812455,1.1955653121392562,0.9525709827954583,0.27987611083006436,0.21519776474957417
pi,0.8,pi_0p800_gamma_0p25,π = 0.8,0.8,0.25,105,12,11,-0.04006692046589708,-0.04502482776363762,-0.011791606593802444,-0.03323322116983519,0.004957907297740538,0.06434213048418158,-0.04998700914722379,-0.009397214039217247,1.215664985477985,0.9513166749286378,0.27924076757404154,0.2174903137833199
pi,0.8,pi_0p800_gamma_0p25,π = 0.8,0.8,0.25,105,13,12,-0.039990232367462804,-0.0472972933161454,-0.011652007261247934,-0.03564528605489748,0.007307060948682596,0.07091473970395142,-0.05383313501928174,-0.009774543735987075,1.235888509444097,0.950449151121725,0.27853395965543004,0.21935417355996698
pi,0.8,pi_0p800_gamma_0p25,π = 0.8,0.8,0.25,105,14,13,-0.03944637338662695,-0.04930390994890654,-0.011396522969538822,-0.037907386979367734,0.009857536562279598,0.07744675227930209,-0.05750084283288713,-0.010088372884135364,1.2562545189326626,0.9499333318328056,0.2777670327854446,0.22080944872646102
pi,0.8,pi_0p800_gamma_0p25,π = 0.8,0.8,0.25,105,15,14,-0.03847225486105454,-0.05105803507290915,-0.011040094783999636,-0.04001794028890954,0.012585780211854644,0.08391243438080194,-0.060981942382185,-0.010344711786762294,1.276783745364566,0.9497391128488244,0.276950704254728,0.2218768053432305
pi,0.8,pi_0p800_gamma_0p25,π = 0.8,0.8,0.25,105,16,15,-0.0371035165986328,-0.052573392244476755,-0.0105963254140791,-0.041977066830397675,0.015469875645843949,0.09028924500469815,-0.06426989572428554,-0.010549473634568656,1.2974986546735914,0.9498406661504304,0.2760949422659495,0.22257713869741433
pi,0.8,pi_0p800_gamma_0p25,π = 0.8,0.8,0.25,105,17,16,-0.03537426224605422,-0.0538638281927503,-0.01007754015688707,-0.04378628803586324,0.018489565946696054,0.09655761811163904,-0.06735973108364231,-0.010708321081300686,1.3184231492221308,0.9502158588284277,0.2752088865500058,0.2229313014095303
pi,0.8,pi_0p800_gamma_0p25,π = 0.8,0.8,0.25,105,18,17,-0.033316882848402056,-0.054943113906646066,-0.009494856676100252,-0.045448257230545824,0.021626231058244,0.10270073250177796,-0.07024794271388586,-0.010826558729648102,1.3395823514107934,0.9508457611067224,0.2743008066227129,0.22295988751347498
pi,0.8,pi_0p800_gamma_0p25,π = 0.8,0.8,0.25,105,19,18,-0.030961943517019714,-0.055824779029295855,-0.008858257955624766,-0.0469665210736711,0.024862835512276183,0.1087042763364678,-0.072932381856446,-0.010909058967745624,1.3610024295982,0.9517142377832817,0.273378089719004,0.22268306039550192
pi,0.8,pi_0p800_gamma_0p25,π = 0.8,0.8,0.25,105,20,19,-0.028338129623963235,-0.05652198398437381,-0.008176668981984596,-0.04834531500238923,0.028183854360410588,0.11455621886667991,-0.07541214077187547,-0.01096022373439386,1.3827104869344649,0.9528076002574333,0.27244725505315975,0.22212042134209933
pi,0.8,pi_0p800_gamma_0p25,π = 0.8,0.8,0.25,105,21,20,-0.02547223753034344,-0.05704742193017124,-0.007458033710526986,-0.04958938821964425,0.03157518439982781,0.12024659003522097,-0.07768743522110261,-0.010983970414290568,1.4047344927694536,0.9541143137982735,0.27151398549953815,0.22129091190440656
pi,0.8,pi_0p800_gamma_0p25,π = 0.8,0.8,0.25,105,22,21,-0.022389196559973533,-0.057413246173354734,-0.006709390934520991,-0.050703855238833744,0.03502404961338119,0.12576727545582145,-0.07975948533531226,-0.010983740507128012,1.4271032473381544,0.9556247509641032,0.27058317597084336,0.22021274134046542
pi,0.8,pi_0p800_gamma_0p25,π = 0.8,0.8,0.25,105,23,22,-0.019112116744601206,-0.05763101893123944,-0.005936947638732737,-0.0516940712925067,0.03851890218663822,0.13111182212315697,-0.08163040075962802,-0.010962519176890737,1.449846374450551,0.9573309850215352,0.2696589881699328,0.2189033381244381
pi,0.8,pi_0p800_gamma_0p25,π = 0.8,0.8,0.25,105,24,23,-0.015662360031008786,-0.05771168197821831,-0.005146150489990696,-0.05256553148822762,0.04204932194720953,0.13627526148343477,-0.08330306967793552,-0.010922869858289741,1.4729943553830243,0.959226612006155,0.2687449126431455,0.21737932202262275
pi,0.8,pi_0p800_gamma_0p25,π = 0.8,0.8,0.25,105,25,24,-0.012059621586859104,-0.05766554072603101,-0.004341753167995491,-0.053323787558035504,0.045605919139171905,0.1412539459770195,-0.08478105377013173,-0.010866973067715866,1.4965785797277813,0.9613066025049217,0.26784383262277817,0.2156564903117895
pi,0.8,pi_0p800_gamma_0p25,π = 0.8,0.8,0.25,105,26,25,-0.008322018047926137,-0.05750225909851864,-0.0035278792052150618,-0.053974379893303566,0.04918024105059249,0.14604539886311219,-0.0860684902684401,-0.010796667544079567,1.520631410664833,0.9635671791333107,0.26695808771204027,0.213749815761639
pi,0.8,pi_0p800_gamma_0p25,π = 0.8,0.8,0.25,105,27,26,-0.004466182561918103,-0.05723086523397363,-0.0027080810233720224,-0.05452278421060161,0.05276468267205553,0.15064817730177796,-0.0871700017952864,-0.010713492834436001,1.5451862734384465,0.9660057131470526,0.26608953557614917,0.21167345574365332
pi,0.8,pi_0p800_gamma_0p25,π = 0.8,0.8,0.25,105,28,27,-0.0005073633481581946,-0.05685976586195971,-0.0018853951436900176,-0.05497437071826969,0.05635240251380149,0.15506174871647335,-0.08809061380436133,-0.010618732398310524,1.5702777665442,0.9686206370815871,0.26523961108902655,0.20944076980434884
pi,0.8,pi_0p800_gamma_0p25,π = 0.8,0.8,0.25,105,29,28,0.0035404810073839206,-0.05639676373665045,-0.0010623922484462995,-0.05533437148820415,0.05993724474403437,0.15928637673174476,-0.08883568037094443,-0.01051345161676594,1.5959417772382325,0.9714113761585834,0.26440938050116136,0.2070643421229689
pi,0.8,pi_0p800_gamma_0p25,π = 0.8,0.8,0.25,105,30,29,0.007664584870933348,-0.05584908171747835,-0.0002412240576177944,-0.05560785765986056,0.0635136665884117,0.16332301942651917,-0.08941081732258599,-0.010398535515521449,1.622215623807124,0.9743782897137316,0.2635995921297227,0.2045560099008122
pi,0.8,pi_0p800_gamma_0p25,π = 0.8,0.8,0.25,105,31,30,0.011853285684661508,-0.05522338623118543,0.000576335037855942,-0.055799721269041376,0.06707667191584694,0.16717323518517077,-0.08982184334402618,-0.010274719925297602,1.649138196428462,0.9775226293913476,0.262810721455975,0.20192689343109257
pi,0.8,pi_0p800_gamma_0p25,π = 0.8,0.8,0.25,105,32,31,0.016095934248401975,-0.054525815638179605,0.0013888489394513167,-0.055914664577630925,0.07062174988658158,0.1708390993810342,-0.09007472770462771,-0.010142621789824884,1.6767501269416059,0.9808465036978179,0.2620430124605436,0.19918743010977857
pi,0.8,pi_0p800_gamma_0p25,π = 0.8,0.8,0.25,105,33,32,0.02038281303095032,-0.05376200623465038,0.002195185620620092,-0.055957191855270476,0.07414481926560068,0.17432312735522,-0.0901755449866885,-0.01000276310293076,1.7050939570486225,0.9843528571001127,0.2612965137178823,0.1963474082136931
pi,0.8,pi_0p800_gamma_0p25,π = 0.8,0.8,0.25,105,34,33,0.02470505299250191,-0.05293712361359153,0.0029944843163363885,-0.05593160792992792,0.07764217660609342,0.17762820666423634,-0.09013043588030771,-0.009855594177835202,1.7342143477937373,0.9880454506794251,0.26057111022175244,0.19341600466039316
pi,0.8,pi_0p800_gamma_0p25,π = 0.8,0.8,0.25,105,35,34,0.029054563535535385,-0.052055887602425084,0.003786128061662458,-0.05584201566408754,0.0811104511379605,0.18075753497654062,-0.08994557290666355,-0.009701510931916554,1.7641582726797762,0.9919288597596769,0.2598665520684888,0.19040181824677338
pi,0.8,pi_0p800_gamma_0p25,π = 0.8,0.8,0.25,105,36,35,0.03342396228618809,-0.051122599951384316,0.00456971791323045,-0.05569231786461477,0.0845465622375724,0.18371456414236145,-0.08962713200425962,-0.009540869900529414,1.7949752446564213,0.996008475012793,0.2591824783998249,0.18731290572324996
pi,0.8,pi_0p800_gamma_0p25,π = 0.8,0.8,0.25,105,37,36,0.037806509808821255,-0.0501411714503832,0.005345049601653138,-0.055486221052036336,0.08794768125920446,0.18650295112324627,-0.08918126811730534,-0.009374001746736431,1.8267175632164212,1.000290510247683,0.2585184389501682,0.1841568168076806
pi,0.8,pi_0p800_gamma_0p25,π = 0.8,0.8,0.25,105,38,37,0.04219604878412228,-0.04911514801207318,0.006112092559437676,-0.055227240571510856,0.09131119679619547,0.18912651314440324,-0.08861409526689766,-0.009201221081310046,1.8594405828392775,1.0047820172521198,0.25787391156771106,0.18094062873083905
pi,0.8,pi_0p800_gamma_0p25,π = 0.8,0.8,0.25,105,39,38,0.04658695119869041,-0.04804773314042391,0.006870972014583456,-0.054918705155007366,0.09463468433911436,0.1915891880047187,-0.08793166951769953,-0.009022834147904776,1.8932029882247745,1.0094909113331745,0.2572483183221737,0.17767097742069898
pi,0.8,pi_0p800_gamma_0p25,π = 0.8,0.8,0.25,105,40,39,0.05097406767479879,-0.04694181051826662,0.007621952563436943,-0.05456376308170356,0.09791587819306538,0.1938949989440336,-0.08713997542394278,-0.008839145327025419,1.9280671005251073,1.01442600209371,0.25664103906576596,0.1743540886803205
pi,0.8,pi_0p800_gamma_0p25,π = 0.8,0.8,0.25,105,41,40,0.055352678354256994,-0.045799967225358014,0.00836542272996574,-0.05416538995532375,0.101152645579615,0.19604802320450684,-0.08624491571959281,-0.008650461905299028,1.9640992225366005,1.019597028031255,0.25605142189724617,0.1709958096202285
pi,0.8,pi_0p800_gamma_0p25,π = 0.8,0.8,0.25,105,42,41,0.05971845029648313,-0.04462451386273918,0.009101881771548408,-0.0537263956342876,0.1043429641592223,0.19805236459287678,-0.08525230282299529,-0.008457097610659159,2.0013700023492933,1.025014700914655,0.2554787928124577,0.16760163687584598
pi,0.8,pi_0p800_gamma_0p25,π = 0.8,0.8,0.25,105,43,42,0.06406740025861365,-0.04341750200774948,0.009831928497152568,-0.05324943050490205,0.10748490226636312,0.19991212925838645,-0.0841678522125153,-0.008259374779508017,2.0399548186124794,1.0306907601577402,0.25492246432306087,0.1641767423312102
pi,0.8,pi_0p800_gamma_0p25,π = 0.8,0.8,0.25,105,44,43,0.06839585625048479,-0.04218074352538104,0.010556250150105407,-0.05273699367548645,0.11057659977586584,0.20163140411356356,-0.082997178511365,-0.008057625826332722,2.0799342223235247,1.0366380299994442,0.2543817412465932,0.1607260001937319
pi,0.8,pi_0p800_gamma_0p25,π = 0.8,0.8,0.25,105,45,44,0.07270042642447436,-0.04091582614920571,0.011275613360152542,-0.052191439509358256,0.11361625257368006,0.2032142385959054,-0.08174579212127799,-0.007852193900947362,2.1213943991234934,1.0428704887924345,0.2538559268537382,0.15725400996374603
pi,0.8,pi_0p800_gamma_0p25,π = 0.8,0.8,0.25,105,46,45,0.07697796674109772,-0.03962413059674235,0.011990855044921988,-0.051614985641664335,0.11660209733784006,0.20466462888590803,-0.08041909791507697,-0.00764343363299102,2.164427694791217,1.0494033425291445,0.2533443270189047,0.15376512033920944
pi,0.8,pi_0p800_gamma_0p25,π = 0.8,0.8,0.25,105,47,46,0.08122555554051177,-0.03830684384363535,0.012702875318768951,-0.05100971916240431,0.11953239938414711,0.20598650384564382,-0.0790223944436022,-0.007431710017894552,2.2091331676142496,1.0562531124608183,0.2528462540972987,0.15026344943087402
pi,0.8,pi_0p800_gamma_0p25,π = 0.8,0.8,0.25,105,48,47,0.0854404691341616,-0.03696497237776421,0.013412630818465481,-0.05037760319622969,0.12240544151192581,0.20718371382562314,-0.07756087406195646,-0.007217398251740951,2.255617199295295,1.0634377314172232,0.25236103061723214,0.1467529042383135
pi,0.8,pi_0p800_gamma_0p25,π = 0.8,0.8,0.25,105,49,48,0.08962015712823113,-0.03559935658287198,0.014121127762434463,-0.049720484345306445,0.1252195137111031,0.20826002075922953,-0.07603962441047069,-0.007000882637655808,2.303994180683497,1.0709766468457407,0.2518879908989698,0.14323720051079464
pi,0.8,pi_0p800_gamma_0p25,π = 0.8,0.8,0.25,105,50,49,0.09376222230098256,-0.034210682776925586,0.014829416197110814,-0.049040098974036404,0.12797290507790815,0.20921909046785014,-0.0744636298439368,-0.006782555546005246,2.3543872508153445,1.078890938186989,0.25142648328808387,0.13971987974969932
pi,0.8,pi_0p800_gamma_0p25,π = 0.8,0.8,0.25,105,51,50,0.0978644043544907,-0.032799493217889705,0.015538585342446848,-0.04833807856033656,0.13066389757238042,0.2100644865793508,-0.07283777297729438,-0.006562816029676069,2.4069290948964506,1.0872034499690368,0.25097587267852317,0.13620432395893375
pi,0.8,pi_0p800_gamma_0p25,π = 0.8,0.8,0.25,105,52,51,0.10192455924651694,-0.03136619975041394,0.016249757423050612,-0.04761595717346455,0.13329075899693094,0.2107996653213716,-0.07116683782736463,-0.006342068497076083,2.461762861036657,1.0959389303006573,0.25053554029741476,0.13269377287484518
pi,0.8,pi_0p800_gamma_0p25,π = 0.8,0.8,0.25,105,53,52,0.10594064961381577,-0.029911091181940037,0.01696408425948728,-0.04687517544142731,0.13585174079575585,0.21142797272212516,-0.06945551109879775,-0.006120720827571609,2.5190431096640062,1.105124195810341,0.25010488671742254,0.12919133468079633
pi,0.8,pi_0p800_gamma_0p25,π = 0.8,0.8,0.25,105,54,53,0.1099107258414509,-0.028434347275042703,0.017682740955130814,-0.046117088230173506,0.13834507311649363,0.21195264244796216,-0.06770838574880843,-0.005899183582660126,2.5789369298204874,1.1147882990213869,0.24968333102306722,0.12570000177744128
pi,0.8,pi_0p800_gamma_0p25,π = 0.8,0.8,0.25,105,55,54,0.11383291759833813,-0.026936046892293848,0.018406922133347523,-0.04534296902564136,0.14076896449063198,0.21237679497422568,-0.06592996279217676,-0.005677867691416974,2.6416251107885187,1.124962724986121,0.24927031234834898,0.12222266060036667
pi,0.8,pi_0p800_gamma_0p25,π = 0.8,0.8,0.25,105,56,55,0.11770542337894718,-0.025416178072263474,0.019137837320739433,-0.044554015393002896,0.1431216014512107,0.21270343829879293,-0.06412465351623033,-0.005457183331351952,2.7073034550916746,1.1356816040582243,0.2488652908791297,0.11876210219993454
pi,0.8,pi_0p800_gamma_0p25,π = 0.8,0.8,0.25,105,57,56,0.12152649949366244,-0.02387464972245161,0.019876705321120167,-0.04375135504357177,0.14540114921611402,0.2129354692668175,-0.06229678195158466,-0.00523753809911883,2.7761842445762026,1.146981941946575,0.24846774736026175,0.1153210330346765
pi,0.8,pi_0p800_gamma_0p25,π = 0.8,0.8,0.25,105,58,57,0.12529445408067744,-0.02231130069893021,0.020624749811120512,-0.042936050510050706,0.14760575477960763,0.21307567658513785,-0.06045058612790204,-0.005019335677628197,2.8484978303574002,1.1589038803223168,0.24807718454191188,0.11190208258226475
pi,0.8,pi_0p800_gamma_0p25,π = 0.8,0.8,0.25,105,59,58,0.12900763884232075,-0.020725911926721602,0.021383193112774146,-0.042109105039495734,0.14973355076904238,0.21312674455571012,-0.058590219712413995,-0.004802974074253779,2.92449442022386,1.1714909761836432,0.2476931267178239,0.10850781207470976
pi,0.8,pi_0p800_gamma_0p25,π = 0.8,0.8,0.25,105,60,59,0.1326644438298274,-0.019118216926526026,0.022153250785828936,-0.041271467712354945,0.15178266075635344,0.21309125769784687,-0.05671975276726127,-0.004588844174232191,3.004446038963811,1.1847905156910743,0.2473151202511964,0.10514072115144697
pi,0.8,pi_0p800_gamma_0p25,π = 0.8,0.8,0.25,105,61,60,0.13626329520897193,-0.017487912283759264,0.02293612585702233,-0.04042403814078158,0.15375120749273122,0.21297170721691686,-0.0548431714910731,-0.004377328233112559,3.088648684336622,1.1988538605586427,0.24694273498320832,0.1018032527200926
pi,0.8,pi_0p800_gamma_0p25,π = 0.8,0.8,0.25,105,62,61,0.13980264930840267,-0.015834671464684015,0.02373300117975851,-0.03956767264444251,0.15563732077308665,0.2127704974434886,-0.05296437845088631,-0.004168798219515681,3.1774247574129775,1.2137368226412408,0.24657556324338026,0.09849779948946809
pi,0.8,pi_0p800_gamma_0p25,π = 0.8,0.8,0.25,105,63,62,0.1432809904121898,-0.014158157776774823,0.024545031862620345,-0.03870318963939516,0.15743914818896465,0.21248995419988315,-0.0510871913673092,-0.003963614643609326,3.2711257365940116,1.2295000803224305,0.24621322040888555,0.09522670800400264
pi,0.8,pi_0p800_gamma_0p25,π = 0.8,0.8,0.25,105,64,63,0.1466968306912449,-0.012458037091605733,0.025373337654736164,-0.037831374746341885,0.15915486778285062,0.21213233358169498,-0.049215341106008795,-0.00376212469283556,3.3701351326113067,1.2462096409058352,0.24585534547752244,0.0919922813916947
pi,0.8,pi_0p800_gamma_0p25,π = 0.8,0.8,0.25,105,65,64,0.15004870997336492,-0.01073399211431997,0.02621899422971302,-0.03695298634403298,0.16078270208768486,0.21169983216611638,-0.04735246898462285,-0.003564661093808671,3.4748717805804294,1.2639373485029215,0.24550160167675894,0.08879678170129444
pi,0.8,pi_0p800_gamma_0p25,π = 0.8,0.8,0.25,105,66,65,0.15333519465696713,-0.00898573894415249,0.027083022771717195,-0.03606876171586968,0.16232093360111963,0.21119459775157848,-0.04550212369338725,-0.003371540457071609,3.5857935205277953,1.2827614389613318,0.2451516756669379,0.08564243230466062
pi,0.8,pi_0p800_gamma_0p25,π = 0.8,0.8,0.25,105,67,66,0.15655488080550112,-0.007213041966643559,0.027966380341621536,-0.03517942230826509,0.1637679227721446,0.21061874146881412,-0.043667756610518076,-0.0031830620861514644,3.703401254940903,1.3027671610508764,0.2448052786975356,0.08253141768809519
pi,0.8,pi_0p800_gamma_0p25,π = 0.8,0.8,0.25,105,68,67,0.15970639468336398,-0.0054157323448631505,0.028869947676712523,-0.034285680021575664,0.1651221270282271,0.20997435043664756,-0.04185271701034748,-0.0029995063980730145,3.8282435062042017,1.3240474519366707,0.24446214560069818,0.07946588408548251
pi,0.8,pi_0p800_gamma_0p25,π = 0.8,0.8,0.25,105,69,68,0.1627883984039955,-0.0035937238475362366,0.029794518494242958,-0.03338824234177919,0.16638212225153176,0.20926350152320958,-0.04006024550623527,-0.002821133765442556,3.9609214402202433,1.346703696475839,0.24412203627506346,0.07644793711647418
pi,0.8,pi_0p800_gamma_0p25,π = 0.8,0.8,0.25,105,70,69,0.16579959102976025,-0.0017470332481880338,0.030740785627849203,-0.032487818876037224,0.16754662427794825,0.208488275122942,-0.03829346777442897,-0.0026481830705647937,4.102094534137319,1.3708465516403476,0.24378473394581812,0.07347964106661328
pi,0.8,pi_0p800_gamma_0p25,π = 0.8,0.8,0.25,105,71,70,0.1687387162302846,0.00012420233035381477,0.03170932867831917,-0.03158512634796534,0.16861451389993076,0.20765077079604743,-0.03655538625839675,-0.0024808706377199194,4.252486824675582,1.3965968710300831,0.24345004673707246,0.07056301456944811
pi,0.8,pi_0p800_gamma_0p25,π = 0.8,0.8,0.25,105,72,71,0.17160456473201324,0.002019704352847268,0.032700599250281626,-0.030680894897434342,0.16958486037916598,0.20675312169556384,-0.034848872386609595,-0.0023193889297882866,4.412893961926196,1.4240867156444201,0.24311780559059157,0.06770002809052153
pi,0.8,pi_0p800_gamma_0p25,π = 0.8,0.8,0.25,105,73,72,0.17439598312445337,0.003939034826909608,0.033714907632670335,-0.02977587280576072,0.17045694829754376,0.20579751090198017,-0.033176656980792786,-0.0021639056236436647,4.5841910099852505,1.4534604841881433,0.24278786550896642,0.06489259801129997
pi,0.8,pi_0p800_gamma_0p25,π = 0.8,0.8,0.25,105,74,73,0.1771118789785775,0.005881576216963064,0.03475240814189458,-0.028870831924931506,0.17123030276161438,0.2047861864003417,-0.031541321032010315,-0.002014562606717021,4.767341227473875,1.4848761572840734,0.24246010410113036,0.062142581783281546
pi,0.8,pi_0p800_gamma_0p25,π = 0.8,0.8,0.25,105,75,74,0.17975122769580754,0.007846512140739415,0.0358130845321984,-0.02796657239145898,0.17190471555506814,0.203721476505956,-0.02994528584217461,-0.0018714751087132594,4.963405874648338,1.5185066762273236,0.24213442063834575,0.059451771729008306
pi,0.8,pi_0p800_gamma_0p25,π = 0.8,0.8,0.25,105,76,75,0.18231308158058473,0.009832810533572607,0.03689673697711502,-0.02706392644354241,0.17248027104701213,0.20260580485371785,-0.028390802640102485,-0.0017347311666032412,5.173555159228877,1.5545414802443842,0.24181073624464366,0.05682188742077746
pi,0.8,pi_0p800_gamma_0p25,π = 0.8,0.8,0.25,105,77,76,0.18479657697921423,0.01183920655594428,0.03800296865212126,-0.02616376209617698,0.17295737042326995,0.2014417040903154,-0.026879942683622905,-0.0016043909834225255,5.399080534607679,1.593188205151734,0.24148899239199423,0.054254568403736235
pi,0.8,pi_0p800_gamma_0p25,π = 0.8,0.8,0.25,105,78,77,0.18720094167589243,0.013864187675425719,0.039131173690138764,-0.02526698601471304,0.17333675400046675,0.20023182830223432,-0.025414587507993656,-0.0014804867937739106,5.641408487234763,1.6346745720202984,0.24116914949621576,0.051751366259052904
pi,0.8,pi_0p800_gamma_0p25,π = 0.8,0.8,0.25,105,79,78,0.18952550458669215,0.015905982139508383,0.040280527219916935,-0.02437454508040855,0.17361952244718376,0.19897896450124655,-0.023996419348419857,-0.0013630227056429204,5.902115956896012,1.6792504912189783,0.24085118663734603,0.049313735523763086
pi,0.8,pi_0p800_gamma_0p25,π = 0.8,0.8,0.25,105,80,79,0.19176970305544902,0.017962549412344053,0.04144997683287107,-0.02348742742052701,0.17380715364310495,0.19768604118323727,-0.02262691270274881,-0.0012519748373835086,6.182947690064649,1.7271903994973028,0.24053509975692586,0.04694302520060024
pi,0.8,pi_0p800_gamma_0p25,π = 0.8,0.8,0.25,105,81,80,0.19393309164386405,0.020031574893535364,0.04263823690738528,-0.022606662013849907,0.17390151675032864,0.1963561352047225,-0.021307326624497788,-0.0011472918298960565,6.485835693341603,1.7787958662704921,0.24022090098947815,0.04464046954931318
pi,0.8,pi_0p800_gamma_0p25,π = 0.8,0.8,0.25,105,82,81,0.19601534862150582,0.022110467882330564,0.043843785321233744,-0.021733317438903176,0.17390488073917523,0.19499247484846374,-0.020038698623885725,-0.0010488954854027805,6.812921142081234,1.8343984946577903,0.23990861651659717,0.04240717959635816
pi,0.8,pi_0p800_gamma_0p25,π = 0.8,0.8,0.25,105,83,82,0.19801628427401882,0.02419636498831834,0.045064863931625274,-0.020868498943306932,0.1738199192857005,0.19359844073647298,-0.01882183977141958,-0.0009566816793529051,7.1665789616323154,1.8943631618433625,0.23959828596365823,0.04024413412539014
pi,0.8,pi_0p800_gamma_0p25,π = 0.8,0.8,0.25,105,84,83,0.19993584753666796,0.026286138490175803,0.04629948288320548,-0.02001334439302967,0.17364970904649213,0.19217756245109685,-0.0176573317352993,-0.0008705216693054124,7.549445510583449,1.9590916382684327,0.23928996124504645,0.038152171429639684
pi,0.8,pi_0p800_gamma_0p25,π = 0.8,0.8,0.25,105,85,84,0.20177413156938517,0.0283764094878053,0.047545428406042214,-0.019169018918236913,0.1733977220815799,0.1907335114917366,-0.016545525875657212,-0.0007902635344994542,7.964449757412738,2.0290266275968025,0.2389837051303875,0.0361319817557536
pi,0.8,pi_0p800_gamma_0p25,π = 0.8,0.8,0.25,105,86,85,0.20353137777433528,0.030463566585905467,0.04880027490960732,-0.018336708323701843,0.1730678111884298,0.18927008967644038,-0.01548654454034321,-0.0007157339476673611,8.414848428882847,2.1046562849324193,0.23867958943191117,0.0341841006428227
pi,0.8,pi_0p800_gamma_0p25,π = 0.8,0.8,0.25,105,87,86,0.205207979168393,0.03254378994465687,0.05006140109513821,-0.01751761115048133,0.17266418922373614,0.18779121391234382,-0.014480284571826796,-0.0006467401167809131,8.90426562503368,2.186519270014741,0.23837769344603,0.03230890304500769
pi,0.8,pi_0p800_gamma_0p25,π = 0.8,0.8,0.25,105,88,87,0.20680448283194106,0.03461308152663201,0.05132601107643488,-0.016712929549802864,0.17219140130530905,0.18630089640349387,-0.013526423076696268,-0.0005830720214885622,9.43673750210326,2.2752104125807153,0.23807810269751142,0.030506598444139808
pi,0.8,pi_0p800_gamma_0p25,π = 0.8,0.8,0.25,105,89,88,0.2083215867584395,0.03666729757809196,0.052591157207499434,-0.015923859629407483,0.17165428918034759,0.18480321989928397,-0.012624425972779237,-0.0005245047461571764,10.016762881189079,2.3713870342726864,0.2377809042808249,0.028777228123387392
pi,0.8,pi_0p800_gamma_0p25,π = 0.8,0.8,0.25,105,90,89,0.20976013728020307,0.03870218704213737,0.0538537676551079,-0.015151580612970535,0.17105795023806572,0.18330230961008168,-0.011773558425312369,-0.0004708009467036078,10.649360376868408,2.4757760428357845,0.23748618345921965,0.027120663051601292
pi,0.8,pi_0p800_gamma_0p25,π = 0.8,0.8,0.25,105,91,90,0.2111211193679512,0.04071343048242042,0.055110674389443115,-0.0143972439070227,0.17040768888553082,0.1818023001912166,-0.01097289783007908,-0.00042171347560668847,11.340133262579194,2.589181850488987,0.2371940155976939,0.025536604131783776
pi,0.8,pi_0p800_gamma_0p25,π = 0.8,0.8,0.25,105,92,91,0.21240564024583625,0.042696678976904885,0.05635864104704774,-0.013661962070142858,0.1697089612689314,0.1803072981441907,-0.010221348894578205,-0.00037698798068109835,12.095343216470768,2.7124952109030414,0.23690445323788403,0.024024584362422604
pi,0.8,pi_0p800_gamma_0p25,π = 0.8,0.8,0.25,105,93,92,0.2136149051774195,0.04464759067926494,0.05759438857074159,-0.012946797891476663,0.1689673144981546,0.1788213404788039,-0.009517660474051634,-0.00033636550659766544,12.921994357663932,2.8467030585540947,0.2366175070733997,0.022583972781606874
pi,0.8,pi_0p800_gamma_0p25,π = 0.8,0.8,0.25,105,94,93,0.21475017507639246,0.046561858010335064,0.05881461260804193,-0.012252754597706876,0.1681883170660574,0.1773483466325118,-0.008860444471444196,-0.00029958509501017946,13.827929798661051,2.992899377633621,0.23633311181832803,0.02121398153093023
pi,0.8,pi_0p800_gamma_0p25,π = 0.8,0.8,0.25,105,95,94,0.21581270334012684,0.04843522171372722,0.060015988896791585,-0.011580767183064368,0.16737748162639962,0.17589206398462762,-0.008248196152464235,-0.00026638620576376705,14.821943126206122,3.152297130899045,0.23605107355366142,0.01991367539585954
pi,0.8,pi_0p800_gamma_0p25,π = 0.8,0.8,0.25,105,96,95,0.2168036336143681,0.050263458719906166,0.06119515478682775,-0.010931696066921582,0.16654017489446193,0.1744560022113028,-0.007679316249712056,-0.00023651106712880158,15.91390888297059,3.326241115755448,0.23577098196921886,0.018681985414584067
pi,0.8,pi_0p800_gamma_0p25,π = 0.8,0.8,0.25,105,97,96,0.217723839533941,0.052042329703870564,0.06234865344999428,-0.01030632374612372,0.16568150983007046,0.17304335134472815,-0.007152134720165412,-0.00020970679449228732,17.114937633065953,3.5162214675541343,0.23549206894218727,0.01751772710182349
pi,0.8,pi_0p800_gamma_0p25,π = 0.8,0.8,0.25,105,98,97,0.21857367069144865,0.053767461103205405,0.06347281687924879,-0.009705355776043378,0.16480620958824324,0.17165687345794836,-0.006664936564344553,-0.00018572730536052496,18.437564551426433,3.723887149201969,0.23521297950235864,0.01641962504644686
pi,0.8,pi_0p800_gamma_0p25,π = 0.8,0.8,0.25,105,99,98,0.21935254918133637,0.05543412290448003,0.06456355068047268,-0.009129427775992651,0.16391842627685632,0.1702987516438379,-0.006215990365026255,-0.0001643350019552946,19.895985849985177,3.951058129096538,0.23493140188548814,0.015386346253742366
pi,0.8,pi_0p800_gamma_0p25,π = 0.8,0.8,0.25,105,100,99,0.2200583273711775,0.05703684068508418,0.06561596156977009,-0.008579120884685907,0.16302148668609326,0.16897036958984954,-0.005803580714311222,-0.00014530218944500811,21.506366735422105,4.199733795597141,0.23464347091896698,0.014416545844484452
pi,0.8,pi_0p800_gamma_0p25,π = 0.8,0.8,0.25,105,101,100,0.22068626403754044,0.0585687439693079,0.06662373315664796,-0.00805498918734006,0.16211752006823252,0.16767197866391106,-0.0054260464006236145,-0.00012841219505487563,23.287260897987224,4.472093106569659,0.23434280726497717,0.013508930521376581
pi,0.8,pi_0p800_gamma_0p25,π = 0.8,0.8,0.25,105,102,101,0.2212273906708164,0.06002049456929231,0.06757809888950435,-0.007557604320212042,0.16120689610152406,0.16640218352260708,-0.005081827199547077,-0.00011346022153591333,25.260210029802288,4.770478339727899,0.2340189724368209,0.012662347869235124
pi,0.8,pi_0p800_gamma_0p25,π = 0.8,0.8,0.25,105,103,102,0.221665903581877,0.0613785449102153,0.06846616997186496,-0.007087625061649662,0.16028735867166163,0.1651571360384937,-0.004769523477091356,-0.00010025388974067113,27.450641879127215,5.097347876878811,0.23365498721978747,0.011875913522029222
pi,0.8,pi_0p800_gamma_0p25,π = 0.8,0.8,0.25,105,104,103,0.2219750006471169,0.06262232644851082,0.06926823018718309,-0.006645903738672276,0.15935267419860605,0.16392926225461882,-0.004487974582036082,-8.861347397665086e-5,29.889273289915746,5.455172073028224,0.2332233501657991,0.011149194016271326
pi,0.8,pi_0p800_gamma_0p25,π = 0.8,0.8,0.25,105,105,104,0.22211023598496268,0.06371972800052954,0.06995337555222182,-0.006233647551692295,0.1583905079844331,0.16270528792813477,-0.004236350902023939,-7.842904167769223e-5,32.614379706453285,5.84622608978392,0.23267969966385324,0.010482458319954896
pi,0.9,pi_0p900_gamma_0p25,π = 0.9,0.9,0.25,105,1,0,0.0,0.0,0.0,0.0,0.0,0.0,0.0,0.0,1.0,1.0,0.2845421074763375,0.1658367809890441
pi,0.9,pi_0p900_gamma_0p25,π = 0.9,0.9,0.25,105,2,1,-0.006075775400493554,-0.005049509521595345,-0.00217366508577889,-0.0028758444358164548,-0.0010262658788981764,0.004485299684575621,-0.004937011094415434,-0.0005745544690583638,1.0174664106205984,0.9923057689963952,0.28481746068596797,0.17246285135850567
pi,0.9,pi_0p900_gamma_0p25,π = 0.9,0.9,0.25,105,3,2,-0.01153784403192169,-0.009862369837889759,-0.004034643769900743,-0.0058277260679890155,-0.001675474194031936,0.009411906598772562,-0.009848476070499778,-0.0012389047223047205,1.0352352001995313,0.9856774618810283,0.2850056658504371,0.17864917876220282
pi,0.9,pi_0p900_gamma_0p25,π = 0.9,0.9,0.25,105,4,3,-0.01637868506799479,-0.01442856284999206,-0.005606008430400713,-0.008822554419591348,-0.0019501222180027286,0.014736537419788137,-0.014712861136424733,-0.001973798501366133,1.0532666351215296,0.9799862310435956,0.2851043483180163,0.1843784283551597
pi,0.9,pi_0p900_gamma_0p25,π = 0.9,0.9,0.25,105,5,4,-0.020598886741134022,-0.018739658158745752,-0.006910172990863053,-0.0118294851678827,-0.0018592285823882306,0.020411825037098846,-0.01951012003531583,-0.002760933584171247,1.0715292724973506,0.9751219109133151,0.2851126287669483,0.18963986684162384
pi,0.9,pi_0p900_gamma_0p25,π = 0.9,0.9,0.25,105,6,5,-0.02420601220254894,-0.022789209417675652,-0.007968813690018275,-0.014820395727657374,-0.0014168027848732846,0.026388098567687965,-0.02422173621552367,-0.003583165137037583,1.0899991655268313,0.9709901684444303,0.28503094558253644,0.1944286931013223
pi,0.9,pi_0p900_gamma_0p25,π = 0.9,0.9,0.25,105,7,6,-0.027213483821087892,-0.026572973354378374,-0.00880279110375461,-0.017770182250623757,-0.000640510466709509,0.03261492439023418,-0.028830740061276505,-0.004424694795667188,1.1086590915090342,0.9675100975054636,0.284860892464109,0.1987453141812209
pi,0.9,pi_0p900_gamma_0p25,π = 0.9,0.9,0.25,105,8,7,-0.02963951610190622,-0.030088979592367476,-0.009432077669230102,-0.020656901923137374,0.0004494634904612675,0.03904239243994548,-0.033321708505399165,-0.005271220444085047,1.1274978130195688,0.9646121950689814,0.2846050653827006,0.20259460609136593
pi,0.9,pi_0p900_gamma_0p25,π = 0.9,0.9,0.25,105,9,8,-0.03150612150819137,-0.03333748262047861,-0.009875694693038922,-0.023461787927439685,0.0018313611122872425,0.04562215052549729,-0.03768075114390693,-0.0061100382693031145,1.1465093843191756,0.962236661003188,0.2842669165427594,0.20598519023339956
pi,0.9,pi_0p900_gamma_0p25,π = 0.9,0.9,0.25,105,10,9,-0.03283820955733495,-0.036320829650977014,-0.010151663018643382,-0.02616916663233363,0.003482620093642081,0.052308204757273574,-0.04189548397455317,-0.006930100689078316,1.1656925238237172,0.9603319655843962,0.28385061670564515,0.20892874883174326
pi,0.9,pi_0p900_gamma_0p25,π = 0.9,0.9,0.25,105,11,10,-0.03366277993266976,-0.0390432651352007,-0.010276966304496283,-0.028766298830704418,0.005380485202530934,0.05905750146650744,-0.04595499492798389,-0.007722021335992601,1.185050037181151,0.9588536496589777,0.28336092102967547,0.21143939295494307
pi,0.9,pi_0p900_gamma_0p25,π = 0.9,0.9,0.25,105,12,11,-0.03400822022058613,-0.041510701141049273,-0.010267529835006565,-0.031243171306042716,0.007502480920463166,0.06583032252741974,-0.04984980002440973,-0.008478041582546834,1.2045883132764168,0.9577633118026918,0.2828030427878812,0.213533093888101
pi,0.9,pi_0p900_gamma_0p25,π = 0.9,0.9,0.25,105,13,12,-0.03390369826401238,-0.04373046516816248,-0.01013821157456409,-0.03359225359359839,0.00982676690415011,0.07259051492778873,-0.05357179395321788,-0.009191954070420722,1.2243168687217354,0.9570277610360947,0.28218253095467616,0.21522718011655387
pi,0.9,pi_0p900_gamma_0p25,π = 0.9,0.9,0.25,105,14,13,-0.03337865258119393,-0.045711046748500565,-0.009902807090173372,-0.0358082396583272,0.01233239416730661,0.07930558855469357,-0.05711419342470657,-0.00985900096268037,1.2442479607453232,0.9566182999578985,0.2815051569684434,0.21653990223608416
pi,0.9,pi_0p900_gamma_0p25,π = 0.9,0.9,0.25,105,15,14,-0.032462365572810424,-0.04746184666565643,-0.009574064180127082,-0.03788778248552934,0.014999481092846025,0.08594670249171917,-0.06047147655403177,-0.010475744844841348,1.2643962404576792,0.9565101258971196,0.2807768078399642,0.21749006114112013
pi,0.9,pi_0p900_gamma_0p25,π = 0.9,0.9,0.25,105,16,15,-0.031183623489698022,-0.048992945529265766,-0.009163708928660062,-0.0398292366006057,0.017809322039567754,0.09248857081365355,-0.06363931688104049,-0.011039931893045299,1.2847784741001234,0.9566818204863977,0.28000339088307835,0.21809669912935195
pi,0.9,pi_0p900_gamma_0p25,π = 0.9,0.9,0.25,105,17,16,-0.02957044088383453,-0.05031488768552196,-0.008682478213606034,-0.04163240947191593,0.020744446801687456,0.09890930278134491,-0.06661451459939038,-0.011550341380267042,1.3054132950983868,0.9571149236801959,0.27919074682073036,0.2183788439739032
pi,0.9,pi_0p900_gamma_0p25,π = 0.9,0.9,0.25,105,18,17,-0.02764985181319245,-0.05143849004302185,-0.008140159314151315,-0.043298330728870536,0.02378863822982939,0.10519020053299172,-0.06939492504228154,-0.012006637260880767,1.3263210066863662,0.9577935717801573,0.27834457485176506,0.21835530394830788
pi,0.9,pi_0p900_gamma_0p25,π = 0.9,0.9,0.25,105,19,18,-0.025447756854407685,-0.05237467585504257,-0.007545634603646295,-0.04482904125139627,0.026926919000634868,0.11131552958030759,-0.07197938510312882,-0.01240922547654388,1.3475234272445682,0.9587041903574643,0.27747036988045065,0.2180445065600116
pi,0.9,pi_0p900_gamma_0p25,π = 0.9,0.9,0.25,105,20,19,-0.022988815598702996,-0.05313433228691054,-0.006906929520413851,-0.0462274027664967,0.03014551668820753,0.11727227389577181,-0.07436763858767549,-0.012759118619888772,1.3690437700827902,0.9598352345852705,0.276573371244039,0.21746437431479484
pi,0.9,pi_0p900_gamma_0p25,π = 0.9,0.9,0.25,105,21,20,-0.020296376985726332,-0.05372819002030538,-0.006231262193084616,-0.047496927827220765,0.03343181303457907,0.12304988267364207,-0.07656026271608411,-0.013057806922978874,1.3909065507598135,0.9611769710180703,0.27565852001594604,0.2166322328286108
pi,0.9,pi_0p900_gamma_0p25,π = 0.9,0.9,0.25,105,22,21,-0.017392442704167645,-0.05416672501379738,-0.005525094225361456,-0.048641630788435926,0.03677428230962972,0.12864002434712912,-0.07855859328489571,-0.01330714875260368,1.4131375245199997,0.9627212927442068,0.2747304316747174,0.2155647439982834
pi,0.9,pi_0p900_gamma_0p25,π = 0.9,0.9,0.25,105,23,22,-0.014297661693540105,-0.05446008350774353,-0.004794182762768726,-0.04966590074497481,0.04016242181420341,0.13403634672818415,-0.08036465254207797,-0.013509272371902761,1.4357636645681005,0.9644615589931433,0.2737933754399111,0.21427786491206574
pi,0.9,pi_0p900_gamma_0p25,π = 0.9,0.9,0.25,105,24,23,-0.011031340462774259,-0.05461802084808003,-0.004043630478490197,-0.05057439036958985,0.043586680385305776,0.13923424900583078,-0.08198107875136373,-0.01366648986916126,1.4588131489766762,0.9663924642366278,0.27285126320514913,0.21278682181852515
pi,0.9,pi_0p900_gamma_0p25,π = 0.9,0.9,0.25,105,25,24,-0.007611474971872529,-0.05464985974187925,-0.0032779356729856573,-0.051371924068893605,0.04703838477000672,0.14423067054246638,-0.08341105787266768,-0.013781227899791982,1.4823153859638323,0.9685099233795657,0.27190764700613435,0.21110610077996284
pi,0.9,pi_0p900_gamma_0p25,π = 0.9,0.9,0.25,105,26,25,-0.0040547904358176155,-0.0545644579781958,-0.002501039150968115,-0.052063418827227696,0.05050966754237824,0.14902389383719808,-0.08465825886248661,-0.013855967432333227,1.5063010434324604,0.9708109803982008,0.2709657222030411,0.2092494478291487
pi,0.9,pi_0p900_gamma_0p25,π = 0.9,0.9,0.25,105,27,26,-0.0003767955888337886,-0.05437019171861246,-0.0017163705282115908,-0.05265382119040087,0.05399339612977868,0.15361336616675333,-0.08572677202101465,-0.013893198015960007,1.5308021155671994,0.9732937272516441,0.2700283365698826,0.20722988053737668
pi,0.9,pi_0p900_gamma_0p25,π = 0.9,0.9,0.25,105,28,27,0.003408160856564557,-0.05407494458985545,-0.0009268907951274723,-0.05314805379472797,0.057483105446420026,0.15799953716185253,-0.08662105110673587,-0.013895380608696634,1.5558519918406872,0.9759572416535562,0.2690980040007367,0.20505970411696262
pi,0.9,pi_0p900_gamma_0p25,π = 0.9,0.9,0.25,105,29,28,0.007286824572431121,-0.05368610875631322,-0.000135133941483239,-0.053550974814829976,0.060972933328744316,0.16218371339697393,-0.08734585944805888,-0.013864920620170746,1.5814855622580781,0.9788015312528923,0.2681769208057163,0.2027505354859723
pi,0.9,pi_0p900_gamma_0p25,π = 0.9,0.9,0.25,105,30,29,0.011246972298050628,-0.05321058826121867,0.0006567555296483598,-0.05386734379086702,0.06445756055926931,0.16616792801185576,-0.08790621987911376,-0.01380414757347271,1.6077393219135483,0.9818274942059834,0.2672669852292715,0.2003133282579512
pi,0.9,pi_0p900_gamma_0p25,π = 0.9,0.9,0.25,105,31,30,0.015277343424235604,-0.052654810861877656,0.0014469863541891686,-0.05410179721606682,0.0679321542861133,0.1699548249041849,-0.08830736906993356,-0.013715301548138045,1.6346515088565308,0.9850368844680893,0.26636981742287347,0.19775840292078556
pi,0.9,pi_0p900_gamma_0p25,π = 0.9,0.9,0.25,105,32,31,0.01936757704101825,-0.05202473942740046,0.0022340884591053193,-0.054258827886505774,0.07139231646841873,0.17354755594725252,-0.08855471550458921,-0.0136005239742446,1.6622622383689218,0.9884322919859916,0.2654867814185631,0.19509547555300671
pi,0.9,pi_0p900_gamma_0p25,π = 0.9,0.9,0.25,105,33,32,0.02350814233156342,-0.05132589174929464,0.00301688140685125,-0.05434277315614588,0.07483403408085808,0.17694969091540355,-0.08865380218843139,-0.013461854646114118,1.6906136829813365,0.9920171233082065,0.26461900607677485,0.19233369188331428
pi,0.9,pi_0p900_gamma_0p25,π = 0.9,0.9,0.25,105,34,33,0.02769028248407714,-0.05056335479556066,0.0037944479523775772,-0.054357802747938215,0.07825363727963783,0.18016513733115058,-0.08861027195900303,-0.013301228092509719,1.7197502297871181,0.995795599999233,0.2637674071783169,0.18948165541442707
pi,0.9,pi_0p900_gamma_0p25,π = 0.9,0.9,0.25,105,35,34,0.03190594703507347,-0.04974180914023018,0.004566106802928042,-0.05430791594315821,0.08164775617530366,0.1831980715460236,-0.08842983799601489,-0.013120477374705081,1.749718704302951,0.9997727522251377,0.26293270748553077,0.18654746285801244
pi,0.9,pi_0p900_gamma_0p25,π = 0.9,0.9,0.25,105,36,35,0.03614773898624225,-0.048865546474870285,0.005331390310345287,-0.05419693678521557,0.08501328546111256,0.1860528771651872,-0.08811825659118545,-0.01292133511288922,1.7805685721814002,1.0039544296242546,0.26211545690271637,0.18353873274695248
pi,0.9,pi_0p900_gamma_0p25,π = 0.9,0.9,0.25,105,37,36,0.0404088599546867,-0.04793849033600351,0.006090023252481585,-0.05402851358848508,0.0883473502906902,0.18873409217192116,-0.08768130364139545,-0.012705438239835568,1.812352176391851,1.008347315241363,0.2613160516308978,0.18046263578462116
pi,0.9,pi_0p900_gamma_0p25,π = 0.9,0.9,0.25,105,38,37,0.04468305692986221,-0.04696421808745005,0.006841903006073556,-0.05380612109352359,0.09164727501731229,0.19124636252355656,-0.08712475455596431,-0.01247433295027999,1.845125004315259,1.0129589438261701,0.26053475111558266,0.17732592538571829
pi,0.9,pi_0p900_gamma_0p25,π = 0.9,0.9,0.25,105,39,38,0.04896457436682223,-0.04594598109934691,0.0075870820635557355,-0.053533063162902635,0.09491055546616914,0.19359440221719648,-0.08645436649093359,-0.012229480260093802,1.8789459706410985,1.017797728791038,0.25977169454102234,0.1741349656836046
pi,0.9,pi_0p900_gamma_0p25,π = 0.9,0.9,0.25,105,40,39,0.053248110924813914,-0.0448867231422705,0.008325752743417084,-0.05321247588568756,0.0981348340670844,0.19578295849920577,-0.08567586309069627,-0.011972261341425152,1.9138777177295088,1.0228729980721398,0.25902691628967656,0.17089575757419903
pi,0.9,pi_0p900_gamma_0p25,π = 0.9,0.9,0.25,105,41,40,0.05752877617931109,-0.04378910040362678,0.00905823250175024,-0.052847332905377006,0.10131787658293788,0.1978167815906247,-0.08479492214993514,-0.011703982857751736,1.9499869577379736,1.0281950331324647,0.2583003589867811,0.16761396551383856
pi,0.9,pi_0p900_gamma_0p25,π = 0.9,0.9,0.25,105,42,41,0.06180205249358436,-0.04265549935737138,0.009784951141763936,-0.0524404504991353,0.10445755185095576,0.19970059914464272,-0.08381716482001735,-0.011425882473669657,1.987344836732634,1.0337751170367928,0.25759188626894985,0.16429494158793984
pi,0.9,pi_0p900_gamma_0p25,π = 0.9,0.9,0.25,105,43,42,0.06606375887954001,-0.041488053743650145,0.010506439455236771,-0.05199449319888691,0.10755181262319019,0.2014390941134059,-0.08274814704392053,-0.011139134446295251,2.026027333101876,1.0396255906597547,0.25690129422612307,0.16094374875526352
pi,0.9,pi_0p900_gamma_0p25,π = 0.9,0.9,0.25,105,44,43,0.07031001694245846,-0.04028866229147947,0.011223318099392424,-0.05151198039087189,0.11059867923393796,0.2030368858765576,-0.08159335269694526,-0.010844853945674447,2.066115701761676,1.0457599128555515,0.256228320795124,0.15756518354437127
pi,0.9,pi_0p900_gamma_0p25,π = 0.9,0.9,0.25,105,45,44,0.07453722197897003,-0.03905900294958517,0.01193628875644627,-0.05099529170603144,0.11359622492855517,0.20449851421431844,-0.0803581878957186,-0.010544101390044735,2.107696942617627,1.0521927341104735,0.25557265525971323,0.15416379578303316
pi,0.9,pi_0p900_gamma_0p25,π = 0.9,0.9,0.25,105,46,45,0.07874201515304846,-0.03780054742595408,0.012646125708339838,-0.05044667313429392,0.11654256257900257,0.205828426148623,-0.07904797671778994,-0.010237886851830547,2.1508643203226625,1.058939977072382,0.2549339466164674,0.15074390788756764
pi,0.9,pi_0p900_gamma_0p25,π = 0.9,0.9,0.25,105,47,46,0.08292125595224499,-0.03651457652211696,0.013353667471683801,-0.04986824399380077,0.11943583247436201,0.2070309644546851,-0.0776679586172737,-0.009927173363049421,2.1957179459770924,1.0660189232551274,0.2543118096983922,0.14730963438768166
pi,0.9,pi_0p900_gamma_0p25,π = 0.9,0.9,0.25,105,48,47,0.08707200066358783,-0.03520219189740509,0.01405981038584744,-0.04926200228325253,0.12227419256099296,0.2081103589960573,-0.07622328583566383,-0.009612880599400528,2.242365392569574,1.0734483153254655,0.2537058324863414,0.14386489773795894
pi,0.9,pi_0p900_gamma_0p25,π = 0.9,0.9,0.25,105,49,48,0.09119147889099892,-0.03386433024042598,0.014765501357825672,-0.048629831598251655,0.12505580913142494,0.20907071919353631,-0.07471902258156787,-0.009295887480543516,2.290922394574524,1.0812484641017375,0.2531155805981006,0.14041344564797031
pi,0.9,pi_0p900_gamma_0p25,π = 0.9,0.9,0.25,105,50,49,0.09527707707793992,-0.03250177293180165,0.015471732946492938,-0.04797350587829459,0.1277788500097416,0.20991602833851736,-0.07316014392480495,-0.008977034403970824,2.3415135837465826,1.0894413756191523,0.2525406031165086,0.13695886429939272
pi,0.9,pi_0p900_gamma_0p25,π = 0.9,0.9,0.25,105,51,50,0.09932631690707446,-0.031115160021628258,0.016179536650242434,-0.047294696671870695,0.13044147692870273,0.2106501396937525,-0.07155153626209587,-0.008657126502953898,2.3942733405908485,1.0980508814239507,0.2519804359817437,0.1335045942385418
pi,0.9,pi_0p900_gamma_0p25,π = 0.9,0.9,0.25,105,52,51,0.10333684458318157,-0.02970499794911864,0.016889979051670195,-0.046594977000788844,0.13304184253230023,0.21127677332848582,-0.06989799690317952,-0.008336933893006075,2.449346674780816,1.1071027945069019,0.25143460671492696,0.13005394067132556
pi,0.9,pi_0p900_gamma_0p25,π = 0.9,0.9,0.25,105,53,52,0.10730641078265266,-0.028271673783519625,0.01760415515966884,-0.04587582894318847,0.13557808456617226,0.21179951501981417,-0.06820423544185578,-0.008017195011786113,2.5068902623546743,1.1166250669836018,0.250902636541704,0.12661008817563196
pi,0.9,pi_0p900_gamma_0p25,π = 0.9,0.9,0.25,105,54,53,0.11123286150763528,-0.02681546327637926,0.01832318453086489,-0.04513864780724416,0.13804832478401455,0.21222181546112256,-0.06647487401611395,-0.00769861666099406,2.5670735290293774,1.126647976697164,0.25038404382146434,0.12317610985562188
pi,0.9,pi_0p900_gamma_0p25,π = 0.9,0.9,0.25,105,55,54,0.11511412629574393,-0.025336541198036237,0.019048206426388124,-0.04438474762442436,0.1404506674937802,0.21254699106681516,-0.06471444814282593,-0.00738187543020898,2.6300798690181484,1.137204328034657,0.2498783466520229,0.1197549775414587
pi,0.9,pi_0p900_gamma_0p25,π = 0.9,0.9,0.25,105,56,55,0.11894820660528772,-0.02383499273642398,0.019780374280720762,-0.043615367017144746,0.14278319934171171,0.21277822600282842,-0.06292740764958243,-0.007067619011534243,2.6961080009677483,1.1483296699989796,0.24938506469457417,0.11634957169265822
pi,0.9,pi_0p900_gamma_0p25,π = 0.9,0.9,0.25,105,57,56,0.12273316842687217,-0.02231082271080639,0.020520851236431305,-0.0428316739472377,0.14504399113767855,0.21291857440021472,-0.06111811723208467,-0.006756466030451461,2.7653734426568755,1.1600625423544342,0.24890372108206643,0.11296268912851368
pi,0.9,pi_0p900_gamma_0p25,π = 0.9,0.9,0.25,105,58,57,0.12646713348470837,-0.02076396715956359,0.02127080424274209,-0.04203477140230568,0.14723110064427194,0.2129709647529961,-0.05929085683543957,-0.006449007273284529,2.838110162760542,1.1724447406252636,0.24843384409133346,0.10959705094661104
pi,0.9,pi_0p900_gamma_0p25,π = 0.9,0.9,0.25,105,59,58,0.13014827303067295,-0.01919430356745199,0.022031398894392863,-0.04122570246184486,0.14934257659812492,0.21293820382787498,-0.057449821890256374,-0.006145805339493651,2.9145723945246047,1.1855216131908093,0.2479749681889498,0.10625530916395011
pi,0.9,pi_0p900_gamma_0p25,π = 0.9,0.9,0.25,105,60,59,0.13377480421683052,-0.017601661174363153,0.02280379388729333,-0.04040545506165649,0.15137646539119368,0.21282298274969436,-0.055599122579638206,-0.005847394778862457,2.9950366328911406,1.1993423886631185,0.247526636124399,0.10294005165291649
pi,0.9,pi_0p900_gamma_0p25,π = 0.9,0.9,0.25,105,61,60,0.137344983894356,-0.01598583381465842,0.02358913406542661,-0.039574967880085035,0.15333081770901444,0.21262788352316475,-0.0537427833637464,-0.005554282450403889,3.079803876725103,1.213960531496974,0.24708839941952232,0.09965380808875483
pi,0.9,pi_0p900_gamma_0p25,π = 0.9,0.9,0.25,105,62,61,0.14085710525832265,-0.014346592364436278,0.02438854334896285,-0.038735135713399135,0.15520369762275898,0.21235538617007718,-0.051884741776401656,-0.005266946770916527,3.169202101702636,1.229434135966349,0.24665981879411444,0.09639905433152318
pi,0.9,pi_0p900_gamma_0p25,π = 0.9,0.9,0.25,105,63,62,0.1443094970276178,-0.012683696651900056,0.02520311780335933,-0.0378868144552594,0.15699319367951786,0.21200787754916817,-0.05002884606038484,-0.004985837809265427,3.2635889882821676,1.2458263644211516,0.24624046595082108,0.09317821498020888
pi,0.9,pi_0p900_gamma_0p25,π = 0.9,0.9,0.25,105,64,63,0.14770052208645326,-0.010996909091197705,0.02603391753639961,-0.037030826627597324,0.15869743117765098,0.21158766021522268,-0.04817885273695574,-0.004711376300615969,3.3633549640471005,1.2632059276947818,0.24582992384594077,0.08999366619026028
pi,0.9,pi_0p900_gamma_0p25,π = 0.9,0.9,0.25,105,65,64,0.15102857617024842,-0.009286009920735182,0.026881957339681295,-0.03616796726041649,0.16031458609098362,0.21109696307426784,-0.04633842331819235,-0.004443953665091881,3.4689265953179222,1.2816476118609454,0.24542778717700947,0.08684773779416964
pi,0.9,pi_0p900_gamma_0p25,π = 0.9,0.9,0.25,105,66,65,0.15429208967762986,-0.007550811493110924,0.027748197699446822,-0.035299009192557754,0.16184290117074074,0.2105379520934391,-0.04451112015153275,-0.00418393077116559,3.580770334619838,1.3012328656208425,0.24503366302474405,0.08374271381806116
pi,0.9,pi_0p900_gamma_0p25,π = 0.9,0.9,0.25,105,67,66,0.15748952808561031,-0.005791175308589128,0.02863353380193365,-0.03442470911052279,0.16328070339419942,0.20991274277972338,-0.04270040164369123,-0.003931637741832723,3.699396716987559,1.3220504415137788,0.24464717105084505,0.08068083299475495
pi,0.9,pi_0p900_gamma_0p25,π = 0.9,0.9,0.25,105,68,67,0.16061939630398955,-0.004007027294513835,0.02953878547526707,-0.033545812769780914,0.16462642359850344,0.2092234126286215,-0.04090961641557314,-0.003687372614544958,3.825364995501382,1.34419711383335,0.24426794442860664,0.07766428728910389
pi,0.9,pi_0p900_gamma_0p25,π = 0.9,0.9,0.25,105,69,68,0.1636802396782214,-0.00219837687255339,0.03046468447990769,-0.03266306135246109,0.1658786165507748,0.20847201484490754,-0.03914199722033895,-0.0034514010737938354,3.9592883576550735,1.367778460431814,0.2438956292712165,0.07469522125119991
pi,0.9,pi_0p900_gamma_0p25,π = 0.9,0.9,0.25,105,70,69,0.1666706502819944,-0.0003653338209826256,0.03141186281767744,-0.03177719663866007,0.16703598410297701,0.20766059271430096,-0.037400653501022105,-0.0032239551103018377,4.101839687279364,1.392909737130112,0.24352988562434175,0.07177572876143487
pi,0.9,pi_0p900_gamma_0p25,π = 0.9,0.9,0.25,105,71,70,0.16958927073431218,0.0014918724640183949,0.032380839372530265,-0.03088896690851188,0.16809739827029377,0.20679119458165135,-0.03568856369018903,-0.003005232621168552,4.253758033366968,1.4197168381849323,0.2431703873327188,0.06890785021091654
pi,0.9,pi_0p900_gamma_0p25,π = 0.9,0.9,0.25,105,72,71,0.17243480024900448,0.003372874219954311,0.03337200653252783,-0.029999132312573524,0.1690619260290502,0.2058658892381867,-0.034008566736317095,-0.002795396472819425,4.415855814042301,1.4483373619516442,0.24281682224512488,0.06609356834667826
pi,0.9,pi_0p900_gamma_0p25,π = 0.9,0.9,0.25,105,73,72,0.1752060002398853,0.00527714639295041,0.034385616642265075,-0.029108470249314674,0.16992885384693493,0.20488678090283383,-0.032363353298187396,-0.002594573757711509,4.589026881102189,1.478921791819909,0.2424688918129246,0.06333480377397076
pi,0.9,pi_0p900_gamma_0p25,π = 0.9,0.9,0.25,105,74,73,0.17790170246569642,0.007203987949277308,0.035421767953830376,-0.028217780004553075,0.17069771451641916,0.2038560260924605,-0.030755456115964044,-0.002402855460077344,4.774255508423008,1.5116348023510102,0.24212631205462912,0.06063340888468848
pi,0.9,pi_0p900_gamma_0p25,π = 0.9,0.9,0.25,105,75,74,0.18052081476812099,0.009152503349754218,0.03648039092224986,-0.027327887572495636,0.1713683114183668,0.20277584802665793,-0.029187240800765967,-0.0022202958075251966,4.972626493046092,1.5466567084363714,0.2417888123890773,0.05799116237983121
pi,0.9,pi_0p900_gamma_0p25,π = 0.9,0.9,0.25,105,76,75,0.1830623303899445,0.011121586074731028,0.037561235347662064,-0.026439649272931035,0.17194074431521347,0.20164855245831667,-0.027660895878699344,-0.0020469122644038644,5.185336413610976,1.5841850765541976,0.241456136728866,0.05540976183542406
pi,0.9,pi_0p900_gamma_0p25,π = 0.9,0.9,0.25,105,77,76,0.18552533522580036,0.013109902510034658,0.038663857722098315,-0.025553955212063658,0.17241543271576568,0.20047654165040424,-0.02617842349209808,-0.001882685442540487,5.413706282694137,1.6244365098217848,0.2411280429163509,0.052890816764485996
pi,0.9,pi_0p900_gamma_0p25,π = 0.9,0.9,0.25,105,78,77,0.1879090162666158,0.015115878329437128,0.039787610085224356,-0.024671731755787227,0.17279313793717868,0.19926232750367803,-0.024741630275156936,-0.0017275592913424426,5.659195714509146,1.6676486344015884,0.24080430280320092,0.05043584085630612
pi,0.9,pi_0p900_gamma_0p25,π = 0.9,0.9,0.25,105,79,78,0.190212669967246,0.01713768725239807,0.04093163039151411,-0.023793943139116043,0.17307498271484792,0.1980085433405861,-0.02335211881167855,-0.001581441814059634,5.923418820512762,1.7140823085572168,0.24048470247481632,0.04804624392072814
pi,0.9,pi_0p900_gamma_0p25,π = 0.9,0.9,0.25,105,80,79,0.1924357107609404,0.019173242862353945,0.04209483489314942,-0.02292159203079548,0.17326246789858646,0.1967179537199796,-0.02201127998814475,-0.0014442058332484464,6.208162047492588,1.7640240818782627,0.24016904248760035,0.04572332366330693
pi,0.9,pi_0p900_gamma_0p25,π = 0.9,0.9,0.25,105,81,80,0.19457767809388818,0.021220193737217095,0.04327591294502936,-0.02205571920781227,0.17335748435667112,0.19539346112385475,-0.020720286624053633,-0.0013156901431300373,6.5154042446429195,1.8177889349355603,0.23985713735395034,0.043468257820576325
pi,0.9,pi_0p900_gamma_0p25,π = 0.9,0.9,0.25,105,82,81,0.19663824542234717,0.02327592301493224,0.04447332463634671,-0.02119740162141448,0.17336232240741495,0.19403811166546236,-0.019480088097053386,-0.0011957011609940926,6.847339162582937,1.8757233340743502,0.2395488168131625,0.04128209564547612
pi,0.9,pi_0p900_gamma_0p25,π = 0.9,0.9,0.25,105,83,82,0.19861722684263355,0.025337552418128715,0.045685301956513186,-0.02034774953838447,0.17327967442450484,0.19265509605694525,-0.018291406887844936,-0.0010840147445954895,7.206400800765126,1.9382086421699647,0.23924392582027754,0.039165750343544185
pi,0.9,pi_0p900_gamma_0p25,π = 0.9,0.9,0.25,105,84,83,0.20051458233730832,0.027401950481752854,0.04690985294575126,-0.01950790246399841,0.17311263185555545,0.19124774723670784,-0.017154736999355935,-0.000980378381796451,7.595291957703203,2.0056649223803906,0.23894232408622249,0.037119992110804245
pi,0.9,pi_0p900_gamma_0p25,π = 0.9,0.9,0.25,105,85,84,0.20233042519806413,0.029465747586356356,0.04814477088450425,-0.0186790232981479,0.17286467761170776,0.18981953538154692,-0.016070343948647904,-0.0008845138211912227,8.017016293996047,2.0785552000153005,0.23864388793295657,0.03514544091426921
pi,0.9,pi_0p900_gamma_0p25,π = 0.9,0.9,0.25,105,86,85,0.2040650241023317,0.031525354150141495,0.04938764601385489,-0.0178622918637134,0.17253966995219022,0.1883740572996637,-0.015038267478178704,-0.0007961198692947574,8.474914592268432,2.1573902143340438,0.23834850893933515,0.033242561293430235
pi,0.9,pi_0p900_gamma_0p25,π = 0.9,0.9,0.25,105,87,86,0.20571880687694044,0.03357698573310788,0.05063588251911842,-0.017058896786010552,0.17214182114383256,0.18691502266983043,-0.014058326083424118,-0.0007148754425737227,8.97270556061956,2.2427337472751185,0.2380560945613964,0.03141165725055189
pi,0.9,pi_0p900_gamma_0p25,π = 0.9,0.9,0.25,105,88,87,0.20729236138553006,0.03561669260342697,0.05188671909358621,-0.016270026490159246,0.17167566878210308,0.18544623567046425,-0.013130123939822434,-0.0006404429485386995,9.514531925385997,2.3352085857776235,0.23776656757991443,0.02965286857499105
pi,0.9,pi_0p900_gamma_0p25,π = 0.9,0.9,0.25,105,89,88,0.2087864325064673,0.03764039263139363,0.05313725212661096,-0.015496859495217343,0.17114603987507365,0.183971571848589,-0.0122530602765557,-0.0005724716969596206,10.105012581764795,2.4355031876860727,0.2374798632632159,0.02796616882429736
pi,0.9,pi_0p900_gamma_0p25,π = 0.9,0.9,0.25,105,90,89,0.21020191797695625,0.03964390883078531,0.054384462629652484,-0.01474055379886718,0.17055800914617097,0.1824949512493941,-0.011426340692376408,-0.0005106014108466792,10.749301536354299,2.544379153695727,0.23719592637754447,0.0263513642498998
pi,0.9,pi_0p900_gamma_0p25,π = 0.9,0.9,0.25,105,91,90,0.21153985777720657,0.04162300756521943,0.05562524369039186,-0.014002236125172431,0.16991685021198713,0.18102030680069364,-0.010648990739599552,-0.00045446584910691486,11.453154815106174,2.662679572026896,0.23691470383244995,0.024808094767804722
pi,0.9,pi_0p900_gamma_0p25,π = 0.9,0.9,0.25,105,92,91,0.21280141736189526,0.04357343672612596,0.05685642780521821,-0.013282991079092255,0.16922798063576935,0.1795515483050152,-0.009919871384566594,-0.000403696284679282,12.223006510517452,2.7913383352955377,0.2366361326709781,0.023335836630227754
pi,0.9,pi_0p900_gamma_0p25,π = 0.9,0.9,0.25,105,93,92,0.2139878605797342,0.04549096014638263,0.05807481085782735,-0.012583850711444713,0.16849690043335158,0.1780925215642866,-0.009237696244221948,-0.00035792488671305115,13.066055575497874,2.9313905033341565,0.2363601197092012,0.021933907208388902
pi,0.9,pi_0p900_gamma_0p25,π = 0.9,0.9,0.25,105,94,93,0.21510050711576348,0.047371383630490975,0.05927716858404311,-0.011905784953552129,0.16772912348527247,0.17664696187361859,-0.008601050406273186,-0.00031678798207293335,13.990365411758903,3.0839837649463537,0.23608650791776883,0.02060147216254029
pi,0.9,pi_0p900_gamma_0p25,π = 0.9,0.9,0.25,105,95,94,0.21614066576170146,0.04921056580100472,0.06046025931394509,-0.011249693512940364,0.16693009996069674,0.17521843971672105,-0.00800841074329596,-0.0002799290127283285,15.00497905484922,3.250390997736287,0.23581502118924774,0.019337555512702942
pi,0.9,pi_0p900_gamma_0p25,π = 0.9,0.9,0.25,105,96,95,0.21710952987494644,0.05100440314836845,0.06162080307920647,-0.010616399930838016,0.16610512672657798,0.17381029560233416,-0.007458167654773224,-0.00024700122098293936,16.120053928562328,3.432023811582253,0.2355451745421865,0.01814105325863114
pi,0.9,pi_0p900_gamma_0p25,π = 0.9,0.9,0.25,105,97,96,0.2180080128473852,0.052748773336662176,0.06275542206469485,-0.01000664872803267,0.165259239510723,0.17242555790453432,-0.006948648344395185,-0.00021767004941611334,17.347022114212066,3.6304467577443513,0.23527612863030392,0.017010751598325644
pi,0.9,pi_0p900_gamma_0p25,π = 0.9,0.9,0.25,105,98,97,0.2188364881260404,0.05443941161488318,0.06386051847106186,-0.009421106856178684,0.1643970765111572,0.17106683362400432,-0.006478141991493436,-0.00019161512135363915,18.69878537645303,3.847391502341101,0.2350064545691129,0.01594535133767097
pi,0.9,pi_0p900_gamma_0p25,π = 0.9,0.9,0.25,105,99,98,0.21959437699511086,0.056071680878174796,0.0649320520136232,-0.008860371135448417,0.16352269611693607,0.16973615547258583,-0.006044927465710715,-0.00016853188993899162,20.189959831439552,4.0847695774113735,0.23473375473722313,0.014943500838456357
pi,0.9,pi_0p900_gamma_0p25,π = 0.9,0.9,0.25,105,100,99,0.22027949317101927,0.05764017274026963,0.06596515681026689,-0.008324984069997264,0.16263932043074963,0.1684347580838698,-0.005647304757808219,-0.00014813289531188063,21.83719489781996,4.344681093385155,0.23445405213765053,0.014003841086540016
pi,0.9,pi_0p900_gamma_0p25,π = 0.9,0.9,0.25,105,101,100,0.22088699885796537,0.059138039897722275,0.06695350141886774,-0.007815461521145466,0.16174895896024308,0.16716273954866262,-0.005283631976909983,-0.00013014861150951635,23.659608134807563,4.62941461237133,0.23416080830757746,0.013125068227336162
pi,0.9,pi_0p900_gamma_0p25,π = 0.9,0.9,0.25,105,102,101,0.22140774015856693,0.06055590063359585,0.06788823802792214,-0.007332337394326288,0.16085183952497106,0.16591853817618757,-0.004952370705896683,-0.00011432794531975672,25.679407227622146,4.941429509989183,0.23384334570870965,0.0123060215324563
pi,0.9,pi_0p900_gamma_0p25,π = 0.9,0.9,0.25,105,103,102,0.22182559145676772,0.06188006109437764,0.06875629417747155,-0.006876233083093915,0.15994553036239004,0.16469811255071312,-0.004652143835763172,-0.00010043835255985212,27.922822411414106,5.283305300506669,0.23348431607024756,0.011545808676333006
pi,0.9,pi_0p900_gamma_0p25,π = 0.9,0.9,0.25,105,104,103,0.22211321822499064,0.06308964859368121,0.06953761201322504,-0.006447963419543834,0.1590235696313094,0.1634936469266456,-0.00438181169467662,-8.826560065954051e-5,30.421564136427726,5.657630273728127,0.23305564175273277,0.01084398590092046
pi,0.9,pi_0p900_gamma_0p25,π = 0.9,0.9,0.25,105,105,104,0.22222531703205817,0.06415200511046296,0.0702007022408747,-0.00604869713041174,0.15807331192159518,0.1622915494897559,-0.004140557827855836,-7.76797403048619e-5,33.21518209212255,6.066780305462506,0.23251206484633166,0.010200802434872598
