survey_date,survey_year,AHP_period,position_side,foreign_group,value_usd_millions,value_usd_billions,share_of_side_total,side_total_usd_millions,side_total_usd_billions,classification,survey_status
1994-12-31,1994,1990Q1-2001Q4,U.S. portfolio equity assets abroad,All other foreign,79285.5,79.2855,0.13994341227844123,566554.0,566.554,Economic-function and location-role grouping,Final historical survey
1994-12-31,1994,1990Q1-2001Q4,U.S. portfolio equity assets abroad,Canada & other advanced,67382.0,67.382,0.11893305845515167,566554.0,566.554,Economic-function and location-role grouping,Final historical survey
1994-12-31,1994,1990Q1-2001Q4,U.S. portfolio equity assets abroad,Commodity exporters,0.25,0.00025,4.4126420429473626e-07,566554.0,566.554,Economic-function and location-role grouping,Final historical survey
1994-12-31,1994,1990Q1-2001Q4,U.S. portfolio equity assets abroad,Core EU-27 (identifiable),98690.25,98.69025,0.17419389855159437,566554.0,566.554,Economic-function and location-role grouping,Final historical survey
1994-12-31,1994,1990Q1-2001Q4,U.S. portfolio equity assets abroad,Financial/offshore centres,116335.0,116.335,0.20533788482651258,566554.0,566.554,Economic-function and location-role grouping,Final historical survey
1994-12-31,1994,1990Q1-2001Q4,U.S. portfolio equity assets abroad,Other East Asian exporters,4820.0,4.82,0.008507573858802514,566554.0,566.554,Economic-function and location-role grouping,Final historical survey
1994-12-31,1994,1990Q1-2001Q4,U.S. portfolio equity assets abroad,United Kingdom,99729.0,99.729,0.176027351320439,566554.0,566.554,Economic-function and location-role grouping,Final historical survey
1994-12-31,1994,1990Q1-2001Q4,U.S. portfolio equity assets abroad,Mainland China,899.0,0.899,0.0015867860786438715,566554.0,566.554,Economic-function and location-role grouping,Final historical survey
1994-12-31,1994,1990Q1-2001Q4,U.S. portfolio equity assets abroad,Japan,99413.0,99.413,0.17546959336621046,566554.0,566.554,Economic-function and location-role grouping,Final historical survey
1997-12-31,1997,1990Q1-2001Q4,U.S. portfolio equity assets abroad,All other foreign,137175.0,137.175,0.1135754897179718,1207787.0,1207.787,Economic-function and location-role grouping,Final historical survey
1997-12-31,1997,1990Q1-2001Q4,U.S. portfolio equity assets abroad,Canada & other advanced,123759.0,123.759,0.10246757085479476,1207787.0,1207.787,Economic-function and location-role grouping,Final historical survey
1997-12-31,1997,1990Q1-2001Q4,U.S. portfolio equity assets abroad,Commodity exporters,28.0,0.028,2.318289565958236e-05,1207787.0,1207.787,Economic-function and location-role grouping,Final historical survey
1997-12-31,1997,1990Q1-2001Q4,U.S. portfolio equity assets abroad,Core EU-27 (identifiable),297745.0,297.745,0.24652111672008392,1207787.0,1207.787,Economic-function and location-role grouping,Final historical survey
1997-12-31,1997,1990Q1-2001Q4,U.S. portfolio equity assets abroad,Financial/offshore centres,283528.0,283.528,0.234750001448931,1207787.0,1207.787,Economic-function and location-role grouping,Final historical survey
1997-12-31,1997,1990Q1-2001Q4,U.S. portfolio equity assets abroad,Other East Asian exporters,9367.0,9.367,0.00775550655868957,1207787.0,1207.787,Economic-function and location-role grouping,Final historical survey
1997-12-31,1997,1990Q1-2001Q4,U.S. portfolio equity assets abroad,United Kingdom,217525.0,217.525,0.18010212065538045,1207787.0,1207.787,Economic-function and location-role grouping,Final historical survey
1997-12-31,1997,1990Q1-2001Q4,U.S. portfolio equity assets abroad,Mainland China,2256.0,2.256,0.0018678790217149216,1207787.0,1207.787,Economic-function and location-role grouping,Final historical survey
1997-12-31,1997,1990Q1-2001Q4,U.S. portfolio equity assets abroad,Japan,136404.0,136.404,0.112937132126774,1207787.0,1207.787,Economic-function and location-role grouping,Final historical survey
2001-12-31,2001,1990Q1-2001Q4,U.S. portfolio equity assets abroad,All other foreign,82005.0,82.005,0.05085035838015518,1612673.0,1612.673,Economic-function and location-role grouping,Final historical survey
2001-12-31,2001,1990Q1-2001Q4,U.S. portfolio equity assets abroad,Canada & other advanced,149946.0,149.946,0.09297979193550088,1612673.0,1612.673,Economic-function and location-role grouping,Final historical survey
2001-12-31,2001,1990Q1-2001Q4,U.S. portfolio equity assets abroad,Commodity exporters,14.0,0.014,8.68123916007771e-06,1612673.0,1612.673,Economic-function and location-role grouping,Final historical survey
2001-12-31,2001,1990Q1-2001Q4,U.S. portfolio equity assets abroad,Core EU-27 (identifiable),345215.0,345.215,0.21406385547473047,1612673.0,1612.673,Economic-function and location-role grouping,Final historical survey
2001-12-31,2001,1990Q1-2001Q4,U.S. portfolio equity assets abroad,Financial/offshore centres,463251.0,463.251,0.2872566230103685,1612673.0,1612.673,Economic-function and location-role grouping,Final historical survey
2001-12-31,2001,1990Q1-2001Q4,U.S. portfolio equity assets abroad,Other East Asian exporters,49144.0,49.144,0.030473629805918497,1612673.0,1612.673,Economic-function and location-role grouping,Final historical survey
2001-12-31,2001,1990Q1-2001Q4,U.S. portfolio equity assets abroad,United Kingdom,350014.0,350.014,0.21703966024110283,1612673.0,1612.673,Economic-function and location-role grouping,Final historical survey
2001-12-31,2001,1990Q1-2001Q4,U.S. portfolio equity assets abroad,Mainland China,2370.0,2.37,0.0014696097720988694,1612673.0,1612.673,Economic-function and location-role grouping,Final historical survey
2001-12-31,2001,1990Q1-2001Q4,U.S. portfolio equity assets abroad,Japan,170714.0,170.714,0.10585779014096472,1612673.0,1612.673,Economic-function and location-role grouping,Final historical survey
2003-12-31,2003,2002Q1-2007Q4,U.S. portfolio equity assets abroad,All other foreign,137347.0,137.347,0.06605050244683143,2079424.0,2079.424,Economic-function and location-role grouping,Final historical survey
2003-12-31,2003,2002Q1-2007Q4,U.S. portfolio equity assets abroad,Canada & other advanced,237915.0,237.915,0.1144138953864147,2079424.0,2079.424,Economic-function and location-role grouping,Final historical survey
2003-12-31,2003,2002Q1-2007Q4,U.S. portfolio equity assets abroad,Commodity exporters,1.0,0.001,4.809024037425749e-07,2079424.0,2079.424,Economic-function and location-role grouping,Final historical survey
2003-12-31,2003,2002Q1-2007Q4,U.S. portfolio equity assets abroad,Core EU-27 (identifiable),407539.0,407.539,0.19598648471884522,2079424.0,2079.424,Economic-function and location-role grouping,Final historical survey
2003-12-31,2003,2002Q1-2007Q4,U.S. portfolio equity assets abroad,Financial/offshore centres,531298.0,531.298,0.2555024853036225,2079424.0,2079.424,Economic-function and location-role grouping,Final historical survey
2003-12-31,2003,2002Q1-2007Q4,U.S. portfolio equity assets abroad,Other East Asian exporters,76091.0,76.091,0.03659234480317627,2079424.0,2079.424,Economic-function and location-role grouping,Final historical survey
2003-12-31,2003,2002Q1-2007Q4,U.S. portfolio equity assets abroad,United Kingdom,420675.0,420.675,0.2023036186944077,2079424.0,2079.424,Economic-function and location-role grouping,Final historical survey
2003-12-31,2003,2002Q1-2007Q4,U.S. portfolio equity assets abroad,Mainland China,13064.0,13.064,0.006282509002492998,2079424.0,2079.424,Economic-function and location-role grouping,Final historical survey
2003-12-31,2003,2002Q1-2007Q4,U.S. portfolio equity assets abroad,Japan,255494.0,255.494,0.12286767874180542,2079424.0,2079.424,Economic-function and location-role grouping,Final historical survey
2004-12-31,2004,2002Q1-2007Q4,U.S. portfolio equity assets abroad,All other foreign,179853.0,179.853,0.07024360866077335,2560418.0,2560.418,Economic-function and location-role grouping,Final historical survey
2004-12-31,2004,2002Q1-2007Q4,U.S. portfolio equity assets abroad,Canada & other advanced,279377.0,279.377,0.10911382438336241,2560418.0,2560.418,Economic-function and location-role grouping,Final historical survey
2004-12-31,2004,2002Q1-2007Q4,U.S. portfolio equity assets abroad,Commodity exporters,1.0,0.001,3.905612286743805e-07,2560418.0,2560.418,Economic-function and location-role grouping,Final historical survey
2004-12-31,2004,2002Q1-2007Q4,U.S. portfolio equity assets abroad,Core EU-27 (identifiable),527001.0,527.001,0.2058261580726272,2560418.0,2560.418,Economic-function and location-role grouping,Final historical survey
2004-12-31,2004,2002Q1-2007Q4,U.S. portfolio equity assets abroad,Financial/offshore centres,675002.0,675.002,0.2636296104776642,2560418.0,2560.418,Economic-function and location-role grouping,Final historical survey
2004-12-31,2004,2002Q1-2007Q4,U.S. portfolio equity assets abroad,Other East Asian exporters,101193.0,101.193,0.039522062413246586,2560418.0,2560.418,Economic-function and location-role grouping,Final historical survey
2004-12-31,2004,2002Q1-2007Q4,U.S. portfolio equity assets abroad,United Kingdom,455919.0,455.919,0.1780642848159949,2560418.0,2560.418,Economic-function and location-role grouping,Final historical survey
2004-12-31,2004,2002Q1-2007Q4,U.S. portfolio equity assets abroad,Mainland China,11645.0,11.645,0.004548085507913161,2560418.0,2560.418,Economic-function and location-role grouping,Final historical survey
2004-12-31,2004,2002Q1-2007Q4,U.S. portfolio equity assets abroad,Japan,330427.0,330.427,0.12905197510718952,2560418.0,2560.418,Economic-function and location-role grouping,Final historical survey
2005-12-31,2005,2002Q1-2007Q4,U.S. portfolio equity assets abroad,All other foreign,268682.0,268.682,0.0809842948664815,3317705.0,3317.705,Economic-function and location-role grouping,Final historical survey
2005-12-31,2005,2002Q1-2007Q4,U.S. portfolio equity assets abroad,Canada & other advanced,374738.0,374.738,0.11295097062577897,3317705.0,3317.705,Economic-function and location-role grouping,Final historical survey
2005-12-31,2005,2002Q1-2007Q4,U.S. portfolio equity assets abroad,Commodity exporters,138.0,0.138,4.1595018243032455e-05,3317705.0,3317.705,Economic-function and location-role grouping,Final historical survey
2005-12-31,2005,2002Q1-2007Q4,U.S. portfolio equity assets abroad,Core EU-27 (identifiable),628637.0,628.637,0.18947947451626954,3317705.0,3317.705,Economic-function and location-role grouping,Final historical survey
2005-12-31,2005,2002Q1-2007Q4,U.S. portfolio equity assets abroad,Financial/offshore centres,820036.0,820.036,0.24716965492712584,3317705.0,3317.705,Economic-function and location-role grouping,Final historical survey
2005-12-31,2005,2002Q1-2007Q4,U.S. portfolio equity assets abroad,Other East Asian exporters,167352.0,167.352,0.05044209777542006,3317705.0,3317.705,Economic-function and location-role grouping,Final historical survey
2005-12-31,2005,2002Q1-2007Q4,U.S. portfolio equity assets abroad,United Kingdom,537891.0,537.891,0.16212743447654326,3317705.0,3317.705,Economic-function and location-role grouping,Final historical survey
2005-12-31,2005,2002Q1-2007Q4,U.S. portfolio equity assets abroad,Mainland China,26888.0,26.888,0.008104397467526498,3317705.0,3317.705,Economic-function and location-role grouping,Final historical survey
2005-12-31,2005,2002Q1-2007Q4,U.S. portfolio equity assets abroad,Japan,493343.0,493.343,0.1487000803266113,3317705.0,3317.705,Economic-function and location-role grouping,Final historical survey
2006-12-31,2006,2002Q1-2007Q4,U.S. portfolio equity assets abroad,All other foreign,384782.0,384.782,0.08888555218805441,4328960.0,4328.96,Economic-function and location-role grouping,Final historical survey
2006-12-31,2006,2002Q1-2007Q4,U.S. portfolio equity assets abroad,Canada & other advanced,462913.0,462.913,0.10693399800413957,4328960.0,4328.96,Economic-function and location-role grouping,Final historical survey
2006-12-31,2006,2002Q1-2007Q4,U.S. portfolio equity assets abroad,Commodity exporters,299.75,0.29975,6.924295904790065e-05,4328960.0,4328.96,Economic-function and location-role grouping,Final historical survey
2006-12-31,2006,2002Q1-2007Q4,U.S. portfolio equity assets abroad,Core EU-27 (identifiable),900284.25,900.28425,0.2079677913401833,4328960.0,4328.96,Economic-function and location-role grouping,Final historical survey
2006-12-31,2006,2002Q1-2007Q4,U.S. portfolio equity assets abroad,Financial/offshore centres,1100902.0,1100.902,0.2543109661442933,4328960.0,4328.96,Economic-function and location-role grouping,Final historical survey
2006-12-31,2006,2002Q1-2007Q4,U.S. portfolio equity assets abroad,Other East Asian exporters,188383.0,188.383,0.0435169186132466,4328960.0,4328.96,Economic-function and location-role grouping,Final historical survey
2006-12-31,2006,2002Q1-2007Q4,U.S. portfolio equity assets abroad,United Kingdom,673978.0,673.978,0.15569051227084565,4328960.0,4328.96,Economic-function and location-role grouping,Final historical survey
2006-12-31,2006,2002Q1-2007Q4,U.S. portfolio equity assets abroad,Mainland China,73912.0,73.912,0.017073846836191602,4328960.0,4328.96,Economic-function and location-role grouping,Final historical survey
2006-12-31,2006,2002Q1-2007Q4,U.S. portfolio equity assets abroad,Japan,543506.0,543.506,0.12555117164399762,4328960.0,4328.96,Economic-function and location-role grouping,Final historical survey
2007-12-31,2007,2002Q1-2007Q4,U.S. portfolio equity assets abroad,All other foreign,589131.75,589.13175,0.11215274452920754,5252941.0,5252.941,Economic-function and location-role grouping,Final historical survey
2007-12-31,2007,2002Q1-2007Q4,U.S. portfolio equity assets abroad,Canada & other advanced,607068.0,607.068,0.11556726032140852,5252941.0,5252.941,Economic-function and location-role grouping,Final historical survey
2007-12-31,2007,2002Q1-2007Q4,U.S. portfolio equity assets abroad,Commodity exporters,2183.0,2.183,0.0004155767216879078,5252941.0,5252.941,Economic-function and location-role grouping,Final historical survey
2007-12-31,2007,2002Q1-2007Q4,U.S. portfolio equity assets abroad,Core EU-27 (identifiable),1137120.25,1137.12025,0.2164730671827458,5252941.0,5252.941,Economic-function and location-role grouping,Final historical survey
2007-12-31,2007,2002Q1-2007Q4,U.S. portfolio equity assets abroad,Financial/offshore centres,1366514.0,1366.514,0.2601426515165504,5252941.0,5252.941,Economic-function and location-role grouping,Final historical survey
2007-12-31,2007,2002Q1-2007Q4,U.S. portfolio equity assets abroad,Other East Asian exporters,210306.0,210.306,0.04003585800792356,5252941.0,5252.941,Economic-function and location-role grouping,Final historical survey
2007-12-31,2007,2002Q1-2007Q4,U.S. portfolio equity assets abroad,United Kingdom,715494.0,715.494,0.13620826885358125,5252941.0,5252.941,Economic-function and location-role grouping,Final historical survey
2007-12-31,2007,2002Q1-2007Q4,U.S. portfolio equity assets abroad,Mainland China,95693.0,95.693,0.018217033086798423,5252941.0,5252.941,Economic-function and location-role grouping,Final historical survey
2007-12-31,2007,2002Q1-2007Q4,U.S. portfolio equity assets abroad,Japan,529431.0,529.431,0.10078753978009652,5252941.0,5252.941,Economic-function and location-role grouping,Final historical survey
2008-12-31,2008,2008Q1-2023Q3,U.S. portfolio equity assets abroad,All other foreign,252882.75,252.88275,0.09200995987524505,2748428.0,2748.428,Economic-function and location-role grouping,Final historical survey
2008-12-31,2008,2008Q1-2023Q3,U.S. portfolio equity assets abroad,Canada & other advanced,291462.0,291.462,0.10604680202646749,2748428.0,2748.428,Economic-function and location-role grouping,Final historical survey
2008-12-31,2008,2008Q1-2023Q3,U.S. portfolio equity assets abroad,Commodity exporters,1086.0,1.086,0.0003951349644232994,2748428.0,2748.428,Economic-function and location-role grouping,Final historical survey
2008-12-31,2008,2008Q1-2023Q3,U.S. portfolio equity assets abroad,Core EU-27 (identifiable),596800.25,596.80025,0.21714239921875342,2748428.0,2748.428,Economic-function and location-role grouping,Final historical survey
2008-12-31,2008,2008Q1-2023Q3,U.S. portfolio equity assets abroad,Financial/offshore centres,741985.0,741.985,0.26996705025563705,2748428.0,2748.428,Economic-function and location-role grouping,Final historical survey
2008-12-31,2008,2008Q1-2023Q3,U.S. portfolio equity assets abroad,Other East Asian exporters,86482.0,86.482,0.03146598710244547,2748428.0,2748.428,Economic-function and location-role grouping,Final historical survey
2008-12-31,2008,2008Q1-2023Q3,U.S. portfolio equity assets abroad,United Kingdom,376861.0,376.861,0.13711874569754057,2748428.0,2748.428,Economic-function and location-role grouping,Final historical survey
2008-12-31,2008,2008Q1-2023Q3,U.S. portfolio equity assets abroad,Mainland China,53269.0,53.269,0.019381624696008046,2748428.0,2748.428,Economic-function and location-role grouping,Final historical survey
2008-12-31,2008,2008Q1-2023Q3,U.S. portfolio equity assets abroad,Japan,347600.0,347.6,0.12647229616347963,2748428.0,2748.428,Economic-function and location-role grouping,Final historical survey
2009-12-31,2009,2008Q1-2023Q3,U.S. portfolio equity assets abroad,All other foreign,504421.75,504.42175,0.12625394370127863,3995295.0,3995.295,Economic-function and location-role grouping,Final historical survey
2009-12-31,2009,2008Q1-2023Q3,U.S. portfolio equity assets abroad,Canada & other advanced,492805.0,492.805,0.12334633612787041,3995295.0,3995.295,Economic-function and location-role grouping,Final historical survey
2009-12-31,2009,2008Q1-2023Q3,U.S. portfolio equity assets abroad,Commodity exporters,1326.0,1.326,0.00033189038606661086,3995295.0,3995.295,Economic-function and location-role grouping,Final historical survey
2009-12-31,2009,2008Q1-2023Q3,U.S. portfolio equity assets abroad,Core EU-27 (identifiable),731292.25,731.29225,0.1830383613725645,3995295.0,3995.295,Economic-function and location-role grouping,Final historical survey
2009-12-31,2009,2008Q1-2023Q3,U.S. portfolio equity assets abroad,Financial/offshore centres,1066768.0,1066.768,0.2670060658849972,3995295.0,3995.295,Economic-function and location-role grouping,Final historical survey
2009-12-31,2009,2008Q1-2023Q3,U.S. portfolio equity assets abroad,Other East Asian exporters,164546.0,164.546,0.04118494379013314,3995295.0,3995.295,Economic-function and location-role grouping,Final historical survey
2009-12-31,2009,2008Q1-2023Q3,U.S. portfolio equity assets abroad,United Kingdom,561670.0,561.67,0.1405828605897687,3995295.0,3995.295,Economic-function and location-role grouping,Final historical survey
2009-12-31,2009,2008Q1-2023Q3,U.S. portfolio equity assets abroad,Mainland China,101616.0,101.616,0.025433916644453037,3995295.0,3995.295,Economic-function and location-role grouping,Final historical survey
2009-12-31,2009,2008Q1-2023Q3,U.S. portfolio equity assets abroad,Japan,370850.0,370.85,0.09282168150286775,3995295.0,3995.295,Economic-function and location-role grouping,Final historical survey
2010-12-31,2010,2008Q1-2023Q3,U.S. portfolio equity assets abroad,All other foreign,638793.5,638.7935,0.13746635397128584,4646908.0,4646.908,Economic-function and location-role grouping,Final historical survey
2010-12-31,2010,2008Q1-2023Q3,U.S. portfolio equity assets abroad,Canada & other advanced,629257.0,629.257,0.135414129137052,4646908.0,4646.908,Economic-function and location-role grouping,Final historical survey
2010-12-31,2010,2008Q1-2023Q3,U.S. portfolio equity assets abroad,Commodity exporters,2177.0,2.177,0.0004684835593904592,4646908.0,4646.908,Economic-function and location-role grouping,Final historical survey
2010-12-31,2010,2008Q1-2023Q3,U.S. portfolio equity assets abroad,Core EU-27 (identifiable),738672.25,738.67225,0.15895994713043599,4646908.0,4646.908,Economic-function and location-role grouping,Final historical survey
2010-12-31,2010,2008Q1-2023Q3,U.S. portfolio equity assets abroad,Financial/offshore centres,1244165.25,1244.16525,0.2677404523610108,4646908.0,4646.908,Economic-function and location-role grouping,Final historical survey
2010-12-31,2010,2008Q1-2023Q3,U.S. portfolio equity assets abroad,Other East Asian exporters,216695.0,216.695,0.04663208309697545,4646908.0,4646.908,Economic-function and location-role grouping,Final historical survey
2010-12-31,2010,2008Q1-2023Q3,U.S. portfolio equity assets abroad,United Kingdom,626428.0,626.428,0.13480533722638796,4646908.0,4646.908,Economic-function and location-role grouping,Final historical survey
2010-12-31,2010,2008Q1-2023Q3,U.S. portfolio equity assets abroad,Mainland China,100624.0,100.624,0.021653968617411836,4646908.0,4646.908,Economic-function and location-role grouping,Final historical survey
2010-12-31,2010,2008Q1-2023Q3,U.S. portfolio equity assets abroad,Japan,450096.0,450.096,0.09685924490004967,4646908.0,4646.908,Economic-function and location-role grouping,Final historical survey
2011-12-31,2011,2008Q1-2023Q3,U.S. portfolio equity assets abroad,All other foreign,511016.75,511.01675,0.11352300087216574,4501438.0,4501.438,Economic-function and location-role grouping,Final historical survey
2011-12-31,2011,2008Q1-2023Q3,U.S. portfolio equity assets abroad,Canada & other advanced,548837.0,548.837,0.12192481602545675,4501438.0,4501.438,Economic-function and location-role grouping,Final historical survey
2011-12-31,2011,2008Q1-2023Q3,U.S. portfolio equity assets abroad,Commodity exporters,2295.0,2.295,0.0005098370787290639,4501438.0,4501.438,Economic-function and location-role grouping,Final historical survey
2011-12-31,2011,2008Q1-2023Q3,U.S. portfolio equity assets abroad,Core EU-27 (identifiable),608918.25,608.91825,0.1352719397668034,4501438.0,4501.438,Economic-function and location-role grouping,Final historical survey
2011-12-31,2011,2008Q1-2023Q3,U.S. portfolio equity assets abroad,Financial/offshore centres,1533928.0,1533.928,0.34076399586087824,4501438.0,4501.438,Economic-function and location-role grouping,Final historical survey
2011-12-31,2011,2008Q1-2023Q3,U.S. portfolio equity assets abroad,Other East Asian exporters,188456.0,188.456,0.04186573268364465,4501438.0,4501.438,Economic-function and location-role grouping,Final historical survey
2011-12-31,2011,2008Q1-2023Q3,U.S. portfolio equity assets abroad,United Kingdom,641919.0,641.919,0.1426030970547634,4501438.0,4501.438,Economic-function and location-role grouping,Final historical survey
2011-12-31,2011,2008Q1-2023Q3,U.S. portfolio equity assets abroad,Mainland China,74727.0,74.727,0.016600695155636933,4501438.0,4501.438,Economic-function and location-role grouping,Final historical survey
2011-12-31,2011,2008Q1-2023Q3,U.S. portfolio equity assets abroad,Japan,391341.0,391.341,0.08693688550192183,4501438.0,4501.438,Economic-function and location-role grouping,Final historical survey
2012-12-31,2012,2008Q1-2023Q3,U.S. portfolio equity assets abroad,All other foreign,619054.75,619.05475,0.1163230710633525,5321857.0,5321.857,Economic-function and location-role grouping,Final historical survey
2012-12-31,2012,2008Q1-2023Q3,U.S. portfolio equity assets abroad,Canada & other advanced,602780.0,602.78,0.1132649749889935,5321857.0,5321.857,Economic-function and location-role grouping,Final historical survey
2012-12-31,2012,2008Q1-2023Q3,U.S. portfolio equity assets abroad,Commodity exporters,3069.0,3.069,0.0005766784037977721,5321857.0,5321.857,Economic-function and location-role grouping,Final historical survey
2012-12-31,2012,2008Q1-2023Q3,U.S. portfolio equity assets abroad,Core EU-27 (identifiable),768610.25,768.61025,0.14442519782098617,5321857.0,5321.857,Economic-function and location-role grouping,Final historical survey
2012-12-31,2012,2008Q1-2023Q3,U.S. portfolio equity assets abroad,Financial/offshore centres,1811990.0,1811.99,0.3404807757893532,5321857.0,5321.857,Economic-function and location-role grouping,Final historical survey
2012-12-31,2012,2008Q1-2023Q3,U.S. portfolio equity assets abroad,Other East Asian exporters,228510.0,228.51,0.04293801956723001,5321857.0,5321.857,Economic-function and location-role grouping,Final historical survey
2012-12-31,2012,2008Q1-2023Q3,U.S. portfolio equity assets abroad,United Kingdom,769231.0,769.231,0.14454183943687327,5321857.0,5321.857,Economic-function and location-role grouping,Final historical survey
2012-12-31,2012,2008Q1-2023Q3,U.S. portfolio equity assets abroad,Mainland China,91363.0,91.363,0.01716750374916124,5321857.0,5321.857,Economic-function and location-role grouping,Final historical survey
2012-12-31,2012,2008Q1-2023Q3,U.S. portfolio equity assets abroad,Japan,427249.0,427.249,0.08028193918025231,5321857.0,5321.857,Economic-function and location-role grouping,Final historical survey
2013-12-31,2013,2008Q1-2023Q3,U.S. portfolio equity assets abroad,All other foreign,587799.0,587.799,0.09080954265004572,6472877.0,6472.877,Economic-function and location-role grouping,Final historical survey
2013-12-31,2013,2008Q1-2023Q3,U.S. portfolio equity assets abroad,Canada & other advanced,629100.0,629.1,0.09719016752519784,6472877.0,6472.877,Economic-function and location-role grouping,Final historical survey
2013-12-31,2013,2008Q1-2023Q3,U.S. portfolio equity assets abroad,Commodity exporters,6338.0,6.338,0.0009791627432438467,6472877.0,6472.877,Economic-function and location-role grouping,Final historical survey
2013-12-31,2013,2008Q1-2023Q3,U.S. portfolio equity assets abroad,Core EU-27 (identifiable),1032193.0,1032.193,0.1594643309304348,6472877.0,6472.877,Economic-function and location-role grouping,Final historical survey
2013-12-31,2013,2008Q1-2023Q3,U.S. portfolio equity assets abroad,Financial/offshore centres,2289824.0,2289.824,0.35375676071088635,6472877.0,6472.877,Economic-function and location-role grouping,Final historical survey
2013-12-31,2013,2008Q1-2023Q3,U.S. portfolio equity assets abroad,Other East Asian exporters,245145.0,245.145,0.03787264920992628,6472877.0,6472.877,Economic-function and location-role grouping,Final historical survey
2013-12-31,2013,2008Q1-2023Q3,U.S. portfolio equity assets abroad,United Kingdom,978137.0,978.137,0.15111317579493633,6472877.0,6472.877,Economic-function and location-role grouping,Final historical survey
2013-12-31,2013,2008Q1-2023Q3,U.S. portfolio equity assets abroad,Mainland China,100574.0,100.574,0.01553775855774797,6472877.0,6472.877,Economic-function and location-role grouping,Final historical survey
2013-12-31,2013,2008Q1-2023Q3,U.S. portfolio equity assets abroad,Japan,603767.0,603.767,0.09327645187758087,6472877.0,6472.877,Economic-function and location-role grouping,Final historical survey
2014-12-31,2014,2008Q1-2023Q3,U.S. portfolio equity assets abroad,All other foreign,616521.75,616.52175,0.09165602091913548,6726473.0,6726.473,Economic-function and location-role grouping,Final historical survey
2014-12-31,2014,2008Q1-2023Q3,U.S. portfolio equity assets abroad,Canada & other advanced,645428.0,645.428,0.09595340678539853,6726473.0,6726.473,Economic-function and location-role grouping,Final historical survey
2014-12-31,2014,2008Q1-2023Q3,U.S. portfolio equity assets abroad,Commodity exporters,9895.0,9.895,0.0014710532548038177,6726473.0,6726.473,Economic-function and location-role grouping,Final historical survey
2014-12-31,2014,2008Q1-2023Q3,U.S. portfolio equity assets abroad,Core EU-27 (identifiable),970697.25,970.69725,0.14430998979703033,6726473.0,6726.473,Economic-function and location-role grouping,Final historical survey
2014-12-31,2014,2008Q1-2023Q3,U.S. portfolio equity assets abroad,Financial/offshore centres,2585694.0,2585.694,0.3844056164352403,6726473.0,6726.473,Economic-function and location-role grouping,Final historical survey
2014-12-31,2014,2008Q1-2023Q3,U.S. portfolio equity assets abroad,Other East Asian exporters,255431.0,255.431,0.037973987258998886,6726473.0,6726.473,Economic-function and location-role grouping,Final historical survey
2014-12-31,2014,2008Q1-2023Q3,U.S. portfolio equity assets abroad,United Kingdom,922176.0,922.176,0.13709651402748513,6726473.0,6726.473,Economic-function and location-role grouping,Final historical survey
2014-12-31,2014,2008Q1-2023Q3,U.S. portfolio equity assets abroad,Mainland China,129054.0,129.054,0.019185983501308932,6726473.0,6726.473,Economic-function and location-role grouping,Final historical survey
2014-12-31,2014,2008Q1-2023Q3,U.S. portfolio equity assets abroad,Japan,591576.0,591.576,0.08794742802059861,6726473.0,6726.473,Economic-function and location-role grouping,Final historical survey
2015-12-31,2015,2008Q1-2023Q3,U.S. portfolio equity assets abroad,All other foreign,499804.0,499.804,0.07398895888686441,6755116.0,6755.116,Economic-function and location-role grouping,Final historical survey
2015-12-31,2015,2008Q1-2023Q3,U.S. portfolio equity assets abroad,Canada & other advanced,556831.0,556.831,0.08243100488577842,6755116.0,6755.116,Economic-function and location-role grouping,Final historical survey
2015-12-31,2015,2008Q1-2023Q3,U.S. portfolio equity assets abroad,Commodity exporters,9657.0,9.657,0.001429583148535125,6755116.0,6755.116,Economic-function and location-role grouping,Final historical survey
2015-12-31,2015,2008Q1-2023Q3,U.S. portfolio equity assets abroad,Core EU-27 (identifiable),1011425.0,1011.425,0.149727258569653,6755116.0,6755.116,Economic-function and location-role grouping,Final historical survey
2015-12-31,2015,2008Q1-2023Q3,U.S. portfolio equity assets abroad,Financial/offshore centres,2740821.0,2740.821,0.4057400346640975,6755116.0,6755.116,Economic-function and location-role grouping,Final historical survey
2015-12-31,2015,2008Q1-2023Q3,U.S. portfolio equity assets abroad,Other East Asian exporters,246572.0,246.572,0.036501519737040786,6755116.0,6755.116,Economic-function and location-role grouping,Final historical survey
2015-12-31,2015,2008Q1-2023Q3,U.S. portfolio equity assets abroad,United Kingdom,896599.0,896.599,0.13272888282007297,6755116.0,6755.116,Economic-function and location-role grouping,Final historical survey
2015-12-31,2015,2008Q1-2023Q3,U.S. portfolio equity assets abroad,Mainland China,102971.0,102.971,0.015243409587636985,6755116.0,6755.116,Economic-function and location-role grouping,Final historical survey
2015-12-31,2015,2008Q1-2023Q3,U.S. portfolio equity assets abroad,Japan,690436.0,690.436,0.10220934770032077,6755116.0,6755.116,Economic-function and location-role grouping,Final historical survey
2016-12-31,2016,2008Q1-2023Q3,U.S. portfolio equity assets abroad,All other foreign,587989.0,587.989,0.08227857134861019,7146320.0,7146.32,Economic-function and location-role grouping,Final historical survey
2016-12-31,2016,2008Q1-2023Q3,U.S. portfolio equity assets abroad,Canada & other advanced,665863.0,665.863,0.09317564844563356,7146320.0,7146.32,Economic-function and location-role grouping,Final historical survey
2016-12-31,2016,2008Q1-2023Q3,U.S. portfolio equity assets abroad,Commodity exporters,11722.0,11.722,0.00164028478993384,7146320.0,7146.32,Economic-function and location-role grouping,Final historical survey
2016-12-31,2016,2008Q1-2023Q3,U.S. portfolio equity assets abroad,Core EU-27 (identifiable),1019607.0,1019.607,0.1426758107669402,7146320.0,7146.32,Economic-function and location-role grouping,Final historical survey
2016-12-31,2016,2008Q1-2023Q3,U.S. portfolio equity assets abroad,Financial/offshore centres,2904596.0,2904.596,0.40644639478780686,7146320.0,7146.32,Economic-function and location-role grouping,Final historical survey
2016-12-31,2016,2008Q1-2023Q3,U.S. portfolio equity assets abroad,Other East Asian exporters,284185.0,284.185,0.03976662114207032,7146320.0,7146.32,Economic-function and location-role grouping,Final historical survey
2016-12-31,2016,2008Q1-2023Q3,U.S. portfolio equity assets abroad,United Kingdom,878262.0,878.262,0.1228970994861691,7146320.0,7146.32,Economic-function and location-role grouping,Final historical survey
2016-12-31,2016,2008Q1-2023Q3,U.S. portfolio equity assets abroad,Mainland China,98597.0,98.597,0.013796891267113703,7146320.0,7146.32,Economic-function and location-role grouping,Final historical survey
2016-12-31,2016,2008Q1-2023Q3,U.S. portfolio equity assets abroad,Japan,695499.0,695.499,0.09732267796572222,7146320.0,7146.32,Economic-function and location-role grouping,Final historical survey
2017-12-31,2017,2008Q1-2023Q3,U.S. portfolio equity assets abroad,All other foreign,807286.75,807.28675,0.08853636016476171,9118138.0,9118.138,Economic-function and location-role grouping,Final historical survey
2017-12-31,2017,2008Q1-2023Q3,U.S. portfolio equity assets abroad,Canada & other advanced,803598.0,803.598,0.0881318093672195,9118138.0,9118.138,Economic-function and location-role grouping,Final historical survey
2017-12-31,2017,2008Q1-2023Q3,U.S. portfolio equity assets abroad,Commodity exporters,13546.0,13.546,0.0014856103296528305,9118138.0,9118.138,Economic-function and location-role grouping,Final historical survey
2017-12-31,2017,2008Q1-2023Q3,U.S. portfolio equity assets abroad,Core EU-27 (identifiable),1355985.25,1355.98525,0.1487129554301547,9118138.0,9118.138,Economic-function and location-role grouping,Final historical survey
2017-12-31,2017,2008Q1-2023Q3,U.S. portfolio equity assets abroad,Financial/offshore centres,3566900.0,3566.9,0.3911873235522428,9118138.0,9118.138,Economic-function and location-role grouping,Final historical survey
2017-12-31,2017,2008Q1-2023Q3,U.S. portfolio equity assets abroad,Other East Asian exporters,419330.0,419.33,0.04598855599684935,9118138.0,9118.138,Economic-function and location-role grouping,Final historical survey
2017-12-31,2017,2008Q1-2023Q3,U.S. portfolio equity assets abroad,United Kingdom,1091108.0,1091.108,0.11966346637877164,9118138.0,9118.138,Economic-function and location-role grouping,Final historical survey
2017-12-31,2017,2008Q1-2023Q3,U.S. portfolio equity assets abroad,Mainland China,157987.0,157.987,0.01732667349408399,9118138.0,9118.138,Economic-function and location-role grouping,Final historical survey
2017-12-31,2017,2008Q1-2023Q3,U.S. portfolio equity assets abroad,Japan,902397.0,902.397,0.0989672452862635,9118138.0,9118.138,Economic-function and location-role grouping,Final historical survey
2018-12-31,2018,2008Q1-2023Q3,U.S. portfolio equity assets abroad,All other foreign,688194.75,688.19475,0.08712052688952154,7899341.0,7899.341,Economic-function and location-role grouping,Final historical survey
2018-12-31,2018,2008Q1-2023Q3,U.S. portfolio equity assets abroad,Canada & other advanced,732315.0,732.315,0.09270583457531457,7899341.0,7899.341,Economic-function and location-role grouping,Final historical survey
2018-12-31,2018,2008Q1-2023Q3,U.S. portfolio equity assets abroad,Commodity exporters,15977.0,15.977,0.00202257378178762,7899341.0,7899.341,Economic-function and location-role grouping,Final historical survey
2018-12-31,2018,2008Q1-2023Q3,U.S. portfolio equity assets abroad,Core EU-27 (identifiable),1117132.25,1117.13225,0.14142094258242555,7899341.0,7899.341,Economic-function and location-role grouping,Final historical survey
2018-12-31,2018,2008Q1-2023Q3,U.S. portfolio equity assets abroad,Financial/offshore centres,3158131.0,3158.131,0.3997967678569643,7899341.0,7899.341,Economic-function and location-role grouping,Final historical survey
2018-12-31,2018,2008Q1-2023Q3,U.S. portfolio equity assets abroad,Other East Asian exporters,348851.0,348.851,0.04416203832699462,7899341.0,7899.341,Economic-function and location-role grouping,Final historical survey
2018-12-31,2018,2008Q1-2023Q3,U.S. portfolio equity assets abroad,United Kingdom,926888.0,926.888,0.11733738295384387,7899341.0,7899.341,Economic-function and location-role grouping,Final historical survey
2018-12-31,2018,2008Q1-2023Q3,U.S. portfolio equity assets abroad,Mainland China,151460.0,151.46,0.019173751329383044,7899341.0,7899.341,Economic-function and location-role grouping,Final historical survey
2018-12-31,2018,2008Q1-2023Q3,U.S. portfolio equity assets abroad,Japan,760392.0,760.392,0.09626018170376491,7899341.0,7899.341,Economic-function and location-role grouping,Final historical survey
2019-12-31,2019,2008Q1-2023Q3,U.S. portfolio equity assets abroad,All other foreign,772129.75,772.12975,0.08146535234069079,9478014.0,9478.014,Economic-function and location-role grouping,Final historical survey
2019-12-31,2019,2008Q1-2023Q3,U.S. portfolio equity assets abroad,Canada & other advanced,894668.0,894.668,0.09439403655660353,9478014.0,9478.014,Economic-function and location-role grouping,Final historical survey
2019-12-31,2019,2008Q1-2023Q3,U.S. portfolio equity assets abroad,Commodity exporters,31915.0,31.915,0.003367266602476004,9478014.0,9478.014,Economic-function and location-role grouping,Final historical survey
2019-12-31,2019,2008Q1-2023Q3,U.S. portfolio equity assets abroad,Core EU-27 (identifiable),1361256.0,1361.256,0.14362249306658548,9478014.0,9478.014,Economic-function and location-role grouping,Final historical survey
2019-12-31,2019,2008Q1-2023Q3,U.S. portfolio equity assets abroad,Financial/offshore centres,3846905.25,3846.90525,0.40587672164231875,9478014.0,9478.014,Economic-function and location-role grouping,Final historical survey
2019-12-31,2019,2008Q1-2023Q3,U.S. portfolio equity assets abroad,Other East Asian exporters,426418.0,426.418,0.04499022685554168,9478014.0,9478.014,Economic-function and location-role grouping,Final historical survey
2019-12-31,2019,2008Q1-2023Q3,U.S. portfolio equity assets abroad,United Kingdom,1013549.0,1013.549,0.10693685407090557,9478014.0,9478.014,Economic-function and location-role grouping,Final historical survey
2019-12-31,2019,2008Q1-2023Q3,U.S. portfolio equity assets abroad,Mainland China,204252.0,204.252,0.02155008422650568,9478014.0,9478.014,Economic-function and location-role grouping,Final historical survey
2019-12-31,2019,2008Q1-2023Q3,U.S. portfolio equity assets abroad,Japan,926921.0,926.921,0.09779696463837255,9478014.0,9478.014,Economic-function and location-role grouping,Final historical survey
2020-12-31,2020,2008Q1-2023Q3,U.S. portfolio equity assets abroad,All other foreign,728746.75,728.74675,0.06865244009052836,10615016.0,10615.016,Economic-function and location-role grouping,Final historical survey
2020-12-31,2020,2008Q1-2023Q3,U.S. portfolio equity assets abroad,Canada & other advanced,1036300.0,1036.3,0.09762585379051714,10615016.0,10615.016,Economic-function and location-role grouping,Final historical survey
2020-12-31,2020,2008Q1-2023Q3,U.S. portfolio equity assets abroad,Commodity exporters,36646.0,36.646,0.003452279299437702,10615016.0,10615.016,Economic-function and location-role grouping,Final historical survey
2020-12-31,2020,2008Q1-2023Q3,U.S. portfolio equity assets abroad,Core EU-27 (identifiable),1499226.25,1499.22625,0.141236362714856,10615016.0,10615.016,Economic-function and location-role grouping,Final historical survey
2020-12-31,2020,2008Q1-2023Q3,U.S. portfolio equity assets abroad,Financial/offshore centres,4549841.0,4549.841,0.4286230939265659,10615016.0,10615.016,Economic-function and location-role grouping,Final historical survey
2020-12-31,2020,2008Q1-2023Q3,U.S. portfolio equity assets abroad,Other East Asian exporters,581516.0,581.516,0.054782395052442694,10615016.0,10615.016,Economic-function and location-role grouping,Final historical survey
2020-12-31,2020,2008Q1-2023Q3,U.S. portfolio equity assets abroad,United Kingdom,919161.0,919.161,0.08659063726328815,10615016.0,10615.016,Economic-function and location-role grouping,Final historical survey
2020-12-31,2020,2008Q1-2023Q3,U.S. portfolio equity assets abroad,Mainland China,251035.0,251.035,0.023649045842229537,10615016.0,10615.016,Economic-function and location-role grouping,Final historical survey
2020-12-31,2020,2008Q1-2023Q3,U.S. portfolio equity assets abroad,Japan,1012544.0,1012.544,0.0953878920201345,10615016.0,10615.016,Economic-function and location-role grouping,Final historical survey
2021-12-31,2021,2008Q1-2023Q3,U.S. portfolio equity assets abroad,All other foreign,806803.75,806.80375,0.06689197278500963,12061294.0,12061.294,Economic-function and location-role grouping,Final historical survey
2021-12-31,2021,2008Q1-2023Q3,U.S. portfolio equity assets abroad,Canada & other advanced,1295915.0,1295.915,0.10744411005983272,12061294.0,12061.294,Economic-function and location-role grouping,Final historical survey
2021-12-31,2021,2008Q1-2023Q3,U.S. portfolio equity assets abroad,Commodity exporters,55461.0,55.461,0.004598262839791485,12061294.0,12061.294,Economic-function and location-role grouping,Final historical survey
2021-12-31,2021,2008Q1-2023Q3,U.S. portfolio equity assets abroad,Core EU-27 (identifiable),1747289.25,1747.28925,0.14486747856407448,12061294.0,12061.294,Economic-function and location-role grouping,Final historical survey
2021-12-31,2021,2008Q1-2023Q3,U.S. portfolio equity assets abroad,Financial/offshore centres,5144556.0,5144.556,0.4265343337124524,12061294.0,12061.294,Economic-function and location-role grouping,Final historical survey
2021-12-31,2021,2008Q1-2023Q3,U.S. portfolio equity assets abroad,Other East Asian exporters,623845.0,623.845,0.051722891424419305,12061294.0,12061.294,Economic-function and location-role grouping,Final historical survey
2021-12-31,2021,2008Q1-2023Q3,U.S. portfolio equity assets abroad,United Kingdom,1088574.0,1088.574,0.0902535001634153,12061294.0,12061.294,Economic-function and location-role grouping,Final historical survey
2021-12-31,2021,2008Q1-2023Q3,U.S. portfolio equity assets abroad,Mainland China,268177.0,268.177,0.022234513145936084,12061294.0,12061.294,Economic-function and location-role grouping,Final historical survey
2021-12-31,2021,2008Q1-2023Q3,U.S. portfolio equity assets abroad,Japan,1030673.0,1030.673,0.08545293730506859,12061294.0,12061.294,Economic-function and location-role grouping,Final historical survey
2022-12-31,2022,2008Q1-2023Q3,U.S. portfolio equity assets abroad,All other foreign,751596.75,751.59675,0.0731144730900415,10279726.0,10279.726,Economic-function and location-role grouping,Final historical survey
2022-12-31,2022,2008Q1-2023Q3,U.S. portfolio equity assets abroad,Canada & other advanced,1113593.0,1113.593,0.10832905468492059,10279726.0,10279.726,Economic-function and location-role grouping,Final historical survey
2022-12-31,2022,2008Q1-2023Q3,U.S. portfolio equity assets abroad,Commodity exporters,66326.0,66.326,0.006452117498073392,10279726.0,10279.726,Economic-function and location-role grouping,Final historical survey
2022-12-31,2022,2008Q1-2023Q3,U.S. portfolio equity assets abroad,Core EU-27 (identifiable),1429898.25,1429.89825,0.1390988680048476,10279726.0,10279.726,Economic-function and location-role grouping,Final historical survey
2022-12-31,2022,2008Q1-2023Q3,U.S. portfolio equity assets abroad,Financial/offshore centres,4461030.0,4461.03,0.4339639013724685,10279726.0,10279.726,Economic-function and location-role grouping,Final historical survey
2022-12-31,2022,2008Q1-2023Q3,U.S. portfolio equity assets abroad,Other East Asian exporters,411500.0,411.5,0.04003024983350723,10279726.0,10279.726,Economic-function and location-role grouping,Final historical survey
2022-12-31,2022,2008Q1-2023Q3,U.S. portfolio equity assets abroad,United Kingdom,975090.0,975.09,0.09485564109393577,10279726.0,10279.726,Economic-function and location-role grouping,Final historical survey
2022-12-31,2022,2008Q1-2023Q3,U.S. portfolio equity assets abroad,Mainland China,226089.0,226.089,0.02199367959807489,10279726.0,10279.726,Economic-function and location-role grouping,Final historical survey
2022-12-31,2022,2008Q1-2023Q3,U.S. portfolio equity assets abroad,Japan,844603.0,844.603,0.08216201482413053,10279726.0,10279.726,Economic-function and location-role grouping,Final historical survey
2023-12-31,2023,Post-AHP 2023Q4-present,U.S. portfolio equity assets abroad,All other foreign,876368.5,876.3685,0.07626114306370227,11491678.0,11491.678,Economic-function and location-role grouping,Final historical survey
2023-12-31,2023,Post-AHP 2023Q4-present,U.S. portfolio equity assets abroad,Canada & other advanced,1230439.0,1230.439,0.10707217866703192,11491678.0,11491.678,Economic-function and location-role grouping,Final historical survey
2023-12-31,2023,Post-AHP 2023Q4-present,U.S. portfolio equity assets abroad,Commodity exporters,75390.0,75.39,0.006560399621360779,11491678.0,11491.678,Economic-function and location-role grouping,Final historical survey
2023-12-31,2023,Post-AHP 2023Q4-present,U.S. portfolio equity assets abroad,Core EU-27 (identifiable),1707109.25,1707.10925,0.14855178242898906,11491678.0,11491.678,Economic-function and location-role grouping,Final historical survey
2023-12-31,2023,Post-AHP 2023Q4-present,U.S. portfolio equity assets abroad,Financial/offshore centres,4805816.25,4805.81625,0.4181996963367752,11491678.0,11491.678,Economic-function and location-role grouping,Final historical survey
2023-12-31,2023,Post-AHP 2023Q4-present,U.S. portfolio equity assets abroad,Other East Asian exporters,542922.0,542.922,0.04724479749606628,11491678.0,11491.678,Economic-function and location-role grouping,Final historical survey
2023-12-31,2023,Post-AHP 2023Q4-present,U.S. portfolio equity assets abroad,United Kingdom,1060736.0,1060.736,0.0923047095472045,11491678.0,11491.678,Economic-function and location-role grouping,Final historical survey
2023-12-31,2023,Post-AHP 2023Q4-present,U.S. portfolio equity assets abroad,Mainland China,201622.0,201.622,0.017545044335561786,11491678.0,11491.678,Economic-function and location-role grouping,Final historical survey
2023-12-31,2023,Post-AHP 2023Q4-present,U.S. portfolio equity assets abroad,Japan,991275.0,991.275,0.08626024850330823,11491678.0,11491.678,Economic-function and location-role grouping,Final historical survey
2024-12-31,2024,Post-AHP 2023Q4-present,U.S. portfolio equity assets abroad,All other foreign,827650.5,827.6505,0.06842851062478793,12095112.0,12095.112,Economic-function and location-role grouping,Final historical survey
2024-12-31,2024,Post-AHP 2023Q4-present,U.S. portfolio equity assets abroad,Canada & other advanced,1298424.0,1298.424,0.10735113490474499,12095112.0,12095.112,Economic-function and location-role grouping,Final historical survey
2024-12-31,2024,Post-AHP 2023Q4-present,U.S. portfolio equity assets abroad,Commodity exporters,84818.0,84.818,0.007012584918601829,12095112.0,12095.112,Economic-function and location-role grouping,Final historical survey
2024-12-31,2024,Post-AHP 2023Q4-present,U.S. portfolio equity assets abroad,Core EU-27 (identifiable),1685281.25,1685.28125,0.13933572917720813,12095112.0,12095.112,Economic-function and location-role grouping,Final historical survey
2024-12-31,2024,Post-AHP 2023Q4-present,U.S. portfolio equity assets abroad,Financial/offshore centres,5141853.25,5141.85325,0.42511828331974105,12095112.0,12095.112,Economic-function and location-role grouping,Final historical survey
2024-12-31,2024,Post-AHP 2023Q4-present,U.S. portfolio equity assets abroad,Other East Asian exporters,632896.0,632.896,0.05232659275912451,12095112.0,12095.112,Economic-function and location-role grouping,Final historical survey
2024-12-31,2024,Post-AHP 2023Q4-present,U.S. portfolio equity assets abroad,United Kingdom,1195672.0,1195.672,0.09885580224474151,12095112.0,12095.112,Economic-function and location-role grouping,Final historical survey
2024-12-31,2024,Post-AHP 2023Q4-present,U.S. portfolio equity assets abroad,Mainland China,224903.0,224.903,0.01859453637138705,12095112.0,12095.112,Economic-function and location-role grouping,Final historical survey
2024-12-31,2024,Post-AHP 2023Q4-present,U.S. portfolio equity assets abroad,Japan,1003614.0,1003.614,0.082976825679663,12095112.0,12095.112,Economic-function and location-role grouping,Final historical survey
2025-12-31,2025,Post-AHP 2023Q4-present,U.S. portfolio equity assets abroad,All other foreign,974223.75,974.22375,0.06389864238043991,15246392.0,15246.392,Economic-function and location-role grouping,Preliminary; released 2026-08-31
2025-12-31,2025,Post-AHP 2023Q4-present,U.S. portfolio equity assets abroad,Canada & other advanced,1756028.0,1756.028,0.11517662670617415,15246392.0,15246.392,Economic-function and location-role grouping,Preliminary; released 2026-08-31
2025-12-31,2025,Post-AHP 2023Q4-present,U.S. portfolio equity assets abroad,Commodity exporters,95119.0,95.119,0.0062387875111698556,15246392.0,15246.392,Economic-function and location-role grouping,Preliminary; released 2026-08-31
2025-12-31,2025,Post-AHP 2023Q4-present,U.S. portfolio equity assets abroad,Core EU-27 (identifiable),2183765.0,2183.765,0.14323159210388922,15246392.0,15246.392,Economic-function and location-role grouping,Preliminary; released 2026-08-31
2025-12-31,2025,Post-AHP 2023Q4-present,U.S. portfolio equity assets abroad,Financial/offshore centres,6100026.25,6100.02625,0.4000963801796517,15246392.0,15246.392,Economic-function and location-role grouping,Preliminary; released 2026-08-31
2025-12-31,2025,Post-AHP 2023Q4-present,U.S. portfolio equity assets abroad,Other East Asian exporters,1028223.0,1028.223,0.06744041475517618,15246392.0,15246.392,Economic-function and location-role grouping,Preliminary; released 2026-08-31
2025-12-31,2025,Post-AHP 2023Q4-present,U.S. portfolio equity assets abroad,United Kingdom,1541913.0,1541.913,0.10113297624775751,15246392.0,15246.392,Economic-function and location-role grouping,Preliminary; released 2026-08-31
2025-12-31,2025,Post-AHP 2023Q4-present,U.S. portfolio equity assets abroad,Mainland China,300130.0,300.13,0.019685313089155783,15246392.0,15246.392,Economic-function and location-role grouping,Preliminary; released 2026-08-31
2025-12-31,2025,Post-AHP 2023Q4-present,U.S. portfolio equity assets abroad,Japan,1266964.0,1266.964,0.0830992670265857,15246392.0,15246.392,Economic-function and location-role grouping,Preliminary; released 2026-08-31
1994-12-31,1994,1990Q1-2001Q4,U.S. portfolio equity liabilities to foreigners,All other foreign,27279.0,27.279,0.06859138603430198,397703.0,397.703,Economic-function and location-role grouping,Final historical survey
1994-12-31,1994,1990Q1-2001Q4,U.S. portfolio equity liabilities to foreigners,Canada & other advanced,55727.0,55.727,0.14012215145472878,397703.0,397.703,Economic-function and location-role grouping,Final historical survey
1994-12-31,1994,1990Q1-2001Q4,U.S. portfolio equity liabilities to foreigners,Commodity exporters,18789.0,18.789,0.04724379750718501,397703.0,397.703,Economic-function and location-role grouping,Final historical survey
1994-12-31,1994,1990Q1-2001Q4,U.S. portfolio equity liabilities to foreigners,Core EU-27 (identifiable),39031.0,39.031,0.098141075123899,397703.0,397.703,Economic-function and location-role grouping,Final historical survey
1994-12-31,1994,1990Q1-2001Q4,U.S. portfolio equity liabilities to foreigners,Financial/offshore centres,132167.0,132.167,0.332325881373789,397703.0,397.703,Economic-function and location-role grouping,Final historical survey
1994-12-31,1994,1990Q1-2001Q4,U.S. portfolio equity liabilities to foreigners,Other East Asian exporters,1183.0,1.183,0.002974581534461646,397703.0,397.703,Economic-function and location-role grouping,Final historical survey
1994-12-31,1994,1990Q1-2001Q4,U.S. portfolio equity liabilities to foreigners,United Kingdom,89588.0,89.588,0.22526357608567196,397703.0,397.703,Economic-function and location-role grouping,Final historical survey
1994-12-31,1994,1990Q1-2001Q4,U.S. portfolio equity liabilities to foreigners,Mainland China,135.0,0.135,0.00033944928753366205,397703.0,397.703,Economic-function and location-role grouping,Final historical survey
1994-12-31,1994,1990Q1-2001Q4,U.S. portfolio equity liabilities to foreigners,Japan,33804.0,33.804,0.08499810159842898,397703.0,397.703,Economic-function and location-role grouping,Final historical survey
2000-03-31,2000,1990Q1-2001Q4,U.S. portfolio equity liabilities to foreigners,All other foreign,90658.0,90.658,0.05304249226812267,1709158.0,1709.158,Economic-function and location-role grouping,Final historical survey
2000-03-31,2000,1990Q1-2001Q4,U.S. portfolio equity liabilities to foreigners,Canada & other advanced,207187.0,207.187,0.1212216775745718,1709158.0,1709.158,Economic-function and location-role grouping,Final historical survey
2000-03-31,2000,1990Q1-2001Q4,U.S. portfolio equity liabilities to foreigners,Commodity exporters,42555.0,42.555,0.024898224739901168,1709158.0,1709.158,Economic-function and location-role grouping,Final historical survey
2000-03-31,2000,1990Q1-2001Q4,U.S. portfolio equity liabilities to foreigners,Core EU-27 (identifiable),264769.0,264.769,0.1549119507968251,1709158.0,1709.158,Economic-function and location-role grouping,Final historical survey
2000-03-31,2000,1990Q1-2001Q4,U.S. portfolio equity liabilities to foreigners,Financial/offshore centres,629472.0,629.472,0.3682936276224901,1709158.0,1709.158,Economic-function and location-role grouping,Final historical survey
2000-03-31,2000,1990Q1-2001Q4,U.S. portfolio equity liabilities to foreigners,Other East Asian exporters,7165.0,7.165,0.0041921226709291945,1709158.0,1709.158,Economic-function and location-role grouping,Final historical survey
2000-03-31,2000,1990Q1-2001Q4,U.S. portfolio equity liabilities to foreigners,United Kingdom,321486.0,321.486,0.18809612686480712,1709158.0,1709.158,Economic-function and location-role grouping,Final historical survey
2000-03-31,2000,1990Q1-2001Q4,U.S. portfolio equity liabilities to foreigners,Mainland China,1398.0,1.398,0.0008179466146488505,1709158.0,1709.158,Economic-function and location-role grouping,Final historical survey
2000-03-31,2000,1990Q1-2001Q4,U.S. portfolio equity liabilities to foreigners,Japan,144468.0,144.468,0.08452583084770396,1709158.0,1709.158,Economic-function and location-role grouping,Final historical survey
2002-06-30,2002,2002Q1-2007Q4,U.S. portfolio equity liabilities to foreigners,All other foreign,58127.0,58.127,0.04165609623606674,1395402.0,1395.402,Economic-function and location-role grouping,Final historical survey
2002-06-30,2002,2002Q1-2007Q4,U.S. portfolio equity liabilities to foreigners,Canada & other advanced,207366.0,207.366,0.14860663808708888,1395402.0,1395.402,Economic-function and location-role grouping,Final historical survey
2002-06-30,2002,2002Q1-2007Q4,U.S. portfolio equity liabilities to foreigners,Commodity exporters,39368.0,39.368,0.02821265843104711,1395402.0,1395.402,Economic-function and location-role grouping,Final historical survey
2002-06-30,2002,2002Q1-2007Q4,U.S. portfolio equity liabilities to foreigners,Core EU-27 (identifiable),205231.0,205.231,0.14707661304770955,1395402.0,1395.402,Economic-function and location-role grouping,Final historical survey
2002-06-30,2002,2002Q1-2007Q4,U.S. portfolio equity liabilities to foreigners,Financial/offshore centres,563132.0,563.132,0.4035625575998888,1395402.0,1395.402,Economic-function and location-role grouping,Final historical survey
2002-06-30,2002,2002Q1-2007Q4,U.S. portfolio equity liabilities to foreigners,Other East Asian exporters,5231.0,5.231,0.0037487405063200427,1395402.0,1395.402,Economic-function and location-role grouping,Final historical survey
2002-06-30,2002,2002Q1-2007Q4,U.S. portfolio equity liabilities to foreigners,United Kingdom,194323.0,194.323,0.13925951087930216,1395402.0,1395.402,Economic-function and location-role grouping,Final historical survey
2002-06-30,2002,2002Q1-2007Q4,U.S. portfolio equity liabilities to foreigners,Mainland China,4034.0,4.034,0.0028909231891598264,1395402.0,1395.402,Economic-function and location-role grouping,Final historical survey
2002-06-30,2002,2002Q1-2007Q4,U.S. portfolio equity liabilities to foreigners,Japan,118590.0,118.59,0.08498626202341691,1395402.0,1395.402,Economic-function and location-role grouping,Final historical survey
2003-06-30,2003,2002Q1-2007Q4,U.S. portfolio equity liabilities to foreigners,All other foreign,38424.75,38.42475,0.024562192451223677,1564386.0,1564.386,Economic-function and location-role grouping,Final historical survey
2003-06-30,2003,2002Q1-2007Q4,U.S. portfolio equity liabilities to foreigners,Canada & other advanced,243575.0,243.575,0.15570006379499687,1564386.0,1564.386,Economic-function and location-role grouping,Final historical survey
2003-06-30,2003,2002Q1-2007Q4,U.S. portfolio equity liabilities to foreigners,Commodity exporters,45119.25,45.11925,0.02884150714721303,1564386.0,1564.386,Economic-function and location-role grouping,Final historical survey
2003-06-30,2003,2002Q1-2007Q4,U.S. portfolio equity liabilities to foreigners,Core EU-27 (identifiable),210958.0,210.958,0.13485035023325445,1564386.0,1564.386,Economic-function and location-role grouping,Final historical survey
2003-06-30,2003,2002Q1-2007Q4,U.S. portfolio equity liabilities to foreigners,Financial/offshore centres,690388.0,690.388,0.441315634376682,1564386.0,1564.386,Economic-function and location-role grouping,Final historical survey
2003-06-30,2003,2002Q1-2007Q4,U.S. portfolio equity liabilities to foreigners,Other East Asian exporters,5616.0,5.616,0.003589906838849235,1564386.0,1564.386,Economic-function and location-role grouping,Final historical survey
2003-06-30,2003,2002Q1-2007Q4,U.S. portfolio equity liabilities to foreigners,United Kingdom,193785.0,193.785,0.12387288047834742,1564386.0,1564.386,Economic-function and location-role grouping,Final historical survey
2003-06-30,2003,2002Q1-2007Q4,U.S. portfolio equity liabilities to foreigners,Mainland China,1896.0,1.896,0.0012119770951670495,1564386.0,1564.386,Economic-function and location-role grouping,Final historical survey
2003-06-30,2003,2002Q1-2007Q4,U.S. portfolio equity liabilities to foreigners,Japan,134624.0,134.624,0.08605548758426629,1564386.0,1564.386,Economic-function and location-role grouping,Final historical survey
2004-06-30,2004,2002Q1-2007Q4,U.S. portfolio equity liabilities to foreigners,All other foreign,46766.75,46.76675,0.02422521327387375,1930499.0,1930.499,Economic-function and location-role grouping,Final historical survey
2004-06-30,2004,2002Q1-2007Q4,U.S. portfolio equity liabilities to foreigners,Canada & other advanced,294718.0,294.718,0.15266415574418843,1930499.0,1930.499,Economic-function and location-role grouping,Final historical survey
2004-06-30,2004,2002Q1-2007Q4,U.S. portfolio equity liabilities to foreigners,Commodity exporters,68682.25,68.68225,0.03557745950658353,1930499.0,1930.499,Economic-function and location-role grouping,Final historical survey
2004-06-30,2004,2002Q1-2007Q4,U.S. portfolio equity liabilities to foreigners,Core EU-27 (identifiable),265027.0,265.027,0.1372841943974071,1930499.0,1930.499,Economic-function and location-role grouping,Final historical survey
2004-06-30,2004,2002Q1-2007Q4,U.S. portfolio equity liabilities to foreigners,Financial/offshore centres,828872.0,828.872,0.4293563477629359,1930499.0,1930.499,Economic-function and location-role grouping,Final historical survey
2004-06-30,2004,2002Q1-2007Q4,U.S. portfolio equity liabilities to foreigners,Other East Asian exporters,8807.0,8.807,0.00456203292516598,1930499.0,1930.499,Economic-function and location-role grouping,Final historical survey
2004-06-30,2004,2002Q1-2007Q4,U.S. portfolio equity liabilities to foreigners,United Kingdom,252695.0,252.695,0.1308962087004448,1930499.0,1930.499,Economic-function and location-role grouping,Final historical survey
2004-06-30,2004,2002Q1-2007Q4,U.S. portfolio equity liabilities to foreigners,Mainland China,2523.0,2.523,0.0013069159838984636,1930499.0,1930.499,Economic-function and location-role grouping,Final historical survey
2004-06-30,2004,2002Q1-2007Q4,U.S. portfolio equity liabilities to foreigners,Japan,162408.0,162.408,0.08412747170550205,1930499.0,1930.499,Economic-function and location-role grouping,Final historical survey
2005-06-30,2005,2002Q1-2007Q4,U.S. portfolio equity liabilities to foreigners,All other foreign,49034.0,49.034,0.02287156260713611,2143885.0,2143.885,Economic-function and location-role grouping,Final historical survey
2005-06-30,2005,2002Q1-2007Q4,U.S. portfolio equity liabilities to foreigners,Canada & other advanced,326420.0,326.42,0.15225630106092444,2143885.0,2143.885,Economic-function and location-role grouping,Final historical survey
2005-06-30,2005,2002Q1-2007Q4,U.S. portfolio equity liabilities to foreigners,Commodity exporters,82473.0,82.473,0.0384689477280731,2143885.0,2143.885,Economic-function and location-role grouping,Final historical survey
2005-06-30,2005,2002Q1-2007Q4,U.S. portfolio equity liabilities to foreigners,Core EU-27 (identifiable),284926.0,284.926,0.13290171814253096,2143885.0,2143.885,Economic-function and location-role grouping,Final historical survey
2005-06-30,2005,2002Q1-2007Q4,U.S. portfolio equity liabilities to foreigners,Financial/offshore centres,952632.0,952.632,0.44434846085494323,2143885.0,2143.885,Economic-function and location-role grouping,Final historical survey
2005-06-30,2005,2002Q1-2007Q4,U.S. portfolio equity liabilities to foreigners,Other East Asian exporters,7820.0,7.82,0.003647583709014243,2143885.0,2143.885,Economic-function and location-role grouping,Final historical survey
2005-06-30,2005,2002Q1-2007Q4,U.S. portfolio equity liabilities to foreigners,United Kingdom,260364.0,260.364,0.12144494690713355,2143885.0,2143.885,Economic-function and location-role grouping,Final historical survey
2005-06-30,2005,2002Q1-2007Q4,U.S. portfolio equity liabilities to foreigners,Mainland China,2542.0,2.542,0.0011856979268943997,2143885.0,2143.885,Economic-function and location-role grouping,Final historical survey
2005-06-30,2005,2002Q1-2007Q4,U.S. portfolio equity liabilities to foreigners,Japan,177674.0,177.674,0.08287478106334994,2143885.0,2143.885,Economic-function and location-role grouping,Final historical survey
2006-06-30,2006,2002Q1-2007Q4,U.S. portfolio equity liabilities to foreigners,All other foreign,52967.0,52.967,0.021801452716733408,2429517.0,2429.517,Economic-function and location-role grouping,Final historical survey
2006-06-30,2006,2002Q1-2007Q4,U.S. portfolio equity liabilities to foreigners,Canada & other advanced,395427.0,395.427,0.16275951145845038,2429517.0,2429.517,Economic-function and location-role grouping,Final historical survey
2006-06-30,2006,2002Q1-2007Q4,U.S. portfolio equity liabilities to foreigners,Commodity exporters,110588.0,110.588,0.04551851252738713,2429517.0,2429.517,Economic-function and location-role grouping,Final historical survey
2006-06-30,2006,2002Q1-2007Q4,U.S. portfolio equity liabilities to foreigners,Core EU-27 (identifiable),303878.0,303.878,0.12507753598760576,2429517.0,2429.517,Economic-function and location-role grouping,Final historical survey
2006-06-30,2006,2002Q1-2007Q4,U.S. portfolio equity liabilities to foreigners,Financial/offshore centres,1059957.0,1059.957,0.43628301427814664,2429517.0,2429.517,Economic-function and location-role grouping,Final historical survey
2006-06-30,2006,2002Q1-2007Q4,U.S. portfolio equity liabilities to foreigners,Other East Asian exporters,8640.0,8.64,0.0035562624175916446,2429517.0,2429.517,Economic-function and location-role grouping,Final historical survey
2006-06-30,2006,2002Q1-2007Q4,U.S. portfolio equity liabilities to foreigners,United Kingdom,299700.0,299.7,0.12335785261021018,2429517.0,2429.517,Economic-function and location-role grouping,Final historical survey
2006-06-30,2006,2002Q1-2007Q4,U.S. portfolio equity liabilities to foreigners,Mainland China,3818.0,3.818,0.0015715057766626042,2429517.0,2429.517,Economic-function and location-role grouping,Final historical survey
2006-06-30,2006,2002Q1-2007Q4,U.S. portfolio equity liabilities to foreigners,Japan,194542.0,194.542,0.08007435222721224,2429517.0,2429.517,Economic-function and location-role grouping,Final historical survey
2007-06-30,2007,2002Q1-2007Q4,U.S. portfolio equity liabilities to foreigners,All other foreign,65592.0,65.592,0.020959104630322255,3129523.0,3129.523,Economic-function and location-role grouping,Final historical survey
2007-06-30,2007,2002Q1-2007Q4,U.S. portfolio equity liabilities to foreigners,Canada & other advanced,508416.0,508.416,0.1624579848111038,3129523.0,3129.523,Economic-function and location-role grouping,Final historical survey
2007-06-30,2007,2002Q1-2007Q4,U.S. portfolio equity liabilities to foreigners,Commodity exporters,139394.0,139.394,0.044541612252090815,3129523.0,3129.523,Economic-function and location-role grouping,Final historical survey
2007-06-30,2007,2002Q1-2007Q4,U.S. portfolio equity liabilities to foreigners,Core EU-27 (identifiable),384423.0,384.423,0.12283756981495263,3129523.0,3129.523,Economic-function and location-role grouping,Final historical survey
2007-06-30,2007,2002Q1-2007Q4,U.S. portfolio equity liabilities to foreigners,Financial/offshore centres,1345719.0,1345.719,0.430007704049467,3129523.0,3129.523,Economic-function and location-role grouping,Final historical survey
2007-06-30,2007,2002Q1-2007Q4,U.S. portfolio equity liabilities to foreigners,Other East Asian exporters,16243.0,16.243,0.005190247842882126,3129523.0,3129.523,Economic-function and location-role grouping,Final historical survey
2007-06-30,2007,2002Q1-2007Q4,U.S. portfolio equity liabilities to foreigners,United Kingdom,421019.0,421.019,0.13453136468401095,3129523.0,3129.523,Economic-function and location-role grouping,Final historical survey
2007-06-30,2007,2002Q1-2007Q4,U.S. portfolio equity liabilities to foreigners,Mainland China,28519.0,28.519,0.009112890366998421,3129523.0,3129.523,Economic-function and location-role grouping,Final historical survey
2007-06-30,2007,2002Q1-2007Q4,U.S. portfolio equity liabilities to foreigners,Japan,220198.0,220.198,0.07036152154817203,3129523.0,3129.523,Economic-function and location-role grouping,Final historical survey
2008-06-30,2008,2008Q1-2023Q3,U.S. portfolio equity liabilities to foreigners,All other foreign,70431.0,70.431,0.023719827783630285,2969288.0,2969.288,Economic-function and location-role grouping,Final historical survey
2008-06-30,2008,2008Q1-2023Q3,U.S. portfolio equity liabilities to foreigners,Canada & other advanced,493964.0,493.964,0.16635772616196207,2969288.0,2969.288,Economic-function and location-role grouping,Final historical survey
2008-06-30,2008,2008Q1-2023Q3,U.S. portfolio equity liabilities to foreigners,Commodity exporters,140622.0,140.622,0.04735882810963436,2969288.0,2969.288,Economic-function and location-role grouping,Final historical survey
2008-06-30,2008,2008Q1-2023Q3,U.S. portfolio equity liabilities to foreigners,Core EU-27 (identifiable),335526.0,335.526,0.11299880644787572,2969288.0,2969.288,Economic-function and location-role grouping,Final historical survey
2008-06-30,2008,2008Q1-2023Q3,U.S. portfolio equity liabilities to foreigners,Financial/offshore centres,1235742.0,1235.742,0.4161745172580093,2969288.0,2969.288,Economic-function and location-role grouping,Final historical survey
2008-06-30,2008,2008Q1-2023Q3,U.S. portfolio equity liabilities to foreigners,Other East Asian exporters,18901.0,18.901,0.006365499069137113,2969288.0,2969.288,Economic-function and location-role grouping,Final historical survey
2008-06-30,2008,2008Q1-2023Q3,U.S. portfolio equity liabilities to foreigners,United Kingdom,375909.0,375.909,0.1265990365367051,2969288.0,2969.288,Economic-function and location-role grouping,Final historical survey
2008-06-30,2008,2008Q1-2023Q3,U.S. portfolio equity liabilities to foreigners,Mainland China,99548.0,99.548,0.0335258822990562,2969288.0,2969.288,Economic-function and location-role grouping,Final historical survey
2008-06-30,2008,2008Q1-2023Q3,U.S. portfolio equity liabilities to foreigners,Japan,198645.0,198.645,0.06689987633398983,2969288.0,2969.288,Economic-function and location-role grouping,Final historical survey
2009-06-30,2009,2008Q1-2023Q3,U.S. portfolio equity liabilities to foreigners,All other foreign,59046.75,59.04675,0.026217574778592493,2252182.0,2252.182,Economic-function and location-role grouping,Final historical survey
2009-06-30,2009,2008Q1-2023Q3,U.S. portfolio equity liabilities to foreigners,Canada & other advanced,389775.0,389.775,0.1730654982590217,2252182.0,2252.182,Economic-function and location-role grouping,Final historical survey
2009-06-30,2009,2008Q1-2023Q3,U.S. portfolio equity liabilities to foreigners,Commodity exporters,109524.25,109.52425,0.04863028387581465,2252182.0,2252.182,Economic-function and location-role grouping,Final historical survey
2009-06-30,2009,2008Q1-2023Q3,U.S. portfolio equity liabilities to foreigners,Core EU-27 (identifiable),215308.0,215.308,0.09559973394690127,2252182.0,2252.182,Economic-function and location-role grouping,Final historical survey
2009-06-30,2009,2008Q1-2023Q3,U.S. portfolio equity liabilities to foreigners,Financial/offshore centres,921860.0,921.86,0.40931860746600407,2252182.0,2252.182,Economic-function and location-role grouping,Final historical survey
2009-06-30,2009,2008Q1-2023Q3,U.S. portfolio equity liabilities to foreigners,Other East Asian exporters,18823.0,18.823,0.008357672692526625,2252182.0,2252.182,Economic-function and location-role grouping,Final historical survey
2009-06-30,2009,2008Q1-2023Q3,U.S. portfolio equity liabilities to foreigners,United Kingdom,278564.0,278.564,0.1236862740222593,2252182.0,2252.182,Economic-function and location-role grouping,Final historical survey
2009-06-30,2009,2008Q1-2023Q3,U.S. portfolio equity liabilities to foreigners,Mainland China,77694.0,77.694,0.03449721203703786,2252182.0,2252.182,Economic-function and location-role grouping,Final historical survey
2009-06-30,2009,2008Q1-2023Q3,U.S. portfolio equity liabilities to foreigners,Japan,181587.0,181.587,0.08062714292184202,2252182.0,2252.182,Economic-function and location-role grouping,Final historical survey
2010-06-30,2010,2008Q1-2023Q3,U.S. portfolio equity liabilities to foreigners,All other foreign,74598.75,74.59875,0.026507440507387917,2814257.0,2814.257,Economic-function and location-role grouping,Final historical survey
2010-06-30,2010,2008Q1-2023Q3,U.S. portfolio equity liabilities to foreigners,Canada & other advanced,481063.0,481.063,0.1709378354571029,2814257.0,2814.257,Economic-function and location-role grouping,Final historical survey
2010-06-30,2010,2008Q1-2023Q3,U.S. portfolio equity liabilities to foreigners,Commodity exporters,128220.25,128.22025,0.04556095978441201,2814257.0,2814.257,Economic-function and location-role grouping,Final historical survey
2010-06-30,2010,2008Q1-2023Q3,U.S. portfolio equity liabilities to foreigners,Core EU-27 (identifiable),287039.0,287.039,0.10199459395499416,2814257.0,2814.257,Economic-function and location-role grouping,Final historical survey
2010-06-30,2010,2008Q1-2023Q3,U.S. portfolio equity liabilities to foreigners,Financial/offshore centres,1143975.0,1143.975,0.4064927261440586,2814257.0,2814.257,Economic-function and location-role grouping,Final historical survey
2010-06-30,2010,2008Q1-2023Q3,U.S. portfolio equity liabilities to foreigners,Other East Asian exporters,24392.0,24.392,0.008667296554650126,2814257.0,2814.257,Economic-function and location-role grouping,Final historical survey
2010-06-30,2010,2008Q1-2023Q3,U.S. portfolio equity liabilities to foreigners,United Kingdom,324272.0,324.272,0.11522472894266586,2814257.0,2814.257,Economic-function and location-role grouping,Final historical survey
2010-06-30,2010,2008Q1-2023Q3,U.S. portfolio equity liabilities to foreigners,Mainland China,126526.0,126.526,0.0449589358754371,2814257.0,2814.257,Economic-function and location-role grouping,Final historical survey
2010-06-30,2010,2008Q1-2023Q3,U.S. portfolio equity liabilities to foreigners,Japan,224171.0,224.171,0.0796554827792913,2814257.0,2814.257,Economic-function and location-role grouping,Final historical survey
2011-06-30,2011,2008Q1-2023Q3,U.S. portfolio equity liabilities to foreigners,All other foreign,101589.75,101.58975,0.026525459176959375,3829896.0,3829.896,Economic-function and location-role grouping,Final historical survey
2011-06-30,2011,2008Q1-2023Q3,U.S. portfolio equity liabilities to foreigners,Canada & other advanced,672101.0,672.101,0.1754880550281261,3829896.0,3829.896,Economic-function and location-role grouping,Final historical survey
2011-06-30,2011,2008Q1-2023Q3,U.S. portfolio equity liabilities to foreigners,Commodity exporters,188016.25,188.01625,0.04909173773909265,3829896.0,3829.896,Economic-function and location-role grouping,Final historical survey
2011-06-30,2011,2008Q1-2023Q3,U.S. portfolio equity liabilities to foreigners,Core EU-27 (identifiable),374871.0,374.871,0.09788020353555292,3829896.0,3829.896,Economic-function and location-role grouping,Final historical survey
2011-06-30,2011,2008Q1-2023Q3,U.S. portfolio equity liabilities to foreigners,Financial/offshore centres,1555250.0,1555.25,0.4060815228403069,3829896.0,3829.896,Economic-function and location-role grouping,Final historical survey
2011-06-30,2011,2008Q1-2023Q3,U.S. portfolio equity liabilities to foreigners,Other East Asian exporters,35908.0,35.908,0.009375711507570963,3829896.0,3829.896,Economic-function and location-role grouping,Final historical survey
2011-06-30,2011,2008Q1-2023Q3,U.S. portfolio equity liabilities to foreigners,United Kingdom,441470.0,441.47,0.11526944856988283,3829896.0,3829.896,Economic-function and location-role grouping,Final historical survey
2011-06-30,2011,2008Q1-2023Q3,U.S. portfolio equity liabilities to foreigners,Mainland China,158781.0,158.781,0.04145830591744528,3829896.0,3829.896,Economic-function and location-role grouping,Final historical survey
2011-06-30,2011,2008Q1-2023Q3,U.S. portfolio equity liabilities to foreigners,Japan,301909.0,301.909,0.07882955568506299,3829896.0,3829.896,Economic-function and location-role grouping,Final historical survey
2012-06-30,2012,2008Q1-2023Q3,U.S. portfolio equity liabilities to foreigners,All other foreign,105839.75,105.83975,0.024977769166541982,4237358.0,4237.358,Economic-function and location-role grouping,Final historical survey
2012-06-30,2012,2008Q1-2023Q3,U.S. portfolio equity liabilities to foreigners,Canada & other advanced,738160.0,738.16,0.1742028877427869,4237358.0,4237.358,Economic-function and location-role grouping,Final historical survey
2012-06-30,2012,2008Q1-2023Q3,U.S. portfolio equity liabilities to foreigners,Commodity exporters,226202.25,226.20225,0.05338285082355562,4237358.0,4237.358,Economic-function and location-role grouping,Final historical survey
2012-06-30,2012,2008Q1-2023Q3,U.S. portfolio equity liabilities to foreigners,Core EU-27 (identifiable),356381.0,356.381,0.08410452928452115,4237358.0,4237.358,Economic-function and location-role grouping,Final historical survey
2012-06-30,2012,2008Q1-2023Q3,U.S. portfolio equity liabilities to foreigners,Financial/offshore centres,1739459.0,1739.459,0.41050555558439955,4237358.0,4237.358,Economic-function and location-role grouping,Final historical survey
2012-06-30,2012,2008Q1-2023Q3,U.S. portfolio equity liabilities to foreigners,Other East Asian exporters,42000.0,42.0,0.009911836573638574,4237358.0,4237.358,Economic-function and location-role grouping,Final historical survey
2012-06-30,2012,2008Q1-2023Q3,U.S. portfolio equity liabilities to foreigners,United Kingdom,494762.0,494.762,0.1167619068296802,4237358.0,4237.358,Economic-function and location-role grouping,Final historical survey
2012-06-30,2012,2008Q1-2023Q3,U.S. portfolio equity liabilities to foreigners,Mainland China,220909.0,220.909,0.05213366442014104,4237358.0,4237.358,Economic-function and location-role grouping,Final historical survey
2012-06-30,2012,2008Q1-2023Q3,U.S. portfolio equity liabilities to foreigners,Japan,313645.0,313.645,0.07401899957473501,4237358.0,4237.358,Economic-function and location-role grouping,Final historical survey
2013-06-30,2013,2008Q1-2023Q3,U.S. portfolio equity liabilities to foreigners,All other foreign,132071.75,132.07175,0.026048021051145117,5070318.0,5070.318,Economic-function and location-role grouping,Final historical survey
2013-06-30,2013,2008Q1-2023Q3,U.S. portfolio equity liabilities to foreigners,Canada & other advanced,958351.0,958.351,0.18901201068650922,5070318.0,5070.318,Economic-function and location-role grouping,Final historical survey
2013-06-30,2013,2008Q1-2023Q3,U.S. portfolio equity liabilities to foreigners,Commodity exporters,275195.25,275.19525,0.05427573773479297,5070318.0,5070.318,Economic-function and location-role grouping,Final historical survey
2013-06-30,2013,2008Q1-2023Q3,U.S. portfolio equity liabilities to foreigners,Core EU-27 (identifiable),429444.0,429.444,0.08469764618313881,5070318.0,5070.318,Economic-function and location-role grouping,Final historical survey
2013-06-30,2013,2008Q1-2023Q3,U.S. portfolio equity liabilities to foreigners,Financial/offshore centres,2056500.0,2056.5,0.40559586203468895,5070318.0,5070.318,Economic-function and location-role grouping,Final historical survey
2013-06-30,2013,2008Q1-2023Q3,U.S. portfolio equity liabilities to foreigners,Other East Asian exporters,58283.0,58.283,0.01149493976511927,5070318.0,5070.318,Economic-function and location-role grouping,Final historical survey
2013-06-30,2013,2008Q1-2023Q3,U.S. portfolio equity liabilities to foreigners,United Kingdom,584143.0,584.143,0.11520835576782364,5070318.0,5070.318,Economic-function and location-role grouping,Final historical survey
2013-06-30,2013,2008Q1-2023Q3,U.S. portfolio equity liabilities to foreigners,Mainland China,260508.0,260.508,0.05137902593091794,5070318.0,5070.318,Economic-function and location-role grouping,Final historical survey
2013-06-30,2013,2008Q1-2023Q3,U.S. portfolio equity liabilities to foreigners,Japan,315822.0,315.822,0.06228840084586411,5070318.0,5070.318,Economic-function and location-role grouping,Final historical survey
2014-06-30,2014,2008Q1-2023Q3,U.S. portfolio equity liabilities to foreigners,All other foreign,182521.0,182.521,0.02871699970358026,6355852.0,6355.852,Economic-function and location-role grouping,Final historical survey
2014-06-30,2014,2008Q1-2023Q3,U.S. portfolio equity liabilities to foreigners,Canada & other advanced,1162187.0,1162.187,0.18285306202850538,6355852.0,6355.852,Economic-function and location-role grouping,Final historical survey
2014-06-30,2014,2008Q1-2023Q3,U.S. portfolio equity liabilities to foreigners,Commodity exporters,317539.0,317.539,0.049960099763178875,6355852.0,6355.852,Economic-function and location-role grouping,Final historical survey
2014-06-30,2014,2008Q1-2023Q3,U.S. portfolio equity liabilities to foreigners,Core EU-27 (identifiable),543770.0,543.77,0.0855542262469296,6355852.0,6355.852,Economic-function and location-role grouping,Final historical survey
2014-06-30,2014,2008Q1-2023Q3,U.S. portfolio equity liabilities to foreigners,Financial/offshore centres,2637678.0,2637.678,0.4149999087455152,6355852.0,6355.852,Economic-function and location-role grouping,Final historical survey
2014-06-30,2014,2008Q1-2023Q3,U.S. portfolio equity liabilities to foreigners,Other East Asian exporters,90355.0,90.355,0.014216032720711558,6355852.0,6355.852,Economic-function and location-role grouping,Final historical survey
2014-06-30,2014,2008Q1-2023Q3,U.S. portfolio equity liabilities to foreigners,United Kingdom,741304.0,741.304,0.11663330109008202,6355852.0,6355.852,Economic-function and location-role grouping,Final historical survey
2014-06-30,2014,2008Q1-2023Q3,U.S. portfolio equity liabilities to foreigners,Mainland China,319668.0,319.668,0.05029506665668112,6355852.0,6355.852,Economic-function and location-role grouping,Final historical survey
2014-06-30,2014,2008Q1-2023Q3,U.S. portfolio equity liabilities to foreigners,Japan,360830.0,360.83,0.05677130304481602,6355852.0,6355.852,Economic-function and location-role grouping,Final historical survey
2015-06-30,2015,2008Q1-2023Q3,U.S. portfolio equity liabilities to foreigners,All other foreign,194031.75,194.03175,0.029154330693044316,6655332.0,6655.332,Economic-function and location-role grouping,Final historical survey
2015-06-30,2015,2008Q1-2023Q3,U.S. portfolio equity liabilities to foreigners,Canada & other advanced,1189090.0,1189.09,0.17866727009261146,6655332.0,6655.332,Economic-function and location-role grouping,Final historical survey
2015-06-30,2015,2008Q1-2023Q3,U.S. portfolio equity liabilities to foreigners,Commodity exporters,285202.25,285.20225,0.04285319650469729,6655332.0,6655.332,Economic-function and location-role grouping,Final historical survey
2015-06-30,2015,2008Q1-2023Q3,U.S. portfolio equity liabilities to foreigners,Core EU-27 (identifiable),586891.0,586.891,0.08818357972224376,6655332.0,6655.332,Economic-function and location-role grouping,Final historical survey
2015-06-30,2015,2008Q1-2023Q3,U.S. portfolio equity liabilities to foreigners,Financial/offshore centres,2748396.0,2748.396,0.412961517171495,6655332.0,6655.332,Economic-function and location-role grouping,Final historical survey
2015-06-30,2015,2008Q1-2023Q3,U.S. portfolio equity liabilities to foreigners,Other East Asian exporters,98531.0,98.531,0.014804821156931014,6655332.0,6655.332,Economic-function and location-role grouping,Final historical survey
2015-06-30,2015,2008Q1-2023Q3,U.S. portfolio equity liabilities to foreigners,United Kingdom,832141.0,832.141,0.12503373235174445,6655332.0,6655.332,Economic-function and location-role grouping,Final historical survey
2015-06-30,2015,2008Q1-2023Q3,U.S. portfolio equity liabilities to foreigners,Mainland China,330489.0,330.489,0.049657778154418145,6655332.0,6655.332,Economic-function and location-role grouping,Final historical survey
2015-06-30,2015,2008Q1-2023Q3,U.S. portfolio equity liabilities to foreigners,Japan,390560.0,390.56,0.058683774152814616,6655332.0,6655.332,Economic-function and location-role grouping,Final historical survey
2016-06-30,2016,2008Q1-2023Q3,U.S. portfolio equity liabilities to foreigners,All other foreign,157995.75,157.99575,0.025542617386842353,6185574.0,6185.574,Economic-function and location-role grouping,Final historical survey
2016-06-30,2016,2008Q1-2023Q3,U.S. portfolio equity liabilities to foreigners,Canada & other advanced,1116406.0,1116.406,0.1804854327181277,6185574.0,6185.574,Economic-function and location-role grouping,Final historical survey
2016-06-30,2016,2008Q1-2023Q3,U.S. portfolio equity liabilities to foreigners,Commodity exporters,265427.25,265.42725,0.04291069026092,6185574.0,6185.574,Economic-function and location-role grouping,Final historical survey
2016-06-30,2016,2008Q1-2023Q3,U.S. portfolio equity liabilities to foreigners,Core EU-27 (identifiable),540380.0,540.38,0.08736133461502522,6185574.0,6185.574,Economic-function and location-role grouping,Final historical survey
2016-06-30,2016,2008Q1-2023Q3,U.S. portfolio equity liabilities to foreigners,Financial/offshore centres,2641700.0,2641.7,0.427074350739317,6185574.0,6185.574,Economic-function and location-role grouping,Final historical survey
2016-06-30,2016,2008Q1-2023Q3,U.S. portfolio equity liabilities to foreigners,Other East Asian exporters,117851.0,117.851,0.019052556803944146,6185574.0,6185.574,Economic-function and location-role grouping,Final historical survey
2016-06-30,2016,2008Q1-2023Q3,U.S. portfolio equity liabilities to foreigners,United Kingdom,740564.0,740.564,0.11972437804478614,6185574.0,6185.574,Economic-function and location-role grouping,Final historical survey
2016-06-30,2016,2008Q1-2023Q3,U.S. portfolio equity liabilities to foreigners,Mainland China,177738.0,177.738,0.028734277530266392,6185574.0,6185.574,Economic-function and location-role grouping,Final historical survey
2016-06-30,2016,2008Q1-2023Q3,U.S. portfolio equity liabilities to foreigners,Japan,427512.0,427.512,0.06911436190077105,6185574.0,6185.574,Economic-function and location-role grouping,Final historical survey
2017-06-30,2017,2008Q1-2023Q3,U.S. portfolio equity liabilities to foreigners,All other foreign,190261.0,190.261,0.026463941643323413,7189443.0,7189.443,Economic-function and location-role grouping,Final historical survey
2017-06-30,2017,2008Q1-2023Q3,U.S. portfolio equity liabilities to foreigners,Canada & other advanced,1310372.0,1310.372,0.18226335475502067,7189443.0,7189.443,Economic-function and location-role grouping,Final historical survey
2017-06-30,2017,2008Q1-2023Q3,U.S. portfolio equity liabilities to foreigners,Commodity exporters,297206.0,297.206,0.04133922474939992,7189443.0,7189.443,Economic-function and location-role grouping,Final historical survey
2017-06-30,2017,2008Q1-2023Q3,U.S. portfolio equity liabilities to foreigners,Core EU-27 (identifiable),671689.0,671.689,0.09342712641299193,7189443.0,7189.443,Economic-function and location-role grouping,Final historical survey
2017-06-30,2017,2008Q1-2023Q3,U.S. portfolio equity liabilities to foreigners,Financial/offshore centres,3033886.0,3033.886,0.4219918010338214,7189443.0,7189.443,Economic-function and location-role grouping,Final historical survey
2017-06-30,2017,2008Q1-2023Q3,U.S. portfolio equity liabilities to foreigners,Other East Asian exporters,157691.0,157.691,0.02193368804787798,7189443.0,7189.443,Economic-function and location-role grouping,Final historical survey
2017-06-30,2017,2008Q1-2023Q3,U.S. portfolio equity liabilities to foreigners,United Kingdom,844156.0,844.156,0.11741605017245425,7189443.0,7189.443,Economic-function and location-role grouping,Final historical survey
2017-06-30,2017,2008Q1-2023Q3,U.S. portfolio equity liabilities to foreigners,Mainland China,193996.0,193.996,0.026983453377403505,7189443.0,7189.443,Economic-function and location-role grouping,Final historical survey
2017-06-30,2017,2008Q1-2023Q3,U.S. portfolio equity liabilities to foreigners,Japan,490186.0,490.186,0.06818135980770694,7189443.0,7189.443,Economic-function and location-role grouping,Final historical survey
2018-06-30,2018,2008Q1-2023Q3,U.S. portfolio equity liabilities to foreigners,All other foreign,207548.0,207.548,0.025499878611790677,8139176.0,8139.176,Economic-function and location-role grouping,Final historical survey
2018-06-30,2018,2008Q1-2023Q3,U.S. portfolio equity liabilities to foreigners,Canada & other advanced,1506271.0,1506.271,0.18506431117842886,8139176.0,8139.176,Economic-function and location-role grouping,Final historical survey
2018-06-30,2018,2008Q1-2023Q3,U.S. portfolio equity liabilities to foreigners,Commodity exporters,345557.0,345.557,0.04245601766075583,8139176.0,8139.176,Economic-function and location-role grouping,Final historical survey
2018-06-30,2018,2008Q1-2023Q3,U.S. portfolio equity liabilities to foreigners,Core EU-27 (identifiable),770913.0,770.913,0.09471634475037768,8139176.0,8139.176,Economic-function and location-role grouping,Final historical survey
2018-06-30,2018,2008Q1-2023Q3,U.S. portfolio equity liabilities to foreigners,Financial/offshore centres,3434799.0,3434.799,0.42200819837290654,8139176.0,8139.176,Economic-function and location-role grouping,Final historical survey
2018-06-30,2018,2008Q1-2023Q3,U.S. portfolio equity liabilities to foreigners,Other East Asian exporters,190300.0,190.3,0.023380745176170167,8139176.0,8139.176,Economic-function and location-role grouping,Final historical survey
2018-06-30,2018,2008Q1-2023Q3,U.S. portfolio equity liabilities to foreigners,United Kingdom,923804.0,923.804,0.11350092441790176,8139176.0,8139.176,Economic-function and location-role grouping,Final historical survey
2018-06-30,2018,2008Q1-2023Q3,U.S. portfolio equity liabilities to foreigners,Mainland China,216814.0,216.814,0.026638323093148494,8139176.0,8139.176,Economic-function and location-role grouping,Final historical survey
2018-06-30,2018,2008Q1-2023Q3,U.S. portfolio equity liabilities to foreigners,Japan,543170.0,543.17,0.06673525673851997,8139176.0,8139.176,Economic-function and location-role grouping,Final historical survey
2019-06-30,2019,2008Q1-2023Q3,U.S. portfolio equity liabilities to foreigners,All other foreign,189898.0,189.898,0.022003612848205917,8630310.0,8630.31,Economic-function and location-role grouping,Final historical survey
2019-06-30,2019,2008Q1-2023Q3,U.S. portfolio equity liabilities to foreigners,Canada & other advanced,1619668.0,1619.668,0.1876720534951815,8630310.0,8630.31,Economic-function and location-role grouping,Final historical survey
2019-06-30,2019,2008Q1-2023Q3,U.S. portfolio equity liabilities to foreigners,Commodity exporters,414439.0,414.439,0.04802133411198439,8630310.0,8630.31,Economic-function and location-role grouping,Final historical survey
2019-06-30,2019,2008Q1-2023Q3,U.S. portfolio equity liabilities to foreigners,Core EU-27 (identifiable),780481.0,780.481,0.09043487429767877,8630310.0,8630.31,Economic-function and location-role grouping,Final historical survey
2019-06-30,2019,2008Q1-2023Q3,U.S. portfolio equity liabilities to foreigners,Financial/offshore centres,3617983.0,3617.983,0.41921819726058507,8630310.0,8630.31,Economic-function and location-role grouping,Final historical survey
2019-06-30,2019,2008Q1-2023Q3,U.S. portfolio equity liabilities to foreigners,Other East Asian exporters,220950.0,220.95,0.02560162960542553,8630310.0,8630.31,Economic-function and location-role grouping,Final historical survey
2019-06-30,2019,2008Q1-2023Q3,U.S. portfolio equity liabilities to foreigners,United Kingdom,1001855.0,1001.855,0.11608563307691148,8630310.0,8630.31,Economic-function and location-role grouping,Final historical survey
2019-06-30,2019,2008Q1-2023Q3,U.S. portfolio equity liabilities to foreigners,Mainland China,189307.0,189.307,0.021935133268677486,8630310.0,8630.31,Economic-function and location-role grouping,Final historical survey
2019-06-30,2019,2008Q1-2023Q3,U.S. portfolio equity liabilities to foreigners,Japan,595729.0,595.729,0.06902753203534984,8630310.0,8630.31,Economic-function and location-role grouping,Final historical survey
2020-06-30,2020,2008Q1-2023Q3,U.S. portfolio equity liabilities to foreigners,All other foreign,206250.0,206.25,0.022497814848601434,9167557.0,9167.557,Economic-function and location-role grouping,Final historical survey
2020-06-30,2020,2008Q1-2023Q3,U.S. portfolio equity liabilities to foreigners,Canada & other advanced,1672636.0,1672.636,0.18245166078596511,9167557.0,9167.557,Economic-function and location-role grouping,Final historical survey
2020-06-30,2020,2008Q1-2023Q3,U.S. portfolio equity liabilities to foreigners,Commodity exporters,495154.0,495.154,0.054011554005063724,9167557.0,9167.557,Economic-function and location-role grouping,Final historical survey
2020-06-30,2020,2008Q1-2023Q3,U.S. portfolio equity liabilities to foreigners,Core EU-27 (identifiable),853864.0,853.864,0.09313975358975134,9167557.0,9167.557,Economic-function and location-role grouping,Final historical survey
2020-06-30,2020,2008Q1-2023Q3,U.S. portfolio equity liabilities to foreigners,Financial/offshore centres,3755015.0,3755.015,0.40959821684228415,9167557.0,9167.557,Economic-function and location-role grouping,Final historical survey
2020-06-30,2020,2008Q1-2023Q3,U.S. portfolio equity liabilities to foreigners,Other East Asian exporters,265859.0,265.859,0.028999983310711894,9167557.0,9167.557,Economic-function and location-role grouping,Final historical survey
2020-06-30,2020,2008Q1-2023Q3,U.S. portfolio equity liabilities to foreigners,United Kingdom,1018607.0,1018.607,0.1111099718278272,9167557.0,9167.557,Economic-function and location-role grouping,Final historical survey
2020-06-30,2020,2008Q1-2023Q3,U.S. portfolio equity liabilities to foreigners,Mainland China,233308.0,233.308,0.025449309996109105,9167557.0,9167.557,Economic-function and location-role grouping,Final historical survey
2020-06-30,2020,2008Q1-2023Q3,U.S. portfolio equity liabilities to foreigners,Japan,666864.0,666.864,0.07274173479368604,9167557.0,9167.557,Economic-function and location-role grouping,Final historical survey
2021-06-30,2021,2008Q1-2023Q3,U.S. portfolio equity liabilities to foreigners,All other foreign,288715.0,288.715,0.0210662899885743,13705071.0,13705.071,Economic-function and location-role grouping,Final historical survey
2021-06-30,2021,2008Q1-2023Q3,U.S. portfolio equity liabilities to foreigners,Canada & other advanced,2492393.0,2492.393,0.1818591819042747,13705071.0,13705.071,Economic-function and location-role grouping,Final historical survey
2021-06-30,2021,2008Q1-2023Q3,U.S. portfolio equity liabilities to foreigners,Commodity exporters,640417.0,640.417,0.046728470067758134,13705071.0,13705.071,Economic-function and location-role grouping,Final historical survey
2021-06-30,2021,2008Q1-2023Q3,U.S. portfolio equity liabilities to foreigners,Core EU-27 (identifiable),1441241.0,1441.241,0.10516114801594242,13705071.0,13705.071,Economic-function and location-role grouping,Final historical survey
2021-06-30,2021,2008Q1-2023Q3,U.S. portfolio equity liabilities to foreigners,Financial/offshore centres,5723290.0,5723.29,0.4176038197832029,13705071.0,13705.071,Economic-function and location-role grouping,Final historical survey
2021-06-30,2021,2008Q1-2023Q3,U.S. portfolio equity liabilities to foreigners,Other East Asian exporters,439195.0,439.195,0.03204616743685604,13705071.0,13705.071,Economic-function and location-role grouping,Final historical survey
2021-06-30,2021,2008Q1-2023Q3,U.S. portfolio equity liabilities to foreigners,United Kingdom,1540452.0,1540.452,0.11240014736151312,13705071.0,13705.071,Economic-function and location-role grouping,Final historical survey
2021-06-30,2021,2008Q1-2023Q3,U.S. portfolio equity liabilities to foreigners,Mainland China,273270.0,273.27,0.019939334863715772,13705071.0,13705.071,Economic-function and location-role grouping,Final historical survey
2021-06-30,2021,2008Q1-2023Q3,U.S. portfolio equity liabilities to foreigners,Japan,866098.0,866.098,0.06319544057816263,13705071.0,13705.071,Economic-function and location-role grouping,Final historical survey
2022-06-30,2022,2008Q1-2023Q3,U.S. portfolio equity liabilities to foreigners,All other foreign,284309.0,284.309,0.023347797340964694,12177123.0,12177.123,Economic-function and location-role grouping,Final historical survey
2022-06-30,2022,2008Q1-2023Q3,U.S. portfolio equity liabilities to foreigners,Canada & other advanced,2327028.0,2327.028,0.19109834071644016,12177123.0,12177.123,Economic-function and location-role grouping,Final historical survey
2022-06-30,2022,2008Q1-2023Q3,U.S. portfolio equity liabilities to foreigners,Commodity exporters,586923.0,586.923,0.048198823318118734,12177123.0,12177.123,Economic-function and location-role grouping,Final historical survey
2022-06-30,2022,2008Q1-2023Q3,U.S. portfolio equity liabilities to foreigners,Core EU-27 (identifiable),1228762.0,1228.762,0.10090741466600937,12177123.0,12177.123,Economic-function and location-role grouping,Final historical survey
2022-06-30,2022,2008Q1-2023Q3,U.S. portfolio equity liabilities to foreigners,Financial/offshore centres,5007072.0,5007.072,0.4111867803256976,12177123.0,12177.123,Economic-function and location-role grouping,Final historical survey
2022-06-30,2022,2008Q1-2023Q3,U.S. portfolio equity liabilities to foreigners,Other East Asian exporters,430906.0,430.906,0.03538651945948152,12177123.0,12177.123,Economic-function and location-role grouping,Final historical survey
2022-06-30,2022,2008Q1-2023Q3,U.S. portfolio equity liabilities to foreigners,United Kingdom,1311781.0,1311.781,0.10772503488714041,12177123.0,12177.123,Economic-function and location-role grouping,Final historical survey
2022-06-30,2022,2008Q1-2023Q3,U.S. portfolio equity liabilities to foreigners,Mainland China,273010.0,273.01,0.0224199098588394,12177123.0,12177.123,Economic-function and location-role grouping,Final historical survey
2022-06-30,2022,2008Q1-2023Q3,U.S. portfolio equity liabilities to foreigners,Japan,727332.0,727.332,0.05972937942730808,12177123.0,12177.123,Economic-function and location-role grouping,Final historical survey
2023-06-30,2023,2008Q1-2023Q3,U.S. portfolio equity liabilities to foreigners,All other foreign,292566.0,292.566,0.02132558195135861,13719016.0,13719.016,Economic-function and location-role grouping,Final historical survey
2023-06-30,2023,2008Q1-2023Q3,U.S. portfolio equity liabilities to foreigners,Canada & other advanced,2591876.0,2591.876,0.18892579467798565,13719016.0,13719.016,Economic-function and location-role grouping,Final historical survey
2023-06-30,2023,2008Q1-2023Q3,U.S. portfolio equity liabilities to foreigners,Commodity exporters,654474.0,654.474,0.0477056080406933,13719016.0,13719.016,Economic-function and location-role grouping,Final historical survey
2023-06-30,2023,2008Q1-2023Q3,U.S. portfolio equity liabilities to foreigners,Core EU-27 (identifiable),1489787.0,1489.787,0.10859284660065999,13719016.0,13719.016,Economic-function and location-role grouping,Final historical survey
2023-06-30,2023,2008Q1-2023Q3,U.S. portfolio equity liabilities to foreigners,Financial/offshore centres,5588206.0,5588.206,0.4073328582749667,13719016.0,13719.016,Economic-function and location-role grouping,Final historical survey
2023-06-30,2023,2008Q1-2023Q3,U.S. portfolio equity liabilities to foreigners,Other East Asian exporters,498832.0,498.832,0.03636062528099683,13719016.0,13719.016,Economic-function and location-role grouping,Final historical survey
2023-06-30,2023,2008Q1-2023Q3,U.S. portfolio equity liabilities to foreigners,United Kingdom,1456902.0,1456.902,0.10619580879561624,13719016.0,13719.016,Economic-function and location-role grouping,Final historical survey
2023-06-30,2023,2008Q1-2023Q3,U.S. portfolio equity liabilities to foreigners,Mainland China,309363.0,309.363,0.022549940899551396,13719016.0,13719.016,Economic-function and location-role grouping,Final historical survey
2023-06-30,2023,2008Q1-2023Q3,U.S. portfolio equity liabilities to foreigners,Japan,837010.0,837.01,0.06101093547817132,13719016.0,13719.016,Economic-function and location-role grouping,Final historical survey
2024-06-30,2024,Post-AHP 2023Q4-present,U.S. portfolio equity liabilities to foreigners,All other foreign,427672.0,427.672,0.025338681920718444,16878226.0,16878.226,Economic-function and location-role grouping,Final historical survey
2024-06-30,2024,Post-AHP 2023Q4-present,U.S. portfolio equity liabilities to foreigners,Canada & other advanced,3256611.0,3256.611,0.19294746971630786,16878226.0,16878.226,Economic-function and location-role grouping,Final historical survey
2024-06-30,2024,Post-AHP 2023Q4-present,U.S. portfolio equity liabilities to foreigners,Commodity exporters,811769.0,811.769,0.048095635169241126,16878226.0,16878.226,Economic-function and location-role grouping,Final historical survey
2024-06-30,2024,Post-AHP 2023Q4-present,U.S. portfolio equity liabilities to foreigners,Core EU-27 (identifiable),1898673.0,1898.673,0.11249245033216168,16878226.0,16878.226,Economic-function and location-role grouping,Final historical survey
2024-06-30,2024,Post-AHP 2023Q4-present,U.S. portfolio equity liabilities to foreigners,Financial/offshore centres,6772631.0,6772.631,0.40126438643492507,16878226.0,16878.226,Economic-function and location-role grouping,Final historical survey
2024-06-30,2024,Post-AHP 2023Q4-present,U.S. portfolio equity liabilities to foreigners,Other East Asian exporters,631641.0,631.641,0.03742342352804139,16878226.0,16878.226,Economic-function and location-role grouping,Final historical survey
2024-06-30,2024,Post-AHP 2023Q4-present,U.S. portfolio equity liabilities to foreigners,United Kingdom,1742590.0,1742.59,0.10324485523537841,16878226.0,16878.226,Economic-function and location-role grouping,Final historical survey
2024-06-30,2024,Post-AHP 2023Q4-present,U.S. portfolio equity liabilities to foreigners,Mainland China,361818.0,361.818,0.021436968553448687,16878226.0,16878.226,Economic-function and location-role grouping,Final historical survey
2024-06-30,2024,Post-AHP 2023Q4-present,U.S. portfolio equity liabilities to foreigners,Japan,974821.0,974.821,0.057756129109777295,16878226.0,16878.226,Economic-function and location-role grouping,Final historical survey
2025-06-30,2025,Post-AHP 2023Q4-present,U.S. portfolio equity liabilities to foreigners,All other foreign,509387.0,509.387,0.025649132464181185,19859814.0,19859.814,Economic-function and location-role grouping,Final historical survey
2025-06-30,2025,Post-AHP 2023Q4-present,U.S. portfolio equity liabilities to foreigners,Canada & other advanced,3826706.0,3826.706,0.19268589323142704,19859814.0,19859.814,Economic-function and location-role grouping,Final historical survey
2025-06-30,2025,Post-AHP 2023Q4-present,U.S. portfolio equity liabilities to foreigners,Commodity exporters,893495.0,893.495,0.044990099101633076,19859814.0,19859.814,Economic-function and location-role grouping,Final historical survey
2025-06-30,2025,Post-AHP 2023Q4-present,U.S. portfolio equity liabilities to foreigners,Core EU-27 (identifiable),2197748.0,2197.748,0.11066307066118544,19859814.0,19859.814,Economic-function and location-role grouping,Final historical survey
2025-06-30,2025,Post-AHP 2023Q4-present,U.S. portfolio equity liabilities to foreigners,Financial/offshore centres,8098012.0,8098.012,0.40775870307748097,19859814.0,19859.814,Economic-function and location-role grouping,Final historical survey
2025-06-30,2025,Post-AHP 2023Q4-present,U.S. portfolio equity liabilities to foreigners,Other East Asian exporters,764116.0,764.116,0.038475486225601103,19859814.0,19859.814,Economic-function and location-role grouping,Final historical survey
2025-06-30,2025,Post-AHP 2023Q4-present,U.S. portfolio equity liabilities to foreigners,United Kingdom,2057155.0,2057.155,0.10358379992884123,19859814.0,19859.814,Economic-function and location-role grouping,Final historical survey
2025-06-30,2025,Post-AHP 2023Q4-present,U.S. portfolio equity liabilities to foreigners,Mainland China,344470.0,344.47,0.017345076847144692,19859814.0,19859.814,Economic-function and location-role grouping,Final historical survey
2025-06-30,2025,Post-AHP 2023Q4-present,U.S. portfolio equity liabilities to foreigners,Japan,1168725.0,1168.725,0.05884873846250524,19859814.0,19859.814,Economic-function and location-role grouping,Final historical survey
