sweep_kind,sweep_value,case_id,label,pi,gamma,T_max,t,model_t,rebased_nfa_current_Y,cum_va_current_Y,cum_va_asset_current_Y,cum_va_liability_current_Y,cum_ca_current_Y,cum_ca_asset_current_Y,cum_ca_liability_current_Y,cum_ca_bond_current_Y,q_us_index,q_row_index,row_equity_asset_current_Y,us_equity_liability_current_Y
pi,0.75,pi_0p750_gamma_0p25,π = 0.75 (AHP),0.75,0.25,105,1,0,0.0,0.0,0.0,0.0,0.0,0.0,0.0,0.0,1.0,1.0,0.2743104914794836,0.16447221351360305
pi,0.75,pi_0p750_gamma_0p25,π = 0.75 (AHP),0.75,0.25,105,2,1,-0.007029550964467731,-0.005263555255110999,-0.0025203731868181684,-0.00274318206829283,-0.0017659957093567387,0.0031388046195151282,-0.004818742502296989,-8.605782657487851e-5,1.016684218257514,0.9908089273481152,0.2748381316002625,0.1719797010557058
pi,0.75,pi_0p750_gamma_0p25,π = 0.75 (AHP),0.75,0.25,105,3,2,-0.013480793479788342,-0.010338783113268475,-0.004716114852529407,-0.005622668260739068,-0.0031420103665198724,0.0068068319237631954,-0.009627923789796029,-0.0003209185004870385,1.0338247855641796,0.9828327586845762,0.27534000104604167,0.1790865224006693
pi,0.75,pi_0p750_gamma_0p25,π = 0.75 (AHP),0.75,0.25,105,4,3,-0.01932577713662702,-0.0152102887561759,-0.006607737584097096,-0.008602551172078804,-0.004115488380451132,0.01097954923483875,-0.014407169397153653,-0.0006878682181362287,1.051358187557406,0.9759232458025683,0.27581061929603123,0.18576011806998918
pi,0.75,pi_0p750_gamma_0p25,π = 0.75 (AHP),0.75,0.25,105,5,4,-0.024546929950008324,-0.019863168295712243,-0.008215556580894378,-0.011647611714817865,-0.004683761654296036,0.015624148048391363,-0.019137128134971714,-0.001170781567715683,1.0692304339435132,0.9699528637450232,0.2762458925259975,0.19197531532371945
pi,0.75,pi_0p750_gamma_0p25,π = 0.75 (AHP),0.75,0.25,105,6,5,-0.029136071969801475,-0.02428381389825679,-0.009559602397933362,-0.014724211500323426,-0.0048522580715446685,0.020701413158605103,-0.023799585605094112,-0.0017540856250556557,1.0873964339094488,0.9648118820757143,0.276642897946362,0.19771403173399207
pi,0.75,pi_0p750_gamma_0p25,π = 0.75 (AHP),0.75,0.25,105,7,6,-0.033093324563943004,-0.028460500387267506,-0.010659521331140311,-0.01780097905612719,-0.004632824176675479,0.02616750019205327,-0.02837754677445834,-0.002422777594270405,1.1058192870073622,0.9604058307122125,0.2769996961061552,0.20296480592813293
pi,0.75,pi_0p750_gamma_0p25,π = 0.75 (AHP),0.75,0.25,105,8,7,-0.03642598704879881,-0.032383778867257386,-0.011534474996654612,-0.02084930387060277,-0.00404220818154138,0.03197557086943615,-0.03285529379941464,-0.003162485251562892,1.1244695631554573,0.9566533072685619,0.2773151721103073,0.2077222135664469
pi,0.75,pi_0p750_gamma_0p25,π = 0.75 (AHP),0.75,0.25,105,9,8,-0.03914740792042763,-0.036046686499748126,-0.012203039649363754,-0.02384364685038437,-0.003100721420679481,0.03807723664676833,-0.037218427719173414,-0.003959530348274396,1.143324552515989,0.9534841067804257,0.2775888941004545,0.21198620868909135
pi,0.75,pi_0p750_gamma_0p25,π = 0.75 (AHP),0.75,0.25,105,10,9,-0.0412759142054277,-0.03944481966644681,-0.012683117352758731,-0.026761702313688084,-0.0018310945389808722,0.04442380706446998,-0.04145389306219518,-0.004801008541255673,1.1623675715113768,0.9508376106947678,0.27782099618274597,0.21576143836973027
pi,0.75,pi_0p750_gamma_0p25,π = 0.75 (AHP),0.75,0.25,105,11,10,-0.04283379479093421,-0.04257628032767438,-0.012991855382358223,-0.02958442494531616,-0.00025751446325981953,0.050967322204969204,-0.04554999030407041,-0.005674846364158608,1.1815872721887206,0.9486614242739515,0.2780120719777854,0.2190565509330487
pi,0.75,pi_0p750_gamma_0p25,π = 0.75 (AHP),0.75,0.25,105,12,11,-0.04384638545484973,-0.045441543728136996,-0.013145583039686265,-0.032295960688450726,0.0015951582732872472,0.057661391104821456,-0.04949637367516794,-0.006569859156366266,1.2009770333691312,0.9469102059119862,0.27816308761575836,0.22188353190353033
pi,0.75,pi_0p750_gamma_0p25,π = 0.75 (AHP),0.75,0.25,105,13,12,-0.044341239032103276,-0.048043256603026704,-0.013159761122140207,-0.0348834954808865,0.003702017570923457,0.06446183681167798,-0.05328403721244757,-0.00747578202830694,1.2205343811871538,0.9455446792267587,0.27827530317948374,0.22425707462902802
pi,0.75,pi_0p750_gamma_0p25,π = 0.75 (AHP),0.75,0.25,105,14,13,-0.04434740001955048,-0.05038599760916687,-0.013048947377983804,-0.03733705023118306,0.006038597589616383,0.07132717363764506,-0.056905288432555004,-0.008383287615473663,1.2402604737510385,0.9445307914262427,0.278350206473528,0.22619400235285253
pi,0.75,pi_0p750_gamma_0p25,π = 0.75 (AHP),0.75,0.25,105,15,14,-0.04389478081606488,-0.05247601804601041,-0.012826777123399972,-0.03964924092261044,0.008581237229945547,0.07821893675048446,-0.060353710332265664,-0.009283989188273244,1.2601596486329858,0.9438389963481676,0.2783894569987581,0.2277127474868385
pi,0.75,pi_0p750_gamma_0p25,π = 0.75 (AHP),0.75,0.25,105,16,15,-0.043013631887451845,-0.054320974956958645,-0.012505956919395874,-0.041815018037562775,0.011307343069506823,0.08510188383688352,-0.06362411321834713,-0.01017042754902958,1.2802390223357265,0.9434436462515242,0.2783948378670262,0.22883288932910809
pi,0.75,pi_0p750_gamma_0p25,π = 0.75 (AHP),0.75,0.25,105,17,16,-0.04173409907832445,-0.05592966720048049,-0.012098269602432422,-0.04383139759804807,0.014195568122156034,0.09194408948702948,-0.0667124778950615,-0.011036043469811936,1.3005081358550585,0.9433224768185478,0.2783682145880214,0.22957475000610822
pi,0.75,pi_0p750_gamma_0p25,π = 0.75 (AHP),0.75,0.25,105,18,17,-0.04008586445104835,-0.057311785693333256,-0.01161458999991576,-0.04569719569341749,0.017225921242284895,0.09871695399620539,-0.06961589136032718,-0.011875141393593308,1.3209786535229424,0.9434561680931283,0.27831150102854363,0.22995904843168483
pi,0.75,pi_0p750_gamma_0p25,π = 0.75 (AHP),0.75,0.25,105,19,18,-0.03809786230024059,-0.05847768385665104,-0.01106490974028262,-0.04741277411636842,0.02037982155641044,0.10539514480273622,-0.0723324764905819,-0.0126828467557439,1.3416641137671412,0.9438279690242827,0.27822663168548334,0.23000660899187866
pi,0.75,pi_0p750_gamma_0p25,π = 0.75 (AHP),0.75,0.25,105,20,19,-0.03579805568868476,-0.05943816687710873,-0.010458367879135344,-0.04897979899797339,0.02364011118842398,0.1119564835513986,-0.07486131806320631,-0.013455054299768301,1.3625797097179435,0.9444233811117199,0.2781155379105326,0.22973811802502161
pi,0.75,pi_0p750_gamma_0p25,π = 0.75 (AHP),0.75,0.25,105,21,20,-0.03321327348628986,-0.06020430828100101,-0.009803288018896373,-0.05040102026210464,0.026991034794711162,0.11838179658747566,-0.07720238573516064,-0.01418837605760385,1.3837421213385657,0.9452298850272347,0.27798012969210983,0.22917392722927463
pi,0.75,pi_0p750_gamma_0p25,π = 0.75 (AHP),0.75,0.25,105,22,21,-0.030369090195598542,-0.060787286184586675,-0.009107217783712998,-0.051680068400873684,0.030418195988988123,0.12465473589859222,-0.07935645666786958,-0.014880083241734494,1.4051693647065728,0.9462367123611389,0.2778222798852242,0.2283338946363868
pi,0.75,pi_0p750_gamma_0p25,π = 0.75 (AHP),0.75,0.25,105,23,22,-0.027289751421382277,-0.06119824744856304,-0.008376972326853709,-0.052821275121709345,0.03390849602718075,0.13076158515602126,-0.08132503779096802,-0.015528051337872509,1.4268806886008296,0.9474346464438458,0.27764381297102303,0.22723726316381773
pi,0.75,pi_0p750_gamma_0p25,π = 0.75 (AHP),0.75,0.25,105,24,23,-0.023998127749183716,-0.06144818958812427,-0.00761867776134674,-0.05382951182677755,0.03745006183894059,0.1366910537734462,-0.08311029015972851,-0.016130701774777084,1.448896480327919,0.9488158575443045,0.27744649529963294,0.22590256712076345
pi,0.75,pi_0p750_gamma_0p25,π = 0.75 (AHP),0.75,0.25,105,25,24,-0.02051570483726179,-0.061547870373320525,-0.006837817445346354,-0.05471005292797418,0.041032165536058714,0.14243407175650766,-0.08471495485416362,-0.016686951366285292,1.4712382252225016,0.9503737548611164,0.2772320296377492,0.224347568909996
pi,0.75,pi_0p750_gamma_0p25,π = 0.75 (AHP),0.75,0.25,105,26,25,-0.01686258539604916,-0.0615077284129875,-0.006039275514904585,-0.055468452898082936,0.044645143016938386,0.14798358192923414,-0.08614228258265619,-0.017196156329639556,1.4939284564059478,0.9521028684580936,0.27700204930490024,0.2225892128461396
pi,0.75,pi_0p750_gamma_0p25,π = 0.75 (AHP),0.75,0.25,105,27,26,-0.013057513402059821,-0.061337823412930904,-0.005227380484730371,-0.056110442928200555,0.04828031001087112,0.15333433928581136,-0.08739596700036577,-0.01765806227457445,1.5169907356583463,0.95399874652442,0.27675811501066705,0.22064359968296374
pi,0.75,pi_0p750_gamma_0p25,π = 0.75 (AHP),0.75,0.25,105,28,27,-0.009117918178875162,-0.06104779603761167,-0.004405949130856598,-0.05664184690675509,0.05192987785873655,0.1584827212628288,-0.08848008177049593,-0.018072761633596317,1.5404496752849715,0.9560578626814125,0.27650171424501424,0.2185259793572183
pi,0.75,pi_0p750_gamma_0p25,π = 0.75 (AHP),0.75,0.25,105,29,28,-0.005059955463011817,-0.060646831116350705,-0.003578325673290391,-0.05706850544306032,0.05558687565333888,0.163426542876744,-0.08939902226230782,-0.018440644961097312,1.5643309344294865,0.9582775475095947,0.2762342590762747,0.216250749723843
pi,0.75,pi_0p750_gamma_0p25,π = 0.75 (AHP),0.75,0.25,105,30,29,-0.0008985679468411508,-0.0601436398276822,-0.002747421571378623,-0.05739621825630359,0.05924507188084102,0.16816488764973975,-0.09015745182646732,-0.018762363942431408,1.5886612670985527,0.9606559231282646,0.2759570872130842,0.21383147109186115
pi,0.75,pi_0p750_gamma_0p25,π = 0.75 (AHP),0.75,0.25,105,31,30,0.003352453879816451,-0.05954644824585789,-0.0019157523514406543,-0.057630695894417244,0.06289890212567437,0.172697948988868,-0.09076025241698008,-0.01903879444621354,1.6134685727165081,0.963191851026942,0.27567146277802373,0.21128088621685867
pi,0.75,pi_0p750_gamma_0p25,π = 0.75 (AHP),0.75,0.25,105,32,31,0.0076804095003252205,-0.05886299198739668,-0.0010854716793065311,-0.057777520308090156,0.06654340148772189,0.17702688304916345,-0.0912124798802353,-0.019271001681206237,1.638781952860468,0.9658848910075489,0.2753785773159992,0.20861094541894087
pi,0.75,pi_0p750_gamma_0p25,π = 0.75 (AHP),0.75,0.25,105,33,32,0.012073622722610611,-0.05810051833436812,-0.000258403555254112,-0.057842114779114016,0.07017414105697874,0.18115367448160868,-0.09151932368337788,-0.019460209741252052,1.6646317865656561,0.9687352669538313,0.27507955154769814,0.20583283708975628
pi,0.75,pi_0p750_gamma_0p25,π = 0.75 (AHP),0.75,0.25,105,34,33,0.01652137383880772,-0.057265794962560894,0.0005639271987108999,-0.05782972216127181,0.07378716880136862,0.18508101495738868,-0.09168607075784445,-0.019607775398175622,1.6910498270228982,0.9717438378107706,0.2747754376852632,0.20295702227997814
pi,0.75,pi_0p750_gamma_0p25,π = 0.75 (AHP),0.75,0.25,105,35,34,0.021013836279716022,-0.056365119650981114,0.0013802677142557467,-0.05774538736523687,0.07737895593069716,0.18881219164621554,-0.09171807345405428,-0.019715162261464133,1.7180692962472932,0.9749120788320169,0.27446722132059626,0.1999932694611543
pi,0.75,pi_0p750_gamma_0p25,π = 0.75 (AHP),0.75,0.25,105,36,35,0.02554201065241146,-0.05540433634031199,0.002189610836130001,-0.057593947176442006,0.08094634699272346,0.19235098829740407,-0.09162072111001664,-0.019783920194664004,1.7457250098027621,0.9782420645242708,0.27415582405298133,0.19695069253132144
pi,0.75,pi_0p750_gamma_0p25,π = 0.75 (AHP),0.75,0.25,105,37,36,0.03009766574563424,-0.05438884927603328,0.002991172484202597,-0.0573800217602359,0.08448651502166753,0.19570159438450446,-0.09139941540981121,-0.019815663953025753,1.7740534929003922,0.9817364626480163,0.27384210537899206,0.1938377868605986
pi,0.75,pi_0p750_gamma_0p25,π = 0.75 (AHP),0.75,0.25,105,38,37,0.034673276461743605,-0.05332364323204447,0.0037843693700190793,-0.05710801260206358,0.08799691969378809,0.19886852616564185,-0.09105954874927427,-0.019812057722579525,1.8030931341135439,0.9853985274369508,0.2735268654766639,0.19066246795816427
pi,0.75,pi_0p750_gamma_0p25,π = 0.75 (AHP),0.75,0.25,105,39,38,0.03926196964282967,-0.052213300439774644,0.004568800205967917,-0.05678210064574258,0.09147527008260434,0.20185655424732282,-0.09060648586114158,-0.01977479830357694,1.8328843299224495,0.9892321036167273,0.27321084711822163,0.18743210708079275
pi,0.75,pi_0p750_gamma_0p25,π = 0.75 (AHP),0.75,0.25,105,40,39,0.04385746793332502,-0.05106202235599856,0.005344227053260385,-0.05640624940925896,0.09491949028932359,0.20467064141695818,-0.09004554791478313,-0.01970560321285149,1.863469667908892,0.9932416291039365,0.2728947381799121,0.18415356841132752
pi,0.75,pi_0p750_gamma_0p25,π = 0.75 (AHP),0.75,0.25,105,41,40,0.048454040820994214,-0.049873647892584944,0.006110559782227542,-0.055984207674812506,0.09832768871357918,0.20731588599011888,-0.08938199929567976,-0.019606197980859965,1.8948941053977597,0.9974321476463129,0.2725791735319772,0.18083324294684566
pi,0.75,pi_0p750_gamma_0p25,π = 0.75 (AHP),0.75,0.25,105,42,41,0.05304645533107153,-0.048651674661996956,0.006867840828678091,-0.05551951549067507,0.10169812999306851,0.20979747339055718,-0.0886210364574306,-0.019478306940058095,1.9272051832149928,1.0018093213269468,0.2722647371758697,0.17747708280566
pi,0.75,pi_0p750_gamma_0p25,π = 0.75 (AHP),0.75,0.25,105,43,42,0.05762993233962282,-0.04739927716192243,0.00761623252916107,-0.05501550969108353,0.10502920950154526,0.2121206324076487,-0.08776777902971283,-0.019323643876390614,1.9604532429166983,1.0063794518792304,0.27195196394941384,0.1740906326984774
pi,0.75,pi_0p750_gamma_0p25,π = 0.75 (AHP),0.75,0.25,105,44,43,0.06220010345417054,-0.04611932681734455,0.008356004777727685,-0.05447533159507226,0.1083194302715151,0.21429059806549858,-0.08682726255341505,-0.019143905240568457,1.9946916785369142,1.011149502809795,0.2716413413007186,0.17067906108987846
pi,0.75,pi_0p750_gamma_0p25,π = 0.75 (AHP),0.75,0.25,105,45,44,0.06675297460548915,-0.04481440865988077,0.009087524904412638,-0.05390193356429343,0.11156738326536994,0.21631257818656982,-0.08580443260655123,-0.018940762314648665,2.0299771919956204,1.016127130049897,0.2713333106708471,0.16724718782769762
pi,0.75,pi_0p750_gamma_0p25,π = 0.75 (AHP),0.75,0.25,105,46,45,0.07128488574601725,-0.04348684117155544,0.009811247332068722,-0.05329808850362419,0.11477172691757272,0.2181917259006536,-0.084704141003515,-0.018715857979565913,2.0663701022834005,1.0213207122846641,0.2710282690329887,0.16379951345053004
pi,0.75,pi_0p750_gamma_0p25,π = 0.75 (AHP),0.75,0.25,105,47,46,0.07579248020437085,-0.04213869149607714,0.010527705462997954,-0.05266639695907511,0.11793117170044802,0.21993311458794654,-0.08353114236164086,-0.018470800525857707,2.1039346526539395,1.0267393909766644,0.27072656993203686,0.1603402433638957
pi,0.75,pi_0p750_gamma_0p25,π = 0.75 (AHP),0.75,0.25,105,48,47,0.08027267348274904,-0.04077179091732042,0.011237504295419637,-0.052009295212740086,0.1210444644000695,0.22154171657557675,-0.08229009231360028,-0.018207159861907025,2.1427393564027866,1.0323931150733423,0.2704285245209055,0.15687331196921736
pi,0.75,pi_0p750_gamma_0p25,π = 0.75 (AHP),0.75,0.25,105,49,48,0.08472262212096937,-0.039387751650965405,0.011941312855278222,-0.05132906450624365,0.1241103737719348,0.22302238593993237,-0.08098554659931671,-0.01792646556868091,2.1828573913591236,1.0382926872881757,0.27013440246661663,0.15340240637167687
pi,0.75,pi_0p750_gamma_0p25,π = 0.75 (AHP),0.75,0.25,105,50,49,0.08913969858524867,-0.03798797987893432,0.012639858579072284,-0.05062783845800663,0.127127678464183,0.22437984274275907,-0.07962196072044982,-0.017630203558126282,2.2243670097103476,1.0444498210780886,0.2698444325653388,0.14993098664048457
pi,0.75,pi_0p750_gamma_0p25,π = 0.75 (AHP),0.75,0.25,105,51,50,0.09352146621445327,-0.03657368937120152,0.013333921779074012,-0.049907611150275547,0.1300951555856548,0.22561866027626282,-0.07820369041629088,-0.017319814274317207,2.2673519983533246,1.0508772018085497,0.26955880325811593,0.14646230564722712
pi,0.75,pi_0p750_gamma_0p25,π = 0.75 (AHP),0.75,0.25,105,52,51,0.09786565606826302,-0.03514591385070722,0.014024330994514406,-0.049170244845221645,0.13301156991897023,0.22674325407623055,-0.07673499282579638,-0.01699669133146398,2.3119021821810177,1.0575885560607063,0.2692776629304672,0.14299942749854924
pi,0.75,pi_0p750_gamma_0p25,π = 0.75 (AHP),0.75,0.25,105,53,52,0.10217014684887601,-0.03370551961269576,0.014711957922907736,-0.048417477535603506,0.13587566646157176,0.22775787386162347,-0.07522002742885427,-0.016662179971197486,2.3581139784827556,1.0645987245983544,0.2690011201830052,0.1395452440623302
pi,0.75,pi_0p750_gamma_0p25,π = 0.75 (AHP),0.75,0.25,105,54,53,0.10643294419091529,-0.032253215603694624,0.015397714436190731,-0.04765093003988537,0.1386861597946099,0.2286665952215085,-0.07366285853170673,-0.01631757689519191,2.40609100398484,1.0719237501147594,0.2687292436892516,0.1361024912364328
pi,0.75,pi_0p750_gamma_0p25,π = 0.75 (AHP),0.75,0.25,105,55,54,0.11065216487334743,-0.030789563421662735,0.01608254900007564,-0.04687211242173838,0.1414417282950102,0.22947331401773616,-0.07206745687007642,-0.01596412885264957,2.4559447352893105,1.0795809701447228,0.2684620621963803,0.13267376247474091
pi,0.75,pi_0p750_gamma_0p25,π = 0.75 (AHP),0.75,0.25,105,56,55,0.11482601865683775,-0.02931498819508777,0.01676744301823251,-0.046082431213320285,0.14414100685192552,0.23018174221229104,-0.07043770211349631,-0.01560303324686925,2.5077952561105015,1.0875891179476236,0.26819956415425195,0.12926152298616844
pi,0.75,pi_0p750_gamma_0p25,π = 0.75 (AHP),0.75,0.25,105,57,56,0.11895279338733472,-0.027829787644937848,0.017453407960665454,-0.04528319560560331,0.14678258103227254,0.2307954043410982,-0.06877738526488986,-0.015235438043935822,2.561772069190577,1.0959684362058548,0.2679416972271373,0.12586812186783453
pi,0.75,pi_0p750_gamma_0p25,π = 0.75 (AHP),0.75,0.25,105,58,57,0.12303084340900455,-0.026334139213900525,0.0181414833853182,-0.044475622599218737,0.14936498262290507,0.23131763453623544,-0.0670902108898806,-0.014862441023449777,2.618014975945096,1.104740805601058,0.2676883679116994,0.12249580222781359
pi,0.75,pi_0p750_gamma_0p25,π = 0.75 (AHP),0.75,0.25,105,59,58,0.1270585747207249,-0.024828109899821402,0.01883273362400248,-0.043660843523823885,0.15188668462054628,0.2317515755342643,-0.06537979982938356,-0.014485091084334467,2.676675081163226,1.1139298800991762,0.26743944066525116,0.11914671247606462
pi,0.75,pi_0p750_gamma_0p25,π = 0.75 (AHP),0.75,0.25,105,60,59,0.1310344336148919,-0.02331166425361199,0.01952824516158915,-0.04283990941520115,0.15434609786850384,0.23210017804169586,-0.06364969152158076,-0.014104388651611278,2.7379158877227767,1.1235612389777367,0.2671947370459296,0.11582291545982004
pi,0.75,pi_0p750_gamma_0p25,π = 0.75 (AHP),0.75,0.25,105,61,60,0.13495689776993125,-0.021784670902485627,0.020229124696536947,-0.04201379559902258,0.15674156867241687,0.23236620039060793,-0.06190334608254555,-0.013721285635645522,2.801914494366341,1.1336625575988688,0.2669540349450462,0.1125263960370664
pi,0.75,pi_0p750_gamma_0p25,π = 0.75 (AHP),0.75,0.25,105,62,61,0.13882446676452742,-0.02024691003612598,0.020936496594919623,-0.04118340663104561,0.15907137680065336,0.23255220933913015,-0.06014414639239856,-0.013336686146078237,2.868862934101882,1.144263793305904,0.26671706761153136,0.10925906856453542
pi,0.75,pi_0p750_gamma_0p25,π = 0.75 (AHP),0.75,0.25,105,63,62,0.14263565229855746,-0.018698081807847426,0.021651499650900335,-0.040349581458747764,0.1613337341064049,0.23266058192440853,-0.058375400071228274,-0.012951447746775355,2.9389696698914385,1.1553973878844075,0.26648352238115564,0.10602278410468045
pi,0.75,pi_0p750_gamma_0p25,π = 0.75 (AHP),0.75,0.25,105,64,63,0.14638897256884767,-0.017137812569888677,0.022375284729663145,-0.039513097299551825,0.16352678513873636,0.23269350743457837,-0.056600340751689134,-0.012566381544152865,3.0124612250121943,1.1670984960707607,0.26625303983653537,0.10281933530374948
pi,0.75,pi_0p750_gamma_0p25,π = 0.75 (AHP),0.75,0.25,105,65,64,0.1500829437165907,-0.015565663479163943,0.023109011089511775,-0.038674674568675724,0.16564860719575467,0.23265299051343893,-0.05482212957581269,-0.012182253741871563,3.0895840261164857,1.1794052327874536,0.26602521231792664,0.09965046226723967
pi,0.75,pi_0p750_gamma_0p25,π = 0.75 (AHP),0.75,0.25,105,66,65,0.15371607628272543,-0.01398113694175931,0.02385384344584118,-0.03783498038760049,0.16769721322448475,0.23254085466232755,-0.053043855696461306,-0.01179978574138147,3.1706064137748657,1.1923589514226496,0.2657995831590654,0.09651785577236877
pi,0.75,pi_0p750_gamma_0p25,π = 0.75 (AHP),0.75,0.25,105,67,66,0.15728686951472157,-0.012383685294584605,0.024610947644775352,-0.03699463293935996,0.16967055480930615,0.23235874698390413,-0.05126853680449593,-0.011419655370102009,3.2558209054650358,1.2060045465077422,0.2655756454521498,0.09342316115975564
pi,0.75,pi_0p750_gamma_0p25,π = 0.75 (AHP),0.75,0.25,105,68,67,0.16079380771684632,-0.010772718727098373,0.025381486584384116,-0.03615420531148249,0.17156652644394468,0.23210814321152348,-0.04949911906949128,-0.011042497698087489,3.345546700696215,1.2203907918787777,0.26535284106314955,0.09036798095671439
pi,0.75,pi_0p750_gamma_0p25,π = 0.75 (AHP),0.75,0.25,105,69,68,0.16423535720507196,-0.00914761485994051,0.02616661460699369,-0.035314229466934195,0.17338297206501244,0.23179035458960523,-0.047738476533913075,-0.010668905990679736,3.440132476763328,1.235570709848357,0.2651305597457795,0.08735387694804828
pi,0.75,pi_0p750_gamma_0p25,π = 0.75 (AHP),0.75,0.25,105,70,69,0.16760996581112905,-0.0075077268951155565,0.02696747270421793,-0.034475199599333484,0.17511769270624464,0.23140653468932712,-0.04598940984761808,-0.010299432135464434,3.5399594805565013,1.2516019869075319,0.26490813882159464,0.08438237086236025
pi,0.75,pi_0p750_gamma_0p25,π = 0.75 (AHP),0.75,0.25,105,71,70,0.17091606059770983,-0.005852394978276396,0.02778518136309686,-0.03363757634137325,0.17676845557598622,0.23095768833005556,-0.04425464479416116,-0.009934587959908188,3.6454450085331627,1.2685474254849312,0.2646848624740078,0.08145494562367973
pi,0.75,pi_0p750_gamma_0p25,π = 0.75 (AHP),0.75,0.25,105,72,71,0.1741520477470812,-0.004180957529397605,0.028620833063081205,-0.032801790592478806,0.1783330052764788,0.23044468148059002,-0.04253683006486063,-0.009574846139250574,3.757046276289522,1.2864754463574373,0.2644599615632381,0.07857304540429222
pi,0.75,pi_0p750_gamma_0p25,π = 0.75 (AHP),0.75,0.25,105,73,72,0.1773163152411186,-0.002492762197579386,0.029475484687300907,-0.031968246884880286,0.17980907743869798,0.2298682522389821,-0.04083853420980106,-0.009220640590483064,3.8752647139895813,1.3054606493201057,0.26423261436071654,0.0757380743489101
pi,0.75,pi_0p750_gamma_0p25,π = 0.75 (AHP),0.75,0.25,105,74,73,0.1804072353485365,-0.0007871787150701513,0.030350148459498783,-0.031137327174568935,0.18119441406360662,0.22922902352954197,-0.03916224220283904,-0.008872367263096308,4.0006507778037586,1.3255844316794736,0.264001947485568,0.07295139531328167
pi,0.75,pi_0p750_gamma_0p25,π = 0.75 (AHP),0.75,0.25,105,75,74,0.18342316600382483,0.000936385322000125,0.03124578058107221,-0.030309395259072083,0.18248678068182472,0.22852751792656772,-0.03751035172608268,-0.008530385518660338,4.1338093600702415,1.3469356666450776,0.2637670366466824,0.07021432893635635
pi,0.75,pi_0p750_gamma_0p25,π = 0.75 (AHP),0.75,0.25,105,76,75,0.18636245786485364,0.0026784708190745704,0.0321632708854392,-0.02948480006636463,0.1836839870457791,0.22776417354425757,-0.035885168242593544,-0.008195018255884942,4.275405774368507,1.3696114669499615,0.26352690946170393,0.06752815036785804
pi,0.75,pi_0p750_gamma_0p25,π = 0.75 (AHP),0.75,0.25,105,77,76,0.18922345922146028,0.004439549944166649,0.0331034298402998,-0.028663879896133147,0.1847839092772936,0.22693936228938752,-0.0342889000570765,-0.007866552955017429,4.4261724985758715,1.3937180230813395,0.2632805480098118,0.06489408695006794
pi,0.75,pi_0p750_gamma_0p25,π = 0.75 (AHP),0.75,0.25,105,78,77,0.19200452345103472,0.0062200086079240375,0.034066974989335766,-0.027846966381411726,0.18578451484311065,0.2260534099137331,-0.032723652705807224,-0.007545242364815247,4.586916703925553,1.419371536287683,0.2630268926532046,0.062313314966917104
pi,0.75,pi_0p750_gamma_0p25,π = 0.75 (AHP),0.75,0.25,105,79,78,0.19470401772843887,0.00802012753398895,0.03505451605315564,-0.027034388519166685,0.18668389019444995,0.22510661834842915,-0.031191422948837998,-0.007231305205141211,4.758528686951268,1.4466992525118443,0.26276484684494966,0.059786956091396413
pi,0.75,pi_0p750_gamma_0p25,π = 0.75 (AHP),0.75,0.25,105,80,79,0.19732033283831502,0.009840063009792375,0.036066539774616185,-0.026226476764823804,0.18748026982852264,0.22409928922691497,-0.029694092484541607,-0.006924926913850719,4.941991319123934,1.475840614831239,0.2624932829247611,0.057316073652204404
pi,0.75,pi_0p750_gamma_0p25,π = 0.75 (AHP),0.75,0.25,105,81,80,0.19985189414304355,0.011679824928425165,0.037103392110851924,-0.025423567182426755,0.1881720692146184,0.2230317511228235,-0.028233421453146626,-0.006626260455058503,5.1383906452665435,1.506948532903058,0.2622110490388445,0.05490166878244059
pi,0.75,pi_0p750_gamma_0p25,π = 0.75 (AHP),0.75,0.25,105,82,81,0.20229717398982439,0.013539255906398488,0.038165261396852716,-0.024626005490454225,0.18875791808342593,0.22190438700669576,-0.0268110418301778,-0.006335427093092064,5.348927765949362,1.540190803582376,0.26191697731760083,0.05254467639432568
pi,0.75,pi_0p750_gamma_0p25,π = 0.75 (AHP),0.75,0.25,105,83,82,0.20465470662747062,0.015418009883857123,0.039252160674990794,-0.023834150791133667,0.18923669674361357,0.2207176643942343,-0.025428450688655253,-0.006052516961965487,5.5749321445986775,1.575751688458757,0.2616098939816898,0.0502459607486709
pi,0.75,pi_0p750_gamma_0p25,π = 0.75 (AHP),0.75,0.25,105,84,83,0.206923101389339,0.01731552919766363,0.04036390893819941,-0.02304837974053578,0.18960757219167537,0.21947216653732385,-0.024087004058332067,-0.005777590287316423,5.817876606222281,1.6138336623330685,0.2612886294774625,0.04800631210590583
pi,0.75,pi_0p750_gamma_0p25,π = 0.75 (AHP),0.75,0.25,105,85,84,0.20910105922334968,0.019231023186691672,0.041500113215761324,-0.02226909002906965,0.18987003603665797,0.2181686250423161,-0.022787910802314543,-0.005510678203343582,6.079394137259238,1.6546593631467763,0.2609520309508258,0.04582644274599627
pi,0.75,pi_0p750_gamma_0p25,π = 0.75 (AHP),0.75,0.25,105,86,85,0.211187390025782,0.02116344790162871,0.042660151520370976,-0.021496703618742258,0.19002394212415333,0.21680795288539553,-0.02153222704325343,-0.00525178371798878,6.361296762830846,1.6984737645419048,0.2605989760468607,0.043706983335108425
pi,0.75,pi_0p750_gamma_0p25,π = 0.75 (AHP),0.75,0.25,105,87,86,0.21318102926011673,0.023111486311764875,0.04384315617880651,-0.02073166986704163,0.19006954294835185,0.21539127749594142,-0.020320851470164027,-0.005000883077425589,6.665596804615985,1.7455465906064542,0.26022838722242847,0.0416484800963293
pi,0.75,pi_0p750_gamma_0p25,π = 0.75 (AHP),0.75,0.25,105,88,87,0.21508105625765478,0.025073531406722572,0.045047999367219586,-0.019974467960497004,0.1900075248509322,0.21391997326305234,-0.01915452133635475,-0.004757927075765434,6.99453076315353,1.7961750106278427,0.25983924773930217,0.03965139201279826
pi,0.75,pi_0p750_gamma_0p25,π = 0.75 (AHP),0.75,0.25,105,89,88,0.21688671069715204,0.027047671395232446,0.046273280512863474,-0.01922560911763102,0.18983903930191962,0.2123956919109081,-0.018033809706564433,-0.004522842902424098,7.350586254220436,1.8506866404705056,0.25943061743685847,0.03771608907599064
pi,0.75,pi_0p750_gamma_0p25,π = 0.75 (AHP),0.75,0.25,105,90,89,0.2185974100368554,0.029031678406546604,0.04751731631227471,-0.018485637905728103,0.1895657316303088,0.2108203913567473,-0.01695912369867277,-0.00429553602776576,7.736532315709683,1.9094428882871306,0.2590016496361669,0.035842850661774964
pi,0.75,pi_0p750_gamma_0p25,π = 0.75 (AHP),0.75,0.25,105,91,90,0.220212765838069,0.03102300216336809,0.048778135049102535,-0.01775513288573443,0.18918976367470094,0.20919636015889223,-0.0159307040333394,-0.004075892450851936,8.155453579711512,1.9728426939720975,0.2585516079547104,0.034031864555083266
pi,0.75,pi_0p750_gamma_0p25,π = 0.75 (AHP),0.75,0.25,105,92,91,0.22173259484377003,0.0330187658887452,0.05005347284777459,-0.01703470695902938,0.1887138289550248,0.20752623715457494,-0.014948626356404824,-0.003863781843145336,8.610788963994079,2.041326685336611,0.2580798802545009,0.032283227453865804
pi,0.75,pi_0p750_gamma_0p25,π = 0.75 (AHP),0.75,0.25,105,93,92,0.2231569280458922,0.03501576754107538,0.051340774222812025,-0.01632500668173664,0.18814116050481683,0.20581302533430185,-0.014012803868737374,-0.0036590609607476993,9.106375400188247,2.115381813969906,0.2575859911157012,0.030596945744025498
pi,0.75,pi_0p750_gamma_0p25,π = 0.75 (AHP),0.75,0.25,105,94,93,0.22448601080256994,0.03701048343803755,0.05263719470395187,-0.015626711265914316,0.18747552736453238,0.20406009736274325,-0.01312299187098903,-0.003461578127221894,9.646497568778477,2.195546501298202,0.2570696080133044,0.028972937864583517
pi,0.75,pi_0p750_gamma_0p25,π = 0.75 (AHP),0.75,0.25,105,95,94,0.225720292204125,0.038999073360127604,0.05393960444843899,-0.014940531088311386,0.1867212188439974,0.2022711915867162,-0.012278794086147259,-0.0032711786565715923,10.235944639787911,2.2824163343961557,0.25653053893540234,0.027411037938616007
pi,0.75,pi_0p750_gamma_0p25,π = 0.75 (AHP),0.75,0.25,105,96,95,0.22686039183447307,0.04097738045802051,0.055244587096413125,-0.01426720663839261,0.18588301137645255,0.2004503949169446,-0.011479671415681297,-0.0030877121248108147,10.880075705514507,2.376650301360255,0.2559687120742717,0.025911002250640025
pi,0.75,pi_0p750_gamma_0p25,π = 0.75 (AHP),0.75,0.25,105,97,96,0.227907035561916,0.04294092043932083,0.05654842845135833,-0.013607508012037488,0.18496611512259517,0.1986021096546996,-0.010724953059920434,-0.002911041472184005,11.584895953610836,2.4789775364631037,0.25538412923288545,0.02447251860121701
pi,0.75,pi_0p750_gamma_0p25,π = 0.75 (AHP),0.75,0.25,105,98,97,0.2288609335200877,0.04488484312508196,0.05784707980843049,-0.012962236683348529,0.18397609039500576,0.19673099691062076,-0.01001385113055936,-0.0027410553850556645,12.357147261714925,2.5902043996670012,0.2547767704097001,0.02309522139474887
pi,0.75,pi_0p750_gamma_0p25,π = 0.75 (AHP),0.75,0.25,105,99,98,0.22972256459297047,0.0468038423515354,0.05913607350226667,-0.012332231150731253,0.18291872224143504,0.19484188695068447,-0.009345479661437252,-0.0025776850478122075,13.204418851245215,2.7112215279836396,0.25414641746297484,0.021778714959589336
pi,0.75,pi_0p750_gamma_0p25,π = 0.75 (AHP),0.75,0.25,105,100,99,0.2304918019952718,0.04869197057977512,0.0604103501390463,-0.011718379559271163,0.1817998314154967,0.19293963887709642,-0.008718879962866919,-0.0024209274987328304,14.135287812389322,2.8430100809626433,0.25349233872536464,0.02052261014668938
pi,0.75,pi_0p750_gamma_0p25,π = 0.75 (AHP),0.75,0.25,105,101,100,0.2311672708671661,0.050542284833581363,0.06166392881323595,-0.011121643979654575,0.18062498603358476,0.191028920175408,-0.008133055267162072,-0.0022708788746612003,15.159506626442937,2.9866456487372717,0.25281273640190544,0.019326581835503606
pi,0.75,pi_0p750_gamma_0p25,π = 0.75 (AHP),0.75,0.25,105,102,101,0.2317452535924868,0.052346199623743726,0.06288930329540332,-0.01054310367165958,0.17939905396874306,0.18911385597563984,-0.007587019273167477,-0.002127782733729315,16.28826827057758,3.143296878859789,0.2521037895903997,0.01819045928589036
pi,0.75,pi_0p750_gamma_0p25,π = 0.75 (AHP),0.75,0.25,105,103,102,0.23221783264271756,0.05409233695107729,0.06407636569735395,-0.009984028746276654,0.17812549569164027,0.18719746311870694,-0.007079865577358675,-0.001992101849707996,17.534604161573373,3.3142132591566766,0.25135800952996606,0.017114367742557306
pi,0.75,pi_0p750_gamma_0p25,π = 0.75 (AHP),0.75,0.25,105,104,103,0.2325697501779861,0.055764519815383704,0.06521052181782445,-0.009446002002440751,0.17680523036260237,0.18528072627268108,-0.006610868211720614,-0.0018646276983580936,18.914015490385495,3.5006916488625524,0.25056142853690394,0.01609894929506804
pi,0.75,pi_0p750_gamma_0p25,π = 0.75 (AHP),0.75,0.25,105,105,104,0.23277311216324487,0.057338314652262606,0.0662694313210348,-0.008931116668772193,0.17543479751098223,0.18336268260635738,-0.006179386449829158,-0.0017484986455460034,20.44552171204938,3.7040021981039706,0.2496904223018525,0.015145463893751241
pi,0.8,pi_0p800_gamma_0p25,π = 0.8,0.8,0.25,105,1,0,0.0,0.0,0.0,0.0,0.0,0.0,0.0,0.0,1.0,1.0,0.27617931389231354,0.1649478452600906
pi,0.8,pi_0p800_gamma_0p25,π = 0.8,0.8,0.25,105,2,1,-0.006662964202969646,-0.005121808124336848,-0.0024038929760800184,-0.0027179151482568296,-0.0015411560786327985,0.0033189859932434597,-0.004874987567875645,1.4845495999386805e-5,1.0165070951265487,0.9912802227945491,0.2765979366771241,0.17224423157929147
pi,0.8,pi_0p800_gamma_0p25,π = 0.8,0.8,0.25,105,3,2,-0.012769842892688371,-0.010060793981851281,-0.004496289479253528,-0.005564504502597754,-0.0027090489108370745,0.007164357810344254,-0.00972728133721161,-0.0001461253839697168,1.0334680623354435,0.9837020866238728,0.27700016960226864,0.17913638503378665
pi,0.8,pi_0p800_gamma_0p25,π = 0.8,0.8,0.25,105,4,3,-0.01829519734424427,-0.014802221147982934,-0.006296919946621057,-0.008505301201361877,-0.0034929761962613722,0.011508309732427686,-0.014537471408859772,-0.0004638145198292854,1.0508241095636517,0.9771297854752501,0.27737975461311226,0.18559508217143292
pi,0.8,pi_0p800_gamma_0p25,π = 0.8,0.8,0.25,105,5,4,-0.023223184660608145,-0.019331866919947146,-0.007825295335904522,-0.011506571584042623,-0.003891317740661043,0.016315573210631467,-0.01928713242518036,-0.0009197585261121464,1.068525260134386,0.9714460958404298,0.2777318556906142,0.19159799267681685
pi,0.8,pi_0p800_gamma_0p25,π = 0.8,0.8,0.25,105,6,5,-0.02754663627620862,-0.023636759262362677,-0.009100626755508809,-0.014536132506853868,-0.0039098770138459495,0.02154518312320539,-0.023958939072852497,-0.0014961210641988422,1.0865297784901422,0.9665498275432716,0.27805284589459406,0.19712938210508768
pi,0.8,pi_0p800_gamma_0p25,π = 0.8,0.8,0.25,105,7,6,-0.031266053746818,-0.027705717673515422,-0.010141735869570921,-0.0175639818039445,-0.003560336073302608,0.027152149758011827,-0.028536750273964785,-0.002175735557349649,1.1048035377125753,0.9623535976571744,0.2783401224931627,0.2021796640199439
pi,0.8,pi_0p800_gamma_0p25,π = 0.8,0.8,0.25,105,8,7,-0.03438857109705256,-0.0315297114472427,-0.010966962306069273,-0.02056274914117343,-0.002858859649809879,0.033088984358554153,-0.033005669839910934,-0.002942174168453101,1.1233193596049298,0.9587819007488243,0.2785919460547134,0.20674484896773354
pi,0.8,pi_0p800_gamma_0p25,π = 0.8,0.8,0.25,105,9,8,-0.03692692656301305,-0.03510205802049149,-0.011594074040149182,-0.02350798398034231,-0.0018248685425215632,0.03930704723386944,-0.03735208816093669,-0.0037798276154543033,1.1420563563013206,0.9557694439127447,0.27880730104907814,0.21082593219450993
pi,0.8,pi_0p800_gamma_0p25,π = 0.8,0.8,0.25,105,10,9,-0.038898468147944704,-0.038418482428400215,-0.012040183635212847,-0.026378298793187368,-0.00047998571954450204,0.0457576983912466,-0.04156370869092983,-0.004673975419861264,1.1609992754746643,0.953259721612129,0.27898577218285137,0.21442825224691417
pi,0.8,pi_0p800_gamma_0p25,π = 0.8,0.8,0.25,105,11,10,-0.04032423182977636,-0.041477075464446664,-0.012321677496384093,-0.029155397968062574,0.0011528436346702627,0.05239325720862298,-0.04562955841193138,-0.00561085516202132,1.1801378996232592,0.9512037875784954,0.279127440609441,0.21756085293814262
pi,0.8,pi_0p800_gamma_0p25,π = 0.8,0.8,0.25,105,12,11,-0.04122809427014932,-0.04427816799931958,-0.012454157067065217,-0.031824010932254364,0.00305007372917022,0.05916777052036599,-0.049539985005963426,-0.0065777117852323305,1.1994664800257162,0.9495592073808824,0.27923279249404803,0.22023586517376487
pi,0.8,pi_0p800_gamma_0p25,π = 0.8,0.8,0.25,105,13,12,-0.04163601147865147,-0.04682414606885898,-0.01245239337161449,-0.0343717526972445,0.005188134590207485,0.0660376036810716,-0.05328664133290111,-0.007562827757962992,1.218983214164439,0.9482891657837441,0.2793026394776764,0.22246792431039697
pi,0.8,pi_0p800_gamma_0p25,π = 0.8,0.8,0.25,105,14,13,-0.04157535020638765,-0.04911922963809899,-0.012330295913773033,-0.03678893372432596,0.007543879431711323,0.0729618739349697,-0.05686245754441619,-0.008555536958842163,1.2386897775150583,0.9473617041420098,0.27933805078783447,0.22427363418356755
pi,0.8,pi_0p800_gamma_0p25,π = 0.8,0.8,0.25,105,15,14,-0.041074311846426195,-0.0511692326530484,-0.012100895541181184,-0.039068337111867225,0.010094920806622176,0.07990274605135825,-0.06026160170305857,-0.009546223541677498,1.2585909127828252,0.9467490681825081,0.2793402957597097,0.22567108378273926
pi,0.8,pi_0p800_gamma_0p25,π = 0.8,0.8,0.25,105,16,15,-0.04016143916584259,-0.05298131315496848,-0.011776338557042543,-0.04120497459792594,0.012819873989125848,0.08682560696329093,-0.06347943113442549,-0.010526301839739589,1.2786940582113409,0.9464271554236426,0.2793107935018576,0.22667941672436898
pi,0.8,pi_0p800_gamma_0p25,π = 0.8,0.8,0.25,105,17,16,-0.038865208859975534,-0.054563730593329494,-0.01136789305731632,-0.043195837536013186,0.01569852173335395,0.09369914381222173,-0.06651243461587719,-0.011488187462990589,1.2990090365284066,0.9463750401048464,0.27925107163653756,0.2273184569468792
pi,0.8,pi_0p800_gamma_0p25,π = 0.8,0.8,0.25,105,18,17,-0.03721369332114087,-0.05592560999744579,-0.01088596319655267,-0.045039646800893125,0.018711916676304903,0.10049533849523219,-0.06935816860461316,-0.01242525321431414,1.319547772949881,0.9465745729702177,0.2791627299483227,0.22760838491062008
pi,0.8,pi_0p800_gamma_0p25,π = 0.8,0.8,0.25,105,19,18,-0.035234294693299556,-0.057076727054613405,-0.010340112869382335,-0.046736614185231076,0.021842432361313818,0.10718940130173042,-0.07201518735751748,-0.013331781582899134,1.3403240706279886,0.9470100351532027,0.2790474115695827,0.22756946568408856
pi,0.8,pi_0p800_gamma_0p25,π = 0.8,0.8,0.25,105,20,19,-0.03295353340821644,-0.05802730887241092,-0.009739094305774751,-0.04828821456663618,0.02507377546419449,0.11375965306259216,-0.07448297025985165,-0.014202907338546025,1.361353409156576,0.9476678474542899,0.2789067777582816,0.22722182084053683
pi,0.8,pi_0p800_gamma_0p25,π = 0.8,0.8,0.25,105,21,20,-0.030396893225329864,-0.05878786061971023,-0.009090883076947625,-0.049696977542762616,0.028390967394380347,0.12018737401098688,-0.07676184614713101,-0.015034560469475529,1.3826527940885986,0.9485363174930431,0.27874248858753475,0.2265852440567881
pi,0.8,pi_0p800_gamma_0p25,π = 0.8,0.8,0.25,105,22,21,-0.027588708156071114,-0.059369011992246014,-0.008402715884519693,-0.05096629610772633,0.0317803038361749,0.12645662632324906,-0.07885291736378698,-0.01582340512328718,1.404240630515801,0.9496054262124392,0.2785561866990738,0.22567905270192867
pi,0.8,pi_0p800_gamma_0p25,π = 0.8,0.8,0.25,105,23,22,-0.024552084127021482,-0.05978138342652447,-0.007681130156703214,-0.05210025326982126,0.035229299299502984,0.13255405935201542,-0.0807579845042494,-0.016566775548263062,1.426136616853955,0.9508666478889785,0.2783494835347562,0.22452197094601062
pi,0.8,pi_0p800_gamma_0p25,π = 0.8,0.8,0.25,105,24,23,-0.02130885940845388,-0.0600354778809208,-0.006932006588779421,-0.053103471292141394,0.03872661847246691,0.13846870969323646,-0.08247947235183276,-0.01726261886893683,1.4483616849370116,0.9523127916426224,0.27812395043924226,0.2231320444426988
pi,0.8,pi_0p800_gamma_0p25,π = 0.8,0.8,0.25,105,25,24,-0.01787958419487825,-0.060141587765035684,-0.006160610951917192,-0.0539809768131185,0.042262003570157455,0.14419179585819403,-0.08402035837985469,-0.0179094339081819,1.4709379470541866,0.9539378702756779,0.27788111024784184,0.22152657652900687
pi,0.8,pi_0p800_gamma_0p25,π = 0.8,0.8,0.25,105,26,25,-0.014283521981334068,-0.06010971959052441,-0.0053716357528417165,-0.05473808383768271,0.04582619760919032,0.14971651516239304,-0.08538410453755266,-0.01850621301565008,1.493888664349541,0.9557369889477484,0.27762243113834323,0.21972208551950992
pi,0.8,pi_0p800_gamma_0p25,π = 0.8,0.8,0.25,105,27,26,-0.010538672224447918,-0.05994953738248182,-0.0045692420986565094,-0.05538029528382532,0.049410865158033904,0.1550378481757966,-0.08657459255800212,-0.019052390459760583,1.5172382482113493,0.9577062476290701,0.27734932333144224,0.21773428138580717
pi,0.8,pi_0p800_gamma_0p25,π = 0.8,0.8,0.25,105,28,27,-0.006661803262543058,-0.05967031850025246,-0.00375709992418012,-0.05591321857607235,0.05300851523770937,0.16015237029228627,-0.08759606322400156,-0.019547791830575333,1.5410122738540126,0.9598426598051771,0.27706313641981734,0.21557805558638224
pi,0.8,pi_0p800_gamma_0p25,π = 0.8,0.8,0.25,105,29,28,-0.0026684930565473524,-0.059280919803422184,-0.0029384260722260095,-0.05634249373119618,0.05661242674687484,0.16505807215451698,-0.08845306016035777,-0.01999258524728435,1.565237502530523,0.962144086256726,0.2767651573209064,0.21326748171640408
pi,0.8,pi_0p800_gamma_0p25,π = 0.8,0.8,0.25,105,30,29,0.0014268208211666471,-0.05878975551002147,-0.002116020995397805,-0.056673734514623667,0.0602165763311881,0.16975419196471245,-0.08915037801204265,-0.02038723762148169,1.5899419246754891,0.964609178772447,0.27645660964676194,0.21081582653827746
pi,0.8,pi_0p800_gamma_0p25,π = 0.8,0.8,0.25,105,31,30,0.00561078400268452,-0.058204785638220784,-0.0012923041150426904,-0.0569124815231781,0.06381556964090532,0.17424106061392813,-0.08969301485142818,-0.020732476121594623,1.6151548267531903,0.9672373315648777,0.27613865428205486,0.20823556943134336
pi,0.8,pi_0p800_gamma_0p25,π = 0.8,0.8,0.25,105,32,31,0.009871069139739053,-0.05753350855361373,-0.0004693459912120219,-0.05706416256240172,0.06740457769335277,0.17851995684518113,-0.09008612924502693,-0.021029249906801405,1.6409068571141934,0.9700286455023223,0.27581238954720666,0.20553842565054112
pi,0.8,pi_0p800_gamma_0p25,π = 0.8,0.8,0.25,105,33,32,0.014196313478739004,-0.05678296320885449,0.0003511003399843219,-0.05713406354883882,0.0709792766875935,0.18259297650602987,-0.09033500123302055,-0.021278698585415833,1.6672301233387452,0.9729838956486098,0.2754788527989206,0.20273537596912153
pi,0.8,pi_0p800_gamma_0p25,π = 0.8,0.8,0.25,105,34,33,0.018576061032131864,-0.05595973196681265,0.0011675717154636168,-0.05712730368227627,0.07453579299894454,0.1864629109313389,-0.0904449978616635,-0.021482120070730883,1.6941582822540244,0.9761045115545616,0.2751390212245135,0.1998366970079719
pi,0.8,pi_0p800_gamma_0p25,π = 0.8,0.8,0.25,105,35,34,0.023000700107040913,-0.05506995155891164,0.001978867751165253,-0.05704881931007691,0.07807065166595259,0.19013313899223422,-0.09042154218133293,-0.021640945144948708,1.7217266645549367,0.9793925585438124,0.2747938139455765,0.1968519960099425
pi,0.8,pi_0p800_gamma_0p25,π = 0.8,0.8,0.25,105,36,35,0.027461406518028586,-0.0541193231266334,0.0027840272616845045,-0.05690335038831792,0.081580729644662,0.19360752744757312,-0.09027008636639763,-0.0217567114365135,1.7499723935135663,0.9828507303437467,0.27444409325866687,0.19379024476020293
pi,0.8,pi_0p800_gamma_0p25,π = 0.8,0.8,0.25,105,37,36,0.03195008378151296,-0.05311312869082086,0.003582305081785264,-0.056695433772606135,0.08506321247233387,0.1968903438077123,-0.08999608772316314,-0.021831043612215356,1.7789345395825786,0.9864823416250085,0.27409066702994844,0.19065981620056538
pi,0.8,pi_0p800_gamma_0p25,π = 0.8,0.8,0.25,105,38,37,0.036459307504571443,-0.05205624723798025,0.0043731515500100415,-0.0564293987879903,0.08851555474255166,0.19998617724425202,-0.08960498821111978,-0.021865634290580596,1.8086542811075916,0.9902913285766425,0.2737342905107599,0.18746852009497073
pi,0.8,pi_0p800_gamma_0p25,π = 0.8,0.8,0.25,105,39,38,0.04098227504265411,-0.050953170045648206,0.005156194430748351,-0.056109364476396556,0.09193544508830231,0.20289986707474295,-0.08910219677812009,-0.02186222520832058,1.83917506903677,0.9942822570883177,0.2733756677343476,0.18422363695577104
pi,0.8,pi_0p800_gamma_0p25,π = 0.8,0.8,0.25,105,40,39,0.04551275301119521,-0.04980801991956341,0.00593122137003777,-0.05573924128960118,0.09532077293075858,0.20563644101568088,-0.08849307439717909,-0.021822593687743204,1.870542827425493,0.9984603316611294,0.2730154536657974,0.18093195341414756
pi,0.8,pi_0p800_gamma_0p25,π = 0.8,0.8,0.25,105,41,40,0.050045030094583,-0.04862456909567404,0.006698164480851224,-0.055322733576525264,0.09866959919025703,0.20820105972396943,-0.08778292142753343,-0.021748539106179004,1.9028061628916004,1.0028314111954417,0.2726542558089631,0.17759979535718548
pi,0.8,pi_0p800_gamma_0p25,π = 0.8,0.8,0.25,105,42,41,0.05457387156617955,-0.04740625785321429,0.007457086136814348,-0.05486334399002864,0.10198012941939384,0.2105989683137313,-0.08697696717193074,-0.021641871722406718,1.9360165982664626,1.0074020286580054,0.272292635870404,0.17423306032697236
pi,0.8,pi_0p800_gamma_0p25,π = 0.8,0.8,0.25,105,43,42,0.05909447832288838,-0.04615621106943744,0.008208166945295588,-0.05436437801473303,0.1052506893923258,0.21283545276427915,-0.0860803615904985,-0.021504401781454848,1.970228816601972,1.012179418842449,0.27193111104032275,0.17083724774569017
pi,0.8,pi_0p800_gamma_0p25,π = 0.8,0.8,0.25,105,44,43,0.06360244536660761,-0.044877257941681646,0.008951693359516637,-0.05382895130119828,0.10847970330828924,0.2149158037183593,-0.085098168343529,-0.021337932066541086,2.005500949529844,1.0171715449692573,0.27157015561183523,0.16741748927980604
pi,0.8,pi_0p800_gamma_0p25,π = 0.8,0.8,0.25,105,45,44,0.06809372648701163,-0.04357194735985588,0.009688048166375264,-0.05325999552623114,0.11166567384686751,0.2168452829435141,-0.08403535977258328,-0.02114424932406335,2.041894868920558,1.0223871370314044,0.27121020194793116,0.1639785759710614
pi,0.8,pi_0p800_gamma_0p25,π = 0.8,0.8,0.25,105,46,45,0.07256459758592054,-0.04224256631349132,0.010417700405935792,-0.052660266719427105,0.11480716389941185,0.21862909614803602,-0.08289681300760307,-0.0209251192410211,2.079476530081448,1.0278357292959304,0.2708516417845127,0.1605249857045865
pi,0.8,pi_0p800_gamma_0p25,π = 0.8,0.8,0.25,105,47,46,0.07701162720876176,-0.04089115354555847,0.0111411979974574,-0.05203235154301587,0.1179027807543202,0.2202723674150241,-0.08168730737843734,-0.020682279282266573,2.118316318784794,1.0335277102944873,0.27049482682687015,0.1570609069298513
pi,0.8,pi_0p800_gamma_0p25,π = 0.8,0.8,0.25,105,48,47,0.08143164472501709,-0.03951951635217354,0.011859159550647565,-0.05137867590282111,0.12095116107719059,0.22178011919644317,-0.08041152280607058,-0.020417435313181975,2.1584894588853336,1.0394743723024809,0.2701400697108124,0.15359026307613985
pi,0.8,pi_0p800_gamma_0p25,π = 0.8,0.8,0.25,105,49,48,0.08582171499820336,-0.03812924292004201,0.012572268624909157,-0.05070151154495117,0.12395095791824536,0.223157253322076,-0.07907403915508401,-0.020132256248746615,2.2000764316536707,1.0456879738525258,0.26978764438538877,0.1501167335013274
pi,0.8,pi_0p800_gamma_0p25,π = 0.8,0.8,0.25,105,50,49,0.0901791093179909,-0.03672171880193506,0.01328126645703342,-0.050002985258968485,0.12690082811992598,0.22440853736702893,-0.07767933630928779,-0.019828372937815166,2.243163473237922,1.0521818002349357,0.269437786826331,0.14664377568215883
pi,0.8,pi_0p800_gamma_0p25,π = 0.8,0.8,0.25,105,51,50,0.09450128509032246,-0.03529813727688995,0.01398694769255238,-0.04928508496944233,0.1297994223672124,0.2255385905693024,-0.07623179476762336,-0.019507373434466645,2.287843077930455,1.0589702409419024,0.2690906950576079,0.1431746428747412
pi,0.8,pi_0p800_gamma_0p25,π = 0.8,0.8,0.25,105,52,51,0.09878586218942877,-0.03385951284917018,0.014690154974756986,-0.04854966782392717,0.13264537503859894,0.22655187387383116,-0.07473569694907599,-0.01917080188615623,2.3342145825152647,1.0660688684802022,0.26874652940877025,0.13971240283902558
pi,0.8,pi_0p800_gamma_0p25,π = 0.8,0.8,0.25,105,53,52,0.10303060451730062,-0.032406691336310856,0.015391775265320274,-0.04779846660163113,0.13543729585361147,0.22745268043202913,-0.07319522880819537,-0.018820155770222294,2.3823847856386835,1.0734945311084474,0.2684054124298003,0.13625995368378307
pi,0.8,pi_0p800_gamma_0p25,π = 0.8,0.8,0.25,105,54,53,0.10723340004065252,-0.03094036199652977,0.016092735258243143,-0.04703309725477292,0.1381737620371823,0.22824512920227855,-0.07161448183121176,-0.018456885333884506,2.4324686516237297,1.081265449802739,0.26806742882440543,0.132820039925356
pi,0.8,pi_0p800_gamma_0p25,π = 0.8,0.8,0.25,105,55,54,0.11139224379158669,-0.029461067736517504,0.016793997784613348,-0.04625506552113085,0.14085331152810418,0.22893315928800126,-0.06999745525263062,-0.018082392507266495,2.484590075325815,1.0894013282784054,0.2677326251420862,0.12939526666172593
pi,0.8,pi_0p800_gamma_0p25,π = 0.8,0.8,0.25,105,56,55,0.1155052237828755,-0.027969213760424782,0.017496558973698857,-0.04546577273412364,0.14347443754330022,0.2295205251296814,-0.06834805834077173,-0.01769802924560946,2.538882714061259,1.0979234766681405,0.26740100936812256,0.12598811199034785
pi,0.8,pi_0p800_gamma_0p25,π = 0.8,0.8,0.25,105,57,56,0.119570505776208,-0.026465077602213068,0.018201444738319656,-0.04466652234053272,0.14603558337842104,0.23001079379337327,-0.06667011290525934,-0.017305097509692932,2.595490923081766,1.1068549441635689,0.26707255045098816,0.1226009394696557
pi,0.8,pi_0p800_gamma_0p25,π = 0.8,0.8,0.25,105,58,57,0.12358632098553095,-0.024948817750664303,0.018909707821577637,-0.04385852557224194,0.14853513873619523,0.2304073429271224,-0.06496735566553742,-0.01690484852538977,2.6545707771029514,1.116220667293548,0.26674717773018725,0.1192360088019571
pi,0.8,pi_0p800_gamma_0p25,π = 0.8,0.8,0.25,105,59,58,0.12755095272073896,-0.023420482745133097,0.019622424760615452,-0.04304290750574854,0.150971435465872,0.23071335974872026,-0.06324344087758986,-0.0164984834052584,2.7162912128885943,1.1260476328232603,0.2664247801721034,0.11589548648123098
pi,0.8,pi_0p800_gamma_0p25,π = 0.8,0.8,0.25,105,60,59,0.13146272942795553,-0.021880017912079348,0.02034069347114224,-0.04222071138322158,0.1533427473400349,0.23093184065644312,-0.06150194215093777,-0.016087151165470468,2.7808352576824076,1.1363650603989746,0.26610520583671554,0.11258145328780526
pi,0.8,pi_0p800_gamma_0p25,π = 0.8,0.8,0.25,105,61,60,0.1353200106677166,-0.020327276140311656,0.021065629103854306,-0.04139290524416596,0.15564728680802822,0.23106559293182824,-0.05974635501081951,-0.015671951112980514,2.8484014479448967,1.1472045963096196,0.2657882608745897,0.10929591434092276
pi,0.8,pi_0p800_gamma_0p25,π = 0.8,0.8,0.25,105,62,61,0.13912118215612695,-0.01876202393332805,0.021798361844992186,-0.040560385778320225,0.15788320608945505,0.2311172356661753,-0.057980098385418885,-0.015253931191301393,2.919205338978367,1.158600537092391,0.2654737089082101,0.10604080482963099
pi,0.8,pi_0p800_gamma_0p25,π = 0.8,0.8,0.25,105,63,62,0.1428646465800346,-0.017183950929093063,0.0225400328345161,-0.03972398376360916,0.16004859750912762,0.23108920290916957,-0.05620651630221562,-0.014834089097826344,2.993481221119944,1.1705900684529527,0.26516127014130575,0.10281799717248485
pi,0.8,pi_0p800_gamma_0p25,π = 0.8,0.8,0.25,105,64,63,0.14654881944923362,-0.015592676571700702,0.02329179143420843,-0.038884468005909126,0.16214149602093433,0.23098374638842545,-0.0544288789010619,-0.014413371466429266,3.071483986081011,1.1832135368830232,0.26485062082771693,0.099629305660548
pi,0.8,pi_0p800_gamma_0p25,π = 0.8,0.8,0.25,105,65,64,0.15017212001691332,-0.013987761635550296,0.024054789498726015,-0.038042551134276306,0.16415988165246362,0.23080294115258718,-0.05265038352347002,-0.013992675976653593,3.1534912570282043,1.1965147368815625,0.26454139222147477,0.09647649276611683
pi,0.8,pi_0p800_gamma_0p25,π = 0.8,0.8,0.25,105,66,65,0.15373297021960639,-0.012368714977792874,0.024830178031907305,-0.03719889300970017,0.16610168519739923,0.23054869004622017,-0.05087415472144661,-0.013572850127374365,3.239805686438574,1.2105412420422537,0.26423317033116955,0.09336127173799733
pi,0.8,pi_0p800_gamma_0p25,π = 0.8,0.8,0.25,105,67,66,0.1572297908054829,-0.010735003268119147,0.025619102030655063,-0.036354105298774204,0.16796479407360207,0.23022273012941508,-0.049103244175532725,-0.013154691880280346,3.330757545215263,1.2253447646312656,0.2639254955038913,0.0902853100901088
pi,0.8,pi_0p800_gamma_0p25,π = 0.8,0.8,0.25,105,68,67,0.16066099813247858,-0.00908606188576605,0.026422694238634616,-0.03550875612440066,0.1697470600182447,0.2298266405512691,-0.04734063007768379,-0.01273895045534073,3.426707608888185,1.2409815506235162,0.2636178621056114,0.08725023247234491
pi,0.8,pi_0p800_gamma_0p25,π = 0.8,0.8,0.25,105,69,68,0.16402500250746016,-0.007421306017384093,0.027242068486114712,-0.0346633745034988,0.17144630852484427,0.22936185131111708,-0.04558921590276048,-0.01232632688351242,3.5280503655375437,1.257512817838169,0.2633097184590476,0.08425762258779981
pi,0.8,pi_0p800_gamma_0p25,π = 0.8,0.8,0.25,105,70,69,0.16732020936530062,-0.005740141286444919,0.0280783129978691,-0.033818454284314015,0.17306035065174555,0.22882965286454857,-0.043851828417070034,-0.011917473795733066,3.635217567465208,1.2750052444300284,0.2630004674266003,0.08130902374644107
pi,0.8,pi_0p800_gamma_0p25,π = 0.8,0.8,0.25,105,71,70,0.17054502025434276,-0.004041976103735699,0.02893248239978507,-0.03297445850352076,0.1745869963580785,0.22823120737632124,-0.042131215226204534,-0.011512995792038272,3.748682202318345,1.2935315071129967,0.26268946721818925,0.07840593930578427
pi,0.8,pi_0p800_gamma_0p25,π = 0.8,0.8,0.25,105,72,71,0.17369783274425804,-0.0023262367585786077,0.029805587615324945,-0.03213182437390354,0.17602406950283664,0.22756756210426646,-0.040430041904359455,-0.011113450697070445,3.8689629513238644,1.3131708704547618,0.2623760321296459,0.07554983326970047
pi,0.8,pi_0p800_gamma_0p25,π = 0.8,0.8,0.25,105,73,72,0.17677704571585598,-0.00059238043118421,0.03069858672859294,-0.03129096715977714,0.1773694261470402,0.22683966326544078,-0.03875088806098706,-0.0107193490574136,3.9966291094615243,1.33400984985548,0.2620594346634322,0.0727421286725659
pi,0.8,pi_0p800_gamma_0p25,π = 0.8,0.8,0.25,105,74,73,0.1797810626509928,0.0011600884334548925,0.03161237341780921,-0.030452284984354313,0.17862097421753792,0.22604837230511393,-0.03709624314970439,-0.0103311549378717,4.1323061191493045,1.3561429382183505,0.26173890759714513,0.06998420662240863
pi,0.8,pi_0p800_gamma_0p25,π = 0.8,0.8,0.25,105,75,74,0.18270829725005716,0.0029316014525752948,0.0325477648404744,-0.029616163387899096,0.1797766957974819,0.2251944836142695,-0.035468501562653715,-0.009949286254133941,4.276681737441966,1.3796734138506583,0.2614136469401614,0.06727740437308934
pi,0.8,pi_0p800_gamma_0p25,π = 0.8,0.8,0.25,105,76,75,0.18555718010400749,0.0047225083411698895,0.03350548833056658,-0.028782979989396683,0.1808346717628376,0.22427874413138602,-0.03386995719768244,-0.009574115170866045,4.430512931616005,1.404714235179495,0.2610828155979941,0.0646230129796255
pi,0.8,pi_0p800_gamma_0p25,π = 0.8,0.8,0.25,105,77,76,0.18832616669012256,0.006533057876684749,0.034486167044466144,-0.02795310916778139,0.18179310881343783,0.22330187482313144,-0.03230279752474382,-0.009205968484949863,4.5946335891381445,1.4313890326325551,0.2607455478918648,0.06202227448876362
pi,0.8,pi_0p800_gamma_0p25,π = 0.8,0.8,0.25,105,78,77,0.19101374622906972,0.008363378288756844,0.03549030512037893,-0.027126926831622083,0.1826503679403129,0.22226459337511023,-0.03076909728412612,-0.008845128150671296,4.7699631496451,1.4598332116941974,0.2604009548432077,0.059476378874552226
pi,0.8,pi_0p800_gamma_0p25,π = 0.8,0.8,0.25,105,79,78,0.1936184512575532,0.010213455231857358,0.03651827052177494,-0.026304815289917585,0.18340499602569582,0.2211676399334172,-0.02927081188419646,-0.008491832023524978,4.957516280556821,1.4901951680852918,0.26004813024458245,0.05698646080534898
pi,0.8,pi_0p800_gamma_0p25,π = 0.8,0.8,0.25,105,80,79,0.19613887025879723,0.012083111690400987,0.03757027931372238,-0.025487167623321393,0.18405575856839623,0.2200118029819734,-0.02780977038824647,-0.008146274025330762,5.158413679277255,1.5226376496672236,0.2596861583576939,0.05455359553525639
pi,0.8,pi_0p800_gamma_0p25,π = 0.8,0.8,0.25,105,81,80,0.19857365938854765,0.013971985615397552,0.03864637800965965,-0.024674392394262105,0.18460167377315012,0.21879794750909506,-0.0263876686218323,-0.007808605114112702,5.37389421575556,1.5573392601424856,0.25931412203730664,0.052178795294499494
pi,0.8,pi_0p800_gamma_0p25,π = 0.8,0.8,0.25,105,82,81,0.20092155457831423,0.01587950759084508,0.03974642584515139,-0.02386691825430631,0.18504204698746918,0.2175270439131835,-0.025006062365215822,-0.0074789345604985786,5.60532856476541,1.5944961304164837,0.2589311115867546,0.04986300570126098
pi,0.8,pi_0p800_gamma_0p25,π = 0.8,0.8,0.25,105,83,82,0.20318138738247915,0.017804880299008705,0.04087007801338731,-0.023065197714378604,0.18537650708347042,0.21620019807046328,-0.023666360432063178,-0.007157330554929769,5.854234442429939,1.6343237822252212,0.2585362358018664,0.04760710126122797
pi,0.8,pi_0p800_gamma_0p25,π = 0.8,0.8,0.25,105,84,83,0.20535209887513478,0.019747057806771027,0.04201676890203891,-0.022269711095267885,0.18560504106836376,0.2148186813846028,-0.022369818382692325,-0.006843821933546773,6.122293765059632,1.6770591972130116,0.25812863306251527,0.04541188172042748
pi,0.8,pi_0p800_gamma_0p25,π = 0.8,0.8,0.25,105,85,84,0.20743275373781578,0.021704726171532986,0.04318569621147452,-0.021480970039941535,0.18572802756628276,0.21338396064192003,-0.021117532756501054,-0.0065384003191362615,6.411371935960298,1.7229631184579257,0.2577074831671547,0.043278068532521335
pi,0.8,pi_0p800_gamma_0p25,π = 0.8,0.8,0.25,105,86,85,0.2094225573945859,0.02367628764559948,0.04437580761305773,-0.020699519967458252,0.18574626974898642,0.21189772740647755,-0.01991043570819556,-0.006241021949295611,6.723539454343778,1.7723226205333142,0.2572720212954702,0.04120630070025421
pi,0.8,pi_0p800_gamma_0p25,π = 0.8,0.8,0.25,105,87,86,0.2113208688113432,0.02565984567526315,0.045585788280270934,-0.019925942605007785,0.18566102313608004,0.2103619252885992,-0.0187492908884124,-0.005951611264106765,7.061096328622391,1.8254539633849496,0.25682155075733737,0.039197131963346864
pi,0.8,pi_0p800_gamma_0p25,π = 0.8,0.8,0.25,105,88,87,0.2131272170578772,0.02765319567268781,0.04681405269430029,-0.01916085702161249,0.18547402138518942,0.2087787753438115,-0.01763468990733017,-0.005670064051291905,7.426599442931991,1.8827057857853289,0.25635545817205074,0.037251027086202725
pi,0.8,pi_0p800_gamma_0p25,π = 0.8,0.8,0.25,105,89,88,0.2148413123754064,0.029653817585795793,0.04805873811804738,-0.01840492053225159,0.1851874947896106,0.20715079773789782,-0.016567050340049825,-0.005396252608237385,7.822893515725293,1.9444626538986636,0.25587322659671546,0.035368359566538714
pi,0.8,pi_0p800_gamma_0p25,π = 0.8,0.8,0.25,105,90,89,0.21646305973147834,0.03165887549577659,0.049317703497472644,-0.017658828001696058,0.18480418423570177,0.20548082966593456,-0.015546614608450304,-0.00513003082178251,8.253145889587808,2.011149033569045,0.2553744503339869,0.03354940861902872
pi,0.8,pi_0p800_gamma_0p25,π = 0.8,0.8,0.25,105,91,90,0.21799256527304908,0.033665219848019956,0.050588530682249416,-0.016923310834229464,0.18432734542502913,0.20377203748405803,-0.014573450615515744,-0.004871241443513139,8.720885964509597,2.0832337065209643,0.2548588462570036,0.0317943575884361
pi,0.8,pi_0p800_gamma_0p25,π = 0.8,0.8,0.25,105,92,91,0.2194301424216755,0.035669396715719476,0.05186853114838256,-0.016199134432663086,0.18376074570595602,0.20202792294999952,-0.0136474535303607,-0.004619723713682805,9.230049693028331,2.1612347065053323,0.25432626471382763,0.030103291964089198
pi,0.8,pi_0p800_gamma_0p25,π = 0.8,0.8,0.25,105,93,92,0.2207763091130376,0.037667659922128276,0.05315475504741772,-0.01548709512528945,0.18310864919090936,0.20025232150965522,-0.01276834937183514,-0.004375322946910745,9.785030153891896,2.245724803913433,0.2537766947605622,0.028476198634627536
pi,0.8,pi_0p800_gamma_0p25,π = 0.8,0.8,0.25,105,94,93,0.22203177508032235,0.03965598576453697,0.0544440021176555,-0.014788016353118527,0.18237578931578538,0.19844939118290778,-0.011935700285372821,-0.004137901581749605,10.390735182542215,2.3373375908831386,0.25321026179831724,0.02691296606198617
pi,0.8,pi_0p800_gamma_0p25,π = 0.8,0.8,0.25,105,95,94,0.2231974155321194,0.041630087625142524,0.05573283183480707,-0.014102744209664541,0.18156732790697683,0.19662359092152593,-0.01114891156135559,-0.003907351453193509,11.052653345129647,2.4367741988995864,0.2526272138536433,0.02541338550880333
pi,0.8,pi_0p800_gamma_0p25,π = 0.8,0.8,0.25,105,96,95,0.22427421812686826,0.04358542299351556,0.05701756632769783,-0.013432143334182274,0.1806887951333527,0.19477964429566913,-0.010407240916546283,-0.003683608245770128,11.776930341203853,2.5448106289084294,0.25202788587670266,0.023977154837005677
pi,0.8,pi_0p800_gamma_0p25,π = 0.8,0.8,0.25,105,97,96,0.22526319071372514,0.045517183554939326,0.05829427716870248,-0.012777093613763153,0.1797460071587858,0.19292248526474234,-0.009709810225283132,-0.0034666678806733716,12.570458570839422,2.662305613327917,0.2514126299170593,0.022603885516360927
pi,0.8,pi_0p800_gamma_0p25,π = 0.8,0.8,0.25,105,98,97,0.22616520316745875,0.04742025055712385,0.059558739660685936,-0.012138489103562083,0.1787449526103349,0.19105717870881375,-0.009055620399674167,-0.0032566056988046696,13.440984349372542,2.790208772404993,0.2507816874735004,0.02129311495056776
pi,0.8,pi_0p800_gamma_0p25,π = 0.8,0.8,0.25,105,99,98,0.22698072080948622,0.04928908627525103,0.0608063273526554,-0.011517241077404362,0.1776916345342352,0.18918880450929107,-0.008443570382757155,-0.0030535995922986873,14.397239998986306,2.9295685473395956,0.2501349655406973,0.020044326998235957
pi,0.8,pi_0p800_gamma_0p25,π = 0.8,0.8,0.25,105,100,99,0.22770935830510455,0.05111751302078216,0.062031801170872466,-0.010914288150090297,0.1765918452843224,0.18732228624118336,-0.007872481764956564,-0.002857959191904368,15.449113032165595,3.0815388677804547,0.24947165180751057,0.01885698514382801
pi,0.8,pi_0p800_gamma_0p25,π = 0.8,0.8,0.25,105,101,100,0.22834913581095295,0.0528982991147235,0.06322891704545336,-0.010330617930729858,0.17545083669622946,0.18546213272175371,-0.007341131316211349,-0.0026701647093129105,16.607873570874563,3.24738254298796,0.24878956114121692,0.017730585075908713
pi,0.8,pi_0p800_gamma_0p25,π = 0.8,0.8,0.25,105,102,101,0.22889524124917845,0.054622418294456354,0.06438972527009695,-0.009767306975640601,0.17427282295472207,0.18361203925759806,-0.006848294824185408,-0.0024909214786905886,17.88649723444102,3.4284675907551816,0.24808403345024702,0.016664736839360893
pi,0.8,pi_0p800_gamma_0p25,π = 0.8,0.8,0.25,105,103,102,0.22933797412025558,0.056277761480143275,0.06550335081708039,-0.009225589336937108,0.17306021264011232,0.18177426011132775,-0.006392807054188525,-0.0023212404170269217,19.300149798207123,3.6262494754977053,0.24734608368472744,0.01565929168286457
pi,0.8,pi_0p800_gamma_0p25,π = 0.8,0.8,0.25,105,104,103,0.2296593348275121,0.05784693517480966,0.06655390459039998,-0.00870696941559031,0.17181239965270245,0.17994860608808527,-0.00597364418282405,-0.0021625622525587836,20.86695253033442,3.842226315343714,0.2465593078764248,0.014714535673478205
pi,0.8,pi_0p800_gamma_0p25,π = 0.8,0.8,0.25,105,105,104,0.22982737594197494,0.059303541804174256,0.06751694497658314,-0.008213403172408876,0.17052383413780065,0.17813305627967632,-0.005589552806229742,-0.0020196693356459134,22.6092424201035,4.077843345473561,0.24569695363576688,0.013830998244804148
pi,0.9,pi_0p900_gamma_0p25,π = 0.9,0.9,0.25,105,1,0,0.0,0.0,0.0,0.0,0.0,0.0,0.0,0.0,1.0,1.0,0.28183636770401627,0.1656179587039794
pi,0.9,pi_0p900_gamma_0p25,π = 0.9,0.9,0.25,105,2,1,-0.005785873233297434,-0.004774173263388535,-0.002118472718428681,-0.002655700544959854,-0.0010116999699088297,0.0038154613060519425,-0.005009935354085145,0.00018277407812437255,1.016123788064531,0.9924417500760108,0.2819831315087288,0.17237262251603092
pi,0.9,pi_0p900_gamma_0p25,π = 0.9,0.9,0.25,105,3,2,-0.011069955690404091,-0.009378906319701749,-0.0039574225997411365,-0.005421483719960612,-0.0016910493707022753,0.00814888410044264,-0.009962070076068717,0.0001221366049238024,1.032697001451439,0.985852263608496,0.2821370376725192,0.1787151327948098
pi,0.9,pi_0p900_gamma_0p25,π = 0.9,0.9,0.25,105,4,3,-0.015832196826258194,-0.01380085428058881,-0.005534591770819662,-0.008266262509769147,-0.002031342545669314,0.01296505953555518,-0.01483931558724958,-0.0001570864939749162,1.0496716734264613,0.9801241560748972,0.28229030698699076,0.18462385862460726
pi,0.9,pi_0p900_gamma_0p25,π = 0.9,0.9,0.25,105,5,4,-0.020060393452525645,-0.01802724529390193,-0.006867476230390684,-0.011159769063511247,-0.002033148158623662,0.018223102905080005,-0.01962554863301814,-0.0006307024306855304,1.0670070729328214,0.9751639316773049,0.28243655110214333,0.19008296162022684
pi,0.9,pi_0p900_gamma_0p25,π = 0.9,0.9,0.25,105,6,5,-0.023749432021546748,-0.02204647381289655,-0.007973260136411569,-0.01407321367648498,-0.0017029582086501493,0.02387801446952845,-0.024305709963370708,-0.0012752627148078963,1.0846692736047145,0.9708902214156324,0.28257060113140614,0.19508209705423335
pi,0.9,pi_0p900_gamma_0p25,π = 0.9,0.9,0.25,105,7,6,-0.026900472733526914,-0.025848533292269563,-0.008868742637544707,-0.016979790654724852,-0.0010519394412573184,0.029882124551602253,-0.02886587780778881,-0.0020681861850707674,1.1026306734923508,0.9672322218129334,0.2826883495747814,0.19961600811368468
pi,0.9,pi_0p900_gamma_0p25,π = 0.9,0.9,0.25,105,8,7,-0.029520114216890506,-0.02942530283238722,-0.009570263241670344,-0.019855039590716873,-9.481138450327077e-5,0.03618639133538091,-0.033293320070696575,-0.002987882649187611,1.1208694956240441,0.9641283199835111,0.2827866070955659,0.2036840487143749
pi,0.9,pi_0p900_gamma_0p25,π = 0.9,0.9,0.25,105,9,8,-0.03161956337506315,-0.03277070162569055,-0.010093628545075124,-0.02267707308061542,0.0011511382506274393,0.042741527973553545,-0.03757652977106578,-0.004013859951860333,1.1393692747751316,0.9615248957626124,0.2828629710595408,0.2072896640175944
pi,0.9,pi_0p900_gamma_0p25,π = 0.9,0.9,0.25,105,10,9,-0.03321384303078862,-0.035880739111845666,-0.01045404678082275,-0.025426692331022915,0.002666896081057094,0.04949895874686429,-0.041705243139146475,-0.0051268195266607145,1.1581183688371774,0.9593752742957512,0.282915710288433,0.21043985607210228
pi,0.9,pi_0p900_gamma_0p25,π = 0.9,0.9,0.25,105,11,10,-0.03432104453582469,-0.038753474366397776,-0.010666069592143595,-0.028087404774254178,0.0044324298305730946,0.05641159869239446,-0.04567044453225045,-0.006308724329570924,1.1771094799790869,0.9576388230979145,0.2829436601388204,0.2131446523335119
pi,0.9,pi_0p900_gamma_0p25,π = 0.9,0.9,0.25,105,12,11,-0.034961647350523,-0.041388913819579466,-0.01074354604944478,-0.030645367770134685,0.006427266469056489,0.0634344731752006,-0.04946435637162455,-0.007542850334519562,1.1963392216346613,0.9562801656487546,0.28294613237472294,0.2154165952349475
pi,0.9,pi_0p900_gamma_0p25,π = 0.9,0.9,0.25,105,13,12,-0.03515790216522364,-0.04378885759183414,-0.010699586396824386,-0.03308927119500974,0.008630955426610512,0.07052518325951436,-0.05308041799239576,-0.0088138098405081,1.215807708623048,0.9552685075714896,0.28292283390837625,0.21727026110085002
pi,0.9,pi_0p900_gamma_0p25,π = 0.9,0.9,0.25,105,14,13,-0.034933289616767435,-0.04595671860635811,-0.010546538695003837,-0.03541017991135427,0.011023428989590679,0.07764423963160831,-0.056513251954115724,-0.010107558687901913,1.2355181996402582,0.954577051053557,0.282873797906608,0.2187218184910532
pi,0.9,pi_0p900_gamma_0p25,π = 0.9,0.9,0.25,105,15,14,-0.03431204673294003,-0.04789732150411269,-0.010295975367706423,-0.03760134613640626,0.013585274771172686,0.08475527697983092,-0.059758621209968096,-0.011411380998690147,1.255476771398917,0.9541824937385404,0.28279932272717634,0.21978862797137838
pi,0.9,pi_0p900_gamma_0p25,π = 0.9,0.9,0.25,105,16,15,-0.03331876233853873,-0.049616695027258365,-0.009958689859883857,-0.03965800516737451,0.016297932688719655,0.09182516870602585,-0.06281337777183486,-0.012713858245471355,1.2756920329213823,0.9540645976683068,0.28269991950094453,0.22048888632853933
pi,0.9,pi_0p900_gamma_0p25,π = 0.9,0.9,0.25,105,17,16,-0.031978034542285365,-0.05112186518941664,-0.009544701993947725,-0.041577163195468905,0.01914383064713131,0.0988240572855475,-0.06567540454550323,-0.014004822092912988,1.296174873697426,0.9542058198561194,0.28257626614378917,0.22084131450180577
pi,0.9,pi_0p900_gamma_0p25,π = 0.9,0.9,0.25,105,18,17,-0.0303141928779665,-0.052420659895950836,-0.009063272185469547,-0.04335738771048129,0.02210646701798436,0.10572532070127798,-0.06834355093529774,-0.015275302747995904,1.3169382610141789,0.9545909914183841,0.2824291704913464,0.22086489000713247
pi,0.9,pi_0p900_gamma_0p25,π = 0.9,0.9,0.25,105,19,18,-0.028351067578660457,-0.05352152212165088,-0.008522920812657016,-0.044998601308993864,0.025170454542990446,0.11250548199220502,-0.07081756541569818,-0.01651746203351642,1.337997056417385,0.9552070463692911,0.2822595364090797,0.2205786179369604
pi,0.9,pi_0p900_gamma_0p25,π = 0.9,0.9,0.25,105,20,19,-0.02611180913130731,-0.054433339862383155,-0.007931453271593726,-0.046501886590789424,0.028321530731075836,0.11914407978064094,-0.07309802538962903,-0.0177245236599361,1.359367868475036,0.956042787944176,0.2820683362101327,0.22000134031322557
pi,0.9,pi_0p900_gamma_0p25,π = 0.9,0.9,0.25,105,21,20,-0.02361875180658133,-0.05516529494569085,-0.00729598974584716,-0.047869305199843684,0.03154654313910951,0.12562351081936976,-0.07518626540014088,-0.0188907022801194,1.3810689418511992,0.9570886863100524,0.28185658846064,0.2191515803167388
pi,0.9,pi_0p900_gamma_0p25,π = 0.9,0.9,0.25,105,22,21,-0.02089331155192761,-0.055726728348481865,-0.006622997564247651,-0.04910373078423421,0.03483341679655422,0.13192885133204765,-0.07708430561623919,-0.020011128919254297,1.4031200691725758,0.9583367066484882,0.28162533888720864,0.21804741651540024
pi,0.9,pi_0p900_gamma_0p25,π = 0.9,0.9,0.25,105,23,22,-0.017955912885866527,-0.05612702151440258,-0.005918325032432954,-0.05020869648196963,0.03817110862853606,0.13804766456932796,-0.07879478181822973,-0.021081774122562215,1.425542520927233,0.9597801643590412,0.28137564382163793,0.21670638357504565
pi,0.9,pi_0p900_gamma_0p25,π = 0.9,0.9,0.25,105,24,23,-0.01482594618508576,-0.056375497875649,-0.0051872376042192535,-0.051188260271429746,0.04154955169056326,0.14396980496033762,-0.08032087656474914,-0.022099376705025247,1.4483590111945128,0.9614135981432953,0.2811085582940371,0.21514539812384256
pi,0.9,pi_0p900_gamma_0p25,π = 0.9,0.9,0.25,105,25,24,-0.011521742580633763,-0.05648133703621786,-0.004434453363883143,-0.05204688367233471,0.044959594455584104,0.14968721853872444,-0.08166625382775942,-0.02306137025538091,1.4715936710648656,0.9632326661172913,0.28082512489021,0.2133807036685642
pi,0.9,pi_0p900_gamma_0p25,π = 0.9,0.9,0.25,105,26,25,-0.008060571636169123,-0.0564535077466241,-0.003664179880211309,-0.05278932786641278,0.04839293611045496,0.15519374952472623,-0.08283499583391471,-0.023965817580356586,1.4952720586556907,0.965234053331436,0.28052636668337994,0.21142783471976045
pi,0.9,pi_0p900_gamma_0p25,π = 0.9,0.9,0.25,105,27,26,-0.004458648822532815,-0.05630071036986293,-0.00288014907630754,-0.05342056129355537,0.05184206154733015,0.16048494980615957,-0.08383154445889679,-0.024811343799932647,1.5194211716661479,0.967415398605959,0.2802132800827929,0.20930159402700496
pi,0.9,pi_0p900_gamma_0p25,π = 0.9,0.9,0.25,105,28,27,-0.000731158868978641,-0.05603133498163195,-0.0020856525002342944,-0.05394568248139764,0.0553001761126533,0.16555789946788194,-0.08466064562866488,-0.0255970777265638,1.5440694934047474,0.9697752293189095,0.2798868309095992,0.2070160436939904
pi,0.9,pi_0p900_gamma_0p25,π = 0.9,0.9,0.25,105,29,28,0.0031077166270716003,-0.05565342597423052,-0.0012835738526806666,-0.05436985212154984,0.05876114260130213,0.17041103386691742,-0.0853272987641796,-0.026322592501435736,1.5692470381042167,0.9723129126688523,0.27954794988990883,0.20458450478289517
pi,0.9,pi_0p900_gamma_0p25,π = 0.9,0.9,0.25,105,30,29,0.007044760578568262,-0.05517465937871437,-0.0004764213645803312,-0.05469823801413403,0.06221941995728263,0.17504398415598693,-0.08583670955744731,-0.026987854641257053,1.5949854280857156,0.9750286123458828,0.27919753082980825,0.20201956670342144
pi,0.9,pi_0p900_gamma_0p25,π = 0.9,0.9,0.25,105,31,30,0.011067679202691635,-0.05460232639273607,0.000333642031728721,-0.05493596842446478,0.06567000559542772,0.17945742766572104,-0.08619424718519911,-0.02759317488509426,1.6213179796476558,0.9779232561919493,0.27883642874967135,0.19933310233774845
pi,0.9,pi_0p900_gamma_0p25,π = 0.9,0.9,0.25,105,32,31,0.015165055974141414,-0.05394332373500704,0.0011447703193425412,-0.05508809405434957,0.06910837970914845,0.18365295018589456,-0.08640540576918884,-0.02813916470755735,1.6482798063392776,0.9809985122830867,0.2784654592828317,0.19653628872668857
pi,0.9,pi_0p900_gamma_0p25,π = 0.9,0.9,0.25,105,33,32,0.019326305150826457,-0.05320415007974972,0.001955407380577136,-0.055159557460326844,0.07253045523057618,0.18763291933825038,-0.08647576927719831,-0.028626694830475936,1.6759079389310652,0.9842567710008503,0.2780853979664676,0.19363963125903105
pi,0.9,pi_0p900_gamma_0p25,π = 0.9,0.9,0.25,105,34,33,0.023541621831523748,-0.05239090720747939,0.002764261944976833,-0.05515516915245621,0.07593252903900315,0.19140036975220398,-0.08641098056509162,-0.02905686014810927,1.7042414643782027,0.9877011345969726,0.27769698087381267,0.19065299138061773
pi,0.9,pi_0p900_gamma_0p25,π = 0.9,0.9,0.25,105,35,34,0.02780193459164857,-0.05150930387685028,0.0035702845566776232,-0.0550795884335279,0.07931123846849883,0.19495889770832137,-0.08621671388677254,-0.029430945353050058,1.7333216750801537,0.9913354141317948,0.2773009046092102,0.1875856153870434
pi,0.9,pi_0p900_gamma_0p25,π = 0.9,0.9,0.25,105,36,35,0.03209885778208382,-0.05056466277984556,0.00437264632169866,-0.05493730910154422,0.08266352056192938,0.19831256600584743,-0.08589865094694407,-0.02975039449697407,1.763192235897568,0.9951641327920091,0.27689782674140273,0.18444616482595105
pi,0.9,pi_0p900_gamma_0p25,π = 0.9,0.9,0.25,105,37,36,0.036424642316369674,-0.04956193179362754,0.005170718563210995,-0.05473265035683854,0.08598657410999722,0.201465820063045,-0.08546245964768742,-0.0300167863053604,1.793899380518177,0.999192532258011,0.27648836739185023,0.18124274834212706
pi,0.9,pi_0p900_gamma_0p25,π = 0.9,0.9,0.25,105,38,37,0.04077212971836813,-0.04850569574918196,0.005964054534531013,-0.054469750283712974,0.08927782546755009,0.20442341182834922,-0.08491377589726355,-0.03023181046353563,1.8254921212886666,1.0034265863809224,0.2760731102420162,0.1779829530187643
pi,0.9,pi_0p900_gamma_0p25,π = 0.9,0.9,0.25,105,39,38,0.045134709678398596,-0.0474001880062123,0.006752373275906406,-0.054152561282118705,0.09253489768461087,0.20719033064565337,-0.08425818839169125,-0.030397244569351268,1.8580224708498274,1.007873022911521,0.2756526029336576,0.17467387493855807
pi,0.9,pi_0p900_gamma_0p25,π = 0.9,0.9,0.25,105,40,39,0.04950627612289231,-0.046249305413836865,0.0075355439300738335,-0.0537848493439107,0.0957555815367292,0.20977174382903616,-0.08350122540338091,-0.03051493688892609,1.8915457005872949,1.0125393472943691,0.2752273587095786,0.17132215035014065
pi,0.9,pi_0p900_gamma_0p25,π = 0.9,0.9,0.25,105,41,40,0.05388118718447744,-0.045056622653710084,0.008313571834423227,-0.05337019448813331,0.09893780983818751,0.21217294314160712,-0.08264834391473466,-0.03058678938868498,1.9261206167514666,1.017433873757824,0.2747978573773429,0.16793398542716656
pi,0.9,pi_0p900_gamma_0p25,π = 0.9,0.9,0.25,105,42,41,0.05825422725113254,-0.04382540618575711,0.00908658629253607,-0.052911992478293174,0.10207963343688964,0.21439929718203546,-0.08170492099347686,-0.030614742751668988,1.9618098596278704,1.0225657639951844,0.2743645462361205,0.16451518507100277
pi,0.9,pi_0p900_gamma_0p25,π = 0.9,0.9,0.25,105,43,42,0.06262056824075926,-0.042558631496558634,0.009854827957614847,-0.05241345945417348,0.10517919973731789,0.21645621207332943,-0.0806762461971145,-0.030600766138897072,1.9986802513455844,1.0279450659571534,0.27392784198092757,0.16107118158078887
pi,0.9,pi_0p900_gamma_0p25,π = 0.9,0.9,0.25,105,44,43,0.06697574006045824,-0.04125899441807255,0.010618639855070838,-0.05187763427314339,0.10823473447853078,0.21834909242188136,-0.07956751664440657,-0.030546841298944045,2.036803137908318,1.0335827689501618,0.2734881300686659,0.15760705991112692
pi,0.9,pi_0p900_gamma_0p25,π = 0.9,0.9,0.25,105,45,44,0.07131559457166393,-0.039928928409777416,0.011378456794113874,-0.0513073852038913,0.11124452298144132,0.220083312406388,-0.0783838325401496,-0.03045495688479713,2.076254807398139,1.0394908555803215,0.2730457669730078,0.15412758442708735
pi,0.9,pi_0p900_gamma_0p25,π = 0.9,0.9,0.25,105,46,45,0.07563627795075979,-0.03857061721118789,0.012134797435603072,-0.05070541464679096,0.1142068951619477,0.22166418725023906,-0.07713019451940083,-0.03032709756889056,2.1171169173111646,1.045682367657848,0.27260108016683837,0.15063722238364713
pi,0.9,pi_0p900_gamma_0p25,π = 0.9,0.9,0.25,105,47,46,0.07993420073085741,-0.03718601027110615,0.01288825576341302,-0.050074266034519165,0.11712021100196356,0.22309695129031845,-0.07581150158603141,-0.030165238702323505,2.1594769867211845,1.0521714742899997,0.272154369465282,0.14714016745345165
pi,0.9,pi_0p900_gamma_0p25,π = 0.9,0.9,0.25,105,48,47,0.08420601442622538,-0.035776834143462714,0.013639494914330383,-0.04941632905779309,0.11998284856968808,0.22438673628206598,-0.07443255054916882,-0.029971337163209072,2.203428909200973,1.0589735547501864,0.2717059066906451,0.1436403605666792
pi,0.9,pi_0p900_gamma_0p25,π = 0.9,0.9,0.25,105,49,48,0.08844858621274936,-0.03434460620311023,0.01438924040774275,-0.048733846610852984,0.12279319241585955,0.22553855517195565,-0.07299803586570287,-0.029747326890393243,2.249073537157006,1.0661052854930826,0.27125593647547636,0.14014151068535516
pi,0.9,pi_0p900_gamma_0p25,π = 0.9,0.9,0.25,105,50,49,0.09265897551869264,-0.03289064800878754,0.01513827379650324,-0.04802892180529079,0.12554962352748017,0.2265572886876809,-0.07151255005786418,-0.029495115102336548,2.2965193253033336,1.0735847361582205,0.27080467690077187,0.1366471142209178
pi,0.9,pi_0p900_gamma_0p25,π = 0.9,0.9,0.25,105,51,50,0.09683441538166415,-0.03141609598974984,0.015887427825563787,-0.04730352381531363,0.12825051137141397,0.22744767232504015,-0.06998058501718399,-0.029216575936442186,2.3458830190187547,1.0814314803297858,0.2703523189996445,0.13316047238376194
pi,0.9,pi_0p900_gamma_0p25,π = 0.9,0.9,0.25,105,52,51,0.10097229373397641,-0.029921912738471453,0.016637581583047335,-0.04655949432151879,0.13089420647244784,0.22821428641858996,-0.06840653365088635,-0.02891354629525577,2.397290420149262,1.0896667163350167,0.26989902668357063,0.12968470791435263
pi,0.9,pi_0p900_gamma_0p25,π = 0.9,0.9,0.25,105,53,52,0.1050701345997966,-0.02840889928709114,0.01738965525335051,-0.045798554540441655,0.1334790338868877,0.22886154936464995,-0.06679469163705508,-0.028587823840707134,2.4508772422382465,1.098313397602729,0.2694449370470546,0.1262227811126771
pi,0.9,pi_0p900_gamma_0p25,π = 0.9,0.9,0.25,105,54,53,0.10912558246280588,-0.026877705912967297,0.018144605622533647,-0.045022311535500945,0.13600328837577316,0.22939371154348848,-0.06514925954869014,-0.028241163619025157,2.5067900426629173,1.1073963788120063,0.26899015999698794,0.12277750426820906
pi,0.9,pi_0p900_gamma_0p25,π = 0.9,0.9,0.25,105,55,54,0.11313638950263497,-0.02532884151372824,0.018903422381477002,-0.044232263895205244,0.13846523101636318,0.22981484971926663,-0.06347434532742433,-0.027875273375479136,2.5651872385940764,1.1169425800062234,0.2685347773002355,0.11935155471537501
pi,0.9,pi_0p900_gamma_0p25,π = 0.9,0.9,0.25,105,56,55,0.11710040202854916,-0.023762684583187258,0.01966712356592528,-0.04342980814911254,0.14086308661173638,0.23012886444993352,-0.06177396658883762,-0.027491811249359534,2.626240243598379,1.1269811634171105,0.26807884216255623,0.11594748750903786
pi,0.9,pi_0p900_gamma_0p25,π = 0.9,0.9,0.25,105,57,56,0.12101554716059833,-0.022179494301196416,0.020436750997650976,-0.042616245298847395,0.14319504146179474,0.23033947906916474,-0.060052052872769116,-0.027092384734600947,2.69013472933139,1.137543728410846,0.26762237893947594,0.11256774731312473
pi,0.9,pi_0p900_gamma_0p25,π = 0.9,0.9,0.25,105,58,57,0.12487982708424172,-0.020579418168863998,0.021213367183307304,-0.041792785352171305,0.1454592452531057,0.23045023653833796,-0.058312448269819246,-0.02667854301541306,2.7570719743764895,1.1486645335656294,0.2671653809031326,0.10921467792116661
pi,0.9,pi_0p900_gamma_0p25,π = 0.9,0.9,0.25,105,59,58,0.12869130467671316,-0.018962505660964087,0.02199804920702904,-0.040960554867993125,0.14765381033767722,0.2304645030172183,-0.05655891313871552,-0.0262517795408256,2.827270428148652,1.1603807283544936,0.2667078106728649,0.10589053326237623
pi,0.9,pi_0p900_gamma_0p25,π = 0.9,0.9,0.25,105,60,59,0.1324480996917534,-0.01732871621823819,0.02279188525063623,-0.04012060146887441,0.14977681590999153,0.23038546699042153,-0.05479512632316071,-0.025813524757269328,2.90096736968833,1.1727326220601535,0.26624959783561947,0.10259748529084754
pi,0.9,pi_0p900_gamma_0p25,π = 0.9,0.9,0.25,105,61,60,0.13614838204612592,-0.015677929972730285,0.023595969652624987,-0.03927389962535527,0.15182631201885619,0.23021614165659404,-0.05302468683861388,-0.025365142799124007,2.9784207727391614,1.1857639751415736,0.26579063758306437,0.09933763215533176
pi,0.9,pi_0p900_gamma_0p25,π = 0.9,0.9,0.25,105,62,61,0.1397903652910736,-0.01400995985701747,0.02441139689478527,-0.038421356751802735,0.15380032514809105,0.22995936919500296,-0.05125111507125284,-0.02490792897565911,3.05991138208221,1.1995223174918963,0.26533078945167893,0.09611300578015848
pi,0.9,pi_0p900_gamma_0p25,π = 0.9,0.9,0.25,105,63,62,0.14337230288380506,-0.012324563073902802,0.02523925570156029,-0.03756381877546309,0.15569686595770788,0.22961782491345523,-0.049477853719778156,-0.024443105235969258,3.145745000323017,1.2140593025436233,0.2648698754518383,0.09292557830663699
pi,0.9,pi_0p900_gamma_0p25,π = 0.9,0.9,0.25,105,64,63,0.14689248676954478,-0.010621452220438601,0.02608062317928157,-0.03670207539972017,0.15751393898998334,0.22919402141846762,-0.04770826844905674,-0.02397181397942759,3.2362550100210337,1.2294311012865482,0.26440767775738044,0.08977726764571711
pi,0.9,pi_0p900_gamma_0p25,π = 0.9,0.9,0.25,105,65,64,0.15034924491849225,-0.008900308894551965,0.02693655722028701,-0.03583686611483897,0.15924955381304418,0.228690315365493,-0.04594564784803547,-0.023495113704413387,3.3318051928498154,1.2456988320511586,0.2639439368273049,0.08666994283982406
pi,0.9,pi_0p900_gamma_0p25,π = 0.9,0.9,0.25,105,66,65,0.15374094128348006,-0.0071607972027123235,0.027808088700669448,-0.03496888590338176,0.1609017384861924,0.22810891431032135,-0.04419320297462855,-0.023013972849500408,3.4327928458434425,1.2629290379149674,0.2634783490692747,0.0836054284989017
pi,0.9,pi_0p900_gamma_0p25,π = 0.9,0.9,0.25,105,67,66,0.15706597733647346,-0.005402578175115089,0.02869621279815546,-0.034098790973270544,0.16246855551158854,0.2274518845439793,-0.04245406637348359,-0.022529262658907184,3.539652236936576,1.2811942139411443,0.2630105643255424,0.0805855085717338
pi,0.9,pi_0p900_gamma_0p25,π = 0.9,0.9,0.25,105,68,67,0.1603227919628113,-0.0036253261412657785,0.029601879121119678,-0.03322720526238545,0.16394811810407708,0.22672116086488484,-0.040731290297111325,-0.02204175246369643,3.652858472239391,1.3005733883124817,0.26254018388528766,0.07761192996172243
pi,0.9,pi_0p900_gamma_0p25,π = 0.9,0.9,0.25,105,69,68,0.16350986747985424,-0.0018287446251523836,0.03052598128503642,-0.0323547259101888,0.16533861210500658,0.22591855604586766,-0.03902784463755585,-0.02155209930330522,3.7729317442892985,1.3211527670884013,0.26206675745726093,0.0746864047132826
pi,0.9,pi_0p900_gamma_0p25,π = 0.9,0.9,0.25,105,70,69,0.16662573226890606,-1.2584912359827028e-5,0.031469345016722966,-0.03148192992908279,0.16663831718126587,0.22504577296011014,-0.03734661391265316,-0.02106084186619109,3.9004421025019544,1.3430264446197113,0.26158978120836396,0.07181061238158785
pi,0.9,pi_0p900_gamma_0p25,π = 0.9,0.9,0.25,105,71,70,0.1696689657951272,0.0018233347720347246,0.03243271544639974,-0.030609380674365014,0.1678456310230924,0.22410441756740043,-0.03569039362417847,-0.020568392920129526,4.036014750245199,1.366297190698878,0.2611086957536401,0.06898620151596561
pi,0.9,pi_0p900_gamma_0p25,π = 0.9,0.9,0.25,105,72,71,0.1726382052416903,0.0036791086450021593,0.03341674295053128,-0.029737634305529115,0.1689590965966881,0.22309601377980143,-0.03406188593080763,-0.020075031252305666,4.180335937287182,1.3910773193210417,0.2606228845174464,0.06621479041477293
pi,0.9,pi_0p900_gamma_0p25,π = 0.9,0.9,0.25,105,73,72,0.17553215168607192,0.005554721535882907,0.034421968147573125,-0.028867246611690215,0.16997743015018896,0.22202202018878578,-0.032463694443468825,-0.01958089559512795,4.334159543510713,1.4174896511186967,0.2601316730794496,0.06349796734942315
pi,0.9,pi_0p900_gamma_0p25,π = 0.9,0.9,0.25,105,74,73,0.17834957772726384,0.00745002593229226,0.035448805651134487,-0.027998779718842227,0.17089955179497157,0.22088384904295513,-0.030898318242195525,-0.019085979005788005,4.498314415125908,1.4456685772694082,0.2596343295192801,0.0608372898862567
pi,0.9,pi_0p900_gamma_0p25,π = 0.9,0.9,0.25,105,75,74,0.18108933315550635,0.009364717236464945,0.03649752650791239,-0.027132809271447435,0.17172461591904134,0.21968288849486237,-0.02936814474339901,-0.018590127832421952,4.673712595072573,1.4757612346460027,0.2591300667263516,0.05823428353979802
pi,0.9,pi_0p900_gamma_0p25,π = 0.9,0.9,0.25,105,76,75,0.18375035421606095,0.01129830949464798,0.037568240274615305,-0.02626993077996732,0.1724520447214129,0.21842052686451652,-0.027875441896066288,-0.018093040247037333,4.86135847490761,1.507928809372503,0.2586180463862914,0.055690438933183976
pi,0.9,pi_0p900_gamma_0p25,π = 0.9,0.9,0.25,105,77,76,0.1863316695091818,0.01325010948266592,0.03866087591281504,-0.02541076643014912,0.17308156002651587,0.217098181415424,-0.026422348990473677,-0.01759427239843445,5.06235909033725,1.542347976135127,0.25809738633476587,0.05320720805456557
pi,0.9,pi_0p900_gamma_0p25,π = 0.9,0.9,0.25,105,78,77,0.1888324054622883,0.015219190917612606,0.039775162387584925,-0.024555971469972317,0.1736132145446757,0.21571733095262235,-0.025010866265876903,-0.017093250142069753,5.277935666864131,1.5792124916842802,0.2575671714743954,0.05078599891207068
pi,0.9,pi_0p900_gamma_0p25,π = 0.9,0.9,0.25,105,79,78,0.19125179202534728,0.01720436925253486,0.04091060906729612,-0.023706239814761255,0.17404742277281243,0.21427955287914474,-0.023642843376401268,-0.01658928672993103,5.50943656250577,1.6187349574343088,0.25702646899094195,0.04842816828845344
pi,0.9,pi_0p900_gamma_0p25,π = 0.9,0.9,0.25,105,80,79,0.1935891662829233,0.019204178032128958,0.04206648708824247,-0.022862309056113507,0.17438498825079432,0.21278656447460798,-0.022319966484564174,-0.01608160973924947,5.758351834109619,1.6611487739929873,0.2564743487954761,0.046135012550125164
pi,0.9,pi_0p900_gamma_0p25,π = 0.9,0.9,0.25,105,81,80,0.1958439756370071,0.021216847747674877,0.043241812011675936,-0.02202496426400106,0.17462712788933218,0.2112402684991018,-0.021043744239630156,-0.01556939637013944,6.026329611389986,1.7067103074785384,0.2559099096163211,0.043907756153033786
pi,0.9,pi_0p900_gamma_0p25,π = 0.9,0.9,0.25,105,82,81,0.19801577717876,0.023240286870245146,0.0444353277335251,-0.021195040863279946,0.17477549030851483,0.20964280355971152,-0.019815492474881916,-0.015051820776314768,6.315194597285839,1.7557012855264733,0.25533231113035004,0.0417475379559923
pi,0.9,pi_0p900_gamma_0p25,π = 0.9,0.9,0.25,105,83,82,0.20010423871039323,0.025272069466808895,0.045645494815641736,-0.02037342534883283,0.17483216924358433,0.2079965955451981,-0.018636318549673417,-0.01452810775194034,6.626968862389068,1.8084314664786787,0.25474081159411405,0.039655395023384124
pi,0.9,pi_0p900_gamma_0p25,π = 0.9,0.9,0.25,105,84,83,0.2021091367844381,0.027309427969734634,0.04687048238904074,-0.019561054419306105,0.17479970881470344,0.2063044103895995,-0.01750710538929693,-0.013997596185599134,6.963895349650866,1.8652416012325463,0.25413481037406366,0.03763224454320697
pi,0.9,pi_0p900_gamma_0p25,π = 0.9,0.9,0.25,105,85,84,0.20403035363812963,0.02934925367890971,0.048108165658611625,-0.01875891197970191,0.1746810999592199,0.20456940429709367,-0.01642849614525583,-0.01345980819261795,7.328464423150717,1.9265067309915536,0.2535138935199457,0.035678864222884
pi,0.9,pi_0p900_gamma_0p25,π = 0.9,0.9,0.25,105,86,85,0.20586787551801455,0.03138810695667194,0.04935613050806008,-0.017968023551388133,0.17447976856134262,0.20279516757400595,-0.015400880689982877,-0.012914518322680483,7.723443804146627,1.9926398677863868,0.25287788000845624,0.03379587190512661
pi,0.9,pi_0p900_gamma_0p25,π = 0.9,0.9,0.25,105,87,86,0.2076217911348863,0.0334222379666199,0.05061168631752715,-0.017189448350907244,0.17419955316826644,0.2009857578544589,-0.014424384882314057,-0.012361819803878425,8.15191238319645,2.0640961097862887,0.25222686553887,0.03198370559141701
pi,0.9,pi_0p900_gamma_0p25,π = 0.9,0.9,0.25,105,88,87,0.20929228894174715,0.03544761683239528,0.051871886133064114,-0.016424269300668832,0.17384467210935184,0.19914571953976695,-0.013498863649222554,-0.011802183781192554,8.617298477471893,2.141377235499094,0.2515612598219719,0.03024260517114926
pi,0.9,pi_0p900_gamma_0p25,π = 0.9,0.9,0.25,105,89,88,0.2108796584364275,0.03745997656980526,0.053133557111083446,-0.015673580541278185,0.1734196818666222,0.19728008303794356,-0.012623899520141004,-0.011236501651180312,9.123422961397448,2.225036864119019,0.2508818138546944,0.02857259705247031
pi,0.9,pi_0p900_gamma_0p25,π = 0.9,0.9,0.25,105,90,89,0.21238428998162104,0.03945486452812821,0.05439333810296853,-0.014938473574840322,0.17292942545349282,0.19539434255648458,-0.01179880701819191,-0.010666110084799809,9.674548102153532,2.315686230462399,0.25018963278556205,0.02697348322069597
pi,0.9,pi_0p900_gamma_0p25,π = 0.9,0.9,0.25,105,91,90,0.2138066754534923,0.041427702466461463,0.055647724622764544,-0.014220022156303072,0.17237897298703084,0.19349440909728421,-0.011022643791886546,-0.010092792318366791,10.275432798933767,2.4140006629140336,0.24948617125077138,0.025444835717903957
pi,0.9,pi_0p900_gamma_0p25,π = 0.9,0.9,0.25,105,92,91,0.21514740667530471,0.04337385131311009,0.05689311810484043,-0.013519266791730326,0.1717735553621946,0.19158653885730503,-0.010294228470326579,-0.009518755024783856,10.931395224805835,2.52072683477054,0.24877320828432584,0.02398599738146197
pi,0.9,pi_0p900_gamma_0p25,π = 0.9,0.9,0.25,105,93,92,0.2164071684842002,0.04528867625942763,0.05812587588450829,-0.012837199625080653,0.17111849222477254,0.18967723839509026,-0.009612164816467617,-0.008946581353850094,11.648384075997082,2.636690860386277,0.2480527995922803,0.022596089195850187
pi,0.9,pi_0p900_gamma_0p25,π = 0.9,0.9,0.25,105,94,93,0.2175867211662146,0.047167605994055575,0.059342356566583675,-0.012174750572528092,0.170419115172159,0.18777314972455153,-0.008974871235895576,-0.008379163316496938,12.433059995411469,2.762807288219583,0.24732720501936162,0.02127402417535281
pi,0.9,pi_0p900_gamma_0p25,π = 0.9,0.9,0.25,105,95,94,0.21868686382387467,0.04900617808446602,0.06053895370587977,-0.01153277562141374,0.16968068573940862,0.18588091912535867,-0.00838061425283715,-0.007819619133112897,13.29288930677683,2.9000890076589108,0.2465987879281106,0.020018527310440133
pi,0.9,pi_0p900_gamma_0p25,π = 0.9,0.9,0.25,105,96,95,0.2197083658286475,0.050800059251866585,0.061712107462745004,-0.01091204821087841,0.16890830657678094,0.1840070537720574,-0.007827544322340107,-0.007271202872936364,14.236253078586623,3.0496580064493513,0.24586988026743978,0.018828160870678283
pi,0.9,pi_0p900_gamma_0p25,π = 0.9,0.9,0.25,105,97,96,0.22065184598974635,0.052545025121486226,0.06285827981891672,-0.010313254697430484,0.1681068208682601,0.18215776825732552,-0.007313732243446685,-0.006737215145618741,15.272576025989784,3.212756775224256,0.24514260100745275,0.017701354341741124
pi,0.9,pi_0p900_gamma_0p25,π = 0.9,0.9,0.25,105,98,97,0.2215175674308593,0.054236876488358364,0.0639738715236084,-0.00973699503525003,0.16728069094250095,0.180338819755592,-0.006837204574623197,-0.006220924238467863,16.412482242787547,3.390759886899735,0.24441860487671555,0.01663643853937105
pi,0.9,pi_0p900_gamma_0p25,π = 0.9,0.9,0.25,105,99,98,0.22230509714481733,0.055871257088682284,0.0650550471925779,-0.009183790103895624,0.16643384005613507,0.17855532422834597,-0.006395976752993148,-0.005725507419217767,17.667989030711098,3.585184794542533,0.24369872024926137,0.01563168404813822
pi,0.9,pi_0p900_gamma_0p25,π = 0.9,0.9,0.25,105,100,99,0.2230127484856785,0.057443317769005894,0.06609741543471205,-0.008654097665706158,0.16556943071667263,0.17681153612628875,-0.005988083049845636,-0.005254022359770489,19.0527575096328,3.7977000163712775,0.24298240553649708,0.014685345114736655
pi,0.9,pi_0p900_gamma_0p25,π = 0.9,0.9,0.25,105,101,100,0.22363667520323868,0.05894713887507068,0.0670954787478638,-0.008148339872793113,0.16468953632816802,0.1751105586753791,-0.005611602933026469,-0.004809419414184632,20.58243167203485,4.030127307478019,0.24226690593963382,0.013795711502088725
pi,0.9,pi_0p900_gamma_0p25,π = 0.9,0.9,0.25,105,102,101,0.22416940551069428,0.06037476860707975,0.0680417153615321,-0.0076669467544523305,0.1637946369036145,0.17345392833732148,-0.005264683606327849,-0.004394607827379108,22.275120383031663,4.284431613466506,0.24154591635802963,0.012961172521215989
pi,0.9,pi_0p900_gamma_0p25,π = 0.9,0.9,0.25,105,103,102,0.22459747569186447,0.061714647194150415,0.06892506965437632,-0.007210422460225898,0.16288282849771404,0.17184098116325214,-0.00494555790204664,-0.004012594763491426,24.152117154844316,4.562687598920096,0.24080743482696662,0.012180299208010613
pi,0.9,pi_0p900_gamma_0p25,π = 0.9,0.9,0.25,105,104,103,0.22489761549492154,0.06294904450722581,0.06972848907644875,-0.006779444569222927,0.16194857098769566,0.1702678541401254,-0.004652554010485741,-0.0036667291419439645,26.23902390617379,4.867002627783773,0.24003029753973465,0.011451951454267877
pi,0.9,pi_0p900_gamma_0p25,π = 0.9,0.9,0.25,105,105,104,0.22503060507444866,0.06404990922251863,0.07042492118738891,-0.006375011964870271,0.16098069585193,0.1687312126502294,-0.004382468018660807,-0.0033680487796385735,28.56757147845014,5.1993601758240295,0.23918390020920094,0.010773796578226068
pi,0.95,pi_0p950_gamma_0p25,π = 0.95,0.95,0.25,105,1,0,0.0,0.0,0.0,0.0,0.0,0.0,0.0,0.0,1.0,1.0,0.28619263409514323,0.1656488615597246
pi,0.95,pi_0p950_gamma_0p25,π = 0.95,0.95,0.25,105,2,1,-0.005255130011778193,-0.004555971165255789,-0.0019383885023938475,-0.002617582662861941,-0.0006991588465224816,0.004195260249667793,-0.005078459902569856,0.0001840408063795817,1.0159280471643486,0.9931729520019268,0.28618464008007544,0.17203399535105848
pi,0.95,pi_0p950_gamma_0p25,π = 0.95,0.95,0.25,105,3,2,-0.010041796551216783,-0.00895059522482376,-0.0036172671964367366,-0.0053333280283870245,-0.0010912013263930367,0.008900022559924831,-0.010075788105179928,8.4564218862061e-5,1.0323034146661394,0.9872119337125939,0.2861973525310506,0.17800303950074087
pi,0.95,pi_0p950_gamma_0p25,π = 0.95,0.95,0.25,105,4,3,-0.014342902175846856,-0.013171260399296916,-0.0050530760442604305,-0.008118184355036483,-0.001171641776549994,0.014075047866236938,-0.014976245281180127,-0.00027044436160680657,1.0490845924780117,0.9820257056457331,0.28622253763421635,0.18353866432341634
pi,0.95,pi_0p950_gamma_0p25,π = 0.95,0.95,0.25,105,5,4,-0.018148211214166717,-0.01720597546172927,-0.006262011269284143,-0.01094396419244513,-0.0009422357524374992,0.019676421604022123,-0.019765090895631453,-0.0008535664608281689,1.0662364267486428,0.9775343982537091,0.28625325339165114,0.18862871603443426
pi,0.95,pi_0p950_gamma_0p25,π = 0.95,0.95,0.25,105,6,5,-0.02145368792092276,-0.02104387972613505,-0.007259964725665616,-0.013783915000469433,-0.0004098081947877712,0.025656999573517775,-0.02442866338712558,-0.0016381443811799691,1.0837297690628436,0.9736681478324954,0.28628371421738363,0.19326591721610437
pi,0.95,pi_0p950_gamma_0p25,π = 0.95,0.95,0.25,105,7,6,-0.024260790343399913,-0.024675614850141584,-0.00806245836889376,-0.01661315648124782,0.0004148245067416289,0.03196773019770928,-0.02895443805184658,-0.002598467639121072,1.1015410875690952,0.9703658734022194,0.2863091616550875,0.1974474839509157
pi,0.95,pi_0p950_gamma_0p25,π = 0.95,0.95,0.25,105,8,7,-0.026575743513508714,-0.02809356525903311,-0.008684576191525932,-0.019408989067507175,0.001517821745524333,0.03855882305080609,-0.03333106819035196,-0.0037099331149298,1.1196520441266706,0.9675741960566447,0.2863257391732458,0.20117468724549994
pi,0.95,pi_0p950_gamma_0p25,π = 0.95,0.95,0.25,105,9,8,-0.02840882806348124,-0.03129199203239327,-0.009140901163059186,-0.022151090869334093,0.002883163968911981,0.045380760888600206,-0.03754840796015425,-0.004949188959533973,1.1380490827703036,0.9652464789949248,0.28633037938540473,0.20445238528834836
pi,0.95,pi_0p950_gamma_0p25,π = 0.95,0.95,0.25,105,10,9,-0.029773690825131382,-0.03426706854985323,-0.009445456078657892,-0.024821612471195343,0.004493377724721833,0.05238514159564184,-0.0415975226058851,-0.006294241265034907,1.1567230109545559,0.9633419915296912,0.2863206967915035,0.2072885448379057
pi,0.95,pi_0p950_gamma_0p25,π = 0.95,0.95,0.25,105,11,10,-0.03068670140883118,-0.03701684396599355,-0.00961165365641132,-0.027405190309582238,0.006330142557162353,0.059525362530166104,-0.04547068411253159,-0.007724535860472149,1.1756686078370018,0.9618251747955551,0.2862948922137583,0.2096937699567516
pi,0.95,pi_0p950_gamma_0p25,π = 0.95,0.95,0.25,105,12,11,-0.031166358805860144,-0.03954114758317309,-0.009652255307812484,-0.029888892275360613,0.008374788777312932,0.06675715253726346,-0.04916135521618795,-0.00922100854376257,1.1948842519789644,0.960665004332334,0.2862516657019149,0.21168084942008925
pi,0.95,pi_0p950_gamma_0p25,π = 0.95,0.95,0.25,105,13,12,-0.031232762194360972,-0.04184145663170006,-0.009579341697497088,-0.03226211493420298,0.010608694437339061,0.07403897183570168,-0.05266416037700922,-0.0107661170213534,1.2143715957629684,0.9598344302028287,0.2861901424525609,0.2132643335357195
pi,0.95,pi_0p950_gamma_0p25,π = 0.95,0.95,0.25,105,14,13,-0.03090713233274219,-0.043920730062753016,-0.009404290869660109,-0.03451643919309292,0.013013597730010797,0.08133228282208782,-0.055974849159261146,-0.012343835932815872,1.234135249984546,0.9593098990449755,0.28610980221244553,0.21446014292664087
pi,0.95,pi_0p950_gamma_0p25,π = 0.95,0.95,0.25,105,15,14,-0.030211400403539673,-0.04578323147047116,-0.009137767789735067,-0.0366454636807361,0.015571831066931462,0.08860172052362089,-0.05909024912682141,-0.013939640329868008,1.254182519359257,0.9590709345622429,0.28601042106433194,0.21528521640081136
pi,0.95,pi_0p950_gamma_0p25,π = 0.95,0.95,0.25,105,16,15,-0.029167849658161046,-0.04743434179447738,-0.0087897212750121,-0.03864462051946528,0.018266492136316308,0.09581516946870709,-0.062008212856901265,-0.015540464475489504,1.2745231581427654,0.9590997793817571,0.28589201791855806,0.215757196496557
pi,0.95,pi_0p950_gamma_0p25,π = 0.95,0.95,0.25,105,17,16,-0.02779881692026903,-0.048880376990286085,-0.008369390279850432,-0.040510986710435654,0.021081560070017047,0.10294377022414414,-0.06472755772688736,-0.01713465242723973,1.2951691726206074,0.9593810811873481,0.28575481059671964,0.2158941550899162
pi,0.95,pi_0p950_gamma_0p25,π = 0.95,0.95,0.25,105,18,17,-0.02612644198176484,-0.0501284101726532,-0.007885316188393521,-0.04224309398425969,0.024001968190888328,0.10996186413224857,-0.06724800201830453,-0.018711893923055722,1.3161346482536183,0.9599016244243822,0.2855991767035152,0.2157143558030916
pi,0.95,pi_0p950_gamma_0p25,π = 0.95,0.95,0.25,105,19,18,-0.024172461095276446,-0.05118610278563314,-0.007345360282009804,-0.04384074250362334,0.027013641690356624,0.1168468895776367,-0.06957009856317187,-0.02026314932410821,1.3374356007521093,0.9606501012366109,0.2854256190281027,0.21523605147884048
pi,0.95,pi_0p950_gamma_0p25,π = 0.95,0.95,0.25,105,20,19,-0.021958045957617724,-0.05206155220249416,-0.006756727039174974,-0.045304825163319185,0.030103506244876413,0.12357924595632933,-0.07169516560959001,-0.021780574101862904,1.3590898675414131,0.9616169108389494,0.2852347381213501,0.21447731569472214
pi,0.95,pi_0p950_gamma_0p25,π = 0.95,0.95,0.25,105,21,20,-0.019503674332890273,-0.05276315033013315,-0.0061259896767074514,-0.0466371606534257,0.0332594759972429,0.13014212848940165,-0.07362521844128249,-0.02325743405087627,1.3811170114920528,0.9627939918706657,0.2850272068041385,0.21345590308467724
pi,0.95,pi_0p950_gamma_0p25,π = 0.95,0.95,0.25,105,22,21,-0.01682903959548938,-0.05329946330765603,-0.0054591204620846245,-0.0478403428455714,0.03647042371216657,0.13652135132795118,-0.07536289964713558,-0.024688027968649034,1.4035382718156326,0.9641746722104734,0.2848037522305242,0.21218913854497642
pi,0.95,pi_0p950_gamma_0p25,π = 0.95,0.95,0.25,105,23,22,-0.013952978878180668,-0.05367912031067135,-0.004761520569279043,-0.04891759974139231,0.039726141432490605,0.1427051541753267,-0.07691141283875548,-0.026067599904080602,1.4263765133679067,0.9657535481175603,0.2845651368869114,0.21069382811057188
pi,0.95,pi_0p950_gamma_0p25,π = 0.95,0.95,0.25,105,24,23,-0.010893428615475313,-0.053910720095495836,-0.004038052014365593,-0.04987266808113024,0.04301729148002049,0.1486840071546143,-0.0782744578047485,-0.027392257869845317,1.4496562078067268,0.9675263790121151,0.28431214460027526,0.20898619204698374
pi,0.95,pi_0p950_gamma_0p25,π = 0.95,0.95,0.25,105,25,24,-0.007667403679686494,-0.05400275496027577,-0.003293071256846349,-0.05070968370342942,0.04633535128058925,0.15445041900086637,-0.0794561673834259,-0.028658900336851256,1.4734034496490103,0.969489994580667,0.28404557120322277,0.20708181714695026
pi,0.95,pi_0p950_gamma_0p25,π = 0.95,0.95,0.25,105,26,25,-0.004290984710623025,-0.05396354238369851,-0.002530460783628448,-0.05143308160007005,0.049672557673075435,0.1599987431978238,-0.08046104924808004,-0.02986513627666838,1.4976459687848633,0.9716422232164554,0.2837662133344961,0.20499562257746354
pi,0.95,pi_0p950_gamma_0p25,π = 0.95,0.95,0.25,105,27,26,-0.0007793219399495337,-0.053801170694283224,-0.001753660904086187,-0.052047509790197025,0.053021848754333634,0.16532499250220667,-0.08129393080772832,-0.031009212940144724,1.5224131691740486,0.9739818311418034,0.2834748607104467,0.20274183993820727
pi,0.95,pi_0p950_gamma_0p25,π = 0.95,0.95,0.25,105,28,27,0.0028533450328349723,-0.05352345957455168,-0.0009657022219997592,-0.052557757352551915,0.05637680460738664,0.17042666593778788,-0.08195990662313521,-0.03208995470726607,1.5477362045991887,0.9765084676786389,0.2831722927391079,0.20033400568102327
pi,0.95,pi_0p950_gamma_0p25,π = 0.95,0.95,0.25,105,29,28,0.006593668586000021,-0.05313792359425107,-0.00016923462819920748,-0.05296868896605185,0.05973159218025108,0.17530257859158702,-0.08246429170418482,-0.03310669470715116,1.5736480425630197,0.9792226291569527,0.2828592716736662,0.19778496028037726
pi,0.95,pi_0p950_gamma_0p25,π = 0.95,0.95,0.25,105,30,29,0.010429161153429982,-0.05265174884703923,0.0006334432772901512,-0.05328519212432937,0.06308091000046918,0.17995270679634096,-0.08281257746048054,-0.03405921933539126,1.60018356666955,0.9821256262204147,0.2825365403071322,0.1951068567024567
pi,0.95,pi_0p950_gamma_0p25,π = 0.95,0.95,0.25,105,31,30,0.014348160544860272,-0.052071775088403764,0.001440356900871903,-0.05351213198927565,0.06641993563326397,0.18437804275995126,-0.08301039211136733,-0.03494771501531995,1.6273796892544476,0.9852195620810167,0.28220481963633876,0.19231117424966723
pi,0.95,pi_0p950_gamma_0p25,π = 0.95,0.95,0.25,105,32,31,0.01833979184245788,-0.0514044850546371,0.0022498294005608567,-0.05365431445519794,0.06974427689709492,0.18858046073795562,-0.0830634646078503,-0.03577271923301038,1.6552754856527516,0.9885073168528793,0.2818648072242504,0.18940873725478818
pi,0.95,pi_0p950_gamma_0p25,π = 0.95,0.95,0.25,105,33,32,0.022393929372792346,-0.050655996457749784,0.003060458129148656,-0.05371645458689843,0.0730499258305421,0.19256259209809082,-0.08297759311870546,-0.036535073148843265,1.683912334151532,0.991992543294299,0.28151717510423874,0.1864097367397725
pi,0.95,pi_0p950_gamma_0p25,π = 0.95,0.95,0.25,105,34,33,0.026501150185311254,-0.049832063874533386,0.0038710904912271056,-0.05370315436576048,0.07633321405984464,0.19632771678340052,-0.08275861540992653,-0.03723588731362936,1.7133341034058054,0.9956796615886317,0.28116257180008913,0.18332375650583366
pi,0.95,pi_0p950_gamma_0p25,π = 0.95,0.95,0.25,105,35,34,0.030652696476984865,-0.04893807766462627,0.0046808039161189184,-0.053618881580745174,0.07959077414161113,0.19987965805350585,-0.08241238448439285,-0.03787649942750187,1.7435873255533167,0.999573869824298,0.2808016199729603,0.18015979881783317
pi,0.95,pi_0p950_gamma_0p25,π = 0.95,0.95,0.25,105,36,35,0.034840431451718834,-0.04797907037707667,0.0054888856332098775,-0.05346795601028653,0.08281950182879548,0.20322269197041193,-0.08194474610718235,-0.038458444034434144,1.7747214138287277,1.003681154675987,0.2804349177433576,0.1769263129725211
pi,0.95,pi_0p950_gamma_0p25,π = 0.95,0.95,0.25,105,37,36,0.0390567973102931,-0.04695972405200505,0.006294814570949232,-0.05325453862295426,0.08601652136229816,0.2063614648874901,-0.0813615196408273,-0.03898342388436467,1.806788896332518,1.0080083105683377,0.28006303953702355,0.1736312240584922
pi,0.95,pi_0p950_gamma_0p25,π = 0.95,0.95,0.25,105,38,37,0.043294776971600966,-0.0458843783418824,0.007098244952696717,-0.052982623294579104,0.08917915531348337,0.20930091784174853,-0.08066848190347706,-0.03945328062478813,1.8398456659653815,1.0125629661256368,0.2796865356068462,0.17028196151141226
pi,0.95,pi_0p950_gamma_0p25,π = 0.95,0.95,0.25,105,39,38,0.04754785249990217,-0.044757042181076526,0.0078989905608213,-0.05265603274189782,0.0923048946809787,0.21204622202475995,-0.07987135289295234,-0.03986997445082894,1.873951270705182,1.0173536143692548,0.2793059340968468,0.16688548842388298
pi,0.95,pi_0p950_gamma_0p25,π = 0.95,0.95,0.25,105,40,39,0.05180996711053927,-0.043581405680973406,0.00869701047730908,-0.05227841615828248,0.09539137279151266,0.2146027204569727,-0.07897578393488673,-0.04023556373057335,1.909169227482184,1.022389649959337,0.2789217421164827,0.16344832996350958
pi,0.95,pi_0p950_gamma_0p25,π = 0.95,0.95,0.25,105,41,40,0.05607549090389683,-0.04236085099260061,0.009492396816304635,-0.05185324780890524,0.09843634189649743,0.2169758745539072,-0.07798734845866954,-0.04055218419874028,1.9455673558892632,1.027681416106713,0.2785344457257601,0.15997660076341186
pi,0.95,pi_0p950_gamma_0p25,π = 0.95,0.95,0.25,105,42,41,0.06033918642590964,-0.04109846488838073,0.010285363080308871,-0.0513838279686896,0.10143765131429038,0.21917121827862646,-0.0769115343010457,-0.0408220326632904,1.983218152432237,1.033240256700236,0.2781445108700615,0.15647603198095145
pi,0.95,pi_0p950_gamma_0p25,π = 0.95,0.95,0.25,105,43,42,0.06459617423343676,-0.03979705303915352,0.011076232872660994,-0.0508732859118145,0.10439322727259027,0.22119431957532892,-0.07575373717671893,-0.041047355126019765,2.0221992116266327,1.0390785730876793,0.27775238526283424,0.15295199770309337
pi,0.95,pi_0p950_gamma_0p25,π = 0.95,0.95,0.25,105,44,43,0.0688419042070245,-0.03845915142228982,0.011865430885416941,-0.050324582307706756,0.10730105562931433,0.22305074351163795,-0.07451925654207771,-0.04123043134024594,2.0625936681621333,1.045209893706967,0.27735849809493834,0.14940953958744374
pi,0.95,pi_0p950_gamma_0p25,π = 0.95,0.95,0.25,105,45,44,0.07307212514492391,-0.037087040543089346,0.012653473409434813,-0.04974051395252416,0.11015916568801322,0.2247460231485959,-0.07321329191799235,-0.041373565542590376,2.104490701881553,1.051648946890377,0.276963261508789,0.14585339112305276
pi,0.95,pi_0p950_gamma_0p25,π = 0.95,0.95,0.25,105,46,45,0.07728285862341766,-0.03568275711231849,0.013440960841045894,-0.049123717953364385,0.11296561573573617,0.22628563202329108,-0.07184094106705326,-0.04147907522050167,2.147986076898391,1.0584117473006542,0.27656707062296343,0.1422880002703677
pi,0.95,pi_0p950_gamma_0p25,π = 0.95,0.95,0.25,105,47,46,0.08147037596306363,-0.03424810540081596,0.014228570804984306,-0.04847667620580027,0.1157184813638796,0.22767495948312078,-0.07040719938694959,-0.04154927873229162,2.19318272910846,1.0655156919577318,0.2761703025197499,0.13871755100317745
pi,0.95,pi_0p950_gamma_0p25,π = 0.95,0.95,0.25,105,48,47,0.08563117257480912,-0.03278467082939981,0.015017050865144899,-0.04780172169454471,0.11841584340420894,0.2289192926391946,-0.06891695934196,-0.04158648989302572,2.2401914334628685,1.0729796627209394,0.27577331740335564,0.13514598437557473
pi,0.95,pi_0p950_gamma_0p25,π = 0.95,0.95,0.25,105,49,48,0.08976194694796469,-0.03129383168386112,0.01580721239926897,-0.047101044083130095,0.1210557786318258,0.23002379894362648,-0.06737501118299552,-0.04159300912880523,2.289131523920292,1.080824142616245,0.27537645785163006,0.13157701802821603
pi,0.95,pi_0p950_gamma_0p25,π = 0.95,0.95,0.25,105,50,49,0.09385958329983864,-0.029776768976249757,0.01659992577773606,-0.04637669475398582,0.12363635227608838,0.23099350914062147,-0.06578604493929166,-0.04157111192524148,2.340131671128515,1.0890713483296055,0.27498004648013036,0.12801416452651723
pi,0.95,pi_0p950_gamma_0p25,π = 0.95,0.95,0.25,105,51,50,0.09792113227506677,-0.028234478816560576,0.017396114536052536,-0.04563059335261311,0.12615561109162735,0.23183330560796891,-0.06415465214774436,-0.04152304236859724,2.3933307601757585,1.0977453709920353,0.27458438511250305,0.12446074927492141
pi,0.95,pi_0p950_gamma_0p25,π = 0.95,0.95,0.25,105,52,51,0.10194379738738019,-0.026667781450429265,0.018196751478637002,-0.04486453292906627,0.12861157883780946,0.23254790840138084,-0.062485329162217045,-0.04145100040135437,2.4488788286697067,1.1068723389467645,0.27418975096124065,0.12091992708980281
pi,0.95,pi_0p950_gamma_0p25,π = 0.95,0.95,0.25,105,53,52,0.10592491930860512,-0.025077333333462726,0.0190028532764914,-0.04408018660995413,0.13100225264206786,0.23314186645110302,-0.06078247996001029,-0.04135713384902493,2.506938125019072,1.1164805902896358,0.27379639418798246,0.11739469848813285
pi,0.95,pi_0p950_gamma_0p25,π = 0.95,0.95,0.25,105,54,53,0.10986196433839195,-0.023463637138209592,0.019815476249261922,-0.043279113387471514,0.13332560147660152,0.23361954726088446,-0.059050420003816335,-0.04124352578046663,2.567684255225511,1.1266008681895354,0.2734045330889026,0.1138879249553673
pi,0.95,pi_0p950_gamma_0p25,π = 0.95,0.95,0.25,105,55,54,0.11375251600918938,-0.021827050741277127,0.020635712784896326,-0.04246276352617345,0.13557956675046648,0.23398512566876556,-0.057293380968372616,-0.041112177949926464,2.6313074321500207,1.137266539510132,0.2730143471894807,0.1104023436597011
pi,0.95,pi_0p950_gamma_0p25,π = 0.95,0.95,0.25,105,56,55,0.11759426599966127,-0.020167798242216123,0.0214646866682087,-0.04163248491042482,0.1377620642418774,0.2342425752768347,-0.05551551526133029,-0.04096499577362703,2.6980138663984845,1.1485138319052057,0.2726259703577605,0.10694058199863686
pi,0.95,pi_0p950_gamma_0p25,π = 0.95,0.95,0.25,105,57,56,0.12138500849516602,-0.01848598002650806,0.02230354891875089,-0.04078952894525895,0.13987098852167407,0.23439565812740357,-0.053720901371400995,-0.040803768234328505,2.7680272825431333,1.1603820989694347,0.27223948127855835,0.10350517171894161
pi,0.95,pi_0p950_gamma_0p25,π = 0.95,0.95,0.25,105,58,57,0.12512263681803693,-0.016781583175788727,0.023153473362499486,-0.03993505653828822,0.1419042199938256,0.23444791361617212,-0.05191354975486864,-0.04063014386747787,2.841590581427997,1.1729141135246557,0.2718548916952517,0.10009856295959126
pi,0.95,pi_0p950_gamma_0p25,π = 0.95,0.95,0.25,105,59,58,0.1288051395910918,-0.015054493185912473,0.024015651668826864,-0.03907014485473934,0.14385963277700425,0.23440264827531046,-0.05009740857552103,-0.04044560692278516,2.9189676809697955,1.186156391384286,0.2714721339435917,0.09672313831746743
pi,0.95,pi_0p950_gamma_0p25,π = 0.95,0.95,0.25,105,60,59,0.13243060312762264,-0.013304505283238796,0.024891288059020578,-0.03819579334225938,0.1457351084108614,0.2342629216202931,-0.04827637084510217,-0.04025144236432951,3.0004455089057904,1.200159550555012,0.27109104330187817,0.09338122705146133
pi,0.95,pi_0p950_gamma_0p25,π = 0.95,0.95,0.25,105,61,60,0.13599721343722485,-0.011531336634336715,0.025781593956264708,-0.03731293059060144,0.14752855007156154,0.23403153155118633,-0.04645428155304375,-0.04004869992658103,3.0863361995835947,1.214978711791429,0.27071133907002753,0.09007511966678355
pi,0.95,pi_0p950_gamma_0p25,π = 0.95,0.95,0.25,105,62,61,0.1395032573271313,-0.009734642874250438,0.02668777967977701,-0.03642242255402746,0.14923790020138172,0.2337110024649794,-0.04463494411069561,-0.03983815815290204,3.1769795363196183,1.2306739318069175,0.27033260474069226,0.08680708279265806
pi,0.95,pi_0p950_gamma_0p25,π = 0.95,0.95,0.25,105,63,62,0.14294713117177543,-0.007914031961473502,0.027611047690150495,-0.035525079651624,0.1508611631332489,0.23330356582536907,-0.04282212868275657,-0.039620274009363556,3.272745576856832,1.2473106954467617,0.2699542615966902,0.08357937448806525
pi,0.95,pi_0p950_gamma_0p25,π = 0.95,0.95,0.25,105,64,63,0.14632734479623927,-0.006069084412083465,0.028552581910004236,-0.034621666322087706,0.1523964292083227,0.23281114685948173,-0.041019578565982664,-0.03939513908517635,3.3740375976098003,1.2649604473690976,0.2695755440574414,0.08039425978689667
pi,0.95,pi_0p950_gamma_0p25,π = 0.95,0.95,0.25,105,65,64,0.14964253113541795,-0.004199373378771434,0.02951353679559509,-0.03371291017436653,0.1538419045141894,0.23223534704899557,-0.039231017429537066,-0.039162425105269114,3.481295289064202,1.2837011865681347,0.2691954701638664,0.07725402646509291
pi,0.95,pi_0p950_gamma_0p25,π = 0.95,0.95,0.25,105,66,65,0.15289145291471698,-0.0023044900035288233,0.03049502298997435,-0.03279951299350318,0.1551959429182458,0.23157743193452474,-0.037460154519641124,-0.03892133449663779,3.5949983121848925,1.303618115485613,0.2688128136485593,0.07416100044812665
pi,0.95,pi_0p950_gamma_0p25,π = 0.95,0.95,0.25,105,67,66,0.15607301074651486,-0.00038407170249291404,0.031498090683626134,-0.031882162386119045,0.15645708244900777,0.2308383212046568,-0.03571068862118029,-0.03867055013446869,3.715670213030023,1.3248043558884433,0.26842607573832644,0.07111756046472646
pi,0.95,pi_0p950_gamma_0p25,π = 0.95,0.95,0.25,105,68,67,0.15918624788940855,0.001562164280815649,0.03252370929283696,-0.030961545012021315,0.1576240836085929,0.23001858714100595,-0.033986308705221104,-0.038408194827191926,3.8438827872753834,1.3473617317525945,0.26803346143669154,0.0681261508604739
pi,0.95,pi_0p950_gamma_0p25,π = 0.95,0.95,0.25,105,69,68,0.16223035639899486,0.0035343838373263305,0.03357274394259936,-0.030038360105273033,0.1586959725616685,0.2291184595377168,-0.032290692080942575,-0.038131794895105674,3.980260897500521,1.3714016287392166,0.26763285893570304,0.06518929211864206
pi,0.95,pi_0p950_gamma_0p25,π = 0.95,0.95,0.25,105,70,69,0.1652046770445149,0.005532592778832369,0.0346459273815429,-0.02911333460271053,0.15967208426568252,0.2281378461611628,-0.030627496808375843,-0.037838265087104375,4.125487887689358,1.3970459299584015,0.2672218299067398,0.062309587195331174
pi,0.95,pi_0p950_gamma_0p25,π = 0.95,0.95,0.25,105,71,70,0.16810869688800714,0.007556589396563112,0.035743827900014034,-0.028187238503450916,0.16055210749144397,0.2270763682593239,-0.02900034877025846,-0.037523911997621395,4.280311633078011,1.424428037089037,0.26679761078154146,0.059489722708473906
pi,0.95,pi_0p950_gamma_0p25,π = 0.95,0.95,0.25,105,72,71,0.17094204194881174,0.00960591268928184,0.036866813116280935,-0.027260900426999097,0.16133612925952986,0.22593341603956255,-0.027412821793496953,-0.03718446498653566,4.445551346418809,1.4536939817029202,0.2663571298461302,0.056732463361370854
pi,0.95,pi_0p950_gamma_0p25,π = 0.95,0.95,0.25,105,73,72,0.17370446479099957,0.011679787416745153,0.03801501009935469,-0.026335222682609544,0.1620246773742544,0.2247082267125633,-0.02586841013393532,-0.03681513920437349,4.622105254949255,1.4850036338309245,0.26589704324183466,0.054040638243287815
pi,0.95,pi_0p950_gamma_0p25,π = 0.95,0.95,0.25,105,74,73,0.17639582685458333,0.013777067708325007,0.03918826281333798,-0.02541119510501298,0.1626187591462583,0.22339998680829334,-0.024370492904596062,-0.0364107347574389,4.810959282769978,1.5185320167282308,0.2654137925870102,0.05141711785560396
pi,0.95,pi_0p950_gamma_0p25,π = 0.95,0.95,0.25,105,75,74,0.17901607586562898,0.01589618152476089,0.04038608830272688,-0.024489906777965992,0.16311989434086807,0.2220079588460488,-0.022922290622923832,-0.03596577388225683,5.013196888322255,1.5544707385024932,0.2649036857371455,0.048864781169875394
pi,0.95,pi_0p950_gamma_0p25,π = 0.95,0.95,0.25,105,76,75,0.18156521902556413,0.01803507899091834,0.04160763371956487,-0.02357255472864653,0.1635301400346458,0.22053163026959993,-0.02152681469334779,-0.0354746755416063,5.230010224543606,1.5930295549370421,0.26436300070454466,0.04638647262252178
pi,0.95,pi_0p950_gamma_0p25,π = 0.95,0.95,0.25,105,77,76,0.18404329330459274,0.020191187757190376,0.04285163642323133,-0.022660448666040965,0.16385210554740237,0.21897088036774315,-0.02018681146245202,-0.034931963357888715,5.462712803515865,1.6344380789747155,0.2637881106904123,0.043984949757578176
pi,0.95,pi_0p950_gamma_0p25,π = 0.95,0.95,0.25,105,78,77,0.18645033443783,0.022361381382613375,0.04411639233541642,-0.021755010952803053,0.16408895305521662,0.21732615581693893,-0.01890470320355667,-0.034332499558165586,5.712753864768319,1.6789476737115963,0.2631756260427565,0.04166282306042695
pi,0.95,pi_0p950_gamma_0p25,π = 0.95,0.95,0.25,105,79,78,0.18878634611068565,0.02454195851802723,0.045399729790331494,-0.02085777127230427,0.16424438759265841,0.21559865168670037,-0.017682528903757353,-0.03367173519028454,5.981734676501554,1.726833517038039,0.2625225472075102,0.03942249030957206
pi,0.95,pi_0p950_gamma_0p25,π = 0.95,0.95,0.25,105,80,79,0.19105127281988563,0.026728645214337647,0.0466990006014846,-0.019970355387146962,0.164322627605548,0.2137904768968028,-0.016521888882376892,-0.032945960408877865,6.27142697403893,1.7783969248280649,0.2618264193624406,0.03726606885962457
pi,0.95,pi_0p950_gamma_0p25,π = 0.95,0.95,0.25,105,81,80,0.1932449778394354,0.02891661680082109,0.04801108493503875,-0.01909446813421766,0.16432836103861428,0.21190479864818607,-0.01542389675958501,-0.03215254084998674,6.583793801771913,1.8339679329684304,0.2610854798204097,0.035195329504673134
pi,0.95,pi_0p950_gamma_0p25,π = 0.95,0.95,0.25,105,82,81,0.1953672268134041,0.031100542703452274,0.04933241387297706,-0.018231871169524787,0.16426668410995185,0.20994595273057415,-0.014389141863225319,-0.03129012675739695,6.921013069529953,1.8939081917317597,0.26029878895765723,0.03321163550562468
pi,0.95,pi_0p950_gamma_0p25,π = 0.95,0.95,0.25,105,83,82,0.1974176807343324,0.03327465583741875,0.05065901167214331,-0.017384355834724564,0.16414302489691365,0.2079195067239584,-0.013417666086193552,-0.030358815740851156,7.285504082873863,1.9586142286175712,0.2594663336566702,0.031315891146286225
pi,0.95,pi_0p950_gamma_0p25,π = 0.95,0.95,0.25,105,84,83,0.1993958960482284,0.035432844038733834,0.0519865566664117,-0.01655371262767788,0.1639630520094946,0.20583227089490108,-0.012508956357409031,-0.0293602625279974,7.679957475925717,2.028521128028067,0.25858909697961413,0.02950850244491479
pi,0.95,pi_0p950_gamma_0p25,π = 0.95,0.95,0.25,105,85,84,0.20130133701994762,0.03756876261059817,0.053310460549133395,-0.015741697938535228,0.16373257440934946,0.2036922485737909,-0.011661955830608655,-0.02829771833383272,8.107368811980523,2.104106697747671,0.2576690855635785,0.027789353768424424
pi,0.95,pi_0p950_gamma_0p25,π = 0.95,0.95,0.25,105,86,85,0.20313339256455296,0.03967596089520427,0.0546259613755794,-0.014950000480375134,0.16345743166934865,0.20150853162958476,-0.010875091186644434,-0.027176008773591644,8.571076513772484,2.1858961726911943,0.25670931566841304,0.026157800159210355
pi,0.95,pi_0p950_gamma_0p25,π = 0.95,0.95,0.25,105,87,86,0.20489140374372602,0.04174802075247195,0.05592822874022255,-0.014180207987750602,0.1631433829912541,0.19929113900617082,-0.01014631762285659,-0.026001438392060094,9.074804449542597,2.2744675470888027,0.2557137542734323,0.0246126775083784
pi,0.95,pi_0p950_gamma_0p25,π = 0.95,0.95,0.25,105,88,87,0.20657469444104792,0.043778697286910785,0.057212473696049336,-0.013433776409138554,0.1627959971541372,0.19705081182051248,-0.009473177232816187,-0.024781637433559073,9.622709964230193,2.3704575907185985,0.25468722127781185,0.02315232849741725
pi,0.95,pi_0p950_gamma_0p25,π = 0.95,0.95,0.25,105,89,88,0.20818260493021346,0.04576205638060053,0.05847405901290055,-0.012712002632300023,0.16242054854961294,0.19479877394718603,-0.008852868447773821,-0.023525356949799275,10.219438045791906,2.474568638505354,0.25363525731970515,0.021774643014848282
pi,0.95,pi_0p950_gamma_0p25,π = 0.95,0.95,0.25,105,90,89,0.20971452621891182,0.04769260166940289,0.059708603469815894,-0.012016001800413009,0.16202192454950895,0.19254647165414746,-0.008282323064773235,-0.022242224039865234,10.87018247342664,2.5875762339409762,0.2525639644763311,0.0204771106320856
pi,0.95,pi_0p950_gamma_0p25,π = 0.95,0.95,0.25,105,91,90,0.21116993126592976,0.04956538485852945,0.0609120750193138,-0.011346690160784345,0.1616045464074003,0.19030530596951145,-0.00775828664801796,-0.0209424729140932,11.580755023790074,2.710337720086479,0.25147982837312693,0.019256881872908353
pi,0.95,pi_0p950_gamma_0p25,π = 0.95,0.95,0.25,105,92,91,0.21254839768938946,0.05137609121319487,0.062080865300720746,-0.010704774087525874,0.1611723064761946,0.18808637336019063,-0.0072773979686196946,-0.01963666891537633,12.35766409612959,2.843801841921575,0.2503895297772535,0.018110834593087963
pi,0.95,pi_0p950_gamma_0p25,π = 0.95,0.95,0.25,105,93,92,0.2138496189309762,0.05312109648441855,0.06321184182200645,-0.0100907453375879,0.16072852244655764,0.1859002242144055,-0.006836264457795575,-0.018335437310052282,13.208204319041702,2.9890194495626203,0.24929975151023379,0.017035642518123457
pi,0.95,pi_0p950_gamma_0p25,π = 0.95,0.95,0.25,105,94,93,0.2150733963098896,0.05479748874287731,0.06430237136580137,-0.009504882622924074,0.1602759075670123,0.1837566495363268,-0.006431530222550899,-0.017049211746763614,14.14055930122359,3.1471553382931257,0.24821698467213374,0.016027842587375316
pi,0.95,pi_0p950_gamma_0p25,π = 0.95,0.95,0.25,105,95,94,0.21621960265717102,0.05640304940625682,0.06535030867045015,-0.00894725926419334,0.15981655325091418,0.18166450143663102,-0.006059934089039504,-0.015788014096677287,15.163920405312949,3.3195012167405245,0.24714733384380236,0.015083898353649504
pi,0.95,pi_0p950_gamma_0p25,π = 0.95,0.95,0.25,105,96,95,0.2172881035433061,0.05793618560531952,0.06635394217380843,-0.008417756568488899,0.15935191793798661,0.17963154951897822,-0.005718355714172162,-0.014561275866819434,16.288625615153652,3.507489681750822,0.24609631518904523,0.014200257141061594
pi,0.95,pi_0p950_gamma_0p25,π = 0.95,0.95,0.25,105,97,96,0.21827861456863673,0.05939580222082167,0.06731188476668133,-0.00791608254585966,0.15888281234781507,0.17766437076504013,-0.005403848327254256,-0.013377710089970777,17.526324508991795,3.7127088756602236,0.24506863304143414,0.01337339915808923
pi,0.95,pi_0p950_gamma_0p25,π = 0.95,0.95,0.25,105,98,97,0.2191904610748769,0.060781094708895166,0.06822289037759025,-0.007441795668695071,0.1584093663659817,0.17576826528866477,-0.005113657059308147,-0.012245241863374898,18.890178579433144,3.936917131435008,0.24406790820310534,0.012599877247842025
pi,0.95,pi_0p950_gamma_0p25,π = 0.95,0.95,0.25,105,99,98,0.22002218720155264,0.06209123144099792,0.06908556506523097,-0.006994333624233048,0.15793095576055471,0.1739471837218491,-0.004845221974698864,-0.011171005986595543,20.39511160079166,4.182056248253739,0.24309631242857885,0.011876346360106284
pi,0.95,pi_0p950_gamma_0p25,π = 0.95,0.95,0.25,105,100,99,0.2207709301801643,0.06332487376636693,0.06989792122389628,-0.0065730474575293385,0.15744605641379736,0.17220364309236053,-0.00459616467924484,-0.010161421999318361,22.058134083514567,4.450260863061767,0.2421540345908088,0.011199582035261408
pi,0.95,pi_0p950_gamma_0p25,π = 0.95,0.95,0.25,105,101,100,0.22143142636830107,0.0644794487308564,0.07065669093976208,-0.00617724220890566,0.15695197763744467,0.17053859547701233,-0.004364256405655865,-0.009222361433911795,23.898781960021708,4.743859304511512,0.241238458880883,0.010566486922010211
pi,0.95,pi_0p950_gamma_0p25,π = 0.95,0.95,0.25,105,102,101,0.2219944371251643,0.06555003606573565,0.07135626224869224,-0.00580622618295659,0.15644440105942864,0.16895119564334202,-0.004147363018984802,-0.008359431564928617,25.93973757342361,5.0653576545180385,0.2403428650311773,0.009974082923971216
pi,0.95,pi_0p950_gamma_0p25,π = 0.95,0.95,0.25,105,103,102,0.22244425852878996,0.06652764626438319,0.07198701865693695,-0.005459372392553762,0.15591661226440678,0.16743838829905913,-0.0039433567322851555,-0.007578419302367222,28.20774964682504,5.417392307322846,0.23945435156560527,0.009419482322017479
pi,0.95,pi_0p950_gamma_0p25,π = 0.95,0.95,0.25,105,104,103,0.22275478315396088,0.06739653250863238,0.0725327299493051,-0.005136197440672702,0.1553582506453285,0.1659942011379053,-0.003749971565651187,-0.006885978926925621,30.73505368948747,5.802625016490618,0.23855051630932592,0.008899820179441683
pi,0.95,pi_0p950_gamma_0p25,π = 0.95,0.95,0.25,105,105,104,0.22288327462079605,0.06812996851666506,0.07296643323994473,-0.004836464723279662,0.15475330610413096,0.16461989970850227,-0.0035608062233473173,-0.006305787381024028,33.561642287542035,6.223534592381921,0.2376054891548714,0.008408358596719833
