sweep_kind,sweep_value,case_id,label,pi,gamma,T_max,t,model_t,bound_status,bubble_share_upper,log10_bubble_share_upper,bubble_share_lower,log10_bubble_share_lower,a_t,dividend_yield_d_over_q,switch_term_raw,switch_contribution_weighted
pi,0.75,pi_0p750_gamma_0p25,π = 0.75 (AHP),0.75,0.25,105,1,0,diagnostic_only_hkt_gate_failed,9.33036065774244e-10,-9.030101568617901,2.123558965115186e-17,-16.67293567539917,0.0,0.0,0.0,0.0
pi,0.75,pi_0p750_gamma_0p25,π = 0.75 (AHP),0.75,0.25,105,2,1,diagnostic_only_hkt_gate_failed,1.234891643447884e-9,-8.908371148248202,2.8105721917764256e-17,-16.551205255029473,0.3235197317085033,0.034865995968722786,0.8659612072193416,0.2886537357397805
pi,0.75,pi_0p750_gamma_0p25,π = 0.75 (AHP),0.75,0.25,105,3,2,diagnostic_only_hkt_gate_failed,1.6350381912824869e-9,-8.786472098618662,3.721292388116254e-17,-16.429306205399932,0.32403373199398483,0.034562187797476475,0.8684146325895251,0.28947154419650833
pi,0.75,pi_0p750_gamma_0p25,π = 0.75 (AHP),0.75,0.25,105,4,3,diagnostic_only_hkt_gate_failed,2.165395135824883e-9,-8.664462843121079,4.928367104311205e-17,-16.307296949902348,0.324369759293757,0.03427010308532147,0.8702989686253068,0.2900996562084356
pi,0.75,pi_0p750_gamma_0p25,π = 0.75 (AHP),0.75,0.25,105,5,4,diagnostic_only_hkt_gate_failed,2.86815473565808e-9,-8.542397422380214,6.527824513610994e-17,-16.185231529161484,0.3245410448220503,0.03399023661653238,0.871652424616554,0.290550808205518
pi,0.75,pi_0p750_gamma_0p25,π = 0.75 (AHP),0.75,0.25,105,6,5,diagnostic_only_hkt_gate_failed,3.799042946677369e-9,-8.420325796890245,8.646495032943708e-17,-16.063159903671515,0.324559968625856,0.033722820911364935,0.8725114431434734,0.2908371477144911
pi,0.75,pi_0p750_gamma_0p25,π = 0.75 (AHP),0.75,0.25,105,7,6,diagnostic_only_hkt_gate_failed,5.0315968674855994e-9,-8.298294161926846,1.1451746645964908e-16,-15.941128268708116,0.3244380066527584,0.03346787422176101,0.8729103972929924,0.29097013243099745
pi,0.75,pi_0p750_gamma_0p25,π = 0.75 (AHP),0.75,0.25,105,8,7,diagnostic_only_hkt_gate_failed,6.6627686943052095e-9,-8.176345263503672,1.51642393175228e-16,-15.819179370284942,0.3241857147499867,0.03322524296625451,0.8728814153511965,0.29096047178373213
pi,0.75,pi_0p750_gamma_0p25,π = 0.75 (AHP),0.75,0.25,105,9,8,diagnostic_only_hkt_gate_failed,8.820258149357151e-9,-8.054518703847696,2.007461335608173e-16,-15.697352810628967,0.323812750230395,0.0329946392316548,0.8724543329962205,0.29081811099874016
pi,0.75,pi_0p750_gamma_0p25,π = 0.75 (AHP),0.75,0.25,105,10,9,diagnostic_only_hkt_gate_failed,1.1672093730897044e-8,-7.932851233567661,2.656529601923068e-16,-15.57568534034893,0.3233279041552487,0.032775672363240735,0.871656695376024,0.29055223179200795
pi,0.75,pi_0p750_gamma_0p25,π = 0.75 (AHP),0.75,0.25,105,11,10,diagnostic_only_hkt_gate_failed,1.543913539594247e-8,-7.811377024161225,3.513895720255421e-16,-15.454211130942497,0.3227391547648151,0.03256787612739076,0.8705138359122729,0.2901712786374243
pi,0.75,pi_0p750_gamma_0p25,π = 0.75 (AHP),0.75,0.25,105,12,11,diagnostic_only_hkt_gate_failed,2.0411366366287276e-8,-7.6901279220121666,4.645558904672313e-16,-15.332962028793439,0.32205371886637857,0.03237073078159609,0.8690489642543475,0.2896829880847825
pi,0.75,pi_0p750_gamma_0p25,π = 0.75 (AHP),0.75,0.25,105,13,12,diagnostic_only_hkt_gate_failed,2.6969091619274282e-8,-7.569133681332814,6.13807529954363e-16,-15.211967788114084,0.3212781121707826,0.032183681513719704,0.8672832919711888,0.2890944306570629
pi,0.75,pi_0p750_gamma_0p25,π = 0.75 (AHP),0.75,0.25,105,14,13,diagnostic_only_hkt_gate_failed,3.5610479613337374e-8,-7.448422177069268,8.104826384412348e-16,-15.091256283850537,0.3204182074819038,0.03200615324286419,0.8652361627171189,0.2884120542390396
pi,0.75,pi_0p750_gamma_0p25,π = 0.75 (AHP),0.75,0.25,105,15,14,diagnostic_only_hkt_gate_failed,4.698729034442109e-8,-7.328019599079974,1.0694150560468003e-15,-14.970853705861247,0.3194792896533371,0.031837562326711304,0.8629251819798777,0.28764172732662585
pi,0.75,pi_0p750_gamma_0p25,π = 0.75 (AHP),0.75,0.25,105,16,15,diagnostic_only_hkt_gate_failed,6.195114984158933e-8,-7.207950628509499,1.4099875071402878e-15,-14.85078473529077,0.3184661083344406,0.03167732578160017,0.8603663476585214,0.28678878255284046
pi,0.75,pi_0p750_gamma_0p25,π = 0.75 (AHP),0.75,0.25,105,17,16,diagnostic_only_hkt_gate_failed,8.161338720095541e-8,-7.088238597243231,1.857493471275303e-15,-14.731072704024502,0.31738292847901894,0.031524868465202,0.8575741800414508,0.2858580600138169
pi,0.75,pi_0p750_gamma_0p25,π = 0.75 (AHP),0.75,0.25,105,18,17,diagnostic_only_hkt_gate_failed,1.0742228047978129e-7,-6.96890563217582,2.444895273974884e-15,-14.61173973895709,0.3162335759362275,0.03137962843448771,0.8545618425052192,0.2848539475017397
pi,0.75,pi_0p750_gamma_0p25,π = 0.75 (AHP),0.75,0.25,105,19,18,diagnostic_only_hkt_gate_failed,1.4126260601305787e-7,-6.849972786144803,3.215089795973069e-15,-14.492806892926072,0.3150214776872673,0.031241060776484843,0.8513412507323473,0.28378041691078243
pi,0.75,pi_0p750_gamma_0p25,π = 0.75 (AHP),0.75,0.25,105,20,19,diagnostic_only_hkt_gate_failed,1.855837063741813e-7,-6.731460156039618,4.2238232572839364e-15,-14.374294262820888,0.3137497007313214,0.031108640425849286,0.8479231809164164,0.2826410603054721
pi,0.75,pi_0p750_gamma_0p25,π = 0.75 (AHP),0.75,0.25,105,21,20,diagnostic_only_hkt_gate_failed,2.435639505951656e-7,-6.613386990325488,5.543434276959438e-15,-14.25622109710676,0.31242098432974574,0.030981863857622433,0.8443173614163699,0.28143912047212327
pi,0.75,pi_0p750_gamma_0p25,π = 0.75 (AHP),0.75,0.25,105,22,21,diagnostic_only_hkt_gate_failed,3.1932153921876384e-7,-6.495771785975568,7.267651725763562e-15,-14.13860589275684,0.31103777237345476,0.03086025024771267,0.8405325663772261,0.280177522125742
pi,0.75,pi_0p750_gamma_0p25,π = 0.75 (AHP),0.75,0.25,105,23,22,diagnostic_only_hkt_gate_failed,4.181842027683104e-7,-6.378632377018427,9.517732973390327e-15,-14.021466483799697,0.3096022391455938,0.030743341826944028,0.8365766919559495,0.2788588973186498
pi,0.75,pi_0p750_gamma_0p25,π = 0.75 (AHP),0.75,0.25,105,24,23,diagnostic_only_hkt_gate_failed,5.470335786988541e-7,-6.261986014441641,1.245030179300767e-14,-13.904820121222912,0.3081163159143324,0.03063070400006513,0.832456835742802,0.27748561191426735
pi,0.75,pi_0p750_gamma_0p25,π = 0.75 (AHP),0.75,0.25,105,25,24,diagnostic_only_hkt_gate_failed,7.147440682900014e-7,-6.145849440194682,1.626733659776205e-14,-13.788683546975951,0.30658170928017775,0.03052192476299872,0.8281793535515373,0.27605978451717905
pi,0.75,pi_0p750_gamma_0p25,π = 0.75 (AHP),0.75,0.25,105,26,25,diagnostic_only_hkt_gate_failed,9.327409544087547e-7,-6.03023895399382,2.1228873014905053e-14,-13.673073060775089,0.3049999234555427,0.030416614241761477,0.823749927641344,0.2745833092137813
pi,0.75,pi_0p750_gamma_0p25,π = 0.75 (AHP),0.75,0.25,105,27,26,diagnostic_only_hkt_gate_failed,1.2157087027061916e-6,-5.915170474374583,2.7669124584782378e-14,-13.558004581155854,0.3033722781871467,0.03031440389084294,0.8191736228889113,0.27305787429630374
pi,0.75,pi_0p750_gamma_0p25,π = 0.75 (AHP),0.75,0.25,105,28,27,diagnostic_only_hkt_gate_failed,1.582487922092069e-6,-5.800659595932271,3.601689728206297e-14,-13.44349370271354,0.3016999208522736,0.030214945304334658,0.8144549266438169,0.27148497554793893
pi,0.75,pi_0p750_gamma_0p25,π = 0.75 (AHP),0.75,0.25,105,29,28,diagnostic_only_hkt_gate_failed,2.0572087329636426e-6,-5.686721640743193,4.6821384598601374e-14,-13.329555747524465,0.2999838445806183,0.03011790940883474,0.8095978055153505,0.2698659351717835
pi,0.75,pi_0p750_gamma_0p25,π = 0.75 (AHP),0.75,0.25,105,30,29,diagnostic_only_hkt_gate_failed,2.670719598192363e-6,-5.573371706643657,6.078468726012195e-14,-13.216205813424928,0.29822489832856586,0.030022985187677917,0.8046057394226639,0.2682019131408879
pi,0.75,pi_0p750_gamma_0p25,π = 0.75 (AHP),0.75,0.25,105,31,30,diagnostic_only_hkt_gate_failed,3.462384444913329e-6,-5.460624712013829,7.880271511873217e-14,-13.103458818795099,0.2964237980118892,0.029929878516472528,0.7994817584862499,0.2664939194954166
pi,0.75,pi_0p750_gamma_0p25,π = 0.75 (AHP),0.75,0.25,105,32,31,diagnostic_only_hkt_gate_failed,4.4823375938137875e-6,-5.348495437044811,1.0201650859141745e-13,-12.991329543826081,0.2945811376893446,0.029838311065881848,0.794228479870388,0.26474282662346266
pi,0.75,pi_0p750_gamma_0p25,π = 0.75 (AHP),0.75,0.25,105,33,32,diagnostic_only_hkt_gate_failed,5.794306148179824e-6,-5.2369985621262884,1.3187647529336185e-13,-12.879832668907559,0.2926973988252751,0.029748019150021867,0.7888481390257598,0.2629493796752532
pi,0.75,pi_0p750_gamma_0p25,π = 0.75 (AHP),0.75,0.25,105,34,33,diagnostic_only_hkt_gate_failed,7.479133682899766e-6,-5.12614870407743,1.702225880243691e-13,-12.768982810858699,0.2907729573883832,0.02965875251241734,0.7833426146278976,0.2611142048759658
pi,0.75,pi_0p750_gamma_0p25,π = 0.75 (AHP),0.75,0.25,105,35,34,diagnostic_only_hkt_gate_failed,9.63916801600373e-6,-5.015960449670997,2.1938424898560035e-13,-12.658794556452268,0.2888080925793121,0.02957027328991602,0.7777134578681884,0.2592378192893961
pi,0.75,pi_0p750_gamma_0p25,π = 0.75 (AHP),0.75,0.25,105,36,35,diagnostic_only_hkt_gate_failed,1.2403710245350662e-5,-4.906448387574595,2.8230430803709764e-13,-12.549282494355865,0.2868029922039962,0.029482354844000077,0.7719619120799883,0.2573206373599961
pi,0.75,pi_0p750_gamma_0p25,π = 0.75 (AHP),0.75,0.25,105,37,36,diagnostic_only_hkt_gate_failed,1.593576301103811e-5,-4.797627137489887,3.626926508994015e-13,-12.440461244271157,0.28475776165533984,0.029394780840703925,0.7660889424439079,0.25536298081463593
pi,0.75,pi_0p750_gamma_0p25,π = 0.75 (AHP),0.75,0.25,105,38,37,diagnostic_only_hkt_gate_failed,2.044036378030451e-5,-4.689511379262716,4.65215861938436e-13,-12.332345486043986,0.2826724246681014,0.02930734414523513,0.7600952415685989,0.25336508052286627
pi,0.75,pi_0p750_gamma_0p25,π = 0.75 (AHP),0.75,0.25,105,39,38,diagnostic_only_hkt_gate_failed,2.617484520073324e-5,-4.582115878079536,5.957307463821882e-13,-12.224949984860807,0.280546935566492,0.029219845978503137,0.7539812687639668,0.2513270895879889
pi,0.75,pi_0p750_gamma_0p25,π = 0.75 (AHP),0.75,0.25,105,40,39,diagnostic_only_hkt_gate_failed,3.3461429472598323e-5,-4.475455509912753,7.615709740345501e-13,-12.118289616694023,0.2783811791811853,0.02913209490377284,0.7477472528322375,0.2492490842774125
pi,0.75,pi_0p750_gamma_0p25,π = 0.75 (AHP),0.75,0.25,105,41,40,diagnostic_only_hkt_gate_failed,4.2702639015539646e-5,-4.3695452848234275,9.718978209087535e-13,-12.012379391604698,0.27617497783556977,0.02904390604407927,0.7413932153744716,0.24713107179149052
pi,0.75,pi_0p750_gamma_0p25,π = 0.75 (AHP),0.75,0.25,105,42,41,diagnostic_only_hkt_gate_failed,5.4400091562155624e-5,-4.264400369329293,1.2381279392886174e-12,-11.907234476110562,0.27392809475684127,0.028955100187698243,0.7349189837074291,0.24497299456914304
pi,0.75,pi_0p750_gamma_0p25,π = 0.75 (AHP),0.75,0.25,105,43,42,diagnostic_only_hkt_gate_failed,6.917734545901649e-5,-4.160036107175951,1.5744533091597392e-12,-11.80287021395722,0.2716402394282156,0.02886550306853341,0.7283242090790466,0.2427747363596822
pi,0.75,pi_0p750_gamma_0p25,π = 0.75 (AHP),0.75,0.25,105,44,43,diagnostic_only_hkt_gate_failed,8.780757045302935e-5,-4.056468039170882,1.9984710160778444e-12,-11.699302145952153,0.26931107099288887,0.028774944569922245,0.7216083792688999,0.24053612642296662
pi,0.75,pi_0p750_gamma_0p25,π = 0.75 (AHP),0.75,0.25,105,45,44,diagnostic_only_hkt_gate_failed,0.00011124694121704325,-3.953711921298239,2.5319432766734446e-12,-11.596546028079509,0.2669402039377947,0.028683258118850145,0.7147708374568338,0.23825694581894458
pi,0.75,pi_0p750_gamma_0p25,π = 0.75 (AHP),0.75,0.25,105,46,45,diagnostic_only_hkt_gate_failed,0.00014067478422123632,-3.851783742330701,3.201711168053922e-12,-11.494617849111972,0.2645272102068778,0.028590279886894162,0.707810790959951,0.23593693031998367
pi,0.75,pi_0p750_gamma_0p25,π = 0.75 (AHP),0.75,0.25,105,47,46,diagnostic_only_hkt_gate_failed,0.000177541653505965,-3.7506997397042734,4.040788816358444e-12,-11.393533846485544,0.2620716249100402,0.028495848259203187,0.7007273299525111,0.233575776650837
pi,0.75,pi_0p750_gamma_0p25,π = 0.75 (AHP),0.75,0.25,105,48,47,diagnostic_only_hkt_gate_failed,0.00022362666441547394,-3.6504764140321013,5.089668293413916e-12,-11.293310520813371,0.25957295090732435,0.028399803261802324,0.693519442936566,0.231173147645522
pi,0.75,pi_0p750_gamma_0p25,π = 0.75 (AHP),0.75,0.25,105,49,48,diagnostic_only_hkt_gate_failed,0.0002811055739756936,-3.551130542784997,6.397869103426136e-12,-11.193964649566269,0.25703066184196194,0.028301985909670247,0.6861860277968751,0.22872867593229168
pi,0.75,pi_0p750_gamma_0p25,π = 0.75 (AHP),0.75,0.25,105,50,49,diagnostic_only_hkt_gate_failed,0.0003526312590278174,-3.4526791922591387,8.025769838457251e-12,-11.095513299040409,0.25444420770649,0.028202237745112012,0.6787259098841341,0.22624196996137802
pi,0.75,pi_0p750_gamma_0p25,π = 0.75 (AHP),0.75,0.25,105,51,50,diagnostic_only_hkt_gate_failed,0.00044142840110936046,-3.355139728156074,1.0046763174737268e-11,-10.997973834937344,0.25181301943098144,0.028100400330709013,0.6711378573008175,0.22371261910027251
pi,0.75,pi_0p750_gamma_0p25,π = 0.75 (AHP),0.75,0.25,105,52,51,diagnostic_only_hkt_gate_failed,0.0005514043341324501,-3.258529824587863,1.2549778728849799e-11,-10.901363931369133,0.24913651397759493,0.02799631478730467,0.6634205975708707,0.2211401991902902
pi,0.75,pi_0p750_gamma_0p25,π = 0.75 (AHP),0.75,0.25,105,53,52,diagnostic_only_hkt_gate_failed,0.0006872781365887452,-3.162867471469799,1.5642221153258366e-11,-10.80570157825107,0.2464140995011796,0.027889821354004488,0.6555728344415254,0.21852427814717512
pi,0.75,pi_0p750_gamma_0p25,π = 0.75 (AHP),0.75,0.25,105,54,53,diagnostic_only_hkt_gate_failed,0.0008547301427089984,-3.0681709800453576,1.9453372960430032e-11,-10.711005086826628,0.24364518119460193,0.027780758996797363,0.6475932665934138,0.21586442219780458
pi,0.75,pi_0p750_gamma_0p25,π = 0.75 (AHP),0.75,0.25,105,55,54,diagnostic_only_hkt_gate_failed,0.0010605740920126016,-2.974458986149563,2.4138312589164023e-11,-10.617293092930833,0.24082916819944716,0.027668965095770562,0.6394806093110299,0.21316020310367662
pi,0.75,pi_0p750_gamma_0p25,π = 0.75 (AHP),0.75,0.25,105,56,55,diagnostic_only_hkt_gate_failed,0.0013129541140068776,-2.8817504516575383,2.9882397710645106e-11,-10.524584558438809,0.2379654791635975,0.02755427504792417,0.6312336123470199,0.2104112041156733
pi,0.75,pi_0p750_gamma_0p25,π = 0.75 (AHP),0.75,0.25,105,57,56,diagnostic_only_hkt_gate_failed,0.0016215686387210928,-2.7900646635269863,3.690636135751451e-11,-10.432898770308256,0.2350535494133792,0.027436521980078635,0.6228510822999016,0.20761702743330052
pi,0.75,pi_0p750_gamma_0p25,π = 0.75 (AHP),0.75,0.25,105,58,57,diagnostic_only_hkt_gate_failed,0.001997923109265963,-2.699421229755716,4.547206357743392e-11,-10.342255336536986,0.23209283995631252,0.027315536591211168,0.6143319100953041,0.20477730336510136
pi,0.75,pi_0p750_gamma_0p25,π = 0.75 (AHP),0.75,0.25,105,59,58,diagnostic_only_hkt_gate_failed,0.00245561301805531,-2.6098400729401354,5.5888933243086673e-11,-10.252674179721406,0.2290828444131181,0.027191146851071945,0.6056750926861385,0.20189169756204617
pi,0.75,pi_0p750_gamma_0p25,π = 0.75 (AHP),0.75,0.25,105,60,59,diagnostic_only_hkt_gate_failed,0.0030106382796440843,-2.521341420704894,6.852112307311441e-11,-10.164175527486163,0.22602309790176908,0.027063177836111094,0.5968797601969741,0.19895992006565802
pi,0.75,pi_0p750_gamma_0p25,π = 0.75 (AHP),0.75,0.25,105,61,60,diagnostic_only_hkt_gate_failed,0.0036817492551065004,-2.4339457923751158,8.379538503155008e-11,-10.076779899156385,0.2229131875456507,0.026931451684392496,0.5879452075837747,0.19598173586125822
pi,0.75,pi_0p750_gamma_0p25,π = 0.75 (AHP),0.75,0.25,105,62,61,diagnostic_only_hkt_gate_failed,0.0044908238258251475,-2.347673981894029,1.0220965240148906e-10,-9.9905080886753,0.21975276279243636,0.026795787540404598,0.5788709257560952,0.19295697525203173
pi,0.75,pi_0p750_gamma_0p25,π = 0.75 (AHP),0.75,0.25,105,63,62,diagnostic_only_hkt_gate_failed,0.005463273758347895,-2.2625470369444964,1.2434228851369266e-10,-9.905381143725766,0.2165415456581779,0.0266560015011599,0.5696566324710541,0.18988554415701803
pi,0.75,pi_0p750_gamma_0p25,π = 0.75 (AHP),0.75,0.25,105,64,63,diagnostic_only_hkt_gate_failed,0.006628477199604365,-2.1785862332498747,1.5086193019345942e-10,-9.821420340031144,0.21327934363091983,0.02651190676768175,0.5603023105897141,0.18676743686323805
pi,0.75,pi_0p750_gamma_0p25,π = 0.75 (AHP),0.75,0.25,105,65,64,diagnostic_only_hkt_gate_failed,0.008020232448880851,-2.0958130444585623,1.8253781545942416e-10,-9.738647151239832,0.2099660611881651,0.026363313712890434,0.550808242425824,0.18360274747527466
pi,0.75,pi_0p750_gamma_0p25,π = 0.75 (AHP),0.75,0.25,105,66,65,diagnostic_only_hkt_gate_failed,0.009677226222559928,-2.0142491064170023,2.2025044107284396e-10,-9.657083213198273,0.2066017143817688,0.02621003019934589,0.5411750525472686,0.18039168418242285
pi,0.75,pi_0p750_gamma_0p25,π = 0.75 (AHP),0.75,0.25,105,67,66,diagnostic_only_hkt_gate_failed,0.011643507410655302,-1.9339161760741241,2.6500234507831655e-10,-9.576750282855395,0.20318644442882805,0.02605186185982096,0.5314037477070213,0.17713458256900708
pi,0.75,pi_0p750_gamma_0p25,π = 0.75 (AHP),0.75,0.25,105,68,67,diagnostic_only_hkt_gate_failed,0.013968954914414466,-1.8548360843568836,3.1792875463157075e-10,-9.497670191138154,0.19972053280363677,0.025888612530430375,0.5214957608196191,0.17383192027320638
pi,0.75,pi_0p750_gamma_0p25,π = 0.75 (AHP),0.75,0.25,105,69,68,diagnostic_only_hkt_gate_failed,0.016709725562961696,-1.7770306828097866,3.803077804328648e-10,-9.419864789591058,0.1962044165321953,0.025720084761881545,0.5114529953109413,0.17048433177031377
pi,0.75,pi_0p750_gamma_0p25,π = 0.75 (AHP),0.75,0.25,105,70,69,diagnostic_only_hkt_gate_failed,0.019928665460125183,-1.700521783221701,4.535697788435716e-10,-9.343355890002972,0.1926387052279604,0.025546080534313884,0.5012778740809396,0.16709262469364652
pi,0.75,pi_0p750_gamma_0p25,π = 0.75 (AHP),0.75,0.25,105,71,70,diagnostic_only_hkt_gate_failed,0.023695665443278762,-1.6253310905397649,5.393054420108529e-10,-9.268165197321036,0.1890241968631006,0.025366401966315046,0.4909733846903568,0.16365779489678559
pi,0.75,pi_0p750_gamma_0p25,π = 0.75 (AHP),0.75,0.25,105,72,71,diagnostic_only_hkt_gate_failed,0.028087938880958098,-1.5514801285616284,6.392721204487459e-10,-9.1943142353429,0.18536189448628448,0.025180852207665135,0.4805431268358581,0.16018104227861935
pi,0.75,pi_0p750_gamma_0p25,π = 0.75 (AHP),0.75,0.25,105,73,72,diagnostic_only_hkt_gate_failed,0.03319019791825867,-1.478990157818834,7.553978343246483e-10,-9.121824264600104,0.18165302405865025,0.024989236555132507,0.46999136251055335,0.15666378750351778
pi,0.75,pi_0p750_gamma_0p25,π = 0.75 (AHP),0.75,0.25,105,74,73,diagnostic_only_hkt_gate_failed,0.039094702645863,-1.4078820857634793,8.897823925299552e-10,-9.05071619254475,0.17789905146531632,0.02479136366158753,0.4593230634111864,0.1531076878037288
pi,0.75,pi_0p750_gamma_0p25,π = 0.75 (AHP),0.75,0.25,105,75,74,diagnostic_only_hkt_gate_failed,0.045901156752508075,-1.3381763696936533,1.0446950177650503e-9,-8.981010476474923,0.17410169782594145,0.0245870467932679,0.44854395309802075,0.14951465103267358
pi,0.75,pi_0p750_gamma_0p25,π = 0.75 (AHP),0.75,0.25,105,76,75,diagnostic_only_hkt_gate_failed,0.05371642341320234,-1.269892911558429,1.2225678802498585e-9,-8.9127270183397,0.17026295661420832,0.024376105450357413,0.43766055349155275,0.14588685116385092
pi,0.75,pi_0p750_gamma_0p25,π = 0.75 (AHP),0.75,0.25,105,77,76,diagnostic_only_hkt_gate_failed,0.0626540363159084,-1.2030509455276042,1.4259849688542642e-9,-8.845885052308875,0.16638510784598154,0.024158366996017807,0.42668022254989124,0.14222674084996373
pi,0.75,pi_0p750_gamma_0p25,π = 0.75 (AHP),0.75,0.25,105,78,77,diagnostic_only_hkt_gate_failed,0.07283348342959883,-1.137668918412132,1.6576657898979352e-9,-8.780503025193402,0.16247073153219596,0.023933668501069722,0.4156111890933788,0.13853706303112626
pi,0.75,pi_0p750_gamma_0p25,π = 0.75 (AHP),0.75,0.25,105,79,78,diagnostic_only_hkt_gate_failed,0.08437924527020957,-1.0737643634818599,1.9204434784042013e-9,-8.716598470263131,0.15852271917998959,0.02370185873972728,0.40446258132078694,0.1348208604402623
pi,0.75,pi_0p750_gamma_0p25,π = 0.75 (AHP),0.75,0.25,105,80,79,diagnostic_only_hkt_gate_failed,0.09741957522409893,-1.0113537684024347,2.217237038668807e-9,-8.654187875183705,0.1545442829232474,0.023462800323124967,0.3932444478003674,0.13108148260012245
pi,0.75,pi_0p750_gamma_0p25,π = 0.75 (AHP),0.75,0.25,105,81,80,diagnostic_only_hkt_gate_failed,0.11208501691623561,-0.9504524383015582,2.5510176000543724e-9,-8.59328654508283,0.15053896158345015,0.023216371950388177,0.38196776889918604,0.127322589633062
pi,0.75,pi_0p750_gamma_0p25,π = 0.75 (AHP),0.75,0.25,105,82,81,diagnostic_only_hkt_gate_failed,0.1285066626405735,-0.8910743550328867,2.92476877944663e-9,-8.533908461814157,0.14651062359753492,0.022962470782554617,0.3706444584449409,0.1235481528149803
pi,0.75,pi_0p750_gamma_0p25,π = 0.75 (AHP),0.75,0.25,105,83,82,diagnostic_only_hkt_gate_failed,0.1468141672940236,-0.8332320337881866,3.3414414790540164e-9,-8.476066140569458,0.14246346669709434,0.022701014957537756,0.3592873552186699,0.11976245173955663
pi,0.75,pi_0p750_gamma_0p25,π = 0.75 (AHP),0.75,0.25,105,84,83,diagnostic_only_hkt_gate_failed,0.16713354341737655,-0.7769363791962878,3.803903702274594e-9,-8.419770485977558,0.1384020118621077,0.022431946028010293,0.3479101975022923,0.11597006583409743
pi,0.75,pi_0p750_gamma_0p25,π = 0.75 (AHP),0.75,0.25,105,85,84,diagnostic_only_hkt_gate_failed,0.1895847750930633,-0.722196542306815,4.314886246804854e-9,-8.365030649088085,0.13433109366693743,0.022155231518880766,0.33652758644417,0.11217586214805667
pi,0.75,pi_0p750_gamma_0p25,π = 0.75 (AHP),0.75,0.25,105,86,85,diagnostic_only_hkt_gate_failed,0.2142793002570872,-0.6690197805135798,4.8769254028991024e-9,-8.31185388729485,0.1302558454490971,0.02187086745299509,0.325154933988306,0.108384977996102
pi,0.75,pi_0p750_gamma_0p25,π = 0.75 (AHP),0.75,0.25,105,87,86,diagnostic_only_hkt_gate_failed,0.2413174220162907,-0.6174113228802466,5.492304035813862e-9,-8.260245429661516,0.12618167842980554,0.02157888073430023,0.3138083930865158,0.10460279769550526
pi,0.75,pi_0p750_gamma_0p25,π = 0.75 (AHP),0.75,0.25,105,88,87,diagnostic_only_hkt_gate_failed,0.27078571942591445,-0.5673742430077919,6.1629926559687455e-9,-8.210208349789063,0.12211425583534698,0.021279331452385194,0.3025047731488854,0.1008349243829618
pi,0.75,pi_0p750_gamma_0p25,π = 0.75 (AHP),0.75,0.25,105,89,88,diagnostic_only_hkt_gate_failed,0.30275453538038816,-0.5189093422363635,6.89059224417873e-9,-8.161743449017633,0.11805946052934391,0.02097231490263518,0.2912614368801262,0.09708714562670873
pi,0.75,pi_0p750_gamma_0p25,π = 0.75 (AHP),0.75,0.25,105,90,89,diagnostic_only_hkt_gate_failed,0.33727562405321737,-0.4720150454746683,7.676280708170647e-9,-8.114849152255939,0.11402335766648732,0.020657963403515278,0.280096182788916,0.093365394262972
pi,0.75,pi_0p750_gamma_0p25,π = 0.75 (AHP),0.75,0.25,105,91,90,diagnostic_only_hkt_gate_failed,0.3743800412416741,-0.4266873122033071,8.520764867532016e-9,-8.069521418984579,0.11001215190873737,0.02033644776814805,0.26902711242176797,0.08967570414058931
pi,0.75,pi_0p750_gamma_0p25,π = 0.75 (AHP),0.75,0.25,105,92,91,diagnostic_only_hkt_gate_failed,0.41407635753015154,-0.3829195656514922,9.424239785905025e-9,-8.025753672432762,0.10603213824332107,0.02000797820901144,0.25807248010292894,0.08602416003430964
pi,0.75,pi_0p750_gamma_0p25,π = 0.75 (AHP),0.75,0.25,105,93,92,diagnostic_only_hkt_gate_failed,0.45634926741967574,-0.340702642308918,1.0386357115237971e-8,-7.983536749090188,0.10208964873452367,0.01967280478764927,0.2472505318406232,0.0824168439468744
pi,0.75,pi_0p750_gamma_0p25,π = 0.75 (AHP),0.75,0.25,105,94,93,diagnostic_only_hkt_gate_failed,0.5011586554557318,-0.3000247645894325,1.1406203841166321e-8,-7.942858871370702,0.09819099368652585,0.01933121708388545,0.2365793298079212,0.0788597766026404
pi,0.75,pi_0p750_gamma_0p25,π = 0.75 (AHP),0.75,0.25,105,95,94,diagnostic_only_hkt_gate_failed,0.5484391649389199,-0.26087153909492816,1.2482292467010798e-8,-7.903705645876199,0.09434239829738783,0.018983543013078894,0.22607656585292685,0.07535885528430894
pi,0.75,pi_0p750_gamma_0p25,π = 0.75 (AHP),0.75,0.25,105,96,95,diagnostic_only_hkt_gate_failed,0.5981002943886848,-0.2232259838253952,1.3612563209260015e-8,-7.866060090606666,0.09054993265350732,0.01863014632104371,0.21575935899739082,0.0719197863324636
pi,0.75,pi_0p750_gamma_0p25,π = 0.75 (AHP),0.75,0.25,105,97,96,diagnostic_only_hkt_gate_failed,0.6500270241726616,-0.18706858765699602,1.4794398259445108e-8,-7.829902694438266,0.08681943525383289,0.018271422503437402,0.20564403825118646,0.06854801275039549
pi,0.75,pi_0p750_gamma_0p25,π = 0.75 (AHP),0.75,0.25,105,98,97,diagnostic_only_hkt_gate_failed,0.7040809477337808,-0.15237740743012723,1.6024647530491368e-8,-7.795211514211398,0.08315642511927523,0.017907792212742753,0.19574589871959747,0.06524863290653249
pi,0.75,pi_0p750_gamma_0p25,π = 0.75 (AHP),0.75,0.25,105,99,98,diagnostic_only_hkt_gate_failed,0.7601018505328279,-0.11912821013930738,1.7299664592924458e-8,-7.761962316920578,0.07956599731800855,0.017539691035713414,0.18607891884688538,0.06202630628229512
pi,0.75,pi_0p750_gamma_0p25,π = 0.75 (AHP),0.75,0.25,105,100,99,diagnostic_only_hkt_gate_failed,0.81790964179364,-0.08729467216970659,1.8615350640746653e-8,-7.730128778950976,0.07605269112328719,0.017167553601004314,0.17665541256684866,0.05888513752228289
pi,0.75,pi_0p750_gamma_0p25,π = 0.75 (AHP),0.75,0.25,105,101,100,diagnostic_only_hkt_gate_failed,0.877306496421997,-0.05684865469503409,1.996720324079614e-8,-7.699682761476305,0.07262031353255878,0.016791788738057405,0.16748557438350417,0.055828524794501386
pi,0.75,pi_0p750_gamma_0p25,π = 0.75 (AHP),0.75,0.25,105,102,101,diagnostic_only_hkt_gate_failed,0.938079000252979,-0.02776058600343395,2.1350365157861924e-8,-7.670594692784704,0.06927169020044455,0.01641274032750941,0.15857684961880544,0.05285894987293514
pi,0.75,pi_0p750_gamma_0p25,π = 0.75 (AHP),0.75,0.25,105,103,102,diagnostic_only_hkt_gate_failed,1.0,0.0,2.275966645890612e-8,-7.642834106781271,0.06600829965314468,0.01603062515548173,0.1499330234929889,0.049977674497662966
pi,0.75,pi_0p750_gamma_0p25,π = 0.75 (AHP),0.75,0.25,105,104,103,diagnostic_only_hkt_gate_failed,,,,,0.06282972247589512,0.01564543382000179,0.14155286596768002,0.04718428865589334
pi,0.75,pi_0p750_gamma_0p25,π = 0.75 (AHP),0.75,0.25,105,105,104,diagnostic_only_hkt_gate_failed,,,,,0.059732802227753165,0.015256772571777457,0.13342808896792713,0.044476029655975705
pi,0.8,pi_0p800_gamma_0p25,π = 0.8,0.8,0.25,105,1,0,diagnostic_only_hkt_gate_failed,9.045493313472991e-8,-7.043567743068736,5.986025161126148e-13,-12.222861462017162,0.0,0.0,0.0,0.0
pi,0.8,pi_0p800_gamma_0p25,π = 0.8,0.8,0.25,105,2,1,diagnostic_only_hkt_gate_failed,1.1304550256063135e-7,-6.946746711089109,7.480998539595118e-13,-12.126040430037536,0.24974391824770303,0.0347332958767526,0.8600424894838019,0.21501062237095042
pi,0.8,pi_0p800_gamma_0p25,π = 0.8,0.8,0.25,105,3,2,diagnostic_only_hkt_gate_failed,1.4130729142926754e-7,-6.8498354280608815,9.351275520664907e-13,-12.029129147009309,0.2500036554172357,0.03443868348018789,0.8622598877481912,0.21556497193704774
pi,0.8,pi_0p800_gamma_0p25,π = 0.8,0.8,0.25,105,4,3,diagnostic_only_hkt_gate_failed,1.7665327127434777e-7,-6.7528783158671555,1.169036215049153e-12,-11.932172034815583,0.2501355697046459,0.034155159396191626,0.8639216412338171,0.21598041030845422
pi,0.8,pi_0p800_gamma_0p25,π = 0.8,0.8,0.25,105,5,4,diagnostic_only_hkt_gate_failed,2.2084292509199821e-7,-6.655916509209399,1.4614695522336629e-12,-11.835210228157827,0.2501490829967291,0.0338831865296303,0.8650635858683955,0.21626589646709882
pi,0.8,pi_0p800_gamma_0p25,π = 0.8,0.8,0.25,105,6,5,diagnostic_only_hkt_gate_failed,2.7606535884952524e-7,-6.558988085951684,1.826914383682289e-12,-11.738281804900112,0.25005299008117465,0.03362298531828508,0.8657200190515586,0.2164300047628896
pi,0.8,pi_0p800_gamma_0p25,π = 0.8,0.8,0.25,105,7,6,diagnostic_only_hkt_gate_failed,3.4504178689046815e-7,-6.4621283057470436,2.2833788566178896e-12,-11.64142202469547,0.24985542673081268,0.033374577223984465,0.865923398027313,0.2164808495068282
pi,0.8,pi_0p800_gamma_0p25,π = 0.8,0.8,0.25,105,8,7,diagnostic_only_hkt_gate_failed,4.3115174906615665e-7,-6.3653698477443985,2.8532277110076574e-12,-11.544663566692826,0.24956386573265515,0.03313782358377857,0.8657041685955067,0.21642604214887662
pi,0.8,pi_0p800_gamma_0p25,π = 0.8,0.8,0.25,105,9,8,diagnostic_only_hkt_gate_failed,5.385883545550014e-7,-6.268743041208911,3.5642096347069463e-12,-11.448036760157338,0.24918513196698083,0.032912459573151955,0.8650906895753155,0.21627267239382883
pi,0.8,pi_0p800_gamma_0p25,π = 0.8,0.8,0.25,105,10,9,diagnostic_only_hkt_gate_failed,6.725489764600152e-7,-6.172276083917616,4.450719220789022e-12,-11.351569802866045,0.2487254333890974,0.03269812365244524,0.8641092389466088,0.21602730973665216
pi,0.8,pi_0p800_gamma_0p25,π = 0.8,0.8,0.25,105,11,10,diagnostic_only_hkt_gate_failed,8.394691730845145e-7,-6.0759952473580965,5.555344985539876e-12,-11.255288966306523,0.24819039574350402,0.032494382176195,0.8627840542692362,0.215696013567309
pi,0.8,pi_0p800_gamma_0p25,π = 0.8,0.8,0.25,105,12,11,diagnostic_only_hkt_gate_failed,1.047309234851318e-6,-5.979925066973858,6.930765646536878e-12,-11.159218785922285,0.2475851030992886,0.03230075004960424,0.8611374121987376,0.21528435304968435
pi,0.8,pi_0p800_gamma_0p25,π = 0.8,0.8,0.25,105,13,12,diagnostic_only_hkt_gate_failed,1.3059046945865645e-6,-5.884088516878299,8.642069690311396e-12,-11.063382235826726,0.2469141406663505,0.032116707804684876,0.8591897314466628,0.21479743286166564
pi,0.8,pi_0p800_gamma_0p25,π = 0.8,0.8,0.25,105,14,13,diagnostic_only_hkt_gate_failed,1.6273944495149526e-6,-5.788507169567601,1.076958855009452e-11,-10.96780088851603,0.2461816365781332,0.031941715423042506,0.856959684620363,0.2142399211550907
pi,0.8,pi_0p800_gamma_0p25,π = 0.8,0.8,0.25,105,15,14,diagnostic_only_hkt_gate_failed,2.0267428908168095e-6,-5.693201341677872,1.341235189626697e-11,-10.8724950606263,0.24539130105850165,0.03177522332222494,0.854464310945107,0.2136160777362767
pi,0.8,pi_0p800_gamma_0p25,π = 0.8,0.8,0.25,105,16,15,diagnostic_only_hkt_gate_failed,2.5223757007636016e-6,-5.598190226003853,1.6692295143366704e-11,-10.77748394495228,0.24454646526330837,0.03161668116878547,0.8517191363780919,0.21292978409452293
pi,0.8,pi_0p800_gamma_0p25,π = 0.8,0.8,0.25,105,17,16,diagnostic_only_hkt_gate_failed,3.136952830782795e-6,-5.503492011581107,2.075937477767257e-11,-10.682785730529535,0.24365011518036112,0.03146554454545811,0.8487382825396123,0.212184570634903
pi,0.8,pi_0p800_gamma_0p25,π = 0.8,0.8,0.25,105,18,17,diagnostic_only_hkt_gate_failed,3.898306733617797e-6,-5.409123991930391,2.579777728481248e-11,-10.588417710878819,0.24270492541802496,0.031321280209736055,0.845534580833156,0.21138364520828895
pi,0.8,pi_0p800_gamma_0p25,π = 0.8,0.8,0.25,105,19,18,diagnostic_only_hkt_gate_failed,4.840579269645634e-6,-5.315102663447076,3.203344284094022e-11,-10.494396382395504,0.24171328743886883,0.031183369788015076,0.8421196706034153,0.21052991765085377
pi,0.8,pi_0p800_gamma_0p25,π = 0.8,0.8,0.25,105,20,19,diagnostic_only_hkt_gate_failed,6.005597000554756e-6,-5.221443814046366,3.9743166577060604e-11,-10.400737532994794,0.2406773375688166,0.031051312578451205,0.8385040999614619,0.20962602499036542
pi,0.8,pi_0p800_gamma_0p25,π = 0.8,0.8,0.25,105,21,20,diagnostic_only_hkt_gate_failed,7.444531914740496e-6,-5.128162603920683,4.92655887413766e-11,-10.307456322869111,0.2395989797605158,0.03092462725248422,0.8346974100321267,0.20867435250803162
pi,0.8,pi_0p800_gamma_0p25,π = 0.8,0.8,0.25,105,22,21,diagnostic_only_hkt_gate_failed,9.219903195115625e-6,-5.035273638821405,6.101444177389948e-11,-10.214567357769832,0.23847990722691512,0.030802852952916432,0.830708217095995,0.20767705427399868
pi,0.8,pi_0p800_gamma_0p25,π = 0.8,0.8,0.25,105,23,22,diagnostic_only_hkt_gate_failed,1.1407985586155386e-5,-4.942791036217414,7.549448812789131e-11,-10.12208475516584,0.2373216230945816,0.030685549928084838,0.8265442926659874,0.2066360731664968
pi,0.8,pi_0p800_gamma_0p25,π = 0.8,0.8,0.25,105,24,23,diagnostic_only_hkt_gate_failed,1.4101701384425536e-5,-4.850728486118294,9.332065856057609e-11,-10.030022205066722,0.23612545597350793,0.030572299472958017,0.8222126260021996,0.20555315650054984
pi,0.8,pi_0p800_gamma_0p25,π = 0.8,0.8,0.25,105,25,24,diagnostic_only_hkt_gate_failed,1.7414086352582667e-5,-4.759099306301387,1.1524098847026846e-10,-9.938393025249814,0.23489257628270788,0.030462703737254477,0.8177194901818139,0.20442987254545342
pi,0.8,pi_0p800_gamma_0p25,π = 0.8,0.8,0.25,105,26,25,diagnostic_only_hkt_gate_failed,2.148243505099259e-5,-4.667916492559489,1.4216405040724831e-10,-9.847210211507916,0.23362401081734255,0.030356385263952592,0.81307050221356,0.20326762555338995
pi,0.8,pi_0p800_gamma_0p25,π = 0.8,0.8,0.25,105,27,26,diagnostic_only_hkt_gate_failed,2.6473248411585158e-5,-4.5771927651335425,1.751916955733699e-10,-9.75648648408197,0.2323206540015573,0.03025298617826262,0.8082706712931789,0.20206766782329466
pi,0.8,pi_0p800_gamma_0p25,π = 0.8,0.8,0.25,105,28,27,diagnostic_only_hkt_gate_failed,3.258812612917044e-5,-4.486940611463618,2.1565804782875786e-10,-9.666234330412045,0.23098327876186492,0.030152167311346283,0.8033244458020748,0.20083111145051866
pi,0.8,pi_0p800_gamma_0p25,π = 0.8,0.8,0.25,105,29,28,diagnostic_only_hkt_gate_failed,4.007076878133925e-5,-4.397172325291518,2.6517584153591024e-10,-9.576466044239945,0.2296125472974306,0.03005360731358386,0.7982357599353871,0.19955893998384672
pi,0.8,pi_0p800_gamma_0p25,π = 0.8,0.8,0.25,105,30,29,diagnostic_only_hkt_gate_failed,4.9215279659184654e-5,-4.307900042731477,3.256913604843808e-10,-9.487193761679904,0.22820902009007601,0.029957001639950083,0.7930080738005039,0.1982520184501259
pi,0.8,pi_0p800_gamma_0p25,π = 0.8,0.8,0.25,105,31,30,diagnostic_only_hkt_gate_failed,6.037598429227559e-5,-4.219135776004913,3.9954942044233926e-10,-9.39842949495334,0.22677316293595542,0.029862061408355216,0.7876444061104011,0.19691110152760022
pi,0.8,pi_0p800_gamma_0p25,π = 0.8,0.8,0.25,105,32,31,diagnostic_only_hkt_gate_failed,7.397901687754058e-5,-4.130891444411489,4.895700445267442e-10,-9.310185163359916,0.22530535517920028,0.0297685124051913,0.782147371096036,0.19553684277400896
pi,0.8,pi_0p800_gamma_0p25,π = 0.8,0.8,0.25,105,33,32,diagnostic_only_hkt_gate_failed,9.05359569633608e-5,-4.043178903564066,5.991387065226092e-10,-9.222472622512493,0.2238058950313902,0.029676093910268136,0.7765192044844885,0.19412980112112208
pi,0.8,pi_0p800_gamma_0p25,π = 0.8,0.8,0.25,105,34,33,diagnostic_only_hkt_gate_failed,0.00011065983742583542,-3.956009972158324,7.323122666737645e-10,-9.135303691106753,0.22227500694137098,0.02958455774983422,0.7707617967661471,0.19269044919153672
pi,0.8,pi_0p800_gamma_0p25,π = 0.8,0.8,0.25,105,35,34,diagnostic_only_hkt_gate_failed,0.00013508388507123766,-3.8693964573589765,8.939429911408956e-10,-9.048690176307403,0.22071284590284457,0.029493667162734036,0.7648767149604422,0.1912191787401105
pi,0.8,pi_0p800_gamma_0p25,π = 0.8,0.8,0.25,105,36,35,diagnostic_only_hkt_gate_failed,0.00016468339901063624,-3.783350177888243,1.089823336256438e-9,-8.96264389683667,0.21911950432717367,0.0294031958917642,0.758865233741638,0.18971630843540943
pi,0.8,pi_0p800_gamma_0p25,π = 0.8,0.8,0.25,105,37,36,diagnostic_only_hkt_gate_failed,0.00020050121702098892,-3.697882986914643,1.3268544769541582e-9,-8.87717670586307,0.21749501301002133,0.02931292710384836,0.7527283436246922,0.188182085906173
pi,0.8,pi_0p800_gamma_0p25,π = 0.8,0.8,0.25,105,38,37,diagnostic_only_hkt_gate_failed,0.00024377726920234193,-3.613006792237835,1.6132418836486476e-9,-8.792300511186262,0.21583934912885153,0.029222652441858905,0.7464667867479705,0.1866166966869926
pi,0.8,pi_0p800_gamma_0p25,π = 0.8,0.8,0.25,105,39,38,diagnostic_only_hkt_gate_failed,0.0002959827659472791,-3.5287335756704397,1.958721567546947e-9,-8.708027294618867,0.21415243888717583,0.02913217122046256,0.7400810706668532,0.18502026766671328
pi,0.8,pi_0p800_gamma_0p25,π = 0.8,0.8,0.25,105,40,39,diagnostic_only_hkt_gate_failed,0.0003588596165500685,-3.4450754112578585,2.3748209407011505e-9,-8.624369130206286,0.21243416116325117,0.029041289491179418,0.7335714866882871,0.18339287167207174
pi,0.8,pi_0p800_gamma_0p25,π = 0.8,0.8,0.25,105,41,40,diagnostic_only_hkt_gate_failed,0.0004344657221096415,-3.362044482243793,2.875158550304221e-9,-8.54133820119222,0.21068435140855218,0.02894981923581026,0.7269381286909681,0.181734532172742
pi,0.8,pi_0p800_gamma_0p25,π = 0.8,0.8,0.25,105,42,41,diagnostic_only_hkt_gate_failed,0.0005252268301150484,-3.2796530969898394,3.4757872361524932e-9,-8.458946815938265,0.2089028049547776,0.028857577563027655,0.7201809095669999,0.18004522739174994
pi,0.8,pi_0p800_gamma_0p25,π = 0.8,0.8,0.25,105,43,42,diagnostic_only_hkt_gate_failed,0.0006339956769147315,-3.1979137034723335,4.195585517048671e-9,-8.37720742242076,0.20708928136031798,0.02876438603599542,0.7132995812972902,0.17832489532432252
pi,0.8,pi_0p800_gamma_0p25,π = 0.8,0.8,0.25,105,44,43,diagnostic_only_hkt_gate_failed,0.0007641191728674781,-3.1168389030963546,5.056702201162131e-9,-8.296132622044782,0.2052435066844268,0.028670069867936316,0.7062937472659618,0.17657343681649043
pi,0.8,pi_0p800_gamma_0p25,π = 0.8,0.8,0.25,105,45,44,diagnostic_only_hkt_gate_failed,0.0009195144044243403,-3.0364414630403607,6.085059344086454e-9,-8.215735181988787,0.2033651779390865,0.028574457339650555,0.699162882397744,0.17479072059943598
pi,0.8,pi_0p800_gamma_0p25,π = 0.8,0.8,0.25,105,46,45,diagnostic_only_hkt_gate_failed,0.0011047542274495625,-2.95673432789239,7.3109186787232e-9,-8.136028046840819,0.20145396541252766,0.028477379070286156,0.6919063453689661,0.1729765863422415
pi,0.8,pi_0p800_gamma_0p25,π = 0.8,0.8,0.25,105,47,46,diagnostic_only_hkt_gate_failed,0.0013251632103790981,-2.8777306296502747,8.769516537160928e-9,-8.057024348598702,0.1995095175497741,0.02837866753585253,0.6845234000556863,0.17113085001392156
pi,0.8,pi_0p800_gamma_0p25,π = 0.8,0.8,0.25,105,48,47,diagnostic_only_hkt_gate_failed,0.0015869246388072731,-2.7994436968918235,1.0501771973632818e-8,-7.97873741584025,0.19753146357971368,0.028278156421397735,0.6770132286332639,0.16925330715831594
pi,0.8,pi_0p800_gamma_0p25,π = 0.8,0.8,0.25,105,49,48,diagnostic_only_hkt_gate_failed,0.0018971992214882195,-2.7218870622319726,1.2555072323785819e-8,-7.901180781180399,0.19551941856177057,0.028175680201620996,0.6693749534405983,0.16734373836014954
pi,0.8,pi_0p800_gamma_0p25,π = 0.8,0.8,0.25,105,50,49,diagnostic_only_hkt_gate_failed,0.0022642560191551333,-2.6450744690826578,1.4984139650742808e-8,-7.824368188031085,0.19347298560400183,0.028071073497214296,0.6616076484271504,0.16540191210678756
pi,0.8,pi_0p800_gamma_0p25,π = 0.8,0.8,0.25,105,51,50,diagnostic_only_hkt_gate_failed,0.0026976159674424226,-2.569019876417892,1.785198053500748e-8,-7.7483135953663185,0.19139176162993693,0.0279641707562752,0.6537103634946471,0.16342759087366174
pi,0.8,pi_0p800_gamma_0p25,π = 0.8,0.8,0.25,105,52,51,diagnostic_only_hkt_gate_failed,0.00320820814947143,-2.4937374623223314,2.123092023766306e-8,-7.673031181270758,0.18927534096452348,0.02785480576049766,0.6456821408161035,0.16142053520402586
pi,0.8,pi_0p800_gamma_0p25,π = 0.8,0.8,0.25,105,53,52,diagnostic_only_hkt_gate_failed,0.00380853871267648,-2.4192416255724143,2.5203720539207554e-8,-7.598535344520842,0.18712332094286246,0.027742811316604932,0.6375220385050302,0.15938050962625752
pi,0.8,pi_0p800_gamma_0p25,π = 0.8,0.8,0.25,105,54,53,diagnostic_only_hkt_gate_failed,0.0045128719857895445,-2.345546985702927,2.986477831523107e-8,-7.5248407046513535,0.1849353062287998,0.027628018845144094,0.629229149534623,0.1573072873836557
pi,0.8,pi_0p800_gamma_0p25,π = 0.8,0.8,0.25,105,55,54,diagnostic_only_hkt_gate_failed,0.005337422952175261,-2.2726683811353765,3.532139926487456e-8,-7.451962100083804,0.1827109142431079,0.027510258074662865,0.6208026246737802,0.15520065616844503
pi,0.8,pi_0p800_gamma_0p25,π = 0.8,0.8,0.25,105,56,55,diagnostic_only_hkt_gate_failed,0.006300559758592177,-2.2006208649482226,4.1695138050609036e-8,-7.37991458389665,0.18044978167308084,0.02738935684192886,0.612241699324608,0.15306042483115198
pi,0.8,pi_0p800_gamma_0p25,π = 0.8,0.8,0.25,105,57,56,diagnostic_only_hkt_gate_failed,0.007423014373102607,-2.1294196985267835,4.91231923665341e-8,-7.308713417475212,0.17815157026004222,0.027265140833148897,0.6035457177075733,0.1508864294268933
pi,0.8,pi_0p800_gamma_0p25,π = 0.8,0.8,0.25,105,58,57,diagnostic_only_hkt_gate_failed,0.008728098873339305,-2.059080342632541,5.775983426662425e-8,-7.238374061580969,0.1758159737593518,0.027137433438451437,0.5947141612836016,0.14867854032090036
pi,0.8,pi_0p800_gamma_0p25,π = 0.8,0.8,0.25,105,59,58,diagnostic_only_hkt_gate_failed,0.010241924122361004,-1.989618445974966,6.777785729328971e-8,-7.168912164923393,0.17344272458299023,0.027006055584132497,0.5857466759954311,0.14643666899885774
pi,0.8,pi_0p800_gamma_0p25,π = 0.8,0.8,0.25,105,60,59,diagnostic_only_hkt_gate_failed,0.011993616821704115,-1.9210498303421422,7.937001286672947e-8,-7.100343549290569,0.17103160289175323,0.026870825806319894,0.5766431083417334,0.14416077708543332
pi,0.8,pi_0p800_gamma_0p25,π = 0.8,0.8,0.25,105,61,60,diagnostic_only_hkt_gate_failed,0.014015530045105707,-1.8533904732649724,9.275040353140262e-8,-7.032684192213399,0.1685824429326986,0.026731560080950397,0.5674035314069931,0.14185088285174824
pi,0.8,pi_0p800_gamma_0p25,π = 0.8,0.8,0.25,105,62,61,diagnostic_only_hkt_gate_failed,0.01634344151620483,-1.786656486719132,1.0815579509597061e-7,-6.96595020566756,0.16609514328800123,0.02658807203559188,0.5580282850096375,0.13950707125240935
pi,0.8,pi_0p800_gamma_0p25,π = 0.8,0.8,0.25,105,63,62,diagnostic_only_hkt_gate_failed,0.019016732938582,-1.720864092478471,1.2584680338353139e-7,-6.900157811426898,0.16356967531756073,0.02644017302222678,0.548518009181336,0.13712950229533397
pi,0.8,pi_0p800_gamma_0p25,π = 0.8,0.8,0.25,105,64,63,diagnostic_only_hkt_gate_failed,0.02207854283014139,-1.6560295931580504,1.4610890564185735e-7,-6.835323312106477,0.1610060940250917,0.026287672447239775,0.5388736863114078,0.1347184215778519
pi,0.8,pi_0p800_gamma_0p25,π = 0.8,0.8,0.25,105,65,64,diagnostic_only_hkt_gate_failed,0.025575884397498305,-1.5921693397345715,1.6925322059930547e-7,-6.771463058682999,0.1584045466344087,0.02613037792439991,0.5290966748400353,0.1322741687100088
pi,0.8,pi_0p800_gamma_0p25,π = 0.8,0.8,0.25,105,66,65,diagnostic_only_hkt_gate_failed,0.02955971931461298,-1.5292996941166395,1.9561699670878686e-7,-6.708593413065066,0.15576528479712498,0.02596809583013978,0.5191887558679408,0.12979718896698517
pi,0.8,pi_0p800_gamma_0p25,π = 0.8,0.8,0.25,105,67,66,diagnostic_only_hkt_gate_failed,0.0340849775941154,-1.467436987150496,2.2556374364999428e-7,-6.646730706098923,0.15308867554995173,0.025800631805202433,0.5091521749789973,0.1272880437447493
pi,0.8,pi_0p800_gamma_0p25,π = 0.8,0.8,0.25,105,68,67,diagnostic_only_hkt_gate_failed,0.03921051334039353,-1.4065974719196126,2.594829395171482e-7,-6.58589119086804,0.15037521242680896,0.02562779134527178,0.4989896843261489,0.12474742108153719
pi,0.8,pi_0p800_gamma_0p25,π = 0.8,0.8,0.25,105,69,68,diagnostic_only_hkt_gate_failed,0.044998986037380444,-1.3467972720764738,2.9778924521862443e-7,-6.526090991024901,0.14762552702985896,0.025449380533530942,0.4887045859853122,0.12217614649632802
pi,0.8,pi_0p800_gamma_0p25,π = 0.8,0.8,0.25,105,70,69,diagnostic_only_hkt_gate_failed,0.05151665724217379,-1.288052324770464,3.409211590587779e-7,-6.467346043718892,0.14484040150102834,0.025265206980286305,0.4783007780829683,0.11957519452074204
pi,0.8,pi_0p800_gamma_0p25,π = 0.8,0.8,0.25,105,71,70,diagnostic_only_hkt_gate_failed,0.05883309310999234,-1.2303783182743095,3.893390481409517e-7,-6.4096720372227365,0.1420207804521328,0.02507508084316614,0.46778279843586673,0.11694569960896666
pi,0.8,pi_0p800_gamma_0p25,π = 0.8,0.8,0.25,105,72,71,diagnostic_only_hkt_gate_failed,0.0670207641719992,-1.173790624638759,4.4352249982201837e-7,-6.353084343587186,0.13916778175676509,0.024878815884871647,0.45715586348757375,0.11428896587189341
pi,0.8,pi_0p800_gamma_0p25,π = 0.8,0.8,0.25,105,73,72,diagnostic_only_hkt_gate_failed,0.07615453545754859,-1.1183042267267478,5.039669475005467e-7,-6.297597945675175,0.13628270877528176,0.02467623086390927,0.44642591164549017,0.11160647791137251
pi,0.8,pi_0p800_gamma_0p25,π = 0.8,0.8,0.25,105,74,73,diagnostic_only_hkt_gate_failed,0.08631104200526415,-1.0639336402616988,5.711795379440253e-7,-6.243227359210126,0.13336706063130244,0.024467150932623347,0.43559963879471647,0.10889990969867909
pi,0.8,pi_0p800_gamma_0p25,π = 0.8,0.8,0.25,105,75,74,diagnostic_only_hkt_gate_failed,0.09756794751881585,-1.0106928309189156,6.45674225304165e-7,-6.189986549867342,0.13042254214547827,0.024251409231180462,0.42468453165719133,0.1061711329142978
pi,0.8,pi_0p800_gamma_0p25,π = 0.8,0.8,0.25,105,76,75,diagnostic_only_hkt_gate_failed,0.11000308707764091,-0.9585951268238471,7.279660978440178e-7,-6.137888845772275,0.12745107256076021,0.02402884861812234,0.4136888957705516,0.10342222394263788
pi,0.8,pi_0p800_gamma_0p25,π = 0.8,0.8,0.25,105,77,76,diagnostic_only_hkt_gate_failed,0.12369349849713993,-0.9076531268948906,8.185649677820744e-7,-6.086946845843318,0.12445479288991451,0.02379932354375346,0.40262187738464433,0.10065546934616106
pi,0.8,pi_0p800_gamma_0p25,π = 0.8,0.8,0.25,105,78,77,diagnostic_only_hkt_gate_failed,0.13871435101807955,-0.857878605649512,9.179682816930843e-7,-6.03717232459794,0.1214360714462849,0.02356270203854542,0.39149347763095804,0.09787336940773948
pi,0.8,pi_0p800_gamma_0p25,π = 0.8,0.8,0.25,105,79,78,diagnostic_only_hkt_gate_failed,0.15513778437011033,-0.809282415307111,1.026653437792756e-6,-5.988576134255538,0.11839750704590175,0.023318867788823444,0.38031455702831335,0.09507863925707831
pi,0.8,pi_0p800_gamma_0p25,π = 0.8,0.8,0.25,105,80,79,diagnostic_only_hkt_gate_failed,0.17303167593504773,-0.7618743857466718,1.1450696274091215e-6,-5.941168104695099,0.11534193064307391,0.02306772239838888,0.36909683297874024,0.09227420824468505
pi,0.8,pi_0p800_gamma_0p25,π = 0.8,0.8,0.25,105,81,80,diagnostic_only_hkt_gate_failed,0.1924583580692101,-0.7156632236469821,1.2736293466220982e-6,-5.894956942595409,0.11227240347284577,0.022809187631091184,0.35785286336701844,0.0894632158417546
pi,0.8,pi_0p800_gamma_0p25,π = 0.8,0.8,0.25,105,82,81,diagnostic_only_hkt_gate_failed,0.21347331190802288,-0.670656412046734,1.4126997522700347e-6,-5.849950130995161,0.10919221201739439,0.02254320766753572,0.34659601739943474,0.08664900434985867
pi,0.8,pi_0p800_gamma_0p25,π = 0.8,0.8,0.25,105,83,82,diagnostic_only_hkt_gate_failed,0.23612386794048854,-0.6268601112231119,1.5625940627570985e-6,-5.806153830171539,0.1061048607435521,0.022269751496925977,0.3353404369865046,0.08383510924662614
pi,0.8,pi_0p800_gamma_0p25,π = 0.8,0.8,0.25,105,84,83,diagnostic_only_hkt_gate_failed,0.2604479463324726,-0.5842790626889195,1.7235632219059403e-6,-5.763572781637347,0.10301406039187268,0.02198881515851801,0.32410098093341866,0.08102524523335465
pi,0.8,pi_0p800_gamma_0p25,π = 0.8,0.8,0.25,105,85,84,diagnostic_only_hkt_gate_failed,0.28647287206338296,-0.5429164978536375,1.895788057902039e-6,-5.722210216802065,0.09992371257820738,0.02170042388966907,0.31289315475415325,0.0782232886885383
pi,0.8,pi_0p800_gamma_0p25,π = 0.8,0.8,0.25,105,86,85,diagnostic_only_hkt_gate_failed,0.3142143010018583,-0.502774052571501,2.079372176397779e-6,-5.682067771519928,0.09683789162534566,0.02140463426996642,0.30173302942151703,0.07543325735537924
pi,0.8,pi_0p800_gamma_0p25,π = 0.8,0.8,0.25,105,87,86,diagnostic_only_hkt_gate_failed,0.34367529190194973,-0.46385168978993035,2.274335819272822e-6,-5.643145408738358,0.09376082121710026,0.021101535992027992,0.29063714090028914,0.07265928522507227
pi,0.8,pi_0p800_gamma_0p25,π = 0.8,0.8,0.25,105,88,87,diagnostic_only_hkt_gate_failed,0.37484555791596297,-0.4261476313671982,2.4806109113797e-6,-5.605441350315625,0.09069684888172332,0.020791253577704265,0.27962238121607624,0.06990559530401905
pi,0.8,pi_0p800_gamma_0p25,π = 0.8,0.8,0.25,105,89,88,diagnostic_only_hkt_gate_failed,0.40770092682323555,-0.38965830126857076,2.698037488506322e-6,-5.568952020216998,0.0876504155202994,0.020473947590701754,0.26870587171839055,0.06717646792959762
pi,0.8,pi_0p800_gamma_0p25,π = 0.8,0.8,0.25,105,90,89,diagnostic_only_hkt_gate_failed,0.44220303488686136,-0.3543782811374628,2.9263616714153257e-6,-5.53367200008589,0.08462602313039308,0.020149815660843555,0.2579048298781982,0.06447620746954953
pi,0.8,pi_0p800_gamma_0p25,π = 0.8,0.8,0.25,105,91,90,diagnostic_only_hkt_gate_failed,0.4782992718860566,-0.32030028025307977,3.1652353020854382e-6,-5.499593999201507,0.0816281982515803,0.01981909286949888,0.24723642152832573,0.06180910538208142
pi,0.8,pi_0p800_gamma_0p25,π = 0.8,0.8,0.25,105,92,91,diagnostic_only_hkt_gate_failed,0.5159229881002937,-0.2874151207355639,3.4142173134678848e-6,-5.4667088396839905,0.07866145408475583,0.019482051768872664,0.23671760926353277,0.05917940231588318
pi,0.8,pi_0p800_gamma_0p25,π = 0.8,0.8,0.25,105,93,92,diagnostic_only_hkt_gate_failed,0.5549939647571804,-0.2557117395564314,3.672776842763584e-6,-5.435005458504858,0.07573024958773784,0.019139001658127507,0.22636499171844138,0.05659124792961033
pi,0.8,pi_0p800_gamma_0p25,π = 0.8,0.8,0.25,105,94,93,diagnostic_only_hkt_gate_failed,0.5954191404839069,-0.22517720853220508,3.940298038852132e-6,-5.404470927480633,0.07283894653595563,0.01879028708258037,0.2161946378135011,0.05404865945337526
pi,0.8,pi_0p800_gamma_0p25,π = 0.8,0.8,0.25,105,95,94,diagnostic_only_hkt_gate_failed,0.637093576981611,-0.1957967733444299,4.216086452823369e-6,-5.375090492292857,0.06999176489999064,0.018436285442596012,0.20622191782957855,0.05155547945739462
pi,0.8,pi_0p800_gamma_0p25,π = 0.8,0.8,0.25,105,96,95,diagnostic_only_hkt_gate_failed,0.6799016367663443,-0.16755391332252692,4.499376831899465e-6,-5.346847632270954,0.06719273483739571,0.01807740324373061,0.19646132637466046,0.0491153315936651
pi,0.8,pi_0p800_gamma_0p25,π = 0.8,0.8,0.25,105,97,96,diagnostic_only_hkt_gate_failed,0.7237183360331522,-0.14043042400633646,4.789342072267217e-6,-5.3197241429547635,0.06444564463060122,0.01771407063043017,0.18692629600068422,0.04673157400017105
pi,0.8,pi_0p800_gamma_0p25,π = 0.8,0.8,0.25,105,98,97,diagnostic_only_hkt_gate_failed,0.7684108246823965,-0.11440652581617351,5.0851030134303025e-6,-5.293700244764601,0.06175398138205666,0.017346733380481053,0.17762899200630244,0.044407248001575604
pi,0.8,pi_0p800_gamma_0p25,π = 0.8,0.8,0.25,105,99,98,diagnostic_only_hkt_gate_failed,0.8138399331274588,-0.08946100419591763,5.385738674499915e-6,-5.268754723144346,0.05912085955301233,0.016975841108129417,0.16858007377953166,0.04214501844488291
pi,0.8,pi_0p800_gamma_0p25,π = 0.8,0.8,0.25,105,100,99,diagnostic_only_hkt_gate_failed,0.8598617097966355,-0.06557139003728621,5.690296428902423e-6,-5.244865108985714,0.05654892909017402,0.016601829631324033,0.15978839783539994,0.03994709945884998
pi,0.8,pi_0p800_gamma_0p25,π = 0.8,0.8,0.25,105,101,100,diagnostic_only_hkt_gate_failed,0.9063288514776016,-0.042714194741605836,5.997801469952622e-6,-5.222007913690033,0.054040249904785176,0.016225094201754095,0.15126062281212438,0.03781515570303109
pi,0.8,pi_0p800_gamma_0p25,π = 0.8,0.8,0.25,105,102,101,diagnostic_only_hkt_gate_failed,0.9530918963607229,-0.020865223015128016,6.3072647060420105e-6,-5.200158941963555,0.05159611194864075,0.015845948301552035,0.14300065458835487,0.03575016364708871
pi,0.8,pi_0p800_gamma_0p25,π = 0.8,0.8,0.25,105,103,102,diagnostic_only_hkt_gate_failed,1.0,0.0,6.61768789570619e-6,-5.179293718948427,0.04921676893738221,0.01546455958026883,0.13500883742845354,0.03375220935711338
pi,0.8,pi_0p800_gamma_0p25,π = 0.8,0.8,0.25,105,104,103,diagnostic_only_hkt_gate_failed,,,,,0.046901037468506865,0.015080849666267226,0.12728075120895857,0.031820187802239636
pi,0.8,pi_0p800_gamma_0p25,π = 0.8,0.8,0.25,105,105,104,diagnostic_only_hkt_gate_failed,,,,,0.04464569044864117,0.014694337271200106,0.11980541270976428,0.029951353177441062
pi,0.9,pi_0p900_gamma_0p25,π = 0.9,0.9,0.25,105,1,0,diagnostic_only_hkt_gate_failed,0.00020182214751112557,-3.6950311769787323,2.3897567012484783e-6,-5.62164631189027,0.0,0.0,0.0,0.0
pi,0.9,pi_0p900_gamma_0p25,π = 0.9,0.9,0.25,105,2,1,diagnostic_only_hkt_gate_failed,0.00022771700122858283,-3.642604543982456,2.6963751817387442e-6,-5.569219678893993,0.12830531255758046,0.03439532158354958,0.8451899187662779,0.09390999097403085
pi,0.9,pi_0p900_gamma_0p25,π = 0.9,0.9,0.25,105,3,2,diagnostic_only_hkt_gate_failed,0.0002569121677708318,-3.5902153263658505,3.0420723500069536e-6,-5.516830461277387,0.12820811087768963,0.03412265445987805,0.8467691077603048,0.09408545641781162
pi,0.9,pi_0p900_gamma_0p25,π = 0.9,0.9,0.25,105,4,3,diagnostic_only_hkt_gate_failed,0.0002898129555556372,-3.5378822040941067,3.4316474241734723e-6,-5.464497339005644,0.12806239607208164,0.03385958689081034,0.8478252826314421,0.09420280918127132
pi,0.9,pi_0p900_gamma_0p25,π = 0.9,0.9,0.25,105,5,4,diagnostic_only_hkt_gate_failed,0.000326871908093039,-3.4856224017947155,3.8704589285581605e-6,-5.412237536706252,0.12787196647696936,0.03360650848132485,0.8483891219608006,0.09426545799564448
pi,0.9,pi_0p900_gamma_0p25,π = 0.9,0.9,0.25,105,6,5,diagnostic_only_hkt_gate_failed,0.00036859393626400346,-3.4334518136333427,4.364485464499881e-6,-5.36006694854488,0.12764029926698067,0.03336361001042669,0.848490203308986,0.09427668925655397
pi,0.9,pi_0p900_gamma_0p25,π = 0.9,0.9,0.25,105,7,6,diagnostic_only_hkt_gate_failed,0.000415541950126191,-3.381385126419764,4.92039239602871e-6,-5.3080002613313,0.1273705539978313,0.033130917507947784,0.8481567284089516,0.09423963648988348
pi,0.9,pi_0p900_gamma_0p25,π = 0.9,0.9,0.25,105,8,7,diagnostic_only_hkt_gate_failed,0.00046834303065654704,-3.329435938057866,5.545604928878317e-6,-5.256051072969403,0.1270655839063214,0.032908322860301466,0.8474153494141795,0.09415726104601992
pi,0.9,pi_0p900_gamma_0p25,π = 0.9,0.9,0.25,105,9,8,diagnostic_only_hkt_gate_failed,0.000527695184481951,-3.2776168689884217,6.248388092604047e-6,-5.20423200389996,0.126727953530559,0.03269561099941588,0.8462910827802884,0.09403234253114313
pi,0.9,pi_0p900_gamma_0p25,π = 0.9,0.9,0.25,105,10,9,diagnostic_only_hkt_gate_failed,0.0005943747259285763,-3.225939665975477,7.0379341507217055e-6,-5.152554800887014,0.12635995818700868,0.032492483308715084,0.8448072739046423,0.09386747487829356
pi,0.9,pi_0p900_gamma_0p25,π = 0.9,0.9,0.25,105,11,10,diagnostic_only_hkt_gate_failed,0.0006692443336074769,-3.174415297232435,7.924457997965151e-6,-5.101030432143972,0.12596364618622338,0.03229857784916004,0.8429856150335702,0.09366506833706333
pi,0.9,pi_0p900_gamma_0p25,π = 0.9,0.9,0.25,105,12,11,diagnostic_only_hkt_gate_failed,0.0007532618293540499,-3.1230540393653934,8.919301110866932e-6,-5.0496691742769295,0.1255408399107209,0.03211348620502696,0.8408461833512457,0.09342735370569394
pi,0.9,pi_0p900_gamma_0p25,π = 0.9,0.9,0.25,105,13,12,diagnostic_only_hkt_gate_failed,0.0008474897300422069,-3.071865555913108,1.0035044649874138e-5,-4.998480690824645,0.12509315753987008,0.031936767699831774,0.8384075085603447,0.09315638984003828
pi,0.9,pi_0p900_gamma_0p25,π = 0.9,0.9,0.25,105,14,13,diagnostic_only_hkt_gate_failed,0.0009531056226833629,-3.020858968399727,1.1285632309901039e-5,-4.947474103311264,0.12462203245329719,0.03176796089378507,0.835686644035609,0.09285407155951209
pi,0.9,pi_0p900_gamma_0p25,π = 0.9,0.9,0.25,105,15,14,diagnostic_only_hkt_gate_failed,0.0010714134150753229,-2.9700429201652194,1.2686503538183914e-5,-4.896658055076757,0.12412873198552532,0.03160659302268946,0.8326992506655229,0.09252213896283584
pi,0.9,pi_0p900_gamma_0p25,π = 0.9,0.9,0.25,105,16,15,diagnostic_only_hkt_gate_failed,0.0012038555142576401,-2.9194256336147664,1.425473773820358e-5,-4.846040768526303,0.12361437454374807,0.03145218754155533,0.829459683019735,0.09216218700219275
pi,0.9,pi_0p900_gamma_0p25,π = 0.9,0.9,0.25,105,17,16,diagnostic_only_hkt_gate_failed,0.0013520259853169632,-2.869014961374177,1.6009210081837928e-5,-4.795630096285714,0.12307994547891667,0.03130427012397362,0.8259810781944878,0.09177567535494306
pi,0.9,pi_0p900_gamma_0p25,π = 0.9,0.9,0.25,105,18,17,diagnostic_only_hkt_gate_failed,0.0015176847407898477,-2.8188184323632255,1.797075952472048e-5,-4.7454335672747625,0.12252631034606015,0.0311623731374571,0.8222754348774278,0.09136393720860306
pi,0.9,pi_0p900_gamma_0p25,π = 0.9,0.9,0.25,105,19,18,diagnostic_only_hkt_gate_failed,0.001702772811595508,-2.7688432928784517,2.016236962789113e-5,-4.695458427789989,0.12195422793098365,0.031026039204735498,0.8183536985362334,0.09092818872624812
pi,0.9,pi_0p900_gamma_0p25,π = 0.9,0.9,0.25,105,20,19,diagnostic_only_hkt_gate_failed,0.00190942874661665,-2.7190965433805183,2.260936274366063e-5,-4.645711678292056,0.12136436147785531,0.030894823766546346,0.8142258394017811,0.09046953771130897
pi,0.9,pi_0p900_gamma_0p25,π = 0.9,0.9,0.25,105,21,20,diagnostic_only_hkt_gate_failed,0.002140006184009797,-2.669584971661346,2.533960807581182e-5,-4.5962001065728835,0.12075728816888841,0.03076829679608163,0.8099009223552615,0.0899889913728068
pi,0.9,pi_0p900_gamma_0p25,π = 0.9,0.9,0.25,105,22,21,diagnostic_only_hkt_gate_failed,0.002397092633679832,-2.6203151826878117,2.838374408107992e-5,-4.546930317599349,0.12013350783329281,0.030646043957560386,0.8053871748815922,0.08948746387573243
pi,0.9,pi_0p900_gamma_0p25,π = 0.9,0.9,0.25,105,23,22,diagnostic_only_hkt_gate_failed,0.0026835295051627632,-2.571293625322378,3.177541561739257e-5,-4.497908760233916,0.11949345113259782,0.030527667350133722,0.800692054042177,0.08896578378246409
pi,0.9,pi_0p900_gamma_0p25,π = 0.9,0.9,0.25,105,24,23,diagnostic_only_hkt_gate_failed,0.0030024334049488046,-2.5225266166258065,3.5551526123430865e-5,-4.4491417515373435,0.11883748592013316,0.03041278569670228,0.7958223020108782,0.08842470022343088
pi,0.9,pi_0p900_gamma_0p25,π = 0.9,0.9,0.25,105,25,24,diagnostic_only_hkt_gate_failed,0.003357218721924684,-2.47402036365797,3.9752505050686326e-5,-4.400635498569507,0.11816592381069917,0.030301034385842193,0.7907840048237128,0.08786488942485696
pi,0.9,pi_0p900_gamma_0p25,π = 0.9,0.9,0.25,105,26,25,diagnostic_only_hkt_gate_failed,0.003751621503677459,-2.4257809835008644,4.4422590580485634e-5,-4.352396118412401,0.11747902487767141,0.030192065072882048,0.7855826382431044,0.08728695980478934
pi,0.9,pi_0p900_gamma_0p25,π = 0.9,0.9,0.25,105,27,26,diagnostic_only_hkt_gate_failed,0.0041897246188245816,-2.3778145212950945,4.961012756872903e-5,-4.304429656206631,0.11677700288200142,0.03008554528505809,0.7802231183724901,0.08669145759694333
pi,0.9,pi_0p900_gamma_0p25,π = 0.9,0.9,0.25,105,28,27,diagnostic_only_hkt_gate_failed,0.004675984179156888,-2.3301269669106435,5.536788040795201e-5,-4.25674210182218,0.11606002889725138,0.029981157707209254,0.7747098407103793,0.08607887119004212
pi,0.9,pi_0p900_gamma_0p25,π = 0.9,0.9,0.25,105,29,28,diagnostic_only_hkt_gate_failed,0.005215257184489618,-2.2827242699698376,6.175336036735659e-5,-4.209339404881375,0.11532823565497319,0.029878599562690643,0.7690467248305431,0.08544963609228255
pi,0.9,pi_0p900_gamma_0p25,π = 0.9,0.9,0.25,105,30,29,diagnostic_only_hkt_gate_failed,0.00581283032538846,-2.235612353772147,6.882916664312916e-5,-4.162227488683684,0.1145817204712449,0.029777581750452496,0.7632372484871319,0.08480413872079241
pi,0.9,pi_0p900_gamma_0p25,π = 0.9,0.9,0.25,105,31,30,diagnostic_only_hkt_gate_failed,0.006474449860398769,-2.1887971280565224,7.666334013184715e-5,-4.11541226296806,0.11382054833435946,0.029677828018441568,0.7572844828432611,0.08414272031591788
pi,0.9,pi_0p900_gamma_0p25,π = 0.9,0.9,0.25,105,32,31,diagnostic_only_hkt_gate_failed,0.0072063524560460205,-2.1422845007518085,8.53297286039685e-5,-4.068899635663345,0.1130447546013079,0.02957907409374874,0.7511911245680326,0.08346568050755915
pi,0.9,pi_0p900_gamma_0p25,π = 0.9,0.9,0.25,105,33,32,diagnostic_only_hkt_gate_failed,0.008015296848281379,-2.096080388820347,9.490836160397283e-5,-4.022695523731884,0.1122543474204713,0.029481066795083295,0.7449595256284922,0.082773280625388
pi,0.9,pi_0p900_gamma_0p25,π = 0.9,0.9,0.25,105,34,33,diagnostic_only_hkt_gate_failed,0.008908596151717468,-2.0501907282412466,0.0001054858330209258,-3.9768058631527836,0.11144931003118429,0.029383563122142756,0.7385917221813741,0.08206574690904155
pi,0.9,pi_0p900_gamma_0p25,π = 0.9,0.9,0.25,105,35,34,diagnostic_only_hkt_gate_failed,0.00989415059888045,-2.004621483524597,0.00011715568875082344,-3.931236618436134,0.11062960205834221,0.029286329419893113,0.732089453746042,0.08134327263844908
pi,0.9,pi_0p900_gamma_0p25,π = 0.9,0.9,0.25,105,36,35,diagnostic_only_hkt_gate_failed,0.010980480478032564,-1.959378655842872,0.00013001881671019223,-3.8859937907544095,0.10979516314164794,0.029189140553569862,0.7254542032927028,0.08060602258807807
pi,0.9,pi_0p900_gamma_0p25,π = 0.9,0.9,0.25,105,37,36,diagnostic_only_hkt_gate_failed,0.012176758952146148,-1.9144682910550255,0.00014418383544241375,-3.8410834259665627,0.10894591329649386,0.029091779007019657,0.718687208605268,0.0798541342894742
pi,0.9,pi_0p900_gamma_0p25,π = 0.9,0.9,0.25,105,38,37,diagnostic_only_hkt_gate_failed,0.01349284442867961,-1.8698964869877248,0.0001597674774051387,-3.7965116218992616,0.10808175489927885,0.028994034072016985,0.7117894874453569,0.07908772082726184
pi,0.9,pi_0p900_gamma_0p25,π = 0.9,0.9,0.25,105,39,38,diagnostic_only_hkt_gate_failed,0.01493931209247729,-1.8256693999315576,0.00017689496234833186,-3.752284534843095,0.1072025747753496,0.028895701146722685,0.7047618626576423,0.0783068736286269
pi,0.9,pi_0p900_gamma_0p25,π = 0.9,0.9,0.25,105,40,39,diagnostic_only_hkt_gate_failed,0.016527484150316338,-1.7817932506506435,0.0001957003554370527,-3.70840838556218,0.10630824552080721,0.028796580939186665,0.697604981234585,0.07751166458162054
pi,0.9,pi_0p900_gamma_0p25,π = 0.9,0.9,0.25,105,41,40,diagnostic_only_hkt_gate_failed,0.018269458290658316,-1.7382743297610763,0.0002163269042406435,-3.664889464672614,0.10539862718964609,0.028696478768260952,0.6903193357924665,0.07670214842138515
pi,0.9,pi_0p900_gamma_0p25,π = 0.9,0.9,0.25,105,42,41,diagnostic_only_hkt_gate_failed,0.020178133804343502,-1.6951190024179181,0.00023892734802537037,-3.6217341373294554,0.10447356912936683,0.028595203926890394,0.6829052868222879,0.07587836520247641
pi,0.9,pi_0p900_gamma_0p25,π = 0.9,0.9,0.25,105,43,42,diagnostic_only_hkt_gate_failed,0.022267234734886135,-1.6523337126447413,0.00026366419187484695,-3.5789488475562785,0.10353291096191149,0.02849256892599147,0.6753630783232802,0.07504034203592
pi,0.9,pi_0p900_gamma_0p25,π = 0.9,0.9,0.25,105,44,43,diagnostic_only_hkt_gate_failed,0.024551329411442616,-1.6099249866195455,0.0002907099379780388,-3.5365401215310825,0.10257648530457128,0.02838838907628203,0.6676928660546034,0.07418809622828924
pi,0.9,pi_0p900_gamma_0p25,π = 0.9,0.9,0.25,105,45,44,diagnostic_only_hkt_gate_failed,0.02704584559833758,-1.5678994356324942,0.0003202472650133504,-3.4945145705440313,0.10160411866464338,0.02828248177732429,0.659894731985872,0.07332163688731909
pi,0.9,pi_0p900_gamma_0p25,π = 0.9,0.9,0.25,105,46,45,diagnostic_only_hkt_gate_failed,0.02976708049416817,-1.526263758146309,0.0003524691465470602,-3.452878893057846,0.10061563377400401,0.028174666077761444,0.6519687092661831,0.07244096769624254
pi,0.9,pi_0p900_gamma_0p25,π = 0.9,0.9,0.25,105,47,46,diagnostic_only_hkt_gate_failed,0.032732204714239384,-1.4850247413164674,0.00038757889818895444,-3.4116398762280045,0.09961085100878896,0.028064762104725496,0.6439148001365713,0.07154608890406346
pi,0.9,pi_0p900_gamma_0p25,π = 0.9,0.9,0.25,105,48,47,diagnostic_only_hkt_gate_failed,0.035959259389727674,-1.444189261495726,0.0004257901432438026,-3.370804396407263,0.09858959100559544,0.027952590724117283,0.6357330025333038,0.07063700028147818
pi,0.9,pi_0p900_gamma_0p25,π = 0.9,0.9,0.25,105,49,48,diagnostic_only_hkt_gate_failed,0.03946714543062625,-1.4037642840062923,0.0004673266855749227,-3.3303794189178295,0.09755167654817327,0.027837973093964297,0.627423331087881,0.06971370345420898
pi,0.9,pi_0p900_gamma_0p25,π = 0.9,0.9,0.25,105,50,49,diagnostic_only_hkt_gate_failed,0.0432756039817583,-1.3637568621212146,0.0005124222781857048,-3.2903719970327514,0.09649693459149204,0.027720730254659192,0.6189858390314958,0.06877620433683285
pi,0.9,pi_0p900_gamma_0p25,π = 0.9,0.9,0.25,105,51,50,diagnostic_only_hkt_gate_failed,0.04740518710751714,-1.3241741349309886,0.000561320276100432,-3.250789269842526,0.09542519909137612,0.02760068288811642,0.6104206458293375,0.0678245162032597
pi,0.9,pi_0p900_gamma_0p25,π = 0.9,0.9,0.25,105,52,51,diagnostic_only_hkt_gate_failed,0.05187721770735537,-1.2850233241597553,0.0006142731617274295,-3.2116384590712928,0.09433631365477912,0.02747765106620542,0.6017279632971636,0.06685866258857372
pi,0.9,pi_0p900_gamma_0p25,π = 0.9,0.9,0.25,105,53,52,diagnostic_only_hkt_gate_failed,0.05671373766528808,-1.2463117300033797,0.0006715419309023021,-3.172926864914917,0.09323013399091684,0.027351453975807054,0.5929081201359883,0.06587868001510978
pi,0.9,pi_0p900_gamma_0p25,π = 0.9,0.9,0.25,105,54,53,diagnostic_only_hkt_gate_failed,0.06193744329536919,-1.2080467257733865,0.000733395328504008,-3.1346618606849237,0.09210653088869321,0.027221909760614865,0.5839615901527052,0.06488462112807834
pi,0.9,pi_0p900_gamma_0p25,π = 0.9,0.9,0.25,105,55,54,diagnostic_only_hkt_gate_failed,0.06757160720966668,-1.1702357511358752,0.0008001089233010433,-3.096850886047412,0.09096539370262846,0.027088835485351098,0.5748890239554963,0.06387655821727735
pi,0.9,pi_0p900_gamma_0p25,π = 0.9,0.9,0.25,105,56,55,diagnostic_only_hkt_gate_failed,0.07363998577543031,-1.1328863040579293,0.0008719640121606391,-3.0595014389694666,0.08980663353076965,0.026952047068833303,0.5656912781574271,0.06285458646193633
pi,0.9,pi_0p900_gamma_0p25,π = 0.9,0.9,0.25,105,57,56,diagnostic_only_hkt_gate_failed,0.08016671144443344,-1.0960059314310393,0.0009492463451308145,-3.0226210663425763,0.08863018644390777,0.026811359248511746,0.5563694447585644,0.061818827195396026
pi,0.9,pi_0p900_gamma_0p25,π = 0.9,0.9,0.25,105,58,57,diagnostic_only_hkt_gate_failed,0.0871761694788918,-1.059602217799733,0.0010322446657638044,-2.98621735271127,0.08743601811977628,0.026666585852111006,0.5469248904089874,0.06076943226766525
pi,0.9,pi_0p900_gamma_0p25,π = 0.9,0.9,0.25,105,59,58,diagnostic_only_hkt_gate_failed,0.09469285855666668,-1.0236827729120583,0.0011212490605556269,-2.9502979078235954,0.08622412664730467,0.02651753976560515,0.537359281935296,0.05970658688169954
pi,0.9,pi_0p900_gamma_0p25,π = 0.9,0.9,0.25,105,60,59,diagnostic_only_hkt_gate_failed,0.10274123521940041,-0.9882552172203561,0.0012165491170713747,-2.914870352131893,0.0849945474812908,0.026364033345983424,0.5276746272177665,0.05863051413530737
pi,0.9,pi_0p900_gamma_0p25,π = 0.9,0.9,0.25,105,61,60,diagnostic_only_hkt_gate_failed,0.11134554219060035,-0.9533271656149257,0.0013184318910760987,-2.8799423005264626,0.08374735764881261,0.0262058787694402,0.517873309914352,0.05754147887937242
pi,0.9,pi_0p900_gamma_0p25,π = 0.9,0.9,0.25,105,62,61,diagnostic_only_hkt_gate_failed,0.12052962090670975,-0.9189062093922228,0.001427179686733193,-2.84552134430376,0.08248267991176662,0.02604288842372097,0.5079581233924111,0.05643979148804566
pi,0.9,pi_0p900_gamma_0p25,π = 0.9,0.9,0.25,105,63,62,diagnostic_only_hkt_gate_failed,0.1303167089727926,-0.8849998962640291,0.0015430676582965776,-2.8116150311755663,0.08120068737010355,0.025874875466160324,0.49793230713548925,0.055325811903943235
pi,0.9,pi_0p900_gamma_0p25,π = 0.9,0.9,0.25,105,64,63,diagnostic_only_hkt_gate_failed,0.14072922361695392,-0.8516157082672574,0.001666361246015244,-2.7782308431787945,0.07990160836808168,0.02570165454063277,0.4877995844470404,0.05419995382744892
pi,0.9,pi_0p900_gamma_0p25,π = 0.9,0.9,0.25,105,65,64,diagnostic_only_hkt_gate_failed,0.1517885325198225,-0.8187610377388571,0.0017973134625471298,-2.7453761726503942,0.07858573094221372,0.025523042510372157,0.477564195886574,0.05306268843184154
pi,0.9,pi_0p900_gamma_0p25,π = 0.9,0.9,0.25,105,66,65,diagnostic_only_hkt_gate_failed,0.1635147138798208,-0.7864431612343027,0.0019361620519149849,-2.7130582961458396,0.07725340752251446,0.025338859358726613,0.46723093347409084,0.051914548163787856
pi,0.9,pi_0p900_gamma_0p25,π = 0.9,0.9,0.25,105,67,66,diagnostic_only_hkt_gate_failed,0.1759263079782125,-0.7546692113927456,0.0020831265478119115,-2.6812843463042824,0.07590505957472346,0.025148929224002168,0.4568051731564917,0.05075613035072129
pi,0.9,pi_0p900_gamma_0p25,π = 0.9,0.9,0.25,105,68,67,diagnostic_only_hkt_gate_failed,0.18904006284591213,-0.7234461469955121,0.0022384052620664386,-2.6500612819070493,0.07454118157998127,0.02495308144940753,0.4462929011751637,0.04958810013057373
pi,0.9,pi_0p900_gamma_0p25,π = 0.9,0.9,0.25,105,69,68,diagnostic_only_hkt_gate_failed,0.2028706772623166,-0.6927807209482059,0.002402172241516324,-2.619395855859743,0.07316234563293567,0.024751151939015524,0.43570074324528135,0.048411193693920135
pi,0.9,pi_0p900_gamma_0p25,π = 0.9,0.9,0.25,105,70,69,diagnostic_only_hkt_gate_failed,0.2174305444514798,-0.662679446657549,0.0025745742331395303,-2.589294581569086,0.07176920482370616,0.024542984466226995,0.4250359832173127,0.04722622035747917
pi,0.9,pi_0p900_gamma_0p25,π = 0.9,0.9,0.25,105,71,70,diagnostic_only_hkt_gate_failed,0.23272950036680468,-0.6331485628478641,0.002755727703517392,-2.559763697759401,0.07036249646488313,0.02432843214190733,0.4143065789067823,0.0460340643229758
pi,0.9,pi_0p900_gamma_0p25,π = 0.9,0.9,0.25,105,72,71,diagnostic_only_hkt_gate_failed,0.24877458073343336,-0.6041939970165023,0.002945715961996841,-2.5308091319280392,0.06894304478521221,0.02410735900889841,0.4035211719868244,0.04483568577631381
pi,0.9,pi_0p900_gamma_0p25,π = 0.9,0.9,0.25,105,73,72,diagnostic_only_hkt_gate_failed,0.2655697911917714,-0.575821327891629,0.003144586438981926,-2.502436462803166,0.06751176269224393,0.023879641677865524,0.39268908912940576,0.043632121014378404
pi,0.9,pi_0p900_gamma_0p25,π = 0.9,0.9,0.25,105,74,73,diagnostic_only_hkt_gate_failed,0.28311589510302076,-0.5480357471599974,0.003352348173359463,-2.474650882071534,0.06606965284910403,0.023645171063358127,0.3818203360717133,0.042424481785745906
pi,0.9,pi_0p900_gamma_0p25,π = 0.9,0.9,0.25,105,75,74,diagnostic_only_hkt_gate_failed,0.3014102234731148,-0.5208420210238451,0.0035689695618265644,-2.4474571559353824,0.06461780735919856,0.023403854068552787,0.3709255796158121,0.041213953290645776
pi,0.9,pi_0p900_gamma_0p25,π = 0.9,0.9,0.25,105,76,75,diagnostic_only_hkt_gate_failed,0.32044651163660937,-0.4942444517604179,0.0037943764250802665,-2.4208595866719547,0.06315740701871914,0.023155615430405518,0.3600161242948227,0.04000179158831362
pi,0.9,pi_0p900_gamma_0p25,π = 0.9,0.9,0.25,105,77,76,diagnostic_only_hkt_gate_failed,0.3402147668225921,-0.4682468400168493,0.004028450439678134,-2.394861974928386,0.06168971877715475,0.022900399420790613,0.34910387420727745,0.03878931935636415
pi,0.9,pi_0p900_gamma_0p25,π = 0.9,0.9,0.25,105,78,77,diagnostic_only_hkt_gate_failed,0.3607011705402612,-0.4428524483155392,0.004271027982195278,-2.369467583227076,0.060216092055615976,0.02263817149858327,0.33820128501329444,0.037577920557032705
pi,0.9,pi_0p900_gamma_0p25,π = 0.9,0.9,0.25,105,79,78,diagnostic_only_hkt_gate_failed,0.38188801929521865,-0.41806396622891423,0.004521899427251655,-2.3446791011404513,0.05873795397786935,0.022368919921390243,0.3273213065083121,0.03636903405647911
pi,0.9,pi_0p900_gamma_0p25,π = 0.9,0.9,0.25,105,80,79,diagnostic_only_hkt_gate_failed,0.40375370645531716,-0.3938834778231858,0.004780808932787305,-2.3204986127347227,0.05725680318657819,0.022092657195239014,0.3164773139220527,0.03516414599133918
pi,0.9,pi_0p900_gamma_0p25,π = 0.9,0.9,0.25,105,81,80,diagnostic_only_hkt_gate_failed,0.4262727475108565,-0.3703124318003985,0.005047454739165903,-2.2969275667119358,0.055774202677273635,0.021809421408401,0.30568303141985376,0.03396478126887263
pi,0.9,pi_0p900_gamma_0p25,π = 0.9,0.9,0.25,105,82,81,diagnostic_only_hkt_gate_failed,0.44941584998559264,-0.3473516149611821,0.005321489996984337,-2.273966749872719,0.05429177119549908,0.021519277282516503,0.2949524452168433,0.03277249391298258
pi,0.9,pi_0p900_gamma_0p25,π = 0.9,0.9,0.25,105,83,82,diagnostic_only_hkt_gate_failed,0.47315002879602797,-0.32500112914158474,0.0056025241330309805,-2.251616264053122,0.05281117435265398,0.021222317150121794,0.2842997148227897,0.031588857202532176
pi,0.9,pi_0p900_gamma_0p25,π = 0.9,0.9,0.25,105,84,83,diagnostic_only_hkt_gate_failed,0.4974387666744198,-0.3032603720682481,0.005890124749839175,-2.229875506979785,0.05133411476312623,0.02091866164275635,0.27373907808332903,0.030415453120369883
pi,0.9,pi_0p900_gamma_0p25,π = 0.9,0.9,0.25,105,85,84,diagnostic_only_hkt_gate_failed,0.5222422185479372,-0.2821280223229892,0.006183820045721234,-2.2087431572345264,0.0498623218277469,0.020608460148718546,0.26328475511125526,0.029253861679028353
pi,0.9,pi_0p900_gamma_0p25,π = 0.9,0.9,0.25,105,86,85,diagnostic_only_hkt_gate_failed,0.5475174580836926,-0.2616020283992004,0.006483101734084511,-2.1882171633107377,0.048397541673347796,0.020291891130957636,0.25295085488151153,0.028105650542390163
pi,0.9,pi_0p900_gamma_0p25,π = 0.9,0.9,0.25,105,87,86,diagnostic_only_hkt_gate_failed,0.5732187636923348,-0.24167960188483636,0.006787428429972544,-2.1682947367963736,0.046941527122434816,0.019969162233378013,0.24275128400151133,0.026972364889056806
pi,0.9,pi_0p900_gamma_0p25,π = 0.9,0.9,0.25,105,88,87,diagnostic_only_hkt_gate_failed,0.5992979404107343,-0.22235721482777684,0.0070962294614470645,-2.148972349739314,0.04549602764294197,0.01964051011059794,0.23269965779109633,0.025855517532344028
pi,0.9,pi_0p900_gamma_0p25,π = 0.9,0.9,0.25,105,89,88,diagnostic_only_hkt_gate_failed,0.6257046737694978,-0.20363060100022895,0.007408909059699326,-2.1302457359117657,0.04406278009342959,0.01930620018279697,0.2228092191956937,0.024756579910632626
pi,0.9,pi_0p900_gamma_0p25,π = 0.9,0.9,0.25,105,90,89,diagnostic_only_hkt_gate_failed,0.652386910606155,-0.1854947611641744,0.007724850868222524,-2.112109896075711,0.042643499329983625,0.018966526079398208,0.21309275925526883,0.023676973250585417
pi,0.9,pi_0p900_gamma_0p25,π = 0.9,0.9,0.25,105,91,90,diagnostic_only_hkt_gate_failed,0.6792912614062493,-0.1679439722596428,0.008043422706894095,-2.0945591071711798,0.04123986910635068,0.01862180886076742,0.2035625422102494,0.022618060245583257
pi,0.9,pi_0p900_gamma_0p25,π = 0.9,0.9,0.25,105,92,91,diagnostic_only_hkt_gate_failed,0.7063634179428251,-0.1509718006492857,0.008363981517204864,-2.0775869355608227,0.039853532754906607,0.018272395896763906,0.19423023172328435,0.0215811368581427
pi,0.9,pi_0p900_gamma_0p25,π = 0.9,0.9,0.25,105,93,92,diagnostic_only_hkt_gate_failed,0.7335485793054783,-0.13457111968615262,0.008685878406828143,-2.0611862545976893,0.038486083327794574,0.0179186592900302,0.18510681633987935,0.020567424037764365
pi,0.9,pi_0p900_gamma_0p25,π = 0.9,0.9,0.25,105,94,93,diagnostic_only_hkt_gate_failed,0.7607918786713386,-0.11873413206834045,0.009008463702974062,-2.0453492669798776,0.03713905272866062,0.01756099367208245,0.17620253150920354,0.019578059056578164
pi,0.9,pi_0p900_gamma_0p25,π = 0.9,0.9,0.25,105,95,94,diagnostic_only_hkt_gate_failed,0.7880388023372844,-0.10345239770577362,0.009331091914109862,-2.030067532617311,0.035813899214500525,0.017199813110981146,0.16752677493167453,0.018614086103519386
pi,0.9,pi_0p900_gamma_0p25,π = 0.9,0.9,0.25,105,96,95,diagnostic_only_hkt_gate_failed,0.8152355915589372,-0.08871686815738536,0.00965312648809687,-2.0153320030689224,0.034511992481827625,0.016835546760595014,0.15908801149109358,0.017676445721232614
pi,0.9,pi_0p900_gamma_0p25,π = 0.9,0.9,0.25,105,97,96,diagnostic_only_hkt_gate_failed,0.8423296164226381,-0.0745179291875983,0.009973944239172744,-2.001133064099135,0.03323459518234505,0.016468632686245363,0.15089366246489722,0.016765962496099684
pi,0.9,pi_0p900_gamma_0p25,π = 0.9,0.9,0.25,105,98,97,diagnostic_only_hkt_gate_failed,0.8692697090740431,-0.06084545371336804,0.010292939293679335,-1.987460588624905,0.03198283917146248,0.01609950901656644,0.14294997139406437,0.015883330154896038
pi,0.9,pi_0p900_gamma_0p25,π = 0.9,0.9,0.25,105,99,98,diagnostic_only_hkt_gate_failed,0.8960064406698571,-0.04768886853282404,0.010609526369421642,-1.9743040034443609,0.03075769386269587,0.01572860111031981,0.1352618347713846,0.015029092752376062
pi,0.9,pi_0p900_gamma_0p25,π = 0.9,0.9,0.25,105,100,99,diagnostic_only_hkt_gate_failed,0.9224923217080818,-0.035037239969648123,0.010923143147758997,-1.9616523748811854,0.029559922603261308,0.015356302705143274,0.12783257908306236,0.014203619898118035
pi,0.9,pi_0p900_gamma_0p25,π = 0.9,0.9,0.25,105,101,100,diagnostic_only_hkt_gate_failed,0.9486818978518565,-0.022879386272964312,0.011233251408246084,-1.9494945211845014,0.0283900207378228,0.01498294788893579,0.12066365563998313,0.01340707284888701
pi,0.9,pi_0p900_gamma_0p25,π = 0.9,0.9,0.25,105,102,101,diagnostic_only_hkt_gate_failed,0.9745317014085804,-0.011204028765055543,0.011539336454101781,-1.9378191636765927,0.02724812565229371,0.014608768997394788,0.11375420989409034,0.012639356654898922
pi,0.9,pi_0p900_gamma_0p25,π = 0.9,0.9,0.25,105,103,102,diagnostic_only_hkt_gate_failed,1.0,0.0,0.01184090413623581,-1.926615134911537,0.026133884156470152,0.014233832900701753,0.10710046130191563,0.0119000512557684
pi,0.9,pi_0p900_gamma_0p25,π = 0.9,0.9,0.25,105,104,103,diagnostic_only_hkt_gate_failed,,,,,0.025046255604369523,0.013857944210781703,0.1006948025422904,0.011188311393587818
pi,0.9,pi_0p900_gamma_0p25,π = 0.9,0.9,0.25,105,105,104,diagnostic_only_hkt_gate_failed,,,,,0.023983219885871446,0.013480498273507271,0.09452449451127762,0.010502721612364176
pi,0.95,pi_0p950_gamma_0p25,π = 0.95,0.95,0.25,105,1,0,diagnostic_only_hkt_gate_failed,0.004951656726300139,-2.3052494704178788,0.0006172874445985908,-3.2095125563343694,0.0,0.0,0.0,0.0
pi,0.95,pi_0p950_gamma_0p25,π = 0.95,0.95,0.25,105,2,1,diagnostic_only_hkt_gate_failed,0.005338630046094861,-2.272570173636643,0.0006655286262691957,-3.1768332595531334,0.0781502719563254,0.03417266172377155,0.8355745944185224,0.04397761023255386
pi,0.95,pi_0p950_gamma_0p25,π = 0.95,0.95,0.25,105,3,2,diagnostic_only_hkt_gate_failed,0.005754778541414302,-2.2399713844742077,0.000717406867320293,-3.1442344703906984,0.07795042768019644,0.03391325744033865,0.8367062345572972,0.044037170239857794
pi,0.95,pi_0p950_gamma_0p25,π = 0.95,0.95,0.25,105,4,3,diagnostic_only_hkt_gate_failed,0.006202113895798597,-2.20746026262906,0.0007731729498760224,-3.111723348545551,0.07773285299600016,0.03366257895461404,0.8373352067863354,0.04407027404138612
pi,0.95,pi_0p950_gamma_0p25,π = 0.95,0.95,0.25,105,5,4,diagnostic_only_hkt_gate_failed,0.006682773728872109,-2.1750432433452374,0.0008330933556067384,-3.079306329261728,0.07749935605005889,0.03342096913269236,0.8374893514299632,0.04407838691736653
pi,0.95,pi_0p950_gamma_0p25,π = 0.95,0.95,0.25,105,6,5,diagnostic_only_hkt_gate_failed,0.007199028182640094,-2.1427261262635566,0.0008974510867952644,-3.0469892121800473,0.07725152380030001,0.033188596866267815,0.8371956117466108,0.044062926934032194
pi,0.95,pi_0p950_gamma_0p25,π = 0.95,0.95,0.25,105,7,6,diagnostic_only_hkt_gate_failed,0.00775328667032968,-2.1105141581121827,0.000966546507666377,-3.0147772440286733,0.07699073730897973,0.03296548590503827,0.8364797766748868,0.04402525140394146
pi,0.95,pi_0p950_gamma_0p25,π = 0.95,0.95,0.25,105,8,7,diagnostic_only_hkt_gate_failed,0.00834810478778437,-2.078412108184578,0.0010406982059806705,-2.9826751941010685,0.07671818968476202,0.03275154115086754,0.8353663221439943,0.04396664853389448
pi,0.95,pi_0p950_gamma_0p25,π = 0.95,0.95,0.25,105,9,8,diagnostic_only_hkt_gate_failed,0.008986191374776768,-2.046424336675053,0.001120243873317647,-2.950687422591544,0.0764349038749603,0.032546571743572505,0.8338783104963673,0.0438883321313878
pi,0.95,pi_0p950_gamma_0p25,π = 0.95,0.95,0.25,105,10,9,diagnostic_only_hkt_gate_failed,0.009670415722543334,-2.014554855583414,0.0012055412035872578,-2.9188179414999045,0.07614175118583741,0.032350311472371995,0.8320373545558419,0.043791439713465406
pi,0.95,pi_0p950_gamma_0p25,π = 0.95,0.95,0.25,105,11,10,diagnostic_only_hkt_gate_failed,0.010403814911647106,-1.9828073826935182,0.0012969688077884914,-2.887070468610009,0.07583946855501765,0.0321624362108676,0.8298636145388503,0.04367703234415006
pi,0.95,pi_0p950_gamma_0p25,π = 0.95,0.95,0.25,105,12,11,diagnostic_only_hkt_gate_failed,0.011189601266803819,-1.951185388959779,0.0013949271433489534,-2.85544847487627,0.07552867499372942,0.03198257881150692,0.8273758274622267,0.0435460961822225
pi,0.95,pi_0p950_gamma_0p25,π = 0.95,0.95,0.25,105,13,12,diagnostic_only_hkt_gate_failed,0.012031169900563608,-1.9196921401867009,0.0014998394545414275,-2.8239552261031915,0.07520988583002278,0.03181034135266529,0.8245913450697913,0.04339954447735748
pi,0.95,pi_0p950_gamma_0p25,π = 0.95,0.95,0.25,105,14,13,diagnostic_only_hkt_gate_failed,0.012932106332194292,-1.8883307331282684,0.0016121527222752797,-2.7925938190447592,0.07488352662931659,0.031645305596393024,0.8215261996255468,0.04323822103292356
pi,0.95,pi_0p950_gamma_0p25,π = 0.95,0.95,0.25,105,15,14,diagnostic_only_hkt_gate_failed,0.013896194145059703,-1.8571041269487583,0.0017323386186867632,-2.7613672128652493,0.07454994477313603,0.03148704130771308,0.8181951658430353,0.04306290346542296
pi,0.95,pi_0p950_gamma_0p25,π = 0.95,0.95,0.25,105,16,15,diagnostic_only_hkt_gate_failed,0.014927422657050889,-1.8260151703356335,0.00186089446335653,-2.730278256252124,0.07420942030791974,0.03133511314955013,0.8146118360090218,0.04287430715836961
pi,0.95,pi_0p950_gamma_0p25,π = 0.95,0.95,0.25,105,17,16,diagnostic_only_hkt_gate_failed,0.016029994558807988,-1.795066625061954,0.0019983441755118377,-2.6993297109784447,0.07386217480994998,0.031189085986477325,0.8107886876459797,0.042673088823472656
pi,0.95,pi_0p950_gamma_0p25,π = 0.95,0.95,0.25,105,18,17,diagnostic_only_hkt_gate_failed,0.017208333480625983,-1.7642611863379138,0.002145239217338289,-2.6685242722544045,0.07350837940057423,0.031048529115409437,0.8067371554181302,0.04245985028516479
pi,0.95,pi_0p950_gamma_0p25,π = 0.95,0.95,0.25,105,19,18,diagnostic_only_hkt_gate_failed,0.018467091444589204,-1.7336015002844043,0.0023021595229838635,-2.637864586200895,0.07314816192866092,0.03091301958280391,0.8024677045712825,0.04223514234585701
pi,0.95,pi_0p950_gamma_0p25,π = 0.95,0.95,0.25,105,20,19,diagnostic_only_hkt_gate_failed,0.019811156140995358,-1.703090179130643,0.002469714405658387,-2.607353265047134,0.07278161265616939,0.03078214451357697,0.7979898947092552,0.04199946814259242
pi,0.95,pi_0p950_gamma_0p25,π = 0.95,0.95,0.25,105,21,20,diagnostic_only_hkt_gate_failed,0.02124565798016628,-1.6727298142223646,0.0026485434367320834,-2.576992900138855,0.07240878972239781,0.03065550294418438,0.7933124487860543,0.041753286778213425
pi,0.95,pi_0p950_gamma_0p25,π = 0.95,0.95,0.25,105,22,21,diagnostic_only_hkt_gate_failed,0.022775976837904187,-1.6425229875179117,0.002839317286643099,-2.5467860734344026,0.07202972292816351,0.03053270681408477,0.7884433061674954,0.041497016114078744
pi,0.95,pi_0p950_gamma_0p25,π = 0.95,0.95,0.25,105,23,22,diagnostic_only_hkt_gate_failed,0.024407748441355372,-1.6124722814019583,0.0030427385209772415,-2.516735367318449,0.07164441793493431,0.03041338181982086,0.7833896861871548,0.04123103611511345
pi,0.95,pi_0p950_gamma_0p25,π = 0.95,0.95,0.25,105,24,23,diagnostic_only_hkt_gate_failed,0.02614687031059093,-1.5825802872243684,0.0032595423411621045,-2.486843373140859,0.07125285945215946,0.030297167767239622,0.7781581420134763,0.040955691684919845
pi,0.95,pi_0p950_gamma_0p25,π = 0.95,0.95,0.25,105,25,24,diagnostic_only_hkt_gate_failed,0.027999507157773225,-1.552849612962897,0.003490497257542354,-2.4571126988793877,0.07085501343661303,0.030183718470018068,0.7727546043653035,0.04067129496659496
pi,0.95,pi_0p950_gamma_0p25,π = 0.95,0.95,0.25,105,26,25,diagnostic_only_hkt_gate_failed,0.029972095671061447,-1.523282889801824,0.0037364056857548318,-2.427545975718315,0.07045082980114506,0.030072701694858015,0.7671844340194531,0.04037812810628705
pi,0.95,pi_0p950_gamma_0p25,π = 0.95,0.95,0.25,105,27,26,diagnostic_only_hkt_gate_failed,0.032071348578330786,-1.4938827779008834,0.003998104453323219,-2.3981458638173745,0.0700402444429738,0.029963798829460896,0.7614524666567444,0.0400764456135129
pi,0.95,pi_0p950_gamma_0p25,π = 0.95,0.95,0.25,105,28,27,diagnostic_only_hkt_gate_failed,0.03430425786394192,-1.4646519717341941,0.004276465200669544,-2.368915057650685,0.06962318033360823,0.029856704210240764,0.7555630463439811,0.039766476123367464
pi,0.95,pi_0p950_gamma_0p25,π = 0.95,0.95,0.25,105,29,28,diagnostic_only_hkt_gate_failed,0.036678097052719315,-1.4355932046525566,0.004572394665841353,-2.339856290569047,0.06919954946096064,0.029751124679630262,0.7495200708452767,0.03944842478133039
pi,0.95,pi_0p950_gamma_0p25,π = 0.95,0.95,0.25,105,30,29,diagnostic_only_hkt_gate_failed,0.03920042241701821,-1.4067092530715928,0.0048868348349880636,-2.310972338988084,0.06876925377762745,0.029646778835458038,0.7433270239012181,0.03912247494216941
pi,0.95,pi_0p950_gamma_0p25,π = 0.95,0.95,0.25,105,31,30,diagnostic_only_hkt_gate_failed,0.04187907298416694,-1.37800294022903,0.005220762943288758,-2.2822660261455208,0.06833218628750912,0.029543396313747163,0.7369870095014763,0.03878878997376195
pi,0.95,pi_0p950_gamma_0p25,π = 0.95,0.95,0.25,105,32,31,diagnostic_only_hkt_gate_failed,0.044722169206162635,-1.3494771395711194,0.005575191309112691,-2.25374022548761,0.06788823198332444,0.029440717001919907,0.7305027846466855,0.038447514981404536
pi,0.95,pi_0p950_gamma_0p25,π = 0.95,0.95,0.25,105,33,32,diagnostic_only_hkt_gate_failed,0.04773811013749281,-1.3211347778953373,0.0059511669821986045,-2.225397863811828,0.06743726847030021,0.02933849035915928,0.7238767841116771,0.03809877811114094
pi,0.95,pi_0p950_gamma_0p25,π = 0.95,0.95,0.25,105,34,33,diagnostic_only_hkt_gate_failed,0.05093556898173995,-1.2929788381411507,0.006349771188481955,-2.1972419240576415,0.066979166855118,0.029236474453716566,0.7171111556266264,0.03774269240140143
pi,0.95,pi_0p950_gamma_0p25,π = 0.95,0.95,0.25,105,35,34,diagnostic_only_hkt_gate_failed,0.054323486842616016,-1.2650123619251448,0.006772118551081287,-2.1692754478416356,0.06651379239703034,0.02913443534263819,0.7102077840334501,0.037379357054392146
pi,0.95,pi_0p950_gamma_0p25,π = 0.95,0.95,0.25,105,36,35,diagnostic_only_hkt_gate_failed,0.057911064508556535,-1.237238451886813,0.007219356066142662,-2.1415015378033035,0.06604100499539568,0.029032146232471353,0.7031683164955614,0.037008858762924327
pi,0.95,pi_0p950_gamma_0p25,π = 0.95,0.95,0.25,105,37,36,diagnostic_only_hkt_gate_failed,0.06170775210505433,-1.2096602738117035,0.007692661812870473,-2.113923359728194,0.06556065975849625,0.028929386723956264,0.695994187656259,0.03663127303453998
pi,0.95,pi_0p950_gamma_0p25,π = 0.95,0.95,0.25,105,38,37,diagnostic_only_hkt_gate_failed,0.0657232364539714,-1.1822810584522476,0.008193243377703772,-2.0865441443687387,0.06507260776702588,0.028825942148234873,0.6886866467570284,0.036246665618791
pi,0.95,pi_0p950_gamma_0p25,π = 0.95,0.95,0.25,105,39,38,diagnostic_only_hkt_gate_failed,0.06996742594194703,-1.155104103217653,0.008722335967969468,-2.0593671891341434,0.0645766964161601,0.028721602801520082,0.6812467786781594,0.03585509361464
pi,0.95,pi_0p950_gamma_0p25,π = 0.95,0.95,0.25,105,40,39,diagnostic_only_hkt_gate_failed,0.0744504327281838,-1.1281327736550388,0.00928120019385492,-2.0323958595715297,0.06407276994806688,0.02861616325720567,0.6736755271263624,0.03545660669086121
pi,0.95,pi_0p950_gamma_0p25,π = 0.95,0.95,0.25,105,41,40,diagnostic_only_hkt_gate_failed,0.07918255213454044,-1.1013705046034439,0.009871119499119015,-2.0056335905199347,0.06356067027351564,0.028509421799553215,0.6659737210052853,0.03505124847396242
pi,0.95,pi_0p950_gamma_0p25,π = 0.95,0.95,0.25,105,42,41,diagnostic_only_hkt_gate_failed,0.08417423903616066,-1.0748208010924154,0.01049339721788159,-1.9790838870089063,0.0630402376162207,0.02840117982675901,0.6581420979997713,0.034639057789461684
pi,0.95,pi_0p950_gamma_0p25,π = 0.95,0.95,0.25,105,43,42,diagnostic_only_hkt_gate_failed,0.08943608106838909,-1.0484872390603095,0.011149353234522253,-1.9527503249768001,0.0625113109720896,0.02829124121326009,0.65018132541776,0.034220069758829505
pi,0.95,pi_0p950_gamma_0p25,π = 0.95,0.95,0.25,105,44,43,diagnostic_only_hkt_gate_failed,0.09497876852915185,-1.0223734656706263,0.011840320231626546,-1.926636551587117,0.06197372910966911,0.028179411863634284,0.642092027674661,0.03379431724603482
pi,0.95,pi_0p950_gamma_0p25,π = 0.95,0.95,0.25,105,45,44,diagnostic_only_hkt_gate_failed,0.10081306079640563,-0.9964831993948537,0.012567639503490814,-1.9007462853113444,0.06142733115625769,0.02806549916145667,0.6338748079012186,0.033361831994801014
pi,0.95,pi_0p950_gamma_0p25,π = 0.95,0.95,0.25,105,46,45,diagnostic_only_hkt_gate_failed,0.10694974916204672,-0.9708202296774621,0.013332656322892782,-1.8750833155939528,0.06087195763289298,0.027949311574044736,0.6255302751181161,0.032922646058848246
pi,0.95,pi_0p950_gamma_0p25,π = 0.95,0.95,0.25,105,47,46,diagnostic_only_hkt_gate_failed,0.11339961598781001,-0.945388416119104,0.014136714849351157,-1.849651502035595,0.060307451642459695,0.027830658331100284,0.6170590729158282,0.03247679331135941
pi,0.95,pi_0p950_gamma_0p25,π = 0.95,0.95,0.25,105,48,47,diagnostic_only_hkt_gate_failed,0.12017339005732447,-0.9201916873304042,0.014981152563187413,-1.824454773246895,0.05973365968225669,0.027709349002398558,0.608461902917304,0.032024310679858135
pi,0.95,pi_0p950_gamma_0p25,π = 0.95,0.95,0.25,105,49,48,diagnostic_only_hkt_gate_failed,0.12728169809958584,-0.8952340392825905,0.015867294222305556,-1.7994971251990812,0.05915043287761638,0.027585193221290313,0.5997395534701946,0.031565239656326065
pi,0.95,pi_0p950_gamma_0p25,π = 0.95,0.95,0.25,105,50,49,diagnostic_only_hkt_gate_failed,0.13473501249945355,-0.8705195330116591,0.01679644534363581,-1.7747826189281497,0.0585576285605194,0.027458000550669354,0.5908929321871503,0.03109962800985005
pi,0.95,pi_0p950_gamma_0p25,π = 0.95,0.95,0.25,105,51,50,diagnostic_only_hkt_gate_failed,0.1425435951736521,-0.8460522918110701,0.0177698852065591,-1.750315377727561,0.05795511151364756,0.02732758026466783,0.5819230937306143,0.030627531248979732
pi,0.95,pi_0p950_gamma_0p25,π = 0.95,0.95,0.25,105,52,51,diagnostic_only_hkt_gate_failed,0.15071743775310167,-0.821836497640024,0.0187888593958684,-1.7260995835565147,0.05734275587403205,0.027193741364201905,0.5728312756867723,0.03014901450983015
pi,0.95,pi_0p950_gamma_0p25,π = 0.95,0.95,0.25,105,53,52,diagnostic_only_hkt_gate_failed,0.1592661981403976,-0.7978763869031614,0.019854571892845653,-1.7021394728196522,0.05672044664997645,0.02705629250402039,0.5636189287731648,0.029664154145956072
pi,0.95,pi_0p950_gamma_0p25,π = 0.95,0.95,0.25,105,54,53,diagnostic_only_hkt_gate_failed,0.1681991336762312,-0.774176245402561,0.02096817674360009,-1.678439331319052,0.05608808171561279,0.026915042102842235,0.55428775264264,0.029173039612770554
pi,0.95,pi_0p950_gamma_0p25,π = 0.95,0.95,0.25,105,55,54,diagnostic_only_hkt_gate_failed,0.17752503120736304,-0.7507404023340016,0.022130769341145134,-1.6550034882504925,0.05544557410791058,0.02676979860394376,0.544839734575369,0.02867577550396682
pi,0.95,pi_0p950_gamma_0p25,π = 0.95,0.95,0.25,105,56,55,diagnostic_only_hkt_gate_failed,0.18725213435268157,-0.727573223389194,0.023343377358180897,-1.6318363093056847,0.054792854163515044,0.026620370733965972,0.5352771851614319,0.02817248342954907
pi,0.95,pi_0p950_gamma_0p25,π = 0.95,0.95,0.25,105,57,56,diagnostic_only_hkt_gate_failed,0.1973880684202992,-0.7046791028104288,0.024606951387048305,-1.6089421887269195,0.05412987201805159,0.026466567935240964,0.5256027775734015,0.02766330408281063
pi,0.95,pi_0p950_gamma_0p25,π = 0.95,0.95,0.25,105,58,57,diagnostic_only_hkt_gate_failed,0.2079397634904597,-0.6820624543278117,0.0259223553510282,-1.5863255402443026,0.05345660026264966,0.026308200928737025,0.5158195873443396,0.02714839933391264
pi,0.95,pi_0p950_gamma_0p25,π = 0.95,0.95,0.25,105,59,58,diagnostic_only_hkt_gate_failed,0.218913376220631,-0.6597277010116691,0.027290356756344402,-1.56399078692816,0.052773036508117196,0.02614508232643752,0.5059311294519133,0.026627954181679674
pi,0.95,pi_0p950_gamma_0p25,π = 0.95,0.95,0.25,105,60,59,diagnostic_only_hkt_gate_failed,0.23031421113651077,-0.6376792638258094,0.028711616880079244,-1.5419423497423004,0.052079206454654706,0.025977027512189173,0.49594139990684477,0.02610217894246554
pi,0.95,pi_0p950_gamma_0p25,π = 0.95,0.95,0.25,105,61,60,diagnostic_only_hkt_gate_failed,0.24214664215581166,-0.615921548931351,0.030186680987108108,-1.5201846348478416,0.051375166824975727,0.0258038556086145,0.4858549131108629,0.02557131121636123
pi,0.95,pi_0p950_gamma_0p25,π = 0.95,0.95,0.25,105,62,61,diagnostic_only_hkt_gate_failed,0.2544140351232032,-0.594458933871003,0.031715968673087507,-1.4987220197874938,0.05066100796680882,0.025625390447770045,0.47567673286173623,0.025035617519038773
pi,0.95,pi_0p950_gamma_0p25,π = 0.95,0.95,0.25,105,63,62,diagnostic_only_hkt_gate_failed,0.2671186724448809,-0.5732957523517663,0.03329976446918869,-1.4775588382682572,0.049936857121602285,0.0254414619238051,0.465412508758146,0.02449539519779718
pi,0.95,pi_0p950_gamma_0p25,π = 0.95,0.95,0.25,105,64,63,diagnostic_only_hkt_gate_failed,0.2802616806382422,-0.5524362779978585,0.0349382088102366,-1.4566993639143495,0.049202880776046405,0.02525190721768359,0.45506849760889306,0.023950973558362818
pi,0.95,pi_0p950_gamma_0p25,π = 0.95,0.95,0.25,105,65,64,diagnostic_only_hkt_gate_failed,0.2938429619571022,-0.531884706922694,0.03663128951091714,-1.4361477928391846,0.04845928736290756,0.025056572310967713,0.4446515859868566,0.023402715051939846
pi,0.95,pi_0p950_gamma_0p25,π = 0.95,0.95,0.25,105,66,65,diagnostic_only_hkt_gate_failed,0.30786113102006013,-0.5116451394472031,0.038378833865691096,-1.4159082253636939,0.04770632915483773,0.024855313441702217,0.43416929854957437,0.022851015713135515
pi,0.95,pi_0p950_gamma_0p25,π = 0.95,0.95,0.25,105,67,66,diagnostic_only_hkt_gate_failed,0.32231345750593554,-0.4917215610760812,0.04018050150504632,-1.395984646992572,0.04694430387489772,0.024647998660605634,0.4236297990715493,0.02229630521429209
pi,0.95,pi_0p950_gamma_0p25,π = 0.95,0.95,0.25,105,68,67,diagnostic_only_hkt_gate_failed,0.33719581579382873,-0.4721178231010491,0.04203577811748598,-1.3763809090175398,0.04617355540489354,0.024434509290825288,0.41304187616729643,0.021739046114068256
pi,0.95,pi_0p950_gamma_0p25,π = 0.95,0.95,0.25,105,69,68,diagnostic_only_hkt_gate_failed,0.35250264251584745,-0.45283762299669783,0.04394397015793229,-1.3571007089131888,0.04539447408617259,0.02421474145377088,0.402414920015632,0.021179732632401707
pi,0.95,pi_0p950_gamma_0p25,π = 0.95,0.95,0.25,105,70,69,diagnostic_only_hkt_gate_failed,0.3682269026411401,-0.4338844851373239,0.04590420061966666,-1.3381475710538149,0.04460749574263328,0.02398860735139332,0.3917588794335588,0.02061888839123996
pi,0.95,pi_0p950_gamma_0p25,π = 0.95,0.95,0.25,105,71,70,diagnostic_only_hkt_gate_failed,0.3843600647298922,-0.415261742149224,0.0479154059494234,-1.3195248280657148,0.043813099947438844,0.023756036429663698,0.38108420683772753,0.020057063517775153
pi,0.95,pi_0p950_gamma_0p25,π = 0.95,0.95,0.25,105,72,71,diagnostic_only_hkt_gate_failed,0.40089208574488877,-0.39697251733703154,0.04997633415395639,-1.3012356032535224,0.04301180724020937,0.023516976304431045,0.3704017877797879,0.019494830935778328
pi,0.95,pi_0p950_gamma_0p25,π = 0.95,0.95,0.25,105,73,72,diagnostic_only_hkt_gate_failed,0.4178114056522243,-0.3790197085773177,0.0520855441269484,-1.2832827944938086,0.04220417541019327,0.023271393423941685,0.3597228577387797,0.018932781986251583
pi,0.95,pi_0p950_gamma_0p25,π = 0.95,0.95,0.25,105,74,73,diagnostic_only_hkt_gate_failed,0.43510495187379283,-0.3614059740292192,0.05424140620407102,-1.26566905994571,0.041390794955854474,0.023019273444378662,0.3490589087180401,0.01837152151147581
pi,0.95,pi_0p950_gamma_0p25,π = 0.95,0.95,0.25,105,75,74,diagnostic_only_hkt_gate_failed,0.45275815351924376,-0.34413371992824726,0.05644210393718031,-1.2483968058447381,0.04057228392696275,0.02276062132034431,0.33842158952575013,0.017811662606618445
pi,0.95,pi_0p950_gamma_0p25,π = 0.95,0.95,0.25,105,76,75,diagnostic_only_hkt_gate_failed,0.47075496522964133,-0.3272050906199273,0.05868563706673432,-1.2314681765364182,0.0397492824160319,0.022495461132187318,0.32782260439304683,0.017253821283844586
pi,0.95,pi_0p950_gamma_0p25,π = 0.95,0.95,0.25,105,77,76,diagnostic_only_hkt_gate_failed,0.4890779004291696,-0.31062196085179694,0.06096982566704417,-1.2148850467682877,0.03892244703269368,0.022223835701647345,0.31727361528988013,0.01669861133104634
pi,0.95,pi_0p950_gamma_0p25,π = 0.95,0.95,0.25,105,78,77,diagnostic_only_hkt_gate_failed,0.5077080738106985,-0.2943859301869769,0.06329231544264409,-1.1986490161034677,0.038092445733452204,0.021945806065801064,0.3067861536853713,0.016146639667651137
pi,0.95,pi_0p950_gamma_0p25,π = 0.95,0.95,0.25,105,79,78,diagnostic_only_hkt_gate_failed,0.5266252529122347,-0.2784983192947439,0.06565058415795677,-1.1827614052112345,0.03725995326320068,0.021661450870633873,0.2963715454587691,0.015598502392566809
pi,0.95,pi_0p950_gamma_0p25,π = 0.95,0.95,0.25,105,80,79,diagnostic_only_hkt_gate_failed,0.5458079188530968,-0.2629601676597928,0.06804194920883558,-1.1672232535762836,0.03642564771587003,0.02137086584228867,0.28604085559804554,0.01505478187358136
pi,0.95,pi_0p950_gamma_0p25,π = 0.95,0.95,0.25,105,81,80,diagnostic_only_hkt_gate_failed,0.5652333363898706,-0.24777223220348232,0.070463576355937,-1.152035318119973,0.03559020832382283,0.021074163395655706,0.27580485363517504,0.014516044928167122
pi,0.95,pi_0p950_gamma_0p25,π = 0.95,0.95,0.25,105,82,81,diagnostic_only_hkt_gate_failed,0.5848776335187235,-0.2329349863048718,0.07291248964816872,-1.1371980722213626,0.03475431448244085,0.02077147240875296,0.26567399940006964,0.01398284207368789
pi,0.95,pi_0p950_gamma_0p25,π = 0.95,0.95,0.25,105,83,82,diagnostic_only_hkt_gate_failed,0.6047158910757996,-0.21844861860118428,0.07538558259252681,-1.122711704517675,0.03391864626063034,0.02046293831484089,0.25565845096999923,0.013455707945789446
pi,0.95,pi_0p950_gamma_0p25,π = 0.95,0.95,0.25,105,84,83,diagnostic_only_hkt_gate_failed,0.6247222426215282,-0.2043130311504629,0.07787963060595435,-1.1085761170669537,0.033083885905721734,0.0201487234129732,0.24576808736222192,0.012935162492748535
pi,0.95,pi_0p950_gamma_0p25,π = 0.95,0.95,0.25,105,85,84,diagnostic_only_hkt_gate_failed,0.6448699851188288,-0.19052783643003438,0.08039130481279741,-1.094790922346525,0.03225072059665169,0.01982900759322083,0.23601254706518607,0.012421713003430859
pi,0.95,pi_0p950_gamma_0p25,π = 0.95,0.95,0.25,105,86,85,diagnostic_only_hkt_gate_failed,0.6651317002843451,-0.1770923531273804,0.08291718717279119,-1.081355439043871,0.03141984529142371,0.019503989137897297,0.2264012669170017,0.011915856153526416
pi,0.95,pi_0p950_gamma_0p25,π = 0.95,0.95,0.25,105,87,86,diagnostic_only_hkt_gate_failed,0.6854793867015324,-0.16400560050449042,0.0854537869506486,-1.0682686864209812,0.030591966085045483,0.019173885823491887,0.21694352496951802,0.011418080261553592
pi,0.95,pi_0p950_gamma_0p25,π = 0.95,0.95,0.25,105,88,87,diagnostic_only_hkt_gate_failed,0.7058846019854855,-0.15126629160718175,0.08799755843872732,-1.0555293775236725,0.029767802912559184,0.018838935991864255,0.20764847149320342,0.010928866920694927
pi,0.95,pi_0p950_gamma_0p25,π = 0.95,0.95,0.25,105,89,88,diagnostic_only_hkt_gate_failed,0.7263186140286664,-0.13887282563573083,0.09054491981174738,-1.0431359115522216,0.02894809149499058,0.018499399548363594,0.19852514698591256,0.010448691946626986
pi,0.95,pi_0p950_gamma_0p25,π = 0.95,0.95,0.25,105,90,89,diagnostic_only_hkt_gate_failed,0.7467525598639818,-0.12682327996200451,0.09309227293110887,-1.0310863658784952,0.028133584133242347,0.018155558777798664,0.1895824817534298,0.009978025355443683
pi,0.95,pi_0p950_gamma_0p25,π = 0.95,0.95,0.25,105,91,90,diagnostic_only_hkt_gate_failed,0.7671576101192003,-0.1151154024483564,0.0956360238462417,-1.0193784883648471,0.027325048954549506,0.017807718799744125,0.18082927294130202,0.00951733015480538
pi,0.95,pi_0p950_gamma_0p25,π = 0.95,0.95,0.25,105,92,91,diagnostic_only_hkt_gate_failed,0.7875051364662135,-0.1037466048632406,0.09817260366930128,-1.0080096907797313,0.026523267290344064,0.017456207453765353,0.17227413689499535,0.009067059836578711
pi,0.95,pi_0p950_gamma_0p25,π = 0.95,0.95,0.25,105,93,92,diagnostic_only_hkt_gate_failed,0.8077668791147726,-0.0927139581882937,0.10069848945540844,-0.9969770441047845,0.025729029196533415,0.017101374509755095,0.16392543904878792,0.00862765468677832
pi,0.95,pi_0p950_gamma_0p25,π = 0.95,0.95,0.25,105,94,93,diagnostic_only_hkt_gate_failed,0.8279151108538126,-0.08201419072447502,0.10321022465250179,-0.9862772766409659,0.024943126859967704,0.0167435899634198,0.15579120103441002,0.008199536896547904
pi,0.95,pi_0p950_gamma_0p25,π = 0.95,0.95,0.25,105,95,94,diagnostic_only_hkt_gate_failed,0.8479227936902058,-0.07164368996119798,0.10570443862836529,-0.9759067758776888,0.024166345769145052,0.016383241158329467,0.14787898760549595,0.007783104610815584
pi,0.95,pi_0p950_gamma_0p25,π = 0.95,0.95,0.25,105,96,95,diagnostic_only_hkt_gate_failed,0.8677637235837296,-0.06159850928483447,0.10817786471369584,-0.9658615952013252,0.0233994533950136,0.016020728375901277,0.140195775363134,0.007378725019112323
pi,0.95,pi_0p950_gamma_0p25,π = 0.95,0.95,0.25,105,97,96,diagnostic_only_hkt_gate_failed,0.8874126580355551,-0.0518743808078949,0.11062735610764292,-0.9561374667243857,0.022643184910609584,0.015656458367414743,0.13274780432070185,0.006986726543194841
pi,0.95,pi_0p950_gamma_0p25,π = 0.95,0.95,0.25,105,98,97,diagnostic_only_hkt_gate_failed,0.9068454201803386,-0.04246673596536009,0.11304989885422155,-0.946729821881851,0.02189822510285286,0.015290835034384817,0.12554041130089266,0.0066073900684680414
pi,0.95,pi_0p950_gamma_0p25,π = 0.95,0.95,0.25,105,99,98,diagnostic_only_hkt_gate_failed,0.9260389712855459,-0.03337073614946373,0.11544262088028143,-0.9376338220659546,0.02116518502281277,0.014924246039299503,0.11857784068675196,0.006240938983513268
pi,0.95,pi_0p950_gamma_0p25,π = 0.95,0.95,0.25,105,100,99,diagnostic_only_hkt_gate_failed,0.9449714407710531,-0.02458131667905729,0.11780279573783498,-0.9288444025955481,0.020444570987357837,0.014557043468956445,0.1118630228496263,0.00588752751840139
pi,0.95,pi_0p950_gamma_0p25,π = 0.95,0.95,0.25,105,101,100,diagnostic_only_hkt_gate_failed,0.963622098436271,-0.01609324902354346,0.12012783914181259,-0.9203563349400342,0.019736742149582723,0.014189515661784417,0.10539730326816772,0.005547226487798307
pi,0.95,pi_0p950_gamma_0p25,π = 0.95,0.95,0.25,105,102,101,diagnostic_only_hkt_gate_failed,0.9819712466818162,-0.007901228700061626,0.12241529553411315,-0.9121643146165525,0.019041850820276443,0.0138218457847907,0.09918009567422897,0.005220005035485741
pi,0.95,pi_0p950_gamma_0p25,π = 0.95,0.95,0.25,105,103,102,diagnostic_only_hkt_gate_failed,1.0,0.0,0.12466281059426869,-0.9042630859164907,0.01835975684533002,0.013454050485447162,0.09320842083777414,0.0049057063598828545
pi,0.95,pi_0p950_gamma_0p25,π = 0.95,0.95,0.25,105,104,103,diagnostic_only_hkt_gate_failed,,,,,0.017689903471958483,0.013085888685574141,0.08747628094130241,0.004604014786384342
pi,0.95,pi_0p950_gamma_0p25,π = 0.95,0.95,0.25,105,105,104,diagnostic_only_hkt_gate_failed,,,,,0.017031137395913755,0.012716726095206741,0.08197381471343321,0.0043144113007070155
