T_report,model_T,n_buffer,terminal_rule,t,model_t,periods_to_report_end,e_W_over_e_US,Y_W_over_Y_US,Q_W_over_e_US,zeta,abs_zeta_gap,Lambda_u,Lambda_b,Lambda_u_over_Lambda_b,phi_US,hkt_scalar_phi_US_same_state,abs_log_phi_US_vs_HKT_scalar,phi_W,q_US,q_W,residual_norm
30,29,0,local_loglinear,1,0,29,1.8905489305118306,1.9413556198342408,0.9038178660077935,0.8825268256025048,0.11747317439749516,,,,0.9932766422755183,0.9337836851161863,0.061764406780686135,0.7466805409386618,1.0667190368697315,2.3249284524801364,9.444954717907831e-12
30,29,0,local_loglinear,2,1,28,1.9730369965815278,2.0276623268270644,0.9344461533419904,0.8969721907464306,0.10302780925356936,1.0410485222195913,1.0940509703533396,0.9515539498889797,0.9850947192320787,0.9334988401525799,0.053798077696574825,0.750253589602985,1.083364371299011,2.3054292629678668,1.0337757456800832e-9
30,29,0,local_loglinear,3,2,27,2.051702867258132,2.110129678780688,0.9637229365529928,0.9105977686669502,0.08940223133304981,1.0419289427183027,1.096424269484925,0.9502972268278748,0.9771604547428103,0.9328681467363176,0.04638700160438913,0.7534054885661245,1.10050617573145,2.2884313376320096,1.1128440389470764e-11
30,29,0,local_loglinear,4,3,26,2.126174026037522,2.188356539664401,0.9915254772824805,0.9233037039377787,0.07669629606222128,1.0427915173281632,1.0987247394364401,0.9490925978994827,0.9695114709625504,0.9319032261304545,0.03956333177575462,0.7561709199883961,1.1180545029724822,2.2736719496259354,8.270892818756261e-10
30,29,0,local_loglinear,5,4,25,2.196164190831236,2.262029823537337,1.01775798962433,0.9350165022328139,0.06498349776718615,1.0436295525569184,1.101031987877902,0.9478648795375877,0.9621723309417423,0.9306175157916621,0.03334521154070946,0.7585831856939277,1.1359354436448321,2.260913731007415,9.838129220639274e-12
30,29,0,local_loglinear,6,5,24,2.2614673298440646,2.3309189243458075,1.042350532179529,0.9456855065393132,0.05431449346068684,1.0444387180030943,1.103404488672037,0.9465601497235987,0.9551573234048734,0.9290256677546951,0.027739695585295827,0.7606735474154225,1.1540886322725397,2.2499446748777023,5.682049252982957e-11
30,29,0,local_loglinear,7,6,23,2.3219506375199512,2.3948690328421343,1.065257221198012,0.9552798427877041,0.04472015721229594,1.045216242404463,1.1058860590689237,0.9451391794236558,0.9484726569064315,0.9271430686002351,0.022745072521321373,0.7624709205032096,1.1724653386413668,2.240576762030441,9.714246345858652e-10
30,29,0,local_loglinear,8,7,22,2.377546816451963,2.453793661750894,1.086453993967009,0.9637856695346951,0.03621433046530487,1.0459604020390112,1.108510140541346,0.9435731472228226,0.9421182211139875,0.9249854571377998,0.018352751447243874,0.7640017838919609,1.191026930560612,2.23264395842543,1.2412151345979e-11
30,29,0,local_loglinear,9,8,21,2.4282460089677573,2.5076667130052157,1.1059361177611953,0.971203644211674,0.028796355788325956,1.0466702007008222,1.1113027184861686,0.9418407633579897,0.9360890216732748,0.9225686220287679,0.014548820409187618,0.7652902172039343,1.209743572421203,2.2260000113947087,6.384870623883154e-11
30,29,0,local_loglinear,10,9,20,2.474087694933606,2.556514410294899,1.123715585989107,0.9775466041917334,0.022453395808266552,1.0473451428501173,1.1142843339712056,0.9399262925266809,0.9303763437305916,0.9199081656514785,0.01131532985156232,0.7663580149181889,1.2285931182533951,2.2205162439638655,1.0202551814253778e-9
30,29,0,local_loglinear,11,10,19,2.515152803113967,2.600407352283261,1.1398185280008086,0.9828374330811602,0.017162566918839772,1.0479850961272155,1.1174714922381428,0.9378181934898799,0.9249687041356146,0.9170193225562462,0.008631360048788062,0.7672248381761576,1.2475601350861658,2.2160794864164233,1.3768943568158373e-11
30,29,0,local_loglinear,12,11,18,2.5515562383936516,2.6394529070935993,1.1542827110896337,0.9871071361765282,0.012892863823471767,1.048590182301545,1.1208776460806418,0.9355081582437983,0.9198526190229895,0.9139168232015074,0.006473896244768032,0.7679083863450198,1.2666350575290162,2.2125901767470935,6.626803281190713e-11
30,29,0,local_loglinear,13,12,17,2.583439955973103,2.673788092892989,1.167155206067399,0.9903931016945146,0.009606898305485445,1.0491607171742026,1.1245138970565591,0.9329904413990834,0.9150132284857179,0.910614794691982,0.004818552572913984,0.768424569965138,1.2858134312410658,2.2099606717353057,1.5407022435094814e-10
30,29,0,local_loglinear,14,13,16,2.6109666777026668,2.7035730595370158,1.1784902490462914,0.9927375665737788,0.0072624334262212376,1.0496971554989103,1.1283894732486055,0.9302613861478679,0.9104347939538332,0.9071266919410665,0.0036401581914465436,0.7687876804177628,1.3050952559321705,2.2081137483878805,6.648920674936035e-10
30,29,0,local_loglinear,15,14,15,2.634314290929124,2.7289852250812316,1.188347328456802,0.9941862646444016,0.005813735355598371,1.0502000625628996,1.132512076236549,0.9273190852435053,0.9061010971120671,0.9034652533394745,0.002913234583657054,0.7690105485191588,1.3244843998766722,2.206981299501425,1.2109744659572407e-11
30,29,0,local_loglinear,16,15,14,2.6536709461187935,2.7502140989431947,1.1967895037070801,0.9947872611267694,0.0052127388732305935,1.0506700870234789,1.1368881238995052,0.9241631299830101,0.9019957524230409,0.8996424762381396,0.0026123752102867326,0.7691046911237845,1.3439880917721712,2.2065031989526647,5.5853017554332266e-11
30,29,0,local_loglinear,17,16,13,2.669230836601034,2.7674567845626763,1.2038819572894197,0.9945899464957488,0.005410053504251167,1.0511079504102985,1.1415229196586598,0.9207944337417269,0.8981024553212127,0.8956696081052729,0.002712550560096394,0.769080443303059,1.3636164642434307,2.2066263259676395,1.2296680342190925e-10
30,29,0,local_loglinear,18,17,12,2.681190633537958,2.7809141462839277,1.2096907693692813,0.9936441951490005,0.0063558048509995135,1.0515144300771992,1.1464207844964582,0.9172150787017137,0.894405170389732,0.8915571501803876,0.0031893423401944537,0.7689470775944806,1.3833821634497743,2.207303722496736,1.933535776510161e-10
30,29,0,local_loglinear,19,18,11,2.6897465272493726,2.7907875973419913,1.2142819007277705,0.9919996658358701,0.00800033416412993,1.0518903502129144,1.1515851570392577,0.9134281939837953,0.8908882739944847,0.8873148706929048,0.004019122474792677,0.768712910331808,1.403300009025862,2.2084938692722678,7.424511160426101e-10
30,29,0,local_loglinear,20,19,10,2.695091822621314,2.797276462235433,1.2177203653673743,0.9897052347389805,0.010294765261019467,1.0522365713586335,1.157018679510361,0.9094378422688298,0.8875366576774583,0.8829518253680813,0.005179183713291138,0.7683853964670312,1.4233867057611984,2.2101600621055337,1.34405658706531e-11
30,29,0,local_loglinear,21,20,9,2.6974150303603968,2.8005758603832014,1.2200695670171595,0.9868085622092829,0.013191437790717075,1.0525539701616762,1.1627232899350006,0.9052488922110753,0.8843357925497007,0.8784763832637195,0.00664782209399499,0.7679712158410692,1.4436606237378793,2.212269864525246,5.649888672299127e-11
30,29,0,local_loglinear,22,21,8,2.6968983865997824,2.800875043872215,1.2213907764845897,0.9833557712155998,0.016644228784400195,1.052843423283405,1.16870030869375,0.9008668992824708,0.8812717638484594,0.8738962560616721,0.00840438193530671,0.7674763516444666,1.4641416370544447,2.2147946259473654,1.1440198991362944e-10
30,29,0,local_loglinear,23,22,7,2.693716739823623,2.798356134237893,1.2217427125852467,0.9793912667171778,0.0206087332828222,1.0531057613295427,1.1749505629741233,0.8962979333052467,0.8783312611685354,0.8692185293705681,0.010429247219006926,0.766906167171439,1.4848510798077637,2.2177090285775547,1.047723892964878e-9
30,29,0,local_loglinear,24,23,6,2.6880367259471574,2.79319318076788,1.2211811847014469,0.9749577041992128,0.025042295800787207,1.0533417030127092,1.1814745375357822,0.8915483741271975,0.8755015178383704,0.8644496941015285,0.012703772720281531,0.7662654856600145,1.505811861470913,2.220990633622381,1.8536879728871634e-11
30,29,0,local_loglinear,25,24,5,2.6800161480595417,2.7855514666975454,1.2197587265676846,0.9700961842766068,0.02990381572339318,1.0535517195531585,1.1882726162139639,0.886624588648648,0.8727701609222503,0.8595956758199024,0.015210111873941862,0.7655586862619234,1.527048890670147,2.224619355281167,8.690747475940356e-11
30,29,0,local_loglinear,26,25,4,2.6698034400802646,2.775586953996362,1.217524118708329,0.9648467757763792,0.03515322422362077,1.0537358024547785,1.195345470595352,0.8815324342425931,0.8701249190555472,0.854661858611159,0.01793088275593424,0.7647898339234791,1.5485900259961614,2.2285767656354363,2.390314998480029e-10
30,29,0,local_loglinear,27,26,3,2.657537049779301,2.7634457350660746,1.2145216042326634,0.9592496423760242,0.04075035762397583,1.0538929980545728,1.2026947397321046,0.8762763843877153,0.8675530533535863,0.849653098171012,0.02084852017258157,0.7639628841862928,1.5704680772577977,2.232845011386421,5.450036871726535e-10
30,29,0,local_loglinear,28,27,2,2.6433444522159397,2.7492632565906647,1.2107894559829708,0.9533472397111759,0.04665276028882415,1.0540205389509008,1.2103242816440571,0.8708579633874324,0.8650402803682129,0.8445737140187739,0.02394405313440015,0.7630820331496971,1.5927247894717491,2.23740496609596,1.149729303829139e-9
30,29,0,local_loglinear,29,28,1,2.6273402991829578,2.733162930133438,1.2063572545856034,0.9471885132314735,0.05281148676852654,1.0541121793697514,1.2182425156610752,0.8652728548040708,0.8625687290691164,0.8394274425913089,0.02719478813914261,0.7621523496910282,1.6154186714103131,2.242232882860283,2.3355372241460873e-9
30,29,0,local_loglinear,30,29,0,2.6096228010153113,2.7152534316706003,1.2012406764343835,0.9408368615585062,0.05916313844149379,1.05415501227421,1.2264669156460886,0.8595054614407543,0.8601130614280935,0.8342173168598117,0.030569907193234186,0.7611809503640775,1.6386402796927975,2.2472941465739535,1.0187088860673365e-7
45,44,0,local_loglinear,1,0,44,1.8905489305118306,1.9413556198342408,0.9038178660077935,0.8825268256025048,0.11747317439749516,,,,0.9932766422755183,0.9337836851161863,0.061764406780686135,0.7466805409386618,1.0667190368697315,2.3249284524801364,9.444954717907831e-12
45,44,0,local_loglinear,2,1,43,1.9730369965815278,2.0276623268270644,0.9344461533419904,0.8969721907464306,0.10302780925356936,1.0410485222195913,1.0940509703533396,0.9515539498889797,0.9850947192320787,0.9334988401525799,0.053798077696574825,0.750253589602985,1.083364371299011,2.3054292629678668,1.0337757456800832e-9
45,44,0,local_loglinear,3,2,42,2.051702867258132,2.110129678780688,0.9637229365529928,0.9105977686669502,0.08940223133304981,1.0419289427183027,1.096424269484925,0.9502972268278748,0.9771604547428103,0.9328681467363176,0.04638700160438913,0.7534054885661245,1.10050617573145,2.2884313376320096,1.1128440389470764e-11
45,44,0,local_loglinear,4,3,41,2.126174026037522,2.188356539664401,0.9915254772824805,0.9233037039377787,0.07669629606222128,1.0427915173281632,1.0987247394364401,0.9490925978994827,0.9695114709625504,0.9319032261304545,0.03956333177575462,0.7561709199883961,1.1180545029724822,2.2736719496259354,8.270892818756261e-10
45,44,0,local_loglinear,5,4,40,2.196164190831236,2.262029823537337,1.01775798962433,0.9350165022328139,0.06498349776718615,1.0436295525569184,1.101031987877902,0.9478648795375877,0.9621723309417423,0.9306175157916621,0.03334521154070946,0.7585831856939277,1.1359354436448321,2.260913731007415,9.838129220639274e-12
45,44,0,local_loglinear,6,5,39,2.2614673298440646,2.3309189243458075,1.042350532179529,0.9456855065393132,0.05431449346068684,1.0444387180030943,1.103404488672037,0.9465601497235987,0.9551573234048734,0.9290256677546951,0.027739695585295827,0.7606735474154225,1.1540886322725397,2.2499446748777023,5.682049252982957e-11
45,44,0,local_loglinear,7,6,38,2.3219506375199512,2.3948690328421343,1.065257221198012,0.9552798427877041,0.04472015721229594,1.045216242404463,1.1058860590689237,0.9451391794236558,0.9484726569064315,0.9271430686002351,0.022745072521321373,0.7624709205032096,1.1724653386413668,2.240576762030441,9.714246345858652e-10
45,44,0,local_loglinear,8,7,37,2.377546816451963,2.453793661750894,1.086453993967009,0.9637856695346951,0.03621433046530487,1.0459604020390112,1.108510140541346,0.9435731472228226,0.9421182211139875,0.9249854571377998,0.018352751447243874,0.7640017838919609,1.191026930560612,2.23264395842543,1.7759978672646197e-10
45,44,0,local_loglinear,9,8,36,2.4282460089513798,2.5076667129567576,1.1059361178941423,0.9712036439649635,0.028796356035036497,1.046670200894807,1.1113027184861686,0.941840763532546,0.9360890217914465,0.9225686220287679,0.014548820535427429,0.7652902171547363,1.2097435721445462,2.2260000116478373,1.1644717364631828e-9
45,44,0,local_loglinear,10,9,35,2.474087694929311,2.5565144100104495,1.12371558705242,0.9775466019848155,0.022453398015184534,1.0473451442894657,1.1142843337639474,0.9399262939932329,0.9303763447805233,0.9199081656563604,0.011315330974757537,0.7663580145504303,1.228593115731806,2.220516245849031,1.092321152879845e-9
45,44,0,local_loglinear,11,10,34,2.5151528043048246,2.6004073534268817,1.1398185288015383,0.9828374324929062,0.017162567507093773,1.0479850949615181,1.1174714905964716,0.9378181938244673,0.9249687044597766,0.917019322604318,0.008631360346823602,0.7672248380872287,1.2475601341951,2.2160794868709153,8.452048273481325e-10
45,44,0,local_loglinear,12,11,33,2.5515562398221308,2.6394529082050653,1.1542827129254905,0.9871071334618566,0.012892866538143366,1.048590183829948,1.1208776455020113,0.9355081600903125,0.9198526203455146,0.9139168232627184,0.006473897615549035,0.767908385944571,1.2666350541007503,2.2125901787888487,1.2469424294955483e-11
45,44,0,local_loglinear,13,12,32,2.583439958671781,2.673788094953049,1.167155209648707,0.9903930963348889,0.009606903665111077,1.0491607191201866,1.1245138949771696,0.9329904448548296,0.9150132310713087,0.9106147948069645,0.004818555272386435,0.7684245691783825,1.285813424410229,2.209960675739565,1.0013566397237803e-9
45,44,0,local_loglinear,14,13,31,2.610966682997176,2.7035730637713806,1.1784902553318153,0.9927375576050271,0.007262442394972868,1.0496971581624457,1.1283894691283323,0.9302613919051589,0.910434798279956,0.9071266921607062,0.0036401627010305276,0.7687876791321783,1.3050952442116197,2.2081137549227723,1.4784707207951183e-11
45,44,0,local_loglinear,15,14,30,2.6343143004884677,2.728985232634596,1.1883473402202525,0.9941862480002644,0.00581375199973555,1.0502000683238035,1.132512069266728,0.9273190960373434,0.9061011050832387,0.9034652537332966,0.0029132429449762742,0.7690105460801548,1.3244843778729691,2.2069813118898507,9.753936604808838e-10
45,44,0,local_loglinear,16,15,29,2.653670963469194,2.750214112094096,1.1967895268152717,0.9947872270727991,0.005212772927200904,1.050670099898769,1.1368881106313415,0.9241631520935745,0.90199576856661,0.8996424769513804,0.0026123923150928874,0.769104686155924,1.3439880465208411,2.206503224177705,1.4560013574477285e-11
45,44,0,local_loglinear,17,16,28,2.66923086999037,2.767456809757923,1.2038820019405945,0.9945898805940098,0.0054101194059902324,1.0511079740968912,1.1415228925893788,0.9207944763268001,0.8981024864273935,0.8956696094625236,0.0027125836801961956,0.7690804337410642,1.363616375395766,2.206626374524135,8.366293475739424e-10
45,44,0,local_loglinear,18,17,27,2.681190698016173,2.7809141950040335,1.209690855037598,0.9936440690490254,0.006355930950974642,1.0515144750126741,1.146420731670629,0.9172151601623149,0.8944052297414763,0.8915571527723232,0.003189405791892738,0.7689470594029539,1.383381990669077,2.2073038149171516,1.2587438538043346e-11
45,44,0,local_loglinear,19,18,26,2.6897466510446773,2.7907876904815625,1.2142820660554616,0.991999421910931,0.008000578089068955,1.0518904384722203,1.1515850549406408,0.9134283516092007,0.890888388499917,0.8873148756284592,0.004019245441944999,0.768712875284293,1.4032996695245759,2.208494047472052,5.651758404824918e-11
45,44,0,local_loglinear,20,19,25,2.6950920610690368,2.7972766414121635,1.2177206840593102,0.9897047649025212,0.010295235097478761,1.0522367415010072,1.1570184800012775,0.9094381461390707,0.8875368778889198,0.8829518348015106,0.005179421144634225,0.7683853291235488,1.4233860407561374,2.2101604049023917,1.0980324700774434e-9
45,44,0,local_loglinear,21,20,24,2.697415489229646,2.8005762043605276,1.2200701821644504,0.9868076541365154,0.013192345863484611,1.0525543017221206,1.16272290082301,0.9052494803164978,0.8843362177360631,0.8784764013009672,0.006648282358871951,0.7679710860282848,1.4436593163528533,2.2122705262545064,1.639147976025784e-11
45,44,0,local_loglinear,22,21,23,2.6968992709368322,2.8008757065081418,1.2213919619792721,0.98335402127347,0.016645978726529953,1.0528440639019747,1.1686995472760926,0.9008680343513915,0.8812725831013382,0.8738962906210428,0.008405272014265358,0.7674761020334842,1.4641390721291152,2.214795900534966,7.148336689725514e-11
45,44,0,local_loglinear,23,22,22,2.693718442560275,2.798357409910285,1.2217449954110662,0.9793878968878112,0.02061210311218875,1.0531070015756103,1.174949075581554,0.8963001235218331,0.8783328395394929,0.8692185955883189,0.010430968047631356,0.7669056872647447,1.4848460489388682,2.2177114839627685,1.0165037438176229e-9
45,44,0,local_loglinear,24,23,21,2.6880400014823,2.7931956355384853,1.221185575412454,0.9749512233993087,0.02504877660069127,1.0533441007563276,1.1814716316196188,0.8915525964109289,0.8755045566034158,0.8644498209680724,0.01270709683933044,0.7662645636592231,1.505802001632035,2.220995361407165,1.2529830694747781e-9
45,44,0,local_loglinear,25,24,20,2.6800224408851228,2.785556183499662,1.2197671670392802,0.9700837219529282,0.029916278047071754,1.0535563619637673,1.1882669414031217,0.8866327297801567,0.8727760135280297,0.8595959187805147,0.015216534987522679,0.7655569141626112,1.5270295615463696,2.224628464446375,2.0368402200158956e-11
45,44,0,local_loglinear,26,25,19,2.6698155198741276,2.7755960133719495,1.217540328485597,0.9648228366255314,0.035177163374468634,1.0537447764656567,1.1953343825709055,0.8815481189449932,0.8701361848363252,0.8546623238634219,0.017943285616548205,0.7647864297537283,1.5485521560731415,2.2285943109351396,7.984078635288548e-11
45,44,0,local_loglinear,27,26,18,2.657560213761807,2.7634631203629696,1.214552704489078,0.9592036998975022,0.040796300102497796,1.0539103376430476,1.2026730812300348,0.8763065824714061,0.8675747286695169,0.8496539887810564,0.020872456083710078,0.7639563477187883,1.570393919820446,2.2328787977556246,1.4683267503893697e-10
45,44,0,local_loglinear,28,27,17,2.6433888211376324,2.749296588563541,1.2108490640390464,0.953259156057919,0.046740843942081,1.0540540191161727,1.2102819866303478,0.8709160598604437,0.8650819598611946,0.8445754180898275,0.02399021644696106,0.7630694886167846,1.5925796566402197,2.2374700069868285,9.287187350521292e-10
45,44,0,local_loglinear,29,28,16,2.627425183945804,2.7332267707828075,1.2064713793186237,0.9470198054120581,0.0529801945879419,1.0541767747575301,1.218159951492987,0.865384528087237,0.8626488222731896,0.8394307013054285,0.02728375605504174,0.7621282882497662,1.6151348107021648,2.242358043137276,1.6771239060553936e-11
45,44,0,local_loglinear,30,29,15,2.609784997444157,2.715375572510673,1.2014589308294523,0.9405140822296068,0.05948591777039325,1.0542795252669948,1.2263058172952472,0.8597199086866639,0.8602668530164082,0.8342235444973003,0.030741229913079732,0.7611348275282922,1.6380854730675927,2.247534885541619,1.0266491877456463e-9
45,44,0,local_loglinear,31,30,14,2.59057618053796,2.6958568050775553,1.1958484359922226,0.9337683369965302,0.06623166300346983,1.0543631618978127,1.2347184872651238,0.8539300032942776,0.8579281502105686,0.8289573001757093,0.03435170878825164,0.7600908580448817,1.6614583870884738,2.252994266498901,1.142335698637962e-9
45,44,0,local_loglinear,32,31,13,2.569899293343694,2.674776597071577,1.1896741882331252,0.926806947038501,0.07319305296149903,1.0544285307307468,1.2433969933774018,0.8480224227232803,0.8556253322295495,0.8236349955911,0.03810511907620684,0.7589978266635542,1.6852809948644234,2.2587315573782876,1.899212682828472e-11
45,44,0,local_loglinear,33,32,12,2.54784797757655,2.6522338344180407,1.1829682049962587,0.9196524270946875,0.08034757290531247,1.0544764343038326,1.252340565510516,0.8420045340254357,0.8533514999160359,0.8182593591270084,0.041992186247274216,0.7578568969524254,1.709581487807677,2.264743673532689,7.602170569644308e-11
45,44,0,local_loglinear,34,33,11,2.524509410301836,2.6283206192398842,1.1757603805182695,0.9123255438181037,0.08767445618189629,1.0545076295122797,1.2615486922781571,0.8358834153345329,0.8511001991630477,0.8128328449093813,0.046004378898359094,0.7566689681467849,1.7343888702601946,2.2710289941929127,1.4832550996666522e-10
45,44,0,local_loglinear,35,34,10,2.4999647612639606,2.603122737679761,1.168078635750286,0.9048454402201735,0.09515455977982645,1.0545228188596993,1.271021173004321,0.8296658161619108,0.8488653802410243,0.8073576556630078,0.05013384926618575,0.7554346932955228,1.759733050669936,2.277587288406396,2.195301605883251e-10
45,44,0,local_loglinear,36,35,9,2.474289641370973,2.5767201215119733,1.159949065606199,0.8972297569742713,0.10277024302572868,1.054522650608669,1.2807581724309185,0.8233581274809688,0.8466413590531486,0.801835763721563,0.05437337650966259,0.7541544952042465,1.7856449431347363,2.284419654152034,9.580257807151775e-10
45,44,0,local_loglinear,37,36,8,2.4475545375658925,2.5491872986266912,1.1513960796973945,0.8894947541576806,0.11050524584231936,1.054507715249137,1.2907602692488938,0.8169663572483258,0.8444227781517994,0.7962689302943946,0.058716310243388165,0.7528285811315535,1.8121565879844757,2.291528465517722,8.164190433579e-10
45,44,0,local_loglinear,38,37,7,2.419825228484066,2.520593827074301,1.1424425319563491,0.8816554409135636,0.11834455908643637,1.0544785354913475,1.301028504097468,0.81049610532772,0.8422045634169628,0.7906587230179303,0.06315650953545376,0.7514569572668889,1.8393013094510489,2.298917322340073,1.3183628817678733e-11
45,44,0,local_loglinear,39,38,6,2.3911631726665568,2.4910047028193385,1.1331098357277916,0.8737257052456656,0.12627429475433438,1.054435559879695,1.3115644311543606,0.8039525431104013,0.8399818793398327,0.7850065316804717,0.06768828103033261,0.7500394431705444,1.8671139026984196,2.3065910011520514,6.06704434886103e-11
45,44,0,local_loglinear,40,39,5,2.3616258653795095,2.4604807390615866,1.1234180579029993,0.8657184633782977,0.13428153662170228,1.0543791411105161,1.322370202441089,0.7973403659309151,0.837750073090075,0.7793135821244774,0.07230630454429568,0.7485756879861563,1.8956308942838007,2.314555397384704,1.6110377134624633e-10
45,44,0,local_loglinear,41,40,4,2.3312671529829587,2.42907890733138,1.113385977316192,0.8576458441607255,0.14235415583927447,1.0543094969573825,1.3334486335968585,0.7906637499139932,0.8355045986807994,0.77358094799671,0.07700553600960056,0.7470651919719287,1.924890923145545,2.3228174388462466,3.559239831837619e-10
45,44,0,local_loglinear,42,41,3,2.3001374877137093,2.3968526262920324,1.1030310854595657,0.8495194423179535,0.1504805576820465,1.0542266381864094,1.3448033745712398,0.7839262290091484,0.8332409029293504,0.7678095597437926,0.0817810662370625,0.7455073384878278,1.9549353390792685,2.331384940823397,7.317823117647968e-10
45,44,0,local_loglinear,43,42,2,2.2682840932332735,2.3638519750710314,1.092369486300183,0.841350706732591,0.15864929326740895,1.0541302302543059,1.356439166721979,0.7771304870249035,0.8309542375017918,0.7620002096695819,0.08662789330395815,0.7439014470900104,1.9858092098016793,2.3402663411008766,1.4552248759247178e-9
45,44,0,local_loglinear,44,43,1,2.2357509857752023,2.3301237876890037,1.0814156160524808,0.8331515844494357,0.1668484155505643,1.0540193325009406,1.368362315234225,0.7702779598402797,0.8286393313772679,0.7561535507422319,0.09154053078056479,0.7422468671855506,2.0175630969916933,2.349470200930116,2.845065355318827e-9
45,44,0,local_loglinear,45,44,0,2.202578749748138,2.2957115494362297,1.0701816354103735,0.8249356470587895,0.17506435294121048,1.0538919047474897,1.3805815829711536,0.7633680745468195,0.8262897997947938,0.7502700847870054,0.09651230444312633,0.7405431490045417,2.050256295103735,2.3590042547753924,1.179029248801968e-7
60,59,0,local_loglinear,1,0,59,1.8905489305118306,1.9413556198342408,0.9038178660077935,0.8825268256025048,0.11747317439749516,,,,0.9932766422755183,0.9337836851161863,0.061764406780686135,0.7466805409386618,1.0667190368697315,2.3249284524801364,9.444954717907831e-12
60,59,0,local_loglinear,2,1,58,1.9730369965815278,2.0276623268270644,0.9344461533419904,0.8969721907464306,0.10302780925356936,1.0410485222195913,1.0940509703533396,0.9515539498889797,0.9850947192320787,0.9334988401525799,0.053798077696574825,0.750253589602985,1.083364371299011,2.3054292629678668,1.0337757456800832e-9
60,59,0,local_loglinear,3,2,57,2.051702867258132,2.110129678780688,0.9637229365529928,0.9105977686669502,0.08940223133304981,1.0419289427183027,1.096424269484925,0.9502972268278748,0.9771604547428103,0.9328681467363176,0.04638700160438913,0.7534054885661245,1.10050617573145,2.2884313376320096,1.1128440389470764e-11
60,59,0,local_loglinear,4,3,56,2.126174026037522,2.188356539664401,0.9915254772824805,0.9233037039377787,0.07669629606222128,1.0427915173281632,1.0987247394364401,0.9490925978994827,0.9695114709625504,0.9319032261304545,0.03956333177575462,0.7561709199883961,1.1180545029724822,2.2736719496259354,8.270892818756261e-10
60,59,0,local_loglinear,5,4,55,2.196164190831236,2.262029823537337,1.01775798962433,0.9350165022328139,0.06498349776718615,1.0436295525569184,1.101031987877902,0.9478648795375877,0.9621723309417423,0.9306175157916621,0.03334521154070946,0.7585831856939277,1.1359354436448321,2.260913731007415,9.838129220639274e-12
60,59,0,local_loglinear,6,5,54,2.2614673298440646,2.3309189243458075,1.042350532179529,0.9456855065393132,0.05431449346068684,1.0444387180030943,1.103404488672037,0.9465601497235987,0.9551573234048734,0.9290256677546951,0.027739695585295827,0.7606735474154225,1.1540886322725397,2.2499446748777023,5.682049252982957e-11
60,59,0,local_loglinear,7,6,53,2.3219506375199512,2.3948690328421343,1.065257221198012,0.9552798427877041,0.04472015721229594,1.045216242404463,1.1058860590689237,0.9451391794236558,0.9484726569064315,0.9271430686002351,0.022745072521321373,0.7624709205032096,1.1724653386413668,2.240576762030441,9.714246345858652e-10
60,59,0,local_loglinear,8,7,52,2.377546816451963,2.453793661750894,1.086453993967009,0.9637856695346951,0.03621433046530487,1.0459604020390112,1.108510140541346,0.9435731472228226,0.9421182211139875,0.9249854571377998,0.018352751447243874,0.7640017838919609,1.191026930560612,2.23264395842543,1.7759978672646197e-10
60,59,0,local_loglinear,9,8,51,2.4282460089513798,2.5076667129567576,1.1059361178941423,0.9712036439649635,0.028796356035036497,1.046670200894807,1.1113027184861686,0.941840763532546,0.9360890217914465,0.9225686220287679,0.014548820535427429,0.7652902171547363,1.2097435721445462,2.2260000116478373,1.1644717364631828e-9
60,59,0,local_loglinear,10,9,50,2.474087694929311,2.5565144100104495,1.12371558705242,0.9775466019848155,0.022453398015184534,1.0473451442894657,1.1142843337639474,0.9399262939932329,0.9303763447805233,0.9199081656563604,0.011315330974757537,0.7663580145504303,1.228593115731806,2.220516245849031,1.092321152879845e-9
60,59,0,local_loglinear,11,10,49,2.5151528043048246,2.6004073534268817,1.1398185288015383,0.9828374324929062,0.017162567507093773,1.0479850949615181,1.1174714905964716,0.9378181938244673,0.9249687044597766,0.917019322604318,0.008631360346823602,0.7672248380872287,1.2475601341951,2.2160794868709153,8.452048273481325e-10
60,59,0,local_loglinear,12,11,48,2.5515562398221308,2.6394529082050653,1.1542827129254905,0.9871071334618566,0.012892866538143366,1.048590183829948,1.1208776455020113,0.9355081600903125,0.9198526203455146,0.9139168232627184,0.006473897615549035,0.767908385944571,1.2666350541007503,2.2125901787888487,1.2469424294955483e-11
60,59,0,local_loglinear,13,12,47,2.583439958671781,2.673788094953049,1.167155209648707,0.9903930963348889,0.009606903665111077,1.0491607191201866,1.1245138949771696,0.9329904448548296,0.9150132310713087,0.9106147948069645,0.004818555272386435,0.7684245691783825,1.285813424410229,2.209960675739565,1.0013566397237803e-9
60,59,0,local_loglinear,14,13,46,2.610966682997176,2.7035730637713806,1.1784902553318153,0.9927375576050271,0.007262442394972868,1.0496971581624457,1.1283894691283323,0.9302613919051589,0.910434798279956,0.9071266921607062,0.0036401627010305276,0.7687876791321783,1.3050952442116197,2.2081137549227723,1.4784707207951183e-11
60,59,0,local_loglinear,15,14,45,2.6343143004884677,2.728985232634596,1.1883473402202525,0.9941862480002644,0.00581375199973555,1.0502000683238035,1.132512069266728,0.9273190960373434,0.9061011050832387,0.9034652537332966,0.0029132429449762742,0.7690105460801548,1.3244843778729691,2.2069813118898507,9.753936604808838e-10
60,59,0,local_loglinear,16,15,44,2.653670963469194,2.750214112094096,1.1967895268152717,0.9947872270727991,0.005212772927200904,1.050670099898769,1.1368881106313415,0.9241631520935745,0.90199576856661,0.8996424769513804,0.0026123923150928874,0.769104686155924,1.3439880465208411,2.206503224177705,1.4560013574477285e-11
60,59,0,local_loglinear,17,16,43,2.66923086999037,2.767456809757923,1.2038820019405945,0.9945898805940098,0.0054101194059902324,1.0511079740968912,1.1415228925893788,0.9207944763268001,0.8981024864273935,0.8956696094625236,0.0027125836801961956,0.7690804337410642,1.363616375395766,2.206626374524135,8.366293475739424e-10
60,59,0,local_loglinear,18,17,42,2.681190698016173,2.7809141950040335,1.209690855037598,0.9936440690490254,0.006355930950974642,1.0515144750126741,1.146420731670629,0.9172151601623149,0.8944052297414763,0.8915571527723232,0.003189405791892738,0.7689470594029539,1.383381990669077,2.2073038149171516,1.2587438538043346e-11
60,59,0,local_loglinear,19,18,41,2.6897466510446773,2.7907876904815625,1.2142820660554616,0.991999421910931,0.008000578089068955,1.0518904384722203,1.1515850549406408,0.9134283516092007,0.890888388499917,0.8873148756284592,0.004019245441944999,0.768712875284293,1.4032996695245759,2.208494047472052,5.651758404824918e-11
60,59,0,local_loglinear,20,19,40,2.6950920610690368,2.7972766414121635,1.2177206840593102,0.9897047649025212,0.010295235097478761,1.0522367415010072,1.1570184800012775,0.9094381461390707,0.8875368778889198,0.8829518348015106,0.005179421144634225,0.7683853291235488,1.4233860407561374,2.2101604049023917,1.0980324700774434e-9
60,59,0,local_loglinear,21,20,39,2.697415489229646,2.8005762043605276,1.2200701821644504,0.9868076541365154,0.013192345863484611,1.0525543017221206,1.16272290082301,0.9052494803164978,0.8843362177360631,0.8784764013009672,0.006648282358871951,0.7679710860282848,1.4436593163528533,2.2122705262545064,1.639147976025784e-11
60,59,0,local_loglinear,22,21,38,2.6968992709368322,2.8008757065081418,1.2213919619792721,0.98335402127347,0.016645978726529953,1.0528440639019747,1.1686995472760926,0.9008680343513915,0.8812725831013382,0.8738962906210428,0.008405272014265358,0.7674761020334842,1.4641390721291152,2.214795900534966,7.148336689725514e-11
60,59,0,local_loglinear,23,22,37,2.693718442560275,2.798357409910285,1.2217449954110662,0.9793878968878112,0.02061210311218875,1.0531070015756103,1.174949075581554,0.8963001235218331,0.8783328395394929,0.8692185955883189,0.010430968047631356,0.7669056872647447,1.4848460489388682,2.2177114839627685,1.0165037438176229e-9
60,59,0,local_loglinear,24,23,36,2.6880400014823,2.7931956355384853,1.221185575412454,0.9749512233993087,0.02504877660069127,1.0533441007563276,1.1814716316196188,0.8915525964109289,0.8755045566034158,0.8644498209680724,0.01270709683933044,0.7662645636592231,1.505802001632035,2.220995361407165,1.2529830694747781e-9
60,59,0,local_loglinear,25,24,35,2.6800224408851228,2.785556183499662,1.2197671670392802,0.9700837219529282,0.029916278047071754,1.0535563619637673,1.1882669414031217,0.8866327297801567,0.8727760135280297,0.8595959187805147,0.015216534987522679,0.7655569141626112,1.5270295615463696,2.224628464446375,2.0368402200158956e-11
60,59,0,local_loglinear,26,25,34,2.6698155198741276,2.7755960133719495,1.217540328485597,0.9648228366255314,0.035177163374468634,1.0537447764656567,1.1953343825709055,0.8815481189449932,0.8701361848363252,0.8546623238634219,0.017943285616548205,0.7647864297537283,1.5485521560731415,2.2285943109351396,2.3393127007965724e-10
60,59,0,local_loglinear,27,26,33,2.6575602137487992,2.7634631202862727,1.214552704616697,0.9592036994203129,0.040796300579687084,1.0539103379665822,1.2026730812300348,0.8763065827404191,0.8675747288852295,0.8496539887810564,0.02087245633234866,0.763956347676231,1.5703939191064429,2.2328787979756015,7.77907948102002e-10
60,59,0,local_loglinear,28,27,32,2.64338882127081,2.749296588373358,1.210849065039857,0.9532591536876046,0.04674084631239539,1.0540540205558653,1.2102819863448662,0.870916061255427,0.8650819609443002,0.844575418097971,0.02399021768934556,0.7630694883166896,1.592579652968455,2.237470008542796,1.2580438210926672e-11
60,59,0,local_loglinear,29,28,31,2.627425185172805,2.7332267716274523,1.206471381240395,0.9470198024271503,0.05298019757284966,1.0541767753706741,1.2181599496355182,0.8653845299101247,0.8626488236812915,0.8394307013541711,0.027283757629275762,0.7621282878148663,1.6151348057362545,2.2423580453995875,1.0156984245715742e-9
60,59,0,local_loglinear,30,29,30,2.6097850001053065,2.7153755746858566,1.2014589338278037,0.9405140781462354,0.059485921853764556,1.0542795261772477,1.2263058144617776,0.8597199114153824,0.8602668549852647,0.8342235445982875,0.0307412320806823,0.7611348269587651,1.6380854659061022,2.2475348885145134,1.594378244942348e-11
60,59,0,local_loglinear,31,30,29,2.5905761851278806,2.695856808928182,1.1958484408870076,0.9337683306341213,0.06623166936587865,1.0543631638110693,1.2347184832147622,0.8539300076450523,0.8579281533073685,0.8289573003490984,0.03435171218871255,0.7600908571500604,1.6614583755798777,2.2529942711868416,9.933802000504466e-10
60,59,0,local_loglinear,32,31,28,2.5698993008506164,2.6747766031314075,1.189674197087985,0.9268069348697912,0.07319306513020885,1.0544285355359244,1.2433969868180903,0.8480224310614225,0.8556253381315517,0.8236349958775497,0.03810512562630114,0.7589978249224005,1.685280972665961,2.258731566535003,1.5298509722658387e-11
60,59,0,local_loglinear,33,32,27,2.547847990614898,2.6522338446442415,1.1829682214064334,0.9196524036485937,0.08034759635140631,1.0544764436740204,1.2523405528821736,0.8420045499981751,0.8533515112873519,0.8182593596277776,0.04199219896075812,0.757856893585465,1.7095814444189759,2.264743691310252,6.598273630098774e-11
60,59,0,local_loglinear,34,33,26,2.5245094339195178,2.628320637474171,1.1757604113391509,0.912325498945233,0.08767450105476704,1.0545076475064057,1.261548667753159,0.8358834458479535,0.8511002209836261,0.8128328458206417,0.046004403415350836,0.7566689616711355,1.7343887856414864,2.2710290285268,1.3128752212176687e-9
60,59,0,local_loglinear,35,34,25,2.4999648050831755,2.603122771535883,1.1680786930105018,0.9048453564827952,0.09515464351720482,1.0545228518195413,1.271021125335617,0.829665873209693,0.8488654211622583,0.8073576573569754,0.05013389537499913,0.755434681213624,1.759732889130218,2.2775873527422945,1.931549110138174e-11
60,59,0,local_loglinear,36,35,24,2.474289722515171,2.5767201837316507,1.1599491737883663,0.8972295972088372,0.10277040279116278,1.054522715715805,1.2807580817836761,0.8233582365900051,0.8466414374604323,0.8018357668734775,0.05437346518858152,0.7541544720362238,1.7856446282277694,2.2844197780768956,8.608765348626242e-10
60,59,0,local_loglinear,37,36,23,2.447554689480621,2.549187414843034,1.151396284595651,0.8894944507800794,0.11050554921992062,1.0545078397532526,1.2907600929737335,0.8169665652769073,0.8444229278002219,0.796268936221108,0.058716480020051476,0.7528285367911302,1.812155976120209,2.291528703800896,1.2614475306276838e-11
60,59,0,local_loglinear,38,37,22,2.4198255140865865,2.520594045759377,1.1424429187285376,0.8816548671612819,0.11834513283871806,1.054478772237451,1.3010281617382395,0.8104965005742949,0.8422048480250293,0.7906587342041116,0.06315683331970076,0.7514568730111244,1.8393001243634746,2.2989177773180103,5.448759571823818e-11
60,59,0,local_loglinear,39,38,21,2.3911637094104408,2.491005114088969,1.1331105659540632,0.8737246194985693,0.12627538050143072,1.0544360129810508,1.3115637692619455,0.8039532942987684,0.8399824210278591,0.7850065527988443,0.06768889900857303,0.7500392829435828,1.8671116053048455,2.3065918707074005,1.2710894150045375e-10
60,59,0,local_loglinear,40,39,20,2.361626874159826,2.460481513081131,1.123419435197193,0.8657164118733078,0.13428358812669217,1.0543800052368797,1.3223689218554704,0.7973417915459141,0.8377511027411886,0.7793136220114714,0.07230748242850096,0.7485753836797319,1.8956264453304994,2.3145570574239116,1.1491879562896297e-9
60,59,0,local_loglinear,41,40,19,2.331269047414032,2.429080363578103,1.1133885709809368,0.8576419748287315,0.1423580251712685,1.054311141642211,1.3334461586715223,0.7906664508243766,0.83550655271833,0.773581023300363,0.07700777741400261,0.747064615021846,1.9248823195623082,2.3228206030680685,1.063774924996161e-9
60,59,0,local_loglinear,42,41,18,2.300141039956023,2.396855361517217,1.1030359653233763,0.8495121501738788,0.15048784982612118,1.0542297701827792,1.3447985986155,0.7839313420374858,0.8332446087064176,0.7678097017641483,0.08178532868475877,0.7455062449770588,1.954918709260434,2.331390971284326,1.5881054272346482e-11
60,59,0,local_loglinear,43,42,17,2.2682907455094368,2.3638571072202472,1.0923786534708146,0.841336986984488,0.158663013015512,1.0541361795189652,1.356429955251557,0.7771401504646586,0.8309612545981822,0.762000477269519,0.0866359867117942,0.7438993774822109,1.9857771079613302,2.340277819813956,6.527031289810111e-11
60,59,0,local_loglinear,44,43,16,2.2357634229250007,2.330133401627361,1.0814328111800307,0.8331258089456137,0.16687419105438628,1.054030620744959,1.3683445736808044,0.7702961966002827,0.8286526007298247,0.7561540543274083,0.09155587809339999,0.7422429549064344,2.0175011972218537,2.3494920278970155,1.2153551938391327e-10
60,59,0,local_loglinear,45,44,15,2.2026019618887047,2.295729527609032,1.07021383911499,0.8248872925403818,0.17511270745961816,1.0539132942915235,1.380547454994857,0.7634024389950794,0.8263148578172056,0.7502710311797389,0.09654136853047088,0.7405357623379566,2.050137071391861,2.359045717031373,1.82854982506854e-10
60,59,0,local_loglinear,46,45,14,2.1688471249549632,2.260688505622155,1.058736442491771,0.8166295320133025,0.18337046798669754,1.0537843579528032,1.3930442705016768,0.7564614996573684,0.8239443159425802,0.7443519079112426,0.10158903237559572,0.7387764297106933,2.083733464561784,2.368952287185645,1.0666054317205018e-9
60,59,0,local_loglinear,47,46,13,2.1345377707251014,2.225051329666028,1.047014704383051,0.80836009921685,0.19163990078314996,1.053643928306607,1.4058413964819365,0.7494756741004427,0.8215373248758008,0.738397093793443,0.10669562410868039,0.7369634330950977,2.118341996096167,2.379226461735924,1.298046407271397e-9
60,59,0,local_loglinear,48,47,12,2.0997110593281985,2.1888571850815395,1.0350621526349892,0.8000861024329333,0.19991389756706668,1.0534920791892703,1.4189459320341002,0.7424469498136964,0.8190902737249066,0.7324069139369049,0.11185804924088621,0.7350950953660058,2.1540174460416392,2.3898843404755996,1.8644419995062506e-11
60,59,0,local_loglinear,49,48,11,2.0644026400031796,2.152143647244084,1.02289182009743,0.7918142374417825,0.20818576255821752,1.053328844732688,1.4323657398568654,0.7353770167931731,0.816599573267722,0.7263816152610245,0.1170733387339205,0.7331695863122788,2.1908180469741114,2.400943460912212,8.284336750836063e-11
60,59,0,local_loglinear,50,49,10,2.028646822802641,2.1149468627163768,1.0105163041120133,0.7835508284591693,0.21644917154083065,1.0531542273947947,1.4461094547115037,0.7282672995211812,0.8140616424082389,0.7203213719015868,0.12233862862063866,0.7311849203389332,2.2288057857150547,2.412422879234011,1.591026854866016e-10
60,59,0,local_loglinear,51,50,9,1.9924767388513043,2.0773017191520875,0.9979478188448561,0.7753018720880409,0.2246981279119591,1.0529681926476875,1.4601865154710454,0.7211189676738028,0.8114728923046479,0.7142262902180807,0.12765113676075407,0.7291389548339814,2.2680467482372766,2.424343254271606,1.1559750438517527e-9
60,59,0,local_loglinear,52,51,8,1.9559244868388668,2.0392419995262903,0.9851982471559585,0.7670730679852208,0.2329269320147792,1.0527706795615277,1.4746071863259613,0.7139329641981096,0.8088297164701712,0.7080964133497467,0.13300814699314206,0.727029386310523,2.3086114689801724,2.4367269519968033,1.6463088252985277e-11
60,59,0,local_loglinear,53,52,7,1.9190212710059142,2.000800527760483,0.9722791894644044,0.7588698504012362,0.24113014959876378,1.0525615992983404,1.4893825882407272,0.7067100203861226,0.8061284799424049,0.7019317255367701,0.13840699197223347,0.7248537461551664,2.350575320506448,2.449598161198557,7.787390076436078e-11
60,59,0,local_loglinear,54,53,6,1.8817975295515417,1.9620093017479998,0.9592020174921051,0.7506973939292321,0.24930260607076793,1.052340858412341,1.504524694271329,0.6994507052089367,0.8033655215466731,0.6957321561951328,0.14384505211503085,0.7226093927354046,2.394018869943225,2.4629830408943167,1.5487684922812886e-10
60,59,0,local_loglinear,55,54,5,1.8442830630086058,1.9228996256538153,0.9459779339946831,0.7425606114910328,0.2574393885089672,1.0521083692468225,1.5200463317322264,0.6921554608456261,0.8005371607842449,0.6894975841705946,0.14931975983964135,0.7202935010849828,2.4390282413368674,2.4769098945308166,2.961876526129046e-10
60,59,0,local_loglinear,56,55,4,1.8065071644799822,1.883502240416863,0.9326180489515165,0.7344641146110744,0.2655358853889256,1.0518640902345833,1.5359611432011449,0.6848246746935018,0.7976397257609644,0.683227842308981,0.1548286295902252,0.717903046321222,2.485695386067168,2.4914093967404796,5.583276938632879e-10
60,59,0,local_loglinear,57,56,3,1.7684987641749839,1.8438474635616913,0.9191334881553097,0.7264121167851085,0.27358788321489147,1.0516080919036908,1.5522834794752787,0.677458792680811,0.7946696142314655,0.6769227229687933,0.16036932857652836,0.7154347766130307,2.5341181679157336,2.5065149025418436,1.0478324681860044e-9
60,59,0,local_loglinear,58,57,2,1.730286606277738,1.8039653529128772,0.9055355618705582,0.7184082356787355,0.28159176432126454,1.0513406769869937,1.5690281939155837,0.6700584993079848,0.7916234144280684,0.6705819854185451,0.16593982160841744,0.7128851676927623,2.5844000596501817,2.5222628952405706,1.965222776223623e-9
60,59,0,local_loglinear,59,58,1,1.69189948927252,1.7638859186386895,0.8918360458199045,0.710455109254301,0.289544890745699,1.0510626051784828,1.5862101706334706,0.6626250572827492,0.7884981367634948,0.6642053667811572,0.1715386544083541,0.7102503430981835,2.6366490496756603,2.5386936832288747,3.6875086271356598e-9
60,59,0,local_loglinear,60,59,0,1.6533666261310445,1.7236394289906158,0.878047665675048,0.7025536796940043,0.2974463203059957,1.0507755019599416,1.6038434713918899,0.6551608811600734,0.7852916453947766,0.6577925995592062,0.17716548817917388,0.7075259326014266,2.6909750234110286,2.555852540177187,1.3789353756105648e-7
70,69,0,local_loglinear,1,0,69,1.8905489305118306,1.9413556198342408,0.9038178660077935,0.8825268256025048,0.11747317439749516,,,,0.9932766422755183,0.9337836851161863,0.061764406780686135,0.7466805409386618,1.0667190368697315,2.3249284524801364,9.444954717907831e-12
70,69,0,local_loglinear,2,1,68,1.9730369965815278,2.0276623268270644,0.9344461533419904,0.8969721907464306,0.10302780925356936,1.0410485222195913,1.0940509703533396,0.9515539498889797,0.9850947192320787,0.9334988401525799,0.053798077696574825,0.750253589602985,1.083364371299011,2.3054292629678668,1.0337757456800832e-9
70,69,0,local_loglinear,3,2,67,2.051702867258132,2.110129678780688,0.9637229365529928,0.9105977686669502,0.08940223133304981,1.0419289427183027,1.096424269484925,0.9502972268278748,0.9771604547428103,0.9328681467363176,0.04638700160438913,0.7534054885661245,1.10050617573145,2.2884313376320096,1.1128440389470764e-11
70,69,0,local_loglinear,4,3,66,2.126174026037522,2.188356539664401,0.9915254772824805,0.9233037039377787,0.07669629606222128,1.0427915173281632,1.0987247394364401,0.9490925978994827,0.9695114709625504,0.9319032261304545,0.03956333177575462,0.7561709199883961,1.1180545029724822,2.2736719496259354,8.270892818756261e-10
70,69,0,local_loglinear,5,4,65,2.196164190831236,2.262029823537337,1.01775798962433,0.9350165022328139,0.06498349776718615,1.0436295525569184,1.101031987877902,0.9478648795375877,0.9621723309417423,0.9306175157916621,0.03334521154070946,0.7585831856939277,1.1359354436448321,2.260913731007415,9.838129220639274e-12
70,69,0,local_loglinear,6,5,64,2.2614673298440646,2.3309189243458075,1.042350532179529,0.9456855065393132,0.05431449346068684,1.0444387180030943,1.103404488672037,0.9465601497235987,0.9551573234048734,0.9290256677546951,0.027739695585295827,0.7606735474154225,1.1540886322725397,2.2499446748777023,5.682049252982957e-11
70,69,0,local_loglinear,7,6,63,2.3219506375199512,2.3948690328421343,1.065257221198012,0.9552798427877041,0.04472015721229594,1.045216242404463,1.1058860590689237,0.9451391794236558,0.9484726569064315,0.9271430686002351,0.022745072521321373,0.7624709205032096,1.1724653386413668,2.240576762030441,9.714246345858652e-10
70,69,0,local_loglinear,8,7,62,2.377546816451963,2.453793661750894,1.086453993967009,0.9637856695346951,0.03621433046530487,1.0459604020390112,1.108510140541346,0.9435731472228226,0.9421182211139875,0.9249854571377998,0.018352751447243874,0.7640017838919609,1.191026930560612,2.23264395842543,1.7759978672646197e-10
70,69,0,local_loglinear,9,8,61,2.4282460089513798,2.5076667129567576,1.1059361178941423,0.9712036439649635,0.028796356035036497,1.046670200894807,1.1113027184861686,0.941840763532546,0.9360890217914465,0.9225686220287679,0.014548820535427429,0.7652902171547363,1.2097435721445462,2.2260000116478373,1.1644717364631828e-9
70,69,0,local_loglinear,10,9,60,2.474087694929311,2.5565144100104495,1.12371558705242,0.9775466019848155,0.022453398015184534,1.0473451442894657,1.1142843337639474,0.9399262939932329,0.9303763447805233,0.9199081656563604,0.011315330974757537,0.7663580145504303,1.228593115731806,2.220516245849031,1.092321152879845e-9
70,69,0,local_loglinear,11,10,59,2.5151528043048246,2.6004073534268817,1.1398185288015383,0.9828374324929062,0.017162567507093773,1.0479850949615181,1.1174714905964716,0.9378181938244673,0.9249687044597766,0.917019322604318,0.008631360346823602,0.7672248380872287,1.2475601341951,2.2160794868709153,8.452048273481325e-10
70,69,0,local_loglinear,12,11,58,2.5515562398221308,2.6394529082050653,1.1542827129254905,0.9871071334618566,0.012892866538143366,1.048590183829948,1.1208776455020113,0.9355081600903125,0.9198526203455146,0.9139168232627184,0.006473897615549035,0.767908385944571,1.2666350541007503,2.2125901787888487,1.2469424294955483e-11
70,69,0,local_loglinear,13,12,57,2.583439958671781,2.673788094953049,1.167155209648707,0.9903930963348889,0.009606903665111077,1.0491607191201866,1.1245138949771696,0.9329904448548296,0.9150132310713087,0.9106147948069645,0.004818555272386435,0.7684245691783825,1.285813424410229,2.209960675739565,1.0013566397237803e-9
70,69,0,local_loglinear,14,13,56,2.610966682997176,2.7035730637713806,1.1784902553318153,0.9927375576050271,0.007262442394972868,1.0496971581624457,1.1283894691283323,0.9302613919051589,0.910434798279956,0.9071266921607062,0.0036401627010305276,0.7687876791321783,1.3050952442116197,2.2081137549227723,1.4784707207951183e-11
70,69,0,local_loglinear,15,14,55,2.6343143004884677,2.728985232634596,1.1883473402202525,0.9941862480002644,0.00581375199973555,1.0502000683238035,1.132512069266728,0.9273190960373434,0.9061011050832387,0.9034652537332966,0.0029132429449762742,0.7690105460801548,1.3244843778729691,2.2069813118898507,9.753936604808838e-10
70,69,0,local_loglinear,16,15,54,2.653670963469194,2.750214112094096,1.1967895268152717,0.9947872270727991,0.005212772927200904,1.050670099898769,1.1368881106313415,0.9241631520935745,0.90199576856661,0.8996424769513804,0.0026123923150928874,0.769104686155924,1.3439880465208411,2.206503224177705,1.4560013574477285e-11
70,69,0,local_loglinear,17,16,53,2.66923086999037,2.767456809757923,1.2038820019405945,0.9945898805940098,0.0054101194059902324,1.0511079740968912,1.1415228925893788,0.9207944763268001,0.8981024864273935,0.8956696094625236,0.0027125836801961956,0.7690804337410642,1.363616375395766,2.206626374524135,8.366293475739424e-10
70,69,0,local_loglinear,18,17,52,2.681190698016173,2.7809141950040335,1.209690855037598,0.9936440690490254,0.006355930950974642,1.0515144750126741,1.146420731670629,0.9172151601623149,0.8944052297414763,0.8915571527723232,0.003189405791892738,0.7689470594029539,1.383381990669077,2.2073038149171516,1.2587438538043346e-11
70,69,0,local_loglinear,19,18,51,2.6897466510446773,2.7907876904815625,1.2142820660554616,0.991999421910931,0.008000578089068955,1.0518904384722203,1.1515850549406408,0.9134283516092007,0.890888388499917,0.8873148756284592,0.004019245441944999,0.768712875284293,1.4032996695245759,2.208494047472052,5.651758404824918e-11
70,69,0,local_loglinear,20,19,50,2.6950920610690368,2.7972766414121635,1.2177206840593102,0.9897047649025212,0.010295235097478761,1.0522367415010072,1.1570184800012775,0.9094381461390707,0.8875368778889198,0.8829518348015106,0.005179421144634225,0.7683853291235488,1.4233860407561374,2.2101604049023917,1.0980324700774434e-9
70,69,0,local_loglinear,21,20,49,2.697415489229646,2.8005762043605276,1.2200701821644504,0.9868076541365154,0.013192345863484611,1.0525543017221206,1.16272290082301,0.9052494803164978,0.8843362177360631,0.8784764013009672,0.006648282358871951,0.7679710860282848,1.4436593163528533,2.2122705262545064,1.639147976025784e-11
70,69,0,local_loglinear,22,21,48,2.6968992709368322,2.8008757065081418,1.2213919619792721,0.98335402127347,0.016645978726529953,1.0528440639019747,1.1686995472760926,0.9008680343513915,0.8812725831013382,0.8738962906210428,0.008405272014265358,0.7674761020334842,1.4641390721291152,2.214795900534966,7.148336689725514e-11
70,69,0,local_loglinear,23,22,47,2.693718442560275,2.798357409910285,1.2217449954110662,0.9793878968878112,0.02061210311218875,1.0531070015756103,1.174949075581554,0.8963001235218331,0.8783328395394929,0.8692185955883189,0.010430968047631356,0.7669056872647447,1.4848460489388682,2.2177114839627685,1.0165037438176229e-9
70,69,0,local_loglinear,24,23,46,2.6880400014823,2.7931956355384853,1.221185575412454,0.9749512233993087,0.02504877660069127,1.0533441007563276,1.1814716316196188,0.8915525964109289,0.8755045566034158,0.8644498209680724,0.01270709683933044,0.7662645636592231,1.505802001632035,2.220995361407165,1.2529830694747781e-9
70,69,0,local_loglinear,25,24,45,2.6800224408851228,2.785556183499662,1.2197671670392802,0.9700837219529282,0.029916278047071754,1.0535563619637673,1.1882669414031217,0.8866327297801567,0.8727760135280297,0.8595959187805147,0.015216534987522679,0.7655569141626112,1.5270295615463696,2.224628464446375,2.0368402200158956e-11
70,69,0,local_loglinear,26,25,44,2.6698155198741276,2.7755960133719495,1.217540328485597,0.9648228366255314,0.035177163374468634,1.0537447764656567,1.1953343825709055,0.8815481189449932,0.8701361848363252,0.8546623238634219,0.017943285616548205,0.7647864297537283,1.5485521560731415,2.2285943109351396,2.3393127007965724e-10
70,69,0,local_loglinear,27,26,43,2.6575602137487992,2.7634631202862727,1.214552704616697,0.9592036994203129,0.040796300579687084,1.0539103379665822,1.2026730812300348,0.8763065827404191,0.8675747288852295,0.8496539887810564,0.02087245633234866,0.763956347676231,1.5703939191064429,2.2328787979756015,7.77907948102002e-10
70,69,0,local_loglinear,28,27,42,2.64338882127081,2.749296588373358,1.210849065039857,0.9532591536876046,0.04674084631239539,1.0540540205558653,1.2102819863448662,0.870916061255427,0.8650819609443002,0.844575418097971,0.02399021768934556,0.7630694883166896,1.592579652968455,2.237470008542796,1.2580438210926672e-11
70,69,0,local_loglinear,29,28,41,2.627425185172805,2.7332267716274523,1.206471381240395,0.9470198024271503,0.05298019757284966,1.0541767753706741,1.2181599496355182,0.8653845299101247,0.8626488236812915,0.8394307013541711,0.027283757629275762,0.7621282878148663,1.6151348057362545,2.2423580453995875,1.0156984245715742e-9
70,69,0,local_loglinear,30,29,40,2.6097850001053065,2.7153755746858566,1.2014589338278037,0.9405140781462354,0.059485921853764556,1.0542795261772477,1.2263058144617776,0.8597199114153824,0.8602668549852647,0.8342235445982875,0.0307412320806823,0.7611348269587651,1.6380854659061022,2.2475348885145134,1.594378244942348e-11
70,69,0,local_loglinear,31,30,39,2.5905761851278806,2.695856808928182,1.1958484408870076,0.9337683306341213,0.06623166936587865,1.0543631638110693,1.2347184832147622,0.8539300076450523,0.8579281533073685,0.8289573003490984,0.03435171218871255,0.7600908571500604,1.6614583755798777,2.2529942711868416,9.933802000504466e-10
70,69,0,local_loglinear,32,31,38,2.5698993008506164,2.6747766031314075,1.189674197087985,0.9268069348697912,0.07319306513020885,1.0544285355359244,1.2433969868180903,0.8480224310614225,0.8556253381315517,0.8236349958775497,0.03810512562630114,0.7589978249224005,1.685280972665961,2.258731566535003,1.5298509722658387e-11
70,69,0,local_loglinear,33,32,37,2.547847990614898,2.6522338446442415,1.1829682214064334,0.9196524036485937,0.08034759635140631,1.0544764436740204,1.2523405528821736,0.8420045499981751,0.8533515112873519,0.8182593596277776,0.04199219896075812,0.757856893585465,1.7095814444189759,2.264743691310252,6.598273630098774e-11
70,69,0,local_loglinear,34,33,36,2.5245094339195178,2.628320637474171,1.1757604113391509,0.912325498945233,0.08767450105476704,1.0545076475064057,1.261548667753159,0.8358834458479535,0.8511002209836261,0.8128328458206417,0.046004403415350836,0.7566689616711355,1.7343887856414864,2.2710290285268,1.3128752212176687e-9
70,69,0,local_loglinear,35,34,35,2.4999648050831755,2.603122771535883,1.1680786930105018,0.9048453564827952,0.09515464351720482,1.0545228518195413,1.271021125335617,0.829665873209693,0.8488654211622583,0.8073576573569754,0.05013389537499913,0.755434681213624,1.759732889130218,2.2775873527422945,1.931549110138174e-11
70,69,0,local_loglinear,36,35,34,2.474289722515171,2.5767201837316507,1.1599491737883663,0.8972295972088372,0.10277040279116278,1.054522715715805,1.2807580817836761,0.8233582365900051,0.8466414374604323,0.8018357668734775,0.05437346518858152,0.7541544720362238,1.7856446282277694,2.2844197780768956,8.608765348626242e-10
70,69,0,local_loglinear,37,36,33,2.447554689480621,2.549187414843034,1.151396284595651,0.8894944507800794,0.11050554921992062,1.0545078397532526,1.2907600929737335,0.8169665652769073,0.8444229278002219,0.796268936221108,0.058716480020051476,0.7528285367911302,1.812155976120209,2.291528703800896,1.2614475306276838e-11
70,69,0,local_loglinear,38,37,32,2.4198255140865865,2.520594045759377,1.1424429187285376,0.8816548671612819,0.11834513283871806,1.054478772237451,1.3010281617382395,0.8104965005742949,0.8422048480250293,0.7906587342041116,0.06315683331970076,0.7514568730111244,1.8393001243634746,2.2989177773180103,5.448759571823818e-11
70,69,0,local_loglinear,39,38,31,2.3911637094104408,2.491005114088969,1.1331105659540632,0.8737246194985693,0.12627538050143072,1.0544360129810508,1.3115637692619455,0.8039532942987684,0.8399824210278591,0.7850065527988443,0.06768889900857303,0.7500392829435828,1.8671116053048455,2.3065918707074005,1.2710894150045375e-10
70,69,0,local_loglinear,40,39,30,2.361626874159826,2.460481513081131,1.123419435197193,0.8657164118733078,0.13428358812669217,1.0543800052368797,1.3223689218554704,0.7973417915459141,0.8377511027411886,0.7793136220114714,0.07230748242850096,0.7485753836797319,1.8956264453304994,2.3145570574239116,1.1491879562896297e-9
70,69,0,local_loglinear,41,40,29,2.331269047414032,2.429080363578103,1.1133885709809368,0.8576419748287315,0.1423580251712685,1.054311141642211,1.3334461586715223,0.7906664508243766,0.83550655271833,0.773581023300363,0.07700777741400261,0.747064615021846,1.9248823195623082,2.3228206030680685,1.0119055430929287e-9
70,69,0,local_loglinear,42,41,28,2.3001410399582802,2.39685536152908,1.1030359652911972,0.849512150247645,0.15048784975235496,1.0542297701180194,1.3447985986155,0.7839313419893301,0.8332446086704797,0.7678097017641483,0.08178532864162866,0.7455062449885094,1.9549187094168172,2.331390971221179,9.371193721720006e-10
70,69,0,local_loglinear,43,42,27,2.268290745522218,2.363857107415891,1.0923786527985146,0.8413369883912729,0.1586630116087271,1.0541361783100593,1.3564299553342805,0.777140149526023,0.8309612539070559,0.7620004772682916,0.08663598588168603,0.7438993777176637,1.9857771110320803,2.3402778185080555,1.3831234525379425e-11
70,69,0,local_loglinear,44,43,26,2.235763422346753,2.3301334013388395,1.0814328097121995,0.8331258113404537,0.16687418865954629,1.0540306197730833,1.3683445753659547,0.7702961949413873,0.8286525995210207,0.7561540543027618,0.09155587666723597,0.7422429553222251,2.017501202782219,2.3494920255772644,1.1246757646876762e-9
70,69,0,local_loglinear,45,44,25,2.2026019602485842,2.2957295262552404,1.0702138370243286,0.8248872952346842,0.17511270476531582,1.0539132939433384,1.3805474581777768,0.7634024369828097,0.8263148564073607,0.7502710311146024,0.0965413669111046,0.7405357627946424,2.0501370781443025,2.3590457144679053,1.577844321254039e-11
70,69,0,local_loglinear,46,45,24,2.1688471221740633,2.26068850336104,1.0587364388765022,0.8166295369506184,0.18337046304938165,1.0537843558006068,1.3930442744516425,0.7564614959674689,0.8239443133502963,0.7443519077995127,0.10158902937951117,0.7387764305148324,2.0837334771990745,2.368952282643393,1.0410353432747577e-9
70,69,0,local_loglinear,47,46,23,2.134537765963627,2.22505132621652,1.0470146968000558,0.8083601113053165,0.1916398886946835,1.053643921556885,1.4058414036646578,0.749475665470026,0.8215373185711012,0.7383970935966704,0.10669561670089617,0.7369634349814186,2.118342027170267,2.379226451011477,1.4103044224536823e-11
70,69,0,local_loglinear,48,47,22,2.0997110497097937,2.188857178044209,1.0350621374103233,0.800086126545826,0.199913873454174,1.0534920674256174,1.418945948918895,0.7424469326885077,0.8190902610525053,0.7324069135344231,0.11185803431910696,0.735095099170542,2.1540175098336416,2.389884318699872,6.604327700206498e-11
70,69,0,local_loglinear,49,48,21,2.0644026206966624,2.1521436325884897,1.0228917911866775,0.791814281975882,0.208185718024118,1.0533288243597358,1.4323657744954479,0.7353769847864257,0.8165995496260814,0.7263816144485105,0.11707331090117126,0.7331695934019601,2.1908181687611727,2.400943420051566,9.293970819678578e-10
70,69,0,local_loglinear,50,49,20,2.0286467857250363,2.1149468339404995,1.0105162506708456,0.7835509098456556,0.21644909015434444,1.053154190305648,1.4461095209785888,0.7282672405012408,0.8140615988103455,0.7203213703309581,0.12233857724508282,0.7311849332859609,2.228806015443124,2.412422804079361,1.19333050765486e-9
70,69,0,local_loglinear,51,50,19,1.9924766697807514,2.077301665430984,0.997947718910481,0.7753020246640251,0.2246979753359749,1.0529681201694443,1.460186639999126,0.7211188565388289,0.8114728099950832,0.7142262872618077,0.127651039467572,0.7291389792756053,2.2680471913948623,2.4243431113404768,1.2436858229451675e-9
70,69,0,local_loglinear,52,51,18,1.9559243584845338,2.039241899548115,0.9851980606365612,0.7670733540870679,0.2329266459129321,1.052770542109868,1.4746074255856065,0.7139327551478892,0.8088295610549276,0.7080964077999468,0.13300796268247098,0.7270294323848481,2.308612324202108,2.4367266804936563,1.6851576080310003e-11
70,69,0,local_loglinear,53,52,17,1.919021032777095,2.000800341270956,0.9722788436518368,0.7588703803093084,0.24112961969069158,1.0525613446759114,1.4893830476190337,0.7067096314534822,0.8061281899550707,0.7019317151325275,0.13840664706603675,0.7248538321966547,2.3505769525483156,2.4495976501575654,7.937248683516931e-11
70,69,0,local_loglinear,54,53,16,1.8817970903743264,1.9620089568554093,0.9592013783734533,0.7506983743443232,0.24930162565567682,1.0523403820584483,1.5045255678351945,0.6994499824769488,0.8033649811645218,0.6957321368139973,0.14384440732405931,0.7226095532357659,2.3940219811218104,2.4629820797831115,1.0243247916372047e-9
70,69,0,local_loglinear,55,54,15,1.8442822569829456,1.9228989914150347,0.9459767550670637,0.7425624245720749,0.2574375754279251,1.052107477873366,1.5200479901079498,0.6921541192910943,0.8005361544259445,0.6894975482124688,0.14931855488625984,0.7202938003560446,2.439034170337003,2.476908087209295,1.2030213234976128e-9
70,69,0,local_loglinear,56,55,14,1.8065056894454405,1.883501077864428,0.9326158782204564,0.7344674620458956,0.26553253795410436,1.051862426628219,1.5359642888150995,0.6848221890885661,0.7976378547884231,0.6832277757619483,0.15482638135230978,0.7179036037381415,2.485706670382635,2.4914060008555095,1.5215423684224527e-11
70,69,0,local_loglinear,57,56,13,1.7684960717172067,1.8438453383770577,0.919129499312786,0.7264182857030903,0.2735817142969097,1.0516049935194598,1.5522894373229787,0.6774541965144201,0.7946661423552046,0.6769226000810955,0.16036514115014075,0.7154358131800774,2.534139613602526,2.5065085300743677,7.67285113132119e-11
70,69,0,local_loglinear,58,57,12,1.7302817039384755,1.8039614788672844,0.9055282447919956,0.7184195884026862,0.28158041159731384,1.0513349114605919,1.5690394587848449,0.6700500140862019,0.7916169812659641,0.6705817589702214,0.16593203272120882,0.7128870930057696,2.5844407753331398,2.5222509473578922,1.15802002913375e-9
70,69,0,local_loglinear,59,58,11,1.6918905836880977,1.7638788743635623,0.8918226451194698,0.7104759739782887,0.28952402602171134,1.0510518897426364,1.5862314414091732,0.6626094164473912,0.7884862332721414,0.6642049502849445,0.17152418494374022,0.7102539150857997,2.6367262781899026,2.538671299721088,1.425181902231926e-11
70,69,0,local_loglinear,60,59,10,1.6533504829436299,1.7236266495445944,0.8780231631059261,0.7025919696466383,0.2974080303533617,1.0507556180781124,1.6038835853575484,0.6551320979096316,0.7852696539572653,0.6577918348454859,0.17713864616717218,0.7075325513520813,2.691121355526293,2.5558106434602834,7.651001631489268e-11
70,69,0,local_loglinear,61,60,9,1.6146890220344485,1.6832337566450706,0.8641402205457636,0.6947720433775304,0.3052279566224696,1.050445762232407,1.6220152172093665,0.6476176987042518,0.7819628865415852,0.6513420394734941,0.18277236926525695,0.7047190665426379,2.747761213640455,2.573713300324581,1.463863783492284e-10
70,69,0,local_loglinear,62,61,8,1.5759337385071794,1.6427290466954005,0.8501842273460954,0.6870206062987113,0.3129793937012887,1.0501219791841643,1.6406468384017563,0.6400658292842264,0.7785614642386643,0.6448551600956247,0.18842220670693766,0.7018093090293077,2.806791931792142,2.592427151771368,1.2628074883458103e-9
70,69,0,local_loglinear,63,62,7,1.5371121555739675,1.602141339793431,0.8361656145311751,0.6793420088989289,0.32065799110107107,1.0497839261713102,1.6598000994501627,0.6324761195755255,0.7750608169840694,0.6383307651733758,0.19408491009083623,0.6987989001351363,2.868371429071157,2.6120039729268627,1.4284166902304468e-11
70,69,0,local_loglinear,64,63,6,1.4982518514608516,1.5614994942426,0.822094876900643,0.671740513184562,0.32825948681543804,1.0494312894736169,1.6794978041182238,0.6248482652971333,0.7714562929826582,0.6317683995800429,0.19975714757465812,0.6956832197442804,2.9326704284463627,2.6324998255298744,9.045241228956886e-11
70,69,0,local_loglinear,65,64,5,1.4593805361899037,1.5208324817896728,0.8079826305020725,0.6642202451755922,0.3357797548244078,1.0490638139749697,1.6997638326101938,0.617182101329927,0.767743193719208,0.6251675893284658,0.20543553733297898,0.6924573873674121,2.999873416997475,2.6539755222057635,2.5419710058206137e-10
70,69,0,local_loglinear,66,65,4,1.4205261399115778,1.4801694694185101,0.7938397019832397,0.6567850824991438,0.3432149175008562,1.048681385923429,1.720622994896812,0.6094777234953319,0.7639168492356542,0.6185278474795957,0.2111167321262421,0.6891162319147798,3.070179385947488,2.676497216238704,5.68333628133596e-10
70,69,0,local_loglinear,67,66,3,1.3817169294439058,1.4395399230111408,0.7796772729312714,0.6494384506649207,0.3505615493350793,1.0482841587336005,1.742100743812806,0.6017356702571053,0.7599727516779087,0.6118486822652405,0.21679757884213607,0.6856542432765118,3.143802145403252,2.7001371784037738,1.1623421610377914e-9
70,69,0,local_loglinear,68,67,2,1.342981674324586,1.398973748249916,0.7655071253328617,0.6421829435945886,0.3578170564054114,1.0478727934896055,1.7642225552619404,0.5939572591701868,0.7559067997278172,0.6051296088485034,0.22247542320788488,0.6820654890185158,3.220969674799432,2.724974898618459,2.277556541193117e-9
70,69,0,local_loglinear,69,68,1,1.304349903462883,1.358501501105994,0.7513420670773996,0.6350196345967891,0.3649803654032109,1.0474488893677512,1.7870128427688052,0.5861451380197299,0.7517157387478705,0.5983701674141639,0.2281486740056365,0.6783434681711088,3.3019215561443396,2.7510987480311595,4.3623593064819535e-9
70,69,0,local_loglinear,70,69,0,1.2658523221254974,1.3181547214886196,0.7371966798084293,0.6279468312370344,0.37205316876296557,1.0470157662848825,1.8104928897907144,0.5783042685165768,0.7473979527028594,0.5915699522570359,0.23381783891594765,0.6744808498601897,3.386902664753283,2.778608642890643,1.581982999208967e-7
80,79,0,local_loglinear,1,0,79,1.8905489305118306,1.9413556198342408,0.9038178660077935,0.8825268256025048,0.11747317439749516,,,,0.9932766422755183,0.9337836851161863,0.061764406780686135,0.7466805409386618,1.0667190368697315,2.3249284524801364,9.444954717907831e-12
80,79,0,local_loglinear,2,1,78,1.9730369965815278,2.0276623268270644,0.9344461533419904,0.8969721907464306,0.10302780925356936,1.0410485222195913,1.0940509703533396,0.9515539498889797,0.9850947192320787,0.9334988401525799,0.053798077696574825,0.750253589602985,1.083364371299011,2.3054292629678668,1.0337757456800832e-9
80,79,0,local_loglinear,3,2,77,2.051702867258132,2.110129678780688,0.9637229365529928,0.9105977686669502,0.08940223133304981,1.0419289427183027,1.096424269484925,0.9502972268278748,0.9771604547428103,0.9328681467363176,0.04638700160438913,0.7534054885661245,1.10050617573145,2.2884313376320096,1.1128440389470764e-11
80,79,0,local_loglinear,4,3,76,2.126174026037522,2.188356539664401,0.9915254772824805,0.9233037039377787,0.07669629606222128,1.0427915173281632,1.0987247394364401,0.9490925978994827,0.9695114709625504,0.9319032261304545,0.03956333177575462,0.7561709199883961,1.1180545029724822,2.2736719496259354,8.270892818756261e-10
80,79,0,local_loglinear,5,4,75,2.196164190831236,2.262029823537337,1.01775798962433,0.9350165022328139,0.06498349776718615,1.0436295525569184,1.101031987877902,0.9478648795375877,0.9621723309417423,0.9306175157916621,0.03334521154070946,0.7585831856939277,1.1359354436448321,2.260913731007415,9.838129220639274e-12
80,79,0,local_loglinear,6,5,74,2.2614673298440646,2.3309189243458075,1.042350532179529,0.9456855065393132,0.05431449346068684,1.0444387180030943,1.103404488672037,0.9465601497235987,0.9551573234048734,0.9290256677546951,0.027739695585295827,0.7606735474154225,1.1540886322725397,2.2499446748777023,5.682049252982957e-11
80,79,0,local_loglinear,7,6,73,2.3219506375199512,2.3948690328421343,1.065257221198012,0.9552798427877041,0.04472015721229594,1.045216242404463,1.1058860590689237,0.9451391794236558,0.9484726569064315,0.9271430686002351,0.022745072521321373,0.7624709205032096,1.1724653386413668,2.240576762030441,9.714246345858652e-10
80,79,0,local_loglinear,8,7,72,2.377546816451963,2.453793661750894,1.086453993967009,0.9637856695346951,0.03621433046530487,1.0459604020390112,1.108510140541346,0.9435731472228226,0.9421182211139875,0.9249854571377998,0.018352751447243874,0.7640017838919609,1.191026930560612,2.23264395842543,1.7759978672646197e-10
80,79,0,local_loglinear,9,8,71,2.4282460089513798,2.5076667129567576,1.1059361178941423,0.9712036439649635,0.028796356035036497,1.046670200894807,1.1113027184861686,0.941840763532546,0.9360890217914465,0.9225686220287679,0.014548820535427429,0.7652902171547363,1.2097435721445462,2.2260000116478373,1.1644717364631828e-9
80,79,0,local_loglinear,10,9,70,2.474087694929311,2.5565144100104495,1.12371558705242,0.9775466019848155,0.022453398015184534,1.0473451442894657,1.1142843337639474,0.9399262939932329,0.9303763447805233,0.9199081656563604,0.011315330974757537,0.7663580145504303,1.228593115731806,2.220516245849031,1.092321152879845e-9
80,79,0,local_loglinear,11,10,69,2.5151528043048246,2.6004073534268817,1.1398185288015383,0.9828374324929062,0.017162567507093773,1.0479850949615181,1.1174714905964716,0.9378181938244673,0.9249687044597766,0.917019322604318,0.008631360346823602,0.7672248380872287,1.2475601341951,2.2160794868709153,8.452048273481325e-10
80,79,0,local_loglinear,12,11,68,2.5515562398221308,2.6394529082050653,1.1542827129254905,0.9871071334618566,0.012892866538143366,1.048590183829948,1.1208776455020113,0.9355081600903125,0.9198526203455146,0.9139168232627184,0.006473897615549035,0.767908385944571,1.2666350541007503,2.2125901787888487,1.2469424294955483e-11
80,79,0,local_loglinear,13,12,67,2.583439958671781,2.673788094953049,1.167155209648707,0.9903930963348889,0.009606903665111077,1.0491607191201866,1.1245138949771696,0.9329904448548296,0.9150132310713087,0.9106147948069645,0.004818555272386435,0.7684245691783825,1.285813424410229,2.209960675739565,1.0013566397237803e-9
80,79,0,local_loglinear,14,13,66,2.610966682997176,2.7035730637713806,1.1784902553318153,0.9927375576050271,0.007262442394972868,1.0496971581624457,1.1283894691283323,0.9302613919051589,0.910434798279956,0.9071266921607062,0.0036401627010305276,0.7687876791321783,1.3050952442116197,2.2081137549227723,1.4784707207951183e-11
80,79,0,local_loglinear,15,14,65,2.6343143004884677,2.728985232634596,1.1883473402202525,0.9941862480002644,0.00581375199973555,1.0502000683238035,1.132512069266728,0.9273190960373434,0.9061011050832387,0.9034652537332966,0.0029132429449762742,0.7690105460801548,1.3244843778729691,2.2069813118898507,9.753936604808838e-10
80,79,0,local_loglinear,16,15,64,2.653670963469194,2.750214112094096,1.1967895268152717,0.9947872270727991,0.005212772927200904,1.050670099898769,1.1368881106313415,0.9241631520935745,0.90199576856661,0.8996424769513804,0.0026123923150928874,0.769104686155924,1.3439880465208411,2.206503224177705,1.4560013574477285e-11
80,79,0,local_loglinear,17,16,63,2.66923086999037,2.767456809757923,1.2038820019405945,0.9945898805940098,0.0054101194059902324,1.0511079740968912,1.1415228925893788,0.9207944763268001,0.8981024864273935,0.8956696094625236,0.0027125836801961956,0.7690804337410642,1.363616375395766,2.206626374524135,8.366293475739424e-10
80,79,0,local_loglinear,18,17,62,2.681190698016173,2.7809141950040335,1.209690855037598,0.9936440690490254,0.006355930950974642,1.0515144750126741,1.146420731670629,0.9172151601623149,0.8944052297414763,0.8915571527723232,0.003189405791892738,0.7689470594029539,1.383381990669077,2.2073038149171516,1.2587438538043346e-11
80,79,0,local_loglinear,19,18,61,2.6897466510446773,2.7907876904815625,1.2142820660554616,0.991999421910931,0.008000578089068955,1.0518904384722203,1.1515850549406408,0.9134283516092007,0.890888388499917,0.8873148756284592,0.004019245441944999,0.768712875284293,1.4032996695245759,2.208494047472052,5.651758404824918e-11
80,79,0,local_loglinear,20,19,60,2.6950920610690368,2.7972766414121635,1.2177206840593102,0.9897047649025212,0.010295235097478761,1.0522367415010072,1.1570184800012775,0.9094381461390707,0.8875368778889198,0.8829518348015106,0.005179421144634225,0.7683853291235488,1.4233860407561374,2.2101604049023917,1.0980324700774434e-9
80,79,0,local_loglinear,21,20,59,2.697415489229646,2.8005762043605276,1.2200701821644504,0.9868076541365154,0.013192345863484611,1.0525543017221206,1.16272290082301,0.9052494803164978,0.8843362177360631,0.8784764013009672,0.006648282358871951,0.7679710860282848,1.4436593163528533,2.2122705262545064,1.639147976025784e-11
80,79,0,local_loglinear,22,21,58,2.6968992709368322,2.8008757065081418,1.2213919619792721,0.98335402127347,0.016645978726529953,1.0528440639019747,1.1686995472760926,0.9008680343513915,0.8812725831013382,0.8738962906210428,0.008405272014265358,0.7674761020334842,1.4641390721291152,2.214795900534966,7.148336689725514e-11
80,79,0,local_loglinear,23,22,57,2.693718442560275,2.798357409910285,1.2217449954110662,0.9793878968878112,0.02061210311218875,1.0531070015756103,1.174949075581554,0.8963001235218331,0.8783328395394929,0.8692185955883189,0.010430968047631356,0.7669056872647447,1.4848460489388682,2.2177114839627685,1.0165037438176229e-9
80,79,0,local_loglinear,24,23,56,2.6880400014823,2.7931956355384853,1.221185575412454,0.9749512233993087,0.02504877660069127,1.0533441007563276,1.1814716316196188,0.8915525964109289,0.8755045566034158,0.8644498209680724,0.01270709683933044,0.7662645636592231,1.505802001632035,2.220995361407165,1.2529830694747781e-9
80,79,0,local_loglinear,25,24,55,2.6800224408851228,2.785556183499662,1.2197671670392802,0.9700837219529282,0.029916278047071754,1.0535563619637673,1.1882669414031217,0.8866327297801567,0.8727760135280297,0.8595959187805147,0.015216534987522679,0.7655569141626112,1.5270295615463696,2.224628464446375,2.0368402200158956e-11
80,79,0,local_loglinear,26,25,54,2.6698155198741276,2.7755960133719495,1.217540328485597,0.9648228366255314,0.035177163374468634,1.0537447764656567,1.1953343825709055,0.8815481189449932,0.8701361848363252,0.8546623238634219,0.017943285616548205,0.7647864297537283,1.5485521560731415,2.2285943109351396,2.3393127007965724e-10
80,79,0,local_loglinear,27,26,53,2.6575602137487992,2.7634631202862727,1.214552704616697,0.9592036994203129,0.040796300579687084,1.0539103379665822,1.2026730812300348,0.8763065827404191,0.8675747288852295,0.8496539887810564,0.02087245633234866,0.763956347676231,1.5703939191064429,2.2328787979756015,7.77907948102002e-10
80,79,0,local_loglinear,28,27,52,2.64338882127081,2.749296588373358,1.210849065039857,0.9532591536876046,0.04674084631239539,1.0540540205558653,1.2102819863448662,0.870916061255427,0.8650819609443002,0.844575418097971,0.02399021768934556,0.7630694883166896,1.592579652968455,2.237470008542796,1.2580438210926672e-11
80,79,0,local_loglinear,29,28,51,2.627425185172805,2.7332267716274523,1.206471381240395,0.9470198024271503,0.05298019757284966,1.0541767753706741,1.2181599496355182,0.8653845299101247,0.8626488236812915,0.8394307013541711,0.027283757629275762,0.7621282878148663,1.6151348057362545,2.2423580453995875,1.0156984245715742e-9
80,79,0,local_loglinear,30,29,50,2.6097850001053065,2.7153755746858566,1.2014589338278037,0.9405140781462354,0.059485921853764556,1.0542795261772477,1.2263058144617776,0.8597199114153824,0.8602668549852647,0.8342235445982875,0.0307412320806823,0.7611348269587651,1.6380854659061022,2.2475348885145134,1.594378244942348e-11
80,79,0,local_loglinear,31,30,49,2.5905761851278806,2.695856808928182,1.1958484408870076,0.9337683306341213,0.06623166936587865,1.0543631638110693,1.2347184832147622,0.8539300076450523,0.8579281533073685,0.8289573003490984,0.03435171218871255,0.7600908571500604,1.6614583755798777,2.2529942711868416,9.933802000504466e-10
80,79,0,local_loglinear,32,31,48,2.5698993008506164,2.6747766031314075,1.189674197087985,0.9268069348697912,0.07319306513020885,1.0544285355359244,1.2433969868180903,0.8480224310614225,0.8556253381315517,0.8236349958775497,0.03810512562630114,0.7589978249224005,1.685280972665961,2.258731566535003,1.5298509722658387e-11
80,79,0,local_loglinear,33,32,47,2.547847990614898,2.6522338446442415,1.1829682214064334,0.9196524036485937,0.08034759635140631,1.0544764436740204,1.2523405528821736,0.8420045499981751,0.8533515112873519,0.8182593596277776,0.04199219896075812,0.757856893585465,1.7095814444189759,2.264743691310252,6.598273630098774e-11
80,79,0,local_loglinear,34,33,46,2.5245094339195178,2.628320637474171,1.1757604113391509,0.912325498945233,0.08767450105476704,1.0545076475064057,1.261548667753159,0.8358834458479535,0.8511002209836261,0.8128328458206417,0.046004403415350836,0.7566689616711355,1.7343887856414864,2.2710290285268,1.3128752212176687e-9
80,79,0,local_loglinear,35,34,45,2.4999648050831755,2.603122771535883,1.1680786930105018,0.9048453564827952,0.09515464351720482,1.0545228518195413,1.271021125335617,0.829665873209693,0.8488654211622583,0.8073576573569754,0.05013389537499913,0.755434681213624,1.759732889130218,2.2775873527422945,1.931549110138174e-11
80,79,0,local_loglinear,36,35,44,2.474289722515171,2.5767201837316507,1.1599491737883663,0.8972295972088372,0.10277040279116278,1.054522715715805,1.2807580817836761,0.8233582365900051,0.8466414374604323,0.8018357668734775,0.05437346518858152,0.7541544720362238,1.7856446282277694,2.2844197780768956,8.608765348626242e-10
80,79,0,local_loglinear,37,36,43,2.447554689480621,2.549187414843034,1.151396284595651,0.8894944507800794,0.11050554921992062,1.0545078397532526,1.2907600929737335,0.8169665652769073,0.8444229278002219,0.796268936221108,0.058716480020051476,0.7528285367911302,1.812155976120209,2.291528703800896,1.2614475306276838e-11
80,79,0,local_loglinear,38,37,42,2.4198255140865865,2.520594045759377,1.1424429187285376,0.8816548671612819,0.11834513283871806,1.054478772237451,1.3010281617382395,0.8104965005742949,0.8422048480250293,0.7906587342041116,0.06315683331970076,0.7514568730111244,1.8393001243634746,2.2989177773180103,5.448759571823818e-11
80,79,0,local_loglinear,39,38,41,2.3911637094104408,2.491005114088969,1.1331105659540632,0.8737246194985693,0.12627538050143072,1.0544360129810508,1.3115637692619455,0.8039532942987684,0.8399824210278591,0.7850065527988443,0.06768889900857303,0.7500392829435828,1.8671116053048455,2.3065918707074005,1.2710894150045375e-10
80,79,0,local_loglinear,40,39,40,2.361626874159826,2.460481513081131,1.123419435197193,0.8657164118733078,0.13428358812669217,1.0543800052368797,1.3223689218554704,0.7973417915459141,0.8377511027411886,0.7793136220114714,0.07230748242850096,0.7485753836797319,1.8956264453304994,2.3145570574239116,1.1491879562896297e-9
80,79,0,local_loglinear,41,40,39,2.331269047414032,2.429080363578103,1.1133885709809368,0.8576419748287315,0.1423580251712685,1.054311141642211,1.3334461586715223,0.7906664508243766,0.83550655271833,0.773581023300363,0.07700777741400261,0.747064615021846,1.9248823195623082,2.3228206030680685,1.0119055430929287e-9
80,79,0,local_loglinear,42,41,38,2.3001410399582802,2.39685536152908,1.1030359652911972,0.849512150247645,0.15048784975235496,1.0542297701180194,1.3447985986155,0.7839313419893301,0.8332446086704797,0.7678097017641483,0.08178532864162866,0.7455062449885094,1.9549187094168172,2.331390971221179,9.371193721720006e-10
80,79,0,local_loglinear,43,42,37,2.268290745522218,2.363857107415891,1.0923786527985146,0.8413369883912729,0.1586630116087271,1.0541361783100593,1.3564299553342805,0.777140149526023,0.8309612539070559,0.7620004772682916,0.08663598588168603,0.7438993777176637,1.9857771110320803,2.3402778185080555,1.3831234525379425e-11
80,79,0,local_loglinear,44,43,36,2.235763422346753,2.3301334013388395,1.0814328097121995,0.8331258113404537,0.16687418865954629,1.0540306197730833,1.3683445753659547,0.7702961949413873,0.8286525995210207,0.7561540543027618,0.09155587666723597,0.7422429553222251,2.017501202782219,2.3494920255772644,1.1246757646876762e-9
80,79,0,local_loglinear,45,44,35,2.2026019602485842,2.2957295262552404,1.0702138370243286,0.8248872952346842,0.17511270476531582,1.0539132939433384,1.3805474581777768,0.7634024369828097,0.8263148564073607,0.7502710311146024,0.0965413669111046,0.7405357627946424,2.0501370781443025,2.3590457144679053,1.577844321254039e-11
80,79,0,local_loglinear,46,45,34,2.1688471221740633,2.26068850336104,1.0587364388765022,0.8166295369506184,0.18337046304938165,1.0537843558006068,1.3930442744516425,0.7564614959674689,0.8239443133502963,0.7443519077995127,0.10158902937951117,0.7387764305148324,2.0837334771990745,2.368952282643393,1.0410353432747577e-9
80,79,0,local_loglinear,47,46,33,2.134537765963627,2.22505132621652,1.0470146968000558,0.8083601113053165,0.1916398886946835,1.053643921556885,1.4058414036646578,0.749475665470026,0.8215373185711012,0.7383970935966704,0.10669561670089617,0.7369634349814186,2.118342027170267,2.379226451011477,1.4103044224536823e-11
80,79,0,local_loglinear,48,47,32,2.0997110497097937,2.188857178044209,1.0350621374103233,0.800086126545826,0.199913873454174,1.0534920674256174,1.418945948918895,0.7424469326885077,0.8190902610525053,0.7324069135344231,0.11185803431910696,0.735095099170542,2.1540175098336416,2.389884318699872,6.604327700206498e-11
80,79,0,local_loglinear,49,48,31,2.0644026206966624,2.1521436325884897,1.0228917911866775,0.791814281975882,0.208185718024118,1.0533288243597358,1.4323657744954479,0.7353769847864257,0.8165995496260814,0.7263816144485105,0.11707331090117126,0.7331695934019601,2.1908181687611727,2.400943420051566,8.932522577146376e-10
80,79,0,local_loglinear,50,49,30,2.028646785784178,2.114946834279477,1.0105162496479996,0.7835509121778053,0.21644908782219474,1.0531541880515245,1.4461095209785888,0.7282672389424906,0.8140615976114487,0.7203213703309581,0.12233857577234813,0.7311849336755373,2.228806021579291,2.412422801817957,1.1939290799316747e-9
80,79,0,local_loglinear,51,50,29,1.9924766688504676,2.0773016645954097,0.9979477179945639,0.7753020257688846,0.22469797423111537,1.0529681212995552,1.4601866431725494,0.721118855745571,0.8114728093798754,0.7142262872233673,0.1276510387632557,0.7291389794439277,2.268047194777253,2.4243431103561504,9.325679003432135e-10
80,79,0,local_loglinear,52,51,28,1.95592435711447,2.039241898325648,0.9851980592463075,0.7670733558061232,0.23292664419387676,1.052770541459089,1.4746074274681809,0.7139327537951153,0.8088295600935604,0.7080964077422509,0.13300796157536063,0.7270294326495547,2.308612329594847,2.436726678933815,1.2171046098574538e-11
80,79,0,local_loglinear,53,52,27,1.919021030745077,2.000800339537533,0.9722788412760359,0.7588703835966338,0.24112961640336616,1.0525613430491794,1.4893830506005876,0.7067096289465213,0.8061281881299666,0.7019317150449906,0.1384066449267081,0.7248538327112195,2.3505769629189897,2.4495976471013226,9.442611259948211e-10
80,79,0,local_loglinear,54,53,26,1.881797087065899,1.9620089539914236,0.9592013747142271,0.7506983794527714,0.2493016205472286,1.052340380154189,1.5045255734385998,0.6994499786062529,0.8033649782998667,0.6957321366701421,0.14384440396500717,0.722609553998281,2.394021997803695,2.462982075217009,1.1596454211020063e-11
80,79,0,local_loglinear,55,54,25,1.8442822517576598,1.922898986921525,0.9459767489929454,0.7425624329405439,0.2574375670594561,1.052107474277221,1.5200479989488322,0.6921541128995867,0.8005361497058349,0.6894975479810768,0.14931854932566946,0.720293801682907,2.439034198441197,2.4769080791962734,5.929253402293958e-11
80,79,0,local_loglinear,56,55,24,1.8065056811038487,1.883501070771543,0.9326158681445393,0.734467476350836,0.265532523649164,1.0518624201757538,1.5359643038789133,0.6848221781713207,0.7976378466891441,0.6832277753876135,0.1548263717461208,0.7179036060202558,2.4857067196478866,2.49140598695247,1.2918908755328262e-9
80,79,0,local_loglinear,57,56,23,1.7684960582251097,1.8438453274285511,0.9191294806096552,0.7264183139087014,0.2735816860912986,1.0516049782769459,1.5522894634538318,0.6774541752909493,0.7946661264165639,0.6769225994636037,0.16036512200531744,0.7154358178599288,2.5341397123196154,2.5065085013042623,1.470347473164701e-11
80,79,0,local_loglinear,58,57,22,1.7302816803509675,1.8039614599539593,0.9055282107887915,0.7184196405251937,0.2815803594748063,1.0513348848642976,1.569039510707816,0.6700499749620871,0.7916169516688158,0.6705817578777684,0.16593199696210245,0.7128871017820645,2.584440962913561,2.522250892895179,7.819624255893982e-11
80,79,0,local_loglinear,59,58,21,1.6918905417162438,1.7638788407626147,0.8918225835584263,0.7104760684565926,0.2895239315434074,1.051051841831308,1.5862315394418312,0.6626093452921481,0.7884861792782674,0.6642049483185828,0.17152411942632162,0.7102539312658298,2.636726628905563,2.5386711983311976,9.136774004829974e-10
80,79,0,local_loglinear,60,59,20,1.6533504081929014,1.7236265900956858,0.8780230508937498,0.7025921443811574,0.29740785561884264,1.050755526698286,1.603883768026573,0.6551319663214381,0.7852695535386992,0.6577918313003148,0.17713852367885374,0.7075325814828344,2.6911220240284326,2.5558104527348555,1.2774943856886439e-9
80,79,0,local_loglinear,61,60,19,1.6146888877361043,1.6832336501690697,0.8641400153622716,0.6947723652901645,0.3052276347098355,1.0504455922355216,1.6220155623461436,0.6476174560964866,0.7819627004130271,0.6513420330204194,0.18277214114522483,0.7047191226542269,2.7477624847404933,2.5737129414039743,1.461727656130416e-11
80,79,0,local_loglinear,62,61,18,1.5759334963951654,1.64272885474644,0.8501838533199173,0.6870211955793644,0.31297880442063564,1.0501216661828965,1.6406474901645447,0.6400653842328904,0.7785611213305409,0.6448551483064777,0.1884217845506045,0.7018094128391377,2.80679433607975,2.5924264804911368,8.178206518895396e-11
80,79,0,local_loglinear,63,62,17,1.5371117197088064,1.602140994069766,0.8361649342022468,0.6793430844593286,0.32065691554067144,1.0497833492704671,1.6598013241178782,0.6324753053371538,0.7750601870981635,0.6383307436544474,0.19408413110952438,0.6987990917055933,2.8683759663329518,2.6120027200893463,1.0837854143094932e-9
80,79,0,local_loglinear,64,63,16,1.4982510687085944,1.5614988735921982,0.8220936406261893,0.6717424776784537,0.32825752232154626,1.0494302218244183,1.6795000996944667,0.6248467755466819,0.7714551354021963,0.6317683603758606,0.19975570911486484,0.6956835732209606,2.9326789997439726,2.632497486592328,1.2708536219178472e-9
80,79,0,local_loglinear,65,64,15,1.4593791324922865,1.5208313690818116,0.8079803868797722,0.6642238274364669,0.3357761725635331,1.0490618454913017,1.6997681361141845,0.6171793806474963,0.7677410700543871,0.6251675179690315,0.20543288536013704,0.6924580388114335,2.9998895916921438,2.653971158780342,1.330491643067916e-11
80,79,0,local_loglinear,66,65,14,1.4205236273248947,1.4801674781939376,0.7938356370476636,0.6567916034069201,0.3432083965930799,1.0486777635765048,1.7206310522531194,0.6094727641950259,0.7639129605135057,0.6185277177694328,0.2111118513166994,0.6891174306022129,3.070209872769706,2.6764890849238556,8.22012169819945e-11
80,79,0,local_loglinear,67,66,13,1.381712441769302,1.4395363682027809,0.7796699192958724,0.6494503051918442,0.3505496948081558,1.048277498800534,1.742115806249805,0.6017266447155004,0.7599656415830431,0.61184844688946,0.21678860777109782,0.6856564463633407,3.1438595625480987,2.7001220353260544,1.2708082318856217e-9
80,79,0,local_loglinear,68,67,12,1.3429736764810964,1.3989674175132256,0.7654938416380219,0.6422044674297134,0.3577955325702866,1.0478605631530495,1.7642506788229713,0.5939408587061648,0.7558938184526407,0.6051291824538982,0.22245895457816572,0.6820695336757281,3.221077734412503,2.7249467129894276,1.2602295831008052e-11
80,79,0,local_loglinear,69,68,11,1.3043356806683808,1.3584902535511776,0.7513181069024492,0.6350586612461376,0.36494133875386237,1.0474264631215398,1.787065292917895,0.5861153855275857,0.7516920754031345,0.5983693962753351,0.22811848312999727,0.6783508850170709,3.3021247620817387,2.7510463182624827,7.208838587683465e-10
80,79,0,local_loglinear,70,69,10,1.2658270853407074,1.3181347880313872,0.7371535250401079,0.628017503333269,0.371982496666731,1.046974693626217,1.810590588310221,0.5782503788464582,0.7473548818855525,0.5915685600552787,0.23376256297021353,0.6744944350140331,3.3872845240859766,2.7785111664127853,6.810120691318624e-12
80,79,0,local_loglinear,71,70,9,1.2274768302806203,1.277931244463329,0.7230110273722382,0.6210856481429866,0.3789143518570134,1.0465047587115641,1.8348588021048053,0.5703462073000366,0.742876610243682,0.5847261510212061,0.2393863415501033,0.6704938572488477,3.4768667776931386,2.8074393852891784,9.086849253308272e-10
80,79,0,local_loglinear,72,71,8,1.189314188471843,1.237910183543541,0.7089016799932871,0.6142677849335418,0.38573221506645816,1.0460161704023838,1.8599033979323256,0.5624034944853863,0.738251553077121,0.5778416582852743,0.24498474081117078,0.666342563264257,3.571209824914222,2.8379376849965547,8.01794399382666e-12
80,79,0,local_loglinear,73,72,7,1.1513687852902086,1.1981025218192398,0.6948367013534006,0.6075686160375334,0.3924313839624666,1.0455084747714343,1.8857590119194736,0.5544231623250914,0.733473954221043,0.5709145898718639,0.2505524694928303,0.6620337010342853,3.670683378337626,2.870122231262553,6.37812991442609e-11
80,79,0,local_loglinear,74,73,6,1.1136706158552716,1.1585395480634162,0.6808274840804069,0.6009928270626197,0.3990071729373803,1.044981268937744,1.9124612687613542,0.5464065003598991,0.7285380477849188,0.5639444807136866,0.25608404363991966,0.6575601541975667,3.775691692652362,2.904119627930958,1.7891707472206715e-10
80,79,0,local_loglinear,75,74,5,1.076250060303623,1.119252935220931,0.6668856300013577,0.594545023648952,0.405454976351048,1.0444342516488283,1.9400466026040935,0.5383552386045268,0.7234381207563292,0.5569309017400159,0.26157383687400204,0.6529145379292252,3.886676826922215,2.9400680575362097,3.947027057936606e-10
80,79,0,local_loglinear,76,75,4,1.039137902402128,1.0802747528688863,0.6530230073102354,0.5882296231703843,0.4117703768296157,1.0438672952263939,1.9685519122352362,0.5302716625039934,0.7181686072226858,0.5498734705392461,0.26701617228603647,0.6480891887452823,4.004121930378096,2.9781186254972565,7.958475403345862e-10
80,79,0,local_loglinear,77,76,3,1.0023653577717773,1.041637484027188,0.6392518497733335,0.5820506624526883,0.4179493375473117,1.043280577016592,1.9980140253388554,0.522158785566911,0.7127242388017555,0.5427718642091586,0.272405491681174,0.6430761399923789,4.128554219131504,3.018437006578511,1.5382570289490183e-9
80,79,0,local_loglinear,78,77,2,0.9659641243436048,1.003374055214723,0.6255849320754611,0.5760114584820828,0.4239885415179172,1.0426748102604415,2.028468806329774,0.514020628272324,0.7071002911844523,0.5356258355112968,0.27773666117916584,0.6378670687534869,4.260547014500184,3.0612055600768038,2.907989798888869e-9
80,79,0,local_loglinear,79,78,1,0.9299664768826125,0.9655178950946156,0.6120358811135443,0.5701140110054786,0.42988598899452135,1.0420516518424345,2.0599496906323327,0.5058626706182136,0.70129299674507,0.5284352342366645,0.2830055179707032,0.6324531882764496,4.40071962930025,3.1066262106192255,5.429062405077576e-9
80,79,0,local_loglinear,80,79,0,0.8944054428686838,0.9281030473206738,0.5986197300423267,0.5643579469116274,0.43564205308837256,1.04141443131633,2.092485061543453,0.4976926480651503,0.6953002485342212,0.5212000370600225,0.2882098481979371,0.6268250381330562,4.549732764161973,3.154924641292946,1.7889495376908808e-7
90,89,0,local_loglinear,1,0,89,1.8905489305118306,1.9413556198342408,0.9038178660077935,0.8825268256025048,0.11747317439749516,,,,0.9932766422755183,0.9337836851161863,0.061764406780686135,0.7466805409386618,1.0667190368697315,2.3249284524801364,9.444954717907831e-12
90,89,0,local_loglinear,2,1,88,1.9730369965815278,2.0276623268270644,0.9344461533419904,0.8969721907464306,0.10302780925356936,1.0410485222195913,1.0940509703533396,0.9515539498889797,0.9850947192320787,0.9334988401525799,0.053798077696574825,0.750253589602985,1.083364371299011,2.3054292629678668,1.0337757456800832e-9
90,89,0,local_loglinear,3,2,87,2.051702867258132,2.110129678780688,0.9637229365529928,0.9105977686669502,0.08940223133304981,1.0419289427183027,1.096424269484925,0.9502972268278748,0.9771604547428103,0.9328681467363176,0.04638700160438913,0.7534054885661245,1.10050617573145,2.2884313376320096,1.1128440389470764e-11
90,89,0,local_loglinear,4,3,86,2.126174026037522,2.188356539664401,0.9915254772824805,0.9233037039377787,0.07669629606222128,1.0427915173281632,1.0987247394364401,0.9490925978994827,0.9695114709625504,0.9319032261304545,0.03956333177575462,0.7561709199883961,1.1180545029724822,2.2736719496259354,8.270892818756261e-10
90,89,0,local_loglinear,5,4,85,2.196164190831236,2.262029823537337,1.01775798962433,0.9350165022328139,0.06498349776718615,1.0436295525569184,1.101031987877902,0.9478648795375877,0.9621723309417423,0.9306175157916621,0.03334521154070946,0.7585831856939277,1.1359354436448321,2.260913731007415,9.838129220639274e-12
90,89,0,local_loglinear,6,5,84,2.2614673298440646,2.3309189243458075,1.042350532179529,0.9456855065393132,0.05431449346068684,1.0444387180030943,1.103404488672037,0.9465601497235987,0.9551573234048734,0.9290256677546951,0.027739695585295827,0.7606735474154225,1.1540886322725397,2.2499446748777023,5.682049252982957e-11
90,89,0,local_loglinear,7,6,83,2.3219506375199512,2.3948690328421343,1.065257221198012,0.9552798427877041,0.04472015721229594,1.045216242404463,1.1058860590689237,0.9451391794236558,0.9484726569064315,0.9271430686002351,0.022745072521321373,0.7624709205032096,1.1724653386413668,2.240576762030441,9.714246345858652e-10
90,89,0,local_loglinear,8,7,82,2.377546816451963,2.453793661750894,1.086453993967009,0.9637856695346951,0.03621433046530487,1.0459604020390112,1.108510140541346,0.9435731472228226,0.9421182211139875,0.9249854571377998,0.018352751447243874,0.7640017838919609,1.191026930560612,2.23264395842543,1.7759978672646197e-10
90,89,0,local_loglinear,9,8,81,2.4282460089513798,2.5076667129567576,1.1059361178941423,0.9712036439649635,0.028796356035036497,1.046670200894807,1.1113027184861686,0.941840763532546,0.9360890217914465,0.9225686220287679,0.014548820535427429,0.7652902171547363,1.2097435721445462,2.2260000116478373,1.1644717364631828e-9
90,89,0,local_loglinear,10,9,80,2.474087694929311,2.5565144100104495,1.12371558705242,0.9775466019848155,0.022453398015184534,1.0473451442894657,1.1142843337639474,0.9399262939932329,0.9303763447805233,0.9199081656563604,0.011315330974757537,0.7663580145504303,1.228593115731806,2.220516245849031,1.092321152879845e-9
90,89,0,local_loglinear,11,10,79,2.5151528043048246,2.6004073534268817,1.1398185288015383,0.9828374324929062,0.017162567507093773,1.0479850949615181,1.1174714905964716,0.9378181938244673,0.9249687044597766,0.917019322604318,0.008631360346823602,0.7672248380872287,1.2475601341951,2.2160794868709153,8.452048273481325e-10
90,89,0,local_loglinear,12,11,78,2.5515562398221308,2.6394529082050653,1.1542827129254905,0.9871071334618566,0.012892866538143366,1.048590183829948,1.1208776455020113,0.9355081600903125,0.9198526203455146,0.9139168232627184,0.006473897615549035,0.767908385944571,1.2666350541007503,2.2125901787888487,1.2469424294955483e-11
90,89,0,local_loglinear,13,12,77,2.583439958671781,2.673788094953049,1.167155209648707,0.9903930963348889,0.009606903665111077,1.0491607191201866,1.1245138949771696,0.9329904448548296,0.9150132310713087,0.9106147948069645,0.004818555272386435,0.7684245691783825,1.285813424410229,2.209960675739565,1.0013566397237803e-9
90,89,0,local_loglinear,14,13,76,2.610966682997176,2.7035730637713806,1.1784902553318153,0.9927375576050271,0.007262442394972868,1.0496971581624457,1.1283894691283323,0.9302613919051589,0.910434798279956,0.9071266921607062,0.0036401627010305276,0.7687876791321783,1.3050952442116197,2.2081137549227723,1.4784707207951183e-11
90,89,0,local_loglinear,15,14,75,2.6343143004884677,2.728985232634596,1.1883473402202525,0.9941862480002644,0.00581375199973555,1.0502000683238035,1.132512069266728,0.9273190960373434,0.9061011050832387,0.9034652537332966,0.0029132429449762742,0.7690105460801548,1.3244843778729691,2.2069813118898507,9.753936604808838e-10
90,89,0,local_loglinear,16,15,74,2.653670963469194,2.750214112094096,1.1967895268152717,0.9947872270727991,0.005212772927200904,1.050670099898769,1.1368881106313415,0.9241631520935745,0.90199576856661,0.8996424769513804,0.0026123923150928874,0.769104686155924,1.3439880465208411,2.206503224177705,1.4560013574477285e-11
90,89,0,local_loglinear,17,16,73,2.66923086999037,2.767456809757923,1.2038820019405945,0.9945898805940098,0.0054101194059902324,1.0511079740968912,1.1415228925893788,0.9207944763268001,0.8981024864273935,0.8956696094625236,0.0027125836801961956,0.7690804337410642,1.363616375395766,2.206626374524135,8.366293475739424e-10
90,89,0,local_loglinear,18,17,72,2.681190698016173,2.7809141950040335,1.209690855037598,0.9936440690490254,0.006355930950974642,1.0515144750126741,1.146420731670629,0.9172151601623149,0.8944052297414763,0.8915571527723232,0.003189405791892738,0.7689470594029539,1.383381990669077,2.2073038149171516,1.2587438538043346e-11
90,89,0,local_loglinear,19,18,71,2.6897466510446773,2.7907876904815625,1.2142820660554616,0.991999421910931,0.008000578089068955,1.0518904384722203,1.1515850549406408,0.9134283516092007,0.890888388499917,0.8873148756284592,0.004019245441944999,0.768712875284293,1.4032996695245759,2.208494047472052,5.651758404824918e-11
90,89,0,local_loglinear,20,19,70,2.6950920610690368,2.7972766414121635,1.2177206840593102,0.9897047649025212,0.010295235097478761,1.0522367415010072,1.1570184800012775,0.9094381461390707,0.8875368778889198,0.8829518348015106,0.005179421144634225,0.7683853291235488,1.4233860407561374,2.2101604049023917,1.0980324700774434e-9
90,89,0,local_loglinear,21,20,69,2.697415489229646,2.8005762043605276,1.2200701821644504,0.9868076541365154,0.013192345863484611,1.0525543017221206,1.16272290082301,0.9052494803164978,0.8843362177360631,0.8784764013009672,0.006648282358871951,0.7679710860282848,1.4436593163528533,2.2122705262545064,1.639147976025784e-11
90,89,0,local_loglinear,22,21,68,2.6968992709368322,2.8008757065081418,1.2213919619792721,0.98335402127347,0.016645978726529953,1.0528440639019747,1.1686995472760926,0.9008680343513915,0.8812725831013382,0.8738962906210428,0.008405272014265358,0.7674761020334842,1.4641390721291152,2.214795900534966,7.148336689725514e-11
90,89,0,local_loglinear,23,22,67,2.693718442560275,2.798357409910285,1.2217449954110662,0.9793878968878112,0.02061210311218875,1.0531070015756103,1.174949075581554,0.8963001235218331,0.8783328395394929,0.8692185955883189,0.010430968047631356,0.7669056872647447,1.4848460489388682,2.2177114839627685,1.0165037438176229e-9
90,89,0,local_loglinear,24,23,66,2.6880400014823,2.7931956355384853,1.221185575412454,0.9749512233993087,0.02504877660069127,1.0533441007563276,1.1814716316196188,0.8915525964109289,0.8755045566034158,0.8644498209680724,0.01270709683933044,0.7662645636592231,1.505802001632035,2.220995361407165,1.2529830694747781e-9
90,89,0,local_loglinear,25,24,65,2.6800224408851228,2.785556183499662,1.2197671670392802,0.9700837219529282,0.029916278047071754,1.0535563619637673,1.1882669414031217,0.8866327297801567,0.8727760135280297,0.8595959187805147,0.015216534987522679,0.7655569141626112,1.5270295615463696,2.224628464446375,2.0368402200158956e-11
90,89,0,local_loglinear,26,25,64,2.6698155198741276,2.7755960133719495,1.217540328485597,0.9648228366255314,0.035177163374468634,1.0537447764656567,1.1953343825709055,0.8815481189449932,0.8701361848363252,0.8546623238634219,0.017943285616548205,0.7647864297537283,1.5485521560731415,2.2285943109351396,2.3393127007965724e-10
90,89,0,local_loglinear,27,26,63,2.6575602137487992,2.7634631202862727,1.214552704616697,0.9592036994203129,0.040796300579687084,1.0539103379665822,1.2026730812300348,0.8763065827404191,0.8675747288852295,0.8496539887810564,0.02087245633234866,0.763956347676231,1.5703939191064429,2.2328787979756015,7.77907948102002e-10
90,89,0,local_loglinear,28,27,62,2.64338882127081,2.749296588373358,1.210849065039857,0.9532591536876046,0.04674084631239539,1.0540540205558653,1.2102819863448662,0.870916061255427,0.8650819609443002,0.844575418097971,0.02399021768934556,0.7630694883166896,1.592579652968455,2.237470008542796,1.2580438210926672e-11
90,89,0,local_loglinear,29,28,61,2.627425185172805,2.7332267716274523,1.206471381240395,0.9470198024271503,0.05298019757284966,1.0541767753706741,1.2181599496355182,0.8653845299101247,0.8626488236812915,0.8394307013541711,0.027283757629275762,0.7621282878148663,1.6151348057362545,2.2423580453995875,1.0156984245715742e-9
90,89,0,local_loglinear,30,29,60,2.6097850001053065,2.7153755746858566,1.2014589338278037,0.9405140781462354,0.059485921853764556,1.0542795261772477,1.2263058144617776,0.8597199114153824,0.8602668549852647,0.8342235445982875,0.0307412320806823,0.7611348269587651,1.6380854659061022,2.2475348885145134,1.594378244942348e-11
90,89,0,local_loglinear,31,30,59,2.5905761851278806,2.695856808928182,1.1958484408870076,0.9337683306341213,0.06623166936587865,1.0543631638110693,1.2347184832147622,0.8539300076450523,0.8579281533073685,0.8289573003490984,0.03435171218871255,0.7600908571500604,1.6614583755798777,2.2529942711868416,9.933802000504466e-10
90,89,0,local_loglinear,32,31,58,2.5698993008506164,2.6747766031314075,1.189674197087985,0.9268069348697912,0.07319306513020885,1.0544285355359244,1.2433969868180903,0.8480224310614225,0.8556253381315517,0.8236349958775497,0.03810512562630114,0.7589978249224005,1.685280972665961,2.258731566535003,1.5298509722658387e-11
90,89,0,local_loglinear,33,32,57,2.547847990614898,2.6522338446442415,1.1829682214064334,0.9196524036485937,0.08034759635140631,1.0544764436740204,1.2523405528821736,0.8420045499981751,0.8533515112873519,0.8182593596277776,0.04199219896075812,0.757856893585465,1.7095814444189759,2.264743691310252,6.598273630098774e-11
90,89,0,local_loglinear,34,33,56,2.5245094339195178,2.628320637474171,1.1757604113391509,0.912325498945233,0.08767450105476704,1.0545076475064057,1.261548667753159,0.8358834458479535,0.8511002209836261,0.8128328458206417,0.046004403415350836,0.7566689616711355,1.7343887856414864,2.2710290285268,1.3128752212176687e-9
90,89,0,local_loglinear,35,34,55,2.4999648050831755,2.603122771535883,1.1680786930105018,0.9048453564827952,0.09515464351720482,1.0545228518195413,1.271021125335617,0.829665873209693,0.8488654211622583,0.8073576573569754,0.05013389537499913,0.755434681213624,1.759732889130218,2.2775873527422945,1.931549110138174e-11
90,89,0,local_loglinear,36,35,54,2.474289722515171,2.5767201837316507,1.1599491737883663,0.8972295972088372,0.10277040279116278,1.054522715715805,1.2807580817836761,0.8233582365900051,0.8466414374604323,0.8018357668734775,0.05437346518858152,0.7541544720362238,1.7856446282277694,2.2844197780768956,8.608765348626242e-10
90,89,0,local_loglinear,37,36,53,2.447554689480621,2.549187414843034,1.151396284595651,0.8894944507800794,0.11050554921992062,1.0545078397532526,1.2907600929737335,0.8169665652769073,0.8444229278002219,0.796268936221108,0.058716480020051476,0.7528285367911302,1.812155976120209,2.291528703800896,1.2614475306276838e-11
90,89,0,local_loglinear,38,37,52,2.4198255140865865,2.520594045759377,1.1424429187285376,0.8816548671612819,0.11834513283871806,1.054478772237451,1.3010281617382395,0.8104965005742949,0.8422048480250293,0.7906587342041116,0.06315683331970076,0.7514568730111244,1.8393001243634746,2.2989177773180103,5.448759571823818e-11
90,89,0,local_loglinear,39,38,51,2.3911637094104408,2.491005114088969,1.1331105659540632,0.8737246194985693,0.12627538050143072,1.0544360129810508,1.3115637692619455,0.8039532942987684,0.8399824210278591,0.7850065527988443,0.06768889900857303,0.7500392829435828,1.8671116053048455,2.3065918707074005,1.2710894150045375e-10
90,89,0,local_loglinear,40,39,50,2.361626874159826,2.460481513081131,1.123419435197193,0.8657164118733078,0.13428358812669217,1.0543800052368797,1.3223689218554704,0.7973417915459141,0.8377511027411886,0.7793136220114714,0.07230748242850096,0.7485753836797319,1.8956264453304994,2.3145570574239116,1.1491879562896297e-9
90,89,0,local_loglinear,41,40,49,2.331269047414032,2.429080363578103,1.1133885709809368,0.8576419748287315,0.1423580251712685,1.054311141642211,1.3334461586715223,0.7906664508243766,0.83550655271833,0.773581023300363,0.07700777741400261,0.747064615021846,1.9248823195623082,2.3228206030680685,1.0119055430929287e-9
90,89,0,local_loglinear,42,41,48,2.3001410399582802,2.39685536152908,1.1030359652911972,0.849512150247645,0.15048784975235496,1.0542297701180194,1.3447985986155,0.7839313419893301,0.8332446086704797,0.7678097017641483,0.08178532864162866,0.7455062449885094,1.9549187094168172,2.331390971221179,9.371193721720006e-10
90,89,0,local_loglinear,43,42,47,2.268290745522218,2.363857107415891,1.0923786527985146,0.8413369883912729,0.1586630116087271,1.0541361783100593,1.3564299553342805,0.777140149526023,0.8309612539070559,0.7620004772682916,0.08663598588168603,0.7438993777176637,1.9857771110320803,2.3402778185080555,1.3831234525379425e-11
90,89,0,local_loglinear,44,43,46,2.235763422346753,2.3301334013388395,1.0814328097121995,0.8331258113404537,0.16687418865954629,1.0540306197730833,1.3683445753659547,0.7702961949413873,0.8286525995210207,0.7561540543027618,0.09155587666723597,0.7422429553222251,2.017501202782219,2.3494920255772644,1.1246757646876762e-9
90,89,0,local_loglinear,45,44,45,2.2026019602485842,2.2957295262552404,1.0702138370243286,0.8248872952346842,0.17511270476531582,1.0539132939433384,1.3805474581777768,0.7634024369828097,0.8263148564073607,0.7502710311146024,0.0965413669111046,0.7405357627946424,2.0501370781443025,2.3590457144679053,1.577844321254039e-11
90,89,0,local_loglinear,46,45,44,2.1688471221740633,2.26068850336104,1.0587364388765022,0.8166295369506184,0.18337046304938165,1.0537843558006068,1.3930442744516425,0.7564614959674689,0.8239443133502963,0.7443519077995127,0.10158902937951117,0.7387764305148324,2.0837334771990745,2.368952282643393,1.0410353432747577e-9
90,89,0,local_loglinear,47,46,43,2.134537765963627,2.22505132621652,1.0470146968000558,0.8083601113053165,0.1916398886946835,1.053643921556885,1.4058414036646578,0.749475665470026,0.8215373185711012,0.7383970935966704,0.10669561670089617,0.7369634349814186,2.118342027170267,2.379226451011477,1.4103044224536823e-11
90,89,0,local_loglinear,48,47,42,2.0997110497097937,2.188857178044209,1.0350621374103233,0.800086126545826,0.199913873454174,1.0534920674256174,1.418945948918895,0.7424469326885077,0.8190902610525053,0.7324069135344231,0.11185803431910696,0.735095099170542,2.1540175098336416,2.389884318699872,6.604327700206498e-11
90,89,0,local_loglinear,49,48,41,2.0644026206966624,2.1521436325884897,1.0228917911866775,0.791814281975882,0.208185718024118,1.0533288243597358,1.4323657744954479,0.7353769847864257,0.8165995496260814,0.7263816144485105,0.11707331090117126,0.7331695934019601,2.1908181687611727,2.400943420051566,8.932522577146376e-10
90,89,0,local_loglinear,50,49,40,2.028646785784178,2.114946834279477,1.0105162496479996,0.7835509121778053,0.21644908782219474,1.0531541880515245,1.4461095209785888,0.7282672389424906,0.8140615976114487,0.7203213703309581,0.12233857577234813,0.7311849336755373,2.228806021579291,2.412422801817957,1.1939290799316747e-9
90,89,0,local_loglinear,51,50,39,1.9924766688504676,2.0773016645954097,0.9979477179945639,0.7753020257688846,0.22469797423111537,1.0529681212995552,1.4601866431725494,0.721118855745571,0.8114728093798754,0.7142262872233673,0.1276510387632557,0.7291389794439277,2.268047194777253,2.4243431103561504,9.325679003432135e-10
90,89,0,local_loglinear,52,51,38,1.95592435711447,2.039241898325648,0.9851980592463075,0.7670733558061232,0.23292664419387676,1.052770541459089,1.4746074274681809,0.7139327537951153,0.8088295600935604,0.7080964077422509,0.13300796157536063,0.7270294326495547,2.308612329594847,2.436726678933815,1.2171046098574538e-11
90,89,0,local_loglinear,53,52,37,1.919021030745077,2.000800339537533,0.9722788412760359,0.7588703835966338,0.24112961640336616,1.0525613430491794,1.4893830506005876,0.7067096289465213,0.8061281881299666,0.7019317150449906,0.1384066449267081,0.7248538327112195,2.3505769629189897,2.4495976471013226,9.442611259948211e-10
90,89,0,local_loglinear,54,53,36,1.881797087065899,1.9620089539914236,0.9592013747142271,0.7506983794527714,0.2493016205472286,1.052340380154189,1.5045255734385998,0.6994499786062529,0.8033649782998667,0.6957321366701421,0.14384440396500717,0.722609553998281,2.394021997803695,2.462982075217009,1.1596454211020063e-11
90,89,0,local_loglinear,55,54,35,1.8442822517576598,1.922898986921525,0.9459767489929454,0.7425624329405439,0.2574375670594561,1.052107474277221,1.5200479989488322,0.6921541128995867,0.8005361497058349,0.6894975479810768,0.14931854932566946,0.720293801682907,2.439034198441197,2.4769080791962734,5.929253402293958e-11
90,89,0,local_loglinear,56,55,34,1.8065056811038487,1.883501070771543,0.9326158681445393,0.734467476350836,0.265532523649164,1.0518624201757538,1.5359643038789133,0.6848221781713207,0.7976378466891441,0.6832277753876135,0.1548263717461208,0.7179036060202558,2.4857067196478866,2.49140598695247,1.2918908755328262e-9
90,89,0,local_loglinear,57,56,33,1.7684960582251097,1.8438453274285511,0.9191294806096552,0.7264183139087014,0.2735816860912986,1.0516049782769459,1.5522894634538318,0.6774541752909493,0.7946661264165639,0.6769225994636037,0.16036512200531744,0.7154358178599288,2.5341397123196154,2.5065085013042623,1.470347473164701e-11
90,89,0,local_loglinear,58,57,32,1.7302816803509675,1.8039614599539593,0.9055282107887915,0.7184196405251937,0.2815803594748063,1.0513348848642976,1.569039510707816,0.6700499749620871,0.7916169516688158,0.6705817578777684,0.16593199696210245,0.7128871017820645,2.584440962913561,2.522250892895179,1.3252696148715876e-9
90,89,0,local_loglinear,59,58,31,1.691890541738436,1.7638788409526112,0.8918225829785938,0.7104760701092102,0.2895239298907898,1.0510518401319526,1.5862315394418312,0.6626093442208321,0.7884861783741596,0.6642049483185828,0.17152411827968417,0.7102539315085201,2.636726634606661,2.5386711968104136,1.6177954934154564e-11
90,89,0,local_loglinear,60,59,30,1.653350407650279,1.7236265897265632,0.8780230497572914,0.7025921462026401,0.2974078537973599,1.050755526311519,1.6038837705957965,0.6551319650308536,0.7852695525039667,0.6577918312735831,0.1771385224018142,0.7075325818353088,2.691122030864397,2.5558104505037202,1.1493595808870063e-9
90,89,0,local_loglinear,61,60,29,1.6146888865087679,1.6832336489546393,0.8641400145347592,0.6947723659014453,0.3052276340985547,1.0504455935773238,1.622015565957843,0.6476174554816975,0.7819627000067809,0.6513420329636348,0.1827721407128846,0.7047191227260651,2.7477624877494824,2.5737129409444566,1.239252985529971e-11
90,89,0,local_loglinear,62,61,28,1.5759334949635815,1.6427288533857676,0.8501838521935705,0.6870211969257,0.31297880307430004,1.050121665403373,1.6406474918839167,0.6400653830869806,0.7785611204980941,0.6448551482384419,0.18842178358689815,0.7018094129901267,2.8067943421391246,2.592426479514774,1.1980442146242683e-9
90,89,0,local_loglinear,63,62,27,1.5371117178772593,1.6021409925511876,0.8361649317407823,0.6793430884072323,0.32065691159276766,1.049783346239827,1.6598013271413996,0.632475302359121,0.7750601847713936,0.6383307435631629,0.19408412825047894,0.698799092338852,2.8683759831619593,2.612002715947947,1.2455626979637656e-11
90,89,0,local_loglinear,64,63,26,1.4982510656123302,1.5614988709641129,0.8220936364787148,0.6717424836666264,0.32825751633337363,1.0494302191840215,1.6795001079893999,0.624846770888475,0.7714551318290765,0.6317683602193604,0.19975570473091997,0.6956835742937553,2.9326790264134814,2.632497479493704,8.658977929423333e-10
90,89,0,local_loglinear,65,64,25,1.4593791274638752,1.5208313646990972,0.8079803806676898,0.6642238362114548,0.33577616378854525,1.0490618420557407,1.6997681497468722,0.6171793736763252,0.7677410647546723,0.6251675177136231,0.2054328788656833,0.6924580403342968,2.9998896325335918,2.6539711485800916,8.434788582433398e-12
90,89,0,local_loglinear,66,65,24,1.4205236195908277,1.4801674716913131,0.7938356263573495,0.6567916196733968,0.34320838032660317,1.0486777544156847,1.720631072907416,0.6094727515548664,0.7639129507196727,0.6185277173691739,0.2111118391432012,0.6891174334710987,3.070209950019363,2.676489065462767,5.2778842905223896e-11
90,89,0,local_loglinear,67,66,23,1.3817124291298972,1.4395363578446687,0.7796699003999232,0.6494503350939103,0.35054966490608974,1.048277481865335,1.7421158444829334,0.6017266217887295,0.7599656235605415,0.6118484462238225,0.21678858514411992,0.6856564517387957,3.1438597085418327,2.700121998377629,1.0633762512234966e-9
90,89,0,local_loglinear,68,67,22,1.3429736550383,1.3989674002069583,0.7654938076249516,0.6422045215662765,0.3577954784337235,1.04786053228716,1.7642507500795763,0.5939408172222097,0.7558937857085981,0.6051291813047801,0.22245891315881833,0.6820695437774834,3.2210780074870518,2.724946642594806,1.120910461193983e-9
90,89,0,local_loglinear,69,68,21,1.3043356435946467,1.358490224024169,0.7513180455130584,0.6350587607459588,0.3649412392540412,1.0474264050878317,1.787065425719942,0.5861153094973356,0.7516920150109175,0.5983693942574035,0.22811840616068135,0.6783509038490865,3.3021252810642525,2.7510461851406567,1.0589988379802436e-11
90,89,0,local_loglinear,70,69,20,1.2658270202004456,1.318134736320601,0.7371534148855747,0.6280176828285253,0.3719823171714747,1.0469745896692455,1.8105908378228188,0.578250241743298,0.7473547724186761,0.5915685564528439,0.23376242258741697,0.6744944694916082,3.387285495146625,2.7785109190350985,7.366088177138762e-11
90,89,0,local_loglinear,71,70,19,1.2274767157671749,1.277931153901198,0.7230108296159579,0.6210859728580516,0.37891402714194844,1.0465045677876696,1.834859264676948,0.570345959460777,0.7428764113245999,0.5847261445807799,0.2393860847958288,0.6704939203918965,3.4768686007252527,2.8074389251420704,1.1339726517297347e-9
90,89,0,local_loglinear,72,71,18,1.1893139869644396,1.2379100246840067,0.7089013251943906,0.6142683718188838,0.38573162818111617,1.0460158214275974,1.8599042570794382,0.5624030470633635,0.7382511919935689,0.5778416467501073,0.24498427166716646,0.6663426787174835,3.571213247112112,2.8379368298985774,1.3271695517515857e-9
90,89,0,local_loglinear,73,72,17,1.151368430841703,1.1981022432723731,0.6948360648141476,0.6075696761488243,0.3924303238511757,1.0455078367579334,1.8857606065080277,0.5544223551758041,0.7334732993110065,0.5709145692030544,0.25055161280748817,0.6620339121348822,3.670689803479754,2.8701206410854687,1.1166059358532895e-11
90,89,0,local_loglinear,74,73,16,1.1136699929095866,1.1585390598157719,0.6808263442062543,0.6009947371863537,0.39900526281364634,1.04498010826784,1.912464227866369,0.5464050480220835,0.7285368631785789,0.5639444436884782,0.25608248328782673,0.6575605391943274,3.775703735670418,2.904116676150058,1.0335552569284158e-9
90,89,0,local_loglinear,75,74,15,1.0762489677531422,1.119252081527839,0.6668835912220696,0.59454846217901,0.40545153782098997,1.0444321385519362,1.9400520822938203,0.5383526288206922,0.7234359807493902,0.5569308355125329,0.2615709976783089,0.6529152394047771,3.886699394392317,2.940062579137594,8.29210478508268e-12
90,89,0,local_loglinear,76,75,14,1.0391359902175883,1.0802732636757995,0.6530193659587213,0.5882358037404777,0.4117641962595223,1.043863456581593,1.9685620504593346,0.5302669815960451,0.7181647484666893,0.5498733522554087,0.26701101433240937,0.6480904651417596,4.004164186969192,2.9781084629378958,7.02187259054531e-11
90,89,0,local_loglinear,77,76,13,1.002362018879863,1.0416348935069315,0.639245354867242,0.5820617584519718,0.41793824154802817,1.043273610482727,1.9980327574434043,0.5221504034887068,0.7127172919633626,0.5427716533290947,0.27239613327698575,0.6430784599151863,4.128633305540809,3.018418159228464,1.2149439680460377e-10
90,89,0,local_loglinear,78,77,12,0.9659583080373076,1.0033695617799865,0.6255733626098814,0.5760313555543323,0.42396864444566773,1.0426621833409622,2.028503377965431,0.5140056431095235,0.707087805106538,0.5356254602351782,0.277719703511807,0.6378712806887836,4.260694965394625,3.0611706120762867,2.1286173088491622e-10
90,89,0,local_loglinear,79,78,11,0.9299563691416729,0.9655101237766855,0.6120152990175743,0.5701496479811338,0.42985035201886623,1.0420287949112657,2.060013423539177,0.5058359246616086,0.7012705911343127,0.5284345676507147,0.28297482989355266,0.6324608266906354,4.400996295361022,3.1065614165084128,3.076085027124347e-10
90,89,0,local_loglinear,80,79,10,0.8943879196785948,0.9280896473610395,0.5985831613690377,0.5644217003781893,0.4355782996218107,1.0413731095705065,2.092602420648402,0.49764498946141544,0.6952601090464026,0.5211988552771103,0.2881543842420605,0.6268388747946406,4.550249929935845,3.1548045233119515,1.2774361572476648e-9
90,89,0,local_loglinear,81,80,9,0.8592848187847035,0.8911413476704227,0.5852890104754441,0.5588525786827844,0.4411474213172156,1.0406948386030077,2.126309617154759,0.48943711217163866,0.6890510224879977,0.5139183004495071,0.2932510169500883,0.6209971228980391,4.709241428233689,3.206134122142242,8.02501926970135e-12
90,89,0,local_loglinear,82,81,8,0.82467898813338,0.8546985066363852,0.5721449401062404,0.5534473356256993,0.44655266437430075,1.039993748234946,2.1611736124483722,0.4812171230689548,0.6826382543707659,0.5065929914225267,0.2982571741182515,0.6149272418774459,4.878837586971324,3.2608067233709837,8.92671405178439e-11
90,89,0,local_loglinear,83,82,7,0.7906023176858803,0.8187943778937623,0.5591630370284923,0.5482110103555555,0.45178898964444447,1.0392696459527373,2.1972319465779,0.47299041303825834,0.6760170360715316,0.49922314130892265,0.30316510424518245,0.6086209383345316,5.059995919422396,3.3191034457081154,1.7256604928733162e-10
90,89,0,local_loglinear,84,83,6,0.7570865533773998,0.7834620735327075,0.5463553282993799,0.5431486296445442,0.45685137035545575,1.0385223763875293,2.234520673749969,0.46476293040721023,0.6691829582807101,0.491809102381245,0.3079668650701459,0.6020700297174493,5.253775375435655,3.3813325209283263,3.219932873009478e-10
90,89,0,local_loglinear,85,84,5,0.7241631662756725,0.7487344334794555,0.5337337109066594,0.5382652344140032,0.4617347655859968,1.0377517859281147,2.273073967565116,0.4565411424071428,0.6621320088470801,0.48435138060956373,0.31265430888604856,0.5952665351723773,5.461348709257286,3.4478320076938584,5.911017616674589e-10
90,89,0,local_loglinear,86,85,4,0.6918631998873388,0.7146438748616896,0.5213098543559801,0.533565943366876,0.466434056633124,1.036957663036671,2.3129236984221033,0.4483319807497725,0.6548605899416298,0.47685064998683724,0.3172190340894007,0.5882027869206168,5.684016913160175,3.5189726839439732,1.0767309982427685e-9
90,89,0,local_loglinear,87,86,3,0.6602170919457387,0.6812222196124033,0.5090950598223882,0.5290560876752712,0.47094391232472876,1.0361396210429135,2.3540992435518087,0.4401427101601761,0.6473654937315326,0.4693077660645488,0.32165226945444164,0.5808715709163208,5.923226485998409,3.5951610299624983,1.9536269320038886e-9
90,89,0,local_loglinear,88,87,2,0.6292544642324676,0.6485004969273945,0.4971000481735858,0.5247414717158485,0.4752585282841515,1.035296885266967,2.3966275700150037,0.43198071248946107,0.6396438035922545,0.46172377774723516,0.32594463591730627,0.5732663112211963,6.180590800502085,3.6768421183261397,3.536405933557187e-9
90,89,0,local_loglinear,89,88,1,0.5990038699674967,0.6165087155611153,0.4853346283073502,0.5206288572600762,0.47937114273992376,1.0344279100337261,2.4405339468246874,0.4238531127090415,0.6316926637922078,0.4540999358419546,0.330085687583054,0.5653813236674078,6.4579177861049555,3.764502035453698,6.390177051524395e-9
90,89,0,local_loglinear,90,89,0,0.5694924812349522,0.5852755979163953,0.47380716148002594,0.5167268409128551,0.48327315908714485,1.0335296974504251,2.4858438212062732,0.41576614292240516,0.6235088203580404,0.44643769593467264,0.3340630597445697,0.557212183715584,6.7572478873063195,3.858669103173405,1.9534402793547443e-7
100,99,0,local_loglinear,1,0,99,1.8905489305118306,1.9413556198342408,0.9038178660077935,0.8825268256025048,0.11747317439749516,,,,0.9932766422755183,0.9337836851161863,0.061764406780686135,0.7466805409386618,1.0667190368697315,2.3249284524801364,9.444954717907831e-12
100,99,0,local_loglinear,2,1,98,1.9730369965815278,2.0276623268270644,0.9344461533419904,0.8969721907464306,0.10302780925356936,1.0410485222195913,1.0940509703533396,0.9515539498889797,0.9850947192320787,0.9334988401525799,0.053798077696574825,0.750253589602985,1.083364371299011,2.3054292629678668,1.0337757456800832e-9
100,99,0,local_loglinear,3,2,97,2.051702867258132,2.110129678780688,0.9637229365529928,0.9105977686669502,0.08940223133304981,1.0419289427183027,1.096424269484925,0.9502972268278748,0.9771604547428103,0.9328681467363176,0.04638700160438913,0.7534054885661245,1.10050617573145,2.2884313376320096,1.1128440389470764e-11
100,99,0,local_loglinear,4,3,96,2.126174026037522,2.188356539664401,0.9915254772824805,0.9233037039377787,0.07669629606222128,1.0427915173281632,1.0987247394364401,0.9490925978994827,0.9695114709625504,0.9319032261304545,0.03956333177575462,0.7561709199883961,1.1180545029724822,2.2736719496259354,8.270892818756261e-10
100,99,0,local_loglinear,5,4,95,2.196164190831236,2.262029823537337,1.01775798962433,0.9350165022328139,0.06498349776718615,1.0436295525569184,1.101031987877902,0.9478648795375877,0.9621723309417423,0.9306175157916621,0.03334521154070946,0.7585831856939277,1.1359354436448321,2.260913731007415,9.838129220639274e-12
100,99,0,local_loglinear,6,5,94,2.2614673298440646,2.3309189243458075,1.042350532179529,0.9456855065393132,0.05431449346068684,1.0444387180030943,1.103404488672037,0.9465601497235987,0.9551573234048734,0.9290256677546951,0.027739695585295827,0.7606735474154225,1.1540886322725397,2.2499446748777023,5.682049252982957e-11
100,99,0,local_loglinear,7,6,93,2.3219506375199512,2.3948690328421343,1.065257221198012,0.9552798427877041,0.04472015721229594,1.045216242404463,1.1058860590689237,0.9451391794236558,0.9484726569064315,0.9271430686002351,0.022745072521321373,0.7624709205032096,1.1724653386413668,2.240576762030441,9.714246345858652e-10
100,99,0,local_loglinear,8,7,92,2.377546816451963,2.453793661750894,1.086453993967009,0.9637856695346951,0.03621433046530487,1.0459604020390112,1.108510140541346,0.9435731472228226,0.9421182211139875,0.9249854571377998,0.018352751447243874,0.7640017838919609,1.191026930560612,2.23264395842543,1.7759978672646197e-10
100,99,0,local_loglinear,9,8,91,2.4282460089513798,2.5076667129567576,1.1059361178941423,0.9712036439649635,0.028796356035036497,1.046670200894807,1.1113027184861686,0.941840763532546,0.9360890217914465,0.9225686220287679,0.014548820535427429,0.7652902171547363,1.2097435721445462,2.2260000116478373,1.1644717364631828e-9
100,99,0,local_loglinear,10,9,90,2.474087694929311,2.5565144100104495,1.12371558705242,0.9775466019848155,0.022453398015184534,1.0473451442894657,1.1142843337639474,0.9399262939932329,0.9303763447805233,0.9199081656563604,0.011315330974757537,0.7663580145504303,1.228593115731806,2.220516245849031,1.092321152879845e-9
100,99,0,local_loglinear,11,10,89,2.5151528043048246,2.6004073534268817,1.1398185288015383,0.9828374324929062,0.017162567507093773,1.0479850949615181,1.1174714905964716,0.9378181938244673,0.9249687044597766,0.917019322604318,0.008631360346823602,0.7672248380872287,1.2475601341951,2.2160794868709153,8.452048273481325e-10
100,99,0,local_loglinear,12,11,88,2.5515562398221308,2.6394529082050653,1.1542827129254905,0.9871071334618566,0.012892866538143366,1.048590183829948,1.1208776455020113,0.9355081600903125,0.9198526203455146,0.9139168232627184,0.006473897615549035,0.767908385944571,1.2666350541007503,2.2125901787888487,1.2469424294955483e-11
100,99,0,local_loglinear,13,12,87,2.583439958671781,2.673788094953049,1.167155209648707,0.9903930963348889,0.009606903665111077,1.0491607191201866,1.1245138949771696,0.9329904448548296,0.9150132310713087,0.9106147948069645,0.004818555272386435,0.7684245691783825,1.285813424410229,2.209960675739565,1.0013566397237803e-9
100,99,0,local_loglinear,14,13,86,2.610966682997176,2.7035730637713806,1.1784902553318153,0.9927375576050271,0.007262442394972868,1.0496971581624457,1.1283894691283323,0.9302613919051589,0.910434798279956,0.9071266921607062,0.0036401627010305276,0.7687876791321783,1.3050952442116197,2.2081137549227723,1.4784707207951183e-11
100,99,0,local_loglinear,15,14,85,2.6343143004884677,2.728985232634596,1.1883473402202525,0.9941862480002644,0.00581375199973555,1.0502000683238035,1.132512069266728,0.9273190960373434,0.9061011050832387,0.9034652537332966,0.0029132429449762742,0.7690105460801548,1.3244843778729691,2.2069813118898507,9.753936604808838e-10
100,99,0,local_loglinear,16,15,84,2.653670963469194,2.750214112094096,1.1967895268152717,0.9947872270727991,0.005212772927200904,1.050670099898769,1.1368881106313415,0.9241631520935745,0.90199576856661,0.8996424769513804,0.0026123923150928874,0.769104686155924,1.3439880465208411,2.206503224177705,1.4560013574477285e-11
100,99,0,local_loglinear,17,16,83,2.66923086999037,2.767456809757923,1.2038820019405945,0.9945898805940098,0.0054101194059902324,1.0511079740968912,1.1415228925893788,0.9207944763268001,0.8981024864273935,0.8956696094625236,0.0027125836801961956,0.7690804337410642,1.363616375395766,2.206626374524135,8.366293475739424e-10
100,99,0,local_loglinear,18,17,82,2.681190698016173,2.7809141950040335,1.209690855037598,0.9936440690490254,0.006355930950974642,1.0515144750126741,1.146420731670629,0.9172151601623149,0.8944052297414763,0.8915571527723232,0.003189405791892738,0.7689470594029539,1.383381990669077,2.2073038149171516,1.2587438538043346e-11
100,99,0,local_loglinear,19,18,81,2.6897466510446773,2.7907876904815625,1.2142820660554616,0.991999421910931,0.008000578089068955,1.0518904384722203,1.1515850549406408,0.9134283516092007,0.890888388499917,0.8873148756284592,0.004019245441944999,0.768712875284293,1.4032996695245759,2.208494047472052,5.651758404824918e-11
100,99,0,local_loglinear,20,19,80,2.6950920610690368,2.7972766414121635,1.2177206840593102,0.9897047649025212,0.010295235097478761,1.0522367415010072,1.1570184800012775,0.9094381461390707,0.8875368778889198,0.8829518348015106,0.005179421144634225,0.7683853291235488,1.4233860407561374,2.2101604049023917,1.0980324700774434e-9
100,99,0,local_loglinear,21,20,79,2.697415489229646,2.8005762043605276,1.2200701821644504,0.9868076541365154,0.013192345863484611,1.0525543017221206,1.16272290082301,0.9052494803164978,0.8843362177360631,0.8784764013009672,0.006648282358871951,0.7679710860282848,1.4436593163528533,2.2122705262545064,1.639147976025784e-11
100,99,0,local_loglinear,22,21,78,2.6968992709368322,2.8008757065081418,1.2213919619792721,0.98335402127347,0.016645978726529953,1.0528440639019747,1.1686995472760926,0.9008680343513915,0.8812725831013382,0.8738962906210428,0.008405272014265358,0.7674761020334842,1.4641390721291152,2.214795900534966,7.148336689725514e-11
100,99,0,local_loglinear,23,22,77,2.693718442560275,2.798357409910285,1.2217449954110662,0.9793878968878112,0.02061210311218875,1.0531070015756103,1.174949075581554,0.8963001235218331,0.8783328395394929,0.8692185955883189,0.010430968047631356,0.7669056872647447,1.4848460489388682,2.2177114839627685,1.0165037438176229e-9
100,99,0,local_loglinear,24,23,76,2.6880400014823,2.7931956355384853,1.221185575412454,0.9749512233993087,0.02504877660069127,1.0533441007563276,1.1814716316196188,0.8915525964109289,0.8755045566034158,0.8644498209680724,0.01270709683933044,0.7662645636592231,1.505802001632035,2.220995361407165,1.2529830694747781e-9
100,99,0,local_loglinear,25,24,75,2.6800224408851228,2.785556183499662,1.2197671670392802,0.9700837219529282,0.029916278047071754,1.0535563619637673,1.1882669414031217,0.8866327297801567,0.8727760135280297,0.8595959187805147,0.015216534987522679,0.7655569141626112,1.5270295615463696,2.224628464446375,2.0368402200158956e-11
100,99,0,local_loglinear,26,25,74,2.6698155198741276,2.7755960133719495,1.217540328485597,0.9648228366255314,0.035177163374468634,1.0537447764656567,1.1953343825709055,0.8815481189449932,0.8701361848363252,0.8546623238634219,0.017943285616548205,0.7647864297537283,1.5485521560731415,2.2285943109351396,2.3393127007965724e-10
100,99,0,local_loglinear,27,26,73,2.6575602137487992,2.7634631202862727,1.214552704616697,0.9592036994203129,0.040796300579687084,1.0539103379665822,1.2026730812300348,0.8763065827404191,0.8675747288852295,0.8496539887810564,0.02087245633234866,0.763956347676231,1.5703939191064429,2.2328787979756015,7.77907948102002e-10
100,99,0,local_loglinear,28,27,72,2.64338882127081,2.749296588373358,1.210849065039857,0.9532591536876046,0.04674084631239539,1.0540540205558653,1.2102819863448662,0.870916061255427,0.8650819609443002,0.844575418097971,0.02399021768934556,0.7630694883166896,1.592579652968455,2.237470008542796,1.2580438210926672e-11
100,99,0,local_loglinear,29,28,71,2.627425185172805,2.7332267716274523,1.206471381240395,0.9470198024271503,0.05298019757284966,1.0541767753706741,1.2181599496355182,0.8653845299101247,0.8626488236812915,0.8394307013541711,0.027283757629275762,0.7621282878148663,1.6151348057362545,2.2423580453995875,1.0156984245715742e-9
100,99,0,local_loglinear,30,29,70,2.6097850001053065,2.7153755746858566,1.2014589338278037,0.9405140781462354,0.059485921853764556,1.0542795261772477,1.2263058144617776,0.8597199114153824,0.8602668549852647,0.8342235445982875,0.0307412320806823,0.7611348269587651,1.6380854659061022,2.2475348885145134,1.594378244942348e-11
100,99,0,local_loglinear,31,30,69,2.5905761851278806,2.695856808928182,1.1958484408870076,0.9337683306341213,0.06623166936587865,1.0543631638110693,1.2347184832147622,0.8539300076450523,0.8579281533073685,0.8289573003490984,0.03435171218871255,0.7600908571500604,1.6614583755798777,2.2529942711868416,9.933802000504466e-10
100,99,0,local_loglinear,32,31,68,2.5698993008506164,2.6747766031314075,1.189674197087985,0.9268069348697912,0.07319306513020885,1.0544285355359244,1.2433969868180903,0.8480224310614225,0.8556253381315517,0.8236349958775497,0.03810512562630114,0.7589978249224005,1.685280972665961,2.258731566535003,1.5298509722658387e-11
100,99,0,local_loglinear,33,32,67,2.547847990614898,2.6522338446442415,1.1829682214064334,0.9196524036485937,0.08034759635140631,1.0544764436740204,1.2523405528821736,0.8420045499981751,0.8533515112873519,0.8182593596277776,0.04199219896075812,0.757856893585465,1.7095814444189759,2.264743691310252,6.598273630098774e-11
100,99,0,local_loglinear,34,33,66,2.5245094339195178,2.628320637474171,1.1757604113391509,0.912325498945233,0.08767450105476704,1.0545076475064057,1.261548667753159,0.8358834458479535,0.8511002209836261,0.8128328458206417,0.046004403415350836,0.7566689616711355,1.7343887856414864,2.2710290285268,1.3128752212176687e-9
100,99,0,local_loglinear,35,34,65,2.4999648050831755,2.603122771535883,1.1680786930105018,0.9048453564827952,0.09515464351720482,1.0545228518195413,1.271021125335617,0.829665873209693,0.8488654211622583,0.8073576573569754,0.05013389537499913,0.755434681213624,1.759732889130218,2.2775873527422945,1.931549110138174e-11
100,99,0,local_loglinear,36,35,64,2.474289722515171,2.5767201837316507,1.1599491737883663,0.8972295972088372,0.10277040279116278,1.054522715715805,1.2807580817836761,0.8233582365900051,0.8466414374604323,0.8018357668734775,0.05437346518858152,0.7541544720362238,1.7856446282277694,2.2844197780768956,8.608765348626242e-10
100,99,0,local_loglinear,37,36,63,2.447554689480621,2.549187414843034,1.151396284595651,0.8894944507800794,0.11050554921992062,1.0545078397532526,1.2907600929737335,0.8169665652769073,0.8444229278002219,0.796268936221108,0.058716480020051476,0.7528285367911302,1.812155976120209,2.291528703800896,1.2614475306276838e-11
100,99,0,local_loglinear,38,37,62,2.4198255140865865,2.520594045759377,1.1424429187285376,0.8816548671612819,0.11834513283871806,1.054478772237451,1.3010281617382395,0.8104965005742949,0.8422048480250293,0.7906587342041116,0.06315683331970076,0.7514568730111244,1.8393001243634746,2.2989177773180103,5.448759571823818e-11
100,99,0,local_loglinear,39,38,61,2.3911637094104408,2.491005114088969,1.1331105659540632,0.8737246194985693,0.12627538050143072,1.0544360129810508,1.3115637692619455,0.8039532942987684,0.8399824210278591,0.7850065527988443,0.06768889900857303,0.7500392829435828,1.8671116053048455,2.3065918707074005,1.2710894150045375e-10
100,99,0,local_loglinear,40,39,60,2.361626874159826,2.460481513081131,1.123419435197193,0.8657164118733078,0.13428358812669217,1.0543800052368797,1.3223689218554704,0.7973417915459141,0.8377511027411886,0.7793136220114714,0.07230748242850096,0.7485753836797319,1.8956264453304994,2.3145570574239116,1.1491879562896297e-9
100,99,0,local_loglinear,41,40,59,2.331269047414032,2.429080363578103,1.1133885709809368,0.8576419748287315,0.1423580251712685,1.054311141642211,1.3334461586715223,0.7906664508243766,0.83550655271833,0.773581023300363,0.07700777741400261,0.747064615021846,1.9248823195623082,2.3228206030680685,1.0119055430929287e-9
100,99,0,local_loglinear,42,41,58,2.3001410399582802,2.39685536152908,1.1030359652911972,0.849512150247645,0.15048784975235496,1.0542297701180194,1.3447985986155,0.7839313419893301,0.8332446086704797,0.7678097017641483,0.08178532864162866,0.7455062449885094,1.9549187094168172,2.331390971221179,9.371193721720006e-10
100,99,0,local_loglinear,43,42,57,2.268290745522218,2.363857107415891,1.0923786527985146,0.8413369883912729,0.1586630116087271,1.0541361783100593,1.3564299553342805,0.777140149526023,0.8309612539070559,0.7620004772682916,0.08663598588168603,0.7438993777176637,1.9857771110320803,2.3402778185080555,1.3831234525379425e-11
100,99,0,local_loglinear,44,43,56,2.235763422346753,2.3301334013388395,1.0814328097121995,0.8331258113404537,0.16687418865954629,1.0540306197730833,1.3683445753659547,0.7702961949413873,0.8286525995210207,0.7561540543027618,0.09155587666723597,0.7422429553222251,2.017501202782219,2.3494920255772644,1.1246757646876762e-9
100,99,0,local_loglinear,45,44,55,2.2026019602485842,2.2957295262552404,1.0702138370243286,0.8248872952346842,0.17511270476531582,1.0539132939433384,1.3805474581777768,0.7634024369828097,0.8263148564073607,0.7502710311146024,0.0965413669111046,0.7405357627946424,2.0501370781443025,2.3590457144679053,1.577844321254039e-11
100,99,0,local_loglinear,46,45,54,2.1688471221740633,2.26068850336104,1.0587364388765022,0.8166295369506184,0.18337046304938165,1.0537843558006068,1.3930442744516425,0.7564614959674689,0.8239443133502963,0.7443519077995127,0.10158902937951117,0.7387764305148324,2.0837334771990745,2.368952282643393,1.0410353432747577e-9
100,99,0,local_loglinear,47,46,53,2.134537765963627,2.22505132621652,1.0470146968000558,0.8083601113053165,0.1916398886946835,1.053643921556885,1.4058414036646578,0.749475665470026,0.8215373185711012,0.7383970935966704,0.10669561670089617,0.7369634349814186,2.118342027170267,2.379226451011477,1.4103044224536823e-11
100,99,0,local_loglinear,48,47,52,2.0997110497097937,2.188857178044209,1.0350621374103233,0.800086126545826,0.199913873454174,1.0534920674256174,1.418945948918895,0.7424469326885077,0.8190902610525053,0.7324069135344231,0.11185803431910696,0.735095099170542,2.1540175098336416,2.389884318699872,6.604327700206498e-11
100,99,0,local_loglinear,49,48,51,2.0644026206966624,2.1521436325884897,1.0228917911866775,0.791814281975882,0.208185718024118,1.0533288243597358,1.4323657744954479,0.7353769847864257,0.8165995496260814,0.7263816144485105,0.11707331090117126,0.7331695934019601,2.1908181687611727,2.400943420051566,8.932522577146376e-10
100,99,0,local_loglinear,50,49,50,2.028646785784178,2.114946834279477,1.0105162496479996,0.7835509121778053,0.21644908782219474,1.0531541880515245,1.4461095209785888,0.7282672389424906,0.8140615976114487,0.7203213703309581,0.12233857577234813,0.7311849336755373,2.228806021579291,2.412422801817957,1.1939290799316747e-9
100,99,0,local_loglinear,51,50,49,1.9924766688504676,2.0773016645954097,0.9979477179945639,0.7753020257688846,0.22469797423111537,1.0529681212995552,1.4601866431725494,0.721118855745571,0.8114728093798754,0.7142262872233673,0.1276510387632557,0.7291389794439277,2.268047194777253,2.4243431103561504,9.325679003432135e-10
100,99,0,local_loglinear,52,51,48,1.95592435711447,2.039241898325648,0.9851980592463075,0.7670733558061232,0.23292664419387676,1.052770541459089,1.4746074274681809,0.7139327537951153,0.8088295600935604,0.7080964077422509,0.13300796157536063,0.7270294326495547,2.308612329594847,2.436726678933815,1.2171046098574538e-11
100,99,0,local_loglinear,53,52,47,1.919021030745077,2.000800339537533,0.9722788412760359,0.7588703835966338,0.24112961640336616,1.0525613430491794,1.4893830506005876,0.7067096289465213,0.8061281881299666,0.7019317150449906,0.1384066449267081,0.7248538327112195,2.3505769629189897,2.4495976471013226,9.442611259948211e-10
100,99,0,local_loglinear,54,53,46,1.881797087065899,1.9620089539914236,0.9592013747142271,0.7506983794527714,0.2493016205472286,1.052340380154189,1.5045255734385998,0.6994499786062529,0.8033649782998667,0.6957321366701421,0.14384440396500717,0.722609553998281,2.394021997803695,2.462982075217009,1.1596454211020063e-11
100,99,0,local_loglinear,55,54,45,1.8442822517576598,1.922898986921525,0.9459767489929454,0.7425624329405439,0.2574375670594561,1.052107474277221,1.5200479989488322,0.6921541128995867,0.8005361497058349,0.6894975479810768,0.14931854932566946,0.720293801682907,2.439034198441197,2.4769080791962734,5.929253402293958e-11
100,99,0,local_loglinear,56,55,44,1.8065056811038487,1.883501070771543,0.9326158681445393,0.734467476350836,0.265532523649164,1.0518624201757538,1.5359643038789133,0.6848221781713207,0.7976378466891441,0.6832277753876135,0.1548263717461208,0.7179036060202558,2.4857067196478866,2.49140598695247,1.2918908755328262e-9
100,99,0,local_loglinear,57,56,43,1.7684960582251097,1.8438453274285511,0.9191294806096552,0.7264183139087014,0.2735816860912986,1.0516049782769459,1.5522894634538318,0.6774541752909493,0.7946661264165639,0.6769225994636037,0.16036512200531744,0.7154358178599288,2.5341397123196154,2.5065085013042623,1.470347473164701e-11
100,99,0,local_loglinear,58,57,42,1.7302816803509675,1.8039614599539593,0.9055282107887915,0.7184196405251937,0.2815803594748063,1.0513348848642976,1.569039510707816,0.6700499749620871,0.7916169516688158,0.6705817578777684,0.16593199696210245,0.7128871017820645,2.584440962913561,2.522250892895179,1.3252696148715876e-9
100,99,0,local_loglinear,59,58,41,1.691890541738436,1.7638788409526112,0.8918225829785938,0.7104760701092102,0.2895239298907898,1.0510518401319526,1.5862315394418312,0.6626093442208321,0.7884861783741596,0.6642049483185828,0.17152411827968417,0.7102539315085201,2.636726634606661,2.5386711968104136,1.6177954934154564e-11
100,99,0,local_loglinear,60,59,40,1.653350407650279,1.7236265897265632,0.8780230497572914,0.7025921462026401,0.2974078537973599,1.050755526311519,1.6038837705957965,0.6551319650308536,0.7852695525039667,0.6577918312735831,0.1771385224018142,0.7075325818353088,2.691122030864397,2.5558104505037202,1.1493595808870063e-9
100,99,0,local_loglinear,61,60,39,1.6146888865087679,1.6832336489546393,0.8641400145347592,0.6947723659014453,0.3052276340985547,1.0504455935773238,1.622015565957843,0.6476174554816975,0.7819627000067809,0.6513420329636348,0.1827721407128846,0.7047191227260651,2.7477624877494824,2.5737129409444566,1.239252985529971e-11
100,99,0,local_loglinear,62,61,38,1.5759334949635815,1.6427288533857676,0.8501838521935705,0.6870211969257,0.31297880307430004,1.050121665403373,1.6406474918839167,0.6400653830869806,0.7785611204980941,0.6448551482384419,0.18842178358689815,0.7018094129901267,2.8067943421391246,2.592426479514774,1.1980442146242683e-9
100,99,0,local_loglinear,63,62,37,1.5371117178772593,1.6021409925511876,0.8361649317407823,0.6793430884072323,0.32065691159276766,1.049783346239827,1.6598013271413996,0.632475302359121,0.7750601847713936,0.6383307435631629,0.19408412825047894,0.698799092338852,2.8683759831619593,2.612002715947947,1.2455626979637656e-11
100,99,0,local_loglinear,64,63,36,1.4982510656123302,1.5614988709641129,0.8220936364787148,0.6717424836666264,0.32825751633337363,1.0494302191840215,1.6795001079893999,0.624846770888475,0.7714551318290765,0.6317683602193604,0.19975570473091997,0.6956835742937553,2.9326790264134814,2.632497479493704,8.658977929423333e-10
100,99,0,local_loglinear,65,64,35,1.4593791274638752,1.5208313646990972,0.8079803806676898,0.6642238362114548,0.33577616378854525,1.0490618420557407,1.6997681497468722,0.6171793736763252,0.7677410647546723,0.6251675177136231,0.2054328788656833,0.6924580403342968,2.9998896325335918,2.6539711485800916,8.434788582433398e-12
100,99,0,local_loglinear,66,65,34,1.4205236195908277,1.4801674716913131,0.7938356263573495,0.6567916196733968,0.34320838032660317,1.0486777544156847,1.720631072907416,0.6094727515548664,0.7639129507196727,0.6185277173691739,0.2111118391432012,0.6891174334710987,3.070209950019363,2.676489065462767,5.2778842905223896e-11
100,99,0,local_loglinear,67,66,33,1.3817124291298972,1.4395363578446687,0.7796699003999232,0.6494503350939103,0.35054966490608974,1.048277481865335,1.7421158444829334,0.6017266217887295,0.7599656235605415,0.6118484462238225,0.21678858514411992,0.6856564517387957,3.1438597085418327,2.700121998377629,1.0633762512234966e-9
100,99,0,local_loglinear,68,67,32,1.3429736550383,1.3989674002069583,0.7654938076249516,0.6422045215662765,0.3577954784337235,1.04786053228716,1.7642507500795763,0.5939408172222097,0.7558937857085981,0.6051291813047801,0.22245891315881833,0.6820695437774834,3.2210780074870518,2.724946642594806,1.120910461193983e-9
100,99,0,local_loglinear,69,68,31,1.3043356435946467,1.358490224024169,0.7513180455130584,0.6350587607459588,0.3649412392540412,1.0474264050878317,1.787065425719942,0.5861153094973356,0.7516920150109175,0.5983693942574035,0.22811840616068135,0.6783509038490865,3.3021252810642525,2.7510461851406567,1.0589988379802436e-11
100,99,0,local_loglinear,70,69,30,1.2658270202004456,1.318134736320601,0.7371534148855747,0.6280176828285253,0.3719823171714747,1.0469745896692455,1.8105908378228188,0.578250241743298,0.7473547724186761,0.5915685564528439,0.23376242258741697,0.6744944694916082,3.387285495146625,2.7785109190350985,7.366088177138762e-11
100,99,0,local_loglinear,71,70,29,1.2274767157671749,1.277931153901198,0.7230108296159579,0.6210859728580516,0.37891402714194844,1.0465045677876696,1.834859264676948,0.570345959460777,0.7428764113245999,0.5847261445807799,0.2393860847958288,0.6704939203918965,3.4768686007252527,2.8074389251420704,7.71024913029833e-10
100,99,0,local_loglinear,72,71,28,1.1893139869606804,1.2379100246490382,0.7089013253510935,0.6142683714668951,0.38573162853310494,1.0460158218845719,1.8599042570794382,0.5624030473090613,0.7382511922014237,0.5778416467501073,0.24498427194871658,0.6663426786392924,3.571213245193554,2.8379368304776946,1.3273916547272787e-9
100,99,0,local_loglinear,73,72,27,1.1513684309074197,1.1981022430714825,0.6948360662406167,0.6075696730446248,0.39243032695537516,1.0455078403891211,1.8857606056449023,0.5544223573551494,0.733473301158861,0.5709145692083868,0.2505516153174689,0.6620339114421869,3.6706897857761445,2.8701206463033957,1.0849533883754398e-11
100,99,0,local_loglinear,74,73,26,1.113669993776302,1.1585390602533152,0.680826347155397,0.6009947318126884,0.39900526818731163,1.0449801114765351,1.9124642199491773,0.5464050519618636,0.7285368664449248,0.5639444437405692,0.25608248767889025,0.6575605379672339,3.7757037028801674,2.9041166855582112,8.962615935132214e-10
100,99,0,local_loglinear,75,74,25,1.076248969978888,1.1192520830337287,0.6668835966230136,0.5945484524032025,0.40545154759679747,1.044432144499379,1.9400520672382655,0.5383526360641269,0.7234359867629847,0.5569308356457294,0.2615710057516927,0.6529152373331037,3.8866993314332405,2.9400625953169714,1.1083675681666006e-9
100,99,0,local_loglinear,76,75,24,1.0391359947836767,1.0802732669249193,0.653019376357213,0.5882357853298833,0.4117642146701167,1.0438634686861643,1.9685620223786588,0.5302669953090124,0.7181647598681352,0.5498733525355193,0.2670110296988083,0.6480904612026918,4.004164062736902,2.9781084943003377,8.306116117621558e-12
100,99,0,local_loglinear,77,76,23,1.0023620277247753,1.0416349000767189,0.6392453737845916,0.5820617256103834,0.4179382743896166,1.0432736310106188,1.9980327024810751,0.5221504281261885,0.7127173124341489,0.5427716538836438,0.27239616097745545,0.6430784528597542,4.128633073113485,3.018418216547432,7.154510649313879e-11
100,99,0,local_loglinear,78,77,22,0.9659583242497795,1.0033695740268949,0.6255733965959088,0.5760312968935353,0.42396870310646473,1.0426622204875333,2.0285032761597925,0.5140056872185199,0.7070878418307615,0.5356254612749962,0.2777197535077788,0.6378712680104835,4.2606945308521915,3.0611707172719798,1.4351177345761137e-10
100,99,0,local_loglinear,79,78,21,0.9299563980510274,0.9655101457417468,0.6120153596236655,0.5701495431269462,0.4298504568730538,1.042028862076451,2.0600132357113896,0.5058360033869417,0.7012706569717779,0.5284345695481463,0.2829749201859949,0.6324608038897813,4.400995482981546,3.1065616099174096,1.973159935332229e-10
100,99,0,local_loglinear,80,79,20,0.8943879704567368,0.9280896859451896,0.598583269089084,0.5644215130114246,0.4355784869885754,1.0413732309327477,2.092602074972598,0.4976451296629743,0.6952602269239825,0.5211988586892031,0.28815454723999767,0.6268388337210604,4.55024841167,3.1548048798672554,2.924008601732437e-10
100,99,0,local_loglinear,81,80,19,0.8592849071936086,0.8911414145713704,0.5852892017185177,0.558852242821779,0.44114775717822097,1.040695059131002,2.126308981830375,0.48943736212558725,0.6890512340032929,0.5139183065328594,0.29325131207892985,0.6209970487585542,4.709238581397636,3.206134781510113,1.2379949370108967e-9
100,99,0,local_loglinear,82,81,18,0.8246791413834671,0.854698621982288,0.5721452793546821,0.553446735186927,0.446553264813073,1.039994145976963,2.161172443228842,0.4812175674529643,0.6826386326794477,0.5065930022264569,0.2982577069776237,0.6149271079995491,4.878832258837866,3.26080794461433,1.304488108912808e-9
100,99,0,local_loglinear,83,82,17,0.7906025822568263,0.8187945756942494,0.5591636383245648,0.5482099390783916,0.45179006092160845,1.0392703624326942,2.1972297983852314,0.4729912015559163,0.6760177109179725,0.49922316042508974,0.30316606422125003,0.6086206965473329,5.059985959239097,3.3191057107191893,7.621235287710763e-12
100,99,0,local_loglinear,84,83,16,0.7570870085071103,0.7834624112198053,0.5463563917635518,0.5431467223345102,0.4568532776654898,1.0385236630498198,2.2345167322794497,0.4647643260162178,0.6691841588118325,0.49180913609037313,0.3079685905527043,0.6020695939447215,5.253756779157207,3.381336718497815,1.2692673245806243e-9
100,99,0,local_loglinear,85,84,15,0.7241639464597168,0.7487350071017898,0.5337355894189579,0.5382618413191202,0.46173815868087975,1.0377540976873423,2.273066751195416,0.4565436088234464,0.6621341413402358,0.48435143985860496,0.312657407200832,0.5952657504400638,5.461313987368136,3.447839790693994,1.0348390841007991e-9
100,99,0,local_loglinear,86,85,14,0.6918645333273771,0.7146448452183404,0.5213131681120244,0.5335599150355228,0.4664400849644772,1.0369618078529337,2.3129104996560725,0.44833633121866534,0.6548643702158546,0.47685075385145126,0.3172245888987204,0.5882013756241551,5.68395210733128,3.518987116692777,5.292955107473042e-12
100,99,0,local_loglinear,87,86,13,0.660219364496075,0.6812238543420743,0.5091008975853107,0.5290453913293554,0.47095460867064465,1.0361470409712066,2.3540751364498402,0.44015036942865415,0.647372181452572,0.46930794768025763,0.3216622130874954,0.580869036335326,5.923105569596809,3.595187796472045,1.1951897099358584e-9
100,99,0,local_loglinear,88,87,12,0.6292583265595196,0.6485032392622785,0.49711032018906,0.5247225140838457,0.47527748591615426,1.0353101523232817,2.396583601058464,0.43199417365037107,0.6396556124707848,0.4617240945302181,0.32596241130713544,0.5732617651684067,6.180365220197685,3.6768917726379295,1.1787769430240486e-9
100,99,0,local_loglinear,89,88,11,0.5990104167849338,0.6165132966587152,0.48535268105861346,0.5205952988107981,0.47940470118920187,1.0344515937159953,2.440453854590644,0.42387672758906225,0.6317134732626852,0.4541004870661688,0.3301174155550984,0.5653731813684426,6.457497021115251,3.7645941698812098,5.185532860729209e-12
100,99,0,local_loglinear,90,89,10,0.5695035493615128,0.5852832176483004,0.4738388504757247,0.5166675103497271,0.48333248965027287,1.0335719093073061,2.485698128747219,0.41580749381994425,0.6235454142426868,0.4464386527919516,0.33411960495191256,0.5571976221281335,6.756463185216525,3.858840098831888,7.891551361226285e-11
100,99,0,local_loglinear,91,90,9,0.5407643505879371,0.5548408799511471,0.46257923494158615,0.5129426558329978,0.4870573441670022,1.0326717103664536,2.5323221738696,0.407796338484232,0.6151519818752375,0.4387403685630984,0.3379615397303619,0.5487302857908141,7.079446256083655,3.9602299417360967,1.6582048972688777e-10
100,99,0,local_loglinear,92,91,8,0.512817944283611,0.5252126320054239,0.45158366953230833,0.5094240094564056,0.49057599054359435,1.031751619589769,2.5803246385473084,0.3998534154100209,0.6065346513633881,0.4310076737927734,0.3416359655111346,0.539967390152605,7.428876827073002,4.069425104012975,2.3681395011719857e-10
100,99,0,local_loglinear,93,92,7,0.48568772798775356,0.49642307044560136,0.4408612844409821,0.506114685268415,0.49388531473158503,1.030812184724183,2.6296965340950167,0.39198902662695506,0.5976958264112593,0.4232428817279472,0.3451357703121013,0.5309063478672277,7.807465790065274,4.187154205146432,3.6133463893054395e-10
100,99,0,local_loglinear,94,93,6,0.4593951405193142,0.46849481402573373,0.43042032688007825,0.5030178002495249,0.4969821997504751,1.0298537159386958,2.6804211252267844,0.3842134007399909,0.588638781933578,0.41544858806080454,0.3484538505377782,0.52154596795808,8.218242671629149,4.314219551437336,5.811146017178715e-10
100,99,0,local_loglinear,95,94,5,0.4339594191786766,0.44144827599768255,0.42026790827668753,0.5001367933365004,0.4998632066634996,1.0288760039821512,2.7324743637166944,0.3765363794969628,0.5793675142695555,0.40762767580796455,0.35158281740781905,0.5118866980168691,8.664602560017864,4.451503565081203,9.698975016267075e-10
100,99,0,local_loglinear,96,95,4,0.40939734179857745,0.4153014367214584,0.41040962305081496,0.4974760146028983,0.5025239853971017,1.0278778300359201,2.785826369995138,0.3689669396150177,0.5698864397600448,0.3997833149386183,0.3545144248135965,0.5019309349028593,9.150365941538327,4.599974483551629,1.6575867143790078e-9
100,99,0,local_loglinear,97,96,3,0.38572294327510515,0.3900696174244005,0.4008489461072257,0.4950417806850835,0.5049582193149165,1.0268561174349262,2.840444718965923,0.36151244577249086,0.5601998438312921,0.39191895448815517,0.35723851439255216,0.49168345377682054,9.679859071981436,4.760689977006952,2.872241364438717e-9
100,99,0,local_loglinear,98,97,2,0.36294718687290617,0.3657652548576692,0.3915862489134359,0.49284423259868526,0.5071557674013147,1.0258044682028806,2.896300843125994,0.35417745730299344,0.5503109185088437,0.3840383036863483,0.35974112808446757,0.4811520435108397,10.258028590278972,4.934796080304515,5.012854384678577e-9
100,99,0,local_loglinear,99,98,1,0.34107755515824495,0.3423976752914428,0.38261715904477245,0.4909005721947741,0.5090994278052259,1.0247106444988587,2.953381926799311,0.34696177802150213,0.5402201198649395,0.3761452966734258,0.3620011898105262,0.47034850224667846,10.890615316532635,5.123516495552787,8.774835568073238e-9
100,99,0,local_loglinear,100,99,0,0.320117500066844,0.31997286515131834,0.37392979328373793,0.48924066104619746,0.5107593389538025,1.0235522526847272,3.0117120960211032,0.33985727056612886,0.5299224038736086,0.3682440322164866,0.36398473862408776,0.4592902586698857,11.584432902215541,5.328122967117665,2.7039984346573995e-7
105,104,0,local_loglinear,1,0,104,1.8905489305118306,1.9413556198342408,0.9038178660077935,0.8825268256025048,0.11747317439749516,,,,0.9932766422755183,0.9337836851161863,0.061764406780686135,0.7466805409386618,1.0667190368697315,2.3249284524801364,9.444954717907831e-12
105,104,0,local_loglinear,2,1,103,1.9730369965815278,2.0276623268270644,0.9344461533419904,0.8969721907464306,0.10302780925356936,1.0410485222195913,1.0940509703533396,0.9515539498889797,0.9850947192320787,0.9334988401525799,0.053798077696574825,0.750253589602985,1.083364371299011,2.3054292629678668,1.0337757456800832e-9
105,104,0,local_loglinear,3,2,102,2.051702867258132,2.110129678780688,0.9637229365529928,0.9105977686669502,0.08940223133304981,1.0419289427183027,1.096424269484925,0.9502972268278748,0.9771604547428103,0.9328681467363176,0.04638700160438913,0.7534054885661245,1.10050617573145,2.2884313376320096,1.1128440389470764e-11
105,104,0,local_loglinear,4,3,101,2.126174026037522,2.188356539664401,0.9915254772824805,0.9233037039377787,0.07669629606222128,1.0427915173281632,1.0987247394364401,0.9490925978994827,0.9695114709625504,0.9319032261304545,0.03956333177575462,0.7561709199883961,1.1180545029724822,2.2736719496259354,8.270892818756261e-10
105,104,0,local_loglinear,5,4,100,2.196164190831236,2.262029823537337,1.01775798962433,0.9350165022328139,0.06498349776718615,1.0436295525569184,1.101031987877902,0.9478648795375877,0.9621723309417423,0.9306175157916621,0.03334521154070946,0.7585831856939277,1.1359354436448321,2.260913731007415,9.838129220639274e-12
105,104,0,local_loglinear,6,5,99,2.2614673298440646,2.3309189243458075,1.042350532179529,0.9456855065393132,0.05431449346068684,1.0444387180030943,1.103404488672037,0.9465601497235987,0.9551573234048734,0.9290256677546951,0.027739695585295827,0.7606735474154225,1.1540886322725397,2.2499446748777023,5.682049252982957e-11
105,104,0,local_loglinear,7,6,98,2.3219506375199512,2.3948690328421343,1.065257221198012,0.9552798427877041,0.04472015721229594,1.045216242404463,1.1058860590689237,0.9451391794236558,0.9484726569064315,0.9271430686002351,0.022745072521321373,0.7624709205032096,1.1724653386413668,2.240576762030441,9.714246345858652e-10
105,104,0,local_loglinear,8,7,97,2.377546816451963,2.453793661750894,1.086453993967009,0.9637856695346951,0.03621433046530487,1.0459604020390112,1.108510140541346,0.9435731472228226,0.9421182211139875,0.9249854571377998,0.018352751447243874,0.7640017838919609,1.191026930560612,2.23264395842543,1.7759978672646197e-10
105,104,0,local_loglinear,9,8,96,2.4282460089513798,2.5076667129567576,1.1059361178941423,0.9712036439649635,0.028796356035036497,1.046670200894807,1.1113027184861686,0.941840763532546,0.9360890217914465,0.9225686220287679,0.014548820535427429,0.7652902171547363,1.2097435721445462,2.2260000116478373,1.1644717364631828e-9
105,104,0,local_loglinear,10,9,95,2.474087694929311,2.5565144100104495,1.12371558705242,0.9775466019848155,0.022453398015184534,1.0473451442894657,1.1142843337639474,0.9399262939932329,0.9303763447805233,0.9199081656563604,0.011315330974757537,0.7663580145504303,1.228593115731806,2.220516245849031,1.092321152879845e-9
105,104,0,local_loglinear,11,10,94,2.5151528043048246,2.6004073534268817,1.1398185288015383,0.9828374324929062,0.017162567507093773,1.0479850949615181,1.1174714905964716,0.9378181938244673,0.9249687044597766,0.917019322604318,0.008631360346823602,0.7672248380872287,1.2475601341951,2.2160794868709153,8.452048273481325e-10
105,104,0,local_loglinear,12,11,93,2.5515562398221308,2.6394529082050653,1.1542827129254905,0.9871071334618566,0.012892866538143366,1.048590183829948,1.1208776455020113,0.9355081600903125,0.9198526203455146,0.9139168232627184,0.006473897615549035,0.767908385944571,1.2666350541007503,2.2125901787888487,1.2469424294955483e-11
105,104,0,local_loglinear,13,12,92,2.583439958671781,2.673788094953049,1.167155209648707,0.9903930963348889,0.009606903665111077,1.0491607191201866,1.1245138949771696,0.9329904448548296,0.9150132310713087,0.9106147948069645,0.004818555272386435,0.7684245691783825,1.285813424410229,2.209960675739565,1.0013566397237803e-9
105,104,0,local_loglinear,14,13,91,2.610966682997176,2.7035730637713806,1.1784902553318153,0.9927375576050271,0.007262442394972868,1.0496971581624457,1.1283894691283323,0.9302613919051589,0.910434798279956,0.9071266921607062,0.0036401627010305276,0.7687876791321783,1.3050952442116197,2.2081137549227723,1.4784707207951183e-11
105,104,0,local_loglinear,15,14,90,2.6343143004884677,2.728985232634596,1.1883473402202525,0.9941862480002644,0.00581375199973555,1.0502000683238035,1.132512069266728,0.9273190960373434,0.9061011050832387,0.9034652537332966,0.0029132429449762742,0.7690105460801548,1.3244843778729691,2.2069813118898507,9.753936604808838e-10
105,104,0,local_loglinear,16,15,89,2.653670963469194,2.750214112094096,1.1967895268152717,0.9947872270727991,0.005212772927200904,1.050670099898769,1.1368881106313415,0.9241631520935745,0.90199576856661,0.8996424769513804,0.0026123923150928874,0.769104686155924,1.3439880465208411,2.206503224177705,1.4560013574477285e-11
105,104,0,local_loglinear,17,16,88,2.66923086999037,2.767456809757923,1.2038820019405945,0.9945898805940098,0.0054101194059902324,1.0511079740968912,1.1415228925893788,0.9207944763268001,0.8981024864273935,0.8956696094625236,0.0027125836801961956,0.7690804337410642,1.363616375395766,2.206626374524135,8.366293475739424e-10
105,104,0,local_loglinear,18,17,87,2.681190698016173,2.7809141950040335,1.209690855037598,0.9936440690490254,0.006355930950974642,1.0515144750126741,1.146420731670629,0.9172151601623149,0.8944052297414763,0.8915571527723232,0.003189405791892738,0.7689470594029539,1.383381990669077,2.2073038149171516,1.2587438538043346e-11
105,104,0,local_loglinear,19,18,86,2.6897466510446773,2.7907876904815625,1.2142820660554616,0.991999421910931,0.008000578089068955,1.0518904384722203,1.1515850549406408,0.9134283516092007,0.890888388499917,0.8873148756284592,0.004019245441944999,0.768712875284293,1.4032996695245759,2.208494047472052,5.651758404824918e-11
105,104,0,local_loglinear,20,19,85,2.6950920610690368,2.7972766414121635,1.2177206840593102,0.9897047649025212,0.010295235097478761,1.0522367415010072,1.1570184800012775,0.9094381461390707,0.8875368778889198,0.8829518348015106,0.005179421144634225,0.7683853291235488,1.4233860407561374,2.2101604049023917,1.0980324700774434e-9
105,104,0,local_loglinear,21,20,84,2.697415489229646,2.8005762043605276,1.2200701821644504,0.9868076541365154,0.013192345863484611,1.0525543017221206,1.16272290082301,0.9052494803164978,0.8843362177360631,0.8784764013009672,0.006648282358871951,0.7679710860282848,1.4436593163528533,2.2122705262545064,1.639147976025784e-11
105,104,0,local_loglinear,22,21,83,2.6968992709368322,2.8008757065081418,1.2213919619792721,0.98335402127347,0.016645978726529953,1.0528440639019747,1.1686995472760926,0.9008680343513915,0.8812725831013382,0.8738962906210428,0.008405272014265358,0.7674761020334842,1.4641390721291152,2.214795900534966,7.148336689725514e-11
105,104,0,local_loglinear,23,22,82,2.693718442560275,2.798357409910285,1.2217449954110662,0.9793878968878112,0.02061210311218875,1.0531070015756103,1.174949075581554,0.8963001235218331,0.8783328395394929,0.8692185955883189,0.010430968047631356,0.7669056872647447,1.4848460489388682,2.2177114839627685,1.0165037438176229e-9
105,104,0,local_loglinear,24,23,81,2.6880400014823,2.7931956355384853,1.221185575412454,0.9749512233993087,0.02504877660069127,1.0533441007563276,1.1814716316196188,0.8915525964109289,0.8755045566034158,0.8644498209680724,0.01270709683933044,0.7662645636592231,1.505802001632035,2.220995361407165,1.2529830694747781e-9
105,104,0,local_loglinear,25,24,80,2.6800224408851228,2.785556183499662,1.2197671670392802,0.9700837219529282,0.029916278047071754,1.0535563619637673,1.1882669414031217,0.8866327297801567,0.8727760135280297,0.8595959187805147,0.015216534987522679,0.7655569141626112,1.5270295615463696,2.224628464446375,2.0368402200158956e-11
105,104,0,local_loglinear,26,25,79,2.6698155198741276,2.7755960133719495,1.217540328485597,0.9648228366255314,0.035177163374468634,1.0537447764656567,1.1953343825709055,0.8815481189449932,0.8701361848363252,0.8546623238634219,0.017943285616548205,0.7647864297537283,1.5485521560731415,2.2285943109351396,2.3393127007965724e-10
105,104,0,local_loglinear,27,26,78,2.6575602137487992,2.7634631202862727,1.214552704616697,0.9592036994203129,0.040796300579687084,1.0539103379665822,1.2026730812300348,0.8763065827404191,0.8675747288852295,0.8496539887810564,0.02087245633234866,0.763956347676231,1.5703939191064429,2.2328787979756015,7.77907948102002e-10
105,104,0,local_loglinear,28,27,77,2.64338882127081,2.749296588373358,1.210849065039857,0.9532591536876046,0.04674084631239539,1.0540540205558653,1.2102819863448662,0.870916061255427,0.8650819609443002,0.844575418097971,0.02399021768934556,0.7630694883166896,1.592579652968455,2.237470008542796,1.2580438210926672e-11
105,104,0,local_loglinear,29,28,76,2.627425185172805,2.7332267716274523,1.206471381240395,0.9470198024271503,0.05298019757284966,1.0541767753706741,1.2181599496355182,0.8653845299101247,0.8626488236812915,0.8394307013541711,0.027283757629275762,0.7621282878148663,1.6151348057362545,2.2423580453995875,1.0156984245715742e-9
105,104,0,local_loglinear,30,29,75,2.6097850001053065,2.7153755746858566,1.2014589338278037,0.9405140781462354,0.059485921853764556,1.0542795261772477,1.2263058144617776,0.8597199114153824,0.8602668549852647,0.8342235445982875,0.0307412320806823,0.7611348269587651,1.6380854659061022,2.2475348885145134,1.594378244942348e-11
105,104,0,local_loglinear,31,30,74,2.5905761851278806,2.695856808928182,1.1958484408870076,0.9337683306341213,0.06623166936587865,1.0543631638110693,1.2347184832147622,0.8539300076450523,0.8579281533073685,0.8289573003490984,0.03435171218871255,0.7600908571500604,1.6614583755798777,2.2529942711868416,9.933802000504466e-10
105,104,0,local_loglinear,32,31,73,2.5698993008506164,2.6747766031314075,1.189674197087985,0.9268069348697912,0.07319306513020885,1.0544285355359244,1.2433969868180903,0.8480224310614225,0.8556253381315517,0.8236349958775497,0.03810512562630114,0.7589978249224005,1.685280972665961,2.258731566535003,1.5298509722658387e-11
105,104,0,local_loglinear,33,32,72,2.547847990614898,2.6522338446442415,1.1829682214064334,0.9196524036485937,0.08034759635140631,1.0544764436740204,1.2523405528821736,0.8420045499981751,0.8533515112873519,0.8182593596277776,0.04199219896075812,0.757856893585465,1.7095814444189759,2.264743691310252,6.598273630098774e-11
105,104,0,local_loglinear,34,33,71,2.5245094339195178,2.628320637474171,1.1757604113391509,0.912325498945233,0.08767450105476704,1.0545076475064057,1.261548667753159,0.8358834458479535,0.8511002209836261,0.8128328458206417,0.046004403415350836,0.7566689616711355,1.7343887856414864,2.2710290285268,1.3128752212176687e-9
105,104,0,local_loglinear,35,34,70,2.4999648050831755,2.603122771535883,1.1680786930105018,0.9048453564827952,0.09515464351720482,1.0545228518195413,1.271021125335617,0.829665873209693,0.8488654211622583,0.8073576573569754,0.05013389537499913,0.755434681213624,1.759732889130218,2.2775873527422945,1.931549110138174e-11
105,104,0,local_loglinear,36,35,69,2.474289722515171,2.5767201837316507,1.1599491737883663,0.8972295972088372,0.10277040279116278,1.054522715715805,1.2807580817836761,0.8233582365900051,0.8466414374604323,0.8018357668734775,0.05437346518858152,0.7541544720362238,1.7856446282277694,2.2844197780768956,8.608765348626242e-10
105,104,0,local_loglinear,37,36,68,2.447554689480621,2.549187414843034,1.151396284595651,0.8894944507800794,0.11050554921992062,1.0545078397532526,1.2907600929737335,0.8169665652769073,0.8444229278002219,0.796268936221108,0.058716480020051476,0.7528285367911302,1.812155976120209,2.291528703800896,1.2614475306276838e-11
105,104,0,local_loglinear,38,37,67,2.4198255140865865,2.520594045759377,1.1424429187285376,0.8816548671612819,0.11834513283871806,1.054478772237451,1.3010281617382395,0.8104965005742949,0.8422048480250293,0.7906587342041116,0.06315683331970076,0.7514568730111244,1.8393001243634746,2.2989177773180103,5.448759571823818e-11
105,104,0,local_loglinear,39,38,66,2.3911637094104408,2.491005114088969,1.1331105659540632,0.8737246194985693,0.12627538050143072,1.0544360129810508,1.3115637692619455,0.8039532942987684,0.8399824210278591,0.7850065527988443,0.06768889900857303,0.7500392829435828,1.8671116053048455,2.3065918707074005,1.2710894150045375e-10
105,104,0,local_loglinear,40,39,65,2.361626874159826,2.460481513081131,1.123419435197193,0.8657164118733078,0.13428358812669217,1.0543800052368797,1.3223689218554704,0.7973417915459141,0.8377511027411886,0.7793136220114714,0.07230748242850096,0.7485753836797319,1.8956264453304994,2.3145570574239116,1.1491879562896297e-9
105,104,0,local_loglinear,41,40,64,2.331269047414032,2.429080363578103,1.1133885709809368,0.8576419748287315,0.1423580251712685,1.054311141642211,1.3334461586715223,0.7906664508243766,0.83550655271833,0.773581023300363,0.07700777741400261,0.747064615021846,1.9248823195623082,2.3228206030680685,1.0119055430929287e-9
105,104,0,local_loglinear,42,41,63,2.3001410399582802,2.39685536152908,1.1030359652911972,0.849512150247645,0.15048784975235496,1.0542297701180194,1.3447985986155,0.7839313419893301,0.8332446086704797,0.7678097017641483,0.08178532864162866,0.7455062449885094,1.9549187094168172,2.331390971221179,9.371193721720006e-10
105,104,0,local_loglinear,43,42,62,2.268290745522218,2.363857107415891,1.0923786527985146,0.8413369883912729,0.1586630116087271,1.0541361783100593,1.3564299553342805,0.777140149526023,0.8309612539070559,0.7620004772682916,0.08663598588168603,0.7438993777176637,1.9857771110320803,2.3402778185080555,1.3831234525379425e-11
105,104,0,local_loglinear,44,43,61,2.235763422346753,2.3301334013388395,1.0814328097121995,0.8331258113404537,0.16687418865954629,1.0540306197730833,1.3683445753659547,0.7702961949413873,0.8286525995210207,0.7561540543027618,0.09155587666723597,0.7422429553222251,2.017501202782219,2.3494920255772644,1.1246757646876762e-9
105,104,0,local_loglinear,45,44,60,2.2026019602485842,2.2957295262552404,1.0702138370243286,0.8248872952346842,0.17511270476531582,1.0539132939433384,1.3805474581777768,0.7634024369828097,0.8263148564073607,0.7502710311146024,0.0965413669111046,0.7405357627946424,2.0501370781443025,2.3590457144679053,1.577844321254039e-11
105,104,0,local_loglinear,46,45,59,2.1688471221740633,2.26068850336104,1.0587364388765022,0.8166295369506184,0.18337046304938165,1.0537843558006068,1.3930442744516425,0.7564614959674689,0.8239443133502963,0.7443519077995127,0.10158902937951117,0.7387764305148324,2.0837334771990745,2.368952282643393,1.0410353432747577e-9
105,104,0,local_loglinear,47,46,58,2.134537765963627,2.22505132621652,1.0470146968000558,0.8083601113053165,0.1916398886946835,1.053643921556885,1.4058414036646578,0.749475665470026,0.8215373185711012,0.7383970935966704,0.10669561670089617,0.7369634349814186,2.118342027170267,2.379226451011477,1.4103044224536823e-11
105,104,0,local_loglinear,48,47,57,2.0997110497097937,2.188857178044209,1.0350621374103233,0.800086126545826,0.199913873454174,1.0534920674256174,1.418945948918895,0.7424469326885077,0.8190902610525053,0.7324069135344231,0.11185803431910696,0.735095099170542,2.1540175098336416,2.389884318699872,6.604327700206498e-11
105,104,0,local_loglinear,49,48,56,2.0644026206966624,2.1521436325884897,1.0228917911866775,0.791814281975882,0.208185718024118,1.0533288243597358,1.4323657744954479,0.7353769847864257,0.8165995496260814,0.7263816144485105,0.11707331090117126,0.7331695934019601,2.1908181687611727,2.400943420051566,8.932522577146376e-10
105,104,0,local_loglinear,50,49,55,2.028646785784178,2.114946834279477,1.0105162496479996,0.7835509121778053,0.21644908782219474,1.0531541880515245,1.4461095209785888,0.7282672389424906,0.8140615976114487,0.7203213703309581,0.12233857577234813,0.7311849336755373,2.228806021579291,2.412422801817957,1.1939290799316747e-9
105,104,0,local_loglinear,51,50,54,1.9924766688504676,2.0773016645954097,0.9979477179945639,0.7753020257688846,0.22469797423111537,1.0529681212995552,1.4601866431725494,0.721118855745571,0.8114728093798754,0.7142262872233673,0.1276510387632557,0.7291389794439277,2.268047194777253,2.4243431103561504,9.325679003432135e-10
105,104,0,local_loglinear,52,51,53,1.95592435711447,2.039241898325648,0.9851980592463075,0.7670733558061232,0.23292664419387676,1.052770541459089,1.4746074274681809,0.7139327537951153,0.8088295600935604,0.7080964077422509,0.13300796157536063,0.7270294326495547,2.308612329594847,2.436726678933815,1.2171046098574538e-11
105,104,0,local_loglinear,53,52,52,1.919021030745077,2.000800339537533,0.9722788412760359,0.7588703835966338,0.24112961640336616,1.0525613430491794,1.4893830506005876,0.7067096289465213,0.8061281881299666,0.7019317150449906,0.1384066449267081,0.7248538327112195,2.3505769629189897,2.4495976471013226,9.442611259948211e-10
105,104,0,local_loglinear,54,53,51,1.881797087065899,1.9620089539914236,0.9592013747142271,0.7506983794527714,0.2493016205472286,1.052340380154189,1.5045255734385998,0.6994499786062529,0.8033649782998667,0.6957321366701421,0.14384440396500717,0.722609553998281,2.394021997803695,2.462982075217009,1.1596454211020063e-11
105,104,0,local_loglinear,55,54,50,1.8442822517576598,1.922898986921525,0.9459767489929454,0.7425624329405439,0.2574375670594561,1.052107474277221,1.5200479989488322,0.6921541128995867,0.8005361497058349,0.6894975479810768,0.14931854932566946,0.720293801682907,2.439034198441197,2.4769080791962734,5.929253402293958e-11
105,104,0,local_loglinear,56,55,49,1.8065056811038487,1.883501070771543,0.9326158681445393,0.734467476350836,0.265532523649164,1.0518624201757538,1.5359643038789133,0.6848221781713207,0.7976378466891441,0.6832277753876135,0.1548263717461208,0.7179036060202558,2.4857067196478866,2.49140598695247,1.2918908755328262e-9
105,104,0,local_loglinear,57,56,48,1.7684960582251097,1.8438453274285511,0.9191294806096552,0.7264183139087014,0.2735816860912986,1.0516049782769459,1.5522894634538318,0.6774541752909493,0.7946661264165639,0.6769225994636037,0.16036512200531744,0.7154358178599288,2.5341397123196154,2.5065085013042623,1.470347473164701e-11
105,104,0,local_loglinear,58,57,47,1.7302816803509675,1.8039614599539593,0.9055282107887915,0.7184196405251937,0.2815803594748063,1.0513348848642976,1.569039510707816,0.6700499749620871,0.7916169516688158,0.6705817578777684,0.16593199696210245,0.7128871017820645,2.584440962913561,2.522250892895179,1.3252696148715876e-9
105,104,0,local_loglinear,59,58,46,1.691890541738436,1.7638788409526112,0.8918225829785938,0.7104760701092102,0.2895239298907898,1.0510518401319526,1.5862315394418312,0.6626093442208321,0.7884861783741596,0.6642049483185828,0.17152411827968417,0.7102539315085201,2.636726634606661,2.5386711968104136,1.6177954934154564e-11
105,104,0,local_loglinear,60,59,45,1.653350407650279,1.7236265897265632,0.8780230497572914,0.7025921462026401,0.2974078537973599,1.050755526311519,1.6038837705957965,0.6551319650308536,0.7852695525039667,0.6577918312735831,0.1771385224018142,0.7075325818353088,2.691122030864397,2.5558104505037202,1.1493595808870063e-9
105,104,0,local_loglinear,61,60,44,1.6146888865087679,1.6832336489546393,0.8641400145347592,0.6947723659014453,0.3052276340985547,1.0504455935773238,1.622015565957843,0.6476174554816975,0.7819627000067809,0.6513420329636348,0.1827721407128846,0.7047191227260651,2.7477624877494824,2.5737129409444566,1.239252985529971e-11
105,104,0,local_loglinear,62,61,43,1.5759334949635815,1.6427288533857676,0.8501838521935705,0.6870211969257,0.31297880307430004,1.050121665403373,1.6406474918839167,0.6400653830869806,0.7785611204980941,0.6448551482384419,0.18842178358689815,0.7018094129901267,2.8067943421391246,2.592426479514774,1.1980442146242683e-9
105,104,0,local_loglinear,63,62,42,1.5371117178772593,1.6021409925511876,0.8361649317407823,0.6793430884072323,0.32065691159276766,1.049783346239827,1.6598013271413996,0.632475302359121,0.7750601847713936,0.6383307435631629,0.19408412825047894,0.698799092338852,2.8683759831619593,2.612002715947947,1.2455626979637656e-11
105,104,0,local_loglinear,64,63,41,1.4982510656123302,1.5614988709641129,0.8220936364787148,0.6717424836666264,0.32825751633337363,1.0494302191840215,1.6795001079893999,0.624846770888475,0.7714551318290765,0.6317683602193604,0.19975570473091997,0.6956835742937553,2.9326790264134814,2.632497479493704,8.658977929423333e-10
105,104,0,local_loglinear,65,64,40,1.4593791274638752,1.5208313646990972,0.8079803806676898,0.6642238362114548,0.33577616378854525,1.0490618420557407,1.6997681497468722,0.6171793736763252,0.7677410647546723,0.6251675177136231,0.2054328788656833,0.6924580403342968,2.9998896325335918,2.6539711485800916,8.434788582433398e-12
105,104,0,local_loglinear,66,65,39,1.4205236195908277,1.4801674716913131,0.7938356263573495,0.6567916196733968,0.34320838032660317,1.0486777544156847,1.720631072907416,0.6094727515548664,0.7639129507196727,0.6185277173691739,0.2111118391432012,0.6891174334710987,3.070209950019363,2.676489065462767,5.2778842905223896e-11
105,104,0,local_loglinear,67,66,38,1.3817124291298972,1.4395363578446687,0.7796699003999232,0.6494503350939103,0.35054966490608974,1.048277481865335,1.7421158444829334,0.6017266217887295,0.7599656235605415,0.6118484462238225,0.21678858514411992,0.6856564517387957,3.1438597085418327,2.700121998377629,1.0633762512234966e-9
105,104,0,local_loglinear,68,67,37,1.3429736550383,1.3989674002069583,0.7654938076249516,0.6422045215662765,0.3577954784337235,1.04786053228716,1.7642507500795763,0.5939408172222097,0.7558937857085981,0.6051291813047801,0.22245891315881833,0.6820695437774834,3.2210780074870518,2.724946642594806,1.120910461193983e-9
105,104,0,local_loglinear,69,68,36,1.3043356435946467,1.358490224024169,0.7513180455130584,0.6350587607459588,0.3649412392540412,1.0474264050878317,1.787065425719942,0.5861153094973356,0.7516920150109175,0.5983693942574035,0.22811840616068135,0.6783509038490865,3.3021252810642525,2.7510461851406567,1.0589988379802436e-11
105,104,0,local_loglinear,70,69,35,1.2658270202004456,1.318134736320601,0.7371534148855747,0.6280176828285253,0.3719823171714747,1.0469745896692455,1.8105908378228188,0.578250241743298,0.7473547724186761,0.5915685564528439,0.23376242258741697,0.6744944694916082,3.387285495146625,2.7785109190350985,7.366088177138762e-11
105,104,0,local_loglinear,71,70,34,1.2274767157671749,1.277931153901198,0.7230108296159579,0.6210859728580516,0.37891402714194844,1.0465045677876696,1.834859264676948,0.570345959460777,0.7428764113245999,0.5847261445807799,0.2393860847958288,0.6704939203918965,3.4768686007252527,2.8074389251420704,7.71024913029833e-10
105,104,0,local_loglinear,72,71,33,1.1893139869606804,1.2379100246490382,0.7089013253510935,0.6142683714668951,0.38573162853310494,1.0460158218845719,1.8599042570794382,0.5624030473090613,0.7382511922014237,0.5778416467501073,0.24498427194871658,0.6663426786392924,3.571213245193554,2.8379368304776946,1.3273916547272787e-9
105,104,0,local_loglinear,73,72,32,1.1513684309074197,1.1981022430714825,0.6948360662406167,0.6075696730446248,0.39243032695537516,1.0455078403891211,1.8857606056449023,0.5544223573551494,0.733473301158861,0.5709145692083868,0.2505516153174689,0.6620339114421869,3.6706897857761445,2.8701206463033957,1.0849533883754398e-11
105,104,0,local_loglinear,74,73,31,1.113669993776302,1.1585390602533152,0.680826347155397,0.6009947318126884,0.39900526818731163,1.0449801114765351,1.9124642199491773,0.5464050519618636,0.7285368664449248,0.5639444437405692,0.25608248767889025,0.6575605379672339,3.7757037028801674,2.9041166855582112,8.962615935132214e-10
105,104,0,local_loglinear,75,74,30,1.076248969978888,1.1192520830337287,0.6668835966230136,0.5945484524032025,0.40545154759679747,1.044432144499379,1.9400520672382655,0.5383526360641269,0.7234359867629847,0.5569308356457294,0.2615710057516927,0.6529152373331037,3.8866993314332405,2.9400625953169714,1.1083675681666006e-9
105,104,0,local_loglinear,76,75,29,1.0391359947836767,1.0802732669249193,0.653019376357213,0.5882357853298833,0.4117642146701167,1.0438634686861643,1.9685620223786588,0.5302669953090124,0.7181647598681352,0.5498733525355193,0.2670110296988083,0.6480904612026918,4.004164062736902,2.9781084943003377,1.0387712849742167e-9
105,104,0,local_loglinear,77,76,28,1.002362027720679,1.0416348999986111,0.6392453741536555,0.5820617246580991,0.41793827534190087,1.043273632285086,1.9980327024810751,0.5221504287640495,0.7127173130069409,0.5427716538836438,0.2723961617811288,0.6430784526622387,4.128633066755216,3.0184182181520662,8.717962352162035e-10
105,104,0,local_loglinear,78,77,27,0.9659583244681382,1.0033695741861164,0.625573397012812,0.5760312959260177,0.42396870407398235,1.0426622204743627,2.0285032736139326,0.5140056878571267,0.7070878424320791,0.5356254612887674,0.2777197543324827,0.637871267861771,4.260694523768804,3.061170718505893,6.060103165878097e-12
105,104,0,local_loglinear,79,78,26,0.9299563984729908,0.9655101460566059,0.612015360416697,0.5701495413349973,0.4298504586650027,1.0420288631996943,2.0600132330053462,0.5058360045966704,0.7012706580909632,0.5284345695760011,0.2829749217292221,0.6324608036071964,4.400995469216525,3.1065616123144455,1.1044435211004955e-9
105,104,0,local_loglinear,80,79,25,0.8943879712340088,0.9280896864539018,0.598583271067649,0.5644215088708662,0.4355784911291338,1.041373234346517,2.092602069752714,0.4976451325356749,0.6952602295003795,0.5211988587428631,0.2881545508427013,0.6268388329086997,4.550248378708386,3.1548048869192713,8.149793677880706e-10
105,104,0,local_loglinear,81,80,24,0.8592849087939628,0.8911414156511868,0.5852892057650444,0.5588522347371516,0.4411477652628484,1.040695064916809,2.126308968884559,0.4894373678265334,0.6890512390497457,0.5139183066451805,0.2932513191841417,0.620997047085655,4.7092385138412745,3.206134796388234,1.2951541243757912e-9
105,104,0,local_loglinear,82,81,23,0.82467914452693,0.8546986242010386,0.5721452871832544,0.5534467209343308,0.4465532790656692,1.0399941555702634,2.1611724166409094,0.4812175778121011,0.6826386416181707,0.5065930024518472,0.29825771962707975,0.614927104753454,4.878832133292377,3.260807974225441,7.868891156790724e-12
105,104,0,local_loglinear,83,82,22,0.7906025880618072,0.8187945799720463,0.559163651924976,0.54820991481072,0.45179008518928,1.0392703777470893,2.197229747941058,0.47299121938475064,0.6760177261908743,0.4992231608472948,0.3031660859679838,0.6086206910044799,5.059985733951248,3.3191057626434826,8.701711682208942e-11
105,104,0,local_loglinear,84,83,21,0.7570870186415738,0.7834624186810085,0.5463564158332307,0.5431466791495324,0.4568533208504676,1.0385236921612893,2.2345166429901555,0.4647643576158697,0.6691841859798959,0.4918091368429882,0.3079686296211889,0.6020695840104867,5.253756358455089,3.381336814189166,1.1472851203664297e-9
105,104,0,local_loglinear,85,84,20,0.7241639639687404,0.7487350199328077,0.5337356318323785,0.5382617645803762,0.4617382354196238,1.0377541498076666,2.2730665877685823,0.4565436645771148,0.6621341895567927,0.4843514411893367,0.3126574772733012,0.5952657326751839,5.461313202415919,3.4478399668869453,6.178708590731444e-12
105,104,0,local_loglinear,86,85,19,0.691864563352437,0.7146448670825724,0.5213132426570843,0.5335597795482547,0.46644022045174527,1.0369619003165318,2.3129102013569125,0.4483364290183763,0.6548644551856567,0.4768507561910912,0.31722471374402755,0.5882013438894145,5.683950650621351,3.5189874412319435,8.061086321603536e-11
105,104,0,local_loglinear,87,86,18,0.660219415628658,0.6812238911383289,0.5091010288644789,0.5290451509201695,0.47095484907983054,1.0361472077524025,2.3540745944034263,0.440150541625035,0.6473723317738788,0.4693079517674459,0.32166243658079546,0.5808689793516094,5.92310285170085,3.5951883982535233,1.1242804323128098e-9
105,104,0,local_loglinear,88,87,17,0.6292584134274201,0.6485033009652253,0.497110551030188,0.5247220879926907,0.4752779120073093,1.0353104504084687,2.3965826125571708,0.43199447621118514,0.6396558779008608,0.4617241016555166,0.3259628108328943,0.5732616630425573,6.180360149854732,3.676892888120198,5.2275743146717475e-12
105,104,0,local_loglinear,89,88,16,0.5990105639816945,0.6165133997413761,0.48535308639341834,0.5205945454274835,0.4794054545725165,1.0344521246602618,2.440452054571219,0.4238772577902631,0.6317139404817048,0.4541004994609744,0.3301181278654448,0.5653729986611908,6.45748757415651,3.7645962373493833,7.840542281800103e-11
105,104,0,local_loglinear,90,89,15,0.5695037980543716,0.5852833889431043,0.4738395618908,0.5166661783284844,0.4833338216715156,1.0335728570834248,2.4856948577633013,0.41580842228295994,0.6235462359009954,0.44643867429385853,0.33412087450793443,0.557197295354772,6.756445567204571,3.858843936238014,1.7015047219741476e-10
105,104,0,local_loglinear,91,90,14,0.5407647698040646,0.5548411634433033,0.4625804821599739,0.512940303711438,0.48705969628856205,1.0326733970881457,2.5323162323727018,0.4077979613630493,0.6151534238241617,0.4387404057836545,0.33796379894570266,0.5487297022943421,7.079413403922046,3.960237065754712,1.2743749685961e-9
105,104,0,local_loglinear,92,91,13,0.5128186492808194,0.5252130990701861,0.45158585379667276,0.5094198603363619,0.4905801396636381,1.0317546179208912,2.5803138617647647,0.3998562474160562,0.6065371770043639,0.4310077380741678,0.3416399804109597,0.5399663498361233,7.428815562153061,4.069438334375629,4.728901799296072e-12
105,104,0,local_loglinear,93,92,12,0.4856889108269332,0.49642383645938176,0.4408651050391923,0.5061073777581293,0.4938926222418707,1.0308175017716188,2.629677012984882,0.3919939584525489,0.5977002392817667,0.42324299248571506,0.3451428917340075,0.5309044965259035,7.807351582126621,4.187178778954438,1.1614268536072156e-9
105,104,0,local_loglinear,94,93,11,0.45939712026028917,0.4684960638755728,0.4304270016796308,0.5030049467022497,0.4969950532977503,1.0298631319837372,2.680385825596036,0.3842219736237887,0.5886464750285266,0.4154487784057428,0.3484664615820272,0.5215426792908413,8.21802978869005,4.31426520580833,7.66898290403308e-10
105,104,0,local_loglinear,95,94,10,0.4339627249012281,0.4414503043592546,0.4202795547968023,0.5001142172515979,0.4998857827484021,1.0288926461133887,2.7324106347390362,0.3765512522284759,0.5793808935567099,0.407628002070895,0.35160510966618075,0.5118808677077267,8.664205831349028,4.451588397822192,2.402050314768782e-12
105,104,0,local_loglinear,96,95,9,0.4094028488430323,0.4153047096137582,0.410429918220764,0.49743642022258355,0.5025635797774164,1.027907188209721,2.7857115184256407,0.3689926905247705,0.5699096505964034,0.39978387264770154,0.3545537578366533,0.5019206201426326,9.149626756813793,4.60013213902579,4.986084674544166e-11
105,104,0,local_loglinear,97,96,8,0.385732097032406,0.3900748659433845,0.4008842661198285,0.49497244373895616,0.5050275562610438,1.0269078076932245,2.840238115423569,0.36155694204536093,0.5602400088290403,0.391919905143009,0.35730778380787565,0.49166524476802653,9.678482124311998,4.760983010205584,1.3829853666547447e-10
105,104,0,local_loglinear,98,97,7,0.3629623698076423,0.36577361605295666,0.39164763429490107,0.49272300041975947,0.5072769995802405,1.0258952912479378,2.8959298985316315,0.3542541868047681,0.5503802394476519,0.3840399194530061,0.35986287971485376,0.48111997151680697,10.255464255505565,4.935340797834877,2.951624497170505e-10
105,104,0,local_loglinear,99,98,6,0.3411026879730214,0.34241090035930966,0.3827236978328431,0.49068894648502703,0.509311053514973,1.0248698820094635,2.952717252134099,0.3470938103771131,0.5403394352970338,0.37614803469846847,0.36221475075445564,0.470292146974623,10.885840993436284,5.124529139453881,5.718887830796662e-10
105,104,0,local_loglinear,100,99,5,0.32015902564529797,0.3199936213868799,0.37411443563111474,0.4888718600833713,0.5111281399166288,1.0238308008572488,3.010523613273607,0.3400839629169849,0.5301271861242547,0.3682486577073303,0.36435854129847456,0.45919147689154616,11.575546702890295,5.330005570738369,1.057871220663977e-9
105,104,0,local_loglinear,101,100,4,0.30013414312280284,0.29852553428262285,0.3658195966172011,0.48727506033522855,0.5127249396647715,1.0227754319335403,3.0692696991589754,0.3332308764569616,0.5197530355724665,0.36034646399687054,0.3662877985368269,0.4478303610631404,12.331301468738207,5.553369295827973,1.907840559137038e-9
105,104,0,local_loglinear,102,101,3,0.28102740406346854,0.27800716611542164,0.3578358225809261,0.485905373788448,0.514094626211552,1.0216979399720802,3.1288809461348754,0.3265378125793471,0.509225589082487,0.3524463687776239,0.36799265355580413,0.4362243988244852,13.16077615096203,5.796363428165163,3.388560017895555e-9
105,104,0,local_loglinear,103,102,2,0.2628345484612284,0.25843576693685877,0.35015518078774066,0.48477616830070847,0.5152238316992915,1.0205869246134402,3.189300482791821,0.3200033769536974,0.49855105877971423,0.34455348415969234,0.3694566790352376,0.42439320001255926,14.072835114121542,6.0608655048929565,5.95800328879298e-9
105,104,0,local_loglinear,104,103,1,0.24554737214000855,0.23980529712486098,0.3427626886396583,0.48391253337959506,0.5160874666204049,1.0194214520560474,3.2505114798518866,0.31361878226699835,0.48773089789152274,0.33667305658028823,0.37065151407947505,0.4123617306072654,15.077914457453671,6.348854610788626,1.0398863925275037e-8
105,104,0,local_loglinear,105,104,0,0.22915322974441735,0.22210645979325414,0.33563212541987136,0.483360090570287,0.5166399094297129,1.0181643694816955,3.312575458693069,0.3073633739602111,0.4767579649034593,0.3288103750450484,0.3715277340504437,0.4001625806008614,16.188641443739087,6.6623332976567635,3.4175802765855584e-7
110,109,0,local_loglinear,1,0,109,1.8905489305118306,1.9413556198342408,0.9038178660077935,0.8825268256025048,0.11747317439749516,,,,0.9932766422755183,0.9337836851161863,0.061764406780686135,0.7466805409386618,1.0667190368697315,2.3249284524801364,9.444954717907831e-12
110,109,0,local_loglinear,2,1,108,1.9730369965815278,2.0276623268270644,0.9344461533419904,0.8969721907464306,0.10302780925356936,1.0410485222195913,1.0940509703533396,0.9515539498889797,0.9850947192320787,0.9334988401525799,0.053798077696574825,0.750253589602985,1.083364371299011,2.3054292629678668,1.0337757456800832e-9
110,109,0,local_loglinear,3,2,107,2.051702867258132,2.110129678780688,0.9637229365529928,0.9105977686669502,0.08940223133304981,1.0419289427183027,1.096424269484925,0.9502972268278748,0.9771604547428103,0.9328681467363176,0.04638700160438913,0.7534054885661245,1.10050617573145,2.2884313376320096,1.1128440389470764e-11
110,109,0,local_loglinear,4,3,106,2.126174026037522,2.188356539664401,0.9915254772824805,0.9233037039377787,0.07669629606222128,1.0427915173281632,1.0987247394364401,0.9490925978994827,0.9695114709625504,0.9319032261304545,0.03956333177575462,0.7561709199883961,1.1180545029724822,2.2736719496259354,8.270892818756261e-10
110,109,0,local_loglinear,5,4,105,2.196164190831236,2.262029823537337,1.01775798962433,0.9350165022328139,0.06498349776718615,1.0436295525569184,1.101031987877902,0.9478648795375877,0.9621723309417423,0.9306175157916621,0.03334521154070946,0.7585831856939277,1.1359354436448321,2.260913731007415,9.838129220639274e-12
110,109,0,local_loglinear,6,5,104,2.2614673298440646,2.3309189243458075,1.042350532179529,0.9456855065393132,0.05431449346068684,1.0444387180030943,1.103404488672037,0.9465601497235987,0.9551573234048734,0.9290256677546951,0.027739695585295827,0.7606735474154225,1.1540886322725397,2.2499446748777023,5.682049252982957e-11
110,109,0,local_loglinear,7,6,103,2.3219506375199512,2.3948690328421343,1.065257221198012,0.9552798427877041,0.04472015721229594,1.045216242404463,1.1058860590689237,0.9451391794236558,0.9484726569064315,0.9271430686002351,0.022745072521321373,0.7624709205032096,1.1724653386413668,2.240576762030441,9.714246345858652e-10
110,109,0,local_loglinear,8,7,102,2.377546816451963,2.453793661750894,1.086453993967009,0.9637856695346951,0.03621433046530487,1.0459604020390112,1.108510140541346,0.9435731472228226,0.9421182211139875,0.9249854571377998,0.018352751447243874,0.7640017838919609,1.191026930560612,2.23264395842543,1.7759978672646197e-10
110,109,0,local_loglinear,9,8,101,2.4282460089513798,2.5076667129567576,1.1059361178941423,0.9712036439649635,0.028796356035036497,1.046670200894807,1.1113027184861686,0.941840763532546,0.9360890217914465,0.9225686220287679,0.014548820535427429,0.7652902171547363,1.2097435721445462,2.2260000116478373,1.1644717364631828e-9
110,109,0,local_loglinear,10,9,100,2.474087694929311,2.5565144100104495,1.12371558705242,0.9775466019848155,0.022453398015184534,1.0473451442894657,1.1142843337639474,0.9399262939932329,0.9303763447805233,0.9199081656563604,0.011315330974757537,0.7663580145504303,1.228593115731806,2.220516245849031,1.092321152879845e-9
110,109,0,local_loglinear,11,10,99,2.5151528043048246,2.6004073534268817,1.1398185288015383,0.9828374324929062,0.017162567507093773,1.0479850949615181,1.1174714905964716,0.9378181938244673,0.9249687044597766,0.917019322604318,0.008631360346823602,0.7672248380872287,1.2475601341951,2.2160794868709153,8.452048273481325e-10
110,109,0,local_loglinear,12,11,98,2.5515562398221308,2.6394529082050653,1.1542827129254905,0.9871071334618566,0.012892866538143366,1.048590183829948,1.1208776455020113,0.9355081600903125,0.9198526203455146,0.9139168232627184,0.006473897615549035,0.767908385944571,1.2666350541007503,2.2125901787888487,1.2469424294955483e-11
110,109,0,local_loglinear,13,12,97,2.583439958671781,2.673788094953049,1.167155209648707,0.9903930963348889,0.009606903665111077,1.0491607191201866,1.1245138949771696,0.9329904448548296,0.9150132310713087,0.9106147948069645,0.004818555272386435,0.7684245691783825,1.285813424410229,2.209960675739565,1.0013566397237803e-9
110,109,0,local_loglinear,14,13,96,2.610966682997176,2.7035730637713806,1.1784902553318153,0.9927375576050271,0.007262442394972868,1.0496971581624457,1.1283894691283323,0.9302613919051589,0.910434798279956,0.9071266921607062,0.0036401627010305276,0.7687876791321783,1.3050952442116197,2.2081137549227723,1.4784707207951183e-11
110,109,0,local_loglinear,15,14,95,2.6343143004884677,2.728985232634596,1.1883473402202525,0.9941862480002644,0.00581375199973555,1.0502000683238035,1.132512069266728,0.9273190960373434,0.9061011050832387,0.9034652537332966,0.0029132429449762742,0.7690105460801548,1.3244843778729691,2.2069813118898507,9.753936604808838e-10
110,109,0,local_loglinear,16,15,94,2.653670963469194,2.750214112094096,1.1967895268152717,0.9947872270727991,0.005212772927200904,1.050670099898769,1.1368881106313415,0.9241631520935745,0.90199576856661,0.8996424769513804,0.0026123923150928874,0.769104686155924,1.3439880465208411,2.206503224177705,1.4560013574477285e-11
110,109,0,local_loglinear,17,16,93,2.66923086999037,2.767456809757923,1.2038820019405945,0.9945898805940098,0.0054101194059902324,1.0511079740968912,1.1415228925893788,0.9207944763268001,0.8981024864273935,0.8956696094625236,0.0027125836801961956,0.7690804337410642,1.363616375395766,2.206626374524135,8.366293475739424e-10
110,109,0,local_loglinear,18,17,92,2.681190698016173,2.7809141950040335,1.209690855037598,0.9936440690490254,0.006355930950974642,1.0515144750126741,1.146420731670629,0.9172151601623149,0.8944052297414763,0.8915571527723232,0.003189405791892738,0.7689470594029539,1.383381990669077,2.2073038149171516,1.2587438538043346e-11
110,109,0,local_loglinear,19,18,91,2.6897466510446773,2.7907876904815625,1.2142820660554616,0.991999421910931,0.008000578089068955,1.0518904384722203,1.1515850549406408,0.9134283516092007,0.890888388499917,0.8873148756284592,0.004019245441944999,0.768712875284293,1.4032996695245759,2.208494047472052,5.651758404824918e-11
110,109,0,local_loglinear,20,19,90,2.6950920610690368,2.7972766414121635,1.2177206840593102,0.9897047649025212,0.010295235097478761,1.0522367415010072,1.1570184800012775,0.9094381461390707,0.8875368778889198,0.8829518348015106,0.005179421144634225,0.7683853291235488,1.4233860407561374,2.2101604049023917,1.0980324700774434e-9
110,109,0,local_loglinear,21,20,89,2.697415489229646,2.8005762043605276,1.2200701821644504,0.9868076541365154,0.013192345863484611,1.0525543017221206,1.16272290082301,0.9052494803164978,0.8843362177360631,0.8784764013009672,0.006648282358871951,0.7679710860282848,1.4436593163528533,2.2122705262545064,1.639147976025784e-11
110,109,0,local_loglinear,22,21,88,2.6968992709368322,2.8008757065081418,1.2213919619792721,0.98335402127347,0.016645978726529953,1.0528440639019747,1.1686995472760926,0.9008680343513915,0.8812725831013382,0.8738962906210428,0.008405272014265358,0.7674761020334842,1.4641390721291152,2.214795900534966,7.148336689725514e-11
110,109,0,local_loglinear,23,22,87,2.693718442560275,2.798357409910285,1.2217449954110662,0.9793878968878112,0.02061210311218875,1.0531070015756103,1.174949075581554,0.8963001235218331,0.8783328395394929,0.8692185955883189,0.010430968047631356,0.7669056872647447,1.4848460489388682,2.2177114839627685,1.0165037438176229e-9
110,109,0,local_loglinear,24,23,86,2.6880400014823,2.7931956355384853,1.221185575412454,0.9749512233993087,0.02504877660069127,1.0533441007563276,1.1814716316196188,0.8915525964109289,0.8755045566034158,0.8644498209680724,0.01270709683933044,0.7662645636592231,1.505802001632035,2.220995361407165,1.2529830694747781e-9
110,109,0,local_loglinear,25,24,85,2.6800224408851228,2.785556183499662,1.2197671670392802,0.9700837219529282,0.029916278047071754,1.0535563619637673,1.1882669414031217,0.8866327297801567,0.8727760135280297,0.8595959187805147,0.015216534987522679,0.7655569141626112,1.5270295615463696,2.224628464446375,2.0368402200158956e-11
110,109,0,local_loglinear,26,25,84,2.6698155198741276,2.7755960133719495,1.217540328485597,0.9648228366255314,0.035177163374468634,1.0537447764656567,1.1953343825709055,0.8815481189449932,0.8701361848363252,0.8546623238634219,0.017943285616548205,0.7647864297537283,1.5485521560731415,2.2285943109351396,2.3393127007965724e-10
110,109,0,local_loglinear,27,26,83,2.6575602137487992,2.7634631202862727,1.214552704616697,0.9592036994203129,0.040796300579687084,1.0539103379665822,1.2026730812300348,0.8763065827404191,0.8675747288852295,0.8496539887810564,0.02087245633234866,0.763956347676231,1.5703939191064429,2.2328787979756015,7.77907948102002e-10
110,109,0,local_loglinear,28,27,82,2.64338882127081,2.749296588373358,1.210849065039857,0.9532591536876046,0.04674084631239539,1.0540540205558653,1.2102819863448662,0.870916061255427,0.8650819609443002,0.844575418097971,0.02399021768934556,0.7630694883166896,1.592579652968455,2.237470008542796,1.2580438210926672e-11
110,109,0,local_loglinear,29,28,81,2.627425185172805,2.7332267716274523,1.206471381240395,0.9470198024271503,0.05298019757284966,1.0541767753706741,1.2181599496355182,0.8653845299101247,0.8626488236812915,0.8394307013541711,0.027283757629275762,0.7621282878148663,1.6151348057362545,2.2423580453995875,1.0156984245715742e-9
110,109,0,local_loglinear,30,29,80,2.6097850001053065,2.7153755746858566,1.2014589338278037,0.9405140781462354,0.059485921853764556,1.0542795261772477,1.2263058144617776,0.8597199114153824,0.8602668549852647,0.8342235445982875,0.0307412320806823,0.7611348269587651,1.6380854659061022,2.2475348885145134,1.594378244942348e-11
110,109,0,local_loglinear,31,30,79,2.5905761851278806,2.695856808928182,1.1958484408870076,0.9337683306341213,0.06623166936587865,1.0543631638110693,1.2347184832147622,0.8539300076450523,0.8579281533073685,0.8289573003490984,0.03435171218871255,0.7600908571500604,1.6614583755798777,2.2529942711868416,9.933802000504466e-10
110,109,0,local_loglinear,32,31,78,2.5698993008506164,2.6747766031314075,1.189674197087985,0.9268069348697912,0.07319306513020885,1.0544285355359244,1.2433969868180903,0.8480224310614225,0.8556253381315517,0.8236349958775497,0.03810512562630114,0.7589978249224005,1.685280972665961,2.258731566535003,1.5298509722658387e-11
110,109,0,local_loglinear,33,32,77,2.547847990614898,2.6522338446442415,1.1829682214064334,0.9196524036485937,0.08034759635140631,1.0544764436740204,1.2523405528821736,0.8420045499981751,0.8533515112873519,0.8182593596277776,0.04199219896075812,0.757856893585465,1.7095814444189759,2.264743691310252,6.598273630098774e-11
110,109,0,local_loglinear,34,33,76,2.5245094339195178,2.628320637474171,1.1757604113391509,0.912325498945233,0.08767450105476704,1.0545076475064057,1.261548667753159,0.8358834458479535,0.8511002209836261,0.8128328458206417,0.046004403415350836,0.7566689616711355,1.7343887856414864,2.2710290285268,1.3128752212176687e-9
110,109,0,local_loglinear,35,34,75,2.4999648050831755,2.603122771535883,1.1680786930105018,0.9048453564827952,0.09515464351720482,1.0545228518195413,1.271021125335617,0.829665873209693,0.8488654211622583,0.8073576573569754,0.05013389537499913,0.755434681213624,1.759732889130218,2.2775873527422945,1.931549110138174e-11
110,109,0,local_loglinear,36,35,74,2.474289722515171,2.5767201837316507,1.1599491737883663,0.8972295972088372,0.10277040279116278,1.054522715715805,1.2807580817836761,0.8233582365900051,0.8466414374604323,0.8018357668734775,0.05437346518858152,0.7541544720362238,1.7856446282277694,2.2844197780768956,8.608765348626242e-10
110,109,0,local_loglinear,37,36,73,2.447554689480621,2.549187414843034,1.151396284595651,0.8894944507800794,0.11050554921992062,1.0545078397532526,1.2907600929737335,0.8169665652769073,0.8444229278002219,0.796268936221108,0.058716480020051476,0.7528285367911302,1.812155976120209,2.291528703800896,1.2614475306276838e-11
110,109,0,local_loglinear,38,37,72,2.4198255140865865,2.520594045759377,1.1424429187285376,0.8816548671612819,0.11834513283871806,1.054478772237451,1.3010281617382395,0.8104965005742949,0.8422048480250293,0.7906587342041116,0.06315683331970076,0.7514568730111244,1.8393001243634746,2.2989177773180103,5.448759571823818e-11
110,109,0,local_loglinear,39,38,71,2.3911637094104408,2.491005114088969,1.1331105659540632,0.8737246194985693,0.12627538050143072,1.0544360129810508,1.3115637692619455,0.8039532942987684,0.8399824210278591,0.7850065527988443,0.06768889900857303,0.7500392829435828,1.8671116053048455,2.3065918707074005,1.2710894150045375e-10
110,109,0,local_loglinear,40,39,70,2.361626874159826,2.460481513081131,1.123419435197193,0.8657164118733078,0.13428358812669217,1.0543800052368797,1.3223689218554704,0.7973417915459141,0.8377511027411886,0.7793136220114714,0.07230748242850096,0.7485753836797319,1.8956264453304994,2.3145570574239116,1.1491879562896297e-9
110,109,0,local_loglinear,41,40,69,2.331269047414032,2.429080363578103,1.1133885709809368,0.8576419748287315,0.1423580251712685,1.054311141642211,1.3334461586715223,0.7906664508243766,0.83550655271833,0.773581023300363,0.07700777741400261,0.747064615021846,1.9248823195623082,2.3228206030680685,1.0119055430929287e-9
110,109,0,local_loglinear,42,41,68,2.3001410399582802,2.39685536152908,1.1030359652911972,0.849512150247645,0.15048784975235496,1.0542297701180194,1.3447985986155,0.7839313419893301,0.8332446086704797,0.7678097017641483,0.08178532864162866,0.7455062449885094,1.9549187094168172,2.331390971221179,9.371193721720006e-10
110,109,0,local_loglinear,43,42,67,2.268290745522218,2.363857107415891,1.0923786527985146,0.8413369883912729,0.1586630116087271,1.0541361783100593,1.3564299553342805,0.777140149526023,0.8309612539070559,0.7620004772682916,0.08663598588168603,0.7438993777176637,1.9857771110320803,2.3402778185080555,1.3831234525379425e-11
110,109,0,local_loglinear,44,43,66,2.235763422346753,2.3301334013388395,1.0814328097121995,0.8331258113404537,0.16687418865954629,1.0540306197730833,1.3683445753659547,0.7702961949413873,0.8286525995210207,0.7561540543027618,0.09155587666723597,0.7422429553222251,2.017501202782219,2.3494920255772644,1.1246757646876762e-9
110,109,0,local_loglinear,45,44,65,2.2026019602485842,2.2957295262552404,1.0702138370243286,0.8248872952346842,0.17511270476531582,1.0539132939433384,1.3805474581777768,0.7634024369828097,0.8263148564073607,0.7502710311146024,0.0965413669111046,0.7405357627946424,2.0501370781443025,2.3590457144679053,1.577844321254039e-11
110,109,0,local_loglinear,46,45,64,2.1688471221740633,2.26068850336104,1.0587364388765022,0.8166295369506184,0.18337046304938165,1.0537843558006068,1.3930442744516425,0.7564614959674689,0.8239443133502963,0.7443519077995127,0.10158902937951117,0.7387764305148324,2.0837334771990745,2.368952282643393,1.0410353432747577e-9
110,109,0,local_loglinear,47,46,63,2.134537765963627,2.22505132621652,1.0470146968000558,0.8083601113053165,0.1916398886946835,1.053643921556885,1.4058414036646578,0.749475665470026,0.8215373185711012,0.7383970935966704,0.10669561670089617,0.7369634349814186,2.118342027170267,2.379226451011477,1.4103044224536823e-11
110,109,0,local_loglinear,48,47,62,2.0997110497097937,2.188857178044209,1.0350621374103233,0.800086126545826,0.199913873454174,1.0534920674256174,1.418945948918895,0.7424469326885077,0.8190902610525053,0.7324069135344231,0.11185803431910696,0.735095099170542,2.1540175098336416,2.389884318699872,6.604327700206498e-11
110,109,0,local_loglinear,49,48,61,2.0644026206966624,2.1521436325884897,1.0228917911866775,0.791814281975882,0.208185718024118,1.0533288243597358,1.4323657744954479,0.7353769847864257,0.8165995496260814,0.7263816144485105,0.11707331090117126,0.7331695934019601,2.1908181687611727,2.400943420051566,8.932522577146376e-10
110,109,0,local_loglinear,50,49,60,2.028646785784178,2.114946834279477,1.0105162496479996,0.7835509121778053,0.21644908782219474,1.0531541880515245,1.4461095209785888,0.7282672389424906,0.8140615976114487,0.7203213703309581,0.12233857577234813,0.7311849336755373,2.228806021579291,2.412422801817957,1.1939290799316747e-9
110,109,0,local_loglinear,51,50,59,1.9924766688504676,2.0773016645954097,0.9979477179945639,0.7753020257688846,0.22469797423111537,1.0529681212995552,1.4601866431725494,0.721118855745571,0.8114728093798754,0.7142262872233673,0.1276510387632557,0.7291389794439277,2.268047194777253,2.4243431103561504,9.325679003432135e-10
110,109,0,local_loglinear,52,51,58,1.95592435711447,2.039241898325648,0.9851980592463075,0.7670733558061232,0.23292664419387676,1.052770541459089,1.4746074274681809,0.7139327537951153,0.8088295600935604,0.7080964077422509,0.13300796157536063,0.7270294326495547,2.308612329594847,2.436726678933815,1.2171046098574538e-11
110,109,0,local_loglinear,53,52,57,1.919021030745077,2.000800339537533,0.9722788412760359,0.7588703835966338,0.24112961640336616,1.0525613430491794,1.4893830506005876,0.7067096289465213,0.8061281881299666,0.7019317150449906,0.1384066449267081,0.7248538327112195,2.3505769629189897,2.4495976471013226,9.442611259948211e-10
110,109,0,local_loglinear,54,53,56,1.881797087065899,1.9620089539914236,0.9592013747142271,0.7506983794527714,0.2493016205472286,1.052340380154189,1.5045255734385998,0.6994499786062529,0.8033649782998667,0.6957321366701421,0.14384440396500717,0.722609553998281,2.394021997803695,2.462982075217009,1.1596454211020063e-11
110,109,0,local_loglinear,55,54,55,1.8442822517576598,1.922898986921525,0.9459767489929454,0.7425624329405439,0.2574375670594561,1.052107474277221,1.5200479989488322,0.6921541128995867,0.8005361497058349,0.6894975479810768,0.14931854932566946,0.720293801682907,2.439034198441197,2.4769080791962734,5.929253402293958e-11
110,109,0,local_loglinear,56,55,54,1.8065056811038487,1.883501070771543,0.9326158681445393,0.734467476350836,0.265532523649164,1.0518624201757538,1.5359643038789133,0.6848221781713207,0.7976378466891441,0.6832277753876135,0.1548263717461208,0.7179036060202558,2.4857067196478866,2.49140598695247,1.2918908755328262e-9
110,109,0,local_loglinear,57,56,53,1.7684960582251097,1.8438453274285511,0.9191294806096552,0.7264183139087014,0.2735816860912986,1.0516049782769459,1.5522894634538318,0.6774541752909493,0.7946661264165639,0.6769225994636037,0.16036512200531744,0.7154358178599288,2.5341397123196154,2.5065085013042623,1.470347473164701e-11
110,109,0,local_loglinear,58,57,52,1.7302816803509675,1.8039614599539593,0.9055282107887915,0.7184196405251937,0.2815803594748063,1.0513348848642976,1.569039510707816,0.6700499749620871,0.7916169516688158,0.6705817578777684,0.16593199696210245,0.7128871017820645,2.584440962913561,2.522250892895179,1.3252696148715876e-9
110,109,0,local_loglinear,59,58,51,1.691890541738436,1.7638788409526112,0.8918225829785938,0.7104760701092102,0.2895239298907898,1.0510518401319526,1.5862315394418312,0.6626093442208321,0.7884861783741596,0.6642049483185828,0.17152411827968417,0.7102539315085201,2.636726634606661,2.5386711968104136,1.6177954934154564e-11
110,109,0,local_loglinear,60,59,50,1.653350407650279,1.7236265897265632,0.8780230497572914,0.7025921462026401,0.2974078537973599,1.050755526311519,1.6038837705957965,0.6551319650308536,0.7852695525039667,0.6577918312735831,0.1771385224018142,0.7075325818353088,2.691122030864397,2.5558104505037202,1.1493595808870063e-9
110,109,0,local_loglinear,61,60,49,1.6146888865087679,1.6832336489546393,0.8641400145347592,0.6947723659014453,0.3052276340985547,1.0504455935773238,1.622015565957843,0.6476174554816975,0.7819627000067809,0.6513420329636348,0.1827721407128846,0.7047191227260651,2.7477624877494824,2.5737129409444566,1.239252985529971e-11
110,109,0,local_loglinear,62,61,48,1.5759334949635815,1.6427288533857676,0.8501838521935705,0.6870211969257,0.31297880307430004,1.050121665403373,1.6406474918839167,0.6400653830869806,0.7785611204980941,0.6448551482384419,0.18842178358689815,0.7018094129901267,2.8067943421391246,2.592426479514774,1.1980442146242683e-9
110,109,0,local_loglinear,63,62,47,1.5371117178772593,1.6021409925511876,0.8361649317407823,0.6793430884072323,0.32065691159276766,1.049783346239827,1.6598013271413996,0.632475302359121,0.7750601847713936,0.6383307435631629,0.19408412825047894,0.698799092338852,2.8683759831619593,2.612002715947947,1.2455626979637656e-11
110,109,0,local_loglinear,64,63,46,1.4982510656123302,1.5614988709641129,0.8220936364787148,0.6717424836666264,0.32825751633337363,1.0494302191840215,1.6795001079893999,0.624846770888475,0.7714551318290765,0.6317683602193604,0.19975570473091997,0.6956835742937553,2.9326790264134814,2.632497479493704,8.658977929423333e-10
110,109,0,local_loglinear,65,64,45,1.4593791274638752,1.5208313646990972,0.8079803806676898,0.6642238362114548,0.33577616378854525,1.0490618420557407,1.6997681497468722,0.6171793736763252,0.7677410647546723,0.6251675177136231,0.2054328788656833,0.6924580403342968,2.9998896325335918,2.6539711485800916,8.434788582433398e-12
110,109,0,local_loglinear,66,65,44,1.4205236195908277,1.4801674716913131,0.7938356263573495,0.6567916196733968,0.34320838032660317,1.0486777544156847,1.720631072907416,0.6094727515548664,0.7639129507196727,0.6185277173691739,0.2111118391432012,0.6891174334710987,3.070209950019363,2.676489065462767,5.2778842905223896e-11
110,109,0,local_loglinear,67,66,43,1.3817124291298972,1.4395363578446687,0.7796699003999232,0.6494503350939103,0.35054966490608974,1.048277481865335,1.7421158444829334,0.6017266217887295,0.7599656235605415,0.6118484462238225,0.21678858514411992,0.6856564517387957,3.1438597085418327,2.700121998377629,1.0633762512234966e-9
110,109,0,local_loglinear,68,67,42,1.3429736550383,1.3989674002069583,0.7654938076249516,0.6422045215662765,0.3577954784337235,1.04786053228716,1.7642507500795763,0.5939408172222097,0.7558937857085981,0.6051291813047801,0.22245891315881833,0.6820695437774834,3.2210780074870518,2.724946642594806,1.120910461193983e-9
110,109,0,local_loglinear,69,68,41,1.3043356435946467,1.358490224024169,0.7513180455130584,0.6350587607459588,0.3649412392540412,1.0474264050878317,1.787065425719942,0.5861153094973356,0.7516920150109175,0.5983693942574035,0.22811840616068135,0.6783509038490865,3.3021252810642525,2.7510461851406567,1.0589988379802436e-11
110,109,0,local_loglinear,70,69,40,1.2658270202004456,1.318134736320601,0.7371534148855747,0.6280176828285253,0.3719823171714747,1.0469745896692455,1.8105908378228188,0.578250241743298,0.7473547724186761,0.5915685564528439,0.23376242258741697,0.6744944694916082,3.387285495146625,2.7785109190350985,7.366088177138762e-11
110,109,0,local_loglinear,71,70,39,1.2274767157671749,1.277931153901198,0.7230108296159579,0.6210859728580516,0.37891402714194844,1.0465045677876696,1.834859264676948,0.570345959460777,0.7428764113245999,0.5847261445807799,0.2393860847958288,0.6704939203918965,3.4768686007252527,2.8074389251420704,7.71024913029833e-10
110,109,0,local_loglinear,72,71,38,1.1893139869606804,1.2379100246490382,0.7089013253510935,0.6142683714668951,0.38573162853310494,1.0460158218845719,1.8599042570794382,0.5624030473090613,0.7382511922014237,0.5778416467501073,0.24498427194871658,0.6663426786392924,3.571213245193554,2.8379368304776946,1.3273916547272787e-9
110,109,0,local_loglinear,73,72,37,1.1513684309074197,1.1981022430714825,0.6948360662406167,0.6075696730446248,0.39243032695537516,1.0455078403891211,1.8857606056449023,0.5544223573551494,0.733473301158861,0.5709145692083868,0.2505516153174689,0.6620339114421869,3.6706897857761445,2.8701206463033957,1.0849533883754398e-11
110,109,0,local_loglinear,74,73,36,1.113669993776302,1.1585390602533152,0.680826347155397,0.6009947318126884,0.39900526818731163,1.0449801114765351,1.9124642199491773,0.5464050519618636,0.7285368664449248,0.5639444437405692,0.25608248767889025,0.6575605379672339,3.7757037028801674,2.9041166855582112,8.962615935132214e-10
110,109,0,local_loglinear,75,74,35,1.076248969978888,1.1192520830337287,0.6668835966230136,0.5945484524032025,0.40545154759679747,1.044432144499379,1.9400520672382655,0.5383526360641269,0.7234359867629847,0.5569308356457294,0.2615710057516927,0.6529152373331037,3.8866993314332405,2.9400625953169714,1.1083675681666006e-9
110,109,0,local_loglinear,76,75,34,1.0391359947836767,1.0802732669249193,0.653019376357213,0.5882357853298833,0.4117642146701167,1.0438634686861643,1.9685620223786588,0.5302669953090124,0.7181647598681352,0.5498733525355193,0.2670110296988083,0.6480904612026918,4.004164062736902,2.9781084943003377,1.0387712849742167e-9
110,109,0,local_loglinear,77,76,33,1.002362027720679,1.0416348999986111,0.6392453741536555,0.5820617246580991,0.41793827534190087,1.043273632285086,1.9980327024810751,0.5221504287640495,0.7127173130069409,0.5427716538836438,0.2723961617811288,0.6430784526622387,4.128633066755216,3.0184182181520662,3.304109427944053e-11
110,109,0,local_loglinear,78,77,32,0.9659583244634827,1.0033695741211146,0.6255733973466365,0.5760312951795289,0.4239687048204711,1.0426622215269705,2.0285032736139326,0.5140056883760353,0.7070878428822205,0.5356254612887674,0.2777197549690958,0.637871267679941,4.26069451856682,3.0611707200145926,6.095669411326259e-12
110,109,0,local_loglinear,79,78,31,0.9299563986324695,0.9655101461183356,0.6120153611399733,0.5701495400864797,0.42985045991352033,1.0420288640083681,2.0600132308224914,0.5058360055252278,0.701270658859334,0.5284345695866748,0.28297492280470704,0.6324608032681371,4.400995459852234,3.106561615190528,5.8095967748692394e-11
110,109,0,local_loglinear,80,79,30,0.8943879716697631,0.928089686802945,0.5985832719588677,0.5644215076032975,0.43557849239670254,1.041373234418385,2.092602065567231,0.4976451335653753,0.6952602303049518,0.5211988587713625,0.28815455194524553,0.6268388325747102,4.550248368290075,3.1548048898185987,1.5682467411664172e-10
110,109,0,local_loglinear,81,80,29,0.8592849094905549,0.891141416248114,0.585289206981783,0.5588522331925541,0.44114776680744594,1.0406950654160345,2.126308964127959,0.4894373691562006,0.6890512400471417,0.5139183066918436,0.29325132054083475,0.6209970466656487,4.709238500217125,3.206134800123606,5.240108277325252e-10
110,109,0,local_loglinear,82,81,28,0.8246791455390562,0.8546986251451659,0.5721452883443917,0.5534467193663988,0.4465532806336012,1.0399941554155625,2.161172410308898,0.48121757915043684,0.6826386426597089,0.5065930025205274,0.29825772101726045,0.6149271044896688,4.878832118169664,3.2608079766317073,4.650166894547593e-12
110,109,0,local_loglinear,83,82,27,0.7906025893426996,0.818794581104514,0.5591636537708875,0.5482099119280056,0.4517900880719944,1.039270379728404,2.197229741655443,0.47299122163956964,0.6760177280595759,0.49922316093832275,0.30316608854992366,0.608620690455736,5.059985705905289,3.319105767784002,5.1714762116445114e-11
110,109,0,local_loglinear,84,83,26,0.757087020411432,0.7834624201608562,0.5463564189343431,0.5431466739498708,0.4568533260501292,1.0385236957288697,2.2345166318175136,0.46476436153628187,0.6691841893049777,0.4918091369738883,0.30796863432388744,0.6020695829291548,5.253756306467784,3.381336824605076,1.3979491363533293e-10
110,109,0,local_loglinear,85,84,25,0.7241639665956493,0.7487350220796416,0.5337356369120118,0.5382617562868142,0.46173824371318584,1.0377541548495761,2.273066567574861,0.45654367085111724,0.6621341948448513,0.4843514413904334,0.31265748484449857,0.5952657307827213,5.461313115583148,3.4478399856564845,2.1721216461846208e-10
110,109,0,local_loglinear,86,85,24,0.6918645673144809,0.7146448701759118,0.5213132512616011,0.5335597647165098,0.4664402352834902,1.03696191058297,2.312910167578504,0.4483364400047646,0.6548644645613393,0.4768507565020258,0.31722472740895086,0.5882013404549505,5.683950489135283,3.5189874763549067,2.7690453608618124e-10
110,109,0,local_loglinear,87,86,23,0.6602194218822246,0.681223895840788,0.5091010437084896,0.5290451245263484,0.47095487547365156,1.0361472261388358,2.3540745336266853,0.4401505607991724,0.6473723483508463,0.469307952270413,0.3216624611156175,0.5808689731340959,5.923102551195525,3.5951884639141243,3.8116914308239765e-10
110,109,0,local_loglinear,88,87,22,0.6292584235785813,0.6485033084194246,0.49711057661195435,0.5247220420916378,0.47527795790836225,1.0353104819674268,2.3965825025682004,0.43199450920549504,0.6396559065894702,0.4617241024927128,0.32596285386976526,0.5732616519858479,6.180359600770441,3.676893008888512,4.84972256085257e-10
110,109,0,local_loglinear,89,88,21,0.5990105806187421,0.6165134116252944,0.4853531308611805,0.5205944640656893,0.4794055359343107,1.03445218218556,2.440451858043135,0.42387731549641405,0.6317139910310439,0.45410050086666154,0.3301182047892499,0.5653729788699502,6.457486550986188,3.7645964613020646,5.824471426483626e-10
110,109,0,local_loglinear,90,89,20,0.5695038256398303,0.5852834081731907,0.47383963945058494,0.5166660343582967,0.4833339656417033,1.033572959615881,2.485694501845265,0.41580852307015365,0.6235463247999383,0.4464386766838193,0.3341210117244627,0.5571972599840236,6.756443659902855,3.858844351608588,6.666865714220159e-10
110,109,0,local_loglinear,91,90,19,0.5407648158065264,0.554841194778766,0.46258061766591485,0.5129400493671779,0.48705995063282215,1.032673579572906,2.532315587513868,0.4077981372719607,0.6151535798377811,0.4387404098732406,0.33796404324188484,0.5487296391558104,7.079409848268371,3.960237836626124,1.4520298495801826e-9
110,109,0,local_loglinear,92,91,18,0.5128187261755297,0.5252131502590425,0.4515860904017211,0.5094194114608691,0.4905805885391309,1.0317549421108874,2.5803126937493146,0.39985655405651604,0.6065374503303612,0.43100774509058637,0.34164041476530055,0.539966237456036,7.428808930873719,4.069439763588137,1.3167008262933096e-9
110,109,0,local_loglinear,93,92,17,0.4856890393918538,0.49642391990372453,0.44086551904316185,0.506106586209963,0.49389341379003704,1.0308180786167545,2.629674899889064,0.3919944928022246,0.5977007173549493,0.4232430045307979,0.3451436631290905,0.5309042961534849,7.807339208442483,4.187181438613844,1.0822694258146716e-9
110,109,0,local_loglinear,94,93,16,0.4593973351176931,0.4684961997034326,0.43042772484555325,0.5030035545767799,0.4969964454232201,1.0298641517892337,2.6803820013027133,0.3842229022910546,0.5886473083298553,0.415448799072185,0.34846782745889215,0.5215423232269611,8.218006728989234,4.3142701488488635,1.1503684401894813e-9
110,109,0,local_loglinear,95,94,15,0.4339630833533361,0.4414505244700159,0.42028081654619814,0.5001117719037634,0.49988822809623656,1.028894449061942,2.7324037313172,0.37655286342547434,0.5793823428645812,0.4076280374588581,0.3516075243255117,0.5118802362981966,8.664162856309815,4.451597585165146,3.5912906096658087e-12
110,109,0,local_loglinear,96,95,14,0.40940344572280024,0.41530506451156096,0.4104321167980007,0.49743213155634103,0.502567868443659,1.027910368475092,2.7856990767804057,0.36899548018054695,0.5699121649057142,0.39978393310623295,0.3545580183671586,0.5019195030017461,9.14954668890248,4.600149214400285,7.359849888045496e-11
110,109,0,local_loglinear,97,96,13,0.38573308891575603,0.39007543483813284,0.40088809214482013,0.49496493359576577,0.5050350664042342,1.0269134073224508,2.840215734894648,0.3615617626174943,0.5602443598036208,0.3919200081666603,0.3573152871775471,0.49166327265732784,9.67833297923852,4.761014748532478,1.2475617636398095e-9
110,109,0,local_loglinear,98,97,12,0.362964014805069,0.36577452212723155,0.39165428379892864,0.49270986871415456,0.5072901312858454,1.0259051322676684,2.8958897158350747,0.35426250062559195,0.5503877497236773,0.3840400945263307,0.3598760693626317,0.4811164980621531,10.255186490252585,4.935399797136231,3.2093977750043814e-12
110,109,0,local_loglinear,99,98,11,0.34110541092955227,0.3424123335118986,0.38273523810683135,0.4906660243445237,0.5093339756554762,1.0248871371631687,2.9526452465275503,0.34710811885325005,0.5403523633940406,0.3761483313592542,0.3622378876685668,0.47028604447072325,10.885323871483576,5.12463881292978,8.546746296200852e-10
110,109,0,local_loglinear,100,99,10,0.32016352477790394,0.3199958709452863,0.3741344351132727,0.4888319155162669,0.5111680844837331,1.023860993216664,3.0103948571079453,0.34010853785482364,0.5301493793476592,0.3682491588842981,0.3643990434089751,0.4591807829176014,11.574584274616885,5.330209438565998,1.9213621387834445e-12
110,109,0,local_loglinear,101,100,9,0.3001415647485545,0.2985290359175325,0.36585420387421924,0.48720557614834353,0.5127944238516564,1.0228281392151735,3.069039965095024,0.3332729944373678,0.5197910250214941,0.3603473080564694,0.3663585448589488,0.447811671824296,12.329510980190934,5.553748221728706,5.3148314568943176e-11
110,109,0,local_loglinear,102,101,8,0.28103962849269254,0.27801256644869193,0.3578956139683662,0.48578472694068453,0.5142152730593155,1.0217897363349082,3.12847198151941,0.32660984096097095,0.5092904269525431,0.35244778575091507,0.36811595148218934,0.43619182889602914,13.157446589845385,5.797067627169105,1.4692446802795888e-10
110,109,0,local_loglinear,103,102,7,0.2628546581872024,0.2584440096893296,0.3502583159960011,0.48456708580593544,0.5154329141940646,1.020746405125359,3.188574195123945,0.3201262829907839,0.498661383938348,0.3445558550777037,0.3696710650398153,0.4243366065347516,14.066646503247805,6.06217391618471,3.1122759034361774e-10
110,109,0,local_loglinear,104,103,6,0.24558041876230519,0.23981773139900575,0.3429402899320434,0.48355090516171906,0.5164490948382809,1.0196978034140278,3.24922486698885,0.31382801903735613,0.48791803129754785,0.3366770102114337,0.37102337899672766,0.41226369092045306,15.066417855264838,6.351284996902519,5.968352173970134e-10
110,109,0,local_loglinear,105,104,5,0.2292074910843047,0.2221249637925528,0.3359374287969827,0.48273589030601805,0.517264109693982,1.018641917234291,3.3103021717443193,0.30771871097723125,0.47707433759750123,0.3288169448979209,0.37217112533411123,0.39999326289380355,16.16729634733804,6.666846326463061,1.0902675546460277e-9
110,109,0,local_loglinear,106,105,4,0.2137232653409676,0.20535389296444914,0.3292428361578718,0.4821247539407999,0.5178752460592001,1.0175738751732437,3.371692231644607,0.3017991575930116,0.46614334024054405,0.3209815132950814,0.37310965341953795,0.3875482849178101,17.381282566017013,7.011541091078201,1.938289600239085e-9
110,109,0,local_loglinear,107,106,3,0.1991119095563167,0.18948978784811427,0.3228456342380715,0.4817258333754044,0.5182741666245956,1.0164839666832013,3.43330198684426,0.29606599436291026,0.45513596849877264,0.3131766809935175,0.37382869887391423,0.3749550210299906,18.722176093801593,7.388287438894373,3.3887391670333972e-9
110,109,0,local_loglinear,108,107,2,0.18535427170582608,0.17451517500469443,0.31672894262762835,0.4815574844570098,0.5184425155429901,1.0153543326505514,3.4950805383197343,0.29050956666614747,0.4440592098658006,0.3054084627529715,0.3743078063046025,0.3622439666047778,20.20607626376524,7.800209137486754,5.858145747686862e-9
110,109,0,local_loglinear,109,108,1,0.17242764730690177,0.1604100683777018,0.3108664616662081,0.4816554417249836,0.5183445582750164,1.0141534618131964,3.557054413161431,0.2851104717602111,0.43291323154716566,0.2976828414163837,0.37450868968835205,0.3494514782091137,21.85217414666386,8.250554232972544,1.0042941848048497e-8
110,109,0,local_loglinear,110,109,0,0.16030530103919957,0.14715227266212624,0.3052167192729257,0.48208512496150857,0.5179148750384914,1.0128270884195754,3.61938639715863,0.2798339213560307,0.42168684713708754,0.290005659270962,0.3743625326538814,0.33662258218511676,23.68406238958881,8.74251451754193,3.557468629190092e-7
111,110,0,local_loglinear,1,0,110,1.8905489305118306,1.9413556198342408,0.9038178660077935,0.8825268256025048,0.11747317439749516,,,,0.9932766422755183,0.9337836851161863,0.061764406780686135,0.7466805409386618,1.0667190368697315,2.3249284524801364,9.444954717907831e-12
111,110,0,local_loglinear,2,1,109,1.9730369965815278,2.0276623268270644,0.9344461533419904,0.8969721907464306,0.10302780925356936,1.0410485222195913,1.0940509703533396,0.9515539498889797,0.9850947192320787,0.9334988401525799,0.053798077696574825,0.750253589602985,1.083364371299011,2.3054292629678668,1.0337757456800832e-9
111,110,0,local_loglinear,3,2,108,2.051702867258132,2.110129678780688,0.9637229365529928,0.9105977686669502,0.08940223133304981,1.0419289427183027,1.096424269484925,0.9502972268278748,0.9771604547428103,0.9328681467363176,0.04638700160438913,0.7534054885661245,1.10050617573145,2.2884313376320096,1.1128440389470764e-11
111,110,0,local_loglinear,4,3,107,2.126174026037522,2.188356539664401,0.9915254772824805,0.9233037039377787,0.07669629606222128,1.0427915173281632,1.0987247394364401,0.9490925978994827,0.9695114709625504,0.9319032261304545,0.03956333177575462,0.7561709199883961,1.1180545029724822,2.2736719496259354,8.270892818756261e-10
111,110,0,local_loglinear,5,4,106,2.196164190831236,2.262029823537337,1.01775798962433,0.9350165022328139,0.06498349776718615,1.0436295525569184,1.101031987877902,0.9478648795375877,0.9621723309417423,0.9306175157916621,0.03334521154070946,0.7585831856939277,1.1359354436448321,2.260913731007415,9.838129220639274e-12
111,110,0,local_loglinear,6,5,105,2.2614673298440646,2.3309189243458075,1.042350532179529,0.9456855065393132,0.05431449346068684,1.0444387180030943,1.103404488672037,0.9465601497235987,0.9551573234048734,0.9290256677546951,0.027739695585295827,0.7606735474154225,1.1540886322725397,2.2499446748777023,5.682049252982957e-11
111,110,0,local_loglinear,7,6,104,2.3219506375199512,2.3948690328421343,1.065257221198012,0.9552798427877041,0.04472015721229594,1.045216242404463,1.1058860590689237,0.9451391794236558,0.9484726569064315,0.9271430686002351,0.022745072521321373,0.7624709205032096,1.1724653386413668,2.240576762030441,9.714246345858652e-10
111,110,0,local_loglinear,8,7,103,2.377546816451963,2.453793661750894,1.086453993967009,0.9637856695346951,0.03621433046530487,1.0459604020390112,1.108510140541346,0.9435731472228226,0.9421182211139875,0.9249854571377998,0.018352751447243874,0.7640017838919609,1.191026930560612,2.23264395842543,1.7759978672646197e-10
111,110,0,local_loglinear,9,8,102,2.4282460089513798,2.5076667129567576,1.1059361178941423,0.9712036439649635,0.028796356035036497,1.046670200894807,1.1113027184861686,0.941840763532546,0.9360890217914465,0.9225686220287679,0.014548820535427429,0.7652902171547363,1.2097435721445462,2.2260000116478373,1.1644717364631828e-9
111,110,0,local_loglinear,10,9,101,2.474087694929311,2.5565144100104495,1.12371558705242,0.9775466019848155,0.022453398015184534,1.0473451442894657,1.1142843337639474,0.9399262939932329,0.9303763447805233,0.9199081656563604,0.011315330974757537,0.7663580145504303,1.228593115731806,2.220516245849031,1.092321152879845e-9
111,110,0,local_loglinear,11,10,100,2.5151528043048246,2.6004073534268817,1.1398185288015383,0.9828374324929062,0.017162567507093773,1.0479850949615181,1.1174714905964716,0.9378181938244673,0.9249687044597766,0.917019322604318,0.008631360346823602,0.7672248380872287,1.2475601341951,2.2160794868709153,8.452048273481325e-10
111,110,0,local_loglinear,12,11,99,2.5515562398221308,2.6394529082050653,1.1542827129254905,0.9871071334618566,0.012892866538143366,1.048590183829948,1.1208776455020113,0.9355081600903125,0.9198526203455146,0.9139168232627184,0.006473897615549035,0.767908385944571,1.2666350541007503,2.2125901787888487,1.2469424294955483e-11
111,110,0,local_loglinear,13,12,98,2.583439958671781,2.673788094953049,1.167155209648707,0.9903930963348889,0.009606903665111077,1.0491607191201866,1.1245138949771696,0.9329904448548296,0.9150132310713087,0.9106147948069645,0.004818555272386435,0.7684245691783825,1.285813424410229,2.209960675739565,1.0013566397237803e-9
111,110,0,local_loglinear,14,13,97,2.610966682997176,2.7035730637713806,1.1784902553318153,0.9927375576050271,0.007262442394972868,1.0496971581624457,1.1283894691283323,0.9302613919051589,0.910434798279956,0.9071266921607062,0.0036401627010305276,0.7687876791321783,1.3050952442116197,2.2081137549227723,1.4784707207951183e-11
111,110,0,local_loglinear,15,14,96,2.6343143004884677,2.728985232634596,1.1883473402202525,0.9941862480002644,0.00581375199973555,1.0502000683238035,1.132512069266728,0.9273190960373434,0.9061011050832387,0.9034652537332966,0.0029132429449762742,0.7690105460801548,1.3244843778729691,2.2069813118898507,9.753936604808838e-10
111,110,0,local_loglinear,16,15,95,2.653670963469194,2.750214112094096,1.1967895268152717,0.9947872270727991,0.005212772927200904,1.050670099898769,1.1368881106313415,0.9241631520935745,0.90199576856661,0.8996424769513804,0.0026123923150928874,0.769104686155924,1.3439880465208411,2.206503224177705,1.4560013574477285e-11
111,110,0,local_loglinear,17,16,94,2.66923086999037,2.767456809757923,1.2038820019405945,0.9945898805940098,0.0054101194059902324,1.0511079740968912,1.1415228925893788,0.9207944763268001,0.8981024864273935,0.8956696094625236,0.0027125836801961956,0.7690804337410642,1.363616375395766,2.206626374524135,8.366293475739424e-10
111,110,0,local_loglinear,18,17,93,2.681190698016173,2.7809141950040335,1.209690855037598,0.9936440690490254,0.006355930950974642,1.0515144750126741,1.146420731670629,0.9172151601623149,0.8944052297414763,0.8915571527723232,0.003189405791892738,0.7689470594029539,1.383381990669077,2.2073038149171516,1.2587438538043346e-11
111,110,0,local_loglinear,19,18,92,2.6897466510446773,2.7907876904815625,1.2142820660554616,0.991999421910931,0.008000578089068955,1.0518904384722203,1.1515850549406408,0.9134283516092007,0.890888388499917,0.8873148756284592,0.004019245441944999,0.768712875284293,1.4032996695245759,2.208494047472052,5.651758404824918e-11
111,110,0,local_loglinear,20,19,91,2.6950920610690368,2.7972766414121635,1.2177206840593102,0.9897047649025212,0.010295235097478761,1.0522367415010072,1.1570184800012775,0.9094381461390707,0.8875368778889198,0.8829518348015106,0.005179421144634225,0.7683853291235488,1.4233860407561374,2.2101604049023917,1.0980324700774434e-9
111,110,0,local_loglinear,21,20,90,2.697415489229646,2.8005762043605276,1.2200701821644504,0.9868076541365154,0.013192345863484611,1.0525543017221206,1.16272290082301,0.9052494803164978,0.8843362177360631,0.8784764013009672,0.006648282358871951,0.7679710860282848,1.4436593163528533,2.2122705262545064,1.639147976025784e-11
111,110,0,local_loglinear,22,21,89,2.6968992709368322,2.8008757065081418,1.2213919619792721,0.98335402127347,0.016645978726529953,1.0528440639019747,1.1686995472760926,0.9008680343513915,0.8812725831013382,0.8738962906210428,0.008405272014265358,0.7674761020334842,1.4641390721291152,2.214795900534966,7.148336689725514e-11
111,110,0,local_loglinear,23,22,88,2.693718442560275,2.798357409910285,1.2217449954110662,0.9793878968878112,0.02061210311218875,1.0531070015756103,1.174949075581554,0.8963001235218331,0.8783328395394929,0.8692185955883189,0.010430968047631356,0.7669056872647447,1.4848460489388682,2.2177114839627685,1.0165037438176229e-9
111,110,0,local_loglinear,24,23,87,2.6880400014823,2.7931956355384853,1.221185575412454,0.9749512233993087,0.02504877660069127,1.0533441007563276,1.1814716316196188,0.8915525964109289,0.8755045566034158,0.8644498209680724,0.01270709683933044,0.7662645636592231,1.505802001632035,2.220995361407165,1.2529830694747781e-9
111,110,0,local_loglinear,25,24,86,2.6800224408851228,2.785556183499662,1.2197671670392802,0.9700837219529282,0.029916278047071754,1.0535563619637673,1.1882669414031217,0.8866327297801567,0.8727760135280297,0.8595959187805147,0.015216534987522679,0.7655569141626112,1.5270295615463696,2.224628464446375,2.0368402200158956e-11
111,110,0,local_loglinear,26,25,85,2.6698155198741276,2.7755960133719495,1.217540328485597,0.9648228366255314,0.035177163374468634,1.0537447764656567,1.1953343825709055,0.8815481189449932,0.8701361848363252,0.8546623238634219,0.017943285616548205,0.7647864297537283,1.5485521560731415,2.2285943109351396,2.3393127007965724e-10
111,110,0,local_loglinear,27,26,84,2.6575602137487992,2.7634631202862727,1.214552704616697,0.9592036994203129,0.040796300579687084,1.0539103379665822,1.2026730812300348,0.8763065827404191,0.8675747288852295,0.8496539887810564,0.02087245633234866,0.763956347676231,1.5703939191064429,2.2328787979756015,7.77907948102002e-10
111,110,0,local_loglinear,28,27,83,2.64338882127081,2.749296588373358,1.210849065039857,0.9532591536876046,0.04674084631239539,1.0540540205558653,1.2102819863448662,0.870916061255427,0.8650819609443002,0.844575418097971,0.02399021768934556,0.7630694883166896,1.592579652968455,2.237470008542796,1.2580438210926672e-11
111,110,0,local_loglinear,29,28,82,2.627425185172805,2.7332267716274523,1.206471381240395,0.9470198024271503,0.05298019757284966,1.0541767753706741,1.2181599496355182,0.8653845299101247,0.8626488236812915,0.8394307013541711,0.027283757629275762,0.7621282878148663,1.6151348057362545,2.2423580453995875,1.0156984245715742e-9
111,110,0,local_loglinear,30,29,81,2.6097850001053065,2.7153755746858566,1.2014589338278037,0.9405140781462354,0.059485921853764556,1.0542795261772477,1.2263058144617776,0.8597199114153824,0.8602668549852647,0.8342235445982875,0.0307412320806823,0.7611348269587651,1.6380854659061022,2.2475348885145134,1.594378244942348e-11
111,110,0,local_loglinear,31,30,80,2.5905761851278806,2.695856808928182,1.1958484408870076,0.9337683306341213,0.06623166936587865,1.0543631638110693,1.2347184832147622,0.8539300076450523,0.8579281533073685,0.8289573003490984,0.03435171218871255,0.7600908571500604,1.6614583755798777,2.2529942711868416,9.933802000504466e-10
111,110,0,local_loglinear,32,31,79,2.5698993008506164,2.6747766031314075,1.189674197087985,0.9268069348697912,0.07319306513020885,1.0544285355359244,1.2433969868180903,0.8480224310614225,0.8556253381315517,0.8236349958775497,0.03810512562630114,0.7589978249224005,1.685280972665961,2.258731566535003,1.5298509722658387e-11
111,110,0,local_loglinear,33,32,78,2.547847990614898,2.6522338446442415,1.1829682214064334,0.9196524036485937,0.08034759635140631,1.0544764436740204,1.2523405528821736,0.8420045499981751,0.8533515112873519,0.8182593596277776,0.04199219896075812,0.757856893585465,1.7095814444189759,2.264743691310252,6.598273630098774e-11
111,110,0,local_loglinear,34,33,77,2.5245094339195178,2.628320637474171,1.1757604113391509,0.912325498945233,0.08767450105476704,1.0545076475064057,1.261548667753159,0.8358834458479535,0.8511002209836261,0.8128328458206417,0.046004403415350836,0.7566689616711355,1.7343887856414864,2.2710290285268,1.3128752212176687e-9
111,110,0,local_loglinear,35,34,76,2.4999648050831755,2.603122771535883,1.1680786930105018,0.9048453564827952,0.09515464351720482,1.0545228518195413,1.271021125335617,0.829665873209693,0.8488654211622583,0.8073576573569754,0.05013389537499913,0.755434681213624,1.759732889130218,2.2775873527422945,1.931549110138174e-11
111,110,0,local_loglinear,36,35,75,2.474289722515171,2.5767201837316507,1.1599491737883663,0.8972295972088372,0.10277040279116278,1.054522715715805,1.2807580817836761,0.8233582365900051,0.8466414374604323,0.8018357668734775,0.05437346518858152,0.7541544720362238,1.7856446282277694,2.2844197780768956,8.608765348626242e-10
111,110,0,local_loglinear,37,36,74,2.447554689480621,2.549187414843034,1.151396284595651,0.8894944507800794,0.11050554921992062,1.0545078397532526,1.2907600929737335,0.8169665652769073,0.8444229278002219,0.796268936221108,0.058716480020051476,0.7528285367911302,1.812155976120209,2.291528703800896,1.2614475306276838e-11
111,110,0,local_loglinear,38,37,73,2.4198255140865865,2.520594045759377,1.1424429187285376,0.8816548671612819,0.11834513283871806,1.054478772237451,1.3010281617382395,0.8104965005742949,0.8422048480250293,0.7906587342041116,0.06315683331970076,0.7514568730111244,1.8393001243634746,2.2989177773180103,5.448759571823818e-11
111,110,0,local_loglinear,39,38,72,2.3911637094104408,2.491005114088969,1.1331105659540632,0.8737246194985693,0.12627538050143072,1.0544360129810508,1.3115637692619455,0.8039532942987684,0.8399824210278591,0.7850065527988443,0.06768889900857303,0.7500392829435828,1.8671116053048455,2.3065918707074005,1.2710894150045375e-10
111,110,0,local_loglinear,40,39,71,2.361626874159826,2.460481513081131,1.123419435197193,0.8657164118733078,0.13428358812669217,1.0543800052368797,1.3223689218554704,0.7973417915459141,0.8377511027411886,0.7793136220114714,0.07230748242850096,0.7485753836797319,1.8956264453304994,2.3145570574239116,1.1491879562896297e-9
111,110,0,local_loglinear,41,40,70,2.331269047414032,2.429080363578103,1.1133885709809368,0.8576419748287315,0.1423580251712685,1.054311141642211,1.3334461586715223,0.7906664508243766,0.83550655271833,0.773581023300363,0.07700777741400261,0.747064615021846,1.9248823195623082,2.3228206030680685,1.0119055430929287e-9
111,110,0,local_loglinear,42,41,69,2.3001410399582802,2.39685536152908,1.1030359652911972,0.849512150247645,0.15048784975235496,1.0542297701180194,1.3447985986155,0.7839313419893301,0.8332446086704797,0.7678097017641483,0.08178532864162866,0.7455062449885094,1.9549187094168172,2.331390971221179,9.371193721720006e-10
111,110,0,local_loglinear,43,42,68,2.268290745522218,2.363857107415891,1.0923786527985146,0.8413369883912729,0.1586630116087271,1.0541361783100593,1.3564299553342805,0.777140149526023,0.8309612539070559,0.7620004772682916,0.08663598588168603,0.7438993777176637,1.9857771110320803,2.3402778185080555,1.3831234525379425e-11
111,110,0,local_loglinear,44,43,67,2.235763422346753,2.3301334013388395,1.0814328097121995,0.8331258113404537,0.16687418865954629,1.0540306197730833,1.3683445753659547,0.7702961949413873,0.8286525995210207,0.7561540543027618,0.09155587666723597,0.7422429553222251,2.017501202782219,2.3494920255772644,1.1246757646876762e-9
111,110,0,local_loglinear,45,44,66,2.2026019602485842,2.2957295262552404,1.0702138370243286,0.8248872952346842,0.17511270476531582,1.0539132939433384,1.3805474581777768,0.7634024369828097,0.8263148564073607,0.7502710311146024,0.0965413669111046,0.7405357627946424,2.0501370781443025,2.3590457144679053,1.577844321254039e-11
111,110,0,local_loglinear,46,45,65,2.1688471221740633,2.26068850336104,1.0587364388765022,0.8166295369506184,0.18337046304938165,1.0537843558006068,1.3930442744516425,0.7564614959674689,0.8239443133502963,0.7443519077995127,0.10158902937951117,0.7387764305148324,2.0837334771990745,2.368952282643393,1.0410353432747577e-9
111,110,0,local_loglinear,47,46,64,2.134537765963627,2.22505132621652,1.0470146968000558,0.8083601113053165,0.1916398886946835,1.053643921556885,1.4058414036646578,0.749475665470026,0.8215373185711012,0.7383970935966704,0.10669561670089617,0.7369634349814186,2.118342027170267,2.379226451011477,1.4103044224536823e-11
111,110,0,local_loglinear,48,47,63,2.0997110497097937,2.188857178044209,1.0350621374103233,0.800086126545826,0.199913873454174,1.0534920674256174,1.418945948918895,0.7424469326885077,0.8190902610525053,0.7324069135344231,0.11185803431910696,0.735095099170542,2.1540175098336416,2.389884318699872,6.604327700206498e-11
111,110,0,local_loglinear,49,48,62,2.0644026206966624,2.1521436325884897,1.0228917911866775,0.791814281975882,0.208185718024118,1.0533288243597358,1.4323657744954479,0.7353769847864257,0.8165995496260814,0.7263816144485105,0.11707331090117126,0.7331695934019601,2.1908181687611727,2.400943420051566,8.932522577146376e-10
111,110,0,local_loglinear,50,49,61,2.028646785784178,2.114946834279477,1.0105162496479996,0.7835509121778053,0.21644908782219474,1.0531541880515245,1.4461095209785888,0.7282672389424906,0.8140615976114487,0.7203213703309581,0.12233857577234813,0.7311849336755373,2.228806021579291,2.412422801817957,1.1939290799316747e-9
111,110,0,local_loglinear,51,50,60,1.9924766688504676,2.0773016645954097,0.9979477179945639,0.7753020257688846,0.22469797423111537,1.0529681212995552,1.4601866431725494,0.721118855745571,0.8114728093798754,0.7142262872233673,0.1276510387632557,0.7291389794439277,2.268047194777253,2.4243431103561504,9.325679003432135e-10
111,110,0,local_loglinear,52,51,59,1.95592435711447,2.039241898325648,0.9851980592463075,0.7670733558061232,0.23292664419387676,1.052770541459089,1.4746074274681809,0.7139327537951153,0.8088295600935604,0.7080964077422509,0.13300796157536063,0.7270294326495547,2.308612329594847,2.436726678933815,1.2171046098574538e-11
111,110,0,local_loglinear,53,52,58,1.919021030745077,2.000800339537533,0.9722788412760359,0.7588703835966338,0.24112961640336616,1.0525613430491794,1.4893830506005876,0.7067096289465213,0.8061281881299666,0.7019317150449906,0.1384066449267081,0.7248538327112195,2.3505769629189897,2.4495976471013226,9.442611259948211e-10
111,110,0,local_loglinear,54,53,57,1.881797087065899,1.9620089539914236,0.9592013747142271,0.7506983794527714,0.2493016205472286,1.052340380154189,1.5045255734385998,0.6994499786062529,0.8033649782998667,0.6957321366701421,0.14384440396500717,0.722609553998281,2.394021997803695,2.462982075217009,1.1596454211020063e-11
111,110,0,local_loglinear,55,54,56,1.8442822517576598,1.922898986921525,0.9459767489929454,0.7425624329405439,0.2574375670594561,1.052107474277221,1.5200479989488322,0.6921541128995867,0.8005361497058349,0.6894975479810768,0.14931854932566946,0.720293801682907,2.439034198441197,2.4769080791962734,5.929253402293958e-11
111,110,0,local_loglinear,56,55,55,1.8065056811038487,1.883501070771543,0.9326158681445393,0.734467476350836,0.265532523649164,1.0518624201757538,1.5359643038789133,0.6848221781713207,0.7976378466891441,0.6832277753876135,0.1548263717461208,0.7179036060202558,2.4857067196478866,2.49140598695247,1.2918908755328262e-9
111,110,0,local_loglinear,57,56,54,1.7684960582251097,1.8438453274285511,0.9191294806096552,0.7264183139087014,0.2735816860912986,1.0516049782769459,1.5522894634538318,0.6774541752909493,0.7946661264165639,0.6769225994636037,0.16036512200531744,0.7154358178599288,2.5341397123196154,2.5065085013042623,1.470347473164701e-11
111,110,0,local_loglinear,58,57,53,1.7302816803509675,1.8039614599539593,0.9055282107887915,0.7184196405251937,0.2815803594748063,1.0513348848642976,1.569039510707816,0.6700499749620871,0.7916169516688158,0.6705817578777684,0.16593199696210245,0.7128871017820645,2.584440962913561,2.522250892895179,1.3252696148715876e-9
111,110,0,local_loglinear,59,58,52,1.691890541738436,1.7638788409526112,0.8918225829785938,0.7104760701092102,0.2895239298907898,1.0510518401319526,1.5862315394418312,0.6626093442208321,0.7884861783741596,0.6642049483185828,0.17152411827968417,0.7102539315085201,2.636726634606661,2.5386711968104136,1.6177954934154564e-11
111,110,0,local_loglinear,60,59,51,1.653350407650279,1.7236265897265632,0.8780230497572914,0.7025921462026401,0.2974078537973599,1.050755526311519,1.6038837705957965,0.6551319650308536,0.7852695525039667,0.6577918312735831,0.1771385224018142,0.7075325818353088,2.691122030864397,2.5558104505037202,1.1493595808870063e-9
111,110,0,local_loglinear,61,60,50,1.6146888865087679,1.6832336489546393,0.8641400145347592,0.6947723659014453,0.3052276340985547,1.0504455935773238,1.622015565957843,0.6476174554816975,0.7819627000067809,0.6513420329636348,0.1827721407128846,0.7047191227260651,2.7477624877494824,2.5737129409444566,1.239252985529971e-11
111,110,0,local_loglinear,62,61,49,1.5759334949635815,1.6427288533857676,0.8501838521935705,0.6870211969257,0.31297880307430004,1.050121665403373,1.6406474918839167,0.6400653830869806,0.7785611204980941,0.6448551482384419,0.18842178358689815,0.7018094129901267,2.8067943421391246,2.592426479514774,1.1980442146242683e-9
111,110,0,local_loglinear,63,62,48,1.5371117178772593,1.6021409925511876,0.8361649317407823,0.6793430884072323,0.32065691159276766,1.049783346239827,1.6598013271413996,0.632475302359121,0.7750601847713936,0.6383307435631629,0.19408412825047894,0.698799092338852,2.8683759831619593,2.612002715947947,1.2455626979637656e-11
111,110,0,local_loglinear,64,63,47,1.4982510656123302,1.5614988709641129,0.8220936364787148,0.6717424836666264,0.32825751633337363,1.0494302191840215,1.6795001079893999,0.624846770888475,0.7714551318290765,0.6317683602193604,0.19975570473091997,0.6956835742937553,2.9326790264134814,2.632497479493704,8.658977929423333e-10
111,110,0,local_loglinear,65,64,46,1.4593791274638752,1.5208313646990972,0.8079803806676898,0.6642238362114548,0.33577616378854525,1.0490618420557407,1.6997681497468722,0.6171793736763252,0.7677410647546723,0.6251675177136231,0.2054328788656833,0.6924580403342968,2.9998896325335918,2.6539711485800916,8.434788582433398e-12
111,110,0,local_loglinear,66,65,45,1.4205236195908277,1.4801674716913131,0.7938356263573495,0.6567916196733968,0.34320838032660317,1.0486777544156847,1.720631072907416,0.6094727515548664,0.7639129507196727,0.6185277173691739,0.2111118391432012,0.6891174334710987,3.070209950019363,2.676489065462767,5.2778842905223896e-11
111,110,0,local_loglinear,67,66,44,1.3817124291298972,1.4395363578446687,0.7796699003999232,0.6494503350939103,0.35054966490608974,1.048277481865335,1.7421158444829334,0.6017266217887295,0.7599656235605415,0.6118484462238225,0.21678858514411992,0.6856564517387957,3.1438597085418327,2.700121998377629,1.0633762512234966e-9
111,110,0,local_loglinear,68,67,43,1.3429736550383,1.3989674002069583,0.7654938076249516,0.6422045215662765,0.3577954784337235,1.04786053228716,1.7642507500795763,0.5939408172222097,0.7558937857085981,0.6051291813047801,0.22245891315881833,0.6820695437774834,3.2210780074870518,2.724946642594806,1.120910461193983e-9
111,110,0,local_loglinear,69,68,42,1.3043356435946467,1.358490224024169,0.7513180455130584,0.6350587607459588,0.3649412392540412,1.0474264050878317,1.787065425719942,0.5861153094973356,0.7516920150109175,0.5983693942574035,0.22811840616068135,0.6783509038490865,3.3021252810642525,2.7510461851406567,1.0589988379802436e-11
111,110,0,local_loglinear,70,69,41,1.2658270202004456,1.318134736320601,0.7371534148855747,0.6280176828285253,0.3719823171714747,1.0469745896692455,1.8105908378228188,0.578250241743298,0.7473547724186761,0.5915685564528439,0.23376242258741697,0.6744944694916082,3.387285495146625,2.7785109190350985,7.366088177138762e-11
111,110,0,local_loglinear,71,70,40,1.2274767157671749,1.277931153901198,0.7230108296159579,0.6210859728580516,0.37891402714194844,1.0465045677876696,1.834859264676948,0.570345959460777,0.7428764113245999,0.5847261445807799,0.2393860847958288,0.6704939203918965,3.4768686007252527,2.8074389251420704,7.71024913029833e-10
111,110,0,local_loglinear,72,71,39,1.1893139869606804,1.2379100246490382,0.7089013253510935,0.6142683714668951,0.38573162853310494,1.0460158218845719,1.8599042570794382,0.5624030473090613,0.7382511922014237,0.5778416467501073,0.24498427194871658,0.6663426786392924,3.571213245193554,2.8379368304776946,1.3273916547272787e-9
111,110,0,local_loglinear,73,72,38,1.1513684309074197,1.1981022430714825,0.6948360662406167,0.6075696730446248,0.39243032695537516,1.0455078403891211,1.8857606056449023,0.5544223573551494,0.733473301158861,0.5709145692083868,0.2505516153174689,0.6620339114421869,3.6706897857761445,2.8701206463033957,1.0849533883754398e-11
111,110,0,local_loglinear,74,73,37,1.113669993776302,1.1585390602533152,0.680826347155397,0.6009947318126884,0.39900526818731163,1.0449801114765351,1.9124642199491773,0.5464050519618636,0.7285368664449248,0.5639444437405692,0.25608248767889025,0.6575605379672339,3.7757037028801674,2.9041166855582112,8.962615935132214e-10
111,110,0,local_loglinear,75,74,36,1.076248969978888,1.1192520830337287,0.6668835966230136,0.5945484524032025,0.40545154759679747,1.044432144499379,1.9400520672382655,0.5383526360641269,0.7234359867629847,0.5569308356457294,0.2615710057516927,0.6529152373331037,3.8866993314332405,2.9400625953169714,1.1083675681666006e-9
111,110,0,local_loglinear,76,75,35,1.0391359947836767,1.0802732669249193,0.653019376357213,0.5882357853298833,0.4117642146701167,1.0438634686861643,1.9685620223786588,0.5302669953090124,0.7181647598681352,0.5498733525355193,0.2670110296988083,0.6480904612026918,4.004164062736902,2.9781084943003377,1.0387712849742167e-9
111,110,0,local_loglinear,77,76,34,1.002362027720679,1.0416348999986111,0.6392453741536555,0.5820617246580991,0.41793827534190087,1.043273632285086,1.9980327024810751,0.5221504287640495,0.7127173130069409,0.5427716538836438,0.2723961617811288,0.6430784526622387,4.128633066755216,3.0184182181520662,3.304109427944053e-11
111,110,0,local_loglinear,78,77,33,0.9659583244634827,1.0033695741211146,0.6255733973466365,0.5760312951795289,0.4239687048204711,1.0426622215269705,2.0285032736139326,0.5140056883760353,0.7070878428822205,0.5356254612887674,0.2777197549690958,0.637871267679941,4.26069451856682,3.0611707200145926,6.095669411326259e-12
111,110,0,local_loglinear,79,78,32,0.9299563986324695,0.9655101461183356,0.6120153611399733,0.5701495400864797,0.42985045991352033,1.0420288640083681,2.0600132308224914,0.5058360055252278,0.701270658859334,0.5284345695866748,0.28297492280470704,0.6324608032681371,4.400995459852234,3.106561615190528,5.8095967748692394e-11
111,110,0,local_loglinear,80,79,31,0.8943879716697631,0.928089686802945,0.5985832719588677,0.5644215076032975,0.43557849239670254,1.041373234418385,2.092602065567231,0.4976451335653753,0.6952602303049518,0.5211988587713625,0.28815455194524553,0.6268388325747102,4.550248368290075,3.1548048898185987,1.5682467411664172e-10
111,110,0,local_loglinear,81,80,30,0.8592849094905549,0.891141416248114,0.585289206981783,0.5588522331925541,0.44114776680744594,1.0406950654160345,2.126308964127959,0.4894373691562006,0.6890512400471417,0.5139183066918436,0.29325132054083475,0.6209970466656487,4.709238500217125,3.206134800123606,5.240108277325252e-10
111,110,0,local_loglinear,82,81,29,0.8246791455390562,0.8546986251451659,0.5721452883443917,0.5534467193663988,0.4465532806336012,1.0399941554155625,2.161172410308898,0.48121757915043684,0.6826386426597089,0.5065930025205274,0.29825772101726045,0.6149271044896688,4.878832118169664,3.2608079766317073,4.650166894547593e-12
111,110,0,local_loglinear,83,82,28,0.7906025893426996,0.818794581104514,0.5591636537708875,0.5482099119280056,0.4517900880719944,1.039270379728404,2.197229741655443,0.47299122163956964,0.6760177280595759,0.49922316093832275,0.30316608854992366,0.608620690455736,5.059985705905289,3.319105767784002,5.1714762116445114e-11
111,110,0,local_loglinear,84,83,27,0.757087020411432,0.7834624201608562,0.5463564189343431,0.5431466739498708,0.4568533260501292,1.0385236957288697,2.2345166318175136,0.46476436153628187,0.6691841893049777,0.4918091369738883,0.30796863432388744,0.6020695829291548,5.253756306467784,3.381336824605076,1.3979491363533293e-10
111,110,0,local_loglinear,85,84,26,0.7241639665956493,0.7487350220796416,0.5337356369120118,0.5382617562868142,0.46173824371318584,1.0377541548495761,2.273066567574861,0.45654367085111724,0.6621341948448513,0.4843514413904334,0.31265748484449857,0.5952657307827213,5.461313115583148,3.4478399856564845,2.1721216461846208e-10
111,110,0,local_loglinear,86,85,25,0.6918645673144809,0.7146448701759118,0.5213132512616011,0.5335597647165098,0.4664402352834902,1.03696191058297,2.312910167578504,0.4483364400047646,0.6548644645613393,0.4768507565020258,0.31722472740895086,0.5882013404549505,5.683950489135283,3.5189874763549067,9.431568311028158e-10
111,110,0,local_loglinear,87,86,24,0.6602194218905224,0.6812238958111344,0.509101043817028,0.5290451236626488,0.4709548763373512,1.036147227199202,2.3540745336266853,0.4401505612496111,0.6473723488709652,0.469307952270413,0.32166246191904824,0.5808689730707285,5.9231025420037815,3.5951884645833214,4.50287911996276e-12
111,110,0,local_loglinear,88,87,23,0.6292584237045408,0.6485033084717747,0.4971105770390482,0.5247220405856197,0.47527795941438034,1.0353104829857318,2.396582500373659,0.43199451002596956,0.6396559075079291,0.4617241025034424,0.32596285528239105,0.5732616517796102,6.180359583446696,3.6768930111411673,1.2259170697365e-9
111,110,0,local_loglinear,89,88,22,0.5990105809520938,0.6165134117640013,0.4853531321985815,0.5205944604848175,0.4794055395151825,1.034452185434447,2.440451853197538,0.423877317669301,0.631713993211066,0.4541005008958443,0.3301182081759488,0.5653729781882812,6.4574865073885865,3.76459646901566,5.412341755904584e-12
111,110,0,local_loglinear,90,89,21,0.5695038264472547,0.5852834086330112,0.4738396422048571,0.5166660281121181,0.48333397188788185,1.0335729640026468,2.485694488643975,0.41580852704327853,0.6235463286134723,0.44643867675595683,0.33412101767875746,0.5571972586351615,6.756443578626168,3.8588443674487305,8.29929347549936e-11
111,110,0,local_loglinear,91,90,20,0.5407648174069493,0.5548411957633638,0.4625806228973316,0.5129400384280977,0.48705996157190234,1.0326735873584703,2.5323155620643365,0.4077981444447775,0.6151535865058974,0.43874041001878816,0.33796405374990374,0.5487296366196308,7.07940969685157,3.9602378675908714,1.293798102705168e-9
111,110,0,local_loglinear,92,91,19,0.5128187290937235,0.5252131520716199,0.4515861002485979,0.5094193924978256,0.49058060750217436,1.0317549560167782,2.5803126460836276,0.39985656683222687,0.6065374618421926,0.43100774536172126,0.3416404331158172,0.5399662326138621,7.428808652072105,4.069439825169309,1.3267615771293252e-9
111,110,0,local_loglinear,93,92,18,0.48568904451231715,0.49642392310311395,0.4408655363678126,0.5061065528324536,0.49389344716754635,1.030818102875003,2.629674811176413,0.3919945152510532,0.5977007374799224,0.42324300501414847,0.3451436956577255,0.5309042876098136,7.80733868807028,4.187181552019008,1.207959971335441e-9
111,110,0,local_loglinear,94,93,17,0.4593973438961499,0.46849620512800716,0.43042775524024246,0.5030034958136285,0.49699650418637153,1.0298641948842981,2.680381840561985,0.38422294141060537,0.5886473434686987,0.4154487999188784,0.34846788511509186,0.5215423081005018,8.21800575717427,4.314270358841431,4.012763422683968e-12
111,110,0,local_loglinear,95,94,16,0.43396309820367607,0.44145053351187025,0.42028086936561065,0.5001116694989121,0.49988833050108794,1.0288945238113132,2.732403440457684,0.3765529308654988,0.5793824035384251,0.40762803892677935,0.35160762544597335,0.5118802097623989,8.66416105754314,4.4515979712756755,7.835764723338117e-11
111,110,0,local_loglinear,96,95,15,0.40940347057107856,0.41530507921155946,0.4104322088589347,0.49743195196762463,0.5025680480323753,1.0279105016426782,2.7856985557814546,0.3689955969964327,0.5699122701739262,0.3997839356239594,0.3545581967789605,0.5019194561225795,9.149543337027895,4.600149930945225,1.6580711692448614e-10
111,110,0,local_loglinear,97,96,14,0.3857331303176827,0.39007545851208614,0.4008882523685441,0.4949646191164655,0.5050353808835345,1.0269136418016624,2.8402147976577687,0.3615619644854059,0.5602445419785066,0.3919200124667447,0.3573156013760582,0.4916631899718609,9.678326735007113,4.761016079244818,1.311753668314976e-9
111,110,0,local_loglinear,98,97,13,0.36296408356842425,0.36577455993685487,0.39165456221664735,0.4927093187882728,0.5072906812117273,1.02590554434934,2.895888033076626,0.3542628487812789,0.5503880642224492,0.38404010184339143,0.3598766217227154,0.48111635254179913,10.25517485929303,4.935402268934562,3.345969912880993e-12
111,110,0,local_loglinear,99,98,12,0.3411055248453068,0.34241239340482615,0.3827357213445144,0.490665064435026,0.509334935564974,1.0248878597803455,2.9526422313016583,0.3471087180543809,0.5403529047817595,0.37614834376817563,0.3622388565947037,0.47028578885541095,10.88530221732375,5.124643406894667,1.2019823821982392e-9
111,110,0,local_loglinear,100,99,11,0.32016371308878006,0.31999596502983024,0.37413527268767055,0.48883024259672603,0.511169757403274,1.0238622579930636,3.010389465259135,0.34010956715360724,0.5301503088558756,0.3682491798580184,0.36440073974712195,0.4591803349801316,11.574543968885173,5.330217978213537,2.6971674964465723e-12
111,110,0,local_loglinear,101,100,10,0.30014187547384036,0.2985291824577561,0.3658556532518979,0.48720266613823493,0.5127973338617651,1.0228303469091853,3.0690303433924178,0.33327475862574174,0.5197926161733775,0.36034734339138697,0.36636150793398303,0.4478108890761713,12.329435996389574,5.5537640928594145,7.312515978272302e-11
111,110,0,local_loglinear,102,101,9,0.28104014039122877,0.27801279254072614,0.3578981180464434,0.4857796743251532,0.5142203256748468,1.0217935816021717,3.1284548528475526,0.32661285831634246,0.509293142805912,0.3524478450823202,0.3681211157490729,0.43619046497885267,13.15730715322883,5.797097119413681,1.3267685662097412e-10
111,110,0,local_loglinear,103,102,8,0.26285550038442623,0.25844435489671663,0.35026263521396384,0.48455832983929775,0.5154416701607023,1.0207530865498236,3.1885437751444967,0.32013143257020693,0.4986660056163395,0.34455595436777386,0.3696800449976445,0.4243342370111298,14.066387343113261,6.06222870755913,2.3506200135023424e-10
111,110,0,local_loglinear,104,103,7,0.24558180290024814,0.23981825233572668,0.3429477273939731,0.48353576168750134,0.5164642383124987,1.0197093839313407,3.2491709755548546,0.3138367884002186,0.4879258720468088,0.33667717580565615,0.37103895682718024,0.4122595871876332,15.065936443347626,6.351386758125704,4.1106284406045345e-10
111,110,0,local_loglinear,105,104,6,0.2292097640545943,0.22212573943396619,0.3359502131017379,0.48270975375101655,0.5172902462489835,1.0186619372923207,3.310206943673378,0.3077336114103787,0.4770875976491156,0.328817220115044,0.37219808247502506,0.3999861787854381,16.166402635996757,6.66703524767096,7.131269887972662e-10
111,110,0,local_loglinear,106,105,5,0.2137269958714871,0.20535502982992962,0.32926477088650585,0.48207974058726805,0.5179202594127319,1.0176083927602366,3.3715244076880393,0.30182441818893513,0.46616569275419323,0.32098196908686505,0.3731561842945942,0.38753609700499775,17.379624567861573,7.0118916584318,1.2302368333951556e-9
111,110,0,local_loglinear,107,106,4,0.19911803055662244,0.18949142291280258,0.32288319729265097,0.48164848071569266,0.5183515192843073,1.0165433148140752,3.4330070383421267,0.29610871852595616,0.45517352294390173,0.31317743311155866,0.3739088064800684,0.37493412462833314,18.719102455288102,7.388937600718144,2.112691950544329e-9
111,110,0,local_loglinear,108,107,3,0.18536431456843996,0.17451747170682305,0.31679314269307446,0.4814248599978031,0.518575140002197,1.0154560766571474,3.494563645264227,0.2905816518847142,0.44412208856143653,0.30540969926718786,0.37444534736640545,0.3622082650444841,20.200382733318403,7.801414180377373,3.613209824588825e-9
111,110,0,local_loglinear,109,108,2,0.17244412801701725,0.1604131964125259,0.310975966100649,0.4814285781862663,0.5185714218137337,1.0143273504050114,3.55615123350047,0.2852317811598148,0.4330181357906812,0.29768486661022575,0.3747441788015957,0.349390696018662,21.84163626501896,8.252786235892833,6.154650040149157e-9
111,110,0,local_loglinear,110,109,1,0.1603323570555059,0.1471563536342558,0.3054031127715568,0.48169797116830054,0.5183020288316995,1.0131232894962439,3.61781307503969,0.28003748908036913,0.42186120684688744,0.29000896328018,0.3747645358452818,0.3365194538380642,23.664574801177874,8.746645868690761,1.0440829509412929e-8
111,110,0,local_loglinear,111,110,0,0.14900000142649383,0.13472278168857513,0.3000300261860325,0.4823030475451588,0.5176969524548412,1.0117859436860586,3.6797419714284665,0.2749611118230896,0.410639016287486,0.2823878369164171,0.3744330884075312,0.3236413395023506,25.69596854798091,9.286500458451375,3.7289485329524903e-7
112,111,0,local_loglinear,1,0,111,1.8905489305118306,1.9413556198342408,0.9038178660077935,0.8825268256025048,0.11747317439749516,,,,0.9932766422755183,0.9337836851161863,0.061764406780686135,0.7466805409386618,1.0667190368697315,2.3249284524801364,9.444954717907831e-12
112,111,0,local_loglinear,2,1,110,1.9730369965815278,2.0276623268270644,0.9344461533419904,0.8969721907464306,0.10302780925356936,1.0410485222195913,1.0940509703533396,0.9515539498889797,0.9850947192320787,0.9334988401525799,0.053798077696574825,0.750253589602985,1.083364371299011,2.3054292629678668,1.0337757456800832e-9
112,111,0,local_loglinear,3,2,109,2.051702867258132,2.110129678780688,0.9637229365529928,0.9105977686669502,0.08940223133304981,1.0419289427183027,1.096424269484925,0.9502972268278748,0.9771604547428103,0.9328681467363176,0.04638700160438913,0.7534054885661245,1.10050617573145,2.2884313376320096,1.1128440389470764e-11
112,111,0,local_loglinear,4,3,108,2.126174026037522,2.188356539664401,0.9915254772824805,0.9233037039377787,0.07669629606222128,1.0427915173281632,1.0987247394364401,0.9490925978994827,0.9695114709625504,0.9319032261304545,0.03956333177575462,0.7561709199883961,1.1180545029724822,2.2736719496259354,8.270892818756261e-10
112,111,0,local_loglinear,5,4,107,2.196164190831236,2.262029823537337,1.01775798962433,0.9350165022328139,0.06498349776718615,1.0436295525569184,1.101031987877902,0.9478648795375877,0.9621723309417423,0.9306175157916621,0.03334521154070946,0.7585831856939277,1.1359354436448321,2.260913731007415,9.838129220639274e-12
112,111,0,local_loglinear,6,5,106,2.2614673298440646,2.3309189243458075,1.042350532179529,0.9456855065393132,0.05431449346068684,1.0444387180030943,1.103404488672037,0.9465601497235987,0.9551573234048734,0.9290256677546951,0.027739695585295827,0.7606735474154225,1.1540886322725397,2.2499446748777023,5.682049252982957e-11
112,111,0,local_loglinear,7,6,105,2.3219506375199512,2.3948690328421343,1.065257221198012,0.9552798427877041,0.04472015721229594,1.045216242404463,1.1058860590689237,0.9451391794236558,0.9484726569064315,0.9271430686002351,0.022745072521321373,0.7624709205032096,1.1724653386413668,2.240576762030441,9.714246345858652e-10
112,111,0,local_loglinear,8,7,104,2.377546816451963,2.453793661750894,1.086453993967009,0.9637856695346951,0.03621433046530487,1.0459604020390112,1.108510140541346,0.9435731472228226,0.9421182211139875,0.9249854571377998,0.018352751447243874,0.7640017838919609,1.191026930560612,2.23264395842543,1.7759978672646197e-10
112,111,0,local_loglinear,9,8,103,2.4282460089513798,2.5076667129567576,1.1059361178941423,0.9712036439649635,0.028796356035036497,1.046670200894807,1.1113027184861686,0.941840763532546,0.9360890217914465,0.9225686220287679,0.014548820535427429,0.7652902171547363,1.2097435721445462,2.2260000116478373,1.1644717364631828e-9
112,111,0,local_loglinear,10,9,102,2.474087694929311,2.5565144100104495,1.12371558705242,0.9775466019848155,0.022453398015184534,1.0473451442894657,1.1142843337639474,0.9399262939932329,0.9303763447805233,0.9199081656563604,0.011315330974757537,0.7663580145504303,1.228593115731806,2.220516245849031,1.092321152879845e-9
112,111,0,local_loglinear,11,10,101,2.5151528043048246,2.6004073534268817,1.1398185288015383,0.9828374324929062,0.017162567507093773,1.0479850949615181,1.1174714905964716,0.9378181938244673,0.9249687044597766,0.917019322604318,0.008631360346823602,0.7672248380872287,1.2475601341951,2.2160794868709153,8.452048273481325e-10
112,111,0,local_loglinear,12,11,100,2.5515562398221308,2.6394529082050653,1.1542827129254905,0.9871071334618566,0.012892866538143366,1.048590183829948,1.1208776455020113,0.9355081600903125,0.9198526203455146,0.9139168232627184,0.006473897615549035,0.767908385944571,1.2666350541007503,2.2125901787888487,1.2469424294955483e-11
112,111,0,local_loglinear,13,12,99,2.583439958671781,2.673788094953049,1.167155209648707,0.9903930963348889,0.009606903665111077,1.0491607191201866,1.1245138949771696,0.9329904448548296,0.9150132310713087,0.9106147948069645,0.004818555272386435,0.7684245691783825,1.285813424410229,2.209960675739565,1.0013566397237803e-9
112,111,0,local_loglinear,14,13,98,2.610966682997176,2.7035730637713806,1.1784902553318153,0.9927375576050271,0.007262442394972868,1.0496971581624457,1.1283894691283323,0.9302613919051589,0.910434798279956,0.9071266921607062,0.0036401627010305276,0.7687876791321783,1.3050952442116197,2.2081137549227723,1.4784707207951183e-11
112,111,0,local_loglinear,15,14,97,2.6343143004884677,2.728985232634596,1.1883473402202525,0.9941862480002644,0.00581375199973555,1.0502000683238035,1.132512069266728,0.9273190960373434,0.9061011050832387,0.9034652537332966,0.0029132429449762742,0.7690105460801548,1.3244843778729691,2.2069813118898507,9.753936604808838e-10
112,111,0,local_loglinear,16,15,96,2.653670963469194,2.750214112094096,1.1967895268152717,0.9947872270727991,0.005212772927200904,1.050670099898769,1.1368881106313415,0.9241631520935745,0.90199576856661,0.8996424769513804,0.0026123923150928874,0.769104686155924,1.3439880465208411,2.206503224177705,1.4560013574477285e-11
112,111,0,local_loglinear,17,16,95,2.66923086999037,2.767456809757923,1.2038820019405945,0.9945898805940098,0.0054101194059902324,1.0511079740968912,1.1415228925893788,0.9207944763268001,0.8981024864273935,0.8956696094625236,0.0027125836801961956,0.7690804337410642,1.363616375395766,2.206626374524135,8.366293475739424e-10
112,111,0,local_loglinear,18,17,94,2.681190698016173,2.7809141950040335,1.209690855037598,0.9936440690490254,0.006355930950974642,1.0515144750126741,1.146420731670629,0.9172151601623149,0.8944052297414763,0.8915571527723232,0.003189405791892738,0.7689470594029539,1.383381990669077,2.2073038149171516,1.2587438538043346e-11
112,111,0,local_loglinear,19,18,93,2.6897466510446773,2.7907876904815625,1.2142820660554616,0.991999421910931,0.008000578089068955,1.0518904384722203,1.1515850549406408,0.9134283516092007,0.890888388499917,0.8873148756284592,0.004019245441944999,0.768712875284293,1.4032996695245759,2.208494047472052,5.651758404824918e-11
112,111,0,local_loglinear,20,19,92,2.6950920610690368,2.7972766414121635,1.2177206840593102,0.9897047649025212,0.010295235097478761,1.0522367415010072,1.1570184800012775,0.9094381461390707,0.8875368778889198,0.8829518348015106,0.005179421144634225,0.7683853291235488,1.4233860407561374,2.2101604049023917,1.0980324700774434e-9
112,111,0,local_loglinear,21,20,91,2.697415489229646,2.8005762043605276,1.2200701821644504,0.9868076541365154,0.013192345863484611,1.0525543017221206,1.16272290082301,0.9052494803164978,0.8843362177360631,0.8784764013009672,0.006648282358871951,0.7679710860282848,1.4436593163528533,2.2122705262545064,1.639147976025784e-11
112,111,0,local_loglinear,22,21,90,2.6968992709368322,2.8008757065081418,1.2213919619792721,0.98335402127347,0.016645978726529953,1.0528440639019747,1.1686995472760926,0.9008680343513915,0.8812725831013382,0.8738962906210428,0.008405272014265358,0.7674761020334842,1.4641390721291152,2.214795900534966,7.148336689725514e-11
112,111,0,local_loglinear,23,22,89,2.693718442560275,2.798357409910285,1.2217449954110662,0.9793878968878112,0.02061210311218875,1.0531070015756103,1.174949075581554,0.8963001235218331,0.8783328395394929,0.8692185955883189,0.010430968047631356,0.7669056872647447,1.4848460489388682,2.2177114839627685,1.0165037438176229e-9
112,111,0,local_loglinear,24,23,88,2.6880400014823,2.7931956355384853,1.221185575412454,0.9749512233993087,0.02504877660069127,1.0533441007563276,1.1814716316196188,0.8915525964109289,0.8755045566034158,0.8644498209680724,0.01270709683933044,0.7662645636592231,1.505802001632035,2.220995361407165,1.2529830694747781e-9
112,111,0,local_loglinear,25,24,87,2.6800224408851228,2.785556183499662,1.2197671670392802,0.9700837219529282,0.029916278047071754,1.0535563619637673,1.1882669414031217,0.8866327297801567,0.8727760135280297,0.8595959187805147,0.015216534987522679,0.7655569141626112,1.5270295615463696,2.224628464446375,2.0368402200158956e-11
112,111,0,local_loglinear,26,25,86,2.6698155198741276,2.7755960133719495,1.217540328485597,0.9648228366255314,0.035177163374468634,1.0537447764656567,1.1953343825709055,0.8815481189449932,0.8701361848363252,0.8546623238634219,0.017943285616548205,0.7647864297537283,1.5485521560731415,2.2285943109351396,2.3393127007965724e-10
112,111,0,local_loglinear,27,26,85,2.6575602137487992,2.7634631202862727,1.214552704616697,0.9592036994203129,0.040796300579687084,1.0539103379665822,1.2026730812300348,0.8763065827404191,0.8675747288852295,0.8496539887810564,0.02087245633234866,0.763956347676231,1.5703939191064429,2.2328787979756015,7.77907948102002e-10
112,111,0,local_loglinear,28,27,84,2.64338882127081,2.749296588373358,1.210849065039857,0.9532591536876046,0.04674084631239539,1.0540540205558653,1.2102819863448662,0.870916061255427,0.8650819609443002,0.844575418097971,0.02399021768934556,0.7630694883166896,1.592579652968455,2.237470008542796,1.2580438210926672e-11
112,111,0,local_loglinear,29,28,83,2.627425185172805,2.7332267716274523,1.206471381240395,0.9470198024271503,0.05298019757284966,1.0541767753706741,1.2181599496355182,0.8653845299101247,0.8626488236812915,0.8394307013541711,0.027283757629275762,0.7621282878148663,1.6151348057362545,2.2423580453995875,1.0156984245715742e-9
112,111,0,local_loglinear,30,29,82,2.6097850001053065,2.7153755746858566,1.2014589338278037,0.9405140781462354,0.059485921853764556,1.0542795261772477,1.2263058144617776,0.8597199114153824,0.8602668549852647,0.8342235445982875,0.0307412320806823,0.7611348269587651,1.6380854659061022,2.2475348885145134,1.594378244942348e-11
112,111,0,local_loglinear,31,30,81,2.5905761851278806,2.695856808928182,1.1958484408870076,0.9337683306341213,0.06623166936587865,1.0543631638110693,1.2347184832147622,0.8539300076450523,0.8579281533073685,0.8289573003490984,0.03435171218871255,0.7600908571500604,1.6614583755798777,2.2529942711868416,9.933802000504466e-10
112,111,0,local_loglinear,32,31,80,2.5698993008506164,2.6747766031314075,1.189674197087985,0.9268069348697912,0.07319306513020885,1.0544285355359244,1.2433969868180903,0.8480224310614225,0.8556253381315517,0.8236349958775497,0.03810512562630114,0.7589978249224005,1.685280972665961,2.258731566535003,1.5298509722658387e-11
112,111,0,local_loglinear,33,32,79,2.547847990614898,2.6522338446442415,1.1829682214064334,0.9196524036485937,0.08034759635140631,1.0544764436740204,1.2523405528821736,0.8420045499981751,0.8533515112873519,0.8182593596277776,0.04199219896075812,0.757856893585465,1.7095814444189759,2.264743691310252,6.598273630098774e-11
112,111,0,local_loglinear,34,33,78,2.5245094339195178,2.628320637474171,1.1757604113391509,0.912325498945233,0.08767450105476704,1.0545076475064057,1.261548667753159,0.8358834458479535,0.8511002209836261,0.8128328458206417,0.046004403415350836,0.7566689616711355,1.7343887856414864,2.2710290285268,1.3128752212176687e-9
112,111,0,local_loglinear,35,34,77,2.4999648050831755,2.603122771535883,1.1680786930105018,0.9048453564827952,0.09515464351720482,1.0545228518195413,1.271021125335617,0.829665873209693,0.8488654211622583,0.8073576573569754,0.05013389537499913,0.755434681213624,1.759732889130218,2.2775873527422945,1.931549110138174e-11
112,111,0,local_loglinear,36,35,76,2.474289722515171,2.5767201837316507,1.1599491737883663,0.8972295972088372,0.10277040279116278,1.054522715715805,1.2807580817836761,0.8233582365900051,0.8466414374604323,0.8018357668734775,0.05437346518858152,0.7541544720362238,1.7856446282277694,2.2844197780768956,8.608765348626242e-10
112,111,0,local_loglinear,37,36,75,2.447554689480621,2.549187414843034,1.151396284595651,0.8894944507800794,0.11050554921992062,1.0545078397532526,1.2907600929737335,0.8169665652769073,0.8444229278002219,0.796268936221108,0.058716480020051476,0.7528285367911302,1.812155976120209,2.291528703800896,1.2614475306276838e-11
112,111,0,local_loglinear,38,37,74,2.4198255140865865,2.520594045759377,1.1424429187285376,0.8816548671612819,0.11834513283871806,1.054478772237451,1.3010281617382395,0.8104965005742949,0.8422048480250293,0.7906587342041116,0.06315683331970076,0.7514568730111244,1.8393001243634746,2.2989177773180103,5.448759571823818e-11
112,111,0,local_loglinear,39,38,73,2.3911637094104408,2.491005114088969,1.1331105659540632,0.8737246194985693,0.12627538050143072,1.0544360129810508,1.3115637692619455,0.8039532942987684,0.8399824210278591,0.7850065527988443,0.06768889900857303,0.7500392829435828,1.8671116053048455,2.3065918707074005,1.2710894150045375e-10
112,111,0,local_loglinear,40,39,72,2.361626874159826,2.460481513081131,1.123419435197193,0.8657164118733078,0.13428358812669217,1.0543800052368797,1.3223689218554704,0.7973417915459141,0.8377511027411886,0.7793136220114714,0.07230748242850096,0.7485753836797319,1.8956264453304994,2.3145570574239116,1.1491879562896297e-9
112,111,0,local_loglinear,41,40,71,2.331269047414032,2.429080363578103,1.1133885709809368,0.8576419748287315,0.1423580251712685,1.054311141642211,1.3334461586715223,0.7906664508243766,0.83550655271833,0.773581023300363,0.07700777741400261,0.747064615021846,1.9248823195623082,2.3228206030680685,1.0119055430929287e-9
112,111,0,local_loglinear,42,41,70,2.3001410399582802,2.39685536152908,1.1030359652911972,0.849512150247645,0.15048784975235496,1.0542297701180194,1.3447985986155,0.7839313419893301,0.8332446086704797,0.7678097017641483,0.08178532864162866,0.7455062449885094,1.9549187094168172,2.331390971221179,9.371193721720006e-10
112,111,0,local_loglinear,43,42,69,2.268290745522218,2.363857107415891,1.0923786527985146,0.8413369883912729,0.1586630116087271,1.0541361783100593,1.3564299553342805,0.777140149526023,0.8309612539070559,0.7620004772682916,0.08663598588168603,0.7438993777176637,1.9857771110320803,2.3402778185080555,1.3831234525379425e-11
112,111,0,local_loglinear,44,43,68,2.235763422346753,2.3301334013388395,1.0814328097121995,0.8331258113404537,0.16687418865954629,1.0540306197730833,1.3683445753659547,0.7702961949413873,0.8286525995210207,0.7561540543027618,0.09155587666723597,0.7422429553222251,2.017501202782219,2.3494920255772644,1.1246757646876762e-9
112,111,0,local_loglinear,45,44,67,2.2026019602485842,2.2957295262552404,1.0702138370243286,0.8248872952346842,0.17511270476531582,1.0539132939433384,1.3805474581777768,0.7634024369828097,0.8263148564073607,0.7502710311146024,0.0965413669111046,0.7405357627946424,2.0501370781443025,2.3590457144679053,1.577844321254039e-11
112,111,0,local_loglinear,46,45,66,2.1688471221740633,2.26068850336104,1.0587364388765022,0.8166295369506184,0.18337046304938165,1.0537843558006068,1.3930442744516425,0.7564614959674689,0.8239443133502963,0.7443519077995127,0.10158902937951117,0.7387764305148324,2.0837334771990745,2.368952282643393,1.0410353432747577e-9
112,111,0,local_loglinear,47,46,65,2.134537765963627,2.22505132621652,1.0470146968000558,0.8083601113053165,0.1916398886946835,1.053643921556885,1.4058414036646578,0.749475665470026,0.8215373185711012,0.7383970935966704,0.10669561670089617,0.7369634349814186,2.118342027170267,2.379226451011477,1.4103044224536823e-11
112,111,0,local_loglinear,48,47,64,2.0997110497097937,2.188857178044209,1.0350621374103233,0.800086126545826,0.199913873454174,1.0534920674256174,1.418945948918895,0.7424469326885077,0.8190902610525053,0.7324069135344231,0.11185803431910696,0.735095099170542,2.1540175098336416,2.389884318699872,6.604327700206498e-11
112,111,0,local_loglinear,49,48,63,2.0644026206966624,2.1521436325884897,1.0228917911866775,0.791814281975882,0.208185718024118,1.0533288243597358,1.4323657744954479,0.7353769847864257,0.8165995496260814,0.7263816144485105,0.11707331090117126,0.7331695934019601,2.1908181687611727,2.400943420051566,8.932522577146376e-10
112,111,0,local_loglinear,50,49,62,2.028646785784178,2.114946834279477,1.0105162496479996,0.7835509121778053,0.21644908782219474,1.0531541880515245,1.4461095209785888,0.7282672389424906,0.8140615976114487,0.7203213703309581,0.12233857577234813,0.7311849336755373,2.228806021579291,2.412422801817957,1.1939290799316747e-9
112,111,0,local_loglinear,51,50,61,1.9924766688504676,2.0773016645954097,0.9979477179945639,0.7753020257688846,0.22469797423111537,1.0529681212995552,1.4601866431725494,0.721118855745571,0.8114728093798754,0.7142262872233673,0.1276510387632557,0.7291389794439277,2.268047194777253,2.4243431103561504,9.325679003432135e-10
112,111,0,local_loglinear,52,51,60,1.95592435711447,2.039241898325648,0.9851980592463075,0.7670733558061232,0.23292664419387676,1.052770541459089,1.4746074274681809,0.7139327537951153,0.8088295600935604,0.7080964077422509,0.13300796157536063,0.7270294326495547,2.308612329594847,2.436726678933815,1.2171046098574538e-11
112,111,0,local_loglinear,53,52,59,1.919021030745077,2.000800339537533,0.9722788412760359,0.7588703835966338,0.24112961640336616,1.0525613430491794,1.4893830506005876,0.7067096289465213,0.8061281881299666,0.7019317150449906,0.1384066449267081,0.7248538327112195,2.3505769629189897,2.4495976471013226,9.442611259948211e-10
112,111,0,local_loglinear,54,53,58,1.881797087065899,1.9620089539914236,0.9592013747142271,0.7506983794527714,0.2493016205472286,1.052340380154189,1.5045255734385998,0.6994499786062529,0.8033649782998667,0.6957321366701421,0.14384440396500717,0.722609553998281,2.394021997803695,2.462982075217009,1.1596454211020063e-11
112,111,0,local_loglinear,55,54,57,1.8442822517576598,1.922898986921525,0.9459767489929454,0.7425624329405439,0.2574375670594561,1.052107474277221,1.5200479989488322,0.6921541128995867,0.8005361497058349,0.6894975479810768,0.14931854932566946,0.720293801682907,2.439034198441197,2.4769080791962734,5.929253402293958e-11
112,111,0,local_loglinear,56,55,56,1.8065056811038487,1.883501070771543,0.9326158681445393,0.734467476350836,0.265532523649164,1.0518624201757538,1.5359643038789133,0.6848221781713207,0.7976378466891441,0.6832277753876135,0.1548263717461208,0.7179036060202558,2.4857067196478866,2.49140598695247,1.2918908755328262e-9
112,111,0,local_loglinear,57,56,55,1.7684960582251097,1.8438453274285511,0.9191294806096552,0.7264183139087014,0.2735816860912986,1.0516049782769459,1.5522894634538318,0.6774541752909493,0.7946661264165639,0.6769225994636037,0.16036512200531744,0.7154358178599288,2.5341397123196154,2.5065085013042623,1.470347473164701e-11
112,111,0,local_loglinear,58,57,54,1.7302816803509675,1.8039614599539593,0.9055282107887915,0.7184196405251937,0.2815803594748063,1.0513348848642976,1.569039510707816,0.6700499749620871,0.7916169516688158,0.6705817578777684,0.16593199696210245,0.7128871017820645,2.584440962913561,2.522250892895179,1.3252696148715876e-9
112,111,0,local_loglinear,59,58,53,1.691890541738436,1.7638788409526112,0.8918225829785938,0.7104760701092102,0.2895239298907898,1.0510518401319526,1.5862315394418312,0.6626093442208321,0.7884861783741596,0.6642049483185828,0.17152411827968417,0.7102539315085201,2.636726634606661,2.5386711968104136,1.6177954934154564e-11
112,111,0,local_loglinear,60,59,52,1.653350407650279,1.7236265897265632,0.8780230497572914,0.7025921462026401,0.2974078537973599,1.050755526311519,1.6038837705957965,0.6551319650308536,0.7852695525039667,0.6577918312735831,0.1771385224018142,0.7075325818353088,2.691122030864397,2.5558104505037202,1.1493595808870063e-9
112,111,0,local_loglinear,61,60,51,1.6146888865087679,1.6832336489546393,0.8641400145347592,0.6947723659014453,0.3052276340985547,1.0504455935773238,1.622015565957843,0.6476174554816975,0.7819627000067809,0.6513420329636348,0.1827721407128846,0.7047191227260651,2.7477624877494824,2.5737129409444566,1.239252985529971e-11
112,111,0,local_loglinear,62,61,50,1.5759334949635815,1.6427288533857676,0.8501838521935705,0.6870211969257,0.31297880307430004,1.050121665403373,1.6406474918839167,0.6400653830869806,0.7785611204980941,0.6448551482384419,0.18842178358689815,0.7018094129901267,2.8067943421391246,2.592426479514774,1.1980442146242683e-9
112,111,0,local_loglinear,63,62,49,1.5371117178772593,1.6021409925511876,0.8361649317407823,0.6793430884072323,0.32065691159276766,1.049783346239827,1.6598013271413996,0.632475302359121,0.7750601847713936,0.6383307435631629,0.19408412825047894,0.698799092338852,2.8683759831619593,2.612002715947947,1.2455626979637656e-11
112,111,0,local_loglinear,64,63,48,1.4982510656123302,1.5614988709641129,0.8220936364787148,0.6717424836666264,0.32825751633337363,1.0494302191840215,1.6795001079893999,0.624846770888475,0.7714551318290765,0.6317683602193604,0.19975570473091997,0.6956835742937553,2.9326790264134814,2.632497479493704,8.658977929423333e-10
112,111,0,local_loglinear,65,64,47,1.4593791274638752,1.5208313646990972,0.8079803806676898,0.6642238362114548,0.33577616378854525,1.0490618420557407,1.6997681497468722,0.6171793736763252,0.7677410647546723,0.6251675177136231,0.2054328788656833,0.6924580403342968,2.9998896325335918,2.6539711485800916,8.434788582433398e-12
112,111,0,local_loglinear,66,65,46,1.4205236195908277,1.4801674716913131,0.7938356263573495,0.6567916196733968,0.34320838032660317,1.0486777544156847,1.720631072907416,0.6094727515548664,0.7639129507196727,0.6185277173691739,0.2111118391432012,0.6891174334710987,3.070209950019363,2.676489065462767,5.2778842905223896e-11
112,111,0,local_loglinear,67,66,45,1.3817124291298972,1.4395363578446687,0.7796699003999232,0.6494503350939103,0.35054966490608974,1.048277481865335,1.7421158444829334,0.6017266217887295,0.7599656235605415,0.6118484462238225,0.21678858514411992,0.6856564517387957,3.1438597085418327,2.700121998377629,1.0633762512234966e-9
112,111,0,local_loglinear,68,67,44,1.3429736550383,1.3989674002069583,0.7654938076249516,0.6422045215662765,0.3577954784337235,1.04786053228716,1.7642507500795763,0.5939408172222097,0.7558937857085981,0.6051291813047801,0.22245891315881833,0.6820695437774834,3.2210780074870518,2.724946642594806,1.120910461193983e-9
112,111,0,local_loglinear,69,68,43,1.3043356435946467,1.358490224024169,0.7513180455130584,0.6350587607459588,0.3649412392540412,1.0474264050878317,1.787065425719942,0.5861153094973356,0.7516920150109175,0.5983693942574035,0.22811840616068135,0.6783509038490865,3.3021252810642525,2.7510461851406567,1.0589988379802436e-11
112,111,0,local_loglinear,70,69,42,1.2658270202004456,1.318134736320601,0.7371534148855747,0.6280176828285253,0.3719823171714747,1.0469745896692455,1.8105908378228188,0.578250241743298,0.7473547724186761,0.5915685564528439,0.23376242258741697,0.6744944694916082,3.387285495146625,2.7785109190350985,7.366088177138762e-11
112,111,0,local_loglinear,71,70,41,1.2274767157671749,1.277931153901198,0.7230108296159579,0.6210859728580516,0.37891402714194844,1.0465045677876696,1.834859264676948,0.570345959460777,0.7428764113245999,0.5847261445807799,0.2393860847958288,0.6704939203918965,3.4768686007252527,2.8074389251420704,7.71024913029833e-10
112,111,0,local_loglinear,72,71,40,1.1893139869606804,1.2379100246490382,0.7089013253510935,0.6142683714668951,0.38573162853310494,1.0460158218845719,1.8599042570794382,0.5624030473090613,0.7382511922014237,0.5778416467501073,0.24498427194871658,0.6663426786392924,3.571213245193554,2.8379368304776946,1.3273916547272787e-9
112,111,0,local_loglinear,73,72,39,1.1513684309074197,1.1981022430714825,0.6948360662406167,0.6075696730446248,0.39243032695537516,1.0455078403891211,1.8857606056449023,0.5544223573551494,0.733473301158861,0.5709145692083868,0.2505516153174689,0.6620339114421869,3.6706897857761445,2.8701206463033957,1.0849533883754398e-11
112,111,0,local_loglinear,74,73,38,1.113669993776302,1.1585390602533152,0.680826347155397,0.6009947318126884,0.39900526818731163,1.0449801114765351,1.9124642199491773,0.5464050519618636,0.7285368664449248,0.5639444437405692,0.25608248767889025,0.6575605379672339,3.7757037028801674,2.9041166855582112,8.962615935132214e-10
112,111,0,local_loglinear,75,74,37,1.076248969978888,1.1192520830337287,0.6668835966230136,0.5945484524032025,0.40545154759679747,1.044432144499379,1.9400520672382655,0.5383526360641269,0.7234359867629847,0.5569308356457294,0.2615710057516927,0.6529152373331037,3.8866993314332405,2.9400625953169714,1.1083675681666006e-9
112,111,0,local_loglinear,76,75,36,1.0391359947836767,1.0802732669249193,0.653019376357213,0.5882357853298833,0.4117642146701167,1.0438634686861643,1.9685620223786588,0.5302669953090124,0.7181647598681352,0.5498733525355193,0.2670110296988083,0.6480904612026918,4.004164062736902,2.9781084943003377,1.0387712849742167e-9
112,111,0,local_loglinear,77,76,35,1.002362027720679,1.0416348999986111,0.6392453741536555,0.5820617246580991,0.41793827534190087,1.043273632285086,1.9980327024810751,0.5221504287640495,0.7127173130069409,0.5427716538836438,0.2723961617811288,0.6430784526622387,4.128633066755216,3.0184182181520662,3.304109427944053e-11
112,111,0,local_loglinear,78,77,34,0.9659583244634827,1.0033695741211146,0.6255733973466365,0.5760312951795289,0.4239687048204711,1.0426622215269705,2.0285032736139326,0.5140056883760353,0.7070878428822205,0.5356254612887674,0.2777197549690958,0.637871267679941,4.26069451856682,3.0611707200145926,6.095669411326259e-12
112,111,0,local_loglinear,79,78,33,0.9299563986324695,0.9655101461183356,0.6120153611399733,0.5701495400864797,0.42985045991352033,1.0420288640083681,2.0600132308224914,0.5058360055252278,0.701270658859334,0.5284345695866748,0.28297492280470704,0.6324608032681371,4.400995459852234,3.106561615190528,5.8095967748692394e-11
112,111,0,local_loglinear,80,79,32,0.8943879716697631,0.928089686802945,0.5985832719588677,0.5644215076032975,0.43557849239670254,1.041373234418385,2.092602065567231,0.4976451335653753,0.6952602303049518,0.5211988587713625,0.28815455194524553,0.6268388325747102,4.550248368290075,3.1548048898185987,1.5682467411664172e-10
112,111,0,local_loglinear,81,80,31,0.8592849094905549,0.891141416248114,0.585289206981783,0.5588522331925541,0.44114776680744594,1.0406950654160345,2.126308964127959,0.4894373691562006,0.6890512400471417,0.5139183066918436,0.29325132054083475,0.6209970466656487,4.709238500217125,3.206134800123606,5.240108277325252e-10
112,111,0,local_loglinear,82,81,30,0.8246791455390562,0.8546986251451659,0.5721452883443917,0.5534467193663988,0.4465532806336012,1.0399941554155625,2.161172410308898,0.48121757915043684,0.6826386426597089,0.5065930025205274,0.29825772101726045,0.6149271044896688,4.878832118169664,3.2608079766317073,4.650166894547593e-12
112,111,0,local_loglinear,83,82,29,0.7906025893426996,0.818794581104514,0.5591636537708875,0.5482099119280056,0.4517900880719944,1.039270379728404,2.197229741655443,0.47299122163956964,0.6760177280595759,0.49922316093832275,0.30316608854992366,0.608620690455736,5.059985705905289,3.319105767784002,5.1714762116445114e-11
112,111,0,local_loglinear,84,83,28,0.757087020411432,0.7834624201608562,0.5463564189343431,0.5431466739498708,0.4568533260501292,1.0385236957288697,2.2345166318175136,0.46476436153628187,0.6691841893049777,0.4918091369738883,0.30796863432388744,0.6020695829291548,5.253756306467784,3.381336824605076,1.3979491363533293e-10
112,111,0,local_loglinear,85,84,27,0.7241639665956493,0.7487350220796416,0.5337356369120118,0.5382617562868142,0.46173824371318584,1.0377541548495761,2.273066567574861,0.45654367085111724,0.6621341948448513,0.4843514413904334,0.31265748484449857,0.5952657307827213,5.461313115583148,3.4478399856564845,9.080555594768217e-10
112,111,0,local_loglinear,86,85,26,0.6918645673205345,0.71464487014052,0.5213132514210466,0.5335597639058279,0.46644023609417207,1.0369619116312194,2.312910167578504,0.44833644045798127,0.654864465050837,0.4768507565020258,0.3172247281564302,0.5882013403602845,5.683950480935145,3.5189874773230225,4.6102110935728105e-12
112,111,0,local_loglinear,87,86,25,0.660219422008282,0.6812238958913526,0.5091010441710568,0.5290451231003184,0.47095487689968163,1.0361472270953638,2.3540745314013294,0.4401505616215846,0.6473723492235389,0.4693079522806831,0.3216624624417875,0.5808689729074256,5.92310253561878,3.595188466307895,1.1533991955869409e-9
112,111,0,local_loglinear,88,87,24,0.6292584239136783,0.6485033085622396,0.4971105779432389,0.5247220386747332,0.4752779613252668,1.035310485039124,2.3965824978789834,0.4319945113324459,0.6396559086784414,0.46172410252082796,0.32596285707464673,0.5732616513143771,6.1803595613098885,3.676893016222735,5.354359350201035e-12
112,111,0,local_loglinear,89,88,23,0.5990105814320191,0.6165134120989528,0.48535313355334836,0.5205944580805607,0.4794055419194393,1.0344521863529625,2.440451845583151,0.42387731936820006,0.6317139947038591,0.45410050093668874,0.33011821044908685,0.5653729775713727,6.45748647718415,3.764596475996439,7.788007611802944e-11
112,111,0,local_loglinear,90,89,22,0.5695038272547025,0.5852834091896358,0.47383964452731775,0.5166660238385316,0.48333397616146845,1.033572967037213,2.4856944779511623,0.41580853005279117,0.6235463312509305,0.446438676825879,0.3341210217519064,0.5571972575660048,6.756443522057789,3.858844380004197,1.330284741789415e-10
112,111,0,local_loglinear,91,90,21,0.540764818763076,0.5548411966809838,0.46258062694650093,0.5129400308815599,0.4870599691184401,1.0326735927765613,2.5323155428286817,0.40779814968202194,0.6151535911335624,0.4387404101391509,0.3379640609983466,0.5487296347225364,7.079409591401911,3.9602378907528935,2.306689820759977e-10
112,111,0,local_loglinear,92,91,20,0.512818731360131,0.5252131536224038,0.4515861070347129,0.50941938019,0.49058061981,1.0317549641730508,2.580312611294685,0.3998565753842371,0.6065374693571025,0.4310077455689155,0.34164044502494945,0.5399662294263969,7.428808469461741,4.06943986570644,3.235819938339081e-10
112,111,0,local_loglinear,93,92,19,0.48568904819232656,0.4964239255901649,0.4408655476647734,0.5061065320308371,0.4938934679691629,1.0308181172163966,2.6296747518792887,0.39199452954390107,0.5977007500833909,0.423243005359356,0.3451437159286872,0.5309042822473695,7.807338361267475,4.187181623197877,1.0363183514087104e-9
112,111,0,local_loglinear,94,93,18,0.4593973498440578,0.46849620901066685,0.4304277744275132,0.503003459124612,0.496996540875388,1.029864221493459,2.6803817381181303,0.38422296602293543,0.5886473654682839,0.4154488004908834,0.34846792111137026,0.5215422988113699,8.21800514778054,4.314270487797505,3.206066373822737e-12
112,111,0,local_loglinear,95,94,17,0.4339631079185754,0.44145053959671887,0.4202809027436473,0.5001116050310208,0.4998883949689792,1.0288945713668458,2.732403257981114,0.3765529734169119,0.5793824417854959,0.4076280398869636,0.35160768910394913,0.5118801932147159,8.664159922793507,4.451598212053635,1.1495315616569139e-9
112,111,0,local_loglinear,96,95,16,0.4094034865635291,0.4153050887972447,0.4104322671995135,0.4974318380722683,0.5025681619277317,1.0279105868098337,2.785698227286407,0.368995671082125,0.5699123369696545,0.39978393724526773,0.35455830992701953,0.5019194265864049,9.149541209539757,4.600150382403772,3.381827465339253e-12
112,111,0,local_loglinear,97,96,15,0.38573315678596537,0.39007547376701374,0.40088835391367694,0.49496441967095395,0.505035580329046,1.026913790510189,2.8402142036194165,0.3615620924652603,0.5602446575502257,0.391920015218562,0.35731580064264956,0.4916631377361213,9.678322772992662,4.76101691990969,1.1602177024048833e-9
112,111,0,local_loglinear,98,97,14,0.36296412736588957,0.3657745841313093,0.391654738767573,0.49270897026105237,0.5072910297389477,1.0259058055171877,2.895886966364315,0.35426306946129754,0.5503882635825046,0.38404010650871734,0.35987697179189015,0.48111626041261474,10.255167485634871,4.935403833835264,2.992039422235027e-12
112,111,0,local_loglinear,99,98,13,0.3411055972445914,0.34241243157951023,0.3827360276979753,0.49066445604938674,0.5093355439506133,1.0248883177905892,2.9526403198353592,0.3471090978828527,0.5403532479506096,0.3761483516606857,0.3622394706948887,0.4702856269519756,10.885288490567556,5.124646316655851,7.291147299001808e-11
112,111,0,local_loglinear,100,99,12,0.3201638326124577,0.319996024894874,0.3741358032964649,0.48882918322335794,0.511170816776642,1.0238630581046928,3.0103860475016675,0.3401102190712056,0.5301508975235059,0.36824919317894544,0.36440181395156546,0.4591800514024975,11.574518441571657,5.330223384454274,1.4394223230376935e-10
112,111,0,local_loglinear,101,100,11,0.3001420725008585,0.298529275523104,0.3658565712780374,0.4872008233258845,0.5127991766741156,1.0228317450105933,3.069024249149885,0.33327587597064967,0.5197936238589783,0.3603473658066313,0.3663633843576355,0.44781039348339186,12.329388507611432,5.553774141615919,1.9505985098138e-10
112,111,0,local_loglinear,102,101,10,0.28104046479994454,0.2780129359648129,0.3578997040034422,0.4857764746723902,0.5142235253276097,1.0217960167771585,3.128444004640306,0.32661476927877436,0.5092948627414687,0.3524478826938926,0.36812438613139764,0.43618960133545015,13.15721884831244,5.797115794258176,2.8256094691880143e-10
112,111,0,local_loglinear,103,102,9,0.2628560339489199,0.2584445737385007,0.3502653706463972,0.4845527849574179,0.5154472150425822,1.020757317845982,3.188524509682935,0.3201346938830605,0.49866893249868205,0.3445560172841705,0.3696857318032879,0.42433273655990883,14.066223220453693,6.062263403433893,3.529880736276834e-10
112,111,0,local_loglinear,104,103,8,0.24558267965273603,0.2398185824531507,0.34295243751582116,0.48352617179940427,0.5164738282005957,1.0197167178933453,3.249136845958187,0.3138423422090816,0.48793083758563205,0.33667728071134306,0.37104882201447154,0.41225698856483783,15.065631575694457,6.351451198048022,4.719670919355627e-10
112,111,0,local_loglinear,105,104,7,0.22921120368317033,0.22212623085420324,0.3359583091949583,0.48269320236003865,0.5173067976399613,1.0186746163686857,3.3101466359462735,0.30774304839141264,0.47709599537924074,0.3288173944441741,0.3722151542216837,0.39998169295477687,16.165836675415957,6.667154881352426,6.741848157727784e-10
112,111,0,local_loglinear,106,105,6,0.21372935856283423,0.2053557500462404,0.32927866155468655,0.4820512354205103,0.5179487645794897,1.0176302544213636,3.3714181248801203,0.3018404175120071,0.4661798493267633,0.32098225777554956,0.37318565255497205,0.38752837964251113,17.37857462400191,7.012113650587338,1.0184984869699396e-9
112,111,0,local_loglinear,107,106,5,0.19912190716541608,0.18949245876917142,0.3229069844983115,0.4815994971395945,0.5184005028604055,1.016580905940096,3.4328202450542804,0.2961357814772564,0.4551973088651556,0.31317790947401913,0.3739595408742208,0.37492089413627505,18.71715608793335,7.389349293036407,1.6043415283247172e-9
112,111,0,local_loglinear,108,107,4,0.18537067506301214,0.17451892698055543,0.31683379698970315,0.48134087782969603,0.518659122170304,1.0155205304604338,3.4942362829731577,0.29062732117141,0.4441619184426829,0.30541048243603397,0.3745324613057903,0.36218566395656315,20.196777462743405,7.802177184393396,2.5989432821965883e-9
112,111,0,local_loglinear,109,108,3,0.17245456617570776,0.1604151793194184,0.3110453062645092,0.48128492719673294,0.518715072803267,1.014437533875438,3.5555791940861257,0.28530865957442814,0.4330845987099428,0.2976861493717412,0.3748933455183241,0.3493522270386429,21.83496383858912,8.25419933608131,4.28225716916906e-9
112,111,0,local_loglinear,110,109,2,0.1603494942734923,0.14715894322308892,0.30552113268043,0.48145284180477727,0.5185471581952228,1.0133110538214138,3.61681649603153,0.28016656497039494,0.42197170913558135,0.29001105627843016,0.37501922447384395,0.3364542117468048,23.652236757982664,8.749260998083756,7.120616372275216e-9
112,111,0,local_loglinear,111,110,1,0.1490281536490392,0.13472595262005688,0.30023047353050697,0.48188576070007616,0.5181142392999238,1.012104824078589,3.6780112035868004,0.27517719986594474,0.4108220364929765,0.2823912384642362,0.37486663962098865,0.3235310762907619,25.673174722887516,9.291336432539016,1.1886648275985507e-8
112,111,0,local_loglinear,112,111,0,0.1384595044847236,0.12309032929669848,0.29512566984191,0.4826585468928978,0.5173414531071022,1.0107571043786736,3.739389631691843,0.2703000232477428,0.3996220949551937,0.27483251086061333,0.3743574772230156,0.31063111057429965,27.92817121201746,9.884280245395168,4.2499931186935136e-7
