date,AHP_period,foreign_group,value_usd_billions,share_of_foreign_total,foreign_total_usd_billions,TIC_classification_vintage
2000-03-01,2000M03-2001M12,All other foreign,231.800000,0.1851289833,1252.100000,pre-2012 TIC classification
2000-03-01,2000M03-2001M12,EU-27 (identifiable),201.100000,0.1606101749,1252.100000,pre-2012 TIC classification
2000-03-01,2000M03-2001M12,Middle East (reported/bridge),46.400000,0.0370577430,1252.100000,pre-2012 TIC classification
2000-03-01,2000M03-2001M12,Four Asian dragons,132.700000,0.1059819503,1252.100000,pre-2012 TIC classification
2000-03-01,2000M03-2001M12,Canada,19.200000,0.0153342385,1252.100000,pre-2012 TIC classification
2000-03-01,2000M03-2001M12,United Kingdom,235.700000,0.1882437505,1252.100000,pre-2012 TIC classification
2000-03-01,2000M03-2001M12,Mainland China,59.400000,0.0474403003,1252.100000,pre-2012 TIC classification
2000-03-01,2000M03-2001M12,Japan,325.800000,0.2602028592,1252.100000,pre-2012 TIC classification
2000-04-01,2000M03-2001M12,All other foreign,250.000000,0.2295894940,1088.900000,pre-2012 TIC classification
2000-04-01,2000M03-2001M12,EU-27 (identifiable),165.400000,0.1518964092,1088.900000,pre-2012 TIC classification
2000-04-01,2000M03-2001M12,Middle East (reported/bridge),43.600000,0.0400404078,1088.900000,pre-2012 TIC classification
2000-04-01,2000M03-2001M12,Four Asian dragons,140.500000,0.1290292956,1088.900000,pre-2012 TIC classification
2000-04-01,2000M03-2001M12,Canada,17.600000,0.0161631004,1088.900000,pre-2012 TIC classification
2000-04-01,2000M03-2001M12,United Kingdom,77.700000,0.0713564147,1088.900000,pre-2012 TIC classification
2000-04-01,2000M03-2001M12,Mainland China,71.700000,0.0658462669,1088.900000,pre-2012 TIC classification
2000-04-01,2000M03-2001M12,Japan,322.400000,0.2960786114,1088.900000,pre-2012 TIC classification
2000-05-01,2000M03-2001M12,All other foreign,244.500000,0.2280358142,1072.200000,pre-2012 TIC classification
2000-05-01,2000M03-2001M12,EU-27 (identifiable),159.200000,0.1484797612,1072.200000,pre-2012 TIC classification
2000-05-01,2000M03-2001M12,Middle East (reported/bridge),43.100000,0.0401977243,1072.200000,pre-2012 TIC classification
2000-05-01,2000M03-2001M12,Four Asian dragons,139.300000,0.1299197911,1072.200000,pre-2012 TIC classification
2000-05-01,2000M03-2001M12,Canada,16.700000,0.0155754523,1072.200000,pre-2012 TIC classification
2000-05-01,2000M03-2001M12,United Kingdom,77.500000,0.0722812908,1072.200000,pre-2012 TIC classification
2000-05-01,2000M03-2001M12,Mainland China,72.500000,0.0676179817,1072.200000,pre-2012 TIC classification
2000-05-01,2000M03-2001M12,Japan,319.400000,0.2978921843,1072.200000,pre-2012 TIC classification
2000-06-01,2000M03-2001M12,All other foreign,239.300000,0.2256057321,1060.700000,pre-2012 TIC classification
2000-06-01,2000M03-2001M12,EU-27 (identifiable),160.700000,0.1515037240,1060.700000,pre-2012 TIC classification
2000-06-01,2000M03-2001M12,Middle East (reported/bridge),45.900000,0.0432733101,1060.700000,pre-2012 TIC classification
2000-06-01,2000M03-2001M12,Four Asian dragons,143.400000,0.1351937400,1060.700000,pre-2012 TIC classification
2000-06-01,2000M03-2001M12,Canada,17.000000,0.0160271519,1060.700000,pre-2012 TIC classification
2000-06-01,2000M03-2001M12,United Kingdom,68.100000,0.0642028849,1060.700000,pre-2012 TIC classification
2000-06-01,2000M03-2001M12,Mainland China,67.500000,0.0636372207,1060.700000,pre-2012 TIC classification
2000-06-01,2000M03-2001M12,Japan,318.800000,0.3005562364,1060.700000,pre-2012 TIC classification
2000-07-01,2000M03-2001M12,All other foreign,241.600000,0.2288095464,1055.900000,pre-2012 TIC classification
2000-07-01,2000M03-2001M12,EU-27 (identifiable),159.800000,0.1513400890,1055.900000,pre-2012 TIC classification
2000-07-01,2000M03-2001M12,Middle East (reported/bridge),47.400000,0.0448906146,1055.900000,pre-2012 TIC classification
2000-07-01,2000M03-2001M12,Four Asian dragons,142.000000,0.1344824320,1055.900000,pre-2012 TIC classification
2000-07-01,2000M03-2001M12,Canada,16.000000,0.0151529501,1055.900000,pre-2012 TIC classification
2000-07-01,2000M03-2001M12,United Kingdom,63.100000,0.0597594469,1055.900000,pre-2012 TIC classification
2000-07-01,2000M03-2001M12,Mainland China,66.400000,0.0628847429,1055.900000,pre-2012 TIC classification
2000-07-01,2000M03-2001M12,Japan,319.600000,0.3026801780,1055.900000,pre-2012 TIC classification
2000-08-01,2000M03-2001M12,All other foreign,245.600000,0.2330391878,1053.900000,pre-2012 TIC classification
2000-08-01,2000M03-2001M12,EU-27 (identifiable),159.200000,0.1510579751,1053.900000,pre-2012 TIC classification
2000-08-01,2000M03-2001M12,Middle East (reported/bridge),47.800000,0.0453553468,1053.900000,pre-2012 TIC classification
2000-08-01,2000M03-2001M12,Four Asian dragons,139.100000,0.1319859569,1053.900000,pre-2012 TIC classification
2000-08-01,2000M03-2001M12,Canada,15.400000,0.0146123921,1053.900000,pre-2012 TIC classification
2000-08-01,2000M03-2001M12,United Kingdom,66.400000,0.0630040801,1053.900000,pre-2012 TIC classification
2000-08-01,2000M03-2001M12,Mainland China,62.600000,0.0593984249,1053.900000,pre-2012 TIC classification
2000-08-01,2000M03-2001M12,Japan,317.800000,0.3015466363,1053.900000,pre-2012 TIC classification
2000-09-01,2000M03-2001M12,All other foreign,240.700000,0.2317096650,1038.800000,pre-2012 TIC classification
2000-09-01,2000M03-2001M12,EU-27 (identifiable),156.000000,0.1501732769,1038.800000,pre-2012 TIC classification
2000-09-01,2000M03-2001M12,Middle East (reported/bridge),46.800000,0.0450519831,1038.800000,pre-2012 TIC classification
2000-09-01,2000M03-2001M12,Four Asian dragons,135.100000,0.1300539084,1038.800000,pre-2012 TIC classification
2000-09-01,2000M03-2001M12,Canada,16.500000,0.0158837120,1038.800000,pre-2012 TIC classification
2000-09-01,2000M03-2001M12,United Kingdom,64.300000,0.0618983442,1038.800000,pre-2012 TIC classification
2000-09-01,2000M03-2001M12,Mainland China,62.100000,0.0597805160,1038.800000,pre-2012 TIC classification
2000-09-01,2000M03-2001M12,Japan,317.300000,0.3054485945,1038.800000,pre-2012 TIC classification
2000-10-01,2000M03-2001M12,All other foreign,244.700000,0.2363794436,1035.200000,pre-2012 TIC classification
2000-10-01,2000M03-2001M12,EU-27 (identifiable),156.900000,0.1515649150,1035.200000,pre-2012 TIC classification
2000-10-01,2000M03-2001M12,Middle East (reported/bridge),48.000000,0.0463678516,1035.200000,pre-2012 TIC classification
2000-10-01,2000M03-2001M12,Four Asian dragons,131.100000,0.1266421947,1035.200000,pre-2012 TIC classification
2000-10-01,2000M03-2001M12,Canada,16.900000,0.0163253478,1035.200000,pre-2012 TIC classification
2000-10-01,2000M03-2001M12,United Kingdom,60.400000,0.0583462133,1035.200000,pre-2012 TIC classification
2000-10-01,2000M03-2001M12,Mainland China,59.500000,0.0574768161,1035.200000,pre-2012 TIC classification
2000-10-01,2000M03-2001M12,Japan,317.700000,0.3068972179,1035.200000,pre-2012 TIC classification
2000-11-01,2000M03-2001M12,All other foreign,241.300000,0.2363369246,1021.000000,pre-2012 TIC classification
2000-11-01,2000M03-2001M12,EU-27 (identifiable),153.600000,0.1504407444,1021.000000,pre-2012 TIC classification
2000-11-01,2000M03-2001M12,Middle East (reported/bridge),48.400000,0.0474045054,1021.000000,pre-2012 TIC classification
2000-11-01,2000M03-2001M12,Four Asian dragons,126.800000,0.1241919687,1021.000000,pre-2012 TIC classification
2000-11-01,2000M03-2001M12,Canada,15.800000,0.0154750245,1021.000000,pre-2012 TIC classification
2000-11-01,2000M03-2001M12,United Kingdom,54.500000,0.0533790402,1021.000000,pre-2012 TIC classification
2000-11-01,2000M03-2001M12,Mainland China,58.900000,0.0576885406,1021.000000,pre-2012 TIC classification
2000-11-01,2000M03-2001M12,Japan,321.700000,0.3150832517,1021.000000,pre-2012 TIC classification
2000-12-01,2000M03-2001M12,All other foreign,240.700000,0.2370961387,1015.200000,pre-2012 TIC classification
2000-12-01,2000M03-2001M12,EU-27 (identifiable),154.900000,0.1525807723,1015.200000,pre-2012 TIC classification
2000-12-01,2000M03-2001M12,Middle East (reported/bridge),47.700000,0.0469858156,1015.200000,pre-2012 TIC classification
2000-12-01,2000M03-2001M12,Four Asian dragons,129.500000,0.1275610717,1015.200000,pre-2012 TIC classification
2000-12-01,2000M03-2001M12,Canada,14.200000,0.0139873916,1015.200000,pre-2012 TIC classification
2000-12-01,2000M03-2001M12,United Kingdom,50.200000,0.0494483846,1015.200000,pre-2012 TIC classification
2000-12-01,2000M03-2001M12,Mainland China,60.300000,0.0593971631,1015.200000,pre-2012 TIC classification
2000-12-01,2000M03-2001M12,Japan,317.700000,0.3129432624,1015.200000,pre-2012 TIC classification
2001-01-01,2000M03-2001M12,All other foreign,249.900000,0.2472299169,1010.800000,pre-2012 TIC classification
2001-01-01,2000M03-2001M12,EU-27 (identifiable),149.800000,0.1481994460,1010.800000,pre-2012 TIC classification
2001-01-01,2000M03-2001M12,Middle East (reported/bridge),48.500000,0.0479817966,1010.800000,pre-2012 TIC classification
2001-01-01,2000M03-2001M12,Four Asian dragons,128.200000,0.1268302335,1010.800000,pre-2012 TIC classification
2001-01-01,2000M03-2001M12,Canada,12.800000,0.0126632370,1010.800000,pre-2012 TIC classification
2001-01-01,2000M03-2001M12,United Kingdom,47.800000,0.0472892758,1010.800000,pre-2012 TIC classification
2001-01-01,2000M03-2001M12,Mainland China,61.500000,0.0608428967,1010.800000,pre-2012 TIC classification
2001-01-01,2000M03-2001M12,Japan,312.300000,0.3089631975,1010.800000,pre-2012 TIC classification
2001-02-01,2000M03-2001M12,All other foreign,251.200000,0.2473901911,1015.400000,pre-2012 TIC classification
2001-02-01,2000M03-2001M12,EU-27 (identifiable),150.300000,0.1480204845,1015.400000,pre-2012 TIC classification
2001-02-01,2000M03-2001M12,Middle East (reported/bridge),47.800000,0.0470750443,1015.400000,pre-2012 TIC classification
2001-02-01,2000M03-2001M12,Four Asian dragons,129.000000,0.1270435296,1015.400000,pre-2012 TIC classification
2001-02-01,2000M03-2001M12,Canada,12.500000,0.0123104195,1015.400000,pre-2012 TIC classification
2001-02-01,2000M03-2001M12,United Kingdom,48.400000,0.0476659445,1015.400000,pre-2012 TIC classification
2001-02-01,2000M03-2001M12,Mainland China,63.700000,0.0627338980,1015.400000,pre-2012 TIC classification
2001-02-01,2000M03-2001M12,Japan,312.500000,0.3077604885,1015.400000,pre-2012 TIC classification
2001-03-01,2000M03-2001M12,All other foreign,249.100000,0.2460246914,1012.500000,pre-2012 TIC classification
2001-03-01,2000M03-2001M12,EU-27 (identifiable),139.200000,0.1374814815,1012.500000,pre-2012 TIC classification
2001-03-01,2000M03-2001M12,Middle East (reported/bridge),45.900000,0.0453333333,1012.500000,pre-2012 TIC classification
2001-03-01,2000M03-2001M12,Four Asian dragons,130.500000,0.1288888889,1012.500000,pre-2012 TIC classification
2001-03-01,2000M03-2001M12,Canada,12.500000,0.0123456790,1012.500000,pre-2012 TIC classification
2001-03-01,2000M03-2001M12,United Kingdom,58.400000,0.0576790123,1012.500000,pre-2012 TIC classification
2001-03-01,2000M03-2001M12,Mainland China,69.800000,0.0689382716,1012.500000,pre-2012 TIC classification
2001-03-01,2000M03-2001M12,Japan,307.100000,0.3033086420,1012.500000,pre-2012 TIC classification
2001-04-01,2000M03-2001M12,All other foreign,240.100000,0.2430653979,987.800000,pre-2012 TIC classification
2001-04-01,2000M03-2001M12,EU-27 (identifiable),135.900000,0.1375784572,987.800000,pre-2012 TIC classification
2001-04-01,2000M03-2001M12,Middle East (reported/bridge),44.400000,0.0449483701,987.800000,pre-2012 TIC classification
2001-04-01,2000M03-2001M12,Four Asian dragons,124.800000,0.1263413646,987.800000,pre-2012 TIC classification
2001-04-01,2000M03-2001M12,Canada,13.700000,0.0138692043,987.800000,pre-2012 TIC classification
2001-04-01,2000M03-2001M12,United Kingdom,53.800000,0.0544644665,987.800000,pre-2012 TIC classification
2001-04-01,2000M03-2001M12,Mainland China,69.200000,0.0700546669,987.800000,pre-2012 TIC classification
2001-04-01,2000M03-2001M12,Japan,305.900000,0.3096780725,987.800000,pre-2012 TIC classification
2001-05-01,2000M03-2001M12,All other foreign,240.500000,0.2438653417,986.200000,pre-2012 TIC classification
2001-05-01,2000M03-2001M12,EU-27 (identifiable),135.700000,0.1375988643,986.200000,pre-2012 TIC classification
2001-05-01,2000M03-2001M12,Middle East (reported/bridge),43.200000,0.0438045021,986.200000,pre-2012 TIC classification
2001-05-01,2000M03-2001M12,Four Asian dragons,120.900000,0.1225917664,986.200000,pre-2012 TIC classification
2001-05-01,2000M03-2001M12,Canada,14.800000,0.0150070980,986.200000,pre-2012 TIC classification
2001-05-01,2000M03-2001M12,United Kingdom,55.200000,0.0559724194,986.200000,pre-2012 TIC classification
2001-05-01,2000M03-2001M12,Mainland China,69.200000,0.0701683229,986.200000,pre-2012 TIC classification
2001-05-01,2000M03-2001M12,Japan,306.700000,0.3109916853,986.200000,pre-2012 TIC classification
2001-06-01,2000M03-2001M12,All other foreign,237.200000,0.2412285162,983.300000,pre-2012 TIC classification
2001-06-01,2000M03-2001M12,EU-27 (identifiable),138.400000,0.1407505339,983.300000,pre-2012 TIC classification
2001-06-01,2000M03-2001M12,Middle East (reported/bridge),43.400000,0.0441370894,983.300000,pre-2012 TIC classification
2001-06-01,2000M03-2001M12,Four Asian dragons,123.800000,0.1259025730,983.300000,pre-2012 TIC classification
2001-06-01,2000M03-2001M12,Canada,15.400000,0.0156615478,983.300000,pre-2012 TIC classification
2001-06-01,2000M03-2001M12,United Kingdom,51.600000,0.0524763551,983.300000,pre-2012 TIC classification
2001-06-01,2000M03-2001M12,Mainland China,72.700000,0.0739347097,983.300000,pre-2012 TIC classification
2001-06-01,2000M03-2001M12,Japan,300.800000,0.3059086749,983.300000,pre-2012 TIC classification
2001-07-01,2000M03-2001M12,All other foreign,243.500000,0.2495132698,975.900000,pre-2012 TIC classification
2001-07-01,2000M03-2001M12,EU-27 (identifiable),137.400000,0.1407931140,975.900000,pre-2012 TIC classification
2001-07-01,2000M03-2001M12,Middle East (reported/bridge),43.900000,0.0449841172,975.900000,pre-2012 TIC classification
2001-07-01,2000M03-2001M12,Four Asian dragons,123.800000,0.1268572600,975.900000,pre-2012 TIC classification
2001-07-01,2000M03-2001M12,Canada,13.800000,0.0141407931,975.900000,pre-2012 TIC classification
2001-07-01,2000M03-2001M12,United Kingdom,44.000000,0.0450865867,975.900000,pre-2012 TIC classification
2001-07-01,2000M03-2001M12,Mainland China,74.200000,0.0760323804,975.900000,pre-2012 TIC classification
2001-07-01,2000M03-2001M12,Japan,295.300000,0.3025924787,975.900000,pre-2012 TIC classification
2001-08-01,2000M03-2001M12,All other foreign,262.700000,0.2642857143,994.000000,pre-2012 TIC classification
2001-08-01,2000M03-2001M12,EU-27 (identifiable),142.000000,0.1428571429,994.000000,pre-2012 TIC classification
2001-08-01,2000M03-2001M12,Middle East (reported/bridge),44.500000,0.0447686117,994.000000,pre-2012 TIC classification
2001-08-01,2000M03-2001M12,Four Asian dragons,123.900000,0.1246478873,994.000000,pre-2012 TIC classification
2001-08-01,2000M03-2001M12,Canada,14.400000,0.0144869215,994.000000,pre-2012 TIC classification
2001-08-01,2000M03-2001M12,United Kingdom,40.000000,0.0402414487,994.000000,pre-2012 TIC classification
2001-08-01,2000M03-2001M12,Mainland China,73.400000,0.0738430584,994.000000,pre-2012 TIC classification
2001-08-01,2000M03-2001M12,Japan,293.100000,0.2948692153,994.000000,pre-2012 TIC classification
2001-09-01,2000M03-2001M12,All other foreign,261.700000,0.2637573070,992.200000,pre-2012 TIC classification
2001-09-01,2000M03-2001M12,EU-27 (identifiable),136.500000,0.1375730699,992.200000,pre-2012 TIC classification
2001-09-01,2000M03-2001M12,Middle East (reported/bridge),42.700000,0.0430356783,992.200000,pre-2012 TIC classification
2001-09-01,2000M03-2001M12,Four Asian dragons,129.700000,0.1307196130,992.200000,pre-2012 TIC classification
2001-09-01,2000M03-2001M12,Canada,15.200000,0.0153194920,992.200000,pre-2012 TIC classification
2001-09-01,2000M03-2001M12,United Kingdom,41.500000,0.0418262447,992.200000,pre-2012 TIC classification
2001-09-01,2000M03-2001M12,Mainland China,72.000000,0.0725660149,992.200000,pre-2012 TIC classification
2001-09-01,2000M03-2001M12,Japan,292.900000,0.2952025801,992.200000,pre-2012 TIC classification
2001-10-01,2000M03-2001M12,All other foreign,267.000000,0.2627952756,1016.000000,pre-2012 TIC classification
2001-10-01,2000M03-2001M12,EU-27 (identifiable),132.200000,0.1301181102,1016.000000,pre-2012 TIC classification
2001-10-01,2000M03-2001M12,Middle East (reported/bridge),42.400000,0.0417322835,1016.000000,pre-2012 TIC classification
2001-10-01,2000M03-2001M12,Four Asian dragons,126.100000,0.1241141732,1016.000000,pre-2012 TIC classification
2001-10-01,2000M03-2001M12,Canada,12.100000,0.0119094488,1016.000000,pre-2012 TIC classification
2001-10-01,2000M03-2001M12,United Kingdom,49.400000,0.0486220472,1016.000000,pre-2012 TIC classification
2001-10-01,2000M03-2001M12,Mainland China,72.300000,0.0711614173,1016.000000,pre-2012 TIC classification
2001-10-01,2000M03-2001M12,Japan,314.500000,0.3095472441,1016.000000,pre-2012 TIC classification
2001-11-01,2000M03-2001M12,All other foreign,281.500000,0.2716394866,1036.300000,pre-2012 TIC classification
2001-11-01,2000M03-2001M12,EU-27 (identifiable),131.300000,0.1267007623,1036.300000,pre-2012 TIC classification
2001-11-01,2000M03-2001M12,Middle East (reported/bridge),45.300000,0.0437132105,1036.300000,pre-2012 TIC classification
2001-11-01,2000M03-2001M12,Four Asian dragons,130.000000,0.1254462993,1036.300000,pre-2012 TIC classification
2001-11-01,2000M03-2001M12,Canada,12.400000,0.0119656470,1036.300000,pre-2012 TIC classification
2001-11-01,2000M03-2001M12,United Kingdom,42.500000,0.0410112902,1036.300000,pre-2012 TIC classification
2001-11-01,2000M03-2001M12,Mainland China,77.900000,0.0751712824,1036.300000,pre-2012 TIC classification
2001-11-01,2000M03-2001M12,Japan,315.400000,0.3043520216,1036.300000,pre-2012 TIC classification
2001-12-01,2000M03-2001M12,All other foreign,270.100000,0.2596865686,1040.100000,pre-2012 TIC classification
2001-12-01,2000M03-2001M12,EU-27 (identifiable),130.500000,0.1254687049,1040.100000,pre-2012 TIC classification
2001-12-01,2000M03-2001M12,Middle East (reported/bridge),46.800000,0.0449956735,1040.100000,pre-2012 TIC classification
2001-12-01,2000M03-2001M12,Four Asian dragons,135.800000,0.1305643688,1040.100000,pre-2012 TIC classification
2001-12-01,2000M03-2001M12,Canada,15.400000,0.0148062686,1040.100000,pre-2012 TIC classification
2001-12-01,2000M03-2001M12,United Kingdom,45.000000,0.0432650707,1040.100000,pre-2012 TIC classification
2001-12-01,2000M03-2001M12,Mainland China,78.600000,0.0755696568,1040.100000,pre-2012 TIC classification
2001-12-01,2000M03-2001M12,Japan,317.900000,0.3056436881,1040.100000,pre-2012 TIC classification
2002-02-01,2002M01-2007M12,All other foreign,239.600000,0.2313187874,1035.800000,pre-2012 TIC classification
2002-02-01,2002M01-2007M12,EU-27 (identifiable),136.900000,0.1321683723,1035.800000,pre-2012 TIC classification
2002-02-01,2002M01-2007M12,Middle East (reported/bridge),69.700000,0.0672909828,1035.800000,pre-2012 TIC classification
2002-02-01,2002M01-2007M12,Four Asian dragons,133.100000,0.1284997104,1035.800000,pre-2012 TIC classification
2002-02-01,2002M01-2007M12,Canada,14.200000,0.0137092103,1035.800000,pre-2012 TIC classification
2002-02-01,2002M01-2007M12,United Kingdom,53.900000,0.0520370728,1035.800000,pre-2012 TIC classification
2002-02-01,2002M01-2007M12,Mainland China,76.500000,0.0738559567,1035.800000,pre-2012 TIC classification
2002-02-01,2002M01-2007M12,Japan,311.900000,0.3011199073,1035.800000,pre-2012 TIC classification
2002-03-01,2002M01-2007M12,All other foreign,242.400000,0.2292849035,1057.200000,pre-2012 TIC classification
2002-03-01,2002M01-2007M12,EU-27 (identifiable),135.300000,0.1279795687,1057.200000,pre-2012 TIC classification
2002-03-01,2002M01-2007M12,Middle East (reported/bridge),70.100000,0.0663072266,1057.200000,pre-2012 TIC classification
2002-03-01,2002M01-2007M12,Four Asian dragons,131.000000,0.1239122210,1057.200000,pre-2012 TIC classification
2002-03-01,2002M01-2007M12,Canada,15.700000,0.0148505486,1057.200000,pre-2012 TIC classification
2002-03-01,2002M01-2007M12,United Kingdom,65.600000,0.0620507000,1057.200000,pre-2012 TIC classification
2002-03-01,2002M01-2007M12,Mainland China,84.500000,0.0799281120,1057.200000,pre-2012 TIC classification
2002-03-01,2002M01-2007M12,Japan,312.600000,0.2956867196,1057.200000,pre-2012 TIC classification
2002-04-01,2002M01-2007M12,All other foreign,232.500000,0.2229574223,1042.800000,pre-2012 TIC classification
2002-04-01,2002M01-2007M12,EU-27 (identifiable),133.300000,0.1278289221,1042.800000,pre-2012 TIC classification
2002-04-01,2002M01-2007M12,Middle East (reported/bridge),72.100000,0.0691407748,1042.800000,pre-2012 TIC classification
2002-04-01,2002M01-2007M12,Four Asian dragons,129.500000,0.1241848868,1042.800000,pre-2012 TIC classification
2002-04-01,2002M01-2007M12,Canada,13.700000,0.0131377062,1042.800000,pre-2012 TIC classification
2002-04-01,2002M01-2007M12,United Kingdom,64.700000,0.0620444956,1042.800000,pre-2012 TIC classification
2002-04-01,2002M01-2007M12,Mainland China,82.400000,0.0790180284,1042.800000,pre-2012 TIC classification
2002-04-01,2002M01-2007M12,Japan,314.600000,0.3016877637,1042.800000,pre-2012 TIC classification
2002-05-01,2002M01-2007M12,All other foreign,233.600000,0.2201281568,1061.200000,pre-2012 TIC classification
2002-05-01,2002M01-2007M12,EU-27 (identifiable),135.900000,0.1280625707,1061.200000,pre-2012 TIC classification
2002-05-01,2002M01-2007M12,Middle East (reported/bridge),71.500000,0.0673765548,1061.200000,pre-2012 TIC classification
2002-05-01,2002M01-2007M12,Four Asian dragons,131.000000,0.1234451564,1061.200000,pre-2012 TIC classification
2002-05-01,2002M01-2007M12,Canada,14.500000,0.0136637769,1061.200000,pre-2012 TIC classification
2002-05-01,2002M01-2007M12,United Kingdom,75.600000,0.0712401055,1061.200000,pre-2012 TIC classification
2002-05-01,2002M01-2007M12,Mainland China,81.300000,0.0766113833,1061.200000,pre-2012 TIC classification
2002-05-01,2002M01-2007M12,Japan,317.800000,0.2994722955,1061.200000,pre-2012 TIC classification
2002-06-01,2002M01-2007M12,All other foreign,217.800000,0.1984510251,1097.500000,pre-2012 TIC classification
2002-06-01,2002M01-2007M12,EU-27 (identifiable),160.300000,0.1460592255,1097.500000,pre-2012 TIC classification
2002-06-01,2002M01-2007M12,Middle East (reported/bridge),70.900000,0.0646013667,1097.500000,pre-2012 TIC classification
2002-06-01,2002M01-2007M12,Four Asian dragons,135.500000,0.1234624146,1097.500000,pre-2012 TIC classification
2002-06-01,2002M01-2007M12,Canada,12.600000,0.0114806378,1097.500000,pre-2012 TIC classification
2002-06-01,2002M01-2007M12,United Kingdom,83.600000,0.0761731207,1097.500000,pre-2012 TIC classification
2002-06-01,2002M01-2007M12,Mainland China,81.000000,0.0738041002,1097.500000,pre-2012 TIC classification
2002-06-01,2002M01-2007M12,Japan,335.800000,0.3059681093,1097.500000,pre-2012 TIC classification
2002-07-01,2002M01-2007M12,All other foreign,256.300000,0.2206249462,1161.700000,pre-2012 TIC classification
2002-07-01,2002M01-2007M12,EU-27 (identifiable),157.200000,0.1353189292,1161.700000,pre-2012 TIC classification
2002-07-01,2002M01-2007M12,Middle East (reported/bridge),76.700000,0.0660239304,1161.700000,pre-2012 TIC classification
2002-07-01,2002M01-2007M12,Four Asian dragons,138.400000,0.1191357493,1161.700000,pre-2012 TIC classification
2002-07-01,2002M01-2007M12,Canada,9.700000,0.0083498321,1161.700000,pre-2012 TIC classification
2002-07-01,2002M01-2007M12,United Kingdom,64.700000,0.0556942412,1161.700000,pre-2012 TIC classification
2002-07-01,2002M01-2007M12,Mainland China,96.900000,0.0834122407,1161.700000,pre-2012 TIC classification
2002-07-01,2002M01-2007M12,Japan,361.800000,0.3114401308,1161.700000,pre-2012 TIC classification
2002-08-01,2002M01-2007M12,All other foreign,248.400000,0.2125074857,1168.900000,pre-2012 TIC classification
2002-08-01,2002M01-2007M12,EU-27 (identifiable),158.100000,0.1352553683,1168.900000,pre-2012 TIC classification
2002-08-01,2002M01-2007M12,Middle East (reported/bridge),75.800000,0.0648472923,1168.900000,pre-2012 TIC classification
2002-08-01,2002M01-2007M12,Four Asian dragons,141.900000,0.1213961844,1168.900000,pre-2012 TIC classification
2002-08-01,2002M01-2007M12,Canada,8.100000,0.0069295919,1168.900000,pre-2012 TIC classification
2002-08-01,2002M01-2007M12,United Kingdom,69.700000,0.0596287108,1168.900000,pre-2012 TIC classification
2002-08-01,2002M01-2007M12,Mainland China,102.300000,0.0875181795,1168.900000,pre-2012 TIC classification
2002-08-01,2002M01-2007M12,Japan,364.600000,0.3119171871,1168.900000,pre-2012 TIC classification
2002-09-01,2002M01-2007M12,All other foreign,252.200000,0.2121823995,1188.600000,pre-2012 TIC classification
2002-09-01,2002M01-2007M12,EU-27 (identifiable),157.700000,0.1326770991,1188.600000,pre-2012 TIC classification
2002-09-01,2002M01-2007M12,Middle East (reported/bridge),77.000000,0.0647820966,1188.600000,pre-2012 TIC classification
2002-09-01,2002M01-2007M12,Four Asian dragons,138.000000,0.1161029783,1188.600000,pre-2012 TIC classification
2002-09-01,2002M01-2007M12,Canada,8.600000,0.0072354030,1188.600000,pre-2012 TIC classification
2002-09-01,2002M01-2007M12,United Kingdom,76.600000,0.0644455662,1188.600000,pre-2012 TIC classification
2002-09-01,2002M01-2007M12,Mainland China,104.700000,0.0880868248,1188.600000,pre-2012 TIC classification
2002-09-01,2002M01-2007M12,Japan,373.800000,0.3144876325,1188.600000,pre-2012 TIC classification
2002-10-01,2002M01-2007M12,All other foreign,263.400000,0.2205660693,1194.200000,pre-2012 TIC classification
2002-10-01,2002M01-2007M12,EU-27 (identifiable),148.600000,0.1244347680,1194.200000,pre-2012 TIC classification
2002-10-01,2002M01-2007M12,Middle East (reported/bridge),74.800000,0.0626360744,1194.200000,pre-2012 TIC classification
2002-10-01,2002M01-2007M12,Four Asian dragons,141.100000,0.1181544130,1194.200000,pre-2012 TIC classification
2002-10-01,2002M01-2007M12,Canada,6.100000,0.0051080221,1194.200000,pre-2012 TIC classification
2002-10-01,2002M01-2007M12,United Kingdom,80.600000,0.0674928823,1194.200000,pre-2012 TIC classification
2002-10-01,2002M01-2007M12,Mainland China,106.500000,0.0891810417,1194.200000,pre-2012 TIC classification
2002-10-01,2002M01-2007M12,Japan,373.100000,0.3124267292,1194.200000,pre-2012 TIC classification
2002-11-01,2002M01-2007M12,All other foreign,264.100000,0.2164754098,1220.000000,pre-2012 TIC classification
2002-11-01,2002M01-2007M12,EU-27 (identifiable),158.000000,0.1295081967,1220.000000,pre-2012 TIC classification
2002-11-01,2002M01-2007M12,Middle East (reported/bridge),76.900000,0.0630327869,1220.000000,pre-2012 TIC classification
2002-11-01,2002M01-2007M12,Four Asian dragons,142.200000,0.1165573770,1220.000000,pre-2012 TIC classification
2002-11-01,2002M01-2007M12,Canada,9.000000,0.0073770492,1220.000000,pre-2012 TIC classification
2002-11-01,2002M01-2007M12,United Kingdom,82.500000,0.0676229508,1220.000000,pre-2012 TIC classification
2002-11-01,2002M01-2007M12,Mainland China,112.400000,0.0921311475,1220.000000,pre-2012 TIC classification
2002-11-01,2002M01-2007M12,Japan,374.900000,0.3072950820,1220.000000,pre-2012 TIC classification
2002-12-01,2002M01-2007M12,All other foreign,266.800000,0.2159274846,1235.600000,pre-2012 TIC classification
2002-12-01,2002M01-2007M12,EU-27 (identifiable),164.800000,0.1333764972,1235.600000,pre-2012 TIC classification
2002-12-01,2002M01-2007M12,Middle East (reported/bridge),75.600000,0.0611848495,1235.600000,pre-2012 TIC classification
2002-12-01,2002M01-2007M12,Four Asian dragons,140.700000,0.1138718032,1235.600000,pre-2012 TIC classification
2002-12-01,2002M01-2007M12,Canada,10.400000,0.0084169634,1235.600000,pre-2012 TIC classification
2002-12-01,2002M01-2007M12,United Kingdom,80.800000,0.0653933312,1235.600000,pre-2012 TIC classification
2002-12-01,2002M01-2007M12,Mainland China,118.400000,0.0958238912,1235.600000,pre-2012 TIC classification
2002-12-01,2002M01-2007M12,Japan,378.100000,0.3060051797,1235.600000,pre-2012 TIC classification
2003-02-01,2002M01-2007M12,All other foreign,279.400000,0.2259786477,1236.400000,pre-2012 TIC classification
2003-02-01,2002M01-2007M12,EU-27 (identifiable),151.900000,0.1228566807,1236.400000,pre-2012 TIC classification
2003-02-01,2002M01-2007M12,Middle East (reported/bridge),68.100000,0.0550792624,1236.400000,pre-2012 TIC classification
2003-02-01,2002M01-2007M12,Four Asian dragons,140.900000,0.1139598835,1236.400000,pre-2012 TIC classification
2003-02-01,2002M01-2007M12,Canada,7.300000,0.0059042381,1236.400000,pre-2012 TIC classification
2003-02-01,2002M01-2007M12,United Kingdom,75.900000,0.0613879004,1236.400000,pre-2012 TIC classification
2003-02-01,2002M01-2007M12,Mainland China,121.800000,0.0985118085,1236.400000,pre-2012 TIC classification
2003-02-01,2002M01-2007M12,Japan,391.100000,0.3163215788,1236.400000,pre-2012 TIC classification
2003-03-01,2002M01-2007M12,All other foreign,291.300000,0.2284347553,1275.200000,pre-2012 TIC classification
2003-03-01,2002M01-2007M12,EU-27 (identifiable),149.900000,0.1175501882,1275.200000,pre-2012 TIC classification
2003-03-01,2002M01-2007M12,Middle East (reported/bridge),69.200000,0.0542659975,1275.200000,pre-2012 TIC classification
2003-03-01,2002M01-2007M12,Four Asian dragons,141.400000,0.1108845671,1275.200000,pre-2012 TIC classification
2003-03-01,2002M01-2007M12,Canada,9.300000,0.0072929737,1275.200000,pre-2012 TIC classification
2003-03-01,2002M01-2007M12,United Kingdom,81.600000,0.0639899624,1275.200000,pre-2012 TIC classification
2003-03-01,2002M01-2007M12,Mainland China,133.200000,0.1044542033,1275.200000,pre-2012 TIC classification
2003-03-01,2002M01-2007M12,Japan,399.300000,0.3131273526,1275.200000,pre-2012 TIC classification
2003-04-01,2002M01-2007M12,All other foreign,289.600000,0.2266040689,1278.000000,pre-2012 TIC classification
2003-04-01,2002M01-2007M12,EU-27 (identifiable),154.400000,0.1208137715,1278.000000,pre-2012 TIC classification
2003-04-01,2002M01-2007M12,Middle East (reported/bridge),66.100000,0.0517214397,1278.000000,pre-2012 TIC classification
2003-04-01,2002M01-2007M12,Four Asian dragons,143.300000,0.1121283255,1278.000000,pre-2012 TIC classification
2003-04-01,2002M01-2007M12,Canada,11.000000,0.0086071987,1278.000000,pre-2012 TIC classification
2003-04-01,2002M01-2007M12,United Kingdom,77.800000,0.0608763693,1278.000000,pre-2012 TIC classification
2003-04-01,2002M01-2007M12,Mainland China,134.000000,0.1048513302,1278.000000,pre-2012 TIC classification
2003-04-01,2002M01-2007M12,Japan,401.800000,0.3143974961,1278.000000,pre-2012 TIC classification
2003-05-01,2002M01-2007M12,All other foreign,299.200000,0.2252842406,1328.100000,pre-2012 TIC classification
2003-05-01,2002M01-2007M12,EU-27 (identifiable),158.400000,0.1192681274,1328.100000,pre-2012 TIC classification
2003-05-01,2002M01-2007M12,Middle East (reported/bridge),64.100000,0.0482644379,1328.100000,pre-2012 TIC classification
2003-05-01,2002M01-2007M12,Four Asian dragons,141.800000,0.1067690686,1328.100000,pre-2012 TIC classification
2003-05-01,2002M01-2007M12,Canada,8.400000,0.0063248249,1328.100000,pre-2012 TIC classification
2003-05-01,2002M01-2007M12,United Kingdom,79.000000,0.0594834726,1328.100000,pre-2012 TIC classification
2003-05-01,2002M01-2007M12,Mainland China,135.800000,0.1022513365,1328.100000,pre-2012 TIC classification
2003-05-01,2002M01-2007M12,Japan,441.400000,0.3323544914,1328.100000,pre-2012 TIC classification
2003-06-01,2002M01-2007M12,All other foreign,300.600000,0.2194320753,1369.900000,pre-2012 TIC classification
2003-06-01,2002M01-2007M12,EU-27 (identifiable),164.100000,0.1197897657,1369.900000,pre-2012 TIC classification
2003-06-01,2002M01-2007M12,Middle East (reported/bridge),64.700000,0.0472297248,1369.900000,pre-2012 TIC classification
2003-06-01,2002M01-2007M12,Four Asian dragons,148.200000,0.1081830791,1369.900000,pre-2012 TIC classification
2003-06-01,2002M01-2007M12,Canada,12.500000,0.0091247536,1369.900000,pre-2012 TIC classification
2003-06-01,2002M01-2007M12,United Kingdom,89.500000,0.0653332360,1369.900000,pre-2012 TIC classification
2003-06-01,2002M01-2007M12,Mainland China,137.200000,0.1001532959,1369.900000,pre-2012 TIC classification
2003-06-01,2002M01-2007M12,Japan,453.100000,0.3307540696,1369.900000,pre-2012 TIC classification
2003-07-01,2002M01-2007M12,All other foreign,292.000000,0.2057787174,1419.000000,pre-2012 TIC classification
2003-07-01,2002M01-2007M12,EU-27 (identifiable),175.300000,0.1235377026,1419.000000,pre-2012 TIC classification
2003-07-01,2002M01-2007M12,Middle East (reported/bridge),67.800000,0.0477801268,1419.000000,pre-2012 TIC classification
2003-07-01,2002M01-2007M12,Four Asian dragons,170.900000,0.1204369274,1419.000000,pre-2012 TIC classification
2003-07-01,2002M01-2007M12,Canada,20.200000,0.0142353770,1419.000000,pre-2012 TIC classification
2003-07-01,2002M01-2007M12,United Kingdom,78.400000,0.0552501762,1419.000000,pre-2012 TIC classification
2003-07-01,2002M01-2007M12,Mainland China,151.300000,0.1066243834,1419.000000,pre-2012 TIC classification
2003-07-01,2002M01-2007M12,Japan,463.100000,0.3263565891,1419.000000,pre-2012 TIC classification
2003-08-01,2002M01-2007M12,All other foreign,293.800000,0.2033358710,1444.900000,pre-2012 TIC classification
2003-08-01,2002M01-2007M12,EU-27 (identifiable),180.500000,0.1249221399,1444.900000,pre-2012 TIC classification
2003-08-01,2002M01-2007M12,Middle East (reported/bridge),69.500000,0.0481002145,1444.900000,pre-2012 TIC classification
2003-08-01,2002M01-2007M12,Four Asian dragons,174.600000,0.1208388124,1444.900000,pre-2012 TIC classification
2003-08-01,2002M01-2007M12,Canada,22.600000,0.0156412208,1444.900000,pre-2012 TIC classification
2003-08-01,2002M01-2007M12,United Kingdom,83.700000,0.0579278843,1444.900000,pre-2012 TIC classification
2003-08-01,2002M01-2007M12,Mainland China,148.800000,0.1029829054,1444.900000,pre-2012 TIC classification
2003-08-01,2002M01-2007M12,Japan,471.400000,0.3262509516,1444.900000,pre-2012 TIC classification
2003-09-01,2002M01-2007M12,All other foreign,286.100000,0.1982262870,1443.300000,pre-2012 TIC classification
2003-09-01,2002M01-2007M12,EU-27 (identifiable),176.500000,0.1222891984,1443.300000,pre-2012 TIC classification
2003-09-01,2002M01-2007M12,Middle East (reported/bridge),71.600000,0.0496085360,1443.300000,pre-2012 TIC classification
2003-09-01,2002M01-2007M12,Four Asian dragons,175.500000,0.1215963417,1443.300000,pre-2012 TIC classification
2003-09-01,2002M01-2007M12,Canada,23.000000,0.0159357029,1443.300000,pre-2012 TIC classification
2003-09-01,2002M01-2007M12,United Kingdom,72.300000,0.0500935356,1443.300000,pre-2012 TIC classification
2003-09-01,2002M01-2007M12,Mainland China,147.100000,0.1019192129,1443.300000,pre-2012 TIC classification
2003-09-01,2002M01-2007M12,Japan,491.200000,0.3403311855,1443.300000,pre-2012 TIC classification
2003-10-01,2002M01-2007M12,All other foreign,277.200000,0.1909222398,1451.900000,pre-2012 TIC classification
2003-10-01,2002M01-2007M12,EU-27 (identifiable),173.900000,0.1197740891,1451.900000,pre-2012 TIC classification
2003-10-01,2002M01-2007M12,Middle East (reported/bridge),68.400000,0.0471106826,1451.900000,pre-2012 TIC classification
2003-10-01,2002M01-2007M12,Four Asian dragons,177.400000,0.1221847235,1451.900000,pre-2012 TIC classification
2003-10-01,2002M01-2007M12,Canada,18.800000,0.0129485502,1451.900000,pre-2012 TIC classification
2003-10-01,2002M01-2007M12,United Kingdom,77.000000,0.0530339555,1451.900000,pre-2012 TIC classification
2003-10-01,2002M01-2007M12,Mainland China,151.500000,0.1043460293,1451.900000,pre-2012 TIC classification
2003-10-01,2002M01-2007M12,Japan,507.700000,0.3496797300,1451.900000,pre-2012 TIC classification
2003-11-01,2002M01-2007M12,All other foreign,284.200000,0.1896816392,1498.300000,pre-2012 TIC classification
2003-11-01,2002M01-2007M12,EU-27 (identifiable),176.600000,0.1178669158,1498.300000,pre-2012 TIC classification
2003-11-01,2002M01-2007M12,Middle East (reported/bridge),70.200000,0.0468531002,1498.300000,pre-2012 TIC classification
2003-11-01,2002M01-2007M12,Four Asian dragons,183.800000,0.1226723620,1498.300000,pre-2012 TIC classification
2003-11-01,2002M01-2007M12,Canada,20.300000,0.0135486885,1498.300000,pre-2012 TIC classification
2003-11-01,2002M01-2007M12,United Kingdom,77.900000,0.0519922579,1498.300000,pre-2012 TIC classification
2003-11-01,2002M01-2007M12,Mainland China,154.200000,0.1029166389,1498.300000,pre-2012 TIC classification
2003-11-01,2002M01-2007M12,Japan,531.100000,0.3544683975,1498.300000,pre-2012 TIC classification
2003-12-01,2002M01-2007M12,All other foreign,285.400000,0.1873809993,1523.100000,pre-2012 TIC classification
2003-12-01,2002M01-2007M12,EU-27 (identifiable),165.800000,0.1088569365,1523.100000,pre-2012 TIC classification
2003-12-01,2002M01-2007M12,Middle East (reported/bridge),70.500000,0.0462871775,1523.100000,pre-2012 TIC classification
2003-12-01,2002M01-2007M12,Four Asian dragons,185.200000,0.1215941173,1523.100000,pre-2012 TIC classification
2003-12-01,2002M01-2007M12,Canada,24.200000,0.0158886482,1523.100000,pre-2012 TIC classification
2003-12-01,2002M01-2007M12,United Kingdom,82.200000,0.0539688793,1523.100000,pre-2012 TIC classification
2003-12-01,2002M01-2007M12,Mainland China,159.000000,0.1043923577,1523.100000,pre-2012 TIC classification
2003-12-01,2002M01-2007M12,Japan,550.800000,0.3616308844,1523.100000,pre-2012 TIC classification
2004-02-01,2002M01-2007M12,All other foreign,289.800000,0.1800894855,1609.200000,pre-2012 TIC classification
2004-02-01,2002M01-2007M12,EU-27 (identifiable),166.000000,0.1031568481,1609.200000,pre-2012 TIC classification
2004-02-01,2002M01-2007M12,Middle East (reported/bridge),69.900000,0.0434377330,1609.200000,pre-2012 TIC classification
2004-02-01,2002M01-2007M12,Four Asian dragons,192.200000,0.1194382302,1609.200000,pre-2012 TIC classification
2004-02-01,2002M01-2007M12,Canada,28.600000,0.0177728064,1609.200000,pre-2012 TIC classification
2004-02-01,2002M01-2007M12,United Kingdom,94.500000,0.0587248322,1609.200000,pre-2012 TIC classification
2004-02-01,2002M01-2007M12,Mainland China,155.000000,0.0963211534,1609.200000,pre-2012 TIC classification
2004-02-01,2002M01-2007M12,Japan,613.200000,0.3810589113,1609.200000,pre-2012 TIC classification
2004-03-01,2002M01-2007M12,All other foreign,301.100000,0.1802994012,1670.000000,pre-2012 TIC classification
2004-03-01,2002M01-2007M12,EU-27 (identifiable),168.600000,0.1009580838,1670.000000,pre-2012 TIC classification
2004-03-01,2002M01-2007M12,Middle East (reported/bridge),74.800000,0.0447904192,1670.000000,pre-2012 TIC classification
2004-03-01,2002M01-2007M12,Four Asian dragons,192.100000,0.1150299401,1670.000000,pre-2012 TIC classification
2004-03-01,2002M01-2007M12,Canada,31.100000,0.0186227545,1670.000000,pre-2012 TIC classification
2004-03-01,2002M01-2007M12,United Kingdom,98.300000,0.0588622754,1670.000000,pre-2012 TIC classification
2004-03-01,2002M01-2007M12,Mainland China,158.700000,0.0950299401,1670.000000,pre-2012 TIC classification
2004-03-01,2002M01-2007M12,Japan,645.300000,0.3864071856,1670.000000,pre-2012 TIC classification
2004-04-01,2002M01-2007M12,All other foreign,305.400000,0.1784712482,1711.200000,pre-2012 TIC classification
2004-04-01,2002M01-2007M12,EU-27 (identifiable),171.300000,0.1001051893,1711.200000,pre-2012 TIC classification
2004-04-01,2002M01-2007M12,Middle East (reported/bridge),77.200000,0.0451145395,1711.200000,pre-2012 TIC classification
2004-04-01,2002M01-2007M12,Four Asian dragons,194.600000,0.1137213651,1711.200000,pre-2012 TIC classification
2004-04-01,2002M01-2007M12,Canada,33.800000,0.0197522207,1711.200000,pre-2012 TIC classification
2004-04-01,2002M01-2007M12,United Kingdom,113.200000,0.0661524077,1711.200000,pre-2012 TIC classification
2004-04-01,2002M01-2007M12,Mainland China,163.900000,0.0957807387,1711.200000,pre-2012 TIC classification
2004-04-01,2002M01-2007M12,Japan,651.800000,0.3809022908,1711.200000,pre-2012 TIC classification
2004-05-01,2002M01-2007M12,All other foreign,316.500000,0.1815001720,1743.800000,pre-2012 TIC classification
2004-05-01,2002M01-2007M12,EU-27 (identifiable),174.300000,0.0999541232,1743.800000,pre-2012 TIC classification
2004-05-01,2002M01-2007M12,Middle East (reported/bridge),79.800000,0.0457621287,1743.800000,pre-2012 TIC classification
2004-05-01,2002M01-2007M12,Four Asian dragons,193.800000,0.1111365982,1743.800000,pre-2012 TIC classification
2004-05-01,2002M01-2007M12,Canada,33.800000,0.0193829568,1743.800000,pre-2012 TIC classification
2004-05-01,2002M01-2007M12,United Kingdom,113.400000,0.0650303934,1743.800000,pre-2012 TIC classification
2004-05-01,2002M01-2007M12,Mainland China,165.800000,0.0950797110,1743.800000,pre-2012 TIC classification
2004-05-01,2002M01-2007M12,Japan,666.400000,0.3821539167,1743.800000,pre-2012 TIC classification
2004-06-01,2002M01-2007M12,All other foreign,359.200000,0.1973192705,1820.400000,pre-2012 TIC classification
2004-06-01,2002M01-2007M12,EU-27 (identifiable),173.700000,0.0954185893,1820.400000,pre-2012 TIC classification
2004-06-01,2002M01-2007M12,Middle East (reported/bridge),85.000000,0.0466930345,1820.400000,pre-2012 TIC classification
2004-06-01,2002M01-2007M12,Four Asian dragons,196.900000,0.1081630411,1820.400000,pre-2012 TIC classification
2004-06-01,2002M01-2007M12,Canada,31.300000,0.0171940233,1820.400000,pre-2012 TIC classification
2004-06-01,2002M01-2007M12,United Kingdom,119.300000,0.0655350472,1820.400000,pre-2012 TIC classification
2004-06-01,2002M01-2007M12,Mainland China,166.600000,0.0915183476,1820.400000,pre-2012 TIC classification
2004-06-01,2002M01-2007M12,Japan,688.400000,0.3781586465,1820.400000,pre-2012 TIC classification
2004-07-01,2002M01-2007M12,All other foreign,330.200000,0.1884810777,1751.900000,pre-2012 TIC classification
2004-07-01,2002M01-2007M12,EU-27 (identifiable),197.400000,0.1126776643,1751.900000,pre-2012 TIC classification
2004-07-01,2002M01-2007M12,Middle East (reported/bridge),84.700000,0.0483475084,1751.900000,pre-2012 TIC classification
2004-07-01,2002M01-2007M12,Four Asian dragons,184.600000,0.1053713111,1751.900000,pre-2012 TIC classification
2004-07-01,2002M01-2007M12,Canada,25.900000,0.0147839489,1751.900000,pre-2012 TIC classification
2004-07-01,2002M01-2007M12,United Kingdom,57.300000,0.0327073463,1751.900000,pre-2012 TIC classification
2004-07-01,2002M01-2007M12,Mainland China,196.400000,0.1121068554,1751.900000,pre-2012 TIC classification
2004-07-01,2002M01-2007M12,Japan,675.400000,0.3855242879,1751.900000,pre-2012 TIC classification
2004-08-01,2002M01-2007M12,All other foreign,330.300000,0.1865996271,1770.100000,pre-2012 TIC classification
2004-08-01,2002M01-2007M12,EU-27 (identifiable),188.200000,0.1063216767,1770.100000,pre-2012 TIC classification
2004-08-01,2002M01-2007M12,Middle East (reported/bridge),79.600000,0.0449692108,1770.100000,pre-2012 TIC classification
2004-08-01,2002M01-2007M12,Four Asian dragons,183.900000,0.1038924355,1770.100000,pre-2012 TIC classification
2004-08-01,2002M01-2007M12,Canada,25.700000,0.0145189537,1770.100000,pre-2012 TIC classification
2004-08-01,2002M01-2007M12,United Kingdom,61.400000,0.0346873058,1770.100000,pre-2012 TIC classification
2004-08-01,2002M01-2007M12,Mainland China,201.600000,0.1138918705,1770.100000,pre-2012 TIC classification
2004-08-01,2002M01-2007M12,Japan,699.400000,0.3951189198,1770.100000,pre-2012 TIC classification
2004-09-01,2002M01-2007M12,All other foreign,331.400000,0.1846753970,1794.500000,pre-2012 TIC classification
2004-09-01,2002M01-2007M12,EU-27 (identifiable),193.800000,0.1079966565,1794.500000,pre-2012 TIC classification
2004-09-01,2002M01-2007M12,Middle East (reported/bridge),86.700000,0.0483142937,1794.500000,pre-2012 TIC classification
2004-09-01,2002M01-2007M12,Four Asian dragons,186.200000,0.1037614935,1794.500000,pre-2012 TIC classification
2004-09-01,2002M01-2007M12,Canada,26.100000,0.0145444413,1794.500000,pre-2012 TIC classification
2004-09-01,2002M01-2007M12,United Kingdom,62.000000,0.0345500139,1794.500000,pre-2012 TIC classification
2004-09-01,2002M01-2007M12,Mainland China,209.400000,0.1166898858,1794.500000,pre-2012 TIC classification
2004-09-01,2002M01-2007M12,Japan,698.900000,0.3894678183,1794.500000,pre-2012 TIC classification
2004-10-01,2002M01-2007M12,All other foreign,342.100000,0.1887240029,1812.700000,pre-2012 TIC classification
2004-10-01,2002M01-2007M12,EU-27 (identifiable),193.800000,0.1069123407,1812.700000,pre-2012 TIC classification
2004-10-01,2002M01-2007M12,Middle East (reported/bridge),88.700000,0.0489325316,1812.700000,pre-2012 TIC classification
2004-10-01,2002M01-2007M12,Four Asian dragons,188.000000,0.1037126938,1812.700000,pre-2012 TIC classification
2004-10-01,2002M01-2007M12,Canada,26.600000,0.0146742428,1812.700000,pre-2012 TIC classification
2004-10-01,2002M01-2007M12,United Kingdom,66.400000,0.0366304408,1812.700000,pre-2012 TIC classification
2004-10-01,2002M01-2007M12,Mainland China,214.800000,0.1184972693,1812.700000,pre-2012 TIC classification
2004-10-01,2002M01-2007M12,Japan,692.300000,0.3819164782,1812.700000,pre-2012 TIC classification
2004-11-01,2002M01-2007M12,All other foreign,329.900000,0.1786526589,1846.600000,pre-2012 TIC classification
2004-11-01,2002M01-2007M12,EU-27 (identifiable),200.600000,0.1086320806,1846.600000,pre-2012 TIC classification
2004-11-01,2002M01-2007M12,Middle East (reported/bridge),90.700000,0.0491172967,1846.600000,pre-2012 TIC classification
2004-11-01,2002M01-2007M12,Four Asian dragons,195.300000,0.1057619409,1846.600000,pre-2012 TIC classification
2004-11-01,2002M01-2007M12,Canada,32.300000,0.0174916062,1846.600000,pre-2012 TIC classification
2004-11-01,2002M01-2007M12,United Kingdom,84.500000,0.0457597747,1846.600000,pre-2012 TIC classification
2004-11-01,2002M01-2007M12,Mainland China,220.200000,0.1192461822,1846.600000,pre-2012 TIC classification
2004-11-01,2002M01-2007M12,Japan,693.100000,0.3753384599,1846.600000,pre-2012 TIC classification
2004-12-01,2002M01-2007M12,All other foreign,319.500000,0.1727680744,1849.300000,pre-2012 TIC classification
2004-12-01,2002M01-2007M12,EU-27 (identifiable),201.700000,0.1090682961,1849.300000,pre-2012 TIC classification
2004-12-01,2002M01-2007M12,Middle East (reported/bridge),87.800000,0.0474774239,1849.300000,pre-2012 TIC classification
2004-12-01,2002M01-2007M12,Four Asian dragons,198.400000,0.1072838371,1849.300000,pre-2012 TIC classification
2004-12-01,2002M01-2007M12,Canada,33.300000,0.0180068134,1849.300000,pre-2012 TIC classification
2004-12-01,2002M01-2007M12,United Kingdom,95.800000,0.0518033851,1849.300000,pre-2012 TIC classification
2004-12-01,2002M01-2007M12,Mainland China,222.900000,0.1205320932,1849.300000,pre-2012 TIC classification
2004-12-01,2002M01-2007M12,Japan,689.900000,0.3730600768,1849.300000,pre-2012 TIC classification
2005-02-01,2002M01-2007M12,All other foreign,362.900000,0.1895633097,1914.400000,pre-2012 TIC classification
2005-02-01,2002M01-2007M12,EU-27 (identifiable),214.400000,0.1119933138,1914.400000,pre-2012 TIC classification
2005-02-01,2002M01-2007M12,Middle East (reported/bridge),92.400000,0.0482657752,1914.400000,pre-2012 TIC classification
2005-02-01,2002M01-2007M12,Four Asian dragons,196.800000,0.1027998328,1914.400000,pre-2012 TIC classification
2005-02-01,2002M01-2007M12,Canada,38.100000,0.0199017969,1914.400000,pre-2012 TIC classification
2005-02-01,2002M01-2007M12,United Kingdom,104.100000,0.0543773506,1914.400000,pre-2012 TIC classification
2005-02-01,2002M01-2007M12,Mainland China,224.900000,0.1174780610,1914.400000,pre-2012 TIC classification
2005-02-01,2002M01-2007M12,Japan,680.800000,0.3556205600,1914.400000,pre-2012 TIC classification
2005-03-01,2002M01-2007M12,All other foreign,381.200000,0.1952668784,1952.200000,pre-2012 TIC classification
2005-03-01,2002M01-2007M12,EU-27 (identifiable),217.300000,0.1113103166,1952.200000,pre-2012 TIC classification
2005-03-01,2002M01-2007M12,Middle East (reported/bridge),88.500000,0.0453334699,1952.200000,pre-2012 TIC classification
2005-03-01,2002M01-2007M12,Four Asian dragons,205.500000,0.1052658539,1952.200000,pre-2012 TIC classification
2005-03-01,2002M01-2007M12,Canada,38.400000,0.0196701158,1952.200000,pre-2012 TIC classification
2005-03-01,2002M01-2007M12,United Kingdom,116.000000,0.0594201414,1952.200000,pre-2012 TIC classification
2005-03-01,2002M01-2007M12,Mainland China,223.700000,0.1145886692,1952.200000,pre-2012 TIC classification
2005-03-01,2002M01-2007M12,Japan,681.600000,0.3491445549,1952.200000,pre-2012 TIC classification
2005-04-01,2002M01-2007M12,All other foreign,385.100000,0.1944065829,1980.900000,pre-2012 TIC classification
2005-04-01,2002M01-2007M12,EU-27 (identifiable),218.200000,0.1101519511,1980.900000,pre-2012 TIC classification
2005-04-01,2002M01-2007M12,Middle East (reported/bridge),83.000000,0.0419001464,1980.900000,pre-2012 TIC classification
2005-04-01,2002M01-2007M12,Four Asian dragons,205.100000,0.1035387955,1980.900000,pre-2012 TIC classification
2005-04-01,2002M01-2007M12,Canada,42.100000,0.0212529658,1980.900000,pre-2012 TIC classification
2005-04-01,2002M01-2007M12,United Kingdom,119.000000,0.0600737039,1980.900000,pre-2012 TIC classification
2005-04-01,2002M01-2007M12,Mainland China,240.200000,0.1212580140,1980.900000,pre-2012 TIC classification
2005-04-01,2002M01-2007M12,Japan,688.200000,0.3474178404,1980.900000,pre-2012 TIC classification
2005-05-01,2002M01-2007M12,All other foreign,365.000000,0.1841667087,1981.900000,pre-2012 TIC classification
2005-05-01,2002M01-2007M12,EU-27 (identifiable),227.300000,0.1146879257,1981.900000,pre-2012 TIC classification
2005-05-01,2002M01-2007M12,Middle East (reported/bridge),83.200000,0.0419799183,1981.900000,pre-2012 TIC classification
2005-05-01,2002M01-2007M12,Four Asian dragons,209.000000,0.1054543620,1981.900000,pre-2012 TIC classification
2005-05-01,2002M01-2007M12,Canada,41.100000,0.0207376760,1981.900000,pre-2012 TIC classification
2005-05-01,2002M01-2007M12,United Kingdom,126.400000,0.0637771835,1981.900000,pre-2012 TIC classification
2005-05-01,2002M01-2007M12,Mainland China,243.100000,0.1226600737,1981.900000,pre-2012 TIC classification
2005-05-01,2002M01-2007M12,Japan,686.800000,0.3465361522,1981.900000,pre-2012 TIC classification
2005-06-01,2002M01-2007M12,All other foreign,358.500000,0.1818596865,1971.300000,pre-2012 TIC classification
2005-06-01,2002M01-2007M12,EU-27 (identifiable),213.900000,0.1085070765,1971.300000,pre-2012 TIC classification
2005-06-01,2002M01-2007M12,Middle East (reported/bridge),80.500000,0.0408359966,1971.300000,pre-2012 TIC classification
2005-06-01,2002M01-2007M12,Four Asian dragons,209.300000,0.1061735910,1971.300000,pre-2012 TIC classification
2005-06-01,2002M01-2007M12,Canada,43.800000,0.0222188404,1971.300000,pre-2012 TIC classification
2005-06-01,2002M01-2007M12,United Kingdom,140.800000,0.0714249480,1971.300000,pre-2012 TIC classification
2005-06-01,2002M01-2007M12,Mainland China,243.300000,0.1234210927,1971.300000,pre-2012 TIC classification
2005-06-01,2002M01-2007M12,Japan,681.200000,0.3455587683,1971.300000,pre-2012 TIC classification
2005-07-01,2002M01-2007M12,All other foreign,328.000000,0.1727042965,1899.200000,pre-2012 TIC classification
2005-07-01,2002M01-2007M12,EU-27 (identifiable),209.400000,0.1102569503,1899.200000,pre-2012 TIC classification
2005-07-01,2002M01-2007M12,Middle East (reported/bridge),91.200000,0.0480202190,1899.200000,pre-2012 TIC classification
2005-07-01,2002M01-2007M12,Four Asian dragons,210.200000,0.1106781803,1899.200000,pre-2012 TIC classification
2005-07-01,2002M01-2007M12,Canada,21.400000,0.0112679023,1899.200000,pre-2012 TIC classification
2005-07-01,2002M01-2007M12,United Kingdom,73.200000,0.0385425442,1899.200000,pre-2012 TIC classification
2005-07-01,2002M01-2007M12,Mainland China,296.400000,0.1560657119,1899.200000,pre-2012 TIC classification
2005-07-01,2002M01-2007M12,Japan,669.400000,0.3524641955,1899.200000,pre-2012 TIC classification
2005-08-01,2002M01-2007M12,All other foreign,331.100000,0.1719196220,1925.900000,pre-2012 TIC classification
2005-08-01,2002M01-2007M12,EU-27 (identifiable),211.800000,0.1099745573,1925.900000,pre-2012 TIC classification
2005-08-01,2002M01-2007M12,Middle East (reported/bridge),92.100000,0.0478217976,1925.900000,pre-2012 TIC classification
2005-08-01,2002M01-2007M12,Four Asian dragons,208.600000,0.1083129965,1925.900000,pre-2012 TIC classification
2005-08-01,2002M01-2007M12,Canada,23.000000,0.0119424685,1925.900000,pre-2012 TIC classification
2005-08-01,2002M01-2007M12,United Kingdom,87.200000,0.0452775326,1925.900000,pre-2012 TIC classification
2005-08-01,2002M01-2007M12,Mainland China,302.100000,0.1568617270,1925.900000,pre-2012 TIC classification
2005-08-01,2002M01-2007M12,Japan,670.000000,0.3478892985,1925.900000,pre-2012 TIC classification
2005-09-01,2002M01-2007M12,All other foreign,319.100000,0.1653710614,1929.600000,pre-2012 TIC classification
2005-09-01,2002M01-2007M12,EU-27 (identifiable),209.400000,0.1085199005,1929.600000,pre-2012 TIC classification
2005-09-01,2002M01-2007M12,Middle East (reported/bridge),92.500000,0.0479373964,1929.600000,pre-2012 TIC classification
2005-09-01,2002M01-2007M12,Four Asian dragons,211.300000,0.1095045605,1929.600000,pre-2012 TIC classification
2005-09-01,2002M01-2007M12,Canada,22.400000,0.0116086235,1929.600000,pre-2012 TIC classification
2005-09-01,2002M01-2007M12,United Kingdom,95.800000,0.0496475954,1929.600000,pre-2012 TIC classification
2005-09-01,2002M01-2007M12,Mainland China,306.300000,0.1587375622,1929.600000,pre-2012 TIC classification
2005-09-01,2002M01-2007M12,Japan,672.800000,0.3486733002,1929.600000,pre-2012 TIC classification
2005-10-01,2002M01-2007M12,All other foreign,339.900000,0.1729859026,1964.900000,pre-2012 TIC classification
2005-10-01,2002M01-2007M12,EU-27 (identifiable),215.600000,0.1097256858,1964.900000,pre-2012 TIC classification
2005-10-01,2002M01-2007M12,Middle East (reported/bridge),103.000000,0.0524199705,1964.900000,pre-2012 TIC classification
2005-10-01,2002M01-2007M12,Four Asian dragons,210.500000,0.1071301338,1964.900000,pre-2012 TIC classification
2005-10-01,2002M01-2007M12,Canada,26.300000,0.0133849051,1964.900000,pre-2012 TIC classification
2005-10-01,2002M01-2007M12,United Kingdom,100.300000,0.0510458548,1964.900000,pre-2012 TIC classification
2005-10-01,2002M01-2007M12,Mainland China,301.700000,0.1535447097,1964.900000,pre-2012 TIC classification
2005-10-01,2002M01-2007M12,Japan,667.600000,0.3397628378,1964.900000,pre-2012 TIC classification
2005-11-01,2002M01-2007M12,All other foreign,357.300000,0.1756637168,2034.000000,pre-2012 TIC classification
2005-11-01,2002M01-2007M12,EU-27 (identifiable),219.000000,0.1076696165,2034.000000,pre-2012 TIC classification
2005-11-01,2002M01-2007M12,Middle East (reported/bridge),108.600000,0.0533923304,2034.000000,pre-2012 TIC classification
2005-11-01,2002M01-2007M12,Four Asian dragons,213.300000,0.1048672566,2034.000000,pre-2012 TIC classification
2005-11-01,2002M01-2007M12,Canada,28.500000,0.0140117994,2034.000000,pre-2012 TIC classification
2005-11-01,2002M01-2007M12,United Kingdom,135.500000,0.0666175025,2034.000000,pre-2012 TIC classification
2005-11-01,2002M01-2007M12,Mainland China,303.900000,0.1494100295,2034.000000,pre-2012 TIC classification
2005-11-01,2002M01-2007M12,Japan,667.900000,0.3283677483,2034.000000,pre-2012 TIC classification
2005-12-01,2002M01-2007M12,All other foreign,347.300000,0.1707556910,2033.900000,pre-2012 TIC classification
2005-12-01,2002M01-2007M12,EU-27 (identifiable),214.200000,0.1053149122,2033.900000,pre-2012 TIC classification
2005-12-01,2002M01-2007M12,Middle East (reported/bridge),108.100000,0.0531491224,2033.900000,pre-2012 TIC classification
2005-12-01,2002M01-2007M12,Four Asian dragons,210.400000,0.1034465805,2033.900000,pre-2012 TIC classification
2005-12-01,2002M01-2007M12,Canada,27.900000,0.0137174886,2033.900000,pre-2012 TIC classification
2005-12-01,2002M01-2007M12,United Kingdom,146.000000,0.0717832735,2033.900000,pre-2012 TIC classification
2005-12-01,2002M01-2007M12,Mainland China,310.000000,0.1524165397,2033.900000,pre-2012 TIC classification
2005-12-01,2002M01-2007M12,Japan,670.000000,0.3294163922,2033.900000,pre-2012 TIC classification
2006-02-01,2002M01-2007M12,All other foreign,337.300000,0.1628445904,2071.300000,pre-2012 TIC classification
2006-02-01,2002M01-2007M12,EU-27 (identifiable),214.300000,0.1034615942,2071.300000,pre-2012 TIC classification
2006-02-01,2002M01-2007M12,Middle East (reported/bridge),130.200000,0.0628590740,2071.300000,pre-2012 TIC classification
2006-02-01,2002M01-2007M12,Four Asian dragons,220.200000,0.1063100468,2071.300000,pre-2012 TIC classification
2006-02-01,2002M01-2007M12,Canada,32.100000,0.0154975136,2071.300000,pre-2012 TIC classification
2006-02-01,2002M01-2007M12,United Kingdom,162.400000,0.0784048665,2071.300000,pre-2012 TIC classification
2006-02-01,2002M01-2007M12,Mainland China,318.400000,0.1537198861,2071.300000,pre-2012 TIC classification
2006-02-01,2002M01-2007M12,Japan,656.400000,0.3169024284,2071.300000,pre-2012 TIC classification
2006-03-01,2002M01-2007M12,All other foreign,345.400000,0.1658902070,2082.100000,pre-2012 TIC classification
2006-03-01,2002M01-2007M12,EU-27 (identifiable),213.800000,0.1026847894,2082.100000,pre-2012 TIC classification
2006-03-01,2002M01-2007M12,Middle East (reported/bridge),131.400000,0.0631093607,2082.100000,pre-2012 TIC classification
2006-03-01,2002M01-2007M12,Four Asian dragons,221.100000,0.1061908650,2082.100000,pre-2012 TIC classification
2006-03-01,2002M01-2007M12,Canada,33.000000,0.0158493828,2082.100000,pre-2012 TIC classification
2006-03-01,2002M01-2007M12,United Kingdom,179.200000,0.0860669516,2082.100000,pre-2012 TIC classification
2006-03-01,2002M01-2007M12,Mainland China,319.200000,0.1533067576,2082.100000,pre-2012 TIC classification
2006-03-01,2002M01-2007M12,Japan,639.000000,0.3069016858,2082.100000,pre-2012 TIC classification
2006-04-01,2002M01-2007M12,All other foreign,327.800000,0.1591648458,2059.500000,pre-2012 TIC classification
2006-04-01,2002M01-2007M12,EU-27 (identifiable),209.300000,0.1016266084,2059.500000,pre-2012 TIC classification
2006-04-01,2002M01-2007M12,Middle East (reported/bridge),134.700000,0.0654042243,2059.500000,pre-2012 TIC classification
2006-04-01,2002M01-2007M12,Four Asian dragons,226.100000,0.1097839281,2059.500000,pre-2012 TIC classification
2006-04-01,2002M01-2007M12,Canada,34.900000,0.0169458606,2059.500000,pre-2012 TIC classification
2006-04-01,2002M01-2007M12,United Kingdom,166.200000,0.0806991988,2059.500000,pre-2012 TIC classification
2006-04-01,2002M01-2007M12,Mainland China,321.100000,0.1559116290,2059.500000,pre-2012 TIC classification
2006-04-01,2002M01-2007M12,Japan,639.400000,0.3104637048,2059.500000,pre-2012 TIC classification
2006-05-01,2002M01-2007M12,All other foreign,326.200000,0.1574780342,2071.400000,pre-2012 TIC classification
2006-05-01,2002M01-2007M12,EU-27 (identifiable),213.800000,0.1032152168,2071.400000,pre-2012 TIC classification
2006-05-01,2002M01-2007M12,Middle East (reported/bridge),137.900000,0.0665733320,2071.400000,pre-2012 TIC classification
2006-05-01,2002M01-2007M12,Four Asian dragons,220.100000,0.1062566380,2071.400000,pre-2012 TIC classification
2006-05-01,2002M01-2007M12,Canada,38.600000,0.0186347398,2071.400000,pre-2012 TIC classification
2006-05-01,2002M01-2007M12,United Kingdom,174.200000,0.0840977117,2071.400000,pre-2012 TIC classification
2006-05-01,2002M01-2007M12,Mainland China,324.500000,0.1566573332,2071.400000,pre-2012 TIC classification
2006-05-01,2002M01-2007M12,Japan,636.100000,0.3070869943,2071.400000,pre-2012 TIC classification
2006-06-01,2002M01-2007M12,All other foreign,326.500000,0.1558249415,2095.300000,pre-2012 TIC classification
2006-06-01,2002M01-2007M12,EU-27 (identifiable),214.400000,0.1023242495,2095.300000,pre-2012 TIC classification
2006-06-01,2002M01-2007M12,Middle East (reported/bridge),132.400000,0.0631890421,2095.300000,pre-2012 TIC classification
2006-06-01,2002M01-2007M12,Four Asian dragons,219.100000,0.1045673651,2095.300000,pre-2012 TIC classification
2006-06-01,2002M01-2007M12,Canada,38.600000,0.0184221830,2095.300000,pre-2012 TIC classification
2006-06-01,2002M01-2007M12,United Kingdom,200.900000,0.0958812581,2095.300000,pre-2012 TIC classification
2006-06-01,2002M01-2007M12,Mainland China,328.000000,0.1565408295,2095.300000,pre-2012 TIC classification
2006-06-01,2002M01-2007M12,Japan,635.400000,0.3032501312,2095.300000,pre-2012 TIC classification
2006-07-01,2002M01-2007M12,All other foreign,368.600000,0.1849565959,1992.900000,pre-2012 TIC classification
2006-07-01,2002M01-2007M12,EU-27 (identifiable),211.900000,0.1063274625,1992.900000,pre-2012 TIC classification
2006-07-01,2002M01-2007M12,Middle East (reported/bridge),141.400000,0.0709518792,1992.900000,pre-2012 TIC classification
2006-07-01,2002M01-2007M12,Four Asian dragons,212.000000,0.1063776406,1992.900000,pre-2012 TIC classification
2006-07-01,2002M01-2007M12,Canada,21.600000,0.0108384766,1992.900000,pre-2012 TIC classification
2006-07-01,2002M01-2007M12,United Kingdom,44.300000,0.0222289126,1992.900000,pre-2012 TIC classification
2006-07-01,2002M01-2007M12,Mainland China,378.200000,0.1897736966,1992.900000,pre-2012 TIC classification
2006-07-01,2002M01-2007M12,Japan,614.900000,0.3085453359,1992.900000,pre-2012 TIC classification
2006-08-01,2002M01-2007M12,All other foreign,373.400000,0.1832188420,2038.000000,pre-2012 TIC classification
2006-08-01,2002M01-2007M12,EU-27 (identifiable),214.100000,0.1050539745,2038.000000,pre-2012 TIC classification
2006-08-01,2002M01-2007M12,Middle East (reported/bridge),146.800000,0.0720314033,2038.000000,pre-2012 TIC classification
2006-08-01,2002M01-2007M12,Four Asian dragons,210.700000,0.1033856722,2038.000000,pre-2012 TIC classification
2006-08-01,2002M01-2007M12,Canada,28.300000,0.0138861629,2038.000000,pre-2012 TIC classification
2006-08-01,2002M01-2007M12,United Kingdom,54.700000,0.0268400393,2038.000000,pre-2012 TIC classification
2006-08-01,2002M01-2007M12,Mainland China,386.500000,0.1896467125,2038.000000,pre-2012 TIC classification
2006-08-01,2002M01-2007M12,Japan,623.500000,0.3059371933,2038.000000,pre-2012 TIC classification
2006-09-01,2002M01-2007M12,All other foreign,361.500000,0.1784920752,2025.300000,pre-2012 TIC classification
2006-09-01,2002M01-2007M12,EU-27 (identifiable),208.400000,0.1028983360,2025.300000,pre-2012 TIC classification
2006-09-01,2002M01-2007M12,Middle East (reported/bridge),146.500000,0.0723349627,2025.300000,pre-2012 TIC classification
2006-09-01,2002M01-2007M12,Four Asian dragons,210.700000,0.1040339703,2025.300000,pre-2012 TIC classification
2006-09-01,2002M01-2007M12,Canada,28.800000,0.0142201155,2025.300000,pre-2012 TIC classification
2006-09-01,2002M01-2007M12,United Kingdom,61.600000,0.0304152471,2025.300000,pre-2012 TIC classification
2006-09-01,2002M01-2007M12,Mainland China,389.700000,0.1924159384,2025.300000,pre-2012 TIC classification
2006-09-01,2002M01-2007M12,Japan,618.100000,0.3051893547,2025.300000,pre-2012 TIC classification
2006-10-01,2002M01-2007M12,All other foreign,383.300000,0.1865751558,2054.400000,pre-2012 TIC classification
2006-10-01,2002M01-2007M12,EU-27 (identifiable),221.200000,0.1076713396,2054.400000,pre-2012 TIC classification
2006-10-01,2002M01-2007M12,Middle East (reported/bridge),140.800000,0.0685358255,2054.400000,pre-2012 TIC classification
2006-10-01,2002M01-2007M12,Four Asian dragons,208.200000,0.1013434579,2054.400000,pre-2012 TIC classification
2006-10-01,2002M01-2007M12,Canada,28.900000,0.0140673676,2054.400000,pre-2012 TIC classification
2006-10-01,2002M01-2007M12,United Kingdom,61.700000,0.0300330997,2054.400000,pre-2012 TIC classification
2006-10-01,2002M01-2007M12,Mainland China,392.200000,0.1909073209,2054.400000,pre-2012 TIC classification
2006-10-01,2002M01-2007M12,Japan,618.100000,0.3008664330,2054.400000,pre-2012 TIC classification
2006-11-01,2002M01-2007M12,All other foreign,409.900000,0.1954697186,2097.000000,pre-2012 TIC classification
2006-11-01,2002M01-2007M12,EU-27 (identifiable),226.600000,0.1080591321,2097.000000,pre-2012 TIC classification
2006-11-01,2002M01-2007M12,Middle East (reported/bridge),141.500000,0.0674773486,2097.000000,pre-2012 TIC classification
2006-11-01,2002M01-2007M12,Four Asian dragons,206.000000,0.0982355746,2097.000000,pre-2012 TIC classification
2006-11-01,2002M01-2007M12,Canada,27.200000,0.0129709108,2097.000000,pre-2012 TIC classification
2006-11-01,2002M01-2007M12,United Kingdom,76.100000,0.0362899380,2097.000000,pre-2012 TIC classification
2006-11-01,2002M01-2007M12,Mainland China,393.800000,0.1877920839,2097.000000,pre-2012 TIC classification
2006-11-01,2002M01-2007M12,Japan,615.900000,0.2937052933,2097.000000,pre-2012 TIC classification
2006-12-01,2002M01-2007M12,All other foreign,389.500000,0.1852027959,2103.100000,pre-2012 TIC classification
2006-12-01,2002M01-2007M12,EU-27 (identifiable),217.400000,0.1033712139,2103.100000,pre-2012 TIC classification
2006-12-01,2002M01-2007M12,Middle East (reported/bridge),145.500000,0.0691835861,2103.100000,pre-2012 TIC classification
2006-12-01,2002M01-2007M12,Four Asian dragons,211.400000,0.1005182825,2103.100000,pre-2012 TIC classification
2006-12-01,2002M01-2007M12,Canada,26.900000,0.0127906424,2103.100000,pre-2012 TIC classification
2006-12-01,2002M01-2007M12,United Kingdom,92.600000,0.0440302411,2103.100000,pre-2012 TIC classification
2006-12-01,2002M01-2007M12,Mainland China,396.900000,0.1887214113,2103.100000,pre-2012 TIC classification
2006-12-01,2002M01-2007M12,Japan,622.900000,0.2961818268,2103.100000,pre-2012 TIC classification
2007-02-01,2002M01-2007M12,All other foreign,419.400000,0.1956795596,2143.300000,pre-2012 TIC classification
2007-02-01,2002M01-2007M12,EU-27 (identifiable),195.600000,0.0912611394,2143.300000,pre-2012 TIC classification
2007-02-01,2002M01-2007M12,Middle East (reported/bridge),141.300000,0.0659263752,2143.300000,pre-2012 TIC classification
2007-02-01,2002M01-2007M12,Four Asian dragons,202.900000,0.0946671021,2143.300000,pre-2012 TIC classification
2007-02-01,2002M01-2007M12,Canada,30.100000,0.0140437643,2143.300000,pre-2012 TIC classification
2007-02-01,2002M01-2007M12,United Kingdom,121.600000,0.0567349414,2143.300000,pre-2012 TIC classification
2007-02-01,2002M01-2007M12,Mainland China,416.000000,0.1940932207,2143.300000,pre-2012 TIC classification
2007-02-01,2002M01-2007M12,Japan,616.400000,0.2875938973,2143.300000,pre-2012 TIC classification
2007-03-01,2002M01-2007M12,All other foreign,438.900000,0.2000182290,2194.300000,pre-2012 TIC classification
2007-03-01,2002M01-2007M12,EU-27 (identifiable),195.500000,0.0890944720,2194.300000,pre-2012 TIC classification
2007-03-01,2002M01-2007M12,Middle East (reported/bridge),146.200000,0.0666271704,2194.300000,pre-2012 TIC classification
2007-03-01,2002M01-2007M12,Four Asian dragons,203.300000,0.0926491364,2194.300000,pre-2012 TIC classification
2007-03-01,2002M01-2007M12,Canada,31.500000,0.0143553753,2194.300000,pre-2012 TIC classification
2007-03-01,2002M01-2007M12,United Kingdom,147.500000,0.0672196145,2194.300000,pre-2012 TIC classification
2007-03-01,2002M01-2007M12,Mainland China,420.000000,0.1914050039,2194.300000,pre-2012 TIC classification
2007-03-01,2002M01-2007M12,Japan,611.400000,0.2786309985,2194.300000,pre-2012 TIC classification
2007-04-01,2002M01-2007M12,All other foreign,432.400000,0.1996122242,2166.200000,pre-2012 TIC classification
2007-04-01,2002M01-2007M12,EU-27 (identifiable),194.200000,0.0896500785,2166.200000,pre-2012 TIC classification
2007-04-01,2002M01-2007M12,Middle East (reported/bridge),144.200000,0.0665681839,2166.200000,pre-2012 TIC classification
2007-04-01,2002M01-2007M12,Four Asian dragons,201.700000,0.0931123627,2166.200000,pre-2012 TIC classification
2007-04-01,2002M01-2007M12,Canada,29.800000,0.0137568092,2166.200000,pre-2012 TIC classification
2007-04-01,2002M01-2007M12,United Kingdom,135.100000,0.0623672791,2166.200000,pre-2012 TIC classification
2007-04-01,2002M01-2007M12,Mainland China,414.200000,0.1912104146,2166.200000,pre-2012 TIC classification
2007-04-01,2002M01-2007M12,Japan,614.600000,0.2837226480,2166.200000,pre-2012 TIC classification
2007-05-01,2002M01-2007M12,All other foreign,404.400000,0.1851139797,2184.600000,pre-2012 TIC classification
2007-05-01,2002M01-2007M12,EU-27 (identifiable),198.000000,0.0906344411,2184.600000,pre-2012 TIC classification
2007-05-01,2002M01-2007M12,Middle East (reported/bridge),154.400000,0.0706765541,2184.600000,pre-2012 TIC classification
2007-05-01,2002M01-2007M12,Four Asian dragons,202.500000,0.0926943147,2184.600000,pre-2012 TIC classification
2007-05-01,2002M01-2007M12,Canada,33.600000,0.0153803900,2184.600000,pre-2012 TIC classification
2007-05-01,2002M01-2007M12,United Kingdom,169.200000,0.0774512497,2184.600000,pre-2012 TIC classification
2007-05-01,2002M01-2007M12,Mainland China,407.500000,0.1865330038,2184.600000,pre-2012 TIC classification
2007-05-01,2002M01-2007M12,Japan,615.000000,0.2815160670,2184.600000,pre-2012 TIC classification
2007-06-01,2002M01-2007M12,All other foreign,396.400000,0.1809054399,2191.200000,pre-2012 TIC classification
2007-06-01,2002M01-2007M12,EU-27 (identifiable),197.700000,0.0902245345,2191.200000,pre-2012 TIC classification
2007-06-01,2002M01-2007M12,Middle East (reported/bridge),155.600000,0.0710113180,2191.200000,pre-2012 TIC classification
2007-06-01,2002M01-2007M12,Four Asian dragons,201.000000,0.0917305586,2191.200000,pre-2012 TIC classification
2007-06-01,2002M01-2007M12,Canada,30.500000,0.0139193136,2191.200000,pre-2012 TIC classification
2007-06-01,2002M01-2007M12,United Kingdom,191.900000,0.0875775831,2191.200000,pre-2012 TIC classification
2007-06-01,2002M01-2007M12,Mainland China,405.200000,0.1849215042,2191.200000,pre-2012 TIC classification
2007-06-01,2002M01-2007M12,Japan,612.900000,0.2797097481,2191.200000,pre-2012 TIC classification
2007-07-01,2002M01-2007M12,All other foreign,468.900000,0.2130879346,2200.500000,pre-2012 TIC classification
2007-07-01,2002M01-2007M12,EU-27 (identifiable),186.100000,0.0845716883,2200.500000,pre-2012 TIC classification
2007-07-01,2002M01-2007M12,Middle East (reported/bridge),173.400000,0.0788002727,2200.500000,pre-2012 TIC classification
2007-07-01,2002M01-2007M12,Four Asian dragons,181.200000,0.0823449216,2200.500000,pre-2012 TIC classification
2007-07-01,2002M01-2007M12,Canada,23.300000,0.0105885026,2200.500000,pre-2012 TIC classification
2007-07-01,2002M01-2007M12,United Kingdom,67.000000,0.0304476255,2200.500000,pre-2012 TIC classification
2007-07-01,2002M01-2007M12,Mainland China,480.000000,0.2181322427,2200.500000,pre-2012 TIC classification
2007-07-01,2002M01-2007M12,Japan,620.600000,0.2820268121,2200.500000,pre-2012 TIC classification
2007-08-01,2002M01-2007M12,All other foreign,498.800000,0.2249075661,2217.800000,pre-2012 TIC classification
2007-08-01,2002M01-2007M12,EU-27 (identifiable),186.600000,0.0841374335,2217.800000,pre-2012 TIC classification
2007-08-01,2002M01-2007M12,Middle East (reported/bridge),174.000000,0.0784561277,2217.800000,pre-2012 TIC classification
2007-08-01,2002M01-2007M12,Four Asian dragons,173.100000,0.0780503201,2217.800000,pre-2012 TIC classification
2007-08-01,2002M01-2007M12,Canada,18.800000,0.0084768690,2217.800000,pre-2012 TIC classification
2007-08-01,2002M01-2007M12,United Kingdom,99.500000,0.0448642799,2217.800000,pre-2012 TIC classification
2007-08-01,2002M01-2007M12,Mainland China,471.200000,0.2124628010,2217.800000,pre-2012 TIC classification
2007-08-01,2002M01-2007M12,Japan,595.800000,0.2686446028,2217.800000,pre-2012 TIC classification
2007-09-01,2002M01-2007M12,All other foreign,510.400000,0.2283260267,2235.400000,pre-2012 TIC classification
2007-09-01,2002M01-2007M12,EU-27 (identifiable),184.500000,0.0825355641,2235.400000,pre-2012 TIC classification
2007-09-01,2002M01-2007M12,Middle East (reported/bridge),175.200000,0.0783752349,2235.400000,pre-2012 TIC classification
2007-09-01,2002M01-2007M12,Four Asian dragons,168.500000,0.0753780084,2235.400000,pre-2012 TIC classification
2007-09-01,2002M01-2007M12,Canada,17.300000,0.0077391071,2235.400000,pre-2012 TIC classification
2007-09-01,2002M01-2007M12,United Kingdom,119.900000,0.0536369330,2235.400000,pre-2012 TIC classification
2007-09-01,2002M01-2007M12,Mainland China,467.700000,0.2092242999,2235.400000,pre-2012 TIC classification
2007-09-01,2002M01-2007M12,Japan,591.900000,0.2647848260,2235.400000,pre-2012 TIC classification
2007-10-01,2002M01-2007M12,All other foreign,530.400000,0.2306989692,2299.100000,pre-2012 TIC classification
2007-10-01,2002M01-2007M12,EU-27 (identifiable),189.600000,0.0824670523,2299.100000,pre-2012 TIC classification
2007-10-01,2002M01-2007M12,Middle East (reported/bridge),179.600000,0.0781175242,2299.100000,pre-2012 TIC classification
2007-10-01,2002M01-2007M12,Four Asian dragons,167.800000,0.0729850811,2299.100000,pre-2012 TIC classification
2007-10-01,2002M01-2007M12,Canada,15.900000,0.0069157496,2299.100000,pre-2012 TIC classification
2007-10-01,2002M01-2007M12,United Kingdom,154.900000,0.0673741899,2299.100000,pre-2012 TIC classification
2007-10-01,2002M01-2007M12,Mainland China,459.100000,0.1996868340,2299.100000,pre-2012 TIC classification
2007-10-01,2002M01-2007M12,Japan,601.800000,0.2617545996,2299.100000,pre-2012 TIC classification
2007-11-01,2002M01-2007M12,All other foreign,553.600000,0.2370877944,2335.000000,pre-2012 TIC classification
2007-11-01,2002M01-2007M12,EU-27 (identifiable),193.100000,0.0826980728,2335.000000,pre-2012 TIC classification
2007-11-01,2002M01-2007M12,Middle East (reported/bridge),174.900000,0.0749036403,2335.000000,pre-2012 TIC classification
2007-11-01,2002M01-2007M12,Four Asian dragons,166.800000,0.0714346895,2335.000000,pre-2012 TIC classification
2007-11-01,2002M01-2007M12,Canada,24.000000,0.0102783726,2335.000000,pre-2012 TIC classification
2007-11-01,2002M01-2007M12,United Kingdom,174.100000,0.0745610278,2335.000000,pre-2012 TIC classification
2007-11-01,2002M01-2007M12,Mainland China,458.900000,0.1965310493,2335.000000,pre-2012 TIC classification
2007-11-01,2002M01-2007M12,Japan,589.600000,0.2525053533,2335.000000,pre-2012 TIC classification
2007-12-01,2002M01-2007M12,All other foreign,576.200000,0.2450767726,2351.100000,pre-2012 TIC classification
2007-12-01,2002M01-2007M12,EU-27 (identifiable),198.600000,0.0844710986,2351.100000,pre-2012 TIC classification
2007-12-01,2002M01-2007M12,Middle East (reported/bridge),173.900000,0.0739653779,2351.100000,pre-2012 TIC classification
2007-12-01,2002M01-2007M12,Four Asian dragons,168.300000,0.0715835141,2351.100000,pre-2012 TIC classification
2007-12-01,2002M01-2007M12,Canada,18.700000,0.0079537238,2351.100000,pre-2012 TIC classification
2007-12-01,2002M01-2007M12,United Kingdom,157.900000,0.0671600527,2351.100000,pre-2012 TIC classification
2007-12-01,2002M01-2007M12,Mainland China,477.600000,0.2031389562,2351.100000,pre-2012 TIC classification
2007-12-01,2002M01-2007M12,Japan,579.900000,0.2466505040,2351.100000,pre-2012 TIC classification
2009-02-01,2008M01-2023M09,All other foreign,855.500000,0.2705651665,3161.900000,pre-2012 TIC classification
2009-02-01,2008M01-2023M09,EU-27 (identifiable),288.500000,0.0912426073,3161.900000,pre-2012 TIC classification
2009-02-01,2008M01-2023M09,Middle East (reported/bridge),250.200000,0.0791296372,3161.900000,pre-2012 TIC classification
2009-02-01,2008M01-2023M09,Four Asian dragons,221.700000,0.0701160695,3161.900000,pre-2012 TIC classification
2009-02-01,2008M01-2023M09,Canada,10.300000,0.0032575350,3161.900000,pre-2012 TIC classification
2009-02-01,2008M01-2023M09,United Kingdom,129.600000,0.0409880135,3161.900000,pre-2012 TIC classification
2009-02-01,2008M01-2023M09,Mainland China,744.200000,0.2353648123,3161.900000,pre-2012 TIC classification
2009-02-01,2008M01-2023M09,Japan,661.900000,0.2093361586,3161.900000,pre-2012 TIC classification
2009-03-01,2008M01-2023M09,All other foreign,872.800000,0.2672627614,3265.700000,pre-2012 TIC classification
2009-03-01,2008M01-2023M09,EU-27 (identifiable),313.100000,0.0958753100,3265.700000,pre-2012 TIC classification
2009-03-01,2008M01-2023M09,Middle East (reported/bridge),259.600000,0.0794929112,3265.700000,pre-2012 TIC classification
2009-03-01,2008M01-2023M09,Four Asian dragons,226.000000,0.0692041522,3265.700000,pre-2012 TIC classification
2009-03-01,2008M01-2023M09,Canada,11.300000,0.0034602076,3265.700000,pre-2012 TIC classification
2009-03-01,2008M01-2023M09,United Kingdom,128.300000,0.0392871360,3265.700000,pre-2012 TIC classification
2009-03-01,2008M01-2023M09,Mainland China,767.900000,0.2351410111,3265.700000,pre-2012 TIC classification
2009-03-01,2008M01-2023M09,Japan,686.700000,0.2102765104,3265.700000,pre-2012 TIC classification
2009-04-01,2008M01-2023M09,All other foreign,857.600000,0.2628981331,3262.100000,pre-2012 TIC classification
2009-04-01,2008M01-2023M09,EU-27 (identifiable),301.600000,0.0924557800,3262.100000,pre-2012 TIC classification
2009-04-01,2008M01-2023M09,Middle East (reported/bridge),253.800000,0.0778026425,3262.100000,pre-2012 TIC classification
2009-04-01,2008M01-2023M09,Four Asian dragons,234.400000,0.0718555532,3262.100000,pre-2012 TIC classification
2009-04-01,2008M01-2023M09,Canada,12.500000,0.0038318874,3262.100000,pre-2012 TIC classification
2009-04-01,2008M01-2023M09,United Kingdom,152.800000,0.0468409920,3262.100000,pre-2012 TIC classification
2009-04-01,2008M01-2023M09,Mainland China,763.500000,0.2340516845,3262.100000,pre-2012 TIC classification
2009-04-01,2008M01-2023M09,Japan,685.900000,0.2102633273,3262.100000,pre-2012 TIC classification
2009-05-01,2008M01-2023M09,All other foreign,834.900000,0.2535686084,3292.600000,pre-2012 TIC classification
2009-05-01,2008M01-2023M09,EU-27 (identifiable),299.300000,0.0909008079,3292.600000,pre-2012 TIC classification
2009-05-01,2008M01-2023M09,Middle East (reported/bridge),258.800000,0.0786004981,3292.600000,pre-2012 TIC classification
2009-05-01,2008M01-2023M09,Four Asian dragons,246.000000,0.0747129928,3292.600000,pre-2012 TIC classification
2009-05-01,2008M01-2023M09,Canada,11.000000,0.0033408249,3292.600000,pre-2012 TIC classification
2009-05-01,2008M01-2023M09,United Kingdom,163.900000,0.0497782907,3292.600000,pre-2012 TIC classification
2009-05-01,2008M01-2023M09,Mainland China,801.500000,0.2434246492,3292.600000,pre-2012 TIC classification
2009-05-01,2008M01-2023M09,Japan,677.200000,0.2056733281,3292.600000,pre-2012 TIC classification
2009-06-01,2008M01-2023M09,All other foreign,847.600000,0.2504802151,3383.900000,pre-2012 TIC classification
2009-06-01,2008M01-2023M09,EU-27 (identifiable),309.200000,0.0913738586,3383.900000,pre-2012 TIC classification
2009-06-01,2008M01-2023M09,Middle East (reported/bridge),253.500000,0.0749135613,3383.900000,pre-2012 TIC classification
2009-06-01,2008M01-2023M09,Four Asian dragons,254.000000,0.0750613198,3383.900000,pre-2012 TIC classification
2009-06-01,2008M01-2023M09,Canada,18.400000,0.0054375129,3383.900000,pre-2012 TIC classification
2009-06-01,2008M01-2023M09,United Kingdom,213.600000,0.0631224327,3383.900000,pre-2012 TIC classification
2009-06-01,2008M01-2023M09,Mainland China,776.400000,0.2294394042,3383.900000,pre-2012 TIC classification
2009-06-01,2008M01-2023M09,Japan,711.200000,0.2101716954,3383.900000,pre-2012 TIC classification
2009-07-01,2008M01-2023M09,All other foreign,853.800000,0.2435392778,3505.800000,pre-2012 TIC classification
2009-07-01,2008M01-2023M09,EU-27 (identifiable),297.200000,0.0847738034,3505.800000,pre-2012 TIC classification
2009-07-01,2008M01-2023M09,Middle East (reported/bridge),265.200000,0.0756460722,3505.800000,pre-2012 TIC classification
2009-07-01,2008M01-2023M09,Four Asian dragons,307.600000,0.0877403160,3505.800000,pre-2012 TIC classification
2009-07-01,2008M01-2023M09,Canada,24.100000,0.0068743226,3505.800000,pre-2012 TIC classification
2009-07-01,2008M01-2023M09,United Kingdom,97.100000,0.0276969593,3505.800000,pre-2012 TIC classification
2009-07-01,2008M01-2023M09,Mainland China,939.900000,0.2680985795,3505.800000,pre-2012 TIC classification
2009-07-01,2008M01-2023M09,Japan,720.900000,0.2056306692,3505.800000,pre-2012 TIC classification
2009-08-01,2008M01-2023M09,All other foreign,839.600000,0.2377729319,3531.100000,pre-2012 TIC classification
2009-08-01,2008M01-2023M09,EU-27 (identifiable),307.700000,0.0871399847,3531.100000,pre-2012 TIC classification
2009-08-01,2008M01-2023M09,Middle East (reported/bridge),269.000000,0.0761802271,3531.100000,pre-2012 TIC classification
2009-08-01,2008M01-2023M09,Four Asian dragons,316.300000,0.0895754864,3531.100000,pre-2012 TIC classification
2009-08-01,2008M01-2023M09,Canada,30.200000,0.0085525757,3531.100000,pre-2012 TIC classification
2009-08-01,2008M01-2023M09,United Kingdom,104.300000,0.0295375379,3531.100000,pre-2012 TIC classification
2009-08-01,2008M01-2023M09,Mainland China,936.500000,0.2652148056,3531.100000,pre-2012 TIC classification
2009-08-01,2008M01-2023M09,Japan,727.500000,0.2060264507,3531.100000,pre-2012 TIC classification
2009-09-01,2008M01-2023M09,All other foreign,826.000000,0.2313336694,3570.600000,pre-2012 TIC classification
2009-09-01,2008M01-2023M09,EU-27 (identifiable),305.700000,0.0856158629,3570.600000,pre-2012 TIC classification
2009-09-01,2008M01-2023M09,Middle East (reported/bridge),261.200000,0.0731529715,3570.600000,pre-2012 TIC classification
2009-09-01,2008M01-2023M09,Four Asian dragons,322.400000,0.0902929480,3570.600000,pre-2012 TIC classification
2009-09-01,2008M01-2023M09,Canada,42.300000,0.0118467484,3570.600000,pre-2012 TIC classification
2009-09-01,2008M01-2023M09,United Kingdom,126.800000,0.0355122388,3570.600000,pre-2012 TIC classification
2009-09-01,2008M01-2023M09,Mainland China,938.300000,0.2627849661,3570.600000,pre-2012 TIC classification
2009-09-01,2008M01-2023M09,Japan,747.900000,0.2094605949,3570.600000,pre-2012 TIC classification
2009-10-01,2008M01-2023M09,All other foreign,832.100000,0.2329768171,3571.600000,pre-2012 TIC classification
2009-10-01,2008M01-2023M09,EU-27 (identifiable),308.400000,0.0863478553,3571.600000,pre-2012 TIC classification
2009-10-01,2008M01-2023M09,Middle East (reported/bridge),264.000000,0.0739164520,3571.600000,pre-2012 TIC classification
2009-10-01,2008M01-2023M09,Four Asian dragons,333.000000,0.0932355247,3571.600000,pre-2012 TIC classification
2009-10-01,2008M01-2023M09,Canada,44.800000,0.0125433979,3571.600000,pre-2012 TIC classification
2009-10-01,2008M01-2023M09,United Kingdom,108.100000,0.0302665472,3571.600000,pre-2012 TIC classification
2009-10-01,2008M01-2023M09,Mainland China,938.300000,0.2627113899,3571.600000,pre-2012 TIC classification
2009-10-01,2008M01-2023M09,Japan,742.900000,0.2080020159,3571.600000,pre-2012 TIC classification
2009-11-01,2008M01-2023M09,All other foreign,854.900000,0.2330062687,3669.000000,pre-2012 TIC classification
2009-11-01,2008M01-2023M09,EU-27 (identifiable),322.900000,0.0880076315,3669.000000,pre-2012 TIC classification
2009-11-01,2008M01-2023M09,Middle East (reported/bridge),266.500000,0.0726355955,3669.000000,pre-2012 TIC classification
2009-11-01,2008M01-2023M09,Four Asian dragons,335.200000,0.0913600436,3669.000000,pre-2012 TIC classification
2009-11-01,2008M01-2023M09,Canada,50.700000,0.0138184791,3669.000000,pre-2012 TIC classification
2009-11-01,2008M01-2023M09,United Kingdom,155.500000,0.0423821205,3669.000000,pre-2012 TIC classification
2009-11-01,2008M01-2023M09,Mainland China,929.000000,0.2532025075,3669.000000,pre-2012 TIC classification
2009-11-01,2008M01-2023M09,Japan,754.300000,0.2055873535,3669.000000,pre-2012 TIC classification
2009-12-01,2008M01-2023M09,All other foreign,864.000000,0.2344576809,3685.100000,pre-2012 TIC classification
2009-12-01,2008M01-2023M09,EU-27 (identifiable),320.900000,0.0870804049,3685.100000,pre-2012 TIC classification
2009-12-01,2008M01-2023M09,Middle East (reported/bridge),261.900000,0.0710699845,3685.100000,pre-2012 TIC classification
2009-12-01,2008M01-2023M09,Four Asian dragons,344.700000,0.0935388456,3685.100000,pre-2012 TIC classification
2009-12-01,2008M01-2023M09,Canada,52.800000,0.0143279694,3685.100000,pre-2012 TIC classification
2009-12-01,2008M01-2023M09,United Kingdom,180.300000,0.0489267591,3685.100000,pre-2012 TIC classification
2009-12-01,2008M01-2023M09,Mainland China,894.800000,0.2428156631,3685.100000,pre-2012 TIC classification
2009-12-01,2008M01-2023M09,Japan,765.700000,0.2077826925,3685.100000,pre-2012 TIC classification
2010-02-01,2008M01-2023M09,All other foreign,867.000000,0.2314777733,3745.500000,pre-2012 TIC classification
2010-02-01,2008M01-2023M09,EU-27 (identifiable),296.200000,0.0790815645,3745.500000,pre-2012 TIC classification
2010-02-01,2008M01-2023M09,Middle East (reported/bridge),279.800000,0.0747029769,3745.500000,pre-2012 TIC classification
2010-02-01,2008M01-2023M09,Four Asian dragons,356.200000,0.0951007876,3745.500000,pre-2012 TIC classification
2010-02-01,2008M01-2023M09,Canada,67.100000,0.0179148311,3745.500000,pre-2012 TIC classification
2010-02-01,2008M01-2023M09,United Kingdom,233.500000,0.0623414764,3745.500000,pre-2012 TIC classification
2010-02-01,2008M01-2023M09,Mainland China,877.500000,0.2342811374,3745.500000,pre-2012 TIC classification
2010-02-01,2008M01-2023M09,Japan,768.200000,0.2050994527,3745.500000,pre-2012 TIC classification
2010-03-01,2008M01-2023M09,All other foreign,869.300000,0.2241677196,3877.900000,pre-2012 TIC classification
2010-03-01,2008M01-2023M09,EU-27 (identifiable),317.200000,0.0817968488,3877.900000,pre-2012 TIC classification
2010-03-01,2008M01-2023M09,Middle East (reported/bridge),295.500000,0.0762010366,3877.900000,pre-2012 TIC classification
2010-03-01,2008M01-2023M09,Four Asian dragons,361.300000,0.0931689832,3877.900000,pre-2012 TIC classification
2010-03-01,2008M01-2023M09,Canada,77.100000,0.0198818948,3877.900000,pre-2012 TIC classification
2010-03-01,2008M01-2023M09,United Kingdom,279.000000,0.0719461564,3877.900000,pre-2012 TIC classification
2010-03-01,2008M01-2023M09,Mainland China,895.200000,0.2308465922,3877.900000,pre-2012 TIC classification
2010-03-01,2008M01-2023M09,Japan,783.300000,0.2019907682,3877.900000,pre-2012 TIC classification
2010-04-01,2008M01-2023M09,All other foreign,876.300000,0.2217807248,3951.200000,pre-2012 TIC classification
2010-04-01,2008M01-2023M09,EU-27 (identifiable),316.300000,0.0800516299,3951.200000,pre-2012 TIC classification
2010-04-01,2008M01-2023M09,Middle East (reported/bridge),301.800000,0.0763818587,3951.200000,pre-2012 TIC classification
2010-04-01,2008M01-2023M09,Four Asian dragons,359.800000,0.0910609435,3951.200000,pre-2012 TIC classification
2010-04-01,2008M01-2023M09,Canada,81.900000,0.0207278801,3951.200000,pre-2012 TIC classification
2010-04-01,2008M01-2023M09,United Kingdom,321.100000,0.0812664507,3951.200000,pre-2012 TIC classification
2010-04-01,2008M01-2023M09,Mainland China,900.200000,0.2278295201,3951.200000,pre-2012 TIC classification
2010-04-01,2008M01-2023M09,Japan,793.800000,0.2009009921,3951.200000,pre-2012 TIC classification
2010-05-01,2008M01-2023M09,All other foreign,905.500000,0.2287656005,3958.200000,pre-2012 TIC classification
2010-05-01,2008M01-2023M09,EU-27 (identifiable),310.100000,0.0783436916,3958.200000,pre-2012 TIC classification
2010-05-01,2008M01-2023M09,Middle East (reported/bridge),304.300000,0.0768783791,3958.200000,pre-2012 TIC classification
2010-05-01,2008M01-2023M09,Four Asian dragons,350.300000,0.0884998232,3958.200000,pre-2012 TIC classification
2010-05-01,2008M01-2023M09,Canada,84.800000,0.0214238795,3958.200000,pre-2012 TIC classification
2010-05-01,2008M01-2023M09,United Kingdom,350.700000,0.0886008792,3958.200000,pre-2012 TIC classification
2010-05-01,2008M01-2023M09,Mainland China,867.700000,0.2192158052,3958.200000,pre-2012 TIC classification
2010-05-01,2008M01-2023M09,Japan,784.800000,0.1982719418,3958.200000,pre-2012 TIC classification
2010-06-01,2008M01-2023M09,All other foreign,923.100000,0.2306078093,4002.900000,pre-2012 TIC classification
2010-06-01,2008M01-2023M09,EU-27 (identifiable),329.200000,0.0822403757,4002.900000,pre-2012 TIC classification
2010-06-01,2008M01-2023M09,Middle East (reported/bridge),289.600000,0.0723475480,4002.900000,pre-2012 TIC classification
2010-06-01,2008M01-2023M09,Four Asian dragons,358.800000,0.0896350146,4002.900000,pre-2012 TIC classification
2010-06-01,2008M01-2023M09,Canada,93.700000,0.0234080292,4002.900000,pre-2012 TIC classification
2010-06-01,2008M01-2023M09,United Kingdom,363.600000,0.0908341452,4002.900000,pre-2012 TIC classification
2010-06-01,2008M01-2023M09,Mainland China,843.700000,0.2107721902,4002.900000,pre-2012 TIC classification
2010-06-01,2008M01-2023M09,Japan,801.200000,0.2001548877,4002.900000,pre-2012 TIC classification
2010-07-01,2008M01-2023M09,All other foreign,1027.300000,0.2498479947,4111.700000,pre-2012 TIC classification
2010-07-01,2008M01-2023M09,EU-27 (identifiable),343.500000,0.0835420872,4111.700000,pre-2012 TIC classification
2010-07-01,2008M01-2023M09,Middle East (reported/bridge),288.200000,0.0700926624,4111.700000,pre-2012 TIC classification
2010-07-01,2008M01-2023M09,Four Asian dragons,373.700000,0.0908869811,4111.700000,pre-2012 TIC classification
2010-07-01,2008M01-2023M09,Canada,41.800000,0.0101661113,4111.700000,pre-2012 TIC classification
2010-07-01,2008M01-2023M09,United Kingdom,104.900000,0.0255125617,4111.700000,pre-2012 TIC classification
2010-07-01,2008M01-2023M09,Mainland China,1115.100000,0.2712016927,4111.700000,pre-2012 TIC classification
2010-07-01,2008M01-2023M09,Japan,817.200000,0.1987499088,4111.700000,pre-2012 TIC classification
2010-08-01,2008M01-2023M09,All other foreign,1045.500000,0.2453016119,4262.100000,pre-2012 TIC classification
2010-08-01,2008M01-2023M09,EU-27 (identifiable),350.100000,0.0821426058,4262.100000,pre-2012 TIC classification
2010-08-01,2008M01-2023M09,Middle East (reported/bridge),295.700000,0.0693789447,4262.100000,pre-2012 TIC classification
2010-08-01,2008M01-2023M09,Four Asian dragons,378.800000,0.0888763755,4262.100000,pre-2012 TIC classification
2010-08-01,2008M01-2023M09,Canada,43.900000,0.0103000868,4262.100000,pre-2012 TIC classification
2010-08-01,2008M01-2023M09,United Kingdom,178.900000,0.0419746135,4262.100000,pre-2012 TIC classification
2010-08-01,2008M01-2023M09,Mainland China,1136.800000,0.2667229769,4262.100000,pre-2012 TIC classification
2010-08-01,2008M01-2023M09,Japan,832.400000,0.1953027850,4262.100000,pre-2012 TIC classification
2010-09-01,2008M01-2023M09,All other foreign,1043.200000,0.2417052827,4316.000000,pre-2012 TIC classification
2010-09-01,2008M01-2023M09,EU-27 (identifiable),338.200000,0.0783595922,4316.000000,pre-2012 TIC classification
2010-09-01,2008M01-2023M09,Middle East (reported/bridge),300.600000,0.0696478221,4316.000000,pre-2012 TIC classification
2010-09-01,2008M01-2023M09,Four Asian dragons,377.100000,0.0873725672,4316.000000,pre-2012 TIC classification
2010-09-01,2008M01-2023M09,Canada,55.600000,0.0128822984,4316.000000,pre-2012 TIC classification
2010-09-01,2008M01-2023M09,United Kingdom,188.600000,0.0436978684,4316.000000,pre-2012 TIC classification
2010-09-01,2008M01-2023M09,Mainland China,1151.900000,0.2668906395,4316.000000,pre-2012 TIC classification
2010-09-01,2008M01-2023M09,Japan,860.800000,0.1994439296,4316.000000,pre-2012 TIC classification
2010-10-01,2008M01-2023M09,All other foreign,1031.400000,0.2367768595,4356.000000,pre-2012 TIC classification
2010-10-01,2008M01-2023M09,EU-27 (identifiable),327.500000,0.0751836547,4356.000000,pre-2012 TIC classification
2010-10-01,2008M01-2023M09,Middle East (reported/bridge),284.200000,0.0652433425,4356.000000,pre-2012 TIC classification
2010-10-01,2008M01-2023M09,Four Asian dragons,391.500000,0.0898760331,4356.000000,pre-2012 TIC classification
2010-10-01,2008M01-2023M09,Canada,65.200000,0.0149678604,4356.000000,pre-2012 TIC classification
2010-10-01,2008M01-2023M09,United Kingdom,207.300000,0.0475895317,4356.000000,pre-2012 TIC classification
2010-10-01,2008M01-2023M09,Mainland China,1175.300000,0.2698117539,4356.000000,pre-2012 TIC classification
2010-10-01,2008M01-2023M09,Japan,873.600000,0.2005509642,4356.000000,pre-2012 TIC classification
2010-11-01,2008M01-2023M09,All other foreign,1041.000000,0.2368924085,4394.400000,pre-2012 TIC classification
2010-11-01,2008M01-2023M09,EU-27 (identifiable),326.800000,0.0743673767,4394.400000,pre-2012 TIC classification
2010-11-01,2008M01-2023M09,Middle East (reported/bridge),283.700000,0.0645594393,4394.400000,pre-2012 TIC classification
2010-11-01,2008M01-2023M09,Four Asian dragons,387.200000,0.0881121427,4394.400000,pre-2012 TIC classification
2010-11-01,2008M01-2023M09,Canada,74.800000,0.0170216639,4394.400000,pre-2012 TIC classification
2010-11-01,2008M01-2023M09,United Kingdom,240.900000,0.0548197706,4394.400000,pre-2012 TIC classification
2010-11-01,2008M01-2023M09,Mainland China,1164.100000,0.2649053341,4394.400000,pre-2012 TIC classification
2010-11-01,2008M01-2023M09,Japan,875.900000,0.1993218642,4394.400000,pre-2012 TIC classification
2010-12-01,2008M01-2023M09,All other foreign,1020.800000,0.2311698899,4415.800000,pre-2012 TIC classification
2010-12-01,2008M01-2023M09,EU-27 (identifiable),326.600000,0.0739616830,4415.800000,pre-2012 TIC classification
2010-12-01,2008M01-2023M09,Middle East (reported/bridge),287.400000,0.0650844694,4415.800000,pre-2012 TIC classification
2010-12-01,2008M01-2023M09,Four Asian dragons,394.900000,0.0894288691,4415.800000,pre-2012 TIC classification
2010-12-01,2008M01-2023M09,Canada,74.700000,0.0169165270,4415.800000,pre-2012 TIC classification
2010-12-01,2008M01-2023M09,United Kingdom,269.000000,0.0609176140,4415.800000,pre-2012 TIC classification
2010-12-01,2008M01-2023M09,Mainland China,1160.100000,0.2627157027,4415.800000,pre-2012 TIC classification
2010-12-01,2008M01-2023M09,Japan,882.300000,0.1998052448,4415.800000,pre-2012 TIC classification
2011-02-01,2008M01-2023M09,All other foreign,1032.000000,0.2310327072,4466.900000,pre-2012 TIC classification
2011-02-01,2008M01-2023M09,EU-27 (identifiable),351.200000,0.0786227585,4466.900000,pre-2012 TIC classification
2011-02-01,2008M01-2023M09,Middle East (reported/bridge),273.100000,0.0611385972,4466.900000,pre-2012 TIC classification
2011-02-01,2008M01-2023M09,Four Asian dragons,376.200000,0.0842194811,4466.900000,pre-2012 TIC classification
2011-02-01,2008M01-2023M09,Canada,93.200000,0.0208645817,4466.900000,pre-2012 TIC classification
2011-02-01,2008M01-2023M09,United Kingdom,296.700000,0.0664219033,4466.900000,pre-2012 TIC classification
2011-02-01,2008M01-2023M09,Mainland China,1154.100000,0.2583671002,4466.900000,pre-2012 TIC classification
2011-02-01,2008M01-2023M09,Japan,890.400000,0.1993328707,4466.900000,pre-2012 TIC classification
2011-03-01,2008M01-2023M09,All other foreign,1011.900000,0.2257999732,4481.400000,pre-2012 TIC classification
2011-03-01,2008M01-2023M09,EU-27 (identifiable),353.700000,0.0789262284,4481.400000,pre-2012 TIC classification
2011-03-01,2008M01-2023M09,Middle East (reported/bridge),277.600000,0.0619449279,4481.400000,pre-2012 TIC classification
2011-03-01,2008M01-2023M09,Four Asian dragons,365.300000,0.0815147052,4481.400000,pre-2012 TIC classification
2011-03-01,2008M01-2023M09,Canada,93.700000,0.0209086446,4481.400000,pre-2012 TIC classification
2011-03-01,2008M01-2023M09,United Kingdom,326.200000,0.0727897532,4481.400000,pre-2012 TIC classification
2011-03-01,2008M01-2023M09,Mainland China,1144.900000,0.2554781988,4481.400000,pre-2012 TIC classification
2011-03-01,2008M01-2023M09,Japan,908.100000,0.2026375686,4481.400000,pre-2012 TIC classification
2011-04-01,2008M01-2023M09,All other foreign,1019.800000,0.2267986211,4496.500000,pre-2012 TIC classification
2011-04-01,2008M01-2023M09,EU-27 (identifiable),348.300000,0.0774602469,4496.500000,pre-2012 TIC classification
2011-04-01,2008M01-2023M09,Middle East (reported/bridge),278.800000,0.0620037807,4496.500000,pre-2012 TIC classification
2011-04-01,2008M01-2023M09,Four Asian dragons,367.100000,0.0816412765,4496.500000,pre-2012 TIC classification
2011-04-01,2008M01-2023M09,Canada,90.100000,0.0200378072,4496.500000,pre-2012 TIC classification
2011-04-01,2008M01-2023M09,United Kingdom,333.200000,0.0741020794,4496.500000,pre-2012 TIC classification
2011-04-01,2008M01-2023M09,Mainland China,1152.500000,0.2563104637,4496.500000,pre-2012 TIC classification
2011-04-01,2008M01-2023M09,Japan,906.700000,0.2016457245,4496.500000,pre-2012 TIC classification
2011-05-01,2008M01-2023M09,All other foreign,1027.800000,0.2265573337,4536.600000,pre-2012 TIC classification
2011-05-01,2008M01-2023M09,EU-27 (identifiable),345.900000,0.0762465282,4536.600000,pre-2012 TIC classification
2011-05-01,2008M01-2023M09,Middle East (reported/bridge),288.400000,0.0635718379,4536.600000,pre-2012 TIC classification
2011-05-01,2008M01-2023M09,Four Asian dragons,364.700000,0.0803906009,4536.600000,pre-2012 TIC classification
2011-05-01,2008M01-2023M09,Canada,93.100000,0.0205219768,4536.600000,pre-2012 TIC classification
2011-05-01,2008M01-2023M09,United Kingdom,344.500000,0.0759379271,4536.600000,pre-2012 TIC classification
2011-05-01,2008M01-2023M09,Mainland China,1159.800000,0.2556540140,4536.600000,pre-2012 TIC classification
2011-05-01,2008M01-2023M09,Japan,912.400000,0.2011197813,4536.600000,pre-2012 TIC classification
2011-06-01,2008M01-2023M09,All other foreign,1012.800000,0.2233986236,4533.600000,pre-2012 TIC classification
2011-06-01,2008M01-2023M09,EU-27 (identifiable),353.700000,0.0780174696,4533.600000,pre-2012 TIC classification
2011-06-01,2008M01-2023M09,Middle East (reported/bridge),293.300000,0.0646947238,4533.600000,pre-2012 TIC classification
2011-06-01,2008M01-2023M09,Four Asian dragons,363.400000,0.0801570496,4533.600000,pre-2012 TIC classification
2011-06-01,2008M01-2023M09,Canada,86.800000,0.0191459326,4533.600000,pre-2012 TIC classification
2011-06-01,2008M01-2023M09,United Kingdom,347.000000,0.0765396153,4533.600000,pre-2012 TIC classification
2011-06-01,2008M01-2023M09,Mainland China,1165.500000,0.2570804659,4533.600000,pre-2012 TIC classification
2011-06-01,2008M01-2023M09,Japan,911.100000,0.2009661196,4533.600000,pre-2012 TIC classification
2011-07-01,2008M01-2023M09,All other foreign,1128.200000,0.2416932668,4667.900000,pre-2012 TIC classification
2011-07-01,2008M01-2023M09,EU-27 (identifiable),491.900000,0.1053792926,4667.900000,pre-2012 TIC classification
2011-07-01,2008M01-2023M09,Middle East (reported/bridge),307.600000,0.0658968701,4667.900000,pre-2012 TIC classification
2011-07-01,2008M01-2023M09,Four Asian dragons,352.600000,0.0755371795,4667.900000,pre-2012 TIC classification
2011-07-01,2008M01-2023M09,Canada,46.800000,0.0100259217,4667.900000,pre-2012 TIC classification
2011-07-01,2008M01-2023M09,United Kingdom,141.000000,0.0302063026,4667.900000,pre-2012 TIC classification
2011-07-01,2008M01-2023M09,Mainland China,1314.900000,0.2816898391,4667.900000,pre-2012 TIC classification
2011-07-01,2008M01-2023M09,Japan,884.900000,0.1895713276,4667.900000,pre-2012 TIC classification
2011-08-01,2008M01-2023M09,All other foreign,1194.500000,0.2507715239,4763.300000,pre-2012 TIC classification
2011-08-01,2008M01-2023M09,EU-27 (identifiable),504.900000,0.1059979426,4763.300000,pre-2012 TIC classification
2011-08-01,2008M01-2023M09,Middle East (reported/bridge),308.100000,0.0646820482,4763.300000,pre-2012 TIC classification
2011-08-01,2008M01-2023M09,Four Asian dragons,342.800000,0.0719669137,4763.300000,pre-2012 TIC classification
2011-08-01,2008M01-2023M09,Canada,46.600000,0.0097831335,4763.300000,pre-2012 TIC classification
2011-08-01,2008M01-2023M09,United Kingdom,181.200000,0.0380408540,4763.300000,pre-2012 TIC classification
2011-08-01,2008M01-2023M09,Mainland China,1278.500000,0.2684063569,4763.300000,pre-2012 TIC classification
2011-08-01,2008M01-2023M09,Japan,906.700000,0.1903512271,4763.300000,pre-2012 TIC classification
2011-09-01,2008M01-2023M09,All other foreign,1227.800000,0.2499541947,4912.100000,pre-2012 TIC classification
2011-09-01,2008M01-2023M09,EU-27 (identifiable),566.900000,0.1154088883,4912.100000,pre-2012 TIC classification
2011-09-01,2008M01-2023M09,Middle East (reported/bridge),313.400000,0.0638016327,4912.100000,pre-2012 TIC classification
2011-09-01,2008M01-2023M09,Four Asian dragons,387.200000,0.0788257568,4912.100000,pre-2012 TIC classification
2011-09-01,2008M01-2023M09,Canada,45.100000,0.0091814092,4912.100000,pre-2012 TIC classification
2011-09-01,2008M01-2023M09,United Kingdom,117.500000,0.0239205228,4912.100000,pre-2012 TIC classification
2011-09-01,2008M01-2023M09,Mainland China,1270.200000,0.2585859408,4912.100000,pre-2012 TIC classification
2011-09-01,2008M01-2023M09,Japan,984.000000,0.2003216547,4912.100000,pre-2012 TIC classification
2011-10-01,2008M01-2023M09,All other foreign,1223.400000,0.2485726477,4921.700000,pre-2012 TIC classification
2011-10-01,2008M01-2023M09,EU-27 (identifiable),580.400000,0.1179267326,4921.700000,pre-2012 TIC classification
2011-10-01,2008M01-2023M09,Middle East (reported/bridge),308.100000,0.0626003210,4921.700000,pre-2012 TIC classification
2011-10-01,2008M01-2023M09,Four Asian dragons,394.100000,0.0800739582,4921.700000,pre-2012 TIC classification
2011-10-01,2008M01-2023M09,Canada,46.400000,0.0094276368,4921.700000,pre-2012 TIC classification
2011-10-01,2008M01-2023M09,United Kingdom,107.100000,0.0217607737,4921.700000,pre-2012 TIC classification
2011-10-01,2008M01-2023M09,Mainland China,1256.000000,0.2551963752,4921.700000,pre-2012 TIC classification
2011-10-01,2008M01-2023M09,Japan,1006.200000,0.2044415547,4921.700000,pre-2012 TIC classification
2011-11-01,2008M01-2023M09,All other foreign,1222.200000,0.2440105414,5008.800000,pre-2012 TIC classification
2011-11-01,2008M01-2023M09,EU-27 (identifiable),591.300000,0.1180522281,5008.800000,pre-2012 TIC classification
2011-11-01,2008M01-2023M09,Middle East (reported/bridge),313.700000,0.0626297716,5008.800000,pre-2012 TIC classification
2011-11-01,2008M01-2023M09,Four Asian dragons,386.900000,0.0772440505,5008.800000,pre-2012 TIC classification
2011-11-01,2008M01-2023M09,Canada,48.700000,0.0097228877,5008.800000,pre-2012 TIC classification
2011-11-01,2008M01-2023M09,United Kingdom,125.200000,0.0249960070,5008.800000,pre-2012 TIC classification
2011-11-01,2008M01-2023M09,Mainland China,1254.600000,0.2504791567,5008.800000,pre-2012 TIC classification
2011-11-01,2008M01-2023M09,Japan,1066.200000,0.2128653570,5008.800000,pre-2012 TIC classification
2011-12-01,2008M01-2023M09,All other foreign,1275.800000,0.2549356566,5004.400000,pre-2012 TIC classification
2011-12-01,2008M01-2023M09,EU-27 (identifiable),625.700000,0.1250299736,5004.400000,pre-2012 TIC classification
2011-12-01,2008M01-2023M09,Middle East (reported/bridge),312.100000,0.0623651187,5004.400000,pre-2012 TIC classification
2011-12-01,2008M01-2023M09,Four Asian dragons,421.400000,0.0842058988,5004.400000,pre-2012 TIC classification
2011-12-01,2008M01-2023M09,Canada,45.100000,0.0090120694,5004.400000,pre-2012 TIC classification
2011-12-01,2008M01-2023M09,United Kingdom,114.300000,0.0228399009,5004.400000,pre-2012 TIC classification
2011-12-01,2008M01-2023M09,Mainland China,1151.900000,0.2301774438,5004.400000,pre-2012 TIC classification
2011-12-01,2008M01-2023M09,Japan,1058.100000,0.2114339381,5004.400000,pre-2012 TIC classification
2012-01-01,2008M01-2023M09,All other foreign,1345.700000,0.2662485408,5054.300000,2012+ TIC classification
2012-01-01,2008M01-2023M09,EU-27 (identifiable),599.800000,0.1186712304,5054.300000,2012+ TIC classification
2012-01-01,2008M01-2023M09,Middle East (reported/bridge),267.100000,0.0528460914,5054.300000,2012+ TIC classification
2012-01-01,2008M01-2023M09,Four Asian dragons,437.700000,0.0865995291,5054.300000,2012+ TIC classification
2012-01-01,2008M01-2023M09,Canada,47.300000,0.0093583681,5054.300000,2012+ TIC classification
2012-01-01,2008M01-2023M09,United Kingdom,109.700000,0.0217042914,5054.300000,2012+ TIC classification
2012-01-01,2008M01-2023M09,Mainland China,1166.200000,0.2307342263,5054.300000,2012+ TIC classification
2012-01-01,2008M01-2023M09,Japan,1080.800000,0.2138377223,5054.300000,2012+ TIC classification
2012-02-01,2008M01-2023M09,All other foreign,1363.200000,0.2671526839,5102.700000,2012+ TIC classification
2012-02-01,2008M01-2023M09,EU-27 (identifiable),596.000000,0.1168009093,5102.700000,2012+ TIC classification
2012-02-01,2008M01-2023M09,Middle East (reported/bridge),272.000000,0.0533051130,5102.700000,2012+ TIC classification
2012-02-01,2008M01-2023M09,Four Asian dragons,460.600000,0.0902659376,5102.700000,2012+ TIC classification
2012-02-01,2008M01-2023M09,Canada,53.500000,0.0104846454,5102.700000,2012+ TIC classification
2012-02-01,2008M01-2023M09,United Kingdom,113.600000,0.0222627237,5102.700000,2012+ TIC classification
2012-02-01,2008M01-2023M09,Mainland China,1155.200000,0.2263899504,5102.700000,2012+ TIC classification
2012-02-01,2008M01-2023M09,Japan,1088.600000,0.2133380367,5102.700000,2012+ TIC classification
2012-03-01,2008M01-2023M09,All other foreign,1401.000000,0.2722979145,5145.100000,2012+ TIC classification
2012-03-01,2008M01-2023M09,EU-27 (identifiable),620.700000,0.1206390546,5145.100000,2012+ TIC classification
2012-03-01,2008M01-2023M09,Middle East (reported/bridge),267.600000,0.0520106509,5145.100000,2012+ TIC classification
2012-03-01,2008M01-2023M09,Four Asian dragons,458.500000,0.0891139142,5145.100000,2012+ TIC classification
2012-03-01,2008M01-2023M09,Canada,54.300000,0.0105537307,5145.100000,2012+ TIC classification
2012-03-01,2008M01-2023M09,United Kingdom,118.600000,0.0230510583,5145.100000,2012+ TIC classification
2012-03-01,2008M01-2023M09,Mainland China,1144.000000,0.2223474762,5145.100000,2012+ TIC classification
2012-03-01,2008M01-2023M09,Japan,1080.400000,0.2099862005,5145.100000,2012+ TIC classification
2012-04-01,2008M01-2023M09,All other foreign,1431.000000,0.2744270783,5214.500000,2012+ TIC classification
2012-04-01,2008M01-2023M09,EU-27 (identifiable),609.700000,0.1169239620,5214.500000,2012+ TIC classification
2012-04-01,2008M01-2023M09,Middle East (reported/bridge),266.900000,0.0511841979,5214.500000,2012+ TIC classification
2012-04-01,2008M01-2023M09,Four Asian dragons,459.600000,0.0881388436,5214.500000,2012+ TIC classification
2012-04-01,2008M01-2023M09,Canada,64.000000,0.0122734682,5214.500000,2012+ TIC classification
2012-04-01,2008M01-2023M09,United Kingdom,131.000000,0.0251222552,5214.500000,2012+ TIC classification
2012-04-01,2008M01-2023M09,Mainland China,1164.400000,0.2233004123,5214.500000,2012+ TIC classification
2012-04-01,2008M01-2023M09,Japan,1087.900000,0.2086297823,5214.500000,2012+ TIC classification
2012-05-01,2008M01-2023M09,All other foreign,1462.300000,0.2777239663,5265.300000,2012+ TIC classification
2012-05-01,2008M01-2023M09,EU-27 (identifiable),616.400000,0.1170683532,5265.300000,2012+ TIC classification
2012-05-01,2008M01-2023M09,Middle East (reported/bridge),264.200000,0.0501775777,5265.300000,2012+ TIC classification
2012-05-01,2008M01-2023M09,Four Asian dragons,463.900000,0.0881051412,5265.300000,2012+ TIC classification
2012-05-01,2008M01-2023M09,Canada,55.900000,0.0106166790,5265.300000,2012+ TIC classification
2012-05-01,2008M01-2023M09,United Kingdom,131.400000,0.0249558430,5265.300000,2012+ TIC classification
2012-05-01,2008M01-2023M09,Mainland China,1164.000000,0.2210700245,5265.300000,2012+ TIC classification
2012-05-01,2008M01-2023M09,Japan,1107.200000,0.2102824151,5265.300000,2012+ TIC classification
2012-06-01,2008M01-2023M09,All other foreign,1495.900000,0.2816660076,5310.900000,2012+ TIC classification
2012-06-01,2008M01-2023M09,EU-27 (identifiable),637.300000,0.1199984937,5310.900000,2012+ TIC classification
2012-06-01,2008M01-2023M09,Middle East (reported/bridge),276.000000,0.0519685929,5310.900000,2012+ TIC classification
2012-06-01,2008M01-2023M09,Four Asian dragons,463.800000,0.0873298311,5310.900000,2012+ TIC classification
2012-06-01,2008M01-2023M09,Canada,52.900000,0.0099606470,5310.900000,2012+ TIC classification
2012-06-01,2008M01-2023M09,United Kingdom,129.600000,0.0244026436,5310.900000,2012+ TIC classification
2012-06-01,2008M01-2023M09,Mainland China,1147.000000,0.2159709277,5310.900000,2012+ TIC classification
2012-06-01,2008M01-2023M09,Japan,1108.400000,0.2087028564,5310.900000,2012+ TIC classification
2012-07-01,2008M01-2023M09,All other foreign,1520.100000,0.2826147582,5378.700000,2012+ TIC classification
2012-07-01,2008M01-2023M09,EU-27 (identifiable),639.300000,0.1188577165,5378.700000,2012+ TIC classification
2012-07-01,2008M01-2023M09,Middle East (reported/bridge),276.100000,0.0513321063,5378.700000,2012+ TIC classification
2012-07-01,2008M01-2023M09,Four Asian dragons,474.400000,0.0881997509,5378.700000,2012+ TIC classification
2012-07-01,2008M01-2023M09,Canada,61.300000,0.0113968059,5378.700000,2012+ TIC classification
2012-07-01,2008M01-2023M09,United Kingdom,127.700000,0.0237417963,5378.700000,2012+ TIC classification
2012-07-01,2008M01-2023M09,Mainland China,1160.000000,0.2156654954,5378.700000,2012+ TIC classification
2012-07-01,2008M01-2023M09,Japan,1119.800000,0.2081915705,5378.700000,2012+ TIC classification
2012-08-01,2008M01-2023M09,All other foreign,1586.000000,0.2911480706,5447.400000,2012+ TIC classification
2012-08-01,2008M01-2023M09,EU-27 (identifiable),631.900000,0.1160002937,5447.400000,2012+ TIC classification
2012-08-01,2008M01-2023M09,Middle East (reported/bridge),280.600000,0.0515108125,5447.400000,2012+ TIC classification
2012-08-01,2008M01-2023M09,Four Asian dragons,482.200000,0.0885192936,5447.400000,2012+ TIC classification
2012-08-01,2008M01-2023M09,Canada,61.300000,0.0112530749,5447.400000,2012+ TIC classification
2012-08-01,2008M01-2023M09,United Kingdom,129.300000,0.0237360943,5447.400000,2012+ TIC classification
2012-08-01,2008M01-2023M09,Mainland China,1155.200000,0.2120644711,5447.400000,2012+ TIC classification
2012-08-01,2008M01-2023M09,Japan,1120.900000,0.2057678893,5447.400000,2012+ TIC classification
2012-09-01,2008M01-2023M09,All other foreign,1587.300000,0.2898595716,5476.100000,2012+ TIC classification
2012-09-01,2008M01-2023M09,EU-27 (identifiable),652.700000,0.1191906649,5476.100000,2012+ TIC classification
2012-09-01,2008M01-2023M09,Middle East (reported/bridge),288.300000,0.0526469568,5476.100000,2012+ TIC classification
2012-09-01,2008M01-2023M09,Four Asian dragons,475.300000,0.0867953471,5476.100000,2012+ TIC classification
2012-09-01,2008M01-2023M09,Canada,60.600000,0.0110662698,5476.100000,2012+ TIC classification
2012-09-01,2008M01-2023M09,United Kingdom,129.800000,0.0237030003,5476.100000,2012+ TIC classification
2012-09-01,2008M01-2023M09,Mainland China,1153.600000,0.2106608718,5476.100000,2012+ TIC classification
2012-09-01,2008M01-2023M09,Japan,1128.500000,0.2060773178,5476.100000,2012+ TIC classification
2012-10-01,2008M01-2023M09,All other foreign,1612.200000,0.2917111477,5526.700000,2012+ TIC classification
2012-10-01,2008M01-2023M09,EU-27 (identifiable),656.900000,0.1188593555,5526.700000,2012+ TIC classification
2012-10-01,2008M01-2023M09,Middle East (reported/bridge),296.500000,0.0536486511,5526.700000,2012+ TIC classification
2012-10-01,2008M01-2023M09,Four Asian dragons,475.300000,0.0860006876,5526.700000,2012+ TIC classification
2012-10-01,2008M01-2023M09,Canada,58.300000,0.0105487904,5526.700000,2012+ TIC classification
2012-10-01,2008M01-2023M09,United Kingdom,125.700000,0.0227441330,5526.700000,2012+ TIC classification
2012-10-01,2008M01-2023M09,Mainland China,1169.900000,0.2116814736,5526.700000,2012+ TIC classification
2012-10-01,2008M01-2023M09,Japan,1131.900000,0.2048057611,5526.700000,2012+ TIC classification
2012-11-01,2008M01-2023M09,All other foreign,1611.000000,0.2908887364,5538.200000,2012+ TIC classification
2012-11-01,2008M01-2023M09,EU-27 (identifiable),666.200000,0.1202917916,5538.200000,2012+ TIC classification
2012-11-01,2008M01-2023M09,Middle East (reported/bridge),294.500000,0.0531761222,5538.200000,2012+ TIC classification
2012-11-01,2008M01-2023M09,Four Asian dragons,481.000000,0.0868513235,5538.200000,2012+ TIC classification
2012-11-01,2008M01-2023M09,Canada,59.800000,0.0107977321,5538.200000,2012+ TIC classification
2012-11-01,2008M01-2023M09,United Kingdom,124.900000,0.0225524539,5538.200000,2012+ TIC classification
2012-11-01,2008M01-2023M09,Mainland China,1183.100000,0.2136253656,5538.200000,2012+ TIC classification
2012-11-01,2008M01-2023M09,Japan,1117.700000,0.2018164747,5538.200000,2012+ TIC classification
2012-12-01,2008M01-2023M09,All other foreign,1599.500000,0.2869675984,5573.800000,2012+ TIC classification
2012-12-01,2008M01-2023M09,EU-27 (identifiable),671.200000,0.1204205390,5573.800000,2012+ TIC classification
2012-12-01,2008M01-2023M09,Middle East (reported/bridge),298.100000,0.0534823639,5573.800000,2012+ TIC classification
2012-12-01,2008M01-2023M09,Four Asian dragons,484.200000,0.0868707166,5573.800000,2012+ TIC classification
2012-12-01,2008M01-2023M09,Canada,66.200000,0.0118769959,5573.800000,2012+ TIC classification
2012-12-01,2008M01-2023M09,United Kingdom,123.000000,0.0220675302,5573.800000,2012+ TIC classification
2012-12-01,2008M01-2023M09,Mainland China,1220.400000,0.2189529585,5573.800000,2012+ TIC classification
2012-12-01,2008M01-2023M09,Japan,1111.200000,0.1993612975,5573.800000,2012+ TIC classification
2013-01-01,2008M01-2023M09,All other foreign,1614.300000,0.2871347006,5622.100000,2012+ TIC classification
2013-01-01,2008M01-2023M09,EU-27 (identifiable),714.100000,0.1270165952,5622.100000,2012+ TIC classification
2013-01-01,2008M01-2023M09,Middle East (reported/bridge),297.500000,0.0529161701,5622.100000,2012+ TIC classification
2013-01-01,2008M01-2023M09,Four Asian dragons,487.400000,0.0866935842,5622.100000,2012+ TIC classification
2013-01-01,2008M01-2023M09,Canada,61.700000,0.0109745469,5622.100000,2012+ TIC classification
2013-01-01,2008M01-2023M09,United Kingdom,129.000000,0.0229451628,5622.100000,2012+ TIC classification
2013-01-01,2008M01-2023M09,Mainland China,1214.200000,0.2159691219,5622.100000,2012+ TIC classification
2013-01-01,2008M01-2023M09,Japan,1103.900000,0.1963501183,5622.100000,2012+ TIC classification
2013-02-01,2008M01-2023M09,All other foreign,1627.200000,0.2859201209,5691.100000,2012+ TIC classification
2013-02-01,2008M01-2023M09,EU-27 (identifiable),725.200000,0.1274270352,5691.100000,2012+ TIC classification
2013-02-01,2008M01-2023M09,Middle East (reported/bridge),289.900000,0.0509391857,5691.100000,2012+ TIC classification
2013-02-01,2008M01-2023M09,Four Asian dragons,494.800000,0.0869427703,5691.100000,2012+ TIC classification
2013-02-01,2008M01-2023M09,Canada,65.500000,0.0115091986,5691.100000,2012+ TIC classification
2013-02-01,2008M01-2023M09,United Kingdom,131.100000,0.0230359684,5691.100000,2012+ TIC classification
2013-02-01,2008M01-2023M09,Mainland China,1251.900000,0.2199750488,5691.100000,2012+ TIC classification
2013-02-01,2008M01-2023M09,Japan,1105.500000,0.1942506721,5691.100000,2012+ TIC classification
2013-03-01,2008M01-2023M09,All other foreign,1604.200000,0.2802096070,5725.000000,2012+ TIC classification
2013-03-01,2008M01-2023M09,EU-27 (identifiable),737.400000,0.1288034934,5725.000000,2012+ TIC classification
2013-03-01,2008M01-2023M09,Middle East (reported/bridge),299.200000,0.0522620087,5725.000000,2012+ TIC classification
2013-03-01,2008M01-2023M09,Four Asian dragons,486.600000,0.0849956332,5725.000000,2012+ TIC classification
2013-03-01,2008M01-2023M09,Canada,64.400000,0.0112489083,5725.000000,2012+ TIC classification
2013-03-01,2008M01-2023M09,United Kingdom,148.600000,0.0259563319,5725.000000,2012+ TIC classification
2013-03-01,2008M01-2023M09,Mainland China,1270.300000,0.2218864629,5725.000000,2012+ TIC classification
2013-03-01,2008M01-2023M09,Japan,1114.300000,0.1946375546,5725.000000,2012+ TIC classification
2013-04-01,2008M01-2023M09,All other foreign,1580.300000,0.2767746116,5709.700000,2012+ TIC classification
2013-04-01,2008M01-2023M09,EU-27 (identifiable),724.300000,0.1268543006,5709.700000,2012+ TIC classification
2013-04-01,2008M01-2023M09,Middle East (reported/bridge),310.000000,0.0542935706,5709.700000,2012+ TIC classification
2013-04-01,2008M01-2023M09,Four Asian dragons,472.300000,0.0827188819,5709.700000,2012+ TIC classification
2013-04-01,2008M01-2023M09,Canada,66.200000,0.0115943044,5709.700000,2012+ TIC classification
2013-04-01,2008M01-2023M09,United Kingdom,153.200000,0.0268315323,5709.700000,2012+ TIC classification
2013-04-01,2008M01-2023M09,Mainland China,1290.700000,0.2260539083,5709.700000,2012+ TIC classification
2013-04-01,2008M01-2023M09,Japan,1112.700000,0.1948788903,5709.700000,2012+ TIC classification
2013-05-01,2008M01-2023M09,All other foreign,1560.500000,0.2757992966,5658.100000,2012+ TIC classification
2013-05-01,2008M01-2023M09,EU-27 (identifiable),718.300000,0.1269507432,5658.100000,2012+ TIC classification
2013-05-01,2008M01-2023M09,Middle East (reported/bridge),304.500000,0.0538166522,5658.100000,2012+ TIC classification
2013-05-01,2008M01-2023M09,Four Asian dragons,463.900000,0.0819886534,5658.100000,2012+ TIC classification
2013-05-01,2008M01-2023M09,Canada,60.700000,0.0107279829,5658.100000,2012+ TIC classification
2013-05-01,2008M01-2023M09,United Kingdom,149.200000,0.0263692759,5658.100000,2012+ TIC classification
2013-05-01,2008M01-2023M09,Mainland China,1297.300000,0.2292819144,5658.100000,2012+ TIC classification
2013-05-01,2008M01-2023M09,Japan,1103.700000,0.1950654813,5658.100000,2012+ TIC classification
2013-06-01,2008M01-2023M09,All other foreign,1552.500000,0.2774798928,5595.000000,2012+ TIC classification
2013-06-01,2008M01-2023M09,EU-27 (identifiable),718.200000,0.1283646113,5595.000000,2012+ TIC classification
2013-06-01,2008M01-2023M09,Middle East (reported/bridge),298.300000,0.0533154602,5595.000000,2012+ TIC classification
2013-06-01,2008M01-2023M09,Four Asian dragons,446.900000,0.0798748883,5595.000000,2012+ TIC classification
2013-06-01,2008M01-2023M09,Canada,65.000000,0.0116175156,5595.000000,2012+ TIC classification
2013-06-01,2008M01-2023M09,United Kingdom,155.000000,0.0277033065,5595.000000,2012+ TIC classification
2013-06-01,2008M01-2023M09,Mainland China,1275.800000,0.2280250223,5595.000000,2012+ TIC classification
2013-06-01,2008M01-2023M09,Japan,1083.300000,0.1936193029,5595.000000,2012+ TIC classification
2013-07-01,2008M01-2023M09,All other foreign,1539.600000,0.2752825061,5592.800000,2012+ TIC classification
2013-07-01,2008M01-2023M09,EU-27 (identifiable),695.900000,0.1244278358,5592.800000,2012+ TIC classification
2013-07-01,2008M01-2023M09,Middle East (reported/bridge),289.500000,0.0517629810,5592.800000,2012+ TIC classification
2013-07-01,2008M01-2023M09,Four Asian dragons,438.700000,0.0784401373,5592.800000,2012+ TIC classification
2013-07-01,2008M01-2023M09,Canada,65.600000,0.0117293663,5592.800000,2012+ TIC classification
2013-07-01,2008M01-2023M09,United Kingdom,148.800000,0.0266056358,5592.800000,2012+ TIC classification
2013-07-01,2008M01-2023M09,Mainland China,1279.300000,0.2287405235,5592.800000,2012+ TIC classification
2013-07-01,2008M01-2023M09,Japan,1135.400000,0.2030110142,5592.800000,2012+ TIC classification
2013-08-01,2008M01-2023M09,All other foreign,1543.200000,0.2757782623,5595.800000,2012+ TIC classification
2013-08-01,2008M01-2023M09,EU-27 (identifiable),701.800000,0.1254154902,5595.800000,2012+ TIC classification
2013-08-01,2008M01-2023M09,Middle East (reported/bridge),285.100000,0.0509489260,5595.800000,2012+ TIC classification
2013-08-01,2008M01-2023M09,Four Asian dragons,439.500000,0.0785410486,5595.800000,2012+ TIC classification
2013-08-01,2008M01-2023M09,Canada,60.400000,0.0107938096,5595.800000,2012+ TIC classification
2013-08-01,2008M01-2023M09,United Kingdom,148.600000,0.0265556310,5595.800000,2012+ TIC classification
2013-08-01,2008M01-2023M09,Mainland China,1268.100000,0.2266163909,5595.800000,2012+ TIC classification
2013-08-01,2008M01-2023M09,Japan,1149.100000,0.2053504414,5595.800000,2012+ TIC classification
2013-09-01,2008M01-2023M09,All other foreign,1543.600000,0.2730682140,5652.800000,2012+ TIC classification
2013-09-01,2008M01-2023M09,EU-27 (identifiable),698.800000,0.1236201528,5652.800000,2012+ TIC classification
2013-09-01,2008M01-2023M09,Middle East (reported/bridge),279.500000,0.0494445231,5652.800000,2012+ TIC classification
2013-09-01,2008M01-2023M09,Four Asian dragons,448.200000,0.0792881404,5652.800000,2012+ TIC classification
2013-09-01,2008M01-2023M09,Canada,62.400000,0.0110387772,5652.800000,2012+ TIC classification
2013-09-01,2008M01-2023M09,United Kingdom,148.400000,0.0262524766,5652.800000,2012+ TIC classification
2013-09-01,2008M01-2023M09,Mainland China,1293.800000,0.2288777243,5652.800000,2012+ TIC classification
2013-09-01,2008M01-2023M09,Japan,1178.100000,0.2084099915,5652.800000,2012+ TIC classification
2013-10-01,2008M01-2023M09,All other foreign,1537.400000,0.2718607982,5655.100000,2012+ TIC classification
2013-10-01,2008M01-2023M09,EU-27 (identifiable),700.600000,0.1238881717,5655.100000,2012+ TIC classification
2013-10-01,2008M01-2023M09,Middle East (reported/bridge),273.200000,0.0483103747,5655.100000,2012+ TIC classification
2013-10-01,2008M01-2023M09,Four Asian dragons,458.700000,0.0811126240,5655.100000,2012+ TIC classification
2013-10-01,2008M01-2023M09,Canada,58.000000,0.0102562289,5655.100000,2012+ TIC classification
2013-10-01,2008M01-2023M09,United Kingdom,148.300000,0.0262241163,5655.100000,2012+ TIC classification
2013-10-01,2008M01-2023M09,Mainland China,1304.500000,0.2306767343,5655.100000,2012+ TIC classification
2013-10-01,2008M01-2023M09,Japan,1174.400000,0.2076709519,5655.100000,2012+ TIC classification
2013-11-01,2008M01-2023M09,All other foreign,1550.500000,0.2712181640,5716.800000,2012+ TIC classification
2013-11-01,2008M01-2023M09,EU-27 (identifiable),724.300000,0.1266967534,5716.800000,2012+ TIC classification
2013-11-01,2008M01-2023M09,Middle East (reported/bridge),272.500000,0.0476665267,5716.800000,2012+ TIC classification
2013-11-01,2008M01-2023M09,Four Asian dragons,459.000000,0.0802896725,5716.800000,2012+ TIC classification
2013-11-01,2008M01-2023M09,Canada,57.000000,0.0099706129,5716.800000,2012+ TIC classification
2013-11-01,2008M01-2023M09,United Kingdom,150.400000,0.0263084243,5716.800000,2012+ TIC classification
2013-11-01,2008M01-2023M09,Mainland China,1316.700000,0.2303211587,5716.800000,2012+ TIC classification
2013-11-01,2008M01-2023M09,Japan,1186.400000,0.2075286874,5716.800000,2012+ TIC classification
2013-12-01,2008M01-2023M09,All other foreign,1512.200000,0.2610572109,5792.600000,2012+ TIC classification
2013-12-01,2008M01-2023M09,EU-27 (identifiable),861.700000,0.1487587612,5792.600000,2012+ TIC classification
2013-12-01,2008M01-2023M09,Middle East (reported/bridge),276.800000,0.0477851051,5792.600000,2012+ TIC classification
2013-12-01,2008M01-2023M09,Four Asian dragons,481.200000,0.0830715050,5792.600000,2012+ TIC classification
2013-12-01,2008M01-2023M09,Canada,55.900000,0.0096502434,5792.600000,2012+ TIC classification
2013-12-01,2008M01-2023M09,United Kingdom,152.200000,0.0262749025,5792.600000,2012+ TIC classification
2013-12-01,2008M01-2023M09,Mainland China,1270.100000,0.2192625073,5792.600000,2012+ TIC classification
2013-12-01,2008M01-2023M09,Japan,1182.500000,0.2041397645,5792.600000,2012+ TIC classification
2014-01-01,2008M01-2023M09,All other foreign,1497.600000,0.2563812850,5841.300000,2012+ TIC classification
2014-01-01,2008M01-2023M09,EU-27 (identifiable),899.500000,0.1539896941,5841.300000,2012+ TIC classification
2014-01-01,2008M01-2023M09,Middle East (reported/bridge),279.600000,0.0478660572,5841.300000,2012+ TIC classification
2014-01-01,2008M01-2023M09,Four Asian dragons,480.900000,0.0823275641,5841.300000,2012+ TIC classification
2014-01-01,2008M01-2023M09,Canada,55.500000,0.0095013096,5841.300000,2012+ TIC classification
2014-01-01,2008M01-2023M09,United Kingdom,151.200000,0.0258846490,5841.300000,2012+ TIC classification
2014-01-01,2008M01-2023M09,Mainland China,1275.600000,0.2183760464,5841.300000,2012+ TIC classification
2014-01-01,2008M01-2023M09,Japan,1201.400000,0.2056733946,5841.300000,2012+ TIC classification
2014-02-01,2008M01-2023M09,All other foreign,1486.100000,0.2523047147,5890.100000,2012+ TIC classification
2014-02-01,2008M01-2023M09,EU-27 (identifiable),931.700000,0.1581806760,5890.100000,2012+ TIC classification
2014-02-01,2008M01-2023M09,Middle East (reported/bridge),280.100000,0.0475543709,5890.100000,2012+ TIC classification
2014-02-01,2008M01-2023M09,Four Asian dragons,484.500000,0.0822566680,5890.100000,2012+ TIC classification
2014-02-01,2008M01-2023M09,Canada,59.400000,0.0100847184,5890.100000,2012+ TIC classification
2014-02-01,2008M01-2023M09,United Kingdom,164.600000,0.0279451962,5890.100000,2012+ TIC classification
2014-02-01,2008M01-2023M09,Mainland China,1272.900000,0.2161083853,5890.100000,2012+ TIC classification
2014-02-01,2008M01-2023M09,Japan,1210.800000,0.2055652705,5890.100000,2012+ TIC classification
2014-03-01,2008M01-2023M09,All other foreign,1503.800000,0.2528117277,5948.300000,2012+ TIC classification
2014-03-01,2008M01-2023M09,EU-27 (identifiable),988.100000,0.1661146882,5948.300000,2012+ TIC classification
2014-03-01,2008M01-2023M09,Middle East (reported/bridge),284.900000,0.0478960375,5948.300000,2012+ TIC classification
2014-03-01,2008M01-2023M09,Four Asian dragons,475.500000,0.0799388060,5948.300000,2012+ TIC classification
2014-03-01,2008M01-2023M09,Canada,60.200000,0.0101205386,5948.300000,2012+ TIC classification
2014-03-01,2008M01-2023M09,United Kingdom,163.500000,0.0274868450,5948.300000,2012+ TIC classification
2014-03-01,2008M01-2023M09,Mainland China,1272.100000,0.2138594220,5948.300000,2012+ TIC classification
2014-03-01,2008M01-2023M09,Japan,1200.200000,0.2017719348,5948.300000,2012+ TIC classification
2014-04-01,2008M01-2023M09,All other foreign,1502.600000,0.2521394771,5959.400000,2012+ TIC classification
2014-04-01,2008M01-2023M09,EU-27 (identifiable),978.500000,0.1641943820,5959.400000,2012+ TIC classification
2014-04-01,2008M01-2023M09,Middle East (reported/bridge),294.100000,0.0493506058,5959.400000,2012+ TIC classification
2014-04-01,2008M01-2023M09,Four Asian dragons,478.600000,0.0803100983,5959.400000,2012+ TIC classification
2014-04-01,2008M01-2023M09,Canada,60.700000,0.0101855892,5959.400000,2012+ TIC classification
2014-04-01,2008M01-2023M09,United Kingdom,172.000000,0.0288619660,5959.400000,2012+ TIC classification
2014-04-01,2008M01-2023M09,Mainland China,1263.200000,0.2119676477,5959.400000,2012+ TIC classification
2014-04-01,2008M01-2023M09,Japan,1209.700000,0.2029902339,5959.400000,2012+ TIC classification
2014-05-01,2008M01-2023M09,All other foreign,1504.200000,0.2517700226,5974.500000,2012+ TIC classification
2014-05-01,2008M01-2023M09,EU-27 (identifiable),966.900000,0.1618378107,5974.500000,2012+ TIC classification
2014-05-01,2008M01-2023M09,Middle East (reported/bridge),299.300000,0.0500962424,5974.500000,2012+ TIC classification
2014-05-01,2008M01-2023M09,Four Asian dragons,483.400000,0.0809105364,5974.500000,2012+ TIC classification
2014-05-01,2008M01-2023M09,Canada,62.800000,0.0105113399,5974.500000,2012+ TIC classification
2014-05-01,2008M01-2023M09,United Kingdom,166.900000,0.0279353921,5974.500000,2012+ TIC classification
2014-05-01,2008M01-2023M09,Mainland China,1270.900000,0.2127207298,5974.500000,2012+ TIC classification
2014-05-01,2008M01-2023M09,Japan,1220.100000,0.2042179262,5974.500000,2012+ TIC classification
2014-06-01,2008M01-2023M09,All other foreign,1519.300000,0.2524299267,6018.700000,2012+ TIC classification
2014-06-01,2008M01-2023M09,EU-27 (identifiable),988.800000,0.1642879692,6018.700000,2012+ TIC classification
2014-06-01,2008M01-2023M09,Middle East (reported/bridge),302.400000,0.0502434080,6018.700000,2012+ TIC classification
2014-06-01,2008M01-2023M09,Four Asian dragons,492.600000,0.0818449167,6018.700000,2012+ TIC classification
2014-06-01,2008M01-2023M09,Canada,66.200000,0.0109990530,6018.700000,2012+ TIC classification
2014-06-01,2008M01-2023M09,United Kingdom,161.700000,0.0268662668,6018.700000,2012+ TIC classification
2014-06-01,2008M01-2023M09,Mainland China,1268.400000,0.2107431837,6018.700000,2012+ TIC classification
2014-06-01,2008M01-2023M09,Japan,1219.300000,0.2025852759,6018.700000,2012+ TIC classification
2014-07-01,2008M01-2023M09,All other foreign,1529.200000,0.2547562723,6002.600000,2012+ TIC classification
2014-07-01,2008M01-2023M09,EU-27 (identifiable),965.900000,0.1609136041,6002.600000,2012+ TIC classification
2014-07-01,2008M01-2023M09,Middle East (reported/bridge),304.600000,0.0507446773,6002.600000,2012+ TIC classification
2014-07-01,2008M01-2023M09,Four Asian dragons,491.200000,0.0818312065,6002.600000,2012+ TIC classification
2014-07-01,2008M01-2023M09,Canada,66.300000,0.0110452137,6002.600000,2012+ TIC classification
2014-07-01,2008M01-2023M09,United Kingdom,161.500000,0.0269050078,6002.600000,2012+ TIC classification
2014-07-01,2008M01-2023M09,Mainland China,1264.900000,0.2107253523,6002.600000,2012+ TIC classification
2014-07-01,2008M01-2023M09,Japan,1219.000000,0.2030786659,6002.600000,2012+ TIC classification
2014-08-01,2008M01-2023M09,All other foreign,1532.800000,0.2525538786,6069.200000,2012+ TIC classification
2014-08-01,2008M01-2023M09,EU-27 (identifiable),983.000000,0.1619653332,6069.200000,2012+ TIC classification
2014-08-01,2008M01-2023M09,Middle East (reported/bridge),329.700000,0.0543234693,6069.200000,2012+ TIC classification
2014-08-01,2008M01-2023M09,Four Asian dragons,496.600000,0.0818229750,6069.200000,2012+ TIC classification
2014-08-01,2008M01-2023M09,Canada,64.900000,0.0106933368,6069.200000,2012+ TIC classification
2014-08-01,2008M01-2023M09,United Kingdom,162.400000,0.0267580571,6069.200000,2012+ TIC classification
2014-08-01,2008M01-2023M09,Mainland China,1269.700000,0.2092038489,6069.200000,2012+ TIC classification
2014-08-01,2008M01-2023M09,Japan,1230.100000,0.2026791010,6069.200000,2012+ TIC classification
2014-09-01,2008M01-2023M09,All other foreign,1517.200000,0.2499835234,6069.200000,2012+ TIC classification
2014-09-01,2008M01-2023M09,EU-27 (identifiable),1003.600000,0.1653595202,6069.200000,2012+ TIC classification
2014-09-01,2008M01-2023M09,Middle East (reported/bridge),342.600000,0.0564489554,6069.200000,2012+ TIC classification
2014-09-01,2008M01-2023M09,Four Asian dragons,495.400000,0.0816252554,6069.200000,2012+ TIC classification
2014-09-01,2008M01-2023M09,Canada,64.600000,0.0106439069,6069.200000,2012+ TIC classification
2014-09-01,2008M01-2023M09,United Kingdom,157.700000,0.0259836552,6069.200000,2012+ TIC classification
2014-09-01,2008M01-2023M09,Mainland China,1266.300000,0.2086436433,6069.200000,2012+ TIC classification
2014-09-01,2008M01-2023M09,Japan,1221.800000,0.2013115402,6069.200000,2012+ TIC classification
2014-10-01,2008M01-2023M09,All other foreign,1511.600000,0.2493566480,6062.000000,2012+ TIC classification
2014-10-01,2008M01-2023M09,EU-27 (identifiable),1002.500000,0.1653744639,6062.000000,2012+ TIC classification
2014-10-01,2008M01-2023M09,Middle East (reported/bridge),351.100000,0.0579181788,6062.000000,2012+ TIC classification
2014-10-01,2008M01-2023M09,Four Asian dragons,499.200000,0.0823490597,6062.000000,2012+ TIC classification
2014-10-01,2008M01-2023M09,Canada,62.500000,0.0103101287,6062.000000,2012+ TIC classification
2014-10-01,2008M01-2023M09,United Kingdom,160.000000,0.0263939294,6062.000000,2012+ TIC classification
2014-10-01,2008M01-2023M09,Mainland China,1252.700000,0.2066479710,6062.000000,2012+ TIC classification
2014-10-01,2008M01-2023M09,Japan,1222.400000,0.2016496206,6062.000000,2012+ TIC classification
2014-11-01,2008M01-2023M09,All other foreign,1528.100000,0.2499018774,6114.800000,2012+ TIC classification
2014-11-01,2008M01-2023M09,EU-27 (identifiable),1012.100000,0.1655164519,6114.800000,2012+ TIC classification
2014-11-01,2008M01-2023M09,Middle East (reported/bridge),353.600000,0.0578269118,6114.800000,2012+ TIC classification
2014-11-01,2008M01-2023M09,Four Asian dragons,501.700000,0.0820468372,6114.800000,2012+ TIC classification
2014-11-01,2008M01-2023M09,Canada,64.100000,0.0104827631,6114.800000,2012+ TIC classification
2014-11-01,2008M01-2023M09,United Kingdom,163.300000,0.0267056977,6114.800000,2012+ TIC classification
2014-11-01,2008M01-2023M09,Mainland China,1250.400000,0.2044874730,6114.800000,2012+ TIC classification
2014-11-01,2008M01-2023M09,Japan,1241.500000,0.2030319880,6114.800000,2012+ TIC classification
2014-12-01,2008M01-2023M09,All other foreign,1512.600000,0.2456316986,6158.000000,2012+ TIC classification
2014-12-01,2008M01-2023M09,EU-27 (identifiable),1040.900000,0.1690321533,6158.000000,2012+ TIC classification
2014-12-01,2008M01-2023M09,Middle East (reported/bridge),355.300000,0.0576973043,6158.000000,2012+ TIC classification
2014-12-01,2008M01-2023M09,Four Asian dragons,525.300000,0.0853036700,6158.000000,2012+ TIC classification
2014-12-01,2008M01-2023M09,Canada,69.000000,0.0112049367,6158.000000,2012+ TIC classification
2014-12-01,2008M01-2023M09,United Kingdom,179.700000,0.0291815525,6158.000000,2012+ TIC classification
2014-12-01,2008M01-2023M09,Mainland China,1244.300000,0.2020623579,6158.000000,2012+ TIC classification
2014-12-01,2008M01-2023M09,Japan,1230.900000,0.1998863267,6158.000000,2012+ TIC classification
2015-01-01,2008M01-2023M09,All other foreign,1531.400000,0.2462572563,6218.700000,2012+ TIC classification
2015-01-01,2008M01-2023M09,EU-27 (identifiable),1060.800000,0.1705822760,6218.700000,2012+ TIC classification
2015-01-01,2008M01-2023M09,Middle East (reported/bridge),364.600000,0.0586296171,6218.700000,2012+ TIC classification
2015-01-01,2008M01-2023M09,Four Asian dragons,516.700000,0.0830881052,6218.700000,2012+ TIC classification
2015-01-01,2008M01-2023M09,Canada,69.700000,0.0112081303,6218.700000,2012+ TIC classification
2015-01-01,2008M01-2023M09,United Kingdom,197.800000,0.0318072909,6218.700000,2012+ TIC classification
2015-01-01,2008M01-2023M09,Mainland China,1239.100000,0.1992538633,6218.700000,2012+ TIC classification
2015-01-01,2008M01-2023M09,Japan,1238.600000,0.1991734607,6218.700000,2012+ TIC classification
2015-02-01,2008M01-2023M09,All other foreign,1528.200000,0.2479475614,6163.400000,2012+ TIC classification
2015-02-01,2008M01-2023M09,EU-27 (identifiable),1052.100000,0.1707012363,6163.400000,2012+ TIC classification
2015-02-01,2008M01-2023M09,Middle East (reported/bridge),366.500000,0.0594639322,6163.400000,2012+ TIC classification
2015-02-01,2008M01-2023M09,Four Asian dragons,514.800000,0.0835253269,6163.400000,2012+ TIC classification
2015-02-01,2008M01-2023M09,Canada,70.500000,0.0114384917,6163.400000,2012+ TIC classification
2015-02-01,2008M01-2023M09,United Kingdom,183.200000,0.0297238537,6163.400000,2012+ TIC classification
2015-02-01,2008M01-2023M09,Mainland China,1223.700000,0.1985430120,6163.400000,2012+ TIC classification
2015-02-01,2008M01-2023M09,Japan,1224.400000,0.1986565857,6163.400000,2012+ TIC classification
2015-03-01,2008M01-2023M09,All other foreign,1551.200000,0.2513041506,6172.600000,2012+ TIC classification
2015-03-01,2008M01-2023M09,EU-27 (identifiable),983.500000,0.1593331821,6172.600000,2012+ TIC classification
2015-03-01,2008M01-2023M09,Middle East (reported/bridge),362.200000,0.0586786767,6172.600000,2012+ TIC classification
2015-03-01,2008M01-2023M09,Four Asian dragons,526.700000,0.0853287108,6172.600000,2012+ TIC classification
2015-03-01,2008M01-2023M09,Canada,73.100000,0.0118426595,6172.600000,2012+ TIC classification
2015-03-01,2008M01-2023M09,United Kingdom,190.200000,0.0308135956,6172.600000,2012+ TIC classification
2015-03-01,2008M01-2023M09,Mainland China,1261.000000,0.2042899264,6172.600000,2012+ TIC classification
2015-03-01,2008M01-2023M09,Japan,1224.700000,0.1984090983,6172.600000,2012+ TIC classification
2015-04-01,2008M01-2023M09,All other foreign,1553.900000,0.2531647632,6137.900000,2012+ TIC classification
2015-04-01,2008M01-2023M09,EU-27 (identifiable),951.400000,0.1550041545,6137.900000,2012+ TIC classification
2015-04-01,2008M01-2023M09,Middle East (reported/bridge),360.600000,0.0587497353,6137.900000,2012+ TIC classification
2015-04-01,2008M01-2023M09,Four Asian dragons,534.900000,0.0871470698,6137.900000,2012+ TIC classification
2015-04-01,2008M01-2023M09,Canada,72.000000,0.0117303964,6137.900000,2012+ TIC classification
2015-04-01,2008M01-2023M09,United Kingdom,185.800000,0.0302709396,6137.900000,2012+ TIC classification
2015-04-01,2008M01-2023M09,Mainland China,1263.400000,0.2058358722,6137.900000,2012+ TIC classification
2015-04-01,2008M01-2023M09,Japan,1215.900000,0.1980970690,6137.900000,2012+ TIC classification
2015-05-01,2008M01-2023M09,All other foreign,1579.800000,0.2575145074,6134.800000,2012+ TIC classification
2015-05-01,2008M01-2023M09,EU-27 (identifiable),902.000000,0.1470300580,6134.800000,2012+ TIC classification
2015-05-01,2008M01-2023M09,Middle East (reported/bridge),361.600000,0.0589424268,6134.800000,2012+ TIC classification
2015-05-01,2008M01-2023M09,Four Asian dragons,545.100000,0.0888537524,6134.800000,2012+ TIC classification
2015-05-01,2008M01-2023M09,Canada,70.900000,0.0115570190,6134.800000,2012+ TIC classification
2015-05-01,2008M01-2023M09,United Kingdom,190.200000,0.0310034557,6134.800000,2012+ TIC classification
2015-05-01,2008M01-2023M09,Mainland China,1270.300000,0.2070646150,6134.800000,2012+ TIC classification
2015-05-01,2008M01-2023M09,Japan,1214.900000,0.1980341657,6134.800000,2012+ TIC classification
2015-06-01,2008M01-2023M09,All other foreign,1588.000000,0.2577503652,6161.000000,2012+ TIC classification
2015-06-01,2008M01-2023M09,EU-27 (identifiable),923.700000,0.1499269599,6161.000000,2012+ TIC classification
2015-06-01,2008M01-2023M09,Middle East (reported/bridge),360.400000,0.0584969972,6161.000000,2012+ TIC classification
2015-06-01,2008M01-2023M09,Four Asian dragons,547.200000,0.0888167505,6161.000000,2012+ TIC classification
2015-06-01,2008M01-2023M09,Canada,68.100000,0.0110534004,6161.000000,2012+ TIC classification
2015-06-01,2008M01-2023M09,United Kingdom,205.300000,0.0333225126,6161.000000,2012+ TIC classification
2015-06-01,2008M01-2023M09,Mainland China,1271.200000,0.2063301412,6161.000000,2012+ TIC classification
2015-06-01,2008M01-2023M09,Japan,1197.100000,0.1943028729,6161.000000,2012+ TIC classification
2015-07-01,2008M01-2023M09,All other foreign,1599.000000,0.2613855560,6117.400000,2012+ TIC classification
2015-07-01,2008M01-2023M09,EU-27 (identifiable),875.900000,0.1431817439,6117.400000,2012+ TIC classification
2015-07-01,2008M01-2023M09,Middle East (reported/bridge),358.000000,0.0585215941,6117.400000,2012+ TIC classification
2015-07-01,2008M01-2023M09,Four Asian dragons,542.300000,0.0886487724,6117.400000,2012+ TIC classification
2015-07-01,2008M01-2023M09,Canada,69.200000,0.0113119953,6117.400000,2012+ TIC classification
2015-07-01,2008M01-2023M09,United Kingdom,203.400000,0.0332494197,6117.400000,2012+ TIC classification
2015-07-01,2008M01-2023M09,Mainland China,1268.800000,0.2074083761,6117.400000,2012+ TIC classification
2015-07-01,2008M01-2023M09,Japan,1200.800000,0.1962925426,6117.400000,2012+ TIC classification
2015-08-01,2008M01-2023M09,All other foreign,1609.600000,0.2638861565,6099.600000,2012+ TIC classification
2015-08-01,2008M01-2023M09,EU-27 (identifiable),839.200000,0.1375827923,6099.600000,2012+ TIC classification
2015-08-01,2008M01-2023M09,Middle East (reported/bridge),349.500000,0.0572988393,6099.600000,2012+ TIC classification
2015-08-01,2008M01-2023M09,Four Asian dragons,553.800000,0.0907928389,6099.600000,2012+ TIC classification
2015-08-01,2008M01-2023M09,Canada,66.800000,0.0109515378,6099.600000,2012+ TIC classification
2015-08-01,2008M01-2023M09,United Kingdom,213.200000,0.0349531117,6099.600000,2012+ TIC classification
2015-08-01,2008M01-2023M09,Mainland China,1270.500000,0.2082923470,6099.600000,2012+ TIC classification
2015-08-01,2008M01-2023M09,Japan,1197.000000,0.1962423765,6099.600000,2012+ TIC classification
2015-09-01,2008M01-2023M09,All other foreign,1602.900000,0.2625982962,6104.000000,2012+ TIC classification
2015-09-01,2008M01-2023M09,EU-27 (identifiable),877.200000,0.1437090433,6104.000000,2012+ TIC classification
2015-09-01,2008M01-2023M09,Middle East (reported/bridge),346.700000,0.0567988204,6104.000000,2012+ TIC classification
2015-09-01,2008M01-2023M09,Four Asian dragons,569.000000,0.0932175623,6104.000000,2012+ TIC classification
2015-09-01,2008M01-2023M09,Canada,69.200000,0.0113368283,6104.000000,2012+ TIC classification
2015-09-01,2008M01-2023M09,United Kingdom,203.900000,0.0334043250,6104.000000,2012+ TIC classification
2015-09-01,2008M01-2023M09,Mainland China,1258.000000,0.2060943644,6104.000000,2012+ TIC classification
2015-09-01,2008M01-2023M09,Japan,1177.100000,0.1928407602,6104.000000,2012+ TIC classification
2015-10-01,2008M01-2023M09,All other foreign,1587.300000,0.2625676145,6045.300000,2012+ TIC classification
2015-10-01,2008M01-2023M09,EU-27 (identifiable),892.000000,0.1475526442,6045.300000,2012+ TIC classification
2015-10-01,2008M01-2023M09,Middle East (reported/bridge),338.800000,0.0560435380,6045.300000,2012+ TIC classification
2015-10-01,2008M01-2023M09,Four Asian dragons,555.800000,0.0919391924,6045.300000,2012+ TIC classification
2015-10-01,2008M01-2023M09,Canada,66.800000,0.0110499065,6045.300000,2012+ TIC classification
2015-10-01,2008M01-2023M09,United Kingdom,200.600000,0.0331828032,6045.300000,2012+ TIC classification
2015-10-01,2008M01-2023M09,Mainland China,1254.800000,0.2075662085,6045.300000,2012+ TIC classification
2015-10-01,2008M01-2023M09,Japan,1149.200000,0.1900980927,6045.300000,2012+ TIC classification
2015-11-01,2008M01-2023M09,All other foreign,1617.200000,0.2641016429,6123.400000,2012+ TIC classification
2015-11-01,2008M01-2023M09,EU-27 (identifiable),926.300000,0.1512721691,6123.400000,2012+ TIC classification
2015-11-01,2008M01-2023M09,Middle East (reported/bridge),342.800000,0.0559819708,6123.400000,2012+ TIC classification
2015-11-01,2008M01-2023M09,Four Asian dragons,554.900000,0.0906195904,6123.400000,2012+ TIC classification
2015-11-01,2008M01-2023M09,Canada,68.300000,0.0111539341,6123.400000,2012+ TIC classification
2015-11-01,2008M01-2023M09,United Kingdom,204.500000,0.0333964791,6123.400000,2012+ TIC classification
2015-11-01,2008M01-2023M09,Mainland China,1264.500000,0.2065029232,6123.400000,2012+ TIC classification
2015-11-01,2008M01-2023M09,Japan,1144.900000,0.1869712905,6123.400000,2012+ TIC classification
2015-12-01,2008M01-2023M09,All other foreign,1657.400000,0.2697503336,6144.200000,2012+ TIC classification
2015-12-01,2008M01-2023M09,EU-27 (identifiable),930.500000,0.1514436379,6144.200000,2012+ TIC classification
2015-12-01,2008M01-2023M09,Middle East (reported/bridge),344.600000,0.0560854139,6144.200000,2012+ TIC classification
2015-12-01,2008M01-2023M09,Four Asian dragons,563.700000,0.0917450604,6144.200000,2012+ TIC classification
2015-12-01,2008M01-2023M09,Canada,72.400000,0.0117834706,6144.200000,2012+ TIC classification
2015-12-01,2008M01-2023M09,United Kingdom,207.100000,0.0337065851,6144.200000,2012+ TIC classification
2015-12-01,2008M01-2023M09,Mainland China,1246.100000,0.2028091533,6144.200000,2012+ TIC classification
2015-12-01,2008M01-2023M09,Japan,1122.400000,0.1826763452,6144.200000,2012+ TIC classification
2016-01-01,2008M01-2023M09,All other foreign,1672.300000,0.2704936594,6182.400000,2012+ TIC classification
2016-01-01,2008M01-2023M09,EU-27 (identifiable),957.300000,0.1548427795,6182.400000,2012+ TIC classification
2016-01-01,2008M01-2023M09,Middle East (reported/bridge),338.000000,0.0546713251,6182.400000,2012+ TIC classification
2016-01-01,2008M01-2023M09,Four Asian dragons,572.900000,0.0926662785,6182.400000,2012+ TIC classification
2016-01-01,2008M01-2023M09,Canada,70.700000,0.0114356884,6182.400000,2012+ TIC classification
2016-01-01,2008M01-2023M09,United Kingdom,209.600000,0.0339026915,6182.400000,2012+ TIC classification
2016-01-01,2008M01-2023M09,Mainland China,1238.000000,0.2002458592,6182.400000,2012+ TIC classification
2016-01-01,2008M01-2023M09,Japan,1123.600000,0.1817417184,6182.400000,2012+ TIC classification
2016-02-01,2008M01-2023M09,All other foreign,1662.900000,0.2664263398,6241.500000,2012+ TIC classification
2016-02-01,2008M01-2023M09,EU-27 (identifiable),997.200000,0.1597692862,6241.500000,2012+ TIC classification
2016-02-01,2008M01-2023M09,Middle East (reported/bridge),322.000000,0.0515901626,6241.500000,2012+ TIC classification
2016-02-01,2008M01-2023M09,Four Asian dragons,573.900000,0.0919490507,6241.500000,2012+ TIC classification
2016-02-01,2008M01-2023M09,Canada,69.400000,0.0111191220,6241.500000,2012+ TIC classification
2016-02-01,2008M01-2023M09,United Kingdom,230.600000,0.0369462469,6241.500000,2012+ TIC classification
2016-02-01,2008M01-2023M09,Mainland China,1252.300000,0.2006408716,6241.500000,2012+ TIC classification
2016-02-01,2008M01-2023M09,Japan,1133.200000,0.1815589201,6241.500000,2012+ TIC classification
2016-03-01,2008M01-2023M09,All other foreign,1668.900000,0.2655623449,6284.400000,2012+ TIC classification
2016-03-01,2008M01-2023M09,EU-27 (identifiable),1028.300000,0.1636273948,6284.400000,2012+ TIC classification
2016-03-01,2008M01-2023M09,Middle East (reported/bridge),318.700000,0.0507128763,6284.400000,2012+ TIC classification
2016-03-01,2008M01-2023M09,Four Asian dragons,578.800000,0.0921010757,6284.400000,2012+ TIC classification
2016-03-01,2008M01-2023M09,Canada,81.500000,0.0129686207,6284.400000,2012+ TIC classification
2016-03-01,2008M01-2023M09,United Kingdom,226.500000,0.0360416269,6284.400000,2012+ TIC classification
2016-03-01,2008M01-2023M09,Mainland China,1244.600000,0.1980459551,6284.400000,2012+ TIC classification
2016-03-01,2008M01-2023M09,Japan,1137.100000,0.1809401057,6284.400000,2012+ TIC classification
2016-04-01,2008M01-2023M09,All other foreign,1643.800000,0.2635688746,6236.700000,2012+ TIC classification
2016-04-01,2008M01-2023M09,EU-27 (identifiable),1016.800000,0.1630349383,6236.700000,2012+ TIC classification
2016-04-01,2008M01-2023M09,Middle East (reported/bridge),320.100000,0.0513252201,6236.700000,2012+ TIC classification
2016-04-01,2008M01-2023M09,Four Asian dragons,572.100000,0.0917312040,6236.700000,2012+ TIC classification
2016-04-01,2008M01-2023M09,Canada,81.900000,0.0131319448,6236.700000,2012+ TIC classification
2016-04-01,2008M01-2023M09,United Kingdom,216.400000,0.0346978370,6236.700000,2012+ TIC classification
2016-04-01,2008M01-2023M09,Mainland China,1242.800000,0.1992720509,6236.700000,2012+ TIC classification
2016-04-01,2008M01-2023M09,Japan,1142.800000,0.1832379303,6236.700000,2012+ TIC classification
2016-05-01,2008M01-2023M09,All other foreign,1643.400000,0.2647101461,6208.300000,2012+ TIC classification
2016-05-01,2008M01-2023M09,EU-27 (identifiable),1023.800000,0.1649082680,6208.300000,2012+ TIC classification
2016-05-01,2008M01-2023M09,Middle East (reported/bridge),307.000000,0.0494499299,6208.300000,2012+ TIC classification
2016-05-01,2008M01-2023M09,Four Asian dragons,563.200000,0.0907172656,6208.300000,2012+ TIC classification
2016-05-01,2008M01-2023M09,Canada,76.600000,0.0123383213,6208.300000,2012+ TIC classification
2016-05-01,2008M01-2023M09,United Kingdom,217.100000,0.0349693153,6208.300000,2012+ TIC classification
2016-05-01,2008M01-2023M09,Mainland China,1244.000000,0.2003769148,6208.300000,2012+ TIC classification
2016-05-01,2008M01-2023M09,Japan,1133.200000,0.1825298391,6208.300000,2012+ TIC classification
2016-06-01,2008M01-2023M09,All other foreign,1657.600000,0.2639868771,6279.100000,2012+ TIC classification
2016-06-01,2008M01-2023M09,EU-27 (identifiable),1039.500000,0.1655492029,6279.100000,2012+ TIC classification
2016-06-01,2008M01-2023M09,Middle East (reported/bridge),315.000000,0.0501664251,6279.100000,2012+ TIC classification
2016-06-01,2008M01-2023M09,Four Asian dragons,562.400000,0.0895669762,6279.100000,2012+ TIC classification
2016-06-01,2008M01-2023M09,Canada,85.300000,0.0135847494,6279.100000,2012+ TIC classification
2016-06-01,2008M01-2023M09,United Kingdom,231.400000,0.0368524152,6279.100000,2012+ TIC classification
2016-06-01,2008M01-2023M09,Mainland China,1240.800000,0.1976079374,6279.100000,2012+ TIC classification
2016-06-01,2008M01-2023M09,Japan,1147.100000,0.1826854167,6279.100000,2012+ TIC classification
2016-07-01,2008M01-2023M09,All other foreign,1651.700000,0.2643523631,6248.100000,2012+ TIC classification
2016-07-01,2008M01-2023M09,EU-27 (identifiable),1043.500000,0.1670107713,6248.100000,2012+ TIC classification
2016-07-01,2008M01-2023M09,Middle East (reported/bridge),317.100000,0.0507514284,6248.100000,2012+ TIC classification
2016-07-01,2008M01-2023M09,Four Asian dragons,571.100000,0.0914037868,6248.100000,2012+ TIC classification
2016-07-01,2008M01-2023M09,Canada,81.300000,0.0130119556,6248.100000,2012+ TIC classification
2016-07-01,2008M01-2023M09,United Kingdom,210.000000,0.0336102175,6248.100000,2012+ TIC classification
2016-07-01,2008M01-2023M09,Mainland China,1218.800000,0.1950673005,6248.100000,2012+ TIC classification
2016-07-01,2008M01-2023M09,Japan,1154.600000,0.1847921768,6248.100000,2012+ TIC classification
2016-08-01,2008M01-2023M09,All other foreign,1644.700000,0.2653983315,6197.100000,2012+ TIC classification
2016-08-01,2008M01-2023M09,EU-27 (identifiable),1053.500000,0.1699988704,6197.100000,2012+ TIC classification
2016-08-01,2008M01-2023M09,Middle East (reported/bridge),305.400000,0.0492811154,6197.100000,2012+ TIC classification
2016-08-01,2008M01-2023M09,Four Asian dragons,577.600000,0.0932048862,6197.100000,2012+ TIC classification
2016-08-01,2008M01-2023M09,Canada,81.900000,0.0132158590,6197.100000,2012+ TIC classification
2016-08-01,2008M01-2023M09,United Kingdom,204.900000,0.0330638524,6197.100000,2012+ TIC classification
2016-08-01,2008M01-2023M09,Mainland China,1185.100000,0.1912346097,6197.100000,2012+ TIC classification
2016-08-01,2008M01-2023M09,Japan,1144.000000,0.1846024754,6197.100000,2012+ TIC classification
2016-09-01,2008M01-2023M09,All other foreign,1637.100000,0.2659399925,6155.900000,2012+ TIC classification
2016-09-01,2008M01-2023M09,EU-27 (identifiable),1048.000000,0.1702431813,6155.900000,2012+ TIC classification
2016-09-01,2008M01-2023M09,Middle East (reported/bridge),305.800000,0.0496759207,6155.900000,2012+ TIC classification
2016-09-01,2008M01-2023M09,Four Asian dragons,569.000000,0.0924316509,6155.900000,2012+ TIC classification
2016-09-01,2008M01-2023M09,Canada,85.000000,0.0138078916,6155.900000,2012+ TIC classification
2016-09-01,2008M01-2023M09,United Kingdom,217.600000,0.0353482025,6155.900000,2012+ TIC classification
2016-09-01,2008M01-2023M09,Mainland China,1157.000000,0.1879497718,6155.900000,2012+ TIC classification
2016-09-01,2008M01-2023M09,Japan,1136.400000,0.1846033886,6155.900000,2012+ TIC classification
2016-10-01,2008M01-2023M09,All other foreign,1637.400000,0.2709312330,6043.600000,2012+ TIC classification
2016-10-01,2008M01-2023M09,EU-27 (identifiable),998.600000,0.1652326428,6043.600000,2012+ TIC classification
2016-10-01,2008M01-2023M09,Middle East (reported/bridge),310.500000,0.0513766629,6043.600000,2012+ TIC classification
2016-10-01,2008M01-2023M09,Four Asian dragons,560.800000,0.0927923754,6043.600000,2012+ TIC classification
2016-10-01,2008M01-2023M09,Canada,81.400000,0.0134687934,6043.600000,2012+ TIC classification
2016-10-01,2008M01-2023M09,United Kingdom,207.300000,0.0343007479,6043.600000,2012+ TIC classification
2016-10-01,2008M01-2023M09,Mainland China,1115.700000,0.1846085115,6043.600000,2012+ TIC classification
2016-10-01,2008M01-2023M09,Japan,1131.900000,0.1872890330,6043.600000,2012+ TIC classification
2016-11-01,2008M01-2023M09,All other foreign,1641.200000,0.2756929279,5953.000000,2012+ TIC classification
2016-11-01,2008M01-2023M09,EU-27 (identifiable),999.600000,0.1679153368,5953.000000,2012+ TIC classification
2016-11-01,2008M01-2023M09,Middle East (reported/bridge),306.800000,0.0515370401,5953.000000,2012+ TIC classification
2016-11-01,2008M01-2023M09,Four Asian dragons,550.500000,0.0924743827,5953.000000,2012+ TIC classification
2016-11-01,2008M01-2023M09,Canada,81.200000,0.0136401814,5953.000000,2012+ TIC classification
2016-11-01,2008M01-2023M09,United Kingdom,215.800000,0.0362506299,5953.000000,2012+ TIC classification
2016-11-01,2008M01-2023M09,Mainland China,1049.300000,0.1762640685,5953.000000,2012+ TIC classification
2016-11-01,2008M01-2023M09,Japan,1108.600000,0.1862254326,5953.000000,2012+ TIC classification
2016-12-01,2008M01-2023M09,All other foreign,1651.100000,0.2750549743,6002.800000,2012+ TIC classification
2016-12-01,2008M01-2023M09,EU-27 (identifiable),1015.200000,0.1691210768,6002.800000,2012+ TIC classification
2016-12-01,2008M01-2023M09,Middle East (reported/bridge),311.100000,0.0518258146,6002.800000,2012+ TIC classification
2016-12-01,2008M01-2023M09,Four Asian dragons,576.100000,0.0959718798,6002.800000,2012+ TIC classification
2016-12-01,2008M01-2023M09,Canada,82.900000,0.0138102219,6002.800000,2012+ TIC classification
2016-12-01,2008M01-2023M09,United Kingdom,217.200000,0.0361831145,6002.800000,2012+ TIC classification
2016-12-01,2008M01-2023M09,Mainland China,1058.400000,0.1763177184,6002.800000,2012+ TIC classification
2016-12-01,2008M01-2023M09,Japan,1090.800000,0.1817151996,6002.800000,2012+ TIC classification
2017-01-01,2008M01-2023M09,All other foreign,1629.900000,0.2739696094,5949.200000,2012+ TIC classification
2017-01-01,2008M01-2023M09,EU-27 (identifiable),979.200000,0.1645935588,5949.200000,2012+ TIC classification
2017-01-01,2008M01-2023M09,Middle East (reported/bridge),320.500000,0.0538727896,5949.200000,2012+ TIC classification
2017-01-01,2008M01-2023M09,Four Asian dragons,571.900000,0.0961305722,5949.200000,2012+ TIC classification
2017-01-01,2008M01-2023M09,Canada,80.000000,0.0134471862,5949.200000,2012+ TIC classification
2017-01-01,2008M01-2023M09,United Kingdom,214.100000,0.0359880320,5949.200000,2012+ TIC classification
2017-01-01,2008M01-2023M09,Mainland China,1051.100000,0.1766792174,5949.200000,2012+ TIC classification
2017-01-01,2008M01-2023M09,Japan,1102.500000,0.1853190345,5949.200000,2012+ TIC classification
2017-02-01,2008M01-2023M09,All other foreign,1638.600000,0.2725322245,6012.500000,2012+ TIC classification
2017-02-01,2008M01-2023M09,EU-27 (identifiable),989.300000,0.1645405405,6012.500000,2012+ TIC classification
2017-02-01,2008M01-2023M09,Middle East (reported/bridge),324.800000,0.0540207900,6012.500000,2012+ TIC classification
2017-02-01,2008M01-2023M09,Four Asian dragons,585.000000,0.0972972973,6012.500000,2012+ TIC classification
2017-02-01,2008M01-2023M09,Canada,81.900000,0.0136216216,6012.500000,2012+ TIC classification
2017-02-01,2008M01-2023M09,United Kingdom,217.500000,0.0361746362,6012.500000,2012+ TIC classification
2017-02-01,2008M01-2023M09,Mainland China,1059.700000,0.1762494802,6012.500000,2012+ TIC classification
2017-02-01,2008M01-2023M09,Japan,1115.700000,0.1855634096,6012.500000,2012+ TIC classification
2017-03-01,2008M01-2023M09,All other foreign,1636.700000,0.2694023340,6075.300000,2012+ TIC classification
2017-03-01,2008M01-2023M09,EU-27 (identifiable),1007.000000,0.1657531315,6075.300000,2012+ TIC classification
2017-03-01,2008M01-2023M09,Middle East (reported/bridge),337.900000,0.0556186526,6075.300000,2012+ TIC classification
2017-03-01,2008M01-2023M09,Four Asian dragons,579.100000,0.0953203957,6075.300000,2012+ TIC classification
2017-03-01,2008M01-2023M09,Canada,77.500000,0.0127565717,6075.300000,2012+ TIC classification
2017-03-01,2008M01-2023M09,United Kingdom,228.300000,0.0375783912,6075.300000,2012+ TIC classification
2017-03-01,2008M01-2023M09,Mainland China,1088.100000,0.1791022666,6075.300000,2012+ TIC classification
2017-03-01,2008M01-2023M09,Japan,1120.700000,0.1844682567,6075.300000,2012+ TIC classification
2017-04-01,2008M01-2023M09,All other foreign,1664.500000,0.2746473063,6060.500000,2012+ TIC classification
2017-04-01,2008M01-2023M09,EU-27 (identifiable),967.800000,0.1596897946,6060.500000,2012+ TIC classification
2017-04-01,2008M01-2023M09,Middle East (reported/bridge),334.000000,0.0551109644,6060.500000,2012+ TIC classification
2017-04-01,2008M01-2023M09,Four Asian dragons,583.200000,0.0962296840,6060.500000,2012+ TIC classification
2017-04-01,2008M01-2023M09,Canada,80.400000,0.0132662322,6060.500000,2012+ TIC classification
2017-04-01,2008M01-2023M09,United Kingdom,231.500000,0.0381981685,6060.500000,2012+ TIC classification
2017-04-01,2008M01-2023M09,Mainland China,1092.200000,0.1802161538,6060.500000,2012+ TIC classification
2017-04-01,2008M01-2023M09,Japan,1106.900000,0.1826416962,6060.500000,2012+ TIC classification
2017-05-01,2008M01-2023M09,All other foreign,1688.300000,0.2763898893,6108.400000,2012+ TIC classification
2017-05-01,2008M01-2023M09,EU-27 (identifiable),967.400000,0.1583720778,6108.400000,2012+ TIC classification
2017-05-01,2008M01-2023M09,Middle East (reported/bridge),336.700000,0.0551208172,6108.400000,2012+ TIC classification
2017-05-01,2008M01-2023M09,Four Asian dragons,585.800000,0.0959007269,6108.400000,2012+ TIC classification
2017-05-01,2008M01-2023M09,Canada,80.100000,0.0131130902,6108.400000,2012+ TIC classification
2017-05-01,2008M01-2023M09,United Kingdom,236.400000,0.0387008054,6108.400000,2012+ TIC classification
2017-05-01,2008M01-2023M09,Mainland China,1102.200000,0.1804400498,6108.400000,2012+ TIC classification
2017-05-01,2008M01-2023M09,Japan,1111.500000,0.1819625434,6108.400000,2012+ TIC classification
2017-06-01,2008M01-2023M09,All other foreign,1684.300000,0.2737853346,6151.900000,2012+ TIC classification
2017-06-01,2008M01-2023M09,EU-27 (identifiable),974.200000,0.1583575806,6151.900000,2012+ TIC classification
2017-06-01,2008M01-2023M09,Middle East (reported/bridge),353.900000,0.0575269429,6151.900000,2012+ TIC classification
2017-06-01,2008M01-2023M09,Four Asian dragons,590.200000,0.0959378403,6151.900000,2012+ TIC classification
2017-06-01,2008M01-2023M09,Canada,76.500000,0.0124351826,6151.900000,2012+ TIC classification
2017-06-01,2008M01-2023M09,United Kingdom,236.000000,0.0383621320,6151.900000,2012+ TIC classification
2017-06-01,2008M01-2023M09,Mainland China,1146.500000,0.1863651880,6151.900000,2012+ TIC classification
2017-06-01,2008M01-2023M09,Japan,1090.300000,0.1772297989,6151.900000,2012+ TIC classification
2017-07-01,2008M01-2023M09,All other foreign,1701.100000,0.2730409939,6230.200000,2012+ TIC classification
2017-07-01,2008M01-2023M09,EU-27 (identifiable),999.500000,0.1604282367,6230.200000,2012+ TIC classification
2017-07-01,2008M01-2023M09,Middle East (reported/bridge),353.300000,0.0567076498,6230.200000,2012+ TIC classification
2017-07-01,2008M01-2023M09,Four Asian dragons,591.000000,0.0948605181,6230.200000,2012+ TIC classification
2017-07-01,2008M01-2023M09,Canada,75.500000,0.0121183911,6230.200000,2012+ TIC classification
2017-07-01,2008M01-2023M09,United Kingdom,229.600000,0.0368527495,6230.200000,2012+ TIC classification
2017-07-01,2008M01-2023M09,Mainland China,1166.900000,0.1872973580,6230.200000,2012+ TIC classification
2017-07-01,2008M01-2023M09,Japan,1113.300000,0.1786941029,6230.200000,2012+ TIC classification
2017-08-01,2008M01-2023M09,All other foreign,1714.000000,0.2742663296,6249.400000,2012+ TIC classification
2017-08-01,2008M01-2023M09,EU-27 (identifiable),990.900000,0.1585592217,6249.400000,2012+ TIC classification
2017-08-01,2008M01-2023M09,Middle East (reported/bridge),351.700000,0.0562774026,6249.400000,2012+ TIC classification
2017-08-01,2008M01-2023M09,Four Asian dragons,590.800000,0.0945370756,6249.400000,2012+ TIC classification
2017-08-01,2008M01-2023M09,Canada,73.600000,0.0117771306,6249.400000,2012+ TIC classification
2017-08-01,2008M01-2023M09,United Kingdom,225.000000,0.0360034563,6249.400000,2012+ TIC classification
2017-08-01,2008M01-2023M09,Mainland China,1201.700000,0.1922904599,6249.400000,2012+ TIC classification
2017-08-01,2008M01-2023M09,Japan,1101.700000,0.1762889237,6249.400000,2012+ TIC classification
2017-09-01,2008M01-2023M09,All other foreign,1754.600000,0.2784239674,6301.900000,2012+ TIC classification
2017-09-01,2008M01-2023M09,EU-27 (identifiable),1004.500000,0.1593963725,6301.900000,2012+ TIC classification
2017-09-01,2008M01-2023M09,Middle East (reported/bridge),354.300000,0.0562211397,6301.900000,2012+ TIC classification
2017-09-01,2008M01-2023M09,Four Asian dragons,597.800000,0.0948602802,6301.900000,2012+ TIC classification
2017-09-01,2008M01-2023M09,Canada,75.000000,0.0119011727,6301.900000,2012+ TIC classification
2017-09-01,2008M01-2023M09,United Kingdom,237.400000,0.0376711785,6301.900000,2012+ TIC classification
2017-09-01,2008M01-2023M09,Mainland China,1182.300000,0.1876100858,6301.900000,2012+ TIC classification
2017-09-01,2008M01-2023M09,Japan,1096.000000,0.1739158032,6301.900000,2012+ TIC classification
2017-10-01,2008M01-2023M09,All other foreign,1748.100000,0.2764187790,6324.100000,2012+ TIC classification
2017-10-01,2008M01-2023M09,EU-27 (identifiable),1015.800000,0.1606236461,6324.100000,2012+ TIC classification
2017-10-01,2008M01-2023M09,Middle East (reported/bridge),368.600000,0.0582849734,6324.100000,2012+ TIC classification
2017-10-01,2008M01-2023M09,Four Asian dragons,604.500000,0.0955867238,6324.100000,2012+ TIC classification
2017-10-01,2008M01-2023M09,Canada,78.000000,0.0123337708,6324.100000,2012+ TIC classification
2017-10-01,2008M01-2023M09,United Kingdom,225.900000,0.0357204978,6324.100000,2012+ TIC classification
2017-10-01,2008M01-2023M09,Mainland China,1189.200000,0.1880425673,6324.100000,2012+ TIC classification
2017-10-01,2008M01-2023M09,Japan,1094.000000,0.1729890419,6324.100000,2012+ TIC classification
2017-11-01,2008M01-2023M09,All other foreign,1734.400000,0.2750309219,6306.200000,2012+ TIC classification
2017-11-01,2008M01-2023M09,EU-27 (identifiable),1026.400000,0.1627604580,6306.200000,2012+ TIC classification
2017-11-01,2008M01-2023M09,Middle East (reported/bridge),367.300000,0.0582442675,6306.200000,2012+ TIC classification
2017-11-01,2008M01-2023M09,Four Asian dragons,597.500000,0.0947480258,6306.200000,2012+ TIC classification
2017-11-01,2008M01-2023M09,Canada,82.400000,0.0130665060,6306.200000,2012+ TIC classification
2017-11-01,2008M01-2023M09,United Kingdom,237.500000,0.0376613491,6306.200000,2012+ TIC classification
2017-11-01,2008M01-2023M09,Mainland China,1176.600000,0.1865782880,6306.200000,2012+ TIC classification
2017-11-01,2008M01-2023M09,Japan,1084.100000,0.1719101836,6306.200000,2012+ TIC classification
2017-12-01,2008M01-2023M09,All other foreign,1643.100000,0.2645339945,6211.300000,2012+ TIC classification
2017-12-01,2008M01-2023M09,EU-27 (identifiable),1032.600000,0.1662453915,6211.300000,2012+ TIC classification
2017-12-01,2008M01-2023M09,Middle East (reported/bridge),356.200000,0.0573470932,6211.300000,2012+ TIC classification
2017-12-01,2008M01-2023M09,Four Asian dragons,596.900000,0.0960990453,6211.300000,2012+ TIC classification
2017-12-01,2008M01-2023M09,Canada,86.100000,0.0138618325,6211.300000,2012+ TIC classification
2017-12-01,2008M01-2023M09,United Kingdom,249.900000,0.0402331235,6211.300000,2012+ TIC classification
2017-12-01,2008M01-2023M09,Mainland China,1184.900000,0.1907652182,6211.300000,2012+ TIC classification
2017-12-01,2008M01-2023M09,Japan,1061.600000,0.1709143014,6211.300000,2012+ TIC classification
2018-01-01,2008M01-2023M09,All other foreign,1696.700000,0.2738998483,6194.600000,2012+ TIC classification
2018-01-01,2008M01-2023M09,EU-27 (identifiable),1041.300000,0.1680980209,6194.600000,2012+ TIC classification
2018-01-01,2008M01-2023M09,Middle East (reported/bridge),298.900000,0.0482517031,6194.600000,2012+ TIC classification
2018-01-01,2008M01-2023M09,Four Asian dragons,594.100000,0.0959061118,6194.600000,2012+ TIC classification
2018-01-01,2008M01-2023M09,Canada,86.100000,0.0138992025,6194.600000,2012+ TIC classification
2018-01-01,2008M01-2023M09,United Kingdom,243.300000,0.0392761437,6194.600000,2012+ TIC classification
2018-01-01,2008M01-2023M09,Mainland China,1168.200000,0.1885836051,6194.600000,2012+ TIC classification
2018-01-01,2008M01-2023M09,Japan,1066.000000,0.1720853647,6194.600000,2012+ TIC classification
2018-02-01,2008M01-2023M09,All other foreign,1713.100000,0.2753427520,6221.700000,2012+ TIC classification
2018-02-01,2008M01-2023M09,EU-27 (identifiable),1033.400000,0.1660960831,6221.700000,2012+ TIC classification
2018-02-01,2008M01-2023M09,Middle East (reported/bridge),312.100000,0.0501631387,6221.700000,2012+ TIC classification
2018-02-01,2008M01-2023M09,Four Asian dragons,586.600000,0.0942829130,6221.700000,2012+ TIC classification
2018-02-01,2008M01-2023M09,Canada,89.100000,0.0143208448,6221.700000,2012+ TIC classification
2018-02-01,2008M01-2023M09,United Kingdom,250.600000,0.0402783805,6221.700000,2012+ TIC classification
2018-02-01,2008M01-2023M09,Mainland China,1176.700000,0.1891283733,6221.700000,2012+ TIC classification
2018-02-01,2008M01-2023M09,Japan,1060.100000,0.1703875147,6221.700000,2012+ TIC classification
2018-03-01,2008M01-2023M09,All other foreign,1694.200000,0.2722306135,6223.400000,2012+ TIC classification
2018-03-01,2008M01-2023M09,EU-27 (identifiable),1041.600000,0.1673683196,6223.400000,2012+ TIC classification
2018-03-01,2008M01-2023M09,Middle East (reported/bridge),314.100000,0.0504708037,6223.400000,2012+ TIC classification
2018-03-01,2008M01-2023M09,Four Asian dragons,584.800000,0.0939679275,6223.400000,2012+ TIC classification
2018-03-01,2008M01-2023M09,Canada,93.000000,0.0149436000,6223.400000,2012+ TIC classification
2018-03-01,2008M01-2023M09,United Kingdom,263.600000,0.0423562683,6223.400000,2012+ TIC classification
2018-03-01,2008M01-2023M09,Mainland China,1187.700000,0.1908442331,6223.400000,2012+ TIC classification
2018-03-01,2008M01-2023M09,Japan,1044.400000,0.1678182344,6223.400000,2012+ TIC classification
2018-04-01,2008M01-2023M09,All other foreign,1658.700000,0.2683980583,6180.000000,2012+ TIC classification
2018-04-01,2008M01-2023M09,EU-27 (identifiable),1036.800000,0.1677669903,6180.000000,2012+ TIC classification
2018-04-01,2008M01-2023M09,Middle East (reported/bridge),333.900000,0.0540291262,6180.000000,2012+ TIC classification
2018-04-01,2008M01-2023M09,Four Asian dragons,584.900000,0.0946440129,6180.000000,2012+ TIC classification
2018-04-01,2008M01-2023M09,Canada,89.400000,0.0144660194,6180.000000,2012+ TIC classification
2018-04-01,2008M01-2023M09,United Kingdom,262.600000,0.0424919094,6180.000000,2012+ TIC classification
2018-04-01,2008M01-2023M09,Mainland China,1181.900000,0.1912459547,6180.000000,2012+ TIC classification
2018-04-01,2008M01-2023M09,Japan,1031.800000,0.1669579288,6180.000000,2012+ TIC classification
2018-05-01,2008M01-2023M09,All other foreign,1652.700000,0.2659168799,6215.100000,2012+ TIC classification
2018-05-01,2008M01-2023M09,EU-27 (identifiable),1050.500000,0.1690238291,6215.100000,2012+ TIC classification
2018-05-01,2008M01-2023M09,Middle East (reported/bridge),337.800000,0.0543514988,6215.100000,2012+ TIC classification
2018-05-01,2008M01-2023M09,Four Asian dragons,580.400000,0.0933854644,6215.100000,2012+ TIC classification
2018-05-01,2008M01-2023M09,Canada,96.700000,0.0155588808,6215.100000,2012+ TIC classification
2018-05-01,2008M01-2023M09,United Kingdom,265.000000,0.0426380911,6215.100000,2012+ TIC classification
2018-05-01,2008M01-2023M09,Mainland China,1183.100000,0.1903589645,6215.100000,2012+ TIC classification
2018-05-01,2008M01-2023M09,Japan,1048.900000,0.1687663915,6215.100000,2012+ TIC classification
2018-06-01,2008M01-2023M09,All other foreign,1633.700000,0.2624417671,6225.000000,2012+ TIC classification
2018-06-01,2008M01-2023M09,EU-27 (identifiable),1062.000000,0.1706024096,6225.000000,2012+ TIC classification
2018-06-01,2008M01-2023M09,Middle East (reported/bridge),341.900000,0.0549236948,6225.000000,2012+ TIC classification
2018-06-01,2008M01-2023M09,Four Asian dragons,587.200000,0.0943293173,6225.000000,2012+ TIC classification
2018-06-01,2008M01-2023M09,Canada,102.300000,0.0164337349,6225.000000,2012+ TIC classification
2018-06-01,2008M01-2023M09,United Kingdom,274.200000,0.0440481928,6225.000000,2012+ TIC classification
2018-06-01,2008M01-2023M09,Mainland China,1191.200000,0.1913574297,6225.000000,2012+ TIC classification
2018-06-01,2008M01-2023M09,Japan,1032.500000,0.1658634538,6225.000000,2012+ TIC classification
2018-07-01,2008M01-2023M09,All other foreign,1656.300000,0.2648215656,6254.400000,2012+ TIC classification
2018-07-01,2008M01-2023M09,EU-27 (identifiable),1080.500000,0.1727583781,6254.400000,2012+ TIC classification
2018-07-01,2008M01-2023M09,Middle East (reported/bridge),348.000000,0.0556408289,6254.400000,2012+ TIC classification
2018-07-01,2008M01-2023M09,Four Asian dragons,595.300000,0.0951809926,6254.400000,2012+ TIC classification
2018-07-01,2008M01-2023M09,Canada,96.100000,0.0153651829,6254.400000,2012+ TIC classification
2018-07-01,2008M01-2023M09,United Kingdom,271.700000,0.0434414172,6254.400000,2012+ TIC classification
2018-07-01,2008M01-2023M09,Mainland China,1171.000000,0.1872281914,6254.400000,2012+ TIC classification
2018-07-01,2008M01-2023M09,Japan,1035.500000,0.1655634433,6254.400000,2012+ TIC classification
2018-08-01,2008M01-2023M09,All other foreign,1668.400000,0.2657280285,6278.600000,2012+ TIC classification
2018-08-01,2008M01-2023M09,EU-27 (identifiable),1097.000000,0.1747204791,6278.600000,2012+ TIC classification
2018-08-01,2008M01-2023M09,Middle East (reported/bridge),352.900000,0.0562067977,6278.600000,2012+ TIC classification
2018-08-01,2008M01-2023M09,Four Asian dragons,596.500000,0.0950052559,6278.600000,2012+ TIC classification
2018-08-01,2008M01-2023M09,Canada,96.200000,0.0153218870,6278.600000,2012+ TIC classification
2018-08-01,2008M01-2023M09,United Kingdom,272.600000,0.0434173223,6278.600000,2012+ TIC classification
2018-08-01,2008M01-2023M09,Mainland China,1165.100000,0.1855668461,6278.600000,2012+ TIC classification
2018-08-01,2008M01-2023M09,Japan,1029.900000,0.1640333832,6278.600000,2012+ TIC classification
2018-09-01,2008M01-2023M09,All other foreign,1640.200000,0.2634478549,6225.900000,2012+ TIC classification
2018-09-01,2008M01-2023M09,EU-27 (identifiable),1070.300000,0.1719108884,6225.900000,2012+ TIC classification
2018-09-01,2008M01-2023M09,Middle East (reported/bridge),361.500000,0.0580638944,6225.900000,2012+ TIC classification
2018-09-01,2008M01-2023M09,Four Asian dragons,604.100000,0.0970301483,6225.900000,2012+ TIC classification
2018-09-01,2008M01-2023M09,Canada,94.100000,0.0151142807,6225.900000,2012+ TIC classification
2018-09-01,2008M01-2023M09,United Kingdom,276.300000,0.0443791259,6225.900000,2012+ TIC classification
2018-09-01,2008M01-2023M09,Mainland China,1151.400000,0.1849371175,6225.900000,2012+ TIC classification
2018-09-01,2008M01-2023M09,Japan,1028.000000,0.1651166900,6225.900000,2012+ TIC classification
2018-10-01,2008M01-2023M09,All other foreign,1642.700000,0.2649387933,6200.300000,2012+ TIC classification
2018-10-01,2008M01-2023M09,EU-27 (identifiable),1087.200000,0.1753463542,6200.300000,2012+ TIC classification
2018-10-01,2008M01-2023M09,Middle East (reported/bridge),355.700000,0.0573681919,6200.300000,2012+ TIC classification
2018-10-01,2008M01-2023M09,Four Asian dragons,591.500000,0.0953986097,6200.300000,2012+ TIC classification
2018-10-01,2008M01-2023M09,Canada,101.900000,0.0164346886,6200.300000,2012+ TIC classification
2018-10-01,2008M01-2023M09,United Kingdom,263.900000,0.0425624567,6200.300000,2012+ TIC classification
2018-10-01,2008M01-2023M09,Mainland China,1138.900000,0.1836846604,6200.300000,2012+ TIC classification
2018-10-01,2008M01-2023M09,Japan,1018.500000,0.1642662452,6200.300000,2012+ TIC classification
2018-11-01,2008M01-2023M09,All other foreign,1633.600000,0.2634881208,6199.900000,2012+ TIC classification
2018-11-01,2008M01-2023M09,EU-27 (identifiable),1107.100000,0.1785673962,6199.900000,2012+ TIC classification
2018-11-01,2008M01-2023M09,Middle East (reported/bridge),352.400000,0.0568396264,6199.900000,2012+ TIC classification
2018-11-01,2008M01-2023M09,Four Asian dragons,583.600000,0.0941305505,6199.900000,2012+ TIC classification
2018-11-01,2008M01-2023M09,Canada,106.300000,0.0171454378,6199.900000,2012+ TIC classification
2018-11-01,2008M01-2023M09,United Kingdom,258.900000,0.0417587380,6199.900000,2012+ TIC classification
2018-11-01,2008M01-2023M09,Mainland China,1121.400000,0.1808738851,6199.900000,2012+ TIC classification
2018-11-01,2008M01-2023M09,Japan,1036.600000,0.1671962451,6199.900000,2012+ TIC classification
2018-12-01,2008M01-2023M09,All other foreign,1686.300000,0.2689430791,6270.100000,2012+ TIC classification
2018-12-01,2008M01-2023M09,EU-27 (identifiable),1091.100000,0.1740163634,6270.100000,2012+ TIC classification
2018-12-01,2008M01-2023M09,Middle East (reported/bridge),355.300000,0.0566657629,6270.100000,2012+ TIC classification
2018-12-01,2008M01-2023M09,Four Asian dragons,589.200000,0.0939697931,6270.100000,2012+ TIC classification
2018-12-01,2008M01-2023M09,Canada,96.200000,0.0153426580,6270.100000,2012+ TIC classification
2018-12-01,2008M01-2023M09,United Kingdom,288.000000,0.0459322818,6270.100000,2012+ TIC classification
2018-12-01,2008M01-2023M09,Mainland China,1124.300000,0.1793113347,6270.100000,2012+ TIC classification
2018-12-01,2008M01-2023M09,Japan,1039.700000,0.1658187270,6270.100000,2012+ TIC classification
2019-01-01,2008M01-2023M09,All other foreign,1698.000000,0.2684754767,6324.600000,2012+ TIC classification
2019-01-01,2008M01-2023M09,EU-27 (identifiable),1088.000000,0.1720266894,6324.600000,2012+ TIC classification
2019-01-01,2008M01-2023M09,Middle East (reported/bridge),343.400000,0.0542959239,6324.600000,2012+ TIC classification
2019-01-01,2008M01-2023M09,Four Asian dragons,614.300000,0.0971286722,6324.600000,2012+ TIC classification
2019-01-01,2008M01-2023M09,Canada,99.200000,0.0156847864,6324.600000,2012+ TIC classification
2019-01-01,2008M01-2023M09,United Kingdom,290.100000,0.0458685134,6324.600000,2012+ TIC classification
2019-01-01,2008M01-2023M09,Mainland China,1126.700000,0.1781456535,6324.600000,2012+ TIC classification
2019-01-01,2008M01-2023M09,Japan,1064.900000,0.1683742845,6324.600000,2012+ TIC classification
2019-02-01,2008M01-2023M09,All other foreign,1710.300000,0.2683033963,6374.500000,2012+ TIC classification
2019-02-01,2008M01-2023M09,EU-27 (identifiable),1096.000000,0.1719350537,6374.500000,2012+ TIC classification
2019-02-01,2008M01-2023M09,Middle East (reported/bridge),354.400000,0.0555965174,6374.500000,2012+ TIC classification
2019-02-01,2008M01-2023M09,Four Asian dragons,614.000000,0.0963212801,6374.500000,2012+ TIC classification
2019-02-01,2008M01-2023M09,Canada,97.600000,0.0153110048,6374.500000,2012+ TIC classification
2019-02-01,2008M01-2023M09,United Kingdom,302.500000,0.0474547023,6374.500000,2012+ TIC classification
2019-02-01,2008M01-2023M09,Mainland China,1130.900000,0.1774099929,6374.500000,2012+ TIC classification
2019-02-01,2008M01-2023M09,Japan,1068.800000,0.1676680524,6374.500000,2012+ TIC classification
2019-03-01,2008M01-2023M09,All other foreign,1754.100000,0.2709453197,6474.000000,2012+ TIC classification
2019-03-01,2008M01-2023M09,EU-27 (identifiable),1109.500000,0.1713778190,6474.000000,2012+ TIC classification
2019-03-01,2008M01-2023M09,Middle East (reported/bridge),358.600000,0.0553907939,6474.000000,2012+ TIC classification
2019-03-01,2008M01-2023M09,Four Asian dragons,636.500000,0.0983163423,6474.000000,2012+ TIC classification
2019-03-01,2008M01-2023M09,Canada,99.600000,0.0153846154,6474.000000,2012+ TIC classification
2019-03-01,2008M01-2023M09,United Kingdom,317.100000,0.0489805375,6474.000000,2012+ TIC classification
2019-03-01,2008M01-2023M09,Mainland China,1120.500000,0.1730769231,6474.000000,2012+ TIC classification
2019-03-01,2008M01-2023M09,Japan,1078.100000,0.1665276491,6474.000000,2012+ TIC classification
2019-04-01,2008M01-2023M09,All other foreign,1756.200000,0.2729604128,6433.900000,2012+ TIC classification
2019-04-01,2008M01-2023M09,EU-27 (identifiable),1099.800000,0.1709383111,6433.900000,2012+ TIC classification
2019-04-01,2008M01-2023M09,Middle East (reported/bridge),365.300000,0.0567773823,6433.900000,2012+ TIC classification
2019-04-01,2008M01-2023M09,Four Asian dragons,632.700000,0.0983384883,6433.900000,2012+ TIC classification
2019-04-01,2008M01-2023M09,Canada,102.100000,0.0158690685,6433.900000,2012+ TIC classification
2019-04-01,2008M01-2023M09,United Kingdom,300.800000,0.0467523586,6433.900000,2012+ TIC classification
2019-04-01,2008M01-2023M09,Mainland China,1113.000000,0.1729899439,6433.900000,2012+ TIC classification
2019-04-01,2008M01-2023M09,Japan,1064.000000,0.1653740344,6433.900000,2012+ TIC classification
2019-05-01,2008M01-2023M09,All other foreign,1773.700000,0.2712328348,6539.400000,2012+ TIC classification
2019-05-01,2008M01-2023M09,EU-27 (identifiable),1121.300000,0.1714683304,6539.400000,2012+ TIC classification
2019-05-01,2008M01-2023M09,Middle East (reported/bridge),364.600000,0.0557543506,6539.400000,2012+ TIC classification
2019-05-01,2008M01-2023M09,Four Asian dragons,645.000000,0.0986329021,6539.400000,2012+ TIC classification
2019-05-01,2008M01-2023M09,Canada,100.500000,0.0153683824,6539.400000,2012+ TIC classification
2019-05-01,2008M01-2023M09,United Kingdom,323.100000,0.0494082026,6539.400000,2012+ TIC classification
2019-05-01,2008M01-2023M09,Mainland China,1110.200000,0.1697709270,6539.400000,2012+ TIC classification
2019-05-01,2008M01-2023M09,Japan,1101.000000,0.1683640701,6539.400000,2012+ TIC classification
2019-06-01,2008M01-2023M09,All other foreign,1788.000000,0.2698501336,6625.900000,2012+ TIC classification
2019-06-01,2008M01-2023M09,EU-27 (identifiable),1133.500000,0.1710710998,6625.900000,2012+ TIC classification
2019-06-01,2008M01-2023M09,Middle East (reported/bridge),369.500000,0.0557660091,6625.900000,2012+ TIC classification
2019-06-01,2008M01-2023M09,Four Asian dragons,647.200000,0.0976772967,6625.900000,2012+ TIC classification
2019-06-01,2008M01-2023M09,Canada,111.300000,0.0167977180,6625.900000,2012+ TIC classification
2019-06-01,2008M01-2023M09,United Kingdom,341.100000,0.0514797990,6625.900000,2012+ TIC classification
2019-06-01,2008M01-2023M09,Mainland China,1112.500000,0.1679017190,6625.900000,2012+ TIC classification
2019-06-01,2008M01-2023M09,Japan,1122.800000,0.1694562248,6625.900000,2012+ TIC classification
2019-07-01,2008M01-2023M09,All other foreign,1806.500000,0.2656539514,6800.200000,2012+ TIC classification
2019-07-01,2008M01-2023M09,EU-27 (identifiable),1159.200000,0.1704655745,6800.200000,2012+ TIC classification
2019-07-01,2008M01-2023M09,Middle East (reported/bridge),368.600000,0.0542042881,6800.200000,2012+ TIC classification
2019-07-01,2008M01-2023M09,Four Asian dragons,669.200000,0.0984088703,6800.200000,2012+ TIC classification
2019-07-01,2008M01-2023M09,Canada,148.400000,0.0218228876,6800.200000,2012+ TIC classification
2019-07-01,2008M01-2023M09,United Kingdom,406.800000,0.0598217699,6800.200000,2012+ TIC classification
2019-07-01,2008M01-2023M09,Mainland China,1110.300000,0.1632746096,6800.200000,2012+ TIC classification
2019-07-01,2008M01-2023M09,Japan,1131.200000,0.1663480486,6800.200000,2012+ TIC classification
2019-08-01,2008M01-2023M09,All other foreign,1878.200000,0.2669262691,7036.400000,2012+ TIC classification
2019-08-01,2008M01-2023M09,EU-27 (identifiable),1211.900000,0.1722329600,7036.400000,2012+ TIC classification
2019-08-01,2008M01-2023M09,Middle East (reported/bridge),374.400000,0.0532090273,7036.400000,2012+ TIC classification
2019-08-01,2008M01-2023M09,Four Asian dragons,701.400000,0.0996816554,7036.400000,2012+ TIC classification
2019-08-01,2008M01-2023M09,Canada,157.800000,0.0224262407,7036.400000,2012+ TIC classification
2019-08-01,2008M01-2023M09,United Kingdom,434.600000,0.0617645387,7036.400000,2012+ TIC classification
2019-08-01,2008M01-2023M09,Mainland China,1103.500000,0.1568273549,7036.400000,2012+ TIC classification
2019-08-01,2008M01-2023M09,Japan,1174.600000,0.1669319538,7036.400000,2012+ TIC classification
2019-09-01,2008M01-2023M09,All other foreign,1843.500000,0.2662670615,6923.500000,2012+ TIC classification
2019-09-01,2008M01-2023M09,EU-27 (identifiable),1213.200000,0.1752292915,6923.500000,2012+ TIC classification
2019-09-01,2008M01-2023M09,Middle East (reported/bridge),360.300000,0.0520401531,6923.500000,2012+ TIC classification
2019-09-01,2008M01-2023M09,Four Asian dragons,691.800000,0.0999205604,6923.500000,2012+ TIC classification
2019-09-01,2008M01-2023M09,Canada,153.400000,0.0221564238,6923.500000,2012+ TIC classification
2019-09-01,2008M01-2023M09,United Kingdom,412.700000,0.0596085795,6923.500000,2012+ TIC classification
2019-09-01,2008M01-2023M09,Mainland China,1102.400000,0.1592258251,6923.500000,2012+ TIC classification
2019-09-01,2008M01-2023M09,Japan,1146.200000,0.1655521051,6923.500000,2012+ TIC classification
2019-10-01,2008M01-2023M09,All other foreign,1830.200000,0.2634746056,6946.400000,2012+ TIC classification
2019-10-01,2008M01-2023M09,EU-27 (identifiable),1225.900000,0.1764799033,6946.400000,2012+ TIC classification
2019-10-01,2008M01-2023M09,Middle East (reported/bridge),359.800000,0.0517966141,6946.400000,2012+ TIC classification
2019-10-01,2008M01-2023M09,Four Asian dragons,690.700000,0.0994327997,6946.400000,2012+ TIC classification
2019-10-01,2008M01-2023M09,Canada,157.100000,0.0226160313,6946.400000,2012+ TIC classification
2019-10-01,2008M01-2023M09,United Kingdom,412.700000,0.0594120696,6946.400000,2012+ TIC classification
2019-10-01,2008M01-2023M09,Mainland China,1101.500000,0.1585713463,6946.400000,2012+ TIC classification
2019-10-01,2008M01-2023M09,Japan,1168.500000,0.1682166302,6946.400000,2012+ TIC classification
2019-11-01,2008M01-2023M09,All other foreign,1816.000000,0.2631083293,6902.100000,2012+ TIC classification
2019-11-01,2008M01-2023M09,EU-27 (identifiable),1214.300000,0.1759319627,6902.100000,2012+ TIC classification
2019-11-01,2008M01-2023M09,Middle East (reported/bridge),360.300000,0.0522015039,6902.100000,2012+ TIC classification
2019-11-01,2008M01-2023M09,Four Asian dragons,706.100000,0.1023021979,6902.100000,2012+ TIC classification
2019-11-01,2008M01-2023M09,Canada,155.200000,0.0224859101,6902.100000,2012+ TIC classification
2019-11-01,2008M01-2023M09,United Kingdom,400.500000,0.0580258182,6902.100000,2012+ TIC classification
2019-11-01,2008M01-2023M09,Mainland China,1089.100000,0.1577925559,6902.100000,2012+ TIC classification
2019-11-01,2008M01-2023M09,Japan,1160.600000,0.1681517219,6902.100000,2012+ TIC classification
2019-12-01,2008M01-2023M09,All other foreign,1795.200000,0.2622950820,6844.200000,2012+ TIC classification
2019-12-01,2008M01-2023M09,EU-27 (identifiable),1215.100000,0.1775371848,6844.200000,2012+ TIC classification
2019-12-01,2008M01-2023M09,Middle East (reported/bridge),360.800000,0.0527161684,6844.200000,2012+ TIC classification
2019-12-01,2008M01-2023M09,Four Asian dragons,712.600000,0.1041173548,6844.200000,2012+ TIC classification
2019-12-01,2008M01-2023M09,Canada,143.300000,0.0209374361,6844.200000,2012+ TIC classification
2019-12-01,2008M01-2023M09,United Kingdom,392.100000,0.0572893837,6844.200000,2012+ TIC classification
2019-12-01,2008M01-2023M09,Mainland China,1069.900000,0.1563221414,6844.200000,2012+ TIC classification
2019-12-01,2008M01-2023M09,Japan,1155.200000,0.1687852488,6844.200000,2012+ TIC classification
2020-01-01,2008M01-2023M09,All other foreign,1894.500000,0.2695914505,7027.300000,2012+ TIC classification
2020-01-01,2008M01-2023M09,EU-27 (identifiable),1190.000000,0.1693395757,7027.300000,2012+ TIC classification
2020-01-01,2008M01-2023M09,Middle East (reported/bridge),310.200000,0.0441421314,7027.300000,2012+ TIC classification
2020-01-01,2008M01-2023M09,Four Asian dragons,734.000000,0.1044497887,7027.300000,2012+ TIC classification
2020-01-01,2008M01-2023M09,Canada,157.900000,0.0224695118,7027.300000,2012+ TIC classification
2020-01-01,2008M01-2023M09,United Kingdom,450.300000,0.0640786646,7027.300000,2012+ TIC classification
2020-01-01,2008M01-2023M09,Mainland China,1078.600000,0.1534871145,7027.300000,2012+ TIC classification
2020-01-01,2008M01-2023M09,Japan,1211.800000,0.1724417628,7027.300000,2012+ TIC classification
2020-02-01,2008M01-2023M09,All other foreign,1934.200000,0.2676722945,7226.000000,2012+ TIC classification
2020-02-01,2008M01-2023M09,EU-27 (identifiable),1243.300000,0.1720592306,7226.000000,2012+ TIC classification
2020-02-01,2008M01-2023M09,Middle East (reported/bridge),310.400000,0.0429559923,7226.000000,2012+ TIC classification
2020-02-01,2008M01-2023M09,Four Asian dragons,751.800000,0.1040409632,7226.000000,2012+ TIC classification
2020-02-01,2008M01-2023M09,Canada,148.300000,0.0205231110,7226.000000,2012+ TIC classification
2020-02-01,2008M01-2023M09,United Kingdom,477.100000,0.0660254636,7226.000000,2012+ TIC classification
2020-02-01,2008M01-2023M09,Mainland China,1092.300000,0.1511624689,7226.000000,2012+ TIC classification
2020-02-01,2008M01-2023M09,Japan,1268.600000,0.1755604761,7226.000000,2012+ TIC classification
2020-03-01,2008M01-2023M09,All other foreign,1812.600000,0.2608245197,6949.500000,2012+ TIC classification
2020-03-01,2008M01-2023M09,EU-27 (identifiable),1189.900000,0.1712209511,6949.500000,2012+ TIC classification
2020-03-01,2008M01-2023M09,Middle East (reported/bridge),268.300000,0.0386070940,6949.500000,2012+ TIC classification
2020-03-01,2008M01-2023M09,Four Asian dragons,723.300000,0.1040794302,6949.500000,2012+ TIC classification
2020-03-01,2008M01-2023M09,Canada,131.500000,0.0189222246,6949.500000,2012+ TIC classification
2020-03-01,2008M01-2023M09,United Kingdom,469.700000,0.0675875962,6949.500000,2012+ TIC classification
2020-03-01,2008M01-2023M09,Mainland China,1081.600000,0.1556370962,6949.500000,2012+ TIC classification
2020-03-01,2008M01-2023M09,Japan,1272.600000,0.1831210878,6949.500000,2012+ TIC classification
2020-04-01,2008M01-2023M09,All other foreign,1816.800000,0.2631861048,6903.100000,2012+ TIC classification
2020-04-01,2008M01-2023M09,EU-27 (identifiable),1215.000000,0.1760078805,6903.100000,2012+ TIC classification
2020-04-01,2008M01-2023M09,Middle East (reported/bridge),239.300000,0.0346655850,6903.100000,2012+ TIC classification
2020-04-01,2008M01-2023M09,Four Asian dragons,727.200000,0.1053439759,6903.100000,2012+ TIC classification
2020-04-01,2008M01-2023M09,Canada,136.300000,0.0197447524,6903.100000,2012+ TIC classification
2020-04-01,2008M01-2023M09,United Kingdom,429.200000,0.0621749649,6903.100000,2012+ TIC classification
2020-04-01,2008M01-2023M09,Mainland China,1072.800000,0.1554084397,6903.100000,2012+ TIC classification
2020-04-01,2008M01-2023M09,Japan,1266.500000,0.1834682969,6903.100000,2012+ TIC classification
2020-05-01,2008M01-2023M09,All other foreign,1847.100000,0.2646995601,6978.100000,2012+ TIC classification
2020-05-01,2008M01-2023M09,EU-27 (identifiable),1241.800000,0.1779567504,6978.100000,2012+ TIC classification
2020-05-01,2008M01-2023M09,Middle East (reported/bridge),241.800000,0.0346512661,6978.100000,2012+ TIC classification
2020-05-01,2008M01-2023M09,Four Asian dragons,727.600000,0.1042690704,6978.100000,2012+ TIC classification
2020-05-01,2008M01-2023M09,Canada,129.900000,0.0186153824,6978.100000,2012+ TIC classification
2020-05-01,2008M01-2023M09,United Kingdom,445.800000,0.0638855849,6978.100000,2012+ TIC classification
2020-05-01,2008M01-2023M09,Mainland China,1083.700000,0.1553001533,6978.100000,2012+ TIC classification
2020-05-01,2008M01-2023M09,Japan,1260.400000,0.1806222324,6978.100000,2012+ TIC classification
2020-06-01,2008M01-2023M09,All other foreign,1885.100000,0.2673104465,7052.100000,2012+ TIC classification
2020-06-01,2008M01-2023M09,EU-27 (identifiable),1274.400000,0.1807121283,7052.100000,2012+ TIC classification
2020-06-01,2008M01-2023M09,Middle East (reported/bridge),243.300000,0.0345003616,7052.100000,2012+ TIC classification
2020-06-01,2008M01-2023M09,Four Asian dragons,740.000000,0.1049332823,7052.100000,2012+ TIC classification
2020-06-01,2008M01-2023M09,Canada,127.600000,0.0180939011,7052.100000,2012+ TIC classification
2020-06-01,2008M01-2023M09,United Kingdom,445.700000,0.0632010323,7052.100000,2012+ TIC classification
2020-06-01,2008M01-2023M09,Mainland China,1074.400000,0.1523517817,7052.100000,2012+ TIC classification
2020-06-01,2008M01-2023M09,Japan,1261.600000,0.1788970661,7052.100000,2012+ TIC classification
2020-07-01,2008M01-2023M09,All other foreign,1913.200000,0.2696090866,7096.200000,2012+ TIC classification
2020-07-01,2008M01-2023M09,EU-27 (identifiable),1253.600000,0.1766579296,7096.200000,2012+ TIC classification
2020-07-01,2008M01-2023M09,Middle East (reported/bridge),250.400000,0.0352864914,7096.200000,2012+ TIC classification
2020-07-01,2008M01-2023M09,Four Asian dragons,754.100000,0.1062681435,7096.200000,2012+ TIC classification
2020-07-01,2008M01-2023M09,Canada,133.900000,0.0188692540,7096.200000,2012+ TIC classification
2020-07-01,2008M01-2023M09,United Kingdom,424.600000,0.0598348412,7096.200000,2012+ TIC classification
2020-07-01,2008M01-2023M09,Mainland China,1073.400000,0.1512640568,7096.200000,2012+ TIC classification
2020-07-01,2008M01-2023M09,Japan,1293.000000,0.1822101970,7096.200000,2012+ TIC classification
2020-08-01,2008M01-2023M09,All other foreign,1916.400000,0.2706015250,7082.000000,2012+ TIC classification
2020-08-01,2008M01-2023M09,EU-27 (identifiable),1266.300000,0.1788054222,7082.000000,2012+ TIC classification
2020-08-01,2008M01-2023M09,Middle East (reported/bridge),260.700000,0.0368116351,7082.000000,2012+ TIC classification
2020-08-01,2008M01-2023M09,Four Asian dragons,741.700000,0.1047303022,7082.000000,2012+ TIC classification
2020-08-01,2008M01-2023M09,Canada,131.100000,0.0185117199,7082.000000,2012+ TIC classification
2020-08-01,2008M01-2023M09,United Kingdom,419.400000,0.0592205592,7082.000000,2012+ TIC classification
2020-08-01,2008M01-2023M09,Mainland China,1068.000000,0.1508048574,7082.000000,2012+ TIC classification
2020-08-01,2008M01-2023M09,Japan,1278.400000,0.1805139791,7082.000000,2012+ TIC classification
2020-09-01,2008M01-2023M09,All other foreign,1932.100000,0.2733123974,7069.200000,2012+ TIC classification
2020-09-01,2008M01-2023M09,EU-27 (identifiable),1242.900000,0.1758190460,7069.200000,2012+ TIC classification
2020-09-01,2008M01-2023M09,Middle East (reported/bridge),262.400000,0.0371187687,7069.200000,2012+ TIC classification
2020-09-01,2008M01-2023M09,Four Asian dragons,737.400000,0.1043116619,7069.200000,2012+ TIC classification
2020-09-01,2008M01-2023M09,Canada,128.000000,0.0181067165,7069.200000,2012+ TIC classification
2020-09-01,2008M01-2023M09,United Kingdom,428.500000,0.0606150625,7069.200000,2012+ TIC classification
2020-09-01,2008M01-2023M09,Mainland China,1061.700000,0.1501867255,7069.200000,2012+ TIC classification
2020-09-01,2008M01-2023M09,Japan,1276.200000,0.1805296215,7069.200000,2012+ TIC classification
2020-10-01,2008M01-2023M09,All other foreign,1913.600000,0.2706494682,7070.400000,2012+ TIC classification
2020-10-01,2008M01-2023M09,EU-27 (identifiable),1266.000000,0.1790563476,7070.400000,2012+ TIC classification
2020-10-01,2008M01-2023M09,Middle East (reported/bridge),263.700000,0.0372963340,7070.400000,2012+ TIC classification
2020-10-01,2008M01-2023M09,Four Asian dragons,725.900000,0.1026674587,7070.400000,2012+ TIC classification
2020-10-01,2008M01-2023M09,Canada,131.300000,0.0185703779,7070.400000,2012+ TIC classification
2020-10-01,2008M01-2023M09,United Kingdom,442.800000,0.0626272912,7070.400000,2012+ TIC classification
2020-10-01,2008M01-2023M09,Mainland China,1054.000000,0.1490721883,7070.400000,2012+ TIC classification
2020-10-01,2008M01-2023M09,Japan,1273.100000,0.1800605341,7070.400000,2012+ TIC classification
2020-11-01,2008M01-2023M09,All other foreign,1909.500000,0.2708049694,7051.200000,2012+ TIC classification
2020-11-01,2008M01-2023M09,EU-27 (identifiable),1259.800000,0.1786646245,7051.200000,2012+ TIC classification
2020-11-01,2008M01-2023M09,Middle East (reported/bridge),277.500000,0.0393550034,7051.200000,2012+ TIC classification
2020-11-01,2008M01-2023M09,Four Asian dragons,732.700000,0.1039113910,7051.200000,2012+ TIC classification
2020-11-01,2008M01-2023M09,Canada,127.400000,0.0180678466,7051.200000,2012+ TIC classification
2020-11-01,2008M01-2023M09,United Kingdom,420.500000,0.0596352394,7051.200000,2012+ TIC classification
2020-11-01,2008M01-2023M09,Mainland China,1063.000000,0.1507544815,7051.200000,2012+ TIC classification
2020-11-01,2008M01-2023M09,Japan,1260.800000,0.1788064443,7051.200000,2012+ TIC classification
2020-12-01,2008M01-2023M09,All other foreign,1883.300000,0.2663526949,7070.700000,2012+ TIC classification
2020-12-01,2008M01-2023M09,EU-27 (identifiable),1280.900000,0.1811560383,7070.700000,2012+ TIC classification
2020-12-01,2008M01-2023M09,Middle East (reported/bridge),263.900000,0.0373230373,7070.700000,2012+ TIC classification
2020-12-01,2008M01-2023M09,Four Asian dragons,758.500000,0.1072736787,7070.700000,2012+ TIC classification
2020-12-01,2008M01-2023M09,Canada,119.900000,0.0169573027,7070.700000,2012+ TIC classification
2020-12-01,2008M01-2023M09,United Kingdom,440.600000,0.0623134909,7070.700000,2012+ TIC classification
2020-12-01,2008M01-2023M09,Mainland China,1072.300000,0.1516540088,7070.700000,2012+ TIC classification
2020-12-01,2008M01-2023M09,Japan,1251.300000,0.1769697484,7070.700000,2012+ TIC classification
2021-01-01,2008M01-2023M09,All other foreign,1927.100000,0.2703563412,7128.000000,2012+ TIC classification
2021-01-01,2008M01-2023M09,EU-27 (identifiable),1242.600000,0.1743265993,7128.000000,2012+ TIC classification
2021-01-01,2008M01-2023M09,Middle East (reported/bridge),267.900000,0.0375841751,7128.000000,2012+ TIC classification
2021-01-01,2008M01-2023M09,Four Asian dragons,753.000000,0.1056397306,7128.000000,2012+ TIC classification
2021-01-01,2008M01-2023M09,Canada,126.600000,0.0177609428,7128.000000,2012+ TIC classification
2021-01-01,2008M01-2023M09,United Kingdom,438.700000,0.0615460157,7128.000000,2012+ TIC classification
2021-01-01,2008M01-2023M09,Mainland China,1095.200000,0.1536475870,7128.000000,2012+ TIC classification
2021-01-01,2008M01-2023M09,Japan,1276.900000,0.1791386083,7128.000000,2012+ TIC classification
2021-02-01,2008M01-2023M09,All other foreign,1927.500000,0.2711428089,7108.800000,2012+ TIC classification
2021-02-01,2008M01-2023M09,EU-27 (identifiable),1213.900000,0.1707601846,7108.800000,2012+ TIC classification
2021-02-01,2008M01-2023M09,Middle East (reported/bridge),286.500000,0.0403021607,7108.800000,2012+ TIC classification
2021-02-01,2008M01-2023M09,Four Asian dragons,746.600000,0.1050247580,7108.800000,2012+ TIC classification
2021-02-01,2008M01-2023M09,Canada,112.700000,0.0158535899,7108.800000,2012+ TIC classification
2021-02-01,2008M01-2023M09,United Kingdom,459.400000,0.0646241278,7108.800000,2012+ TIC classification
2021-02-01,2008M01-2023M09,Mainland China,1104.200000,0.1553286068,7108.800000,2012+ TIC classification
2021-02-01,2008M01-2023M09,Japan,1258.000000,0.1769637632,7108.800000,2012+ TIC classification
2021-03-01,2008M01-2023M09,All other foreign,1898.300000,0.2697100152,7038.300000,2012+ TIC classification
2021-03-01,2008M01-2023M09,EU-27 (identifiable),1215.300000,0.1726695367,7038.300000,2012+ TIC classification
2021-03-01,2008M01-2023M09,Middle East (reported/bridge),283.100000,0.0402227811,7038.300000,2012+ TIC classification
2021-03-01,2008M01-2023M09,Four Asian dragons,751.600000,0.1067871503,7038.300000,2012+ TIC classification
2021-03-01,2008M01-2023M09,Canada,106.000000,0.0150604549,7038.300000,2012+ TIC classification
2021-03-01,2008M01-2023M09,United Kingdom,443.100000,0.0629555432,7038.300000,2012+ TIC classification
2021-03-01,2008M01-2023M09,Mainland China,1100.400000,0.1563445718,7038.300000,2012+ TIC classification
2021-03-01,2008M01-2023M09,Japan,1240.500000,0.1762499467,7038.300000,2012+ TIC classification
2021-04-01,2008M01-2023M09,All other foreign,1921.700000,0.2714802362,7078.600000,2012+ TIC classification
2021-04-01,2008M01-2023M09,EU-27 (identifiable),1213.700000,0.1714604583,7078.600000,2012+ TIC classification
2021-04-01,2008M01-2023M09,Middle East (reported/bridge),281.200000,0.0397253694,7078.600000,2012+ TIC classification
2021-04-01,2008M01-2023M09,Four Asian dragons,741.300000,0.1047240980,7078.600000,2012+ TIC classification
2021-04-01,2008M01-2023M09,Canada,116.100000,0.0164015483,7078.600000,2012+ TIC classification
2021-04-01,2008M01-2023M09,United Kingdom,431.700000,0.0609866358,7078.600000,2012+ TIC classification
2021-04-01,2008M01-2023M09,Mainland China,1096.100000,0.1548470036,7078.600000,2012+ TIC classification
2021-04-01,2008M01-2023M09,Japan,1276.800000,0.1803746504,7078.600000,2012+ TIC classification
2021-05-01,2008M01-2023M09,All other foreign,1949.000000,0.2727896203,7144.700000,2012+ TIC classification
2021-05-01,2008M01-2023M09,EU-27 (identifiable),1213.700000,0.1698741725,7144.700000,2012+ TIC classification
2021-05-01,2008M01-2023M09,Middle East (reported/bridge),288.800000,0.0404215712,7144.700000,2012+ TIC classification
2021-05-01,2008M01-2023M09,Four Asian dragons,759.900000,0.1063585595,7144.700000,2012+ TIC classification
2021-05-01,2008M01-2023M09,Canada,121.100000,0.0169496270,7144.700000,2012+ TIC classification
2021-05-01,2008M01-2023M09,United Kingdom,467.600000,0.0654471146,7144.700000,2012+ TIC classification
2021-05-01,2008M01-2023M09,Mainland China,1078.400000,0.1509370582,7144.700000,2012+ TIC classification
2021-05-01,2008M01-2023M09,Japan,1266.200000,0.1772222767,7144.700000,2012+ TIC classification
2021-06-01,2008M01-2023M09,All other foreign,2027.200000,0.2696139063,7518.900000,2012+ TIC classification
2021-06-01,2008M01-2023M09,EU-27 (identifiable),1373.200000,0.1826330979,7518.900000,2012+ TIC classification
2021-06-01,2008M01-2023M09,Middle East (reported/bridge),298.200000,0.0396600567,7518.900000,2012+ TIC classification
2021-06-01,2008M01-2023M09,Four Asian dragons,777.400000,0.1033927835,7518.900000,2012+ TIC classification
2021-06-01,2008M01-2023M09,Canada,167.800000,0.0223170943,7518.900000,2012+ TIC classification
2021-06-01,2008M01-2023M09,United Kingdom,533.600000,0.0709678277,7518.900000,2012+ TIC classification
2021-06-01,2008M01-2023M09,Mainland China,1061.800000,0.1412174653,7518.900000,2012+ TIC classification
2021-06-01,2008M01-2023M09,Japan,1279.700000,0.1701977683,7518.900000,2012+ TIC classification
2021-07-01,2008M01-2023M09,All other foreign,2035.400000,0.2689730815,7567.300000,2012+ TIC classification
2021-07-01,2008M01-2023M09,EU-27 (identifiable),1358.700000,0.1795488483,7567.300000,2012+ TIC classification
2021-07-01,2008M01-2023M09,Middle East (reported/bridge),298.100000,0.0393931785,7567.300000,2012+ TIC classification
2021-07-01,2008M01-2023M09,Four Asian dragons,788.000000,0.1041322532,7567.300000,2012+ TIC classification
2021-07-01,2008M01-2023M09,Canada,167.000000,0.0220686374,7567.300000,2012+ TIC classification
2021-07-01,2008M01-2023M09,United Kingdom,541.600000,0.0715711020,7567.300000,2012+ TIC classification
2021-07-01,2008M01-2023M09,Mainland China,1068.300000,0.1411732058,7567.300000,2012+ TIC classification
2021-07-01,2008M01-2023M09,Japan,1310.200000,0.1731396932,7567.300000,2012+ TIC classification
2021-08-01,2008M01-2023M09,All other foreign,2029.800000,0.2678260411,7578.800000,2012+ TIC classification
2021-08-01,2008M01-2023M09,EU-27 (identifiable),1373.500000,0.1812292183,7578.800000,2012+ TIC classification
2021-08-01,2008M01-2023M09,Middle East (reported/bridge),293.500000,0.0387264475,7578.800000,2012+ TIC classification
2021-08-01,2008M01-2023M09,Four Asian dragons,777.200000,0.1025492162,7578.800000,2012+ TIC classification
2021-08-01,2008M01-2023M09,Canada,169.200000,0.0223254341,7578.800000,2012+ TIC classification
2021-08-01,2008M01-2023M09,United Kingdom,568.900000,0.0750646540,7578.800000,2012+ TIC classification
2021-08-01,2008M01-2023M09,Mainland China,1047.000000,0.1381485196,7578.800000,2012+ TIC classification
2021-08-01,2008M01-2023M09,Japan,1319.700000,0.1741304692,7578.800000,2012+ TIC classification
2021-09-01,2008M01-2023M09,All other foreign,2035.200000,0.2688187666,7570.900000,2012+ TIC classification
2021-09-01,2008M01-2023M09,EU-27 (identifiable),1374.600000,0.1815636186,7570.900000,2012+ TIC classification
2021-09-01,2008M01-2023M09,Middle East (reported/bridge),292.200000,0.0385951472,7570.900000,2012+ TIC classification
2021-09-01,2008M01-2023M09,Four Asian dragons,788.300000,0.1041223633,7570.900000,2012+ TIC classification
2021-09-01,2008M01-2023M09,Canada,167.100000,0.0220713522,7570.900000,2012+ TIC classification
2021-09-01,2008M01-2023M09,United Kingdom,566.400000,0.0748127699,7570.900000,2012+ TIC classification
2021-09-01,2008M01-2023M09,Mainland China,1047.500000,0.1383587156,7570.900000,2012+ TIC classification
2021-09-01,2008M01-2023M09,Japan,1299.600000,0.1716572666,7570.900000,2012+ TIC classification
2021-10-01,2008M01-2023M09,All other foreign,2029.900000,0.2649757855,7660.700000,2012+ TIC classification
2021-10-01,2008M01-2023M09,EU-27 (identifiable),1393.500000,0.1819024371,7660.700000,2012+ TIC classification
2021-10-01,2008M01-2023M09,Middle East (reported/bridge),281.300000,0.0367198820,7660.700000,2012+ TIC classification
2021-10-01,2008M01-2023M09,Four Asian dragons,789.700000,0.1030845745,7660.700000,2012+ TIC classification
2021-10-01,2008M01-2023M09,Canada,200.300000,0.0261464357,7660.700000,2012+ TIC classification
2021-10-01,2008M01-2023M09,United Kingdom,580.200000,0.0757372042,7660.700000,2012+ TIC classification
2021-10-01,2008M01-2023M09,Mainland China,1065.400000,0.1390734528,7660.700000,2012+ TIC classification
2021-10-01,2008M01-2023M09,Japan,1320.400000,0.1723602282,7660.700000,2012+ TIC classification
2021-11-01,2008M01-2023M09,All other foreign,2008.300000,0.2612286840,7687.900000,2012+ TIC classification
2021-11-01,2008M01-2023M09,EU-27 (identifiable),1405.400000,0.1828067483,7687.900000,2012+ TIC classification
2021-11-01,2008M01-2023M09,Middle East (reported/bridge),275.700000,0.0358615487,7687.900000,2012+ TIC classification
2021-11-01,2008M01-2023M09,Four Asian dragons,803.200000,0.1044758647,7687.900000,2012+ TIC classification
2021-11-01,2008M01-2023M09,Canada,195.100000,0.0253775413,7687.900000,2012+ TIC classification
2021-11-01,2008M01-2023M09,United Kingdom,621.800000,0.0808803444,7687.900000,2012+ TIC classification
2021-11-01,2008M01-2023M09,Mainland China,1052.900000,0.1369554755,7687.900000,2012+ TIC classification
2021-11-01,2008M01-2023M09,Japan,1325.500000,0.1724137931,7687.900000,2012+ TIC classification
2021-12-01,2008M01-2023M09,All other foreign,2008.800000,0.2595214718,7740.400000,2012+ TIC classification
2021-12-01,2008M01-2023M09,EU-27 (identifiable),1443.100000,0.1864373934,7740.400000,2012+ TIC classification
2021-12-01,2008M01-2023M09,Middle East (reported/bridge),279.400000,0.0360963258,7740.400000,2012+ TIC classification
2021-12-01,2008M01-2023M09,Four Asian dragons,799.000000,0.1032246396,7740.400000,2012+ TIC classification
2021-12-01,2008M01-2023M09,Canada,219.700000,0.0283835461,7740.400000,2012+ TIC classification
2021-12-01,2008M01-2023M09,United Kingdom,649.300000,0.0838845538,7740.400000,2012+ TIC classification
2021-12-01,2008M01-2023M09,Mainland China,1040.300000,0.1343987391,7740.400000,2012+ TIC classification
2021-12-01,2008M01-2023M09,Japan,1300.800000,0.1680533306,7740.400000,2012+ TIC classification
2022-01-01,2008M01-2023M09,All other foreign,1992.300000,0.2602374701,7655.700000,2012+ TIC classification
2022-01-01,2008M01-2023M09,EU-27 (identifiable),1411.200000,0.1843332419,7655.700000,2012+ TIC classification
2022-01-01,2008M01-2023M09,Middle East (reported/bridge),302.100000,0.0394607939,7655.700000,2012+ TIC classification
2022-01-01,2008M01-2023M09,Four Asian dragons,788.100000,0.1029429053,7655.700000,2012+ TIC classification
2022-01-01,2008M01-2023M09,Canada,217.600000,0.0284232663,7655.700000,2012+ TIC classification
2022-01-01,2008M01-2023M09,United Kingdom,610.700000,0.0797706284,7655.700000,2012+ TIC classification
2022-01-01,2008M01-2023M09,Mainland China,1033.800000,0.1350366394,7655.700000,2012+ TIC classification
2022-01-01,2008M01-2023M09,Japan,1299.900000,0.1697950547,7655.700000,2012+ TIC classification
2022-02-01,2008M01-2023M09,All other foreign,1991.000000,0.2584539495,7703.500000,2012+ TIC classification
2022-02-01,2008M01-2023M09,EU-27 (identifiable),1459.500000,0.1894593367,7703.500000,2012+ TIC classification
2022-02-01,2008M01-2023M09,Middle East (reported/bridge),303.900000,0.0394496008,7703.500000,2012+ TIC classification
2022-02-01,2008M01-2023M09,Four Asian dragons,766.300000,0.0994742649,7703.500000,2012+ TIC classification
2022-02-01,2008M01-2023M09,Canada,224.100000,0.0290906731,7703.500000,2012+ TIC classification
2022-02-01,2008M01-2023M09,United Kingdom,627.000000,0.0813915753,7703.500000,2012+ TIC classification
2022-02-01,2008M01-2023M09,Mainland China,1028.700000,0.1335367041,7703.500000,2012+ TIC classification
2022-02-01,2008M01-2023M09,Japan,1303.000000,0.1691438956,7703.500000,2012+ TIC classification
2022-03-01,2008M01-2023M09,All other foreign,1989.000000,0.2615659767,7604.200000,2012+ TIC classification
2022-03-01,2008M01-2023M09,EU-27 (identifiable),1451.800000,0.1909208069,7604.200000,2012+ TIC classification
2022-03-01,2008M01-2023M09,Middle East (reported/bridge),293.800000,0.0386365430,7604.200000,2012+ TIC classification
2022-03-01,2008M01-2023M09,Four Asian dragons,754.400000,0.0992083322,7604.200000,2012+ TIC classification
2022-03-01,2008M01-2023M09,Canada,236.500000,0.0311012335,7604.200000,2012+ TIC classification
2022-03-01,2008M01-2023M09,United Kingdom,636.500000,0.0837037427,7604.200000,2012+ TIC classification
2022-03-01,2008M01-2023M09,Mainland China,1013.200000,0.1332421557,7604.200000,2012+ TIC classification
2022-03-01,2008M01-2023M09,Japan,1229.000000,0.1616212093,7604.200000,2012+ TIC classification
2022-04-01,2008M01-2023M09,All other foreign,1979.100000,0.2658972740,7443.100000,2012+ TIC classification
2022-04-01,2008M01-2023M09,EU-27 (identifiable),1418.700000,0.1906060647,7443.100000,2012+ TIC classification
2022-04-01,2008M01-2023M09,Middle East (reported/bridge),284.000000,0.0381561446,7443.100000,2012+ TIC classification
2022-04-01,2008M01-2023M09,Four Asian dragons,721.300000,0.0969085462,7443.100000,2012+ TIC classification
2022-04-01,2008M01-2023M09,Canada,234.700000,0.0315325604,7443.100000,2012+ TIC classification
2022-04-01,2008M01-2023M09,United Kingdom,614.300000,0.0825328156,7443.100000,2012+ TIC classification
2022-04-01,2008M01-2023M09,Mainland China,976.000000,0.1311281590,7443.100000,2012+ TIC classification
2022-04-01,2008M01-2023M09,Japan,1215.000000,0.1632384356,7443.100000,2012+ TIC classification
2022-05-01,2008M01-2023M09,All other foreign,1979.400000,0.2670966697,7410.800000,2012+ TIC classification
2022-05-01,2008M01-2023M09,EU-27 (identifiable),1407.400000,0.1899120203,7410.800000,2012+ TIC classification
2022-05-01,2008M01-2023M09,Middle East (reported/bridge),283.200000,0.0382144978,7410.800000,2012+ TIC classification
2022-05-01,2008M01-2023M09,Four Asian dragons,707.100000,0.0954148000,7410.800000,2012+ TIC classification
2022-05-01,2008M01-2023M09,Canada,225.500000,0.0304285637,7410.800000,2012+ TIC classification
2022-05-01,2008M01-2023M09,United Kingdom,636.500000,0.0858881632,7410.800000,2012+ TIC classification
2022-05-01,2008M01-2023M09,Mainland China,951.800000,0.1284341771,7410.800000,2012+ TIC classification
2022-05-01,2008M01-2023M09,Japan,1219.900000,0.1646111081,7410.800000,2012+ TIC classification
2022-06-01,2008M01-2023M09,All other foreign,2005.400000,0.2703825048,7416.900000,2012+ TIC classification
2022-06-01,2008M01-2023M09,EU-27 (identifiable),1415.300000,0.1908209629,7416.900000,2012+ TIC classification
2022-06-01,2008M01-2023M09,Middle East (reported/bridge),288.800000,0.0389381008,7416.900000,2012+ TIC classification
2022-06-01,2008M01-2023M09,Four Asian dragons,712.400000,0.0960509108,7416.900000,2012+ TIC classification
2022-06-01,2008M01-2023M09,Canada,206.200000,0.0278013725,7416.900000,2012+ TIC classification
2022-06-01,2008M01-2023M09,United Kingdom,617.300000,0.0832288422,7416.900000,2012+ TIC classification
2022-06-01,2008M01-2023M09,Mainland China,938.800000,0.1265757931,7416.900000,2012+ TIC classification
2022-06-01,2008M01-2023M09,Japan,1232.700000,0.1662015128,7416.900000,2012+ TIC classification
2022-07-01,2008M01-2023M09,All other foreign,2010.100000,0.2685324962,7485.500000,2012+ TIC classification
2022-07-01,2008M01-2023M09,EU-27 (identifiable),1410.600000,0.1884443257,7485.500000,2012+ TIC classification
2022-07-01,2008M01-2023M09,Middle East (reported/bridge),300.300000,0.0401175606,7485.500000,2012+ TIC classification
2022-07-01,2008M01-2023M09,Four Asian dragons,730.100000,0.0975352348,7485.500000,2012+ TIC classification
2022-07-01,2008M01-2023M09,Canada,227.900000,0.0304455280,7485.500000,2012+ TIC classification
2022-07-01,2008M01-2023M09,United Kingdom,636.600000,0.0850444192,7485.500000,2012+ TIC classification
2022-07-01,2008M01-2023M09,Mainland China,939.200000,0.1254692405,7485.500000,2012+ TIC classification
2022-07-01,2008M01-2023M09,Japan,1230.700000,0.1644111950,7485.500000,2012+ TIC classification
2022-08-01,2008M01-2023M09,All other foreign,2038.600000,0.2720781561,7492.700000,2012+ TIC classification
2022-08-01,2008M01-2023M09,EU-27 (identifiable),1409.600000,0.1881297797,7492.700000,2012+ TIC classification
2022-08-01,2008M01-2023M09,Middle East (reported/bridge),308.100000,0.0411200235,7492.700000,2012+ TIC classification
2022-08-01,2008M01-2023M09,Four Asian dragons,727.100000,0.0970411200,7492.700000,2012+ TIC classification
2022-08-01,2008M01-2023M09,Canada,228.200000,0.0304563108,7492.700000,2012+ TIC classification
2022-08-01,2008M01-2023M09,United Kingdom,646.500000,0.0862839831,7492.700000,2012+ TIC classification
2022-08-01,2008M01-2023M09,Mainland China,938.600000,0.1252685948,7492.700000,2012+ TIC classification
2022-08-01,2008M01-2023M09,Japan,1196.000000,0.1596220321,7492.700000,2012+ TIC classification
2022-09-01,2008M01-2023M09,All other foreign,1989.200000,0.2743156588,7251.500000,2012+ TIC classification
2022-09-01,2008M01-2023M09,EU-27 (identifiable),1397.000000,0.1926497966,7251.500000,2012+ TIC classification
2022-09-01,2008M01-2023M09,Middle East (reported/bridge),307.200000,0.0423636489,7251.500000,2012+ TIC classification
2022-09-01,2008M01-2023M09,Four Asian dragons,675.300000,0.0931255602,7251.500000,2012+ TIC classification
2022-09-01,2008M01-2023M09,Canada,199.900000,0.0275667103,7251.500000,2012+ TIC classification
2022-09-01,2008M01-2023M09,United Kingdom,664.800000,0.0916775839,7251.500000,2012+ TIC classification
2022-09-01,2008M01-2023M09,Mainland China,901.700000,0.1243466869,7251.500000,2012+ TIC classification
2022-09-01,2008M01-2023M09,Japan,1116.400000,0.1539543543,7251.500000,2012+ TIC classification
2022-10-01,2008M01-2023M09,All other foreign,1955.800000,0.2741826950,7133.200000,2012+ TIC classification
2022-10-01,2008M01-2023M09,EU-27 (identifiable),1387.500000,0.1945129816,7133.200000,2012+ TIC classification
2022-10-01,2008M01-2023M09,Middle East (reported/bridge),314.000000,0.0440195144,7133.200000,2012+ TIC classification
2022-10-01,2008M01-2023M09,Four Asian dragons,674.100000,0.0945017664,7133.200000,2012+ TIC classification
2022-10-01,2008M01-2023M09,Canada,218.200000,0.0305893568,7133.200000,2012+ TIC classification
2022-10-01,2008M01-2023M09,United Kingdom,641.300000,0.0899035496,7133.200000,2012+ TIC classification
2022-10-01,2008M01-2023M09,Mainland China,877.900000,0.1230723939,7133.200000,2012+ TIC classification
2022-10-01,2008M01-2023M09,Japan,1064.400000,0.1492177424,7133.200000,2012+ TIC classification
2022-11-01,2008M01-2023M09,All other foreign,1995.800000,0.2777847370,7184.700000,2012+ TIC classification
2022-11-01,2008M01-2023M09,EU-27 (identifiable),1394.400000,0.1940790847,7184.700000,2012+ TIC classification
2022-11-01,2008M01-2023M09,Middle East (reported/bridge),326.500000,0.0454437903,7184.700000,2012+ TIC classification
2022-11-01,2008M01-2023M09,Four Asian dragons,712.000000,0.0990994753,7184.700000,2012+ TIC classification
2022-11-01,2008M01-2023M09,Canada,228.800000,0.0318454494,7184.700000,2012+ TIC classification
2022-11-01,2008M01-2023M09,United Kingdom,575.100000,0.0800450958,7184.700000,2012+ TIC classification
2022-11-01,2008M01-2023M09,Mainland China,870.300000,0.1211324064,7184.700000,2012+ TIC classification
2022-11-01,2008M01-2023M09,Japan,1081.800000,0.1505699612,7184.700000,2012+ TIC classification
2022-12-01,2008M01-2023M09,All other foreign,2014.100000,0.2799421797,7194.700000,2012+ TIC classification
2022-12-01,2008M01-2023M09,EU-27 (identifiable),1406.100000,0.1954355289,7194.700000,2012+ TIC classification
2022-12-01,2008M01-2023M09,Middle East (reported/bridge),318.100000,0.0442131013,7194.700000,2012+ TIC classification
2022-12-01,2008M01-2023M09,Four Asian dragons,725.400000,0.1008242178,7194.700000,2012+ TIC classification
2022-12-01,2008M01-2023M09,Canada,215.100000,0.0298970075,7194.700000,2012+ TIC classification
2022-12-01,2008M01-2023M09,United Kingdom,573.700000,0.0797392525,7194.700000,2012+ TIC classification
2022-12-01,2008M01-2023M09,Mainland China,867.100000,0.1205192711,7194.700000,2012+ TIC classification
2022-12-01,2008M01-2023M09,Japan,1075.100000,0.1494294411,7194.700000,2012+ TIC classification
2023-01-01,2008M01-2023M09,All other foreign,2090.300000,0.2861425579,7305.100000,2012+ TIC classification
2023-01-01,2008M01-2023M09,EU-27 (identifiable),1383.000000,0.1893197903,7305.100000,2012+ TIC classification
2023-01-01,2008M01-2023M09,Middle East (reported/bridge),268.500000,0.0367551437,7305.100000,2012+ TIC classification
2023-01-01,2008M01-2023M09,Four Asian dragons,749.000000,0.1025311084,7305.100000,2012+ TIC classification
2023-01-01,2008M01-2023M09,Canada,254.100000,0.0347839181,7305.100000,2012+ TIC classification
2023-01-01,2008M01-2023M09,United Kingdom,598.000000,0.0818606179,7305.100000,2012+ TIC classification
2023-01-01,2008M01-2023M09,Mainland China,859.300000,0.1176301488,7305.100000,2012+ TIC classification
2023-01-01,2008M01-2023M09,Japan,1102.900000,0.1509767149,7305.100000,2012+ TIC classification
2023-02-01,2008M01-2023M09,All other foreign,2115.200000,0.2915546734,7254.900000,2012+ TIC classification
2023-02-01,2008M01-2023M09,EU-27 (identifiable),1391.600000,0.1918151870,7254.900000,2012+ TIC classification
2023-02-01,2008M01-2023M09,Middle East (reported/bridge),261.800000,0.0360859557,7254.900000,2012+ TIC classification
2023-02-01,2008M01-2023M09,Four Asian dragons,744.800000,0.1026616494,7254.900000,2012+ TIC classification
2023-02-01,2008M01-2023M09,Canada,235.300000,0.0324332520,7254.900000,2012+ TIC classification
2023-02-01,2008M01-2023M09,United Kingdom,576.500000,0.0794635350,7254.900000,2012+ TIC classification
2023-02-01,2008M01-2023M09,Mainland China,849.000000,0.1170243560,7254.900000,2012+ TIC classification
2023-02-01,2008M01-2023M09,Japan,1080.700000,0.1489613916,7254.900000,2012+ TIC classification
2023-03-01,2008M01-2023M09,All other foreign,2187.200000,0.2928527435,7468.600000,2012+ TIC classification
2023-03-01,2008M01-2023M09,EU-27 (identifiable),1406.700000,0.1883485526,7468.600000,2012+ TIC classification
2023-03-01,2008M01-2023M09,Middle East (reported/bridge),269.000000,0.0360174598,7468.600000,2012+ TIC classification
2023-03-01,2008M01-2023M09,Four Asian dragons,771.400000,0.1032857564,7468.600000,2012+ TIC classification
2023-03-01,2008M01-2023M09,Canada,245.300000,0.0328441743,7468.600000,2012+ TIC classification
2023-03-01,2008M01-2023M09,United Kingdom,633.100000,0.0847682297,7468.600000,2012+ TIC classification
2023-03-01,2008M01-2023M09,Mainland China,869.300000,0.1163939694,7468.600000,2012+ TIC classification
2023-03-01,2008M01-2023M09,Japan,1086.600000,0.1454891144,7468.600000,2012+ TIC classification
2023-04-01,2008M01-2023M09,All other foreign,2161.600000,0.2879829470,7506.000000,2012+ TIC classification
2023-04-01,2008M01-2023M09,EU-27 (identifiable),1425.000000,0.1898481215,7506.000000,2012+ TIC classification
2023-04-01,2008M01-2023M09,Middle East (reported/bridge),273.200000,0.0363975486,7506.000000,2012+ TIC classification
2023-04-01,2008M01-2023M09,Four Asian dragons,779.300000,0.1038236078,7506.000000,2012+ TIC classification
2023-04-01,2008M01-2023M09,Canada,247.100000,0.0329203304,7506.000000,2012+ TIC classification
2023-04-01,2008M01-2023M09,United Kingdom,625.100000,0.0832800426,7506.000000,2012+ TIC classification
2023-04-01,2008M01-2023M09,Mainland China,868.900000,0.1157607248,7506.000000,2012+ TIC classification
2023-04-01,2008M01-2023M09,Japan,1125.800000,0.1499866773,7506.000000,2012+ TIC classification
2023-05-01,2008M01-2023M09,All other foreign,2151.600000,0.2884723675,7458.600000,2012+ TIC classification
2023-05-01,2008M01-2023M09,EU-27 (identifiable),1446.500000,0.1939372000,7458.600000,2012+ TIC classification
2023-05-01,2008M01-2023M09,Middle East (reported/bridge),270.700000,0.0362936744,7458.600000,2012+ TIC classification
2023-05-01,2008M01-2023M09,Four Asian dragons,774.500000,0.1038398627,7458.600000,2012+ TIC classification
2023-05-01,2008M01-2023M09,Canada,265.900000,0.0356501220,7458.600000,2012+ TIC classification
2023-05-01,2008M01-2023M09,United Kingdom,606.600000,0.0813289357,7458.600000,2012+ TIC classification
2023-05-01,2008M01-2023M09,Mainland China,846.700000,0.1135199635,7458.600000,2012+ TIC classification
2023-05-01,2008M01-2023M09,Japan,1096.100000,0.1469578741,7458.600000,2012+ TIC classification
2023-06-01,2008M01-2023M09,All other foreign,2208.300000,0.2919795854,7563.200000,2012+ TIC classification
2023-06-01,2008M01-2023M09,EU-27 (identifiable),1495.900000,0.1977866512,7563.200000,2012+ TIC classification
2023-06-01,2008M01-2023M09,Middle East (reported/bridge),276.500000,0.0365585995,7563.200000,2012+ TIC classification
2023-06-01,2008M01-2023M09,Four Asian dragons,742.600000,0.0981859530,7563.200000,2012+ TIC classification
2023-06-01,2008M01-2023M09,Canada,275.600000,0.0364396023,7563.200000,2012+ TIC classification
2023-06-01,2008M01-2023M09,United Kingdom,624.400000,0.0825576476,7563.200000,2012+ TIC classification
2023-06-01,2008M01-2023M09,Mainland China,835.800000,0.1105087794,7563.200000,2012+ TIC classification
2023-06-01,2008M01-2023M09,Japan,1104.100000,0.1459831817,7563.200000,2012+ TIC classification
2023-07-01,2008M01-2023M09,All other foreign,2233.100000,0.2940185119,7595.100000,2012+ TIC classification
2023-07-01,2008M01-2023M09,EU-27 (identifiable),1499.300000,0.1974035892,7595.100000,2012+ TIC classification
2023-07-01,2008M01-2023M09,Middle East (reported/bridge),274.600000,0.0361548893,7595.100000,2012+ TIC classification
2023-07-01,2008M01-2023M09,Four Asian dragons,751.300000,0.0989190399,7595.100000,2012+ TIC classification
2023-07-01,2008M01-2023M09,Canada,293.900000,0.0386960014,7595.100000,2012+ TIC classification
2023-07-01,2008M01-2023M09,United Kingdom,609.300000,0.0802227752,7595.100000,2012+ TIC classification
2023-07-01,2008M01-2023M09,Mainland China,821.800000,0.1082013403,7595.100000,2012+ TIC classification
2023-07-01,2008M01-2023M09,Japan,1111.800000,0.1463838527,7595.100000,2012+ TIC classification
2023-08-01,2008M01-2023M09,All other foreign,2218.200000,0.2910832623,7620.500000,2012+ TIC classification
2023-08-01,2008M01-2023M09,EU-27 (identifiable),1534.300000,0.2013384948,7620.500000,2012+ TIC classification
2023-08-01,2008M01-2023M09,Middle East (reported/bridge),278.900000,0.0365986484,7620.500000,2012+ TIC classification
2023-08-01,2008M01-2023M09,Four Asian dragons,745.600000,0.0978413490,7620.500000,2012+ TIC classification
2023-08-01,2008M01-2023M09,Canada,295.100000,0.0387244931,7620.500000,2012+ TIC classification
2023-08-01,2008M01-2023M09,United Kingdom,627.500000,0.0823436782,7620.500000,2012+ TIC classification
2023-08-01,2008M01-2023M09,Mainland China,805.400000,0.1056886031,7620.500000,2012+ TIC classification
2023-08-01,2008M01-2023M09,Japan,1115.500000,0.1463814710,7620.500000,2012+ TIC classification
2023-09-01,2008M01-2023M09,All other foreign,2217.700000,0.2953349935,7509.100000,2012+ TIC classification
2023-09-01,2008M01-2023M09,EU-27 (identifiable),1527.700000,0.2034464849,7509.100000,2012+ TIC classification
2023-09-01,2008M01-2023M09,Middle East (reported/bridge),280.500000,0.0373546763,7509.100000,2012+ TIC classification
2023-09-01,2008M01-2023M09,Four Asian dragons,733.500000,0.0976814798,7509.100000,2012+ TIC classification
2023-09-01,2008M01-2023M09,Canada,280.500000,0.0373546763,7509.100000,2012+ TIC classification
2023-09-01,2008M01-2023M09,United Kingdom,604.700000,0.0805289582,7509.100000,2012+ TIC classification
2023-09-01,2008M01-2023M09,Mainland China,778.100000,0.1036209399,7509.100000,2012+ TIC classification
2023-09-01,2008M01-2023M09,Japan,1086.400000,0.1446777909,7509.100000,2012+ TIC classification
2023-10-01,Post-AHP 2023M10-present,All other foreign,2207.700000,0.2952773282,7476.700000,2012+ TIC classification
2023-10-01,Post-AHP 2023M10-present,EU-27 (identifiable),1482.900000,0.1983361644,7476.700000,2012+ TIC classification
2023-10-01,Post-AHP 2023M10-present,Middle East (reported/bridge),272.900000,0.0365000602,7476.700000,2012+ TIC classification
2023-10-01,Post-AHP 2023M10-present,Four Asian dragons,733.900000,0.0981582784,7476.700000,2012+ TIC classification
2023-10-01,Post-AHP 2023M10-present,Canada,281.500000,0.0376503003,7476.700000,2012+ TIC classification
2023-10-01,Post-AHP 2023M10-present,United Kingdom,630.000000,0.0842617732,7476.700000,2012+ TIC classification
2023-10-01,Post-AHP 2023M10-present,Mainland China,769.600000,0.1029331122,7476.700000,2012+ TIC classification
2023-10-01,Post-AHP 2023M10-present,Japan,1098.200000,0.1468829831,7476.700000,2012+ TIC classification
2023-11-01,Post-AHP 2023M10-present,All other foreign,2210.600000,0.2864844550,7716.300000,2012+ TIC classification
2023-11-01,Post-AHP 2023M10-present,EU-27 (identifiable),1567.800000,0.2031802807,7716.300000,2012+ TIC classification
2023-11-01,Post-AHP 2023M10-present,Middle East (reported/bridge),295.100000,0.0382437178,7716.300000,2012+ TIC classification
2023-11-01,Post-AHP 2023M10-present,Four Asian dragons,761.300000,0.0986612755,7716.300000,2012+ TIC classification
2023-11-01,Post-AHP 2023M10-present,Canada,321.200000,0.0416261680,7716.300000,2012+ TIC classification
2023-11-01,Post-AHP 2023M10-present,United Kingdom,650.800000,0.0843409406,7716.300000,2012+ TIC classification
2023-11-01,Post-AHP 2023M10-present,Mainland China,782.000000,0.1013439083,7716.300000,2012+ TIC classification
2023-11-01,Post-AHP 2023M10-present,Japan,1127.500000,0.1461192540,7716.300000,2012+ TIC classification
2023-12-01,Post-AHP 2023M10-present,All other foreign,2270.800000,0.2859949622,7940.000000,2012+ TIC classification
2023-12-01,Post-AHP 2023M10-present,EU-27 (identifiable),1596.300000,0.2010453401,7940.000000,2012+ TIC classification
2023-12-01,Post-AHP 2023M10-present,Middle East (reported/bridge),299.000000,0.0376574307,7940.000000,2012+ TIC classification
2023-12-01,Post-AHP 2023M10-present,Four Asian dragons,805.200000,0.1014105793,7940.000000,2012+ TIC classification
2023-12-01,Post-AHP 2023M10-present,Canada,348.500000,0.0438916877,7940.000000,2012+ TIC classification
2023-12-01,Post-AHP 2023M10-present,United Kingdom,688.600000,0.0867254408,7940.000000,2012+ TIC classification
2023-12-01,Post-AHP 2023M10-present,Mainland China,816.300000,0.1028085642,7940.000000,2012+ TIC classification
2023-12-01,Post-AHP 2023M10-present,Japan,1115.300000,0.1404659950,7940.000000,2012+ TIC classification
2024-01-01,Post-AHP 2023M10-present,All other foreign,2272.600000,0.2857250622,7953.800000,2012+ TIC classification
2024-01-01,Post-AHP 2023M10-present,EU-27 (identifiable),1587.000000,0.1995272700,7953.800000,2012+ TIC classification
2024-01-01,Post-AHP 2023M10-present,Middle East (reported/bridge),296.500000,0.0372777792,7953.800000,2012+ TIC classification
2024-01-01,Post-AHP 2023M10-present,Four Asian dragons,806.300000,0.1013729287,7953.800000,2012+ TIC classification
2024-01-01,Post-AHP 2023M10-present,Canada,351.300000,0.0441675677,7953.800000,2012+ TIC classification
2024-01-01,Post-AHP 2023M10-present,United Kingdom,701.800000,0.0882345546,7953.800000,2012+ TIC classification
2024-01-01,Post-AHP 2023M10-present,Mainland China,797.700000,0.1002916845,7953.800000,2012+ TIC classification
2024-01-01,Post-AHP 2023M10-present,Japan,1140.600000,0.1434031532,7953.800000,2012+ TIC classification
2024-02-01,Post-AHP 2023M10-present,All other foreign,2263.400000,0.2829497581,7999.300000,2012+ TIC classification
2024-02-01,Post-AHP 2023M10-present,EU-27 (identifiable),1640.800000,0.2051179478,7999.300000,2012+ TIC classification
2024-02-01,Post-AHP 2023M10-present,Middle East (reported/bridge),304.000000,0.0380033253,7999.300000,2012+ TIC classification
2024-02-01,Post-AHP 2023M10-present,Four Asian dragons,791.700000,0.0989711600,7999.300000,2012+ TIC classification
2024-02-01,Post-AHP 2023M10-present,Canada,365.300000,0.0456664958,7999.300000,2012+ TIC classification
2024-02-01,Post-AHP 2023M10-present,United Kingdom,711.500000,0.0889452827,7999.300000,2012+ TIC classification
2024-02-01,Post-AHP 2023M10-present,Mainland China,775.000000,0.0968834773,7999.300000,2012+ TIC classification
2024-02-01,Post-AHP 2023M10-present,Japan,1147.600000,0.1434625530,7999.300000,2012+ TIC classification
2024-03-01,Post-AHP 2023M10-present,All other foreign,2321.600000,0.2863380160,8107.900000,2012+ TIC classification
2024-03-01,Post-AHP 2023M10-present,EU-27 (identifiable),1647.900000,0.2032462167,8107.900000,2012+ TIC classification
2024-03-01,Post-AHP 2023M10-present,Middle East (reported/bridge),311.600000,0.0384316531,8107.900000,2012+ TIC classification
2024-03-01,Post-AHP 2023M10-present,Four Asian dragons,786.600000,0.0970164901,8107.900000,2012+ TIC classification
2024-03-01,Post-AHP 2023M10-present,Canada,369.400000,0.0455605027,8107.900000,2012+ TIC classification
2024-03-01,Post-AHP 2023M10-present,United Kingdom,736.400000,0.0908249978,8107.900000,2012+ TIC classification
2024-03-01,Post-AHP 2023M10-present,Mainland China,767.400000,0.0946484293,8107.900000,2012+ TIC classification
2024-03-01,Post-AHP 2023M10-present,Japan,1167.000000,0.1439336943,8107.900000,2012+ TIC classification
2024-04-01,Post-AHP 2023M10-present,All other foreign,2324.200000,0.2892162963,8036.200000,2012+ TIC classification
2024-04-01,Post-AHP 2023M10-present,EU-27 (identifiable),1640.800000,0.2041761031,8036.200000,2012+ TIC classification
2024-04-01,Post-AHP 2023M10-present,Middle East (reported/bridge),310.000000,0.0385754461,8036.200000,2012+ TIC classification
2024-04-01,Post-AHP 2023M10-present,Four Asian dragons,808.200000,0.1005699211,8036.200000,2012+ TIC classification
2024-04-01,Post-AHP 2023M10-present,Canada,341.600000,0.0425076529,8036.200000,2012+ TIC classification
2024-04-01,Post-AHP 2023M10-present,United Kingdom,714.600000,0.0889226251,8036.200000,2012+ TIC classification
2024-04-01,Post-AHP 2023M10-present,Mainland China,770.700000,0.0959035365,8036.200000,2012+ TIC classification
2024-04-01,Post-AHP 2023M10-present,Japan,1126.100000,0.1401284189,8036.200000,2012+ TIC classification
2024-05-01,Post-AHP 2023M10-present,All other foreign,2364.400000,0.2907990702,8130.700000,2012+ TIC classification
2024-05-01,Post-AHP 2023M10-present,EU-27 (identifiable),1670.400000,0.2054435657,8130.700000,2012+ TIC classification
2024-05-01,Post-AHP 2023M10-present,Middle East (reported/bridge),317.500000,0.0390495283,8130.700000,2012+ TIC classification
2024-05-01,Post-AHP 2023M10-present,Four Asian dragons,819.200000,0.1007539326,8130.700000,2012+ TIC classification
2024-05-01,Post-AHP 2023M10-present,Canada,356.300000,0.0438215652,8130.700000,2012+ TIC classification
2024-05-01,Post-AHP 2023M10-present,United Kingdom,728.600000,0.0896109806,8130.700000,2012+ TIC classification
2024-05-01,Post-AHP 2023M10-present,Mainland China,768.300000,0.0944937090,8130.700000,2012+ TIC classification
2024-05-01,Post-AHP 2023M10-present,Japan,1106.000000,0.1360276483,8130.700000,2012+ TIC classification
2024-06-01,Post-AHP 2023M10-present,All other foreign,2445.300000,0.2946393069,8299.300000,2012+ TIC classification
2024-06-01,Post-AHP 2023M10-present,EU-27 (identifiable),1710.300000,0.2060776210,8299.300000,2012+ TIC classification
2024-06-01,Post-AHP 2023M10-present,Middle East (reported/bridge),326.400000,0.0393286181,8299.300000,2012+ TIC classification
2024-06-01,Post-AHP 2023M10-present,Four Asian dragons,826.700000,0.0996108106,8299.300000,2012+ TIC classification
2024-06-01,Post-AHP 2023M10-present,Canada,372.500000,0.0448833034,8299.300000,2012+ TIC classification
2024-06-01,Post-AHP 2023M10-present,United Kingdom,746.500000,0.0899473450,8299.300000,2012+ TIC classification
2024-06-01,Post-AHP 2023M10-present,Mainland China,780.200000,0.0940079284,8299.300000,2012+ TIC classification
2024-06-01,Post-AHP 2023M10-present,Japan,1091.400000,0.1315050667,8299.300000,2012+ TIC classification
2024-07-01,Post-AHP 2023M10-present,All other foreign,2517.700000,0.2987233336,8428.200000,2012+ TIC classification
2024-07-01,Post-AHP 2023M10-present,EU-27 (identifiable),1732.500000,0.2055599060,8428.200000,2012+ TIC classification
2024-07-01,Post-AHP 2023M10-present,Middle East (reported/bridge),330.400000,0.0392017275,8428.200000,2012+ TIC classification
2024-07-01,Post-AHP 2023M10-present,Four Asian dragons,868.800000,0.1030825087,8428.200000,2012+ TIC classification
2024-07-01,Post-AHP 2023M10-present,Canada,375.300000,0.0445290809,8428.200000,2012+ TIC classification
2024-07-01,Post-AHP 2023M10-present,United Kingdom,733.500000,0.0870292589,8428.200000,2012+ TIC classification
2024-07-01,Post-AHP 2023M10-present,Mainland China,776.500000,0.0921311787,8428.200000,2012+ TIC classification
2024-07-01,Post-AHP 2023M10-present,Japan,1093.500000,0.1297430056,8428.200000,2012+ TIC classification
2024-08-01,Post-AHP 2023M10-present,All other foreign,2608.400000,0.3029008059,8611.400000,2012+ TIC classification
2024-08-01,Post-AHP 2023M10-present,EU-27 (identifiable),1778.500000,0.2065285552,8611.400000,2012+ TIC classification
2024-08-01,Post-AHP 2023M10-present,Middle East (reported/bridge),342.900000,0.0398193093,8611.400000,2012+ TIC classification
2024-08-01,Post-AHP 2023M10-present,Four Asian dragons,888.900000,0.1032236338,8611.400000,2012+ TIC classification
2024-08-01,Post-AHP 2023M10-present,Canada,362.900000,0.0421418120,8611.400000,2012+ TIC classification
2024-08-01,Post-AHP 2023M10-present,United Kingdom,749.200000,0.0870009522,8611.400000,2012+ TIC classification
2024-08-01,Post-AHP 2023M10-present,Mainland China,774.600000,0.0899505307,8611.400000,2012+ TIC classification
2024-08-01,Post-AHP 2023M10-present,Japan,1106.000000,0.1284344009,8611.400000,2012+ TIC classification
2024-09-01,Post-AHP 2023M10-present,All other foreign,2637.500000,0.3008680971,8766.300000,2012+ TIC classification
2024-09-01,Post-AHP 2023M10-present,EU-27 (identifiable),1875.100000,0.2138986802,8766.300000,2012+ TIC classification
2024-09-01,Post-AHP 2023M10-present,Middle East (reported/bridge),343.100000,0.0391385191,8766.300000,2012+ TIC classification
2024-09-01,Post-AHP 2023M10-present,Four Asian dragons,905.900000,0.1033389229,8766.300000,2012+ TIC classification
2024-09-01,Post-AHP 2023M10-present,Canada,367.900000,0.0419675348,8766.300000,2012+ TIC classification
2024-09-01,Post-AHP 2023M10-present,United Kingdom,769.300000,0.0877565221,8766.300000,2012+ TIC classification
2024-09-01,Post-AHP 2023M10-present,Mainland China,772.000000,0.0880645198,8766.300000,2012+ TIC classification
2024-09-01,Post-AHP 2023M10-present,Japan,1095.500000,0.1249672040,8766.300000,2012+ TIC classification
2024-10-01,Post-AHP 2023M10-present,All other foreign,2614.700000,0.3007649393,8693.500000,2012+ TIC classification
2024-10-01,Post-AHP 2023M10-present,EU-27 (identifiable),1837.000000,0.2113072986,8693.500000,2012+ TIC classification
2024-10-01,Post-AHP 2023M10-present,Middle East (reported/bridge),348.300000,0.0400644159,8693.500000,2012+ TIC classification
2024-10-01,Post-AHP 2023M10-present,Four Asian dragons,921.700000,0.1060217404,8693.500000,2012+ TIC classification
2024-10-01,Post-AHP 2023M10-present,Canada,363.700000,0.0418358544,8693.500000,2012+ TIC classification
2024-10-01,Post-AHP 2023M10-present,United Kingdom,746.500000,0.0858687525,8693.500000,2012+ TIC classification
2024-10-01,Post-AHP 2023M10-present,Mainland China,760.100000,0.0874331397,8693.500000,2012+ TIC classification
2024-10-01,Post-AHP 2023M10-present,Japan,1101.500000,0.1267038592,8693.500000,2012+ TIC classification
2024-11-01,Post-AHP 2023M10-present,All other foreign,2583.200000,0.2961264659,8723.300000,2012+ TIC classification
2024-11-01,Post-AHP 2023M10-present,EU-27 (identifiable),1866.200000,0.2139328007,8723.300000,2012+ TIC classification
2024-11-01,Post-AHP 2023M10-present,Middle East (reported/bridge),347.400000,0.0398243784,8723.300000,2012+ TIC classification
2024-11-01,Post-AHP 2023M10-present,Four Asian dragons,931.500000,0.1067829835,8723.300000,2012+ TIC classification
2024-11-01,Post-AHP 2023M10-present,Canada,372.400000,0.0426902663,8723.300000,2012+ TIC classification
2024-11-01,Post-AHP 2023M10-present,United Kingdom,766.900000,0.0879139775,8723.300000,2012+ TIC classification
2024-11-01,Post-AHP 2023M10-present,Mainland China,768.600000,0.0881088579,8723.300000,2012+ TIC classification
2024-11-01,Post-AHP 2023M10-present,Japan,1087.100000,0.1246202699,8723.300000,2012+ TIC classification
2024-12-01,Post-AHP 2023M10-present,All other foreign,2562.200000,0.2972631188,8619.300000,2012+ TIC classification
2024-12-01,Post-AHP 2023M10-present,EU-27 (identifiable),1866.800000,0.2165837133,8619.300000,2012+ TIC classification
2024-12-01,Post-AHP 2023M10-present,Middle East (reported/bridge),347.000000,0.0402584897,8619.300000,2012+ TIC classification
2024-12-01,Post-AHP 2023M10-present,Four Asian dragons,921.200000,0.1068764285,8619.300000,2012+ TIC classification
2024-12-01,Post-AHP 2023M10-present,Canada,378.800000,0.0439478844,8619.300000,2012+ TIC classification
2024-12-01,Post-AHP 2023M10-present,United Kingdom,722.800000,0.0838583180,8619.300000,2012+ TIC classification
2024-12-01,Post-AHP 2023M10-present,Mainland China,759.000000,0.0880581950,8619.300000,2012+ TIC classification
2024-12-01,Post-AHP 2023M10-present,Japan,1061.500000,0.1231538524,8619.300000,2012+ TIC classification
2025-01-01,Post-AHP 2023M10-present,All other foreign,2547.000000,0.2955510687,8617.800000,2012+ TIC classification
2025-01-01,Post-AHP 2023M10-present,EU-27 (identifiable),1858.200000,0.2156234770,8617.800000,2012+ TIC classification
2025-01-01,Post-AHP 2023M10-present,Middle East (reported/bridge),357.100000,0.0414374898,8617.800000,2012+ TIC classification
2025-01-01,Post-AHP 2023M10-present,Four Asian dragons,924.400000,0.1072663557,8617.800000,2012+ TIC classification
2025-01-01,Post-AHP 2023M10-present,Canada,350.800000,0.0407064448,8617.800000,2012+ TIC classification
2025-01-01,Post-AHP 2023M10-present,United Kingdom,740.200000,0.0858919910,8617.800000,2012+ TIC classification
2025-01-01,Post-AHP 2023M10-present,Mainland China,760.800000,0.0882823923,8617.800000,2012+ TIC classification
2025-01-01,Post-AHP 2023M10-present,Japan,1079.300000,0.1252407807,8617.800000,2012+ TIC classification
2025-02-01,Post-AHP 2023M10-present,All other foreign,2566.000000,0.2883146067,8900.000000,2012+ TIC classification
2025-02-01,Post-AHP 2023M10-present,EU-27 (identifiable),1915.800000,0.2152584270,8900.000000,2012+ TIC classification
2025-02-01,Post-AHP 2023M10-present,Middle East (reported/bridge),387.000000,0.0434831461,8900.000000,2012+ TIC classification
2025-02-01,Post-AHP 2023M10-present,Four Asian dragons,964.600000,0.1083820225,8900.000000,2012+ TIC classification
2025-02-01,Post-AHP 2023M10-present,Canada,406.100000,0.0456292135,8900.000000,2012+ TIC classification
2025-02-01,Post-AHP 2023M10-present,United Kingdom,750.300000,0.0843033708,8900.000000,2012+ TIC classification
2025-02-01,Post-AHP 2023M10-present,Mainland China,784.300000,0.0881235955,8900.000000,2012+ TIC classification
2025-02-01,Post-AHP 2023M10-present,Japan,1125.900000,0.1265056180,8900.000000,2012+ TIC classification
2025-03-01,Post-AHP 2023M10-present,All other foreign,2668.700000,0.2947471891,9054.200000,2012+ TIC classification
2025-03-01,Post-AHP 2023M10-present,EU-27 (identifiable),1943.100000,0.2146075854,9054.200000,2012+ TIC classification
2025-03-01,Post-AHP 2023M10-present,Middle East (reported/bridge),381.100000,0.0420909633,9054.200000,2012+ TIC classification
2025-03-01,Post-AHP 2023M10-present,Four Asian dragons,959.600000,0.1059839632,9054.200000,2012+ TIC classification
2025-03-01,Post-AHP 2023M10-present,Canada,426.200000,0.0470720770,9054.200000,2012+ TIC classification
2025-03-01,Post-AHP 2023M10-present,United Kingdom,779.300000,0.0860705529,9054.200000,2012+ TIC classification
2025-03-01,Post-AHP 2023M10-present,Mainland China,765.400000,0.0845353538,9054.200000,2012+ TIC classification
2025-03-01,Post-AHP 2023M10-present,Japan,1130.800000,0.1248923152,9054.200000,2012+ TIC classification
2025-04-01,Post-AHP 2023M10-present,All other foreign,2657.600000,0.2952560827,9001.000000,2012+ TIC classification
2025-04-01,Post-AHP 2023M10-present,EU-27 (identifiable),1962.900000,0.2180757694,9001.000000,2012+ TIC classification
2025-04-01,Post-AHP 2023M10-present,Middle East (reported/bridge),398.300000,0.0442506388,9001.000000,2012+ TIC classification
2025-04-01,Post-AHP 2023M10-present,Four Asian dragons,928.000000,0.1030996556,9001.000000,2012+ TIC classification
2025-04-01,Post-AHP 2023M10-present,Canada,368.400000,0.0409287857,9001.000000,2012+ TIC classification
2025-04-01,Post-AHP 2023M10-present,United Kingdom,807.700000,0.0897344739,9001.000000,2012+ TIC classification
2025-04-01,Post-AHP 2023M10-present,Mainland China,743.600000,0.0826130430,9001.000000,2012+ TIC classification
2025-04-01,Post-AHP 2023M10-present,Japan,1134.500000,0.1260415509,9001.000000,2012+ TIC classification
2025-05-01,Post-AHP 2023M10-present,All other foreign,2642.900000,0.2928907852,9023.500000,2012+ TIC classification
2025-05-01,Post-AHP 2023M10-present,EU-27 (identifiable),1953.400000,0.2164791932,9023.500000,2012+ TIC classification
2025-05-01,Post-AHP 2023M10-present,Middle East (reported/bridge),389.100000,0.0431207403,9023.500000,2012+ TIC classification
2025-05-01,Post-AHP 2023M10-present,Four Asian dragons,930.900000,0.1031639608,9023.500000,2012+ TIC classification
2025-05-01,Post-AHP 2023M10-present,Canada,430.100000,0.0476644318,9023.500000,2012+ TIC classification
2025-05-01,Post-AHP 2023M10-present,United Kingdom,809.400000,0.0896991190,9023.500000,2012+ TIC classification
2025-05-01,Post-AHP 2023M10-present,Mainland China,732.700000,0.0811990913,9023.500000,2012+ TIC classification
2025-05-01,Post-AHP 2023M10-present,Japan,1135.000000,0.1257826786,9023.500000,2012+ TIC classification
2025-06-01,Post-AHP 2023M10-present,All other foreign,2659.200000,0.2924254421,9093.600000,2012+ TIC classification
2025-06-01,Post-AHP 2023M10-present,EU-27 (identifiable),1938.000000,0.2131169174,9093.600000,2012+ TIC classification
2025-06-01,Post-AHP 2023M10-present,Middle East (reported/bridge),386.700000,0.0425244128,9093.600000,2012+ TIC classification
2025-06-01,Post-AHP 2023M10-present,Four Asian dragons,929.000000,0.1021597607,9093.600000,2012+ TIC classification
2025-06-01,Post-AHP 2023M10-present,Canada,438.900000,0.0482647136,9093.600000,2012+ TIC classification
2025-06-01,Post-AHP 2023M10-present,United Kingdom,855.600000,0.0940881499,9093.600000,2012+ TIC classification
2025-06-01,Post-AHP 2023M10-present,Mainland China,731.400000,0.0804301927,9093.600000,2012+ TIC classification
2025-06-01,Post-AHP 2023M10-present,Japan,1154.800000,0.1269904108,9093.600000,2012+ TIC classification
2025-07-01,Post-AHP 2023M10-present,All other foreign,2653.400000,0.2912783358,9109.500000,2012+ TIC classification
2025-07-01,Post-AHP 2023M10-present,EU-27 (identifiable),1986.500000,0.2180690488,9109.500000,2012+ TIC classification
2025-07-01,Post-AHP 2023M10-present,Middle East (reported/bridge),399.900000,0.0438992261,9109.500000,2012+ TIC classification
2025-07-01,Post-AHP 2023M10-present,Four Asian dragons,941.000000,0.1032987540,9109.500000,2012+ TIC classification
2025-07-01,Post-AHP 2023M10-present,Canada,381.800000,0.0419122894,9109.500000,2012+ TIC classification
2025-07-01,Post-AHP 2023M10-present,United Kingdom,895.900000,0.0983478786,9109.500000,2012+ TIC classification
2025-07-01,Post-AHP 2023M10-present,Mainland China,695.600000,0.0763598441,9109.500000,2012+ TIC classification
2025-07-01,Post-AHP 2023M10-present,Japan,1155.400000,0.1268346232,9109.500000,2012+ TIC classification
2025-08-01,Post-AHP 2023M10-present,All other foreign,2635.000000,0.2849203088,9248.200000,2012+ TIC classification
2025-08-01,Post-AHP 2023M10-present,EU-27 (identifiable),2021.200000,0.2185506369,9248.200000,2012+ TIC classification
2025-08-01,Post-AHP 2023M10-present,Middle East (reported/bridge),401.000000,0.0433597889,9248.200000,2012+ TIC classification
2025-08-01,Post-AHP 2023M10-present,Four Asian dragons,962.100000,0.1040310547,9248.200000,2012+ TIC classification
2025-08-01,Post-AHP 2023M10-present,Canada,444.000000,0.0480093424,9248.200000,2012+ TIC classification
2025-08-01,Post-AHP 2023M10-present,United Kingdom,901.300000,0.0974568024,9248.200000,2012+ TIC classification
2025-08-01,Post-AHP 2023M10-present,Mainland China,699.700000,0.0756579659,9248.200000,2012+ TIC classification
2025-08-01,Post-AHP 2023M10-present,Japan,1183.900000,0.1280141000,9248.200000,2012+ TIC classification
2025-09-01,Post-AHP 2023M10-present,All other foreign,2626.900000,0.2843734777,9237.500000,2012+ TIC classification
2025-09-01,Post-AHP 2023M10-present,EU-27 (identifiable),2028.600000,0.2196048714,9237.500000,2012+ TIC classification
2025-09-01,Post-AHP 2023M10-present,Middle East (reported/bridge),402.200000,0.0435399188,9237.500000,2012+ TIC classification
2025-09-01,Post-AHP 2023M10-present,Four Asian dragons,952.700000,0.1031339648,9237.500000,2012+ TIC classification
2025-09-01,Post-AHP 2023M10-present,Canada,476.100000,0.0515399188,9237.500000,2012+ TIC classification
2025-09-01,Post-AHP 2023M10-present,United Kingdom,862.500000,0.0933694181,9237.500000,2012+ TIC classification
2025-09-01,Post-AHP 2023M10-present,Mainland China,699.200000,0.0756914750,9237.500000,2012+ TIC classification
2025-09-01,Post-AHP 2023M10-present,Japan,1189.300000,0.1287469553,9237.500000,2012+ TIC classification
2025-10-01,Post-AHP 2023M10-present,All other foreign,2594.000000,0.2810248632,9230.500000,2012+ TIC classification
2025-10-01,Post-AHP 2023M10-present,EU-27 (identifiable),2061.400000,0.2233248470,9230.500000,2012+ TIC classification
2025-10-01,Post-AHP 2023M10-present,Middle East (reported/bridge),414.300000,0.0448838091,9230.500000,2012+ TIC classification
2025-10-01,Post-AHP 2023M10-present,Four Asian dragons,978.700000,0.1060289258,9230.500000,2012+ TIC classification
2025-10-01,Post-AHP 2023M10-present,Canada,419.000000,0.0453929906,9230.500000,2012+ TIC classification
2025-10-01,Post-AHP 2023M10-present,United Kingdom,875.400000,0.0948377661,9230.500000,2012+ TIC classification
2025-10-01,Post-AHP 2023M10-present,Mainland China,687.700000,0.0745030063,9230.500000,2012+ TIC classification
2025-10-01,Post-AHP 2023M10-present,Japan,1200.000000,0.1300037918,9230.500000,2012+ TIC classification
2025-11-01,Post-AHP 2023M10-present,All other foreign,2630.100000,0.2813061521,9349.600000,2012+ TIC classification
2025-11-01,Post-AHP 2023M10-present,EU-27 (identifiable),2068.900000,0.2212821939,9349.600000,2012+ TIC classification
2025-11-01,Post-AHP 2023M10-present,Middle East (reported/bridge),425.000000,0.0454564901,9349.600000,2012+ TIC classification
2025-11-01,Post-AHP 2023M10-present,Four Asian dragons,986.800000,0.1055446222,9349.600000,2012+ TIC classification
2025-11-01,Post-AHP 2023M10-present,Canada,472.400000,0.0505262257,9349.600000,2012+ TIC classification
2025-11-01,Post-AHP 2023M10-present,United Kingdom,879.800000,0.0941002824,9349.600000,2012+ TIC classification
2025-11-01,Post-AHP 2023M10-present,Mainland China,683.900000,0.0731475143,9349.600000,2012+ TIC classification
2025-11-01,Post-AHP 2023M10-present,Japan,1202.700000,0.1286365192,9349.600000,2012+ TIC classification
2025-12-01,Post-AHP 2023M10-present,All other foreign,2612.600000,0.2818490749,9269.500000,2012+ TIC classification
2025-12-01,Post-AHP 2023M10-present,EU-27 (identifiable),2040.600000,0.2201413237,9269.500000,2012+ TIC classification
2025-12-01,Post-AHP 2023M10-present,Middle East (reported/bridge),417.000000,0.0449862452,9269.500000,2012+ TIC classification
2025-12-01,Post-AHP 2023M10-present,Four Asian dragons,998.000000,0.1076649226,9269.500000,2012+ TIC classification
2025-12-01,Post-AHP 2023M10-present,Canada,468.300000,0.0505205243,9269.500000,2012+ TIC classification
2025-12-01,Post-AHP 2023M10-present,United Kingdom,863.100000,0.0931118183,9269.500000,2012+ TIC classification
2025-12-01,Post-AHP 2023M10-present,Mainland China,684.400000,0.0738335401,9269.500000,2012+ TIC classification
2025-12-01,Post-AHP 2023M10-present,Japan,1185.500000,0.1278925508,9269.500000,2012+ TIC classification
2026-01-01,Post-AHP 2023M10-present,All other foreign,3131.000000,0.3369819078,9291.300000,2012+ TIC classification
2026-01-01,Post-AHP 2023M10-present,EU-27 (identifiable),1619.800000,0.1743351307,9291.300000,2012+ TIC classification
2026-01-01,Post-AHP 2023M10-present,Middle East (reported/bridge),361.900000,0.0389504160,9291.300000,2012+ TIC classification
2026-01-01,Post-AHP 2023M10-present,Four Asian dragons,982.400000,0.1057333204,9291.300000,2012+ TIC classification
2026-01-01,Post-AHP 2023M10-present,Canada,395.800000,0.0425989905,9291.300000,2012+ TIC classification
2026-01-01,Post-AHP 2023M10-present,United Kingdom,879.800000,0.0946907322,9291.300000,2012+ TIC classification
2026-01-01,Post-AHP 2023M10-present,Mainland China,695.300000,0.0748334463,9291.300000,2012+ TIC classification
2026-01-01,Post-AHP 2023M10-present,Japan,1225.300000,0.1318760561,9291.300000,2012+ TIC classification
2026-02-01,Post-AHP 2023M10-present,All other foreign,3170.800000,0.3341412523,9489.400000,2012+ TIC classification
2026-02-01,Post-AHP 2023M10-present,EU-27 (identifiable),1646.600000,0.1735199275,9489.400000,2012+ TIC classification
2026-02-01,Post-AHP 2023M10-present,Middle East (reported/bridge),391.200000,0.0412249457,9489.400000,2012+ TIC classification
2026-02-01,Post-AHP 2023M10-present,Four Asian dragons,1003.600000,0.1057601113,9489.400000,2012+ TIC classification
2026-02-01,Post-AHP 2023M10-present,Canada,446.400000,0.0470419626,9489.400000,2012+ TIC classification
2026-02-01,Post-AHP 2023M10-present,United Kingdom,897.300000,0.0945581386,9489.400000,2012+ TIC classification
2026-02-01,Post-AHP 2023M10-present,Mainland China,694.200000,0.0731553101,9489.400000,2012+ TIC classification
2026-02-01,Post-AHP 2023M10-present,Japan,1239.300000,0.1305983518,9489.400000,2012+ TIC classification
2026-03-01,Post-AHP 2023M10-present,All other foreign,3147.000000,0.3363976483,9355.000000,2012+ TIC classification
2026-03-01,Post-AHP 2023M10-present,EU-27 (identifiable),1635.300000,0.1748049172,9355.000000,2012+ TIC classification
2026-03-01,Post-AHP 2023M10-present,Middle East (reported/bridge),370.900000,0.0396472475,9355.000000,2012+ TIC classification
2026-03-01,Post-AHP 2023M10-present,Four Asian dragons,990.200000,0.1058471406,9355.000000,2012+ TIC classification
2026-03-01,Post-AHP 2023M10-present,Canada,439.600000,0.0469909139,9355.000000,2012+ TIC classification
2026-03-01,Post-AHP 2023M10-present,United Kingdom,927.100000,0.0991020844,9355.000000,2012+ TIC classification
2026-03-01,Post-AHP 2023M10-present,Mainland China,653.300000,0.0698343132,9355.000000,2012+ TIC classification
2026-03-01,Post-AHP 2023M10-present,Japan,1191.600000,0.1273757349,9355.000000,2012+ TIC classification
2026-04-01,Post-AHP 2023M10-present,All other foreign,3178.700000,0.3398734042,9352.600000,2012+ TIC classification
2026-04-01,Post-AHP 2023M10-present,EU-27 (identifiable),1629.600000,0.1742403182,9352.600000,2012+ TIC classification
2026-04-01,Post-AHP 2023M10-present,Middle East (reported/bridge),366.000000,0.0391335030,9352.600000,2012+ TIC classification
2026-04-01,Post-AHP 2023M10-present,Four Asian dragons,982.700000,0.1050723863,9352.600000,2012+ TIC classification
2026-04-01,Post-AHP 2023M10-present,Canada,397.100000,0.0424587815,9352.600000,2012+ TIC classification
2026-04-01,Post-AHP 2023M10-present,United Kingdom,937.500000,0.1002395056,9352.600000,2012+ TIC classification
2026-04-01,Post-AHP 2023M10-present,Mainland China,651.100000,0.0696170049,9352.600000,2012+ TIC classification
2026-04-01,Post-AHP 2023M10-present,Japan,1209.900000,0.1293650963,9352.600000,2012+ TIC classification
2026-05-01,Post-AHP 2023M10-present,All other foreign,3161.300000,0.3373456691,9371.100000,2012+ TIC classification
2026-05-01,Post-AHP 2023M10-present,EU-27 (identifiable),1658.300000,0.1769589483,9371.100000,2012+ TIC classification
2026-05-01,Post-AHP 2023M10-present,Middle East (reported/bridge),376.500000,0.0401767135,9371.100000,2012+ TIC classification
2026-05-01,Post-AHP 2023M10-present,Four Asian dragons,988.200000,0.1054518680,9371.100000,2012+ TIC classification
2026-05-01,Post-AHP 2023M10-present,Canada,435.800000,0.0465046793,9371.100000,2012+ TIC classification
2026-05-01,Post-AHP 2023M10-present,United Kingdom,948.600000,0.1012261101,9371.100000,2012+ TIC classification
2026-05-01,Post-AHP 2023M10-present,Mainland China,659.300000,0.0703546008,9371.100000,2012+ TIC classification
2026-05-01,Post-AHP 2023M10-present,Japan,1143.100000,0.1219814109,9371.100000,2012+ TIC classification
2026-06-01,Post-AHP 2023M10-present,All other foreign,3143.700000,0.3380686095,9299.000000,2012+ TIC classification
2026-06-01,Post-AHP 2023M10-present,EU-27 (identifiable),1660.100000,0.1785245725,9299.000000,2012+ TIC classification
2026-06-01,Post-AHP 2023M10-present,Middle East (reported/bridge),368.200000,0.0395956554,9299.000000,2012+ TIC classification
2026-06-01,Post-AHP 2023M10-present,Four Asian dragons,977.400000,0.1051080761,9299.000000,2012+ TIC classification
2026-06-01,Post-AHP 2023M10-present,Canada,459.600000,0.0494246693,9299.000000,2012+ TIC classification
2026-06-01,Post-AHP 2023M10-present,United Kingdom,939.900000,0.1010753844,9299.000000,2012+ TIC classification
2026-06-01,Post-AHP 2023M10-present,Mainland China,633.400000,0.0681148511,9299.000000,2012+ TIC classification
2026-06-01,Post-AHP 2023M10-present,Japan,1116.700000,0.1200881815,9299.000000,2012+ TIC classification
