date,AHP_period,foreign_group,value_usd_billions,share_of_foreign_total,foreign_total_usd_billions,classification
2000-03-01,2000M03-2001M12,All other foreign,498.500000,0.3981311397,1252.100000,Stable panel of economies reported in every month
2000-03-01,2000M03-2001M12,South Korea,27.100000,0.0216436387,1252.100000,Stable panel of economies reported in every month
2000-03-01,2000M03-2001M12,Singapore,30.900000,0.0246785401,1252.100000,Stable panel of economies reported in every month
2000-03-01,2000M03-2001M12,Taiwan,29.400000,0.0234805527,1252.100000,Stable panel of economies reported in every month
2000-03-01,2000M03-2001M12,Hong Kong,45.300000,0.0361792189,1252.100000,Stable panel of economies reported in every month
2000-03-01,2000M03-2001M12,United Kingdom,235.700000,0.1882437505,1252.100000,Stable panel of economies reported in every month
2000-03-01,2000M03-2001M12,Mainland China,59.400000,0.0474403003,1252.100000,Stable panel of economies reported in every month
2000-03-01,2000M03-2001M12,Japan,325.800000,0.2602028592,1252.100000,Stable panel of economies reported in every month
2000-04-01,2000M03-2001M12,All other foreign,476.600000,0.4376894113,1088.900000,Stable panel of economies reported in every month
2000-04-01,2000M03-2001M12,South Korea,25.000000,0.0229589494,1088.900000,Stable panel of economies reported in every month
2000-04-01,2000M03-2001M12,Singapore,33.200000,0.0304894848,1088.900000,Stable panel of economies reported in every month
2000-04-01,2000M03-2001M12,Taiwan,44.000000,0.0404077509,1088.900000,Stable panel of economies reported in every month
2000-04-01,2000M03-2001M12,Hong Kong,38.300000,0.0351731105,1088.900000,Stable panel of economies reported in every month
2000-04-01,2000M03-2001M12,United Kingdom,77.700000,0.0713564147,1088.900000,Stable panel of economies reported in every month
2000-04-01,2000M03-2001M12,Mainland China,71.700000,0.0658462669,1088.900000,Stable panel of economies reported in every month
2000-04-01,2000M03-2001M12,Japan,322.400000,0.2960786114,1088.900000,Stable panel of economies reported in every month
2000-05-01,2000M03-2001M12,All other foreign,463.500000,0.4322887521,1072.200000,Stable panel of economies reported in every month
2000-05-01,2000M03-2001M12,South Korea,25.800000,0.0240626749,1072.200000,Stable panel of economies reported in every month
2000-05-01,2000M03-2001M12,Singapore,32.800000,0.0305913076,1072.200000,Stable panel of economies reported in every month
2000-05-01,2000M03-2001M12,Taiwan,42.100000,0.0392650625,1072.200000,Stable panel of economies reported in every month
2000-05-01,2000M03-2001M12,Hong Kong,38.600000,0.0360007461,1072.200000,Stable panel of economies reported in every month
2000-05-01,2000M03-2001M12,United Kingdom,77.500000,0.0722812908,1072.200000,Stable panel of economies reported in every month
2000-05-01,2000M03-2001M12,Mainland China,72.500000,0.0676179817,1072.200000,Stable panel of economies reported in every month
2000-05-01,2000M03-2001M12,Japan,319.400000,0.2978921843,1072.200000,Stable panel of economies reported in every month
2000-06-01,2000M03-2001M12,All other foreign,462.900000,0.4364099180,1060.700000,Stable panel of economies reported in every month
2000-06-01,2000M03-2001M12,South Korea,28.900000,0.0272461582,1060.700000,Stable panel of economies reported in every month
2000-06-01,2000M03-2001M12,Singapore,34.000000,0.0320543038,1060.700000,Stable panel of economies reported in every month
2000-06-01,2000M03-2001M12,Taiwan,41.900000,0.0395022155,1060.700000,Stable panel of economies reported in every month
2000-06-01,2000M03-2001M12,Hong Kong,38.600000,0.0363910625,1060.700000,Stable panel of economies reported in every month
2000-06-01,2000M03-2001M12,United Kingdom,68.100000,0.0642028849,1060.700000,Stable panel of economies reported in every month
2000-06-01,2000M03-2001M12,Mainland China,67.500000,0.0636372207,1060.700000,Stable panel of economies reported in every month
2000-06-01,2000M03-2001M12,Japan,318.800000,0.3005562364,1060.700000,Stable panel of economies reported in every month
2000-07-01,2000M03-2001M12,All other foreign,464.800000,0.4401932001,1055.900000,Stable panel of economies reported in every month
2000-07-01,2000M03-2001M12,South Korea,28.100000,0.0266123686,1055.900000,Stable panel of economies reported in every month
2000-07-01,2000M03-2001M12,Singapore,34.500000,0.0326735486,1055.900000,Stable panel of economies reported in every month
2000-07-01,2000M03-2001M12,Taiwan,41.100000,0.0389241405,1055.900000,Stable panel of economies reported in every month
2000-07-01,2000M03-2001M12,Hong Kong,38.300000,0.0362723743,1055.900000,Stable panel of economies reported in every month
2000-07-01,2000M03-2001M12,United Kingdom,63.100000,0.0597594469,1055.900000,Stable panel of economies reported in every month
2000-07-01,2000M03-2001M12,Mainland China,66.400000,0.0628847429,1055.900000,Stable panel of economies reported in every month
2000-07-01,2000M03-2001M12,Japan,319.600000,0.3026801780,1055.900000,Stable panel of economies reported in every month
2000-08-01,2000M03-2001M12,All other foreign,468.000000,0.4440649018,1053.900000,Stable panel of economies reported in every month
2000-08-01,2000M03-2001M12,South Korea,27.500000,0.0260935573,1053.900000,Stable panel of economies reported in every month
2000-08-01,2000M03-2001M12,Singapore,33.800000,0.0320713540,1053.900000,Stable panel of economies reported in every month
2000-08-01,2000M03-2001M12,Taiwan,39.800000,0.0377644938,1053.900000,Stable panel of economies reported in every month
2000-08-01,2000M03-2001M12,Hong Kong,38.000000,0.0360565519,1053.900000,Stable panel of economies reported in every month
2000-08-01,2000M03-2001M12,United Kingdom,66.400000,0.0630040801,1053.900000,Stable panel of economies reported in every month
2000-08-01,2000M03-2001M12,Mainland China,62.600000,0.0593984249,1053.900000,Stable panel of economies reported in every month
2000-08-01,2000M03-2001M12,Japan,317.800000,0.3015466363,1053.900000,Stable panel of economies reported in every month
2000-09-01,2000M03-2001M12,All other foreign,460.000000,0.4428186369,1038.800000,Stable panel of economies reported in every month
2000-09-01,2000M03-2001M12,South Korea,28.100000,0.0270504428,1038.800000,Stable panel of economies reported in every month
2000-09-01,2000M03-2001M12,Singapore,31.500000,0.0303234501,1038.800000,Stable panel of economies reported in every month
2000-09-01,2000M03-2001M12,Taiwan,38.100000,0.0366769349,1038.800000,Stable panel of economies reported in every month
2000-09-01,2000M03-2001M12,Hong Kong,37.400000,0.0360030805,1038.800000,Stable panel of economies reported in every month
2000-09-01,2000M03-2001M12,United Kingdom,64.300000,0.0618983442,1038.800000,Stable panel of economies reported in every month
2000-09-01,2000M03-2001M12,Mainland China,62.100000,0.0597805160,1038.800000,Stable panel of economies reported in every month
2000-09-01,2000M03-2001M12,Japan,317.300000,0.3054485945,1038.800000,Stable panel of economies reported in every month
2000-10-01,2000M03-2001M12,All other foreign,466.500000,0.4506375580,1035.200000,Stable panel of economies reported in every month
2000-10-01,2000M03-2001M12,South Korea,28.300000,0.0273377125,1035.200000,Stable panel of economies reported in every month
2000-10-01,2000M03-2001M12,Singapore,29.700000,0.0286901082,1035.200000,Stable panel of economies reported in every month
2000-10-01,2000M03-2001M12,Taiwan,34.400000,0.0332302937,1035.200000,Stable panel of economies reported in every month
2000-10-01,2000M03-2001M12,Hong Kong,38.700000,0.0373840804,1035.200000,Stable panel of economies reported in every month
2000-10-01,2000M03-2001M12,United Kingdom,60.400000,0.0583462133,1035.200000,Stable panel of economies reported in every month
2000-10-01,2000M03-2001M12,Mainland China,59.500000,0.0574768161,1035.200000,Stable panel of economies reported in every month
2000-10-01,2000M03-2001M12,Japan,317.700000,0.3068972179,1035.200000,Stable panel of economies reported in every month
2000-11-01,2000M03-2001M12,All other foreign,459.100000,0.4496571988,1021.000000,Stable panel of economies reported in every month
2000-11-01,2000M03-2001M12,South Korea,27.300000,0.0267384917,1021.000000,Stable panel of economies reported in every month
2000-11-01,2000M03-2001M12,Singapore,28.400000,0.0278158668,1021.000000,Stable panel of economies reported in every month
2000-11-01,2000M03-2001M12,Taiwan,33.200000,0.0325171401,1021.000000,Stable panel of economies reported in every month
2000-11-01,2000M03-2001M12,Hong Kong,37.900000,0.0371204701,1021.000000,Stable panel of economies reported in every month
2000-11-01,2000M03-2001M12,United Kingdom,54.500000,0.0533790402,1021.000000,Stable panel of economies reported in every month
2000-11-01,2000M03-2001M12,Mainland China,58.900000,0.0576885406,1021.000000,Stable panel of economies reported in every month
2000-11-01,2000M03-2001M12,Japan,321.700000,0.3150832517,1021.000000,Stable panel of economies reported in every month
2000-12-01,2000M03-2001M12,All other foreign,457.500000,0.4506501182,1015.200000,Stable panel of economies reported in every month
2000-12-01,2000M03-2001M12,South Korea,29.600000,0.0291568164,1015.200000,Stable panel of economies reported in every month
2000-12-01,2000M03-2001M12,Singapore,27.900000,0.0274822695,1015.200000,Stable panel of economies reported in every month
2000-12-01,2000M03-2001M12,Taiwan,33.400000,0.0328999212,1015.200000,Stable panel of economies reported in every month
2000-12-01,2000M03-2001M12,Hong Kong,38.600000,0.0380220646,1015.200000,Stable panel of economies reported in every month
2000-12-01,2000M03-2001M12,United Kingdom,50.200000,0.0494483846,1015.200000,Stable panel of economies reported in every month
2000-12-01,2000M03-2001M12,Mainland China,60.300000,0.0593971631,1015.200000,Stable panel of economies reported in every month
2000-12-01,2000M03-2001M12,Japan,317.700000,0.3129432624,1015.200000,Stable panel of economies reported in every month
2001-01-01,2000M03-2001M12,All other foreign,461.000000,0.4560743965,1010.800000,Stable panel of economies reported in every month
2001-01-01,2000M03-2001M12,South Korea,28.400000,0.0280965572,1010.800000,Stable panel of economies reported in every month
2001-01-01,2000M03-2001M12,Singapore,26.200000,0.0259200633,1010.800000,Stable panel of economies reported in every month
2001-01-01,2000M03-2001M12,Taiwan,34.500000,0.0341313811,1010.800000,Stable panel of economies reported in every month
2001-01-01,2000M03-2001M12,Hong Kong,39.100000,0.0386822319,1010.800000,Stable panel of economies reported in every month
2001-01-01,2000M03-2001M12,United Kingdom,47.800000,0.0472892758,1010.800000,Stable panel of economies reported in every month
2001-01-01,2000M03-2001M12,Mainland China,61.500000,0.0608428967,1010.800000,Stable panel of economies reported in every month
2001-01-01,2000M03-2001M12,Japan,312.300000,0.3089631975,1010.800000,Stable panel of economies reported in every month
2001-02-01,2000M03-2001M12,All other foreign,461.800000,0.4547961395,1015.400000,Stable panel of economies reported in every month
2001-02-01,2000M03-2001M12,South Korea,28.100000,0.0276738231,1015.400000,Stable panel of economies reported in every month
2001-02-01,2000M03-2001M12,Singapore,26.000000,0.0256056726,1015.400000,Stable panel of economies reported in every month
2001-02-01,2000M03-2001M12,Taiwan,35.400000,0.0348631081,1015.400000,Stable panel of economies reported in every month
2001-02-01,2000M03-2001M12,Hong Kong,39.500000,0.0389009257,1015.400000,Stable panel of economies reported in every month
2001-02-01,2000M03-2001M12,United Kingdom,48.400000,0.0476659445,1015.400000,Stable panel of economies reported in every month
2001-02-01,2000M03-2001M12,Mainland China,63.700000,0.0627338980,1015.400000,Stable panel of economies reported in every month
2001-02-01,2000M03-2001M12,Japan,312.500000,0.3077604885,1015.400000,Stable panel of economies reported in every month
2001-03-01,2000M03-2001M12,All other foreign,446.700000,0.4411851852,1012.500000,Stable panel of economies reported in every month
2001-03-01,2000M03-2001M12,South Korea,29.900000,0.0295308642,1012.500000,Stable panel of economies reported in every month
2001-03-01,2000M03-2001M12,Singapore,24.100000,0.0238024691,1012.500000,Stable panel of economies reported in every month
2001-03-01,2000M03-2001M12,Taiwan,35.500000,0.0350617284,1012.500000,Stable panel of economies reported in every month
2001-03-01,2000M03-2001M12,Hong Kong,41.000000,0.0404938272,1012.500000,Stable panel of economies reported in every month
2001-03-01,2000M03-2001M12,United Kingdom,58.400000,0.0576790123,1012.500000,Stable panel of economies reported in every month
2001-03-01,2000M03-2001M12,Mainland China,69.800000,0.0689382716,1012.500000,Stable panel of economies reported in every month
2001-03-01,2000M03-2001M12,Japan,307.100000,0.3033086420,1012.500000,Stable panel of economies reported in every month
2001-04-01,2000M03-2001M12,All other foreign,434.100000,0.4394614294,987.800000,Stable panel of economies reported in every month
2001-04-01,2000M03-2001M12,South Korea,27.700000,0.0280421138,987.800000,Stable panel of economies reported in every month
2001-04-01,2000M03-2001M12,Singapore,23.300000,0.0235877708,987.800000,Stable panel of economies reported in every month
2001-04-01,2000M03-2001M12,Taiwan,35.300000,0.0357359789,987.800000,Stable panel of economies reported in every month
2001-04-01,2000M03-2001M12,Hong Kong,38.500000,0.0389755011,987.800000,Stable panel of economies reported in every month
2001-04-01,2000M03-2001M12,United Kingdom,53.800000,0.0544644665,987.800000,Stable panel of economies reported in every month
2001-04-01,2000M03-2001M12,Mainland China,69.200000,0.0700546669,987.800000,Stable panel of economies reported in every month
2001-04-01,2000M03-2001M12,Japan,305.900000,0.3096780725,987.800000,Stable panel of economies reported in every month
2001-05-01,2000M03-2001M12,All other foreign,434.200000,0.4402758061,986.200000,Stable panel of economies reported in every month
2001-05-01,2000M03-2001M12,South Korea,26.100000,0.0264652200,986.200000,Stable panel of economies reported in every month
2001-05-01,2000M03-2001M12,Singapore,20.200000,0.0204826607,986.200000,Stable panel of economies reported in every month
2001-05-01,2000M03-2001M12,Taiwan,34.900000,0.0353883594,986.200000,Stable panel of economies reported in every month
2001-05-01,2000M03-2001M12,Hong Kong,39.700000,0.0402555263,986.200000,Stable panel of economies reported in every month
2001-05-01,2000M03-2001M12,United Kingdom,55.200000,0.0559724194,986.200000,Stable panel of economies reported in every month
2001-05-01,2000M03-2001M12,Mainland China,69.200000,0.0701683229,986.200000,Stable panel of economies reported in every month
2001-05-01,2000M03-2001M12,Japan,306.700000,0.3109916853,986.200000,Stable panel of economies reported in every month
2001-06-01,2000M03-2001M12,All other foreign,434.400000,0.4417776874,983.300000,Stable panel of economies reported in every month
2001-06-01,2000M03-2001M12,South Korea,27.300000,0.0277636530,983.300000,Stable panel of economies reported in every month
2001-06-01,2000M03-2001M12,Singapore,19.700000,0.0200345774,983.300000,Stable panel of economies reported in every month
2001-06-01,2000M03-2001M12,Taiwan,34.900000,0.0354927286,983.300000,Stable panel of economies reported in every month
2001-06-01,2000M03-2001M12,Hong Kong,41.900000,0.0426116140,983.300000,Stable panel of economies reported in every month
2001-06-01,2000M03-2001M12,United Kingdom,51.600000,0.0524763551,983.300000,Stable panel of economies reported in every month
2001-06-01,2000M03-2001M12,Mainland China,72.700000,0.0739347097,983.300000,Stable panel of economies reported in every month
2001-06-01,2000M03-2001M12,Japan,300.800000,0.3059086749,983.300000,Stable panel of economies reported in every month
2001-07-01,2000M03-2001M12,All other foreign,438.600000,0.4494312942,975.900000,Stable panel of economies reported in every month
2001-07-01,2000M03-2001M12,South Korea,26.900000,0.0275642996,975.900000,Stable panel of economies reported in every month
2001-07-01,2000M03-2001M12,Singapore,19.700000,0.0201864945,975.900000,Stable panel of economies reported in every month
2001-07-01,2000M03-2001M12,Taiwan,33.900000,0.0347371657,975.900000,Stable panel of economies reported in every month
2001-07-01,2000M03-2001M12,Hong Kong,43.300000,0.0443693001,975.900000,Stable panel of economies reported in every month
2001-07-01,2000M03-2001M12,United Kingdom,44.000000,0.0450865867,975.900000,Stable panel of economies reported in every month
2001-07-01,2000M03-2001M12,Mainland China,74.200000,0.0760323804,975.900000,Stable panel of economies reported in every month
2001-07-01,2000M03-2001M12,Japan,295.300000,0.3025924787,975.900000,Stable panel of economies reported in every month
2001-08-01,2000M03-2001M12,All other foreign,463.600000,0.4663983903,994.000000,Stable panel of economies reported in every month
2001-08-01,2000M03-2001M12,South Korea,27.000000,0.0271629779,994.000000,Stable panel of economies reported in every month
2001-08-01,2000M03-2001M12,Singapore,19.800000,0.0199195171,994.000000,Stable panel of economies reported in every month
2001-08-01,2000M03-2001M12,Taiwan,35.000000,0.0352112676,994.000000,Stable panel of economies reported in every month
2001-08-01,2000M03-2001M12,Hong Kong,42.100000,0.0423541247,994.000000,Stable panel of economies reported in every month
2001-08-01,2000M03-2001M12,United Kingdom,40.000000,0.0402414487,994.000000,Stable panel of economies reported in every month
2001-08-01,2000M03-2001M12,Mainland China,73.400000,0.0738430584,994.000000,Stable panel of economies reported in every month
2001-08-01,2000M03-2001M12,Japan,293.100000,0.2948692153,994.000000,Stable panel of economies reported in every month
2001-09-01,2000M03-2001M12,All other foreign,456.100000,0.4596855473,992.200000,Stable panel of economies reported in every month
2001-09-01,2000M03-2001M12,South Korea,28.500000,0.0287240476,992.200000,Stable panel of economies reported in every month
2001-09-01,2000M03-2001M12,Singapore,19.800000,0.0199556541,992.200000,Stable panel of economies reported in every month
2001-09-01,2000M03-2001M12,Taiwan,35.800000,0.0360814352,992.200000,Stable panel of economies reported in every month
2001-09-01,2000M03-2001M12,Hong Kong,45.600000,0.0459584761,992.200000,Stable panel of economies reported in every month
2001-09-01,2000M03-2001M12,United Kingdom,41.500000,0.0418262447,992.200000,Stable panel of economies reported in every month
2001-09-01,2000M03-2001M12,Mainland China,72.000000,0.0725660149,992.200000,Stable panel of economies reported in every month
2001-09-01,2000M03-2001M12,Japan,292.900000,0.2952025801,992.200000,Stable panel of economies reported in every month
2001-10-01,2000M03-2001M12,All other foreign,453.700000,0.4465551181,1016.000000,Stable panel of economies reported in every month
2001-10-01,2000M03-2001M12,South Korea,30.400000,0.0299212598,1016.000000,Stable panel of economies reported in every month
2001-10-01,2000M03-2001M12,Singapore,21.300000,0.0209645669,1016.000000,Stable panel of economies reported in every month
2001-10-01,2000M03-2001M12,Taiwan,35.100000,0.0345472441,1016.000000,Stable panel of economies reported in every month
2001-10-01,2000M03-2001M12,Hong Kong,39.300000,0.0386811024,1016.000000,Stable panel of economies reported in every month
2001-10-01,2000M03-2001M12,United Kingdom,49.400000,0.0486220472,1016.000000,Stable panel of economies reported in every month
2001-10-01,2000M03-2001M12,Mainland China,72.300000,0.0711614173,1016.000000,Stable panel of economies reported in every month
2001-10-01,2000M03-2001M12,Japan,314.500000,0.3095472441,1016.000000,Stable panel of economies reported in every month
2001-11-01,2000M03-2001M12,All other foreign,470.500000,0.4540191064,1036.300000,Stable panel of economies reported in every month
2001-11-01,2000M03-2001M12,South Korea,31.900000,0.0307825919,1036.300000,Stable panel of economies reported in every month
2001-11-01,2000M03-2001M12,Singapore,20.500000,0.0197819164,1036.300000,Stable panel of economies reported in every month
2001-11-01,2000M03-2001M12,Taiwan,34.700000,0.0334845122,1036.300000,Stable panel of economies reported in every month
2001-11-01,2000M03-2001M12,Hong Kong,42.900000,0.0413972788,1036.300000,Stable panel of economies reported in every month
2001-11-01,2000M03-2001M12,United Kingdom,42.500000,0.0410112902,1036.300000,Stable panel of economies reported in every month
2001-11-01,2000M03-2001M12,Mainland China,77.900000,0.0751712824,1036.300000,Stable panel of economies reported in every month
2001-11-01,2000M03-2001M12,Japan,315.400000,0.3043520216,1036.300000,Stable panel of economies reported in every month
2001-12-01,2000M03-2001M12,All other foreign,462.800000,0.4449572157,1040.100000,Stable panel of economies reported in every month
2001-12-01,2000M03-2001M12,South Korea,32.800000,0.0315354293,1040.100000,Stable panel of economies reported in every month
2001-12-01,2000M03-2001M12,Singapore,20.000000,0.0192289203,1040.100000,Stable panel of economies reported in every month
2001-12-01,2000M03-2001M12,Taiwan,35.300000,0.0339390443,1040.100000,Stable panel of economies reported in every month
2001-12-01,2000M03-2001M12,Hong Kong,47.700000,0.0458609749,1040.100000,Stable panel of economies reported in every month
2001-12-01,2000M03-2001M12,United Kingdom,45.000000,0.0432650707,1040.100000,Stable panel of economies reported in every month
2001-12-01,2000M03-2001M12,Mainland China,78.600000,0.0755696568,1040.100000,Stable panel of economies reported in every month
2001-12-01,2000M03-2001M12,Japan,317.900000,0.3056436881,1040.100000,Stable panel of economies reported in every month
2002-02-01,2002M01-2007M12,All other foreign,460.400000,0.4444873528,1035.800000,Stable panel of economies reported in every month
2002-02-01,2002M01-2007M12,South Korea,33.400000,0.0322456073,1035.800000,Stable panel of economies reported in every month
2002-02-01,2002M01-2007M12,Singapore,19.500000,0.0188260282,1035.800000,Stable panel of economies reported in every month
2002-02-01,2002M01-2007M12,Taiwan,32.900000,0.0317628886,1035.800000,Stable panel of economies reported in every month
2002-02-01,2002M01-2007M12,Hong Kong,47.300000,0.0456651863,1035.800000,Stable panel of economies reported in every month
2002-02-01,2002M01-2007M12,United Kingdom,53.900000,0.0520370728,1035.800000,Stable panel of economies reported in every month
2002-02-01,2002M01-2007M12,Mainland China,76.500000,0.0738559567,1035.800000,Stable panel of economies reported in every month
2002-02-01,2002M01-2007M12,Japan,311.900000,0.3011199073,1035.800000,Stable panel of economies reported in every month
2002-03-01,2002M01-2007M12,All other foreign,463.500000,0.4384222474,1057.200000,Stable panel of economies reported in every month
2002-03-01,2002M01-2007M12,South Korea,32.600000,0.0308361710,1057.200000,Stable panel of economies reported in every month
2002-03-01,2002M01-2007M12,Singapore,18.000000,0.0170261067,1057.200000,Stable panel of economies reported in every month
2002-03-01,2002M01-2007M12,Taiwan,33.300000,0.0314982974,1057.200000,Stable panel of economies reported in every month
2002-03-01,2002M01-2007M12,Hong Kong,47.100000,0.0445516459,1057.200000,Stable panel of economies reported in every month
2002-03-01,2002M01-2007M12,United Kingdom,65.600000,0.0620507000,1057.200000,Stable panel of economies reported in every month
2002-03-01,2002M01-2007M12,Mainland China,84.500000,0.0799281120,1057.200000,Stable panel of economies reported in every month
2002-03-01,2002M01-2007M12,Japan,312.600000,0.2956867196,1057.200000,Stable panel of economies reported in every month
2002-04-01,2002M01-2007M12,All other foreign,451.600000,0.4330648255,1042.800000,Stable panel of economies reported in every month
2002-04-01,2002M01-2007M12,South Korea,34.700000,0.0332757959,1042.800000,Stable panel of economies reported in every month
2002-04-01,2002M01-2007M12,Singapore,19.400000,0.0186037591,1042.800000,Stable panel of economies reported in every month
2002-04-01,2002M01-2007M12,Taiwan,31.900000,0.0305907173,1042.800000,Stable panel of economies reported in every month
2002-04-01,2002M01-2007M12,Hong Kong,43.500000,0.0417146145,1042.800000,Stable panel of economies reported in every month
2002-04-01,2002M01-2007M12,United Kingdom,64.700000,0.0620444956,1042.800000,Stable panel of economies reported in every month
2002-04-01,2002M01-2007M12,Mainland China,82.400000,0.0790180284,1042.800000,Stable panel of economies reported in every month
2002-04-01,2002M01-2007M12,Japan,314.600000,0.3016877637,1042.800000,Stable panel of economies reported in every month
2002-05-01,2002M01-2007M12,All other foreign,455.500000,0.4292310592,1061.200000,Stable panel of economies reported in every month
2002-05-01,2002M01-2007M12,South Korea,35.400000,0.0333584621,1061.200000,Stable panel of economies reported in every month
2002-05-01,2002M01-2007M12,Singapore,19.100000,0.0179984923,1061.200000,Stable panel of economies reported in every month
2002-05-01,2002M01-2007M12,Taiwan,32.900000,0.0310026385,1061.200000,Stable panel of economies reported in every month
2002-05-01,2002M01-2007M12,Hong Kong,43.600000,0.0410855635,1061.200000,Stable panel of economies reported in every month
2002-05-01,2002M01-2007M12,United Kingdom,75.600000,0.0712401055,1061.200000,Stable panel of economies reported in every month
2002-05-01,2002M01-2007M12,Mainland China,81.300000,0.0766113833,1061.200000,Stable panel of economies reported in every month
2002-05-01,2002M01-2007M12,Japan,317.800000,0.2994722955,1061.200000,Stable panel of economies reported in every month
2002-06-01,2002M01-2007M12,All other foreign,461.600000,0.4205922551,1097.500000,Stable panel of economies reported in every month
2002-06-01,2002M01-2007M12,South Korea,37.700000,0.0343507973,1097.500000,Stable panel of economies reported in every month
2002-06-01,2002M01-2007M12,Singapore,20.400000,0.0185876993,1097.500000,Stable panel of economies reported in every month
2002-06-01,2002M01-2007M12,Taiwan,33.900000,0.0308883827,1097.500000,Stable panel of economies reported in every month
2002-06-01,2002M01-2007M12,Hong Kong,43.500000,0.0396355353,1097.500000,Stable panel of economies reported in every month
2002-06-01,2002M01-2007M12,United Kingdom,83.600000,0.0761731207,1097.500000,Stable panel of economies reported in every month
2002-06-01,2002M01-2007M12,Mainland China,81.000000,0.0738041002,1097.500000,Stable panel of economies reported in every month
2002-06-01,2002M01-2007M12,Japan,335.800000,0.3059681093,1097.500000,Stable panel of economies reported in every month
2002-07-01,2002M01-2007M12,All other foreign,499.900000,0.4303176379,1161.700000,Stable panel of economies reported in every month
2002-07-01,2002M01-2007M12,South Korea,35.000000,0.0301282603,1161.700000,Stable panel of economies reported in every month
2002-07-01,2002M01-2007M12,Singapore,20.400000,0.0175604717,1161.700000,Stable panel of economies reported in every month
2002-07-01,2002M01-2007M12,Taiwan,38.900000,0.0334854093,1161.700000,Stable panel of economies reported in every month
2002-07-01,2002M01-2007M12,Hong Kong,44.100000,0.0379616080,1161.700000,Stable panel of economies reported in every month
2002-07-01,2002M01-2007M12,United Kingdom,64.700000,0.0556942412,1161.700000,Stable panel of economies reported in every month
2002-07-01,2002M01-2007M12,Mainland China,96.900000,0.0834122407,1161.700000,Stable panel of economies reported in every month
2002-07-01,2002M01-2007M12,Japan,361.800000,0.3114401308,1161.700000,Stable panel of economies reported in every month
2002-08-01,2002M01-2007M12,All other foreign,490.400000,0.4195397382,1168.900000,Stable panel of economies reported in every month
2002-08-01,2002M01-2007M12,South Korea,35.800000,0.0306270853,1168.900000,Stable panel of economies reported in every month
2002-08-01,2002M01-2007M12,Singapore,19.400000,0.0165968004,1168.900000,Stable panel of economies reported in every month
2002-08-01,2002M01-2007M12,Taiwan,38.700000,0.0331080503,1168.900000,Stable panel of economies reported in every month
2002-08-01,2002M01-2007M12,Hong Kong,48.000000,0.0410642484,1168.900000,Stable panel of economies reported in every month
2002-08-01,2002M01-2007M12,United Kingdom,69.700000,0.0596287108,1168.900000,Stable panel of economies reported in every month
2002-08-01,2002M01-2007M12,Mainland China,102.300000,0.0875181795,1168.900000,Stable panel of economies reported in every month
2002-08-01,2002M01-2007M12,Japan,364.600000,0.3119171871,1168.900000,Stable panel of economies reported in every month
2002-09-01,2002M01-2007M12,All other foreign,495.500000,0.4168769981,1188.600000,Stable panel of economies reported in every month
2002-09-01,2002M01-2007M12,South Korea,35.800000,0.0301194683,1188.600000,Stable panel of economies reported in every month
2002-09-01,2002M01-2007M12,Singapore,19.700000,0.0165741208,1188.600000,Stable panel of economies reported in every month
2002-09-01,2002M01-2007M12,Taiwan,37.200000,0.0312973246,1188.600000,Stable panel of economies reported in every month
2002-09-01,2002M01-2007M12,Hong Kong,45.300000,0.0381120646,1188.600000,Stable panel of economies reported in every month
2002-09-01,2002M01-2007M12,United Kingdom,76.600000,0.0644455662,1188.600000,Stable panel of economies reported in every month
2002-09-01,2002M01-2007M12,Mainland China,104.700000,0.0880868248,1188.600000,Stable panel of economies reported in every month
2002-09-01,2002M01-2007M12,Japan,373.800000,0.3144876325,1188.600000,Stable panel of economies reported in every month
2002-10-01,2002M01-2007M12,All other foreign,492.900000,0.4127449338,1194.200000,Stable panel of economies reported in every month
2002-10-01,2002M01-2007M12,South Korea,37.500000,0.0314017752,1194.200000,Stable panel of economies reported in every month
2002-10-01,2002M01-2007M12,Singapore,19.600000,0.0164126612,1194.200000,Stable panel of economies reported in every month
2002-10-01,2002M01-2007M12,Taiwan,37.200000,0.0311505610,1194.200000,Stable panel of economies reported in every month
2002-10-01,2002M01-2007M12,Hong Kong,46.800000,0.0391894155,1194.200000,Stable panel of economies reported in every month
2002-10-01,2002M01-2007M12,United Kingdom,80.600000,0.0674928823,1194.200000,Stable panel of economies reported in every month
2002-10-01,2002M01-2007M12,Mainland China,106.500000,0.0891810417,1194.200000,Stable panel of economies reported in every month
2002-10-01,2002M01-2007M12,Japan,373.100000,0.3124267292,1194.200000,Stable panel of economies reported in every month
2002-11-01,2002M01-2007M12,All other foreign,508.000000,0.4163934426,1220.000000,Stable panel of economies reported in every month
2002-11-01,2002M01-2007M12,South Korea,37.700000,0.0309016393,1220.000000,Stable panel of economies reported in every month
2002-11-01,2002M01-2007M12,Singapore,18.000000,0.0147540984,1220.000000,Stable panel of economies reported in every month
2002-11-01,2002M01-2007M12,Taiwan,37.500000,0.0307377049,1220.000000,Stable panel of economies reported in every month
2002-11-01,2002M01-2007M12,Hong Kong,49.000000,0.0401639344,1220.000000,Stable panel of economies reported in every month
2002-11-01,2002M01-2007M12,United Kingdom,82.500000,0.0676229508,1220.000000,Stable panel of economies reported in every month
2002-11-01,2002M01-2007M12,Mainland China,112.400000,0.0921311475,1220.000000,Stable panel of economies reported in every month
2002-11-01,2002M01-2007M12,Japan,374.900000,0.3072950820,1220.000000,Stable panel of economies reported in every month
2002-12-01,2002M01-2007M12,All other foreign,517.600000,0.4189057948,1235.600000,Stable panel of economies reported in every month
2002-12-01,2002M01-2007M12,South Korea,38.000000,0.0307542894,1235.600000,Stable panel of economies reported in every month
2002-12-01,2002M01-2007M12,Singapore,17.800000,0.0144059566,1235.600000,Stable panel of economies reported in every month
2002-12-01,2002M01-2007M12,Taiwan,37.400000,0.0302686954,1235.600000,Stable panel of economies reported in every month
2002-12-01,2002M01-2007M12,Hong Kong,47.500000,0.0384428618,1235.600000,Stable panel of economies reported in every month
2002-12-01,2002M01-2007M12,United Kingdom,80.800000,0.0653933312,1235.600000,Stable panel of economies reported in every month
2002-12-01,2002M01-2007M12,Mainland China,118.400000,0.0958238912,1235.600000,Stable panel of economies reported in every month
2002-12-01,2002M01-2007M12,Japan,378.100000,0.3060051797,1235.600000,Stable panel of economies reported in every month
2003-02-01,2002M01-2007M12,All other foreign,506.700000,0.4098188289,1236.400000,Stable panel of economies reported in every month
2003-02-01,2002M01-2007M12,South Korea,37.400000,0.0302491103,1236.400000,Stable panel of economies reported in every month
2003-02-01,2002M01-2007M12,Singapore,17.800000,0.0143966354,1236.400000,Stable panel of economies reported in every month
2003-02-01,2002M01-2007M12,Taiwan,36.900000,0.0298447104,1236.400000,Stable panel of economies reported in every month
2003-02-01,2002M01-2007M12,Hong Kong,48.800000,0.0394694274,1236.400000,Stable panel of economies reported in every month
2003-02-01,2002M01-2007M12,United Kingdom,75.900000,0.0613879004,1236.400000,Stable panel of economies reported in every month
2003-02-01,2002M01-2007M12,Mainland China,121.800000,0.0985118085,1236.400000,Stable panel of economies reported in every month
2003-02-01,2002M01-2007M12,Japan,391.100000,0.3163215788,1236.400000,Stable panel of economies reported in every month
2003-03-01,2002M01-2007M12,All other foreign,519.700000,0.4075439147,1275.200000,Stable panel of economies reported in every month
2003-03-01,2002M01-2007M12,South Korea,36.700000,0.0287797992,1275.200000,Stable panel of economies reported in every month
2003-03-01,2002M01-2007M12,Singapore,18.500000,0.0145075282,1275.200000,Stable panel of economies reported in every month
2003-03-01,2002M01-2007M12,Taiwan,37.300000,0.0292503137,1275.200000,Stable panel of economies reported in every month
2003-03-01,2002M01-2007M12,Hong Kong,48.900000,0.0383469260,1275.200000,Stable panel of economies reported in every month
2003-03-01,2002M01-2007M12,United Kingdom,81.600000,0.0639899624,1275.200000,Stable panel of economies reported in every month
2003-03-01,2002M01-2007M12,Mainland China,133.200000,0.1044542033,1275.200000,Stable panel of economies reported in every month
2003-03-01,2002M01-2007M12,Japan,399.300000,0.3131273526,1275.200000,Stable panel of economies reported in every month
2003-04-01,2002M01-2007M12,All other foreign,521.100000,0.4077464789,1278.000000,Stable panel of economies reported in every month
2003-04-01,2002M01-2007M12,South Korea,36.700000,0.0287167449,1278.000000,Stable panel of economies reported in every month
2003-04-01,2002M01-2007M12,Singapore,19.400000,0.0151799687,1278.000000,Stable panel of economies reported in every month
2003-04-01,2002M01-2007M12,Taiwan,35.800000,0.0280125196,1278.000000,Stable panel of economies reported in every month
2003-04-01,2002M01-2007M12,Hong Kong,51.400000,0.0402190923,1278.000000,Stable panel of economies reported in every month
2003-04-01,2002M01-2007M12,United Kingdom,77.800000,0.0608763693,1278.000000,Stable panel of economies reported in every month
2003-04-01,2002M01-2007M12,Mainland China,134.000000,0.1048513302,1278.000000,Stable panel of economies reported in every month
2003-04-01,2002M01-2007M12,Japan,401.800000,0.3143974961,1278.000000,Stable panel of economies reported in every month
2003-05-01,2002M01-2007M12,All other foreign,530.100000,0.3991416309,1328.100000,Stable panel of economies reported in every month
2003-05-01,2002M01-2007M12,South Korea,38.600000,0.0290640765,1328.100000,Stable panel of economies reported in every month
2003-05-01,2002M01-2007M12,Singapore,18.500000,0.0139296740,1328.100000,Stable panel of economies reported in every month
2003-05-01,2002M01-2007M12,Taiwan,36.000000,0.0271063926,1328.100000,Stable panel of economies reported in every month
2003-05-01,2002M01-2007M12,Hong Kong,48.700000,0.0366689255,1328.100000,Stable panel of economies reported in every month
2003-05-01,2002M01-2007M12,United Kingdom,79.000000,0.0594834726,1328.100000,Stable panel of economies reported in every month
2003-05-01,2002M01-2007M12,Mainland China,135.800000,0.1022513365,1328.100000,Stable panel of economies reported in every month
2003-05-01,2002M01-2007M12,Japan,441.400000,0.3323544914,1328.100000,Stable panel of economies reported in every month
2003-06-01,2002M01-2007M12,All other foreign,541.900000,0.3955763194,1369.900000,Stable panel of economies reported in every month
2003-06-01,2002M01-2007M12,South Korea,39.700000,0.0289802175,1369.900000,Stable panel of economies reported in every month
2003-06-01,2002M01-2007M12,Singapore,20.200000,0.0147456019,1369.900000,Stable panel of economies reported in every month
2003-06-01,2002M01-2007M12,Taiwan,37.800000,0.0275932550,1369.900000,Stable panel of economies reported in every month
2003-06-01,2002M01-2007M12,Hong Kong,50.500000,0.0368640047,1369.900000,Stable panel of economies reported in every month
2003-06-01,2002M01-2007M12,United Kingdom,89.500000,0.0653332360,1369.900000,Stable panel of economies reported in every month
2003-06-01,2002M01-2007M12,Mainland China,137.200000,0.1001532959,1369.900000,Stable panel of economies reported in every month
2003-06-01,2002M01-2007M12,Japan,453.100000,0.3307540696,1369.900000,Stable panel of economies reported in every month
2003-07-01,2002M01-2007M12,All other foreign,555.300000,0.3913319239,1419.000000,Stable panel of economies reported in every month
2003-07-01,2002M01-2007M12,South Korea,59.600000,0.0420014094,1419.000000,Stable panel of economies reported in every month
2003-07-01,2002M01-2007M12,Singapore,24.000000,0.0169133192,1419.000000,Stable panel of economies reported in every month
2003-07-01,2002M01-2007M12,Taiwan,45.000000,0.0317124736,1419.000000,Stable panel of economies reported in every month
2003-07-01,2002M01-2007M12,Hong Kong,42.300000,0.0298097252,1419.000000,Stable panel of economies reported in every month
2003-07-01,2002M01-2007M12,United Kingdom,78.400000,0.0552501762,1419.000000,Stable panel of economies reported in every month
2003-07-01,2002M01-2007M12,Mainland China,151.300000,0.1066243834,1419.000000,Stable panel of economies reported in every month
2003-07-01,2002M01-2007M12,Japan,463.100000,0.3263565891,1419.000000,Stable panel of economies reported in every month
2003-08-01,2002M01-2007M12,All other foreign,566.400000,0.3919994463,1444.900000,Stable panel of economies reported in every month
2003-08-01,2002M01-2007M12,South Korea,59.700000,0.0413177383,1444.900000,Stable panel of economies reported in every month
2003-08-01,2002M01-2007M12,Singapore,24.600000,0.0170253997,1444.900000,Stable panel of economies reported in every month
2003-08-01,2002M01-2007M12,Taiwan,46.300000,0.0320437401,1444.900000,Stable panel of economies reported in every month
2003-08-01,2002M01-2007M12,Hong Kong,44.000000,0.0304519344,1444.900000,Stable panel of economies reported in every month
2003-08-01,2002M01-2007M12,United Kingdom,83.700000,0.0579278843,1444.900000,Stable panel of economies reported in every month
2003-08-01,2002M01-2007M12,Mainland China,148.800000,0.1029829054,1444.900000,Stable panel of economies reported in every month
2003-08-01,2002M01-2007M12,Japan,471.400000,0.3262509516,1444.900000,Stable panel of economies reported in every month
2003-09-01,2002M01-2007M12,All other foreign,557.200000,0.3860597242,1443.300000,Stable panel of economies reported in every month
2003-09-01,2002M01-2007M12,South Korea,61.700000,0.0427492552,1443.300000,Stable panel of economies reported in every month
2003-09-01,2002M01-2007M12,Singapore,23.400000,0.0162128456,1443.300000,Stable panel of economies reported in every month
2003-09-01,2002M01-2007M12,Taiwan,47.900000,0.0331878334,1443.300000,Stable panel of economies reported in every month
2003-09-01,2002M01-2007M12,Hong Kong,42.500000,0.0294464075,1443.300000,Stable panel of economies reported in every month
2003-09-01,2002M01-2007M12,United Kingdom,72.300000,0.0500935356,1443.300000,Stable panel of economies reported in every month
2003-09-01,2002M01-2007M12,Mainland China,147.100000,0.1019192129,1443.300000,Stable panel of economies reported in every month
2003-09-01,2002M01-2007M12,Japan,491.200000,0.3403311855,1443.300000,Stable panel of economies reported in every month
2003-10-01,2002M01-2007M12,All other foreign,538.300000,0.3707555617,1451.900000,Stable panel of economies reported in every month
2003-10-01,2002M01-2007M12,South Korea,62.600000,0.0431159171,1451.900000,Stable panel of economies reported in every month
2003-10-01,2002M01-2007M12,Singapore,22.900000,0.0157724361,1451.900000,Stable panel of economies reported in every month
2003-10-01,2002M01-2007M12,Taiwan,48.000000,0.0330601281,1451.900000,Stable panel of economies reported in every month
2003-10-01,2002M01-2007M12,Hong Kong,43.900000,0.0302362422,1451.900000,Stable panel of economies reported in every month
2003-10-01,2002M01-2007M12,United Kingdom,77.000000,0.0530339555,1451.900000,Stable panel of economies reported in every month
2003-10-01,2002M01-2007M12,Mainland China,151.500000,0.1043460293,1451.900000,Stable panel of economies reported in every month
2003-10-01,2002M01-2007M12,Japan,507.700000,0.3496797300,1451.900000,Stable panel of economies reported in every month
2003-11-01,2002M01-2007M12,All other foreign,551.300000,0.3679503437,1498.300000,Stable panel of economies reported in every month
2003-11-01,2002M01-2007M12,South Korea,63.300000,0.0422478809,1498.300000,Stable panel of economies reported in every month
2003-11-01,2002M01-2007M12,Singapore,22.500000,0.0150170193,1498.300000,Stable panel of economies reported in every month
2003-11-01,2002M01-2007M12,Taiwan,50.500000,0.0337048655,1498.300000,Stable panel of economies reported in every month
2003-11-01,2002M01-2007M12,Hong Kong,47.500000,0.0317025963,1498.300000,Stable panel of economies reported in every month
2003-11-01,2002M01-2007M12,United Kingdom,77.900000,0.0519922579,1498.300000,Stable panel of economies reported in every month
2003-11-01,2002M01-2007M12,Mainland China,154.200000,0.1029166389,1498.300000,Stable panel of economies reported in every month
2003-11-01,2002M01-2007M12,Japan,531.100000,0.3544683975,1498.300000,Stable panel of economies reported in every month
2003-12-01,2002M01-2007M12,All other foreign,545.900000,0.3584137614,1523.100000,Stable panel of economies reported in every month
2003-12-01,2002M01-2007M12,South Korea,63.100000,0.0414286652,1523.100000,Stable panel of economies reported in every month
2003-12-01,2002M01-2007M12,Singapore,21.200000,0.0139189810,1523.100000,Stable panel of economies reported in every month
2003-12-01,2002M01-2007M12,Taiwan,50.900000,0.0334186856,1523.100000,Stable panel of economies reported in every month
2003-12-01,2002M01-2007M12,Hong Kong,50.000000,0.0328277854,1523.100000,Stable panel of economies reported in every month
2003-12-01,2002M01-2007M12,United Kingdom,82.200000,0.0539688793,1523.100000,Stable panel of economies reported in every month
2003-12-01,2002M01-2007M12,Mainland China,159.000000,0.1043923577,1523.100000,Stable panel of economies reported in every month
2003-12-01,2002M01-2007M12,Japan,550.800000,0.3616308844,1523.100000,Stable panel of economies reported in every month
2004-02-01,2002M01-2007M12,All other foreign,554.300000,0.3444568730,1609.200000,Stable panel of economies reported in every month
2004-02-01,2002M01-2007M12,South Korea,57.300000,0.0356077554,1609.200000,Stable panel of economies reported in every month
2004-02-01,2002M01-2007M12,Singapore,25.600000,0.0159085260,1609.200000,Stable panel of economies reported in every month
2004-02-01,2002M01-2007M12,Taiwan,55.300000,0.0343649018,1609.200000,Stable panel of economies reported in every month
2004-02-01,2002M01-2007M12,Hong Kong,54.000000,0.0335570470,1609.200000,Stable panel of economies reported in every month
2004-02-01,2002M01-2007M12,United Kingdom,94.500000,0.0587248322,1609.200000,Stable panel of economies reported in every month
2004-02-01,2002M01-2007M12,Mainland China,155.000000,0.0963211534,1609.200000,Stable panel of economies reported in every month
2004-02-01,2002M01-2007M12,Japan,613.200000,0.3810589113,1609.200000,Stable panel of economies reported in every month
2004-03-01,2002M01-2007M12,All other foreign,575.600000,0.3446706587,1670.000000,Stable panel of economies reported in every month
2004-03-01,2002M01-2007M12,South Korea,59.100000,0.0353892216,1670.000000,Stable panel of economies reported in every month
2004-03-01,2002M01-2007M12,Singapore,26.600000,0.0159281437,1670.000000,Stable panel of economies reported in every month
2004-03-01,2002M01-2007M12,Taiwan,54.400000,0.0325748503,1670.000000,Stable panel of economies reported in every month
2004-03-01,2002M01-2007M12,Hong Kong,52.000000,0.0311377246,1670.000000,Stable panel of economies reported in every month
2004-03-01,2002M01-2007M12,United Kingdom,98.300000,0.0588622754,1670.000000,Stable panel of economies reported in every month
2004-03-01,2002M01-2007M12,Mainland China,158.700000,0.0950299401,1670.000000,Stable panel of economies reported in every month
2004-03-01,2002M01-2007M12,Japan,645.300000,0.3864071856,1670.000000,Stable panel of economies reported in every month
2004-04-01,2002M01-2007M12,All other foreign,587.700000,0.3434431978,1711.200000,Stable panel of economies reported in every month
2004-04-01,2002M01-2007M12,South Korea,57.800000,0.0337774661,1711.200000,Stable panel of economies reported in every month
2004-04-01,2002M01-2007M12,Singapore,26.900000,0.0157199626,1711.200000,Stable panel of economies reported in every month
2004-04-01,2002M01-2007M12,Taiwan,56.300000,0.0329008883,1711.200000,Stable panel of economies reported in every month
2004-04-01,2002M01-2007M12,Hong Kong,53.600000,0.0313230482,1711.200000,Stable panel of economies reported in every month
2004-04-01,2002M01-2007M12,United Kingdom,113.200000,0.0661524077,1711.200000,Stable panel of economies reported in every month
2004-04-01,2002M01-2007M12,Mainland China,163.900000,0.0957807387,1711.200000,Stable panel of economies reported in every month
2004-04-01,2002M01-2007M12,Japan,651.800000,0.3809022908,1711.200000,Stable panel of economies reported in every month
2004-05-01,2002M01-2007M12,All other foreign,604.400000,0.3465993807,1743.800000,Stable panel of economies reported in every month
2004-05-01,2002M01-2007M12,South Korea,57.200000,0.0328019268,1743.800000,Stable panel of economies reported in every month
2004-05-01,2002M01-2007M12,Singapore,26.100000,0.0149673128,1743.800000,Stable panel of economies reported in every month
2004-05-01,2002M01-2007M12,Taiwan,56.800000,0.0325725427,1743.800000,Stable panel of economies reported in every month
2004-05-01,2002M01-2007M12,Hong Kong,53.700000,0.0307948159,1743.800000,Stable panel of economies reported in every month
2004-05-01,2002M01-2007M12,United Kingdom,113.400000,0.0650303934,1743.800000,Stable panel of economies reported in every month
2004-05-01,2002M01-2007M12,Mainland China,165.800000,0.0950797110,1743.800000,Stable panel of economies reported in every month
2004-05-01,2002M01-2007M12,Japan,666.400000,0.3821539167,1743.800000,Stable panel of economies reported in every month
2004-06-01,2002M01-2007M12,All other foreign,649.200000,0.3566249176,1820.400000,Stable panel of economies reported in every month
2004-06-01,2002M01-2007M12,South Korea,58.800000,0.0323005933,1820.400000,Stable panel of economies reported in every month
2004-06-01,2002M01-2007M12,Singapore,26.900000,0.0147769721,1820.400000,Stable panel of economies reported in every month
2004-06-01,2002M01-2007M12,Taiwan,57.500000,0.0315864645,1820.400000,Stable panel of economies reported in every month
2004-06-01,2002M01-2007M12,Hong Kong,53.700000,0.0294990112,1820.400000,Stable panel of economies reported in every month
2004-06-01,2002M01-2007M12,United Kingdom,119.300000,0.0655350472,1820.400000,Stable panel of economies reported in every month
2004-06-01,2002M01-2007M12,Mainland China,166.600000,0.0915183476,1820.400000,Stable panel of economies reported in every month
2004-06-01,2002M01-2007M12,Japan,688.400000,0.3781586465,1820.400000,Stable panel of economies reported in every month
2004-07-01,2002M01-2007M12,All other foreign,638.200000,0.3642901992,1751.900000,Stable panel of economies reported in every month
2004-07-01,2002M01-2007M12,South Korea,45.400000,0.0259147212,1751.900000,Stable panel of economies reported in every month
2004-07-01,2002M01-2007M12,Singapore,28.500000,0.0162680518,1751.900000,Stable panel of economies reported in every month
2004-07-01,2002M01-2007M12,Taiwan,66.800000,0.0381300303,1751.900000,Stable panel of economies reported in every month
2004-07-01,2002M01-2007M12,Hong Kong,43.900000,0.0250585079,1751.900000,Stable panel of economies reported in every month
2004-07-01,2002M01-2007M12,United Kingdom,57.300000,0.0327073463,1751.900000,Stable panel of economies reported in every month
2004-07-01,2002M01-2007M12,Mainland China,196.400000,0.1121068554,1751.900000,Stable panel of economies reported in every month
2004-07-01,2002M01-2007M12,Japan,675.400000,0.3855242879,1751.900000,Stable panel of economies reported in every month
2004-08-01,2002M01-2007M12,All other foreign,623.800000,0.3524094684,1770.100000,Stable panel of economies reported in every month
2004-08-01,2002M01-2007M12,South Korea,47.300000,0.0267216541,1770.100000,Stable panel of economies reported in every month
2004-08-01,2002M01-2007M12,Singapore,28.300000,0.0159877973,1770.100000,Stable panel of economies reported in every month
2004-08-01,2002M01-2007M12,Taiwan,65.500000,0.0370035591,1770.100000,Stable panel of economies reported in every month
2004-08-01,2002M01-2007M12,Hong Kong,42.800000,0.0241794249,1770.100000,Stable panel of economies reported in every month
2004-08-01,2002M01-2007M12,United Kingdom,61.400000,0.0346873058,1770.100000,Stable panel of economies reported in every month
2004-08-01,2002M01-2007M12,Mainland China,201.600000,0.1138918705,1770.100000,Stable panel of economies reported in every month
2004-08-01,2002M01-2007M12,Japan,699.400000,0.3951189198,1770.100000,Stable panel of economies reported in every month
2004-09-01,2002M01-2007M12,All other foreign,638.000000,0.3555307885,1794.500000,Stable panel of economies reported in every month
2004-09-01,2002M01-2007M12,South Korea,50.500000,0.0281415436,1794.500000,Stable panel of economies reported in every month
2004-09-01,2002M01-2007M12,Singapore,26.200000,0.0146001672,1794.500000,Stable panel of economies reported in every month
2004-09-01,2002M01-2007M12,Taiwan,66.500000,0.0370576762,1794.500000,Stable panel of economies reported in every month
2004-09-01,2002M01-2007M12,Hong Kong,43.000000,0.0239621064,1794.500000,Stable panel of economies reported in every month
2004-09-01,2002M01-2007M12,United Kingdom,62.000000,0.0345500139,1794.500000,Stable panel of economies reported in every month
2004-09-01,2002M01-2007M12,Mainland China,209.400000,0.1166898858,1794.500000,Stable panel of economies reported in every month
2004-09-01,2002M01-2007M12,Japan,698.900000,0.3894678183,1794.500000,Stable panel of economies reported in every month
2004-10-01,2002M01-2007M12,All other foreign,651.200000,0.3592431180,1812.700000,Stable panel of economies reported in every month
2004-10-01,2002M01-2007M12,South Korea,49.600000,0.0273624979,1812.700000,Stable panel of economies reported in every month
2004-10-01,2002M01-2007M12,Singapore,28.500000,0.0157224030,1812.700000,Stable panel of economies reported in every month
2004-10-01,2002M01-2007M12,Taiwan,66.600000,0.0367407734,1812.700000,Stable panel of economies reported in every month
2004-10-01,2002M01-2007M12,Hong Kong,43.300000,0.0238870194,1812.700000,Stable panel of economies reported in every month
2004-10-01,2002M01-2007M12,United Kingdom,66.400000,0.0366304408,1812.700000,Stable panel of economies reported in every month
2004-10-01,2002M01-2007M12,Mainland China,214.800000,0.1184972693,1812.700000,Stable panel of economies reported in every month
2004-10-01,2002M01-2007M12,Japan,692.300000,0.3819164782,1812.700000,Stable panel of economies reported in every month
2004-11-01,2002M01-2007M12,All other foreign,653.500000,0.3538936424,1846.600000,Stable panel of economies reported in every month
2004-11-01,2002M01-2007M12,South Korea,55.300000,0.0299469295,1846.600000,Stable panel of economies reported in every month
2004-11-01,2002M01-2007M12,Singapore,30.500000,0.0165168418,1846.600000,Stable panel of economies reported in every month
2004-11-01,2002M01-2007M12,Taiwan,67.100000,0.0363370519,1846.600000,Stable panel of economies reported in every month
2004-11-01,2002M01-2007M12,Hong Kong,42.400000,0.0229611177,1846.600000,Stable panel of economies reported in every month
2004-11-01,2002M01-2007M12,United Kingdom,84.500000,0.0457597747,1846.600000,Stable panel of economies reported in every month
2004-11-01,2002M01-2007M12,Mainland China,220.200000,0.1192461822,1846.600000,Stable panel of economies reported in every month
2004-11-01,2002M01-2007M12,Japan,693.100000,0.3753384599,1846.600000,Stable panel of economies reported in every month
2004-12-01,2002M01-2007M12,All other foreign,642.300000,0.3473206078,1849.300000,Stable panel of economies reported in every month
2004-12-01,2002M01-2007M12,South Korea,55.000000,0.0297409831,1849.300000,Stable panel of economies reported in every month
2004-12-01,2002M01-2007M12,Singapore,30.400000,0.0164386525,1849.300000,Stable panel of economies reported in every month
2004-12-01,2002M01-2007M12,Taiwan,67.900000,0.0367165955,1849.300000,Stable panel of economies reported in every month
2004-12-01,2002M01-2007M12,Hong Kong,45.100000,0.0243876061,1849.300000,Stable panel of economies reported in every month
2004-12-01,2002M01-2007M12,United Kingdom,95.800000,0.0518033851,1849.300000,Stable panel of economies reported in every month
2004-12-01,2002M01-2007M12,Mainland China,222.900000,0.1205320932,1849.300000,Stable panel of economies reported in every month
2004-12-01,2002M01-2007M12,Japan,689.900000,0.3730600768,1849.300000,Stable panel of economies reported in every month
2005-02-01,2002M01-2007M12,All other foreign,707.800000,0.3697241956,1914.400000,Stable panel of economies reported in every month
2005-02-01,2002M01-2007M12,South Korea,53.100000,0.0277371500,1914.400000,Stable panel of economies reported in every month
2005-02-01,2002M01-2007M12,Singapore,29.600000,0.0154617635,1914.400000,Stable panel of economies reported in every month
2005-02-01,2002M01-2007M12,Taiwan,68.700000,0.0358859173,1914.400000,Stable panel of economies reported in every month
2005-02-01,2002M01-2007M12,Hong Kong,45.400000,0.0237150021,1914.400000,Stable panel of economies reported in every month
2005-02-01,2002M01-2007M12,United Kingdom,104.100000,0.0543773506,1914.400000,Stable panel of economies reported in every month
2005-02-01,2002M01-2007M12,Mainland China,224.900000,0.1174780610,1914.400000,Stable panel of economies reported in every month
2005-02-01,2002M01-2007M12,Japan,680.800000,0.3556205600,1914.400000,Stable panel of economies reported in every month
2005-03-01,2002M01-2007M12,All other foreign,725.400000,0.3715807807,1952.200000,Stable panel of economies reported in every month
2005-03-01,2002M01-2007M12,South Korea,57.200000,0.0293002766,1952.200000,Stable panel of economies reported in every month
2005-03-01,2002M01-2007M12,Singapore,31.300000,0.0160331933,1952.200000,Stable panel of economies reported in every month
2005-03-01,2002M01-2007M12,Taiwan,71.500000,0.0366253458,1952.200000,Stable panel of economies reported in every month
2005-03-01,2002M01-2007M12,Hong Kong,45.500000,0.0233070382,1952.200000,Stable panel of economies reported in every month
2005-03-01,2002M01-2007M12,United Kingdom,116.000000,0.0594201414,1952.200000,Stable panel of economies reported in every month
2005-03-01,2002M01-2007M12,Mainland China,223.700000,0.1145886692,1952.200000,Stable panel of economies reported in every month
2005-03-01,2002M01-2007M12,Japan,681.600000,0.3491445549,1952.200000,Stable panel of economies reported in every month
2005-04-01,2002M01-2007M12,All other foreign,728.400000,0.3677116462,1980.900000,Stable panel of economies reported in every month
2005-04-01,2002M01-2007M12,South Korea,55.900000,0.0282194962,1980.900000,Stable panel of economies reported in every month
2005-04-01,2002M01-2007M12,Singapore,30.900000,0.0155989702,1980.900000,Stable panel of economies reported in every month
2005-04-01,2002M01-2007M12,Taiwan,70.700000,0.0356908476,1980.900000,Stable panel of economies reported in every month
2005-04-01,2002M01-2007M12,Hong Kong,47.600000,0.0240294815,1980.900000,Stable panel of economies reported in every month
2005-04-01,2002M01-2007M12,United Kingdom,119.000000,0.0600737039,1980.900000,Stable panel of economies reported in every month
2005-04-01,2002M01-2007M12,Mainland China,240.200000,0.1212580140,1980.900000,Stable panel of economies reported in every month
2005-04-01,2002M01-2007M12,Japan,688.200000,0.3474178404,1980.900000,Stable panel of economies reported in every month
2005-05-01,2002M01-2007M12,All other foreign,716.600000,0.3615722287,1981.900000,Stable panel of economies reported in every month
2005-05-01,2002M01-2007M12,South Korea,58.700000,0.0296180433,1981.900000,Stable panel of economies reported in every month
2005-05-01,2002M01-2007M12,Singapore,31.300000,0.0157929260,1981.900000,Stable panel of economies reported in every month
2005-05-01,2002M01-2007M12,Taiwan,71.000000,0.0358242091,1981.900000,Stable panel of economies reported in every month
2005-05-01,2002M01-2007M12,Hong Kong,48.000000,0.0242191836,1981.900000,Stable panel of economies reported in every month
2005-05-01,2002M01-2007M12,United Kingdom,126.400000,0.0637771835,1981.900000,Stable panel of economies reported in every month
2005-05-01,2002M01-2007M12,Mainland China,243.100000,0.1226600737,1981.900000,Stable panel of economies reported in every month
2005-05-01,2002M01-2007M12,Japan,686.800000,0.3465361522,1981.900000,Stable panel of economies reported in every month
2005-06-01,2002M01-2007M12,All other foreign,696.700000,0.3534216000,1971.300000,Stable panel of economies reported in every month
2005-06-01,2002M01-2007M12,South Korea,59.400000,0.0301323999,1971.300000,Stable panel of economies reported in every month
2005-06-01,2002M01-2007M12,Singapore,29.900000,0.0151676559,1971.300000,Stable panel of economies reported in every month
2005-06-01,2002M01-2007M12,Taiwan,71.300000,0.0361690255,1971.300000,Stable panel of economies reported in every month
2005-06-01,2002M01-2007M12,Hong Kong,48.700000,0.0247045097,1971.300000,Stable panel of economies reported in every month
2005-06-01,2002M01-2007M12,United Kingdom,140.800000,0.0714249480,1971.300000,Stable panel of economies reported in every month
2005-06-01,2002M01-2007M12,Mainland China,243.300000,0.1234210927,1971.300000,Stable panel of economies reported in every month
2005-06-01,2002M01-2007M12,Japan,681.200000,0.3455587683,1971.300000,Stable panel of economies reported in every month
2005-07-01,2002M01-2007M12,All other foreign,650.000000,0.3422493682,1899.200000,Stable panel of economies reported in every month
2005-07-01,2002M01-2007M12,South Korea,62.600000,0.0329612468,1899.200000,Stable panel of economies reported in every month
2005-07-01,2002M01-2007M12,Singapore,34.100000,0.0179549284,1899.200000,Stable panel of economies reported in every month
2005-07-01,2002M01-2007M12,Taiwan,68.800000,0.0362257793,1899.200000,Stable panel of economies reported in every month
2005-07-01,2002M01-2007M12,Hong Kong,44.700000,0.0235362258,1899.200000,Stable panel of economies reported in every month
2005-07-01,2002M01-2007M12,United Kingdom,73.200000,0.0385425442,1899.200000,Stable panel of economies reported in every month
2005-07-01,2002M01-2007M12,Mainland China,296.400000,0.1560657119,1899.200000,Stable panel of economies reported in every month
2005-07-01,2002M01-2007M12,Japan,669.400000,0.3524641955,1899.200000,Stable panel of economies reported in every month
2005-08-01,2002M01-2007M12,All other foreign,658.000000,0.3416584454,1925.900000,Stable panel of economies reported in every month
2005-08-01,2002M01-2007M12,South Korea,62.400000,0.0324004362,1925.900000,Stable panel of economies reported in every month
2005-08-01,2002M01-2007M12,Singapore,34.200000,0.0177579314,1925.900000,Stable panel of economies reported in every month
2005-08-01,2002M01-2007M12,Taiwan,68.400000,0.0355158627,1925.900000,Stable panel of economies reported in every month
2005-08-01,2002M01-2007M12,Hong Kong,43.600000,0.0226387663,1925.900000,Stable panel of economies reported in every month
2005-08-01,2002M01-2007M12,United Kingdom,87.200000,0.0452775326,1925.900000,Stable panel of economies reported in every month
2005-08-01,2002M01-2007M12,Mainland China,302.100000,0.1568617270,1925.900000,Stable panel of economies reported in every month
2005-08-01,2002M01-2007M12,Japan,670.000000,0.3478892985,1925.900000,Stable panel of economies reported in every month
2005-09-01,2002M01-2007M12,All other foreign,643.400000,0.3334369818,1929.600000,Stable panel of economies reported in every month
2005-09-01,2002M01-2007M12,South Korea,64.100000,0.0332193201,1929.600000,Stable panel of economies reported in every month
2005-09-01,2002M01-2007M12,Singapore,33.900000,0.0175684080,1929.600000,Stable panel of economies reported in every month
2005-09-01,2002M01-2007M12,Taiwan,68.900000,0.0357068823,1929.600000,Stable panel of economies reported in every month
2005-09-01,2002M01-2007M12,Hong Kong,44.400000,0.0230099502,1929.600000,Stable panel of economies reported in every month
2005-09-01,2002M01-2007M12,United Kingdom,95.800000,0.0496475954,1929.600000,Stable panel of economies reported in every month
2005-09-01,2002M01-2007M12,Mainland China,306.300000,0.1587375622,1929.600000,Stable panel of economies reported in every month
2005-09-01,2002M01-2007M12,Japan,672.800000,0.3486733002,1929.600000,Stable panel of economies reported in every month
2005-10-01,2002M01-2007M12,All other foreign,684.800000,0.3485164639,1964.900000,Stable panel of economies reported in every month
2005-10-01,2002M01-2007M12,South Korea,63.700000,0.0324189526,1964.900000,Stable panel of economies reported in every month
2005-10-01,2002M01-2007M12,Singapore,33.900000,0.0172527864,1964.900000,Stable panel of economies reported in every month
2005-10-01,2002M01-2007M12,Taiwan,68.900000,0.0350653977,1964.900000,Stable panel of economies reported in every month
2005-10-01,2002M01-2007M12,Hong Kong,44.000000,0.0223929971,1964.900000,Stable panel of economies reported in every month
2005-10-01,2002M01-2007M12,United Kingdom,100.300000,0.0510458548,1964.900000,Stable panel of economies reported in every month
2005-10-01,2002M01-2007M12,Mainland China,301.700000,0.1535447097,1964.900000,Stable panel of economies reported in every month
2005-10-01,2002M01-2007M12,Japan,667.600000,0.3397628378,1964.900000,Stable panel of economies reported in every month
2005-11-01,2002M01-2007M12,All other foreign,713.400000,0.3507374631,2034.000000,Stable panel of economies reported in every month
2005-11-01,2002M01-2007M12,South Korea,68.800000,0.0338249754,2034.000000,Stable panel of economies reported in every month
2005-11-01,2002M01-2007M12,Singapore,33.400000,0.0164208456,2034.000000,Stable panel of economies reported in every month
2005-11-01,2002M01-2007M12,Taiwan,68.300000,0.0335791544,2034.000000,Stable panel of economies reported in every month
2005-11-01,2002M01-2007M12,Hong Kong,42.800000,0.0210422812,2034.000000,Stable panel of economies reported in every month
2005-11-01,2002M01-2007M12,United Kingdom,135.500000,0.0666175025,2034.000000,Stable panel of economies reported in every month
2005-11-01,2002M01-2007M12,Mainland China,303.900000,0.1494100295,2034.000000,Stable panel of economies reported in every month
2005-11-01,2002M01-2007M12,Japan,667.900000,0.3283677483,2034.000000,Stable panel of economies reported in every month
2005-12-01,2002M01-2007M12,All other foreign,697.500000,0.3429372142,2033.900000,Stable panel of economies reported in every month
2005-12-01,2002M01-2007M12,South Korea,69.000000,0.0339249717,2033.900000,Stable panel of economies reported in every month
2005-12-01,2002M01-2007M12,Singapore,33.000000,0.0162249865,2033.900000,Stable panel of economies reported in every month
2005-12-01,2002M01-2007M12,Taiwan,68.100000,0.0334824721,2033.900000,Stable panel of economies reported in every month
2005-12-01,2002M01-2007M12,Hong Kong,40.300000,0.0198141502,2033.900000,Stable panel of economies reported in every month
2005-12-01,2002M01-2007M12,United Kingdom,146.000000,0.0717832735,2033.900000,Stable panel of economies reported in every month
2005-12-01,2002M01-2007M12,Mainland China,310.000000,0.1524165397,2033.900000,Stable panel of economies reported in every month
2005-12-01,2002M01-2007M12,Japan,670.000000,0.3294163922,2033.900000,Stable panel of economies reported in every month
2006-02-01,2002M01-2007M12,All other foreign,713.900000,0.3446627722,2071.300000,Stable panel of economies reported in every month
2006-02-01,2002M01-2007M12,South Korea,72.800000,0.0351470091,2071.300000,Stable panel of economies reported in every month
2006-02-01,2002M01-2007M12,Singapore,33.600000,0.0162216965,2071.300000,Stable panel of economies reported in every month
2006-02-01,2002M01-2007M12,Taiwan,68.900000,0.0332641336,2071.300000,Stable panel of economies reported in every month
2006-02-01,2002M01-2007M12,Hong Kong,44.900000,0.0216772076,2071.300000,Stable panel of economies reported in every month
2006-02-01,2002M01-2007M12,United Kingdom,162.400000,0.0784048665,2071.300000,Stable panel of economies reported in every month
2006-02-01,2002M01-2007M12,Mainland China,318.400000,0.1537198861,2071.300000,Stable panel of economies reported in every month
2006-02-01,2002M01-2007M12,Japan,656.400000,0.3169024284,2071.300000,Stable panel of economies reported in every month
2006-03-01,2002M01-2007M12,All other foreign,723.600000,0.3475337400,2082.100000,Stable panel of economies reported in every month
2006-03-01,2002M01-2007M12,South Korea,72.400000,0.0347725854,2082.100000,Stable panel of economies reported in every month
2006-03-01,2002M01-2007M12,Singapore,33.200000,0.0159454397,2082.100000,Stable panel of economies reported in every month
2006-03-01,2002M01-2007M12,Taiwan,68.900000,0.0330915902,2082.100000,Stable panel of economies reported in every month
2006-03-01,2002M01-2007M12,Hong Kong,46.600000,0.0223812497,2082.100000,Stable panel of economies reported in every month
2006-03-01,2002M01-2007M12,United Kingdom,179.200000,0.0860669516,2082.100000,Stable panel of economies reported in every month
2006-03-01,2002M01-2007M12,Mainland China,319.200000,0.1533067576,2082.100000,Stable panel of economies reported in every month
2006-03-01,2002M01-2007M12,Japan,639.000000,0.3069016858,2082.100000,Stable panel of economies reported in every month
2006-04-01,2002M01-2007M12,All other foreign,706.700000,0.3431415392,2059.500000,Stable panel of economies reported in every month
2006-04-01,2002M01-2007M12,South Korea,70.900000,0.0344258315,2059.500000,Stable panel of economies reported in every month
2006-04-01,2002M01-2007M12,Singapore,36.800000,0.0178684147,2059.500000,Stable panel of economies reported in every month
2006-04-01,2002M01-2007M12,Taiwan,68.900000,0.0334547220,2059.500000,Stable panel of economies reported in every month
2006-04-01,2002M01-2007M12,Hong Kong,49.500000,0.0240349599,2059.500000,Stable panel of economies reported in every month
2006-04-01,2002M01-2007M12,United Kingdom,166.200000,0.0806991988,2059.500000,Stable panel of economies reported in every month
2006-04-01,2002M01-2007M12,Mainland China,321.100000,0.1559116290,2059.500000,Stable panel of economies reported in every month
2006-04-01,2002M01-2007M12,Japan,639.400000,0.3104637048,2059.500000,Stable panel of economies reported in every month
2006-05-01,2002M01-2007M12,All other foreign,716.500000,0.3459013228,2071.400000,Stable panel of economies reported in every month
2006-05-01,2002M01-2007M12,South Korea,68.200000,0.0329245921,2071.400000,Stable panel of economies reported in every month
2006-05-01,2002M01-2007M12,Singapore,35.900000,0.0173312735,2071.400000,Stable panel of economies reported in every month
2006-05-01,2002M01-2007M12,Taiwan,67.500000,0.0325866564,2071.400000,Stable panel of economies reported in every month
2006-05-01,2002M01-2007M12,Hong Kong,48.500000,0.0234141161,2071.400000,Stable panel of economies reported in every month
2006-05-01,2002M01-2007M12,United Kingdom,174.200000,0.0840977117,2071.400000,Stable panel of economies reported in every month
2006-05-01,2002M01-2007M12,Mainland China,324.500000,0.1566573332,2071.400000,Stable panel of economies reported in every month
2006-05-01,2002M01-2007M12,Japan,636.100000,0.3070869943,2071.400000,Stable panel of economies reported in every month
2006-06-01,2002M01-2007M12,All other foreign,711.900000,0.3397604162,2095.300000,Stable panel of economies reported in every month
2006-06-01,2002M01-2007M12,South Korea,68.300000,0.0325967642,2095.300000,Stable panel of economies reported in every month
2006-06-01,2002M01-2007M12,Singapore,34.900000,0.0166563261,2095.300000,Stable panel of economies reported in every month
2006-06-01,2002M01-2007M12,Taiwan,67.100000,0.0320240538,2095.300000,Stable panel of economies reported in every month
2006-06-01,2002M01-2007M12,Hong Kong,48.800000,0.0232902210,2095.300000,Stable panel of economies reported in every month
2006-06-01,2002M01-2007M12,United Kingdom,200.900000,0.0958812581,2095.300000,Stable panel of economies reported in every month
2006-06-01,2002M01-2007M12,Mainland China,328.000000,0.1565408295,2095.300000,Stable panel of economies reported in every month
2006-06-01,2002M01-2007M12,Japan,635.400000,0.3032501312,2095.300000,Stable panel of economies reported in every month
2006-07-01,2002M01-2007M12,All other foreign,743.500000,0.3730744142,1992.900000,Stable panel of economies reported in every month
2006-07-01,2002M01-2007M12,South Korea,65.100000,0.0326659642,1992.900000,Stable panel of economies reported in every month
2006-07-01,2002M01-2007M12,Singapore,35.000000,0.0175623463,1992.900000,Stable panel of economies reported in every month
2006-07-01,2002M01-2007M12,Taiwan,63.000000,0.0316122234,1992.900000,Stable panel of economies reported in every month
2006-07-01,2002M01-2007M12,Hong Kong,48.900000,0.0245371067,1992.900000,Stable panel of economies reported in every month
2006-07-01,2002M01-2007M12,United Kingdom,44.300000,0.0222289126,1992.900000,Stable panel of economies reported in every month
2006-07-01,2002M01-2007M12,Mainland China,378.200000,0.1897736966,1992.900000,Stable panel of economies reported in every month
2006-07-01,2002M01-2007M12,Japan,614.900000,0.3085453359,1992.900000,Stable panel of economies reported in every month
2006-08-01,2002M01-2007M12,All other foreign,762.600000,0.3741903827,2038.000000,Stable panel of economies reported in every month
2006-08-01,2002M01-2007M12,South Korea,63.400000,0.0311089303,2038.000000,Stable panel of economies reported in every month
2006-08-01,2002M01-2007M12,Singapore,34.700000,0.0170264966,2038.000000,Stable panel of economies reported in every month
2006-08-01,2002M01-2007M12,Taiwan,61.900000,0.0303729146,2038.000000,Stable panel of economies reported in every month
2006-08-01,2002M01-2007M12,Hong Kong,50.700000,0.0248773307,2038.000000,Stable panel of economies reported in every month
2006-08-01,2002M01-2007M12,United Kingdom,54.700000,0.0268400393,2038.000000,Stable panel of economies reported in every month
2006-08-01,2002M01-2007M12,Mainland China,386.500000,0.1896467125,2038.000000,Stable panel of economies reported in every month
2006-08-01,2002M01-2007M12,Japan,623.500000,0.3059371933,2038.000000,Stable panel of economies reported in every month
2006-09-01,2002M01-2007M12,All other foreign,745.200000,0.3679454896,2025.300000,Stable panel of economies reported in every month
2006-09-01,2002M01-2007M12,South Korea,65.700000,0.0324396386,2025.300000,Stable panel of economies reported in every month
2006-09-01,2002M01-2007M12,Singapore,34.000000,0.0167876364,2025.300000,Stable panel of economies reported in every month
2006-09-01,2002M01-2007M12,Taiwan,61.300000,0.0302671209,2025.300000,Stable panel of economies reported in every month
2006-09-01,2002M01-2007M12,Hong Kong,49.700000,0.0245395744,2025.300000,Stable panel of economies reported in every month
2006-09-01,2002M01-2007M12,United Kingdom,61.600000,0.0304152471,2025.300000,Stable panel of economies reported in every month
2006-09-01,2002M01-2007M12,Mainland China,389.700000,0.1924159384,2025.300000,Stable panel of economies reported in every month
2006-09-01,2002M01-2007M12,Japan,618.100000,0.3051893547,2025.300000,Stable panel of economies reported in every month
2006-10-01,2002M01-2007M12,All other foreign,774.200000,0.3768496885,2054.400000,Stable panel of economies reported in every month
2006-10-01,2002M01-2007M12,South Korea,65.700000,0.0319801402,2054.400000,Stable panel of economies reported in every month
2006-10-01,2002M01-2007M12,Singapore,31.100000,0.0151382399,2054.400000,Stable panel of economies reported in every month
2006-10-01,2002M01-2007M12,Taiwan,60.800000,0.0295950156,2054.400000,Stable panel of economies reported in every month
2006-10-01,2002M01-2007M12,Hong Kong,50.600000,0.0246300623,2054.400000,Stable panel of economies reported in every month
2006-10-01,2002M01-2007M12,United Kingdom,61.700000,0.0300330997,2054.400000,Stable panel of economies reported in every month
2006-10-01,2002M01-2007M12,Mainland China,392.200000,0.1909073209,2054.400000,Stable panel of economies reported in every month
2006-10-01,2002M01-2007M12,Japan,618.100000,0.3008664330,2054.400000,Stable panel of economies reported in every month
2006-11-01,2002M01-2007M12,All other foreign,805.200000,0.3839771102,2097.000000,Stable panel of economies reported in every month
2006-11-01,2002M01-2007M12,South Korea,64.500000,0.0307582260,2097.000000,Stable panel of economies reported in every month
2006-11-01,2002M01-2007M12,Singapore,30.900000,0.0147353362,2097.000000,Stable panel of economies reported in every month
2006-11-01,2002M01-2007M12,Taiwan,59.500000,0.0283738674,2097.000000,Stable panel of economies reported in every month
2006-11-01,2002M01-2007M12,Hong Kong,51.100000,0.0243681450,2097.000000,Stable panel of economies reported in every month
2006-11-01,2002M01-2007M12,United Kingdom,76.100000,0.0362899380,2097.000000,Stable panel of economies reported in every month
2006-11-01,2002M01-2007M12,Mainland China,393.800000,0.1877920839,2097.000000,Stable panel of economies reported in every month
2006-11-01,2002M01-2007M12,Japan,615.900000,0.2937052933,2097.000000,Stable panel of economies reported in every month
2006-12-01,2002M01-2007M12,All other foreign,779.300000,0.3705482383,2103.100000,Stable panel of economies reported in every month
2006-12-01,2002M01-2007M12,South Korea,66.700000,0.0317150873,2103.100000,Stable panel of economies reported in every month
2006-12-01,2002M01-2007M12,Singapore,31.300000,0.0148827921,2103.100000,Stable panel of economies reported in every month
2006-12-01,2002M01-2007M12,Taiwan,59.400000,0.0282440207,2103.100000,Stable panel of economies reported in every month
2006-12-01,2002M01-2007M12,Hong Kong,54.000000,0.0256763825,2103.100000,Stable panel of economies reported in every month
2006-12-01,2002M01-2007M12,United Kingdom,92.600000,0.0440302411,2103.100000,Stable panel of economies reported in every month
2006-12-01,2002M01-2007M12,Mainland China,396.900000,0.1887214113,2103.100000,Stable panel of economies reported in every month
2006-12-01,2002M01-2007M12,Japan,622.900000,0.2961818268,2103.100000,Stable panel of economies reported in every month
2007-02-01,2002M01-2007M12,All other foreign,786.400000,0.3669108384,2143.300000,Stable panel of economies reported in every month
2007-02-01,2002M01-2007M12,South Korea,56.900000,0.0265478468,2143.300000,Stable panel of economies reported in every month
2007-02-01,2002M01-2007M12,Singapore,31.200000,0.0145569916,2143.300000,Stable panel of economies reported in every month
2007-02-01,2002M01-2007M12,Taiwan,57.500000,0.0268277889,2143.300000,Stable panel of economies reported in every month
2007-02-01,2002M01-2007M12,Hong Kong,57.300000,0.0267344749,2143.300000,Stable panel of economies reported in every month
2007-02-01,2002M01-2007M12,United Kingdom,121.600000,0.0567349414,2143.300000,Stable panel of economies reported in every month
2007-02-01,2002M01-2007M12,Mainland China,416.000000,0.1940932207,2143.300000,Stable panel of economies reported in every month
2007-02-01,2002M01-2007M12,Japan,616.400000,0.2875938973,2143.300000,Stable panel of economies reported in every month
2007-03-01,2002M01-2007M12,All other foreign,812.100000,0.3700952468,2194.300000,Stable panel of economies reported in every month
2007-03-01,2002M01-2007M12,South Korea,57.900000,0.0263865470,2194.300000,Stable panel of economies reported in every month
2007-03-01,2002M01-2007M12,Singapore,28.800000,0.0131249146,2194.300000,Stable panel of economies reported in every month
2007-03-01,2002M01-2007M12,Taiwan,58.100000,0.0264776922,2194.300000,Stable panel of economies reported in every month
2007-03-01,2002M01-2007M12,Hong Kong,58.500000,0.0266599827,2194.300000,Stable panel of economies reported in every month
2007-03-01,2002M01-2007M12,United Kingdom,147.500000,0.0672196145,2194.300000,Stable panel of economies reported in every month
2007-03-01,2002M01-2007M12,Mainland China,420.000000,0.1914050039,2194.300000,Stable panel of economies reported in every month
2007-03-01,2002M01-2007M12,Japan,611.400000,0.2786309985,2194.300000,Stable panel of economies reported in every month
2007-04-01,2002M01-2007M12,All other foreign,800.600000,0.3695872957,2166.200000,Stable panel of economies reported in every month
2007-04-01,2002M01-2007M12,South Korea,54.100000,0.0249746099,2166.200000,Stable panel of economies reported in every month
2007-04-01,2002M01-2007M12,Singapore,32.100000,0.0148185763,2166.200000,Stable panel of economies reported in every month
2007-04-01,2002M01-2007M12,Taiwan,59.200000,0.0273289632,2166.200000,Stable panel of economies reported in every month
2007-04-01,2002M01-2007M12,Hong Kong,56.300000,0.0259902133,2166.200000,Stable panel of economies reported in every month
2007-04-01,2002M01-2007M12,United Kingdom,135.100000,0.0623672791,2166.200000,Stable panel of economies reported in every month
2007-04-01,2002M01-2007M12,Mainland China,414.200000,0.1912104146,2166.200000,Stable panel of economies reported in every month
2007-04-01,2002M01-2007M12,Japan,614.600000,0.2837226480,2166.200000,Stable panel of economies reported in every month
2007-05-01,2002M01-2007M12,All other foreign,790.400000,0.3618053648,2184.600000,Stable panel of economies reported in every month
2007-05-01,2002M01-2007M12,South Korea,52.100000,0.0238487595,2184.600000,Stable panel of economies reported in every month
2007-05-01,2002M01-2007M12,Singapore,34.400000,0.0157465898,2184.600000,Stable panel of economies reported in every month
2007-05-01,2002M01-2007M12,Taiwan,57.400000,0.0262748329,2184.600000,Stable panel of economies reported in every month
2007-05-01,2002M01-2007M12,Hong Kong,58.600000,0.0268241326,2184.600000,Stable panel of economies reported in every month
2007-05-01,2002M01-2007M12,United Kingdom,169.200000,0.0774512497,2184.600000,Stable panel of economies reported in every month
2007-05-01,2002M01-2007M12,Mainland China,407.500000,0.1865330038,2184.600000,Stable panel of economies reported in every month
2007-05-01,2002M01-2007M12,Japan,615.000000,0.2815160670,2184.600000,Stable panel of economies reported in every month
2007-06-01,2002M01-2007M12,All other foreign,780.200000,0.3560606061,2191.200000,Stable panel of economies reported in every month
2007-06-01,2002M01-2007M12,South Korea,50.000000,0.0228185469,2191.200000,Stable panel of economies reported in every month
2007-06-01,2002M01-2007M12,Singapore,33.000000,0.0150602410,2191.200000,Stable panel of economies reported in every month
2007-06-01,2002M01-2007M12,Taiwan,57.500000,0.0262413290,2191.200000,Stable panel of economies reported in every month
2007-06-01,2002M01-2007M12,Hong Kong,60.500000,0.0276104418,2191.200000,Stable panel of economies reported in every month
2007-06-01,2002M01-2007M12,United Kingdom,191.900000,0.0875775831,2191.200000,Stable panel of economies reported in every month
2007-06-01,2002M01-2007M12,Mainland China,405.200000,0.1849215042,2191.200000,Stable panel of economies reported in every month
2007-06-01,2002M01-2007M12,Japan,612.900000,0.2797097481,2191.200000,Stable panel of economies reported in every month
2007-07-01,2002M01-2007M12,All other foreign,851.700000,0.3870483981,2200.500000,Stable panel of economies reported in every month
2007-07-01,2002M01-2007M12,South Korea,44.400000,0.0201772324,2200.500000,Stable panel of economies reported in every month
2007-07-01,2002M01-2007M12,Singapore,36.300000,0.0164962509,2200.500000,Stable panel of economies reported in every month
2007-07-01,2002M01-2007M12,Taiwan,44.600000,0.0202681209,2200.500000,Stable panel of economies reported in every month
2007-07-01,2002M01-2007M12,Hong Kong,55.900000,0.0254033174,2200.500000,Stable panel of economies reported in every month
2007-07-01,2002M01-2007M12,United Kingdom,67.000000,0.0304476255,2200.500000,Stable panel of economies reported in every month
2007-07-01,2002M01-2007M12,Mainland China,480.000000,0.2181322427,2200.500000,Stable panel of economies reported in every month
2007-07-01,2002M01-2007M12,Japan,620.600000,0.2820268121,2200.500000,Stable panel of economies reported in every month
2007-08-01,2002M01-2007M12,All other foreign,878.200000,0.3959779962,2217.800000,Stable panel of economies reported in every month
2007-08-01,2002M01-2007M12,South Korea,42.600000,0.0192082244,2217.800000,Stable panel of economies reported in every month
2007-08-01,2002M01-2007M12,Singapore,37.800000,0.0170439174,2217.800000,Stable panel of economies reported in every month
2007-08-01,2002M01-2007M12,Taiwan,39.500000,0.0178104428,2217.800000,Stable panel of economies reported in every month
2007-08-01,2002M01-2007M12,Hong Kong,53.200000,0.0239877356,2217.800000,Stable panel of economies reported in every month
2007-08-01,2002M01-2007M12,United Kingdom,99.500000,0.0448642799,2217.800000,Stable panel of economies reported in every month
2007-08-01,2002M01-2007M12,Mainland China,471.200000,0.2124628010,2217.800000,Stable panel of economies reported in every month
2007-08-01,2002M01-2007M12,Japan,595.800000,0.2686446028,2217.800000,Stable panel of economies reported in every month
2007-09-01,2002M01-2007M12,All other foreign,887.400000,0.3969759327,2235.400000,Stable panel of economies reported in every month
2007-09-01,2002M01-2007M12,South Korea,39.400000,0.0176254809,2235.400000,Stable panel of economies reported in every month
2007-09-01,2002M01-2007M12,Singapore,36.600000,0.0163729087,2235.400000,Stable panel of economies reported in every month
2007-09-01,2002M01-2007M12,Taiwan,39.900000,0.0178491545,2235.400000,Stable panel of economies reported in every month
2007-09-01,2002M01-2007M12,Hong Kong,52.600000,0.0235304643,2235.400000,Stable panel of economies reported in every month
2007-09-01,2002M01-2007M12,United Kingdom,119.900000,0.0536369330,2235.400000,Stable panel of economies reported in every month
2007-09-01,2002M01-2007M12,Mainland China,467.700000,0.2092242999,2235.400000,Stable panel of economies reported in every month
2007-09-01,2002M01-2007M12,Japan,591.900000,0.2647848260,2235.400000,Stable panel of economies reported in every month
2007-10-01,2002M01-2007M12,All other foreign,915.500000,0.3981992954,2299.100000,Stable panel of economies reported in every month
2007-10-01,2002M01-2007M12,South Korea,37.000000,0.0160932539,2299.100000,Stable panel of economies reported in every month
2007-10-01,2002M01-2007M12,Singapore,38.800000,0.0168761689,2299.100000,Stable panel of economies reported in every month
2007-10-01,2002M01-2007M12,Taiwan,40.700000,0.0177025793,2299.100000,Stable panel of economies reported in every month
2007-10-01,2002M01-2007M12,Hong Kong,51.300000,0.0223130790,2299.100000,Stable panel of economies reported in every month
2007-10-01,2002M01-2007M12,United Kingdom,154.900000,0.0673741899,2299.100000,Stable panel of economies reported in every month
2007-10-01,2002M01-2007M12,Mainland China,459.100000,0.1996868340,2299.100000,Stable panel of economies reported in every month
2007-10-01,2002M01-2007M12,Japan,601.800000,0.2617545996,2299.100000,Stable panel of economies reported in every month
2007-11-01,2002M01-2007M12,All other foreign,945.600000,0.4049678801,2335.000000,Stable panel of economies reported in every month
2007-11-01,2002M01-2007M12,South Korea,37.800000,0.0161884368,2335.000000,Stable panel of economies reported in every month
2007-11-01,2002M01-2007M12,Singapore,40.200000,0.0172162741,2335.000000,Stable panel of economies reported in every month
2007-11-01,2002M01-2007M12,Taiwan,37.100000,0.0158886510,2335.000000,Stable panel of economies reported in every month
2007-11-01,2002M01-2007M12,Hong Kong,51.700000,0.0221413276,2335.000000,Stable panel of economies reported in every month
2007-11-01,2002M01-2007M12,United Kingdom,174.100000,0.0745610278,2335.000000,Stable panel of economies reported in every month
2007-11-01,2002M01-2007M12,Mainland China,458.900000,0.1965310493,2335.000000,Stable panel of economies reported in every month
2007-11-01,2002M01-2007M12,Japan,589.600000,0.2525053533,2335.000000,Stable panel of economies reported in every month
2007-12-01,2002M01-2007M12,All other foreign,967.400000,0.4114669729,2351.100000,Stable panel of economies reported in every month
2007-12-01,2002M01-2007M12,South Korea,39.200000,0.0166730467,2351.100000,Stable panel of economies reported in every month
2007-12-01,2002M01-2007M12,Singapore,39.800000,0.0169282464,2351.100000,Stable panel of economies reported in every month
2007-12-01,2002M01-2007M12,Taiwan,38.200000,0.0162477138,2351.100000,Stable panel of economies reported in every month
2007-12-01,2002M01-2007M12,Hong Kong,51.100000,0.0217345073,2351.100000,Stable panel of economies reported in every month
2007-12-01,2002M01-2007M12,United Kingdom,157.900000,0.0671600527,2351.100000,Stable panel of economies reported in every month
2007-12-01,2002M01-2007M12,Mainland China,477.600000,0.2031389562,2351.100000,Stable panel of economies reported in every month
2007-12-01,2002M01-2007M12,Japan,579.900000,0.2466505040,2351.100000,Stable panel of economies reported in every month
2008-02-01,2008M01-2023M09,All other foreign,1004.700000,0.4141043607,2426.200000,Stable panel of economies reported in every month
2008-02-01,2008M01-2023M09,South Korea,41.300000,0.0170225043,2426.200000,Stable panel of economies reported in every month
2008-02-01,2008M01-2023M09,Singapore,33.500000,0.0138076004,2426.200000,Stable panel of economies reported in every month
2008-02-01,2008M01-2023M09,Taiwan,38.400000,0.0158272195,2426.200000,Stable panel of economies reported in every month
2008-02-01,2008M01-2023M09,Hong Kong,57.500000,0.0236996126,2426.200000,Stable panel of economies reported in every month
2008-02-01,2008M01-2023M09,United Kingdom,180.600000,0.0744373918,2426.200000,Stable panel of economies reported in every month
2008-02-01,2008M01-2023M09,Mainland China,486.900000,0.2006841975,2426.200000,Stable panel of economies reported in every month
2008-02-01,2008M01-2023M09,Japan,583.300000,0.2404171132,2426.200000,Stable panel of economies reported in every month
2008-03-01,2008M01-2023M09,All other foreign,1042.500000,0.4159518015,2506.300000,Stable panel of economies reported in every month
2008-03-01,2008M01-2023M09,South Korea,40.700000,0.0162390775,2506.300000,Stable panel of economies reported in every month
2008-03-01,2008M01-2023M09,Singapore,33.300000,0.0132865180,2506.300000,Stable panel of economies reported in every month
2008-03-01,2008M01-2023M09,Taiwan,40.800000,0.0162789770,2506.300000,Stable panel of economies reported in every month
2008-03-01,2008M01-2023M09,Hong Kong,60.500000,0.0241391693,2506.300000,Stable panel of economies reported in every month
2008-03-01,2008M01-2023M09,United Kingdom,200.500000,0.0799984040,2506.300000,Stable panel of economies reported in every month
2008-03-01,2008M01-2023M09,Mainland China,490.600000,0.1957467183,2506.300000,Stable panel of economies reported in every month
2008-03-01,2008M01-2023M09,Japan,597.400000,0.2383593345,2506.300000,Stable panel of economies reported in every month
2008-04-01,2008M01-2023M09,All other foreign,1069.600000,0.4134998260,2586.700000,Stable panel of economies reported in every month
2008-04-01,2008M01-2023M09,South Korea,40.400000,0.0156183554,2586.700000,Stable panel of economies reported in every month
2008-04-01,2008M01-2023M09,Singapore,33.500000,0.0129508640,2586.700000,Stable panel of economies reported in every month
2008-04-01,2008M01-2023M09,Taiwan,42.200000,0.0163142228,2586.700000,Stable panel of economies reported in every month
2008-04-01,2008M01-2023M09,Hong Kong,63.100000,0.0243940155,2586.700000,Stable panel of economies reported in every month
2008-04-01,2008M01-2023M09,United Kingdom,247.100000,0.0955271195,2586.700000,Stable panel of economies reported in every month
2008-04-01,2008M01-2023M09,Mainland China,502.000000,0.1940696641,2586.700000,Stable panel of economies reported in every month
2008-04-01,2008M01-2023M09,Japan,588.800000,0.2276259327,2586.700000,Stable panel of economies reported in every month
2008-05-01,2008M01-2023M09,All other foreign,1074.900000,0.4137891211,2597.700000,Stable panel of economies reported in every month
2008-05-01,2008M01-2023M09,South Korea,38.400000,0.0147823074,2597.700000,Stable panel of economies reported in every month
2008-05-01,2008M01-2023M09,Singapore,30.600000,0.0117796512,2597.700000,Stable panel of economies reported in every month
2008-05-01,2008M01-2023M09,Taiwan,38.900000,0.0149747854,2597.700000,Stable panel of economies reported in every month
2008-05-01,2008M01-2023M09,Hong Kong,61.400000,0.0236362936,2597.700000,Stable panel of economies reported in every month
2008-05-01,2008M01-2023M09,United Kingdom,271.400000,0.1044770374,2597.700000,Stable panel of economies reported in every month
2008-05-01,2008M01-2023M09,Mainland China,506.800000,0.1950956615,2597.700000,Stable panel of economies reported in every month
2008-05-01,2008M01-2023M09,Japan,575.300000,0.2214651422,2597.700000,Stable panel of economies reported in every month
2008-06-01,2008M01-2023M09,All other foreign,1102.800000,0.4187106082,2633.800000,Stable panel of economies reported in every month
2008-06-01,2008M01-2023M09,South Korea,36.400000,0.0138203356,2633.800000,Stable panel of economies reported in every month
2008-06-01,2008M01-2023M09,Singapore,30.300000,0.0115042904,2633.800000,Stable panel of economies reported in every month
2008-06-01,2008M01-2023M09,Taiwan,39.600000,0.0150353102,2633.800000,Stable panel of economies reported in every month
2008-06-01,2008M01-2023M09,Hong Kong,61.200000,0.0232363885,2633.800000,Stable panel of economies reported in every month
2008-06-01,2008M01-2023M09,United Kingdom,279.300000,0.1060444984,2633.800000,Stable panel of economies reported in every month
2008-06-01,2008M01-2023M09,Mainland China,503.800000,0.1912825575,2633.800000,Stable panel of economies reported in every month
2008-06-01,2008M01-2023M09,Japan,580.400000,0.2203660111,2633.800000,Stable panel of economies reported in every month
2008-07-01,2008M01-2023M09,All other foreign,1165.100000,0.4439829281,2624.200000,Stable panel of economies reported in every month
2008-07-01,2008M01-2023M09,South Korea,39.400000,0.0150140995,2624.200000,Stable panel of economies reported in every month
2008-07-01,2008M01-2023M09,Singapore,32.800000,0.0124990473,2624.200000,Stable panel of economies reported in every month
2008-07-01,2008M01-2023M09,Taiwan,67.900000,0.0258745522,2624.200000,Stable panel of economies reported in every month
2008-07-01,2008M01-2023M09,Hong Kong,65.200000,0.0248456673,2624.200000,Stable panel of economies reported in every month
2008-07-01,2008M01-2023M09,United Kingdom,66.200000,0.0252267358,2624.200000,Stable panel of economies reported in every month
2008-07-01,2008M01-2023M09,Mainland China,550.000000,0.2095876839,2624.200000,Stable panel of economies reported in every month
2008-07-01,2008M01-2023M09,Japan,637.600000,0.2429692859,2624.200000,Stable panel of economies reported in every month
2008-08-01,2008M01-2023M09,All other foreign,1196.000000,0.4448246364,2688.700000,Stable panel of economies reported in every month
2008-08-01,2008M01-2023M09,South Korea,42.100000,0.0156581247,2688.700000,Stable panel of economies reported in every month
2008-08-01,2008M01-2023M09,Singapore,31.900000,0.0118644698,2688.700000,Stable panel of economies reported in every month
2008-08-01,2008M01-2023M09,Taiwan,66.200000,0.0246215643,2688.700000,Stable panel of economies reported in every month
2008-08-01,2008M01-2023M09,Hong Kong,65.800000,0.0244727935,2688.700000,Stable panel of economies reported in every month
2008-08-01,2008M01-2023M09,United Kingdom,82.700000,0.0307583591,2688.700000,Stable panel of economies reported in every month
2008-08-01,2008M01-2023M09,Mainland China,573.700000,0.2133744932,2688.700000,Stable panel of economies reported in every month
2008-08-01,2008M01-2023M09,Japan,630.300000,0.2344255588,2688.700000,Stable panel of economies reported in every month
2008-09-01,2008M01-2023M09,All other foreign,1250.100000,0.4460819298,2802.400000,Stable panel of economies reported in every month
2008-09-01,2008M01-2023M09,South Korea,40.200000,0.0143448473,2802.400000,Stable panel of economies reported in every month
2008-09-01,2008M01-2023M09,Singapore,32.200000,0.0114901513,2802.400000,Stable panel of economies reported in every month
2008-09-01,2008M01-2023M09,Taiwan,63.000000,0.0224807308,2802.400000,Stable panel of economies reported in every month
2008-09-01,2008M01-2023M09,Hong Kong,65.500000,0.0233728233,2802.400000,Stable panel of economies reported in every month
2008-09-01,2008M01-2023M09,United Kingdom,115.700000,0.0412860405,2802.400000,Stable panel of economies reported in every month
2008-09-01,2008M01-2023M09,Mainland China,618.200000,0.2205966315,2802.400000,Stable panel of economies reported in every month
2008-09-01,2008M01-2023M09,Japan,617.500000,0.2203468456,2802.400000,Stable panel of economies reported in every month
2008-10-01,2008M01-2023M09,All other foreign,1326.800000,0.4451452728,2980.600000,Stable panel of economies reported in every month
2008-10-01,2008M01-2023M09,South Korea,36.200000,0.0121452057,2980.600000,Stable panel of economies reported in every month
2008-10-01,2008M01-2023M09,Singapore,34.100000,0.0114406495,2980.600000,Stable panel of economies reported in every month
2008-10-01,2008M01-2023M09,Taiwan,65.900000,0.0221096424,2980.600000,Stable panel of economies reported in every month
2008-10-01,2008M01-2023M09,Hong Kong,69.800000,0.0234181037,2980.600000,Stable panel of economies reported in every month
2008-10-01,2008M01-2023M09,United Kingdom,134.100000,0.0449909414,2980.600000,Stable panel of economies reported in every month
2008-10-01,2008M01-2023M09,Mainland China,684.100000,0.2295175468,2980.600000,Stable panel of economies reported in every month
2008-10-01,2008M01-2023M09,Japan,629.600000,0.2112326377,2980.600000,Stable panel of economies reported in every month
2008-11-01,2008M01-2023M09,All other foreign,1352.800000,0.4454982546,3036.600000,Stable panel of economies reported in every month
2008-11-01,2008M01-2023M09,South Korea,32.700000,0.0107686228,3036.600000,Stable panel of economies reported in every month
2008-11-01,2008M01-2023M09,Singapore,38.900000,0.0128103800,3036.600000,Stable panel of economies reported in every month
2008-11-01,2008M01-2023M09,Taiwan,70.200000,0.0231179609,3036.600000,Stable panel of economies reported in every month
2008-11-01,2008M01-2023M09,Hong Kong,70.600000,0.0232496872,3036.600000,Stable panel of economies reported in every month
2008-11-01,2008M01-2023M09,United Kingdom,133.000000,0.0437989857,3036.600000,Stable panel of economies reported in every month
2008-11-01,2008M01-2023M09,Mainland China,713.200000,0.2348679444,3036.600000,Stable panel of economies reported in every month
2008-11-01,2008M01-2023M09,Japan,625.200000,0.2058881644,3036.600000,Stable panel of economies reported in every month
2008-12-01,2008M01-2023M09,All other foreign,1371.500000,0.4456973872,3077.200000,Stable panel of economies reported in every month
2008-12-01,2008M01-2023M09,South Korea,31.300000,0.0101715846,3077.200000,Stable panel of economies reported in every month
2008-12-01,2008M01-2023M09,Singapore,40.900000,0.0132913038,3077.200000,Stable panel of economies reported in every month
2008-12-01,2008M01-2023M09,Taiwan,71.800000,0.0233329000,3077.200000,Stable panel of economies reported in every month
2008-12-01,2008M01-2023M09,Hong Kong,77.200000,0.0250877421,3077.200000,Stable panel of economies reported in every month
2008-12-01,2008M01-2023M09,United Kingdom,131.100000,0.0426036657,3077.200000,Stable panel of economies reported in every month
2008-12-01,2008M01-2023M09,Mainland China,727.400000,0.2363837255,3077.200000,Stable panel of economies reported in every month
2008-12-01,2008M01-2023M09,Japan,626.000000,0.2034316911,3077.200000,Stable panel of economies reported in every month
2009-02-01,2008M01-2023M09,All other foreign,1404.500000,0.4441949461,3161.900000,Stable panel of economies reported in every month
2009-02-01,2008M01-2023M09,South Korea,33.300000,0.0105316424,3161.900000,Stable panel of economies reported in every month
2009-02-01,2008M01-2023M09,Singapore,39.500000,0.0124924887,3161.900000,Stable panel of economies reported in every month
2009-02-01,2008M01-2023M09,Taiwan,72.600000,0.0229608780,3161.900000,Stable panel of economies reported in every month
2009-02-01,2008M01-2023M09,Hong Kong,76.300000,0.0241310604,3161.900000,Stable panel of economies reported in every month
2009-02-01,2008M01-2023M09,United Kingdom,129.600000,0.0409880135,3161.900000,Stable panel of economies reported in every month
2009-02-01,2008M01-2023M09,Mainland China,744.200000,0.2353648123,3161.900000,Stable panel of economies reported in every month
2009-02-01,2008M01-2023M09,Japan,661.900000,0.2093361586,3161.900000,Stable panel of economies reported in every month
2009-03-01,2008M01-2023M09,All other foreign,1456.800000,0.4460911903,3265.700000,Stable panel of economies reported in every month
2009-03-01,2008M01-2023M09,South Korea,33.100000,0.0101356524,3265.700000,Stable panel of economies reported in every month
2009-03-01,2008M01-2023M09,Singapore,39.200000,0.0120035521,3265.700000,Stable panel of economies reported in every month
2009-03-01,2008M01-2023M09,Taiwan,74.800000,0.0229047371,3265.700000,Stable panel of economies reported in every month
2009-03-01,2008M01-2023M09,Hong Kong,78.900000,0.0241602107,3265.700000,Stable panel of economies reported in every month
2009-03-01,2008M01-2023M09,United Kingdom,128.300000,0.0392871360,3265.700000,Stable panel of economies reported in every month
2009-03-01,2008M01-2023M09,Mainland China,767.900000,0.2351410111,3265.700000,Stable panel of economies reported in every month
2009-03-01,2008M01-2023M09,Japan,686.700000,0.2102765104,3265.700000,Stable panel of economies reported in every month
2009-04-01,2008M01-2023M09,All other foreign,1425.500000,0.4369884430,3262.100000,Stable panel of economies reported in every month
2009-04-01,2008M01-2023M09,South Korea,35.400000,0.0108519052,3262.100000,Stable panel of economies reported in every month
2009-04-01,2008M01-2023M09,Singapore,39.800000,0.0122007296,3262.100000,Stable panel of economies reported in every month
2009-04-01,2008M01-2023M09,Taiwan,78.300000,0.0240029429,3262.100000,Stable panel of economies reported in every month
2009-04-01,2008M01-2023M09,Hong Kong,80.900000,0.0247999755,3262.100000,Stable panel of economies reported in every month
2009-04-01,2008M01-2023M09,United Kingdom,152.800000,0.0468409920,3262.100000,Stable panel of economies reported in every month
2009-04-01,2008M01-2023M09,Mainland China,763.500000,0.2340516845,3262.100000,Stable panel of economies reported in every month
2009-04-01,2008M01-2023M09,Japan,685.900000,0.2102633273,3262.100000,Stable panel of economies reported in every month
2009-05-01,2008M01-2023M09,All other foreign,1404.000000,0.4264107392,3292.600000,Stable panel of economies reported in every month
2009-05-01,2008M01-2023M09,South Korea,37.400000,0.0113588046,3292.600000,Stable panel of economies reported in every month
2009-05-01,2008M01-2023M09,Singapore,39.700000,0.0120573407,3292.600000,Stable panel of economies reported in every month
2009-05-01,2008M01-2023M09,Taiwan,75.700000,0.0229909494,3292.600000,Stable panel of economies reported in every month
2009-05-01,2008M01-2023M09,Hong Kong,93.200000,0.0283058981,3292.600000,Stable panel of economies reported in every month
2009-05-01,2008M01-2023M09,United Kingdom,163.900000,0.0497782907,3292.600000,Stable panel of economies reported in every month
2009-05-01,2008M01-2023M09,Mainland China,801.500000,0.2434246492,3292.600000,Stable panel of economies reported in every month
2009-05-01,2008M01-2023M09,Japan,677.200000,0.2056733281,3292.600000,Stable panel of economies reported in every month
2009-06-01,2008M01-2023M09,All other foreign,1428.700000,0.4222051479,3383.900000,Stable panel of economies reported in every month
2009-06-01,2008M01-2023M09,South Korea,36.300000,0.0107272674,3383.900000,Stable panel of economies reported in every month
2009-06-01,2008M01-2023M09,Singapore,40.900000,0.0120866456,3383.900000,Stable panel of economies reported in every month
2009-06-01,2008M01-2023M09,Taiwan,77.000000,0.0227548095,3383.900000,Stable panel of economies reported in every month
2009-06-01,2008M01-2023M09,Hong Kong,99.800000,0.0294925973,3383.900000,Stable panel of economies reported in every month
2009-06-01,2008M01-2023M09,United Kingdom,213.600000,0.0631224327,3383.900000,Stable panel of economies reported in every month
2009-06-01,2008M01-2023M09,Mainland China,776.400000,0.2294394042,3383.900000,Stable panel of economies reported in every month
2009-06-01,2008M01-2023M09,Japan,711.200000,0.2101716954,3383.900000,Stable panel of economies reported in every month
2009-07-01,2008M01-2023M09,All other foreign,1440.300000,0.4108334760,3505.800000,Stable panel of economies reported in every month
2009-07-01,2008M01-2023M09,South Korea,38.700000,0.0110388499,3505.800000,Stable panel of economies reported in every month
2009-07-01,2008M01-2023M09,Singapore,43.400000,0.0123794854,3505.800000,Stable panel of economies reported in every month
2009-07-01,2008M01-2023M09,Taiwan,114.400000,0.0326316390,3505.800000,Stable panel of economies reported in every month
2009-07-01,2008M01-2023M09,Hong Kong,111.100000,0.0316903417,3505.800000,Stable panel of economies reported in every month
2009-07-01,2008M01-2023M09,United Kingdom,97.100000,0.0276969593,3505.800000,Stable panel of economies reported in every month
2009-07-01,2008M01-2023M09,Mainland China,939.900000,0.2680985795,3505.800000,Stable panel of economies reported in every month
2009-07-01,2008M01-2023M09,Japan,720.900000,0.2056306692,3505.800000,Stable panel of economies reported in every month
2009-08-01,2008M01-2023M09,All other foreign,1446.500000,0.4096457195,3531.100000,Stable panel of economies reported in every month
2009-08-01,2008M01-2023M09,South Korea,39.800000,0.0112712752,3531.100000,Stable panel of economies reported in every month
2009-08-01,2008M01-2023M09,Singapore,43.100000,0.0122058282,3531.100000,Stable panel of economies reported in every month
2009-08-01,2008M01-2023M09,Taiwan,112.900000,0.0319730396,3531.100000,Stable panel of economies reported in every month
2009-08-01,2008M01-2023M09,Hong Kong,120.500000,0.0341253434,3531.100000,Stable panel of economies reported in every month
2009-08-01,2008M01-2023M09,United Kingdom,104.300000,0.0295375379,3531.100000,Stable panel of economies reported in every month
2009-08-01,2008M01-2023M09,Mainland China,936.500000,0.2652148056,3531.100000,Stable panel of economies reported in every month
2009-08-01,2008M01-2023M09,Japan,727.500000,0.2060264507,3531.100000,Stable panel of economies reported in every month
2009-09-01,2008M01-2023M09,All other foreign,1435.200000,0.4019492522,3570.600000,Stable panel of economies reported in every month
2009-09-01,2008M01-2023M09,South Korea,39.900000,0.0111745925,3570.600000,Stable panel of economies reported in every month
2009-09-01,2008M01-2023M09,Singapore,39.400000,0.0110345600,3570.600000,Stable panel of economies reported in every month
2009-09-01,2008M01-2023M09,Taiwan,115.100000,0.0322354786,3570.600000,Stable panel of economies reported in every month
2009-09-01,2008M01-2023M09,Hong Kong,128.000000,0.0358483168,3570.600000,Stable panel of economies reported in every month
2009-09-01,2008M01-2023M09,United Kingdom,126.800000,0.0355122388,3570.600000,Stable panel of economies reported in every month
2009-09-01,2008M01-2023M09,Mainland China,938.300000,0.2627849661,3570.600000,Stable panel of economies reported in every month
2009-09-01,2008M01-2023M09,Japan,747.900000,0.2094605949,3570.600000,Stable panel of economies reported in every month
2009-10-01,2008M01-2023M09,All other foreign,1449.300000,0.4057845223,3571.600000,Stable panel of economies reported in every month
2009-10-01,2008M01-2023M09,South Korea,43.300000,0.0121234181,3571.600000,Stable panel of economies reported in every month
2009-10-01,2008M01-2023M09,Singapore,36.300000,0.0101635122,3571.600000,Stable panel of economies reported in every month
2009-10-01,2008M01-2023M09,Taiwan,115.600000,0.0323664464,3571.600000,Stable panel of economies reported in every month
2009-10-01,2008M01-2023M09,Hong Kong,137.800000,0.0385821481,3571.600000,Stable panel of economies reported in every month
2009-10-01,2008M01-2023M09,United Kingdom,108.100000,0.0302665472,3571.600000,Stable panel of economies reported in every month
2009-10-01,2008M01-2023M09,Mainland China,938.300000,0.2627113899,3571.600000,Stable panel of economies reported in every month
2009-10-01,2008M01-2023M09,Japan,742.900000,0.2080020159,3571.600000,Stable panel of economies reported in every month
2009-11-01,2008M01-2023M09,All other foreign,1495.000000,0.4074679749,3669.000000,Stable panel of economies reported in every month
2009-11-01,2008M01-2023M09,South Korea,40.200000,0.0109566639,3669.000000,Stable panel of economies reported in every month
2009-11-01,2008M01-2023M09,Singapore,37.500000,0.0102207686,3669.000000,Stable panel of economies reported in every month
2009-11-01,2008M01-2023M09,Taiwan,115.400000,0.0314527119,3669.000000,Stable panel of economies reported in every month
2009-11-01,2008M01-2023M09,Hong Kong,142.100000,0.0387298992,3669.000000,Stable panel of economies reported in every month
2009-11-01,2008M01-2023M09,United Kingdom,155.500000,0.0423821205,3669.000000,Stable panel of economies reported in every month
2009-11-01,2008M01-2023M09,Mainland China,929.000000,0.2532025075,3669.000000,Stable panel of economies reported in every month
2009-11-01,2008M01-2023M09,Japan,754.300000,0.2055873535,3669.000000,Stable panel of economies reported in every month
2009-12-01,2008M01-2023M09,All other foreign,1499.600000,0.4069360397,3685.100000,Stable panel of economies reported in every month
2009-12-01,2008M01-2023M09,South Korea,40.300000,0.0109359312,3685.100000,Stable panel of economies reported in every month
2009-12-01,2008M01-2023M09,Singapore,39.200000,0.0106374318,3685.100000,Stable panel of economies reported in every month
2009-12-01,2008M01-2023M09,Taiwan,116.500000,0.0316137961,3685.100000,Stable panel of economies reported in every month
2009-12-01,2008M01-2023M09,Hong Kong,148.700000,0.0403516865,3685.100000,Stable panel of economies reported in every month
2009-12-01,2008M01-2023M09,United Kingdom,180.300000,0.0489267591,3685.100000,Stable panel of economies reported in every month
2009-12-01,2008M01-2023M09,Mainland China,894.800000,0.2428156631,3685.100000,Stable panel of economies reported in every month
2009-12-01,2008M01-2023M09,Japan,765.700000,0.2077826925,3685.100000,Stable panel of economies reported in every month
2010-02-01,2008M01-2023M09,All other foreign,1510.100000,0.4031771459,3745.500000,Stable panel of economies reported in every month
2010-02-01,2008M01-2023M09,South Korea,39.800000,0.0106260846,3745.500000,Stable panel of economies reported in every month
2010-02-01,2008M01-2023M09,Singapore,42.600000,0.0113736484,3745.500000,Stable panel of economies reported in every month
2010-02-01,2008M01-2023M09,Taiwan,121.400000,0.0324122280,3745.500000,Stable panel of economies reported in every month
2010-02-01,2008M01-2023M09,Hong Kong,152.400000,0.0406888266,3745.500000,Stable panel of economies reported in every month
2010-02-01,2008M01-2023M09,United Kingdom,233.500000,0.0623414764,3745.500000,Stable panel of economies reported in every month
2010-02-01,2008M01-2023M09,Mainland China,877.500000,0.2342811374,3745.500000,Stable panel of economies reported in every month
2010-02-01,2008M01-2023M09,Japan,768.200000,0.2050994527,3745.500000,Stable panel of economies reported in every month
2010-03-01,2008M01-2023M09,All other foreign,1559.100000,0.4020474999,3877.900000,Stable panel of economies reported in every month
2010-03-01,2008M01-2023M09,South Korea,40.100000,0.0103406483,3877.900000,Stable panel of economies reported in every month
2010-03-01,2008M01-2023M09,Singapore,45.500000,0.0117331545,3877.900000,Stable panel of economies reported in every month
2010-03-01,2008M01-2023M09,Taiwan,124.800000,0.0321823667,3877.900000,Stable panel of economies reported in every month
2010-03-01,2008M01-2023M09,Hong Kong,150.900000,0.0389128136,3877.900000,Stable panel of economies reported in every month
2010-03-01,2008M01-2023M09,United Kingdom,279.000000,0.0719461564,3877.900000,Stable panel of economies reported in every month
2010-03-01,2008M01-2023M09,Mainland China,895.200000,0.2308465922,3877.900000,Stable panel of economies reported in every month
2010-03-01,2008M01-2023M09,Japan,783.300000,0.2019907682,3877.900000,Stable panel of economies reported in every month
2010-04-01,2008M01-2023M09,All other foreign,1576.300000,0.3989420935,3951.200000,Stable panel of economies reported in every month
2010-04-01,2008M01-2023M09,South Korea,38.700000,0.0097944928,3951.200000,Stable panel of economies reported in every month
2010-04-01,2008M01-2023M09,Singapore,42.400000,0.0107309172,3951.200000,Stable panel of economies reported in every month
2010-04-01,2008M01-2023M09,Taiwan,126.900000,0.0321168253,3951.200000,Stable panel of economies reported in every month
2010-04-01,2008M01-2023M09,Hong Kong,151.800000,0.0384187082,3951.200000,Stable panel of economies reported in every month
2010-04-01,2008M01-2023M09,United Kingdom,321.100000,0.0812664507,3951.200000,Stable panel of economies reported in every month
2010-04-01,2008M01-2023M09,Mainland China,900.200000,0.2278295201,3951.200000,Stable panel of economies reported in every month
2010-04-01,2008M01-2023M09,Japan,793.800000,0.2009009921,3951.200000,Stable panel of economies reported in every month
2010-05-01,2008M01-2023M09,All other foreign,1604.700000,0.4054115507,3958.200000,Stable panel of economies reported in every month
2010-05-01,2008M01-2023M09,South Korea,37.800000,0.0095497954,3958.200000,Stable panel of economies reported in every month
2010-05-01,2008M01-2023M09,Singapore,40.600000,0.0102571876,3958.200000,Stable panel of economies reported in every month
2010-05-01,2008M01-2023M09,Taiwan,126.200000,0.0318831792,3958.200000,Stable panel of economies reported in every month
2010-05-01,2008M01-2023M09,Hong Kong,145.700000,0.0368096610,3958.200000,Stable panel of economies reported in every month
2010-05-01,2008M01-2023M09,United Kingdom,350.700000,0.0886008792,3958.200000,Stable panel of economies reported in every month
2010-05-01,2008M01-2023M09,Mainland China,867.700000,0.2192158052,3958.200000,Stable panel of economies reported in every month
2010-05-01,2008M01-2023M09,Japan,784.800000,0.1982719418,3958.200000,Stable panel of economies reported in every month
2010-06-01,2008M01-2023M09,All other foreign,1635.600000,0.4086037623,4002.900000,Stable panel of economies reported in every month
2010-06-01,2008M01-2023M09,South Korea,38.700000,0.0096679907,4002.900000,Stable panel of economies reported in every month
2010-06-01,2008M01-2023M09,Singapore,50.500000,0.0126158535,4002.900000,Stable panel of economies reported in every month
2010-06-01,2008M01-2023M09,Taiwan,128.600000,0.0321267081,4002.900000,Stable panel of economies reported in every month
2010-06-01,2008M01-2023M09,Hong Kong,141.000000,0.0352244623,4002.900000,Stable panel of economies reported in every month
2010-06-01,2008M01-2023M09,United Kingdom,363.600000,0.0908341452,4002.900000,Stable panel of economies reported in every month
2010-06-01,2008M01-2023M09,Mainland China,843.700000,0.2107721902,4002.900000,Stable panel of economies reported in every month
2010-06-01,2008M01-2023M09,Japan,801.200000,0.2001548877,4002.900000,Stable panel of economies reported in every month
2010-07-01,2008M01-2023M09,All other foreign,1700.800000,0.4136488557,4111.700000,Stable panel of economies reported in every month
2010-07-01,2008M01-2023M09,South Korea,37.600000,0.0091446360,4111.700000,Stable panel of economies reported in every month
2010-07-01,2008M01-2023M09,Singapore,52.100000,0.0126711579,4111.700000,Stable panel of economies reported in every month
2010-07-01,2008M01-2023M09,Taiwan,153.800000,0.0374054527,4111.700000,Stable panel of economies reported in every month
2010-07-01,2008M01-2023M09,Hong Kong,130.200000,0.0316657344,4111.700000,Stable panel of economies reported in every month
2010-07-01,2008M01-2023M09,United Kingdom,104.900000,0.0255125617,4111.700000,Stable panel of economies reported in every month
2010-07-01,2008M01-2023M09,Mainland China,1115.100000,0.2712016927,4111.700000,Stable panel of economies reported in every month
2010-07-01,2008M01-2023M09,Japan,817.200000,0.1987499088,4111.700000,Stable panel of economies reported in every month
2010-08-01,2008M01-2023M09,All other foreign,1735.200000,0.4071232491,4262.100000,Stable panel of economies reported in every month
2010-08-01,2008M01-2023M09,South Korea,39.900000,0.0093615823,4262.100000,Stable panel of economies reported in every month
2010-08-01,2008M01-2023M09,Singapore,52.500000,0.0123178715,4262.100000,Stable panel of economies reported in every month
2010-08-01,2008M01-2023M09,Taiwan,153.400000,0.0359916473,4262.100000,Stable panel of economies reported in every month
2010-08-01,2008M01-2023M09,Hong Kong,133.000000,0.0312052744,4262.100000,Stable panel of economies reported in every month
2010-08-01,2008M01-2023M09,United Kingdom,178.900000,0.0419746135,4262.100000,Stable panel of economies reported in every month
2010-08-01,2008M01-2023M09,Mainland China,1136.800000,0.2667229769,4262.100000,Stable panel of economies reported in every month
2010-08-01,2008M01-2023M09,Japan,832.400000,0.1953027850,4262.100000,Stable panel of economies reported in every month
2010-09-01,2008M01-2023M09,All other foreign,1737.600000,0.4025949954,4316.000000,Stable panel of economies reported in every month
2010-09-01,2008M01-2023M09,South Korea,38.700000,0.0089666358,4316.000000,Stable panel of economies reported in every month
2010-09-01,2008M01-2023M09,Singapore,54.100000,0.0125347544,4316.000000,Stable panel of economies reported in every month
2010-09-01,2008M01-2023M09,Taiwan,153.300000,0.0355189991,4316.000000,Stable panel of economies reported in every month
2010-09-01,2008M01-2023M09,Hong Kong,131.000000,0.0303521779,4316.000000,Stable panel of economies reported in every month
2010-09-01,2008M01-2023M09,United Kingdom,188.600000,0.0436978684,4316.000000,Stable panel of economies reported in every month
2010-09-01,2008M01-2023M09,Mainland China,1151.900000,0.2668906395,4316.000000,Stable panel of economies reported in every month
2010-09-01,2008M01-2023M09,Japan,860.800000,0.1994439296,4316.000000,Stable panel of economies reported in every month
2010-10-01,2008M01-2023M09,All other foreign,1708.300000,0.3921717172,4356.000000,Stable panel of economies reported in every month
2010-10-01,2008M01-2023M09,South Korea,39.400000,0.0090449954,4356.000000,Stable panel of economies reported in every month
2010-10-01,2008M01-2023M09,Singapore,63.800000,0.0146464646,4356.000000,Stable panel of economies reported in every month
2010-10-01,2008M01-2023M09,Taiwan,154.500000,0.0354683196,4356.000000,Stable panel of economies reported in every month
2010-10-01,2008M01-2023M09,Hong Kong,133.800000,0.0307162534,4356.000000,Stable panel of economies reported in every month
2010-10-01,2008M01-2023M09,United Kingdom,207.300000,0.0475895317,4356.000000,Stable panel of economies reported in every month
2010-10-01,2008M01-2023M09,Mainland China,1175.300000,0.2698117539,4356.000000,Stable panel of economies reported in every month
2010-10-01,2008M01-2023M09,Japan,873.600000,0.2005509642,4356.000000,Stable panel of economies reported in every month
2010-11-01,2008M01-2023M09,All other foreign,1726.300000,0.3928408884,4394.400000,Stable panel of economies reported in every month
2010-11-01,2008M01-2023M09,South Korea,39.800000,0.0090569816,4394.400000,Stable panel of economies reported in every month
2010-11-01,2008M01-2023M09,Singapore,59.600000,0.0135627162,4394.400000,Stable panel of economies reported in every month
2010-11-01,2008M01-2023M09,Taiwan,154.400000,0.0351356272,4394.400000,Stable panel of economies reported in every month
2010-11-01,2008M01-2023M09,Hong Kong,133.400000,0.0303568178,4394.400000,Stable panel of economies reported in every month
2010-11-01,2008M01-2023M09,United Kingdom,240.900000,0.0548197706,4394.400000,Stable panel of economies reported in every month
2010-11-01,2008M01-2023M09,Mainland China,1164.100000,0.2649053341,4394.400000,Stable panel of economies reported in every month
2010-11-01,2008M01-2023M09,Japan,875.900000,0.1993218642,4394.400000,Stable panel of economies reported in every month
2010-12-01,2008M01-2023M09,All other foreign,1709.500000,0.3871325694,4415.800000,Stable panel of economies reported in every month
2010-12-01,2008M01-2023M09,South Korea,36.200000,0.0081978350,4415.800000,Stable panel of economies reported in every month
2010-12-01,2008M01-2023M09,Singapore,70.400000,0.0159427510,4415.800000,Stable panel of economies reported in every month
2010-12-01,2008M01-2023M09,Taiwan,155.200000,0.0351465193,4415.800000,Stable panel of economies reported in every month
2010-12-01,2008M01-2023M09,Hong Kong,133.100000,0.0301417637,4415.800000,Stable panel of economies reported in every month
2010-12-01,2008M01-2023M09,United Kingdom,269.000000,0.0609176140,4415.800000,Stable panel of economies reported in every month
2010-12-01,2008M01-2023M09,Mainland China,1160.100000,0.2627157027,4415.800000,Stable panel of economies reported in every month
2010-12-01,2008M01-2023M09,Japan,882.300000,0.1998052448,4415.800000,Stable panel of economies reported in every month
2011-02-01,2008M01-2023M09,All other foreign,1749.500000,0.3916586447,4466.900000,Stable panel of economies reported in every month
2011-02-01,2008M01-2023M09,South Korea,31.200000,0.0069847098,4466.900000,Stable panel of economies reported in every month
2011-02-01,2008M01-2023M09,Singapore,65.100000,0.0145738655,4466.900000,Stable panel of economies reported in every month
2011-02-01,2008M01-2023M09,Taiwan,156.000000,0.0349235488,4466.900000,Stable panel of economies reported in every month
2011-02-01,2008M01-2023M09,Hong Kong,123.900000,0.0277373570,4466.900000,Stable panel of economies reported in every month
2011-02-01,2008M01-2023M09,United Kingdom,296.700000,0.0664219033,4466.900000,Stable panel of economies reported in every month
2011-02-01,2008M01-2023M09,Mainland China,1154.100000,0.2583671002,4466.900000,Stable panel of economies reported in every month
2011-02-01,2008M01-2023M09,Japan,890.400000,0.1993328707,4466.900000,Stable panel of economies reported in every month
2011-03-01,2008M01-2023M09,All other foreign,1736.900000,0.3875797742,4481.400000,Stable panel of economies reported in every month
2011-03-01,2008M01-2023M09,South Korea,32.500000,0.0072521980,4481.400000,Stable panel of economies reported in every month
2011-03-01,2008M01-2023M09,Singapore,55.100000,0.0122952649,4481.400000,Stable panel of economies reported in every month
2011-03-01,2008M01-2023M09,Taiwan,156.100000,0.0348328647,4481.400000,Stable panel of economies reported in every month
2011-03-01,2008M01-2023M09,Hong Kong,121.600000,0.0271343776,4481.400000,Stable panel of economies reported in every month
2011-03-01,2008M01-2023M09,United Kingdom,326.200000,0.0727897532,4481.400000,Stable panel of economies reported in every month
2011-03-01,2008M01-2023M09,Mainland China,1144.900000,0.2554781988,4481.400000,Stable panel of economies reported in every month
2011-03-01,2008M01-2023M09,Japan,908.100000,0.2026375686,4481.400000,Stable panel of economies reported in every month
2011-04-01,2008M01-2023M09,All other foreign,1737.000000,0.3863004559,4496.500000,Stable panel of economies reported in every month
2011-04-01,2008M01-2023M09,South Korea,30.800000,0.0068497720,4496.500000,Stable panel of economies reported in every month
2011-04-01,2008M01-2023M09,Singapore,59.800000,0.0132992327,4496.500000,Stable panel of economies reported in every month
2011-04-01,2008M01-2023M09,Taiwan,154.600000,0.0343822973,4496.500000,Stable panel of economies reported in every month
2011-04-01,2008M01-2023M09,Hong Kong,121.900000,0.0271099744,4496.500000,Stable panel of economies reported in every month
2011-04-01,2008M01-2023M09,United Kingdom,333.200000,0.0741020794,4496.500000,Stable panel of economies reported in every month
2011-04-01,2008M01-2023M09,Mainland China,1152.500000,0.2563104637,4496.500000,Stable panel of economies reported in every month
2011-04-01,2008M01-2023M09,Japan,906.700000,0.2016457245,4496.500000,Stable panel of economies reported in every month
2011-05-01,2008M01-2023M09,All other foreign,1755.200000,0.3868976767,4536.600000,Stable panel of economies reported in every month
2011-05-01,2008M01-2023M09,South Korea,32.500000,0.0071639554,4536.600000,Stable panel of economies reported in every month
2011-05-01,2008M01-2023M09,Singapore,57.100000,0.0125865185,4536.600000,Stable panel of economies reported in every month
2011-05-01,2008M01-2023M09,Taiwan,153.500000,0.0338359124,4536.600000,Stable panel of economies reported in every month
2011-05-01,2008M01-2023M09,Hong Kong,121.600000,0.0268042146,4536.600000,Stable panel of economies reported in every month
2011-05-01,2008M01-2023M09,United Kingdom,344.500000,0.0759379271,4536.600000,Stable panel of economies reported in every month
2011-05-01,2008M01-2023M09,Mainland China,1159.800000,0.2556540140,4536.600000,Stable panel of economies reported in every month
2011-05-01,2008M01-2023M09,Japan,912.400000,0.2011197813,4536.600000,Stable panel of economies reported in every month
2011-06-01,2008M01-2023M09,All other foreign,1746.600000,0.3852567496,4533.600000,Stable panel of economies reported in every month
2011-06-01,2008M01-2023M09,South Korea,29.900000,0.0065952003,4533.600000,Stable panel of economies reported in every month
2011-06-01,2008M01-2023M09,Singapore,61.700000,0.0136094936,4533.600000,Stable panel of economies reported in every month
2011-06-01,2008M01-2023M09,Taiwan,153.400000,0.0338362449,4533.600000,Stable panel of economies reported in every month
2011-06-01,2008M01-2023M09,Hong Kong,118.400000,0.0261161108,4533.600000,Stable panel of economies reported in every month
2011-06-01,2008M01-2023M09,United Kingdom,347.000000,0.0765396153,4533.600000,Stable panel of economies reported in every month
2011-06-01,2008M01-2023M09,Mainland China,1165.500000,0.2570804659,4533.600000,Stable panel of economies reported in every month
2011-06-01,2008M01-2023M09,Japan,911.100000,0.2009661196,4533.600000,Stable panel of economies reported in every month
2011-07-01,2008M01-2023M09,All other foreign,1974.500000,0.4229953512,4667.900000,Stable panel of economies reported in every month
2011-07-01,2008M01-2023M09,South Korea,33.400000,0.0071552518,4667.900000,Stable panel of economies reported in every month
2011-07-01,2008M01-2023M09,Singapore,65.700000,0.0140748516,4667.900000,Stable panel of economies reported in every month
2011-07-01,2008M01-2023M09,Taiwan,147.600000,0.0316202147,4667.900000,Stable panel of economies reported in every month
2011-07-01,2008M01-2023M09,Hong Kong,105.900000,0.0226868613,4667.900000,Stable panel of economies reported in every month
2011-07-01,2008M01-2023M09,United Kingdom,141.000000,0.0302063026,4667.900000,Stable panel of economies reported in every month
2011-07-01,2008M01-2023M09,Mainland China,1314.900000,0.2816898391,4667.900000,Stable panel of economies reported in every month
2011-07-01,2008M01-2023M09,Japan,884.900000,0.1895713276,4667.900000,Stable panel of economies reported in every month
2011-08-01,2008M01-2023M09,All other foreign,2054.100000,0.4312346482,4763.300000,Stable panel of economies reported in every month
2011-08-01,2008M01-2023M09,South Korea,36.300000,0.0076207671,4763.300000,Stable panel of economies reported in every month
2011-08-01,2008M01-2023M09,Singapore,61.000000,0.0128062478,4763.300000,Stable panel of economies reported in every month
2011-08-01,2008M01-2023M09,Taiwan,143.500000,0.0301261730,4763.300000,Stable panel of economies reported in every month
2011-08-01,2008M01-2023M09,Hong Kong,102.000000,0.0214137258,4763.300000,Stable panel of economies reported in every month
2011-08-01,2008M01-2023M09,United Kingdom,181.200000,0.0380408540,4763.300000,Stable panel of economies reported in every month
2011-08-01,2008M01-2023M09,Mainland China,1278.500000,0.2684063569,4763.300000,Stable panel of economies reported in every month
2011-08-01,2008M01-2023M09,Japan,906.700000,0.1903512271,4763.300000,Stable panel of economies reported in every month
2011-09-01,2008M01-2023M09,All other foreign,2153.200000,0.4383461249,4912.100000,Stable panel of economies reported in every month
2011-09-01,2008M01-2023M09,South Korea,38.500000,0.0078377883,4912.100000,Stable panel of economies reported in every month
2011-09-01,2008M01-2023M09,Singapore,70.500000,0.0143523137,4912.100000,Stable panel of economies reported in every month
2011-09-01,2008M01-2023M09,Taiwan,166.600000,0.0339162476,4912.100000,Stable panel of economies reported in every month
2011-09-01,2008M01-2023M09,Hong Kong,111.600000,0.0227194072,4912.100000,Stable panel of economies reported in every month
2011-09-01,2008M01-2023M09,United Kingdom,117.500000,0.0239205228,4912.100000,Stable panel of economies reported in every month
2011-09-01,2008M01-2023M09,Mainland China,1270.200000,0.2585859408,4912.100000,Stable panel of economies reported in every month
2011-09-01,2008M01-2023M09,Japan,984.000000,0.2003216547,4912.100000,Stable panel of economies reported in every month
2011-10-01,2008M01-2023M09,All other foreign,2158.300000,0.4385273381,4921.700000,Stable panel of economies reported in every month
2011-10-01,2008M01-2023M09,South Korea,42.700000,0.0086758640,4921.700000,Stable panel of economies reported in every month
2011-10-01,2008M01-2023M09,Singapore,70.700000,0.0143649552,4921.700000,Stable panel of economies reported in every month
2011-10-01,2008M01-2023M09,Taiwan,167.400000,0.0340126379,4921.700000,Stable panel of economies reported in every month
2011-10-01,2008M01-2023M09,Hong Kong,113.300000,0.0230205010,4921.700000,Stable panel of economies reported in every month
2011-10-01,2008M01-2023M09,United Kingdom,107.100000,0.0217607737,4921.700000,Stable panel of economies reported in every month
2011-10-01,2008M01-2023M09,Mainland China,1256.000000,0.2551963752,4921.700000,Stable panel of economies reported in every month
2011-10-01,2008M01-2023M09,Japan,1006.200000,0.2044415547,4921.700000,Stable panel of economies reported in every month
2011-11-01,2008M01-2023M09,All other foreign,2175.900000,0.4344154288,5008.800000,Stable panel of economies reported in every month
2011-11-01,2008M01-2023M09,South Korea,42.100000,0.0084052068,5008.800000,Stable panel of economies reported in every month
2011-11-01,2008M01-2023M09,Singapore,70.000000,0.0139754033,5008.800000,Stable panel of economies reported in every month
2011-11-01,2008M01-2023M09,Taiwan,166.900000,0.0333213544,5008.800000,Stable panel of economies reported in every month
2011-11-01,2008M01-2023M09,Hong Kong,107.900000,0.0215420859,5008.800000,Stable panel of economies reported in every month
2011-11-01,2008M01-2023M09,United Kingdom,125.200000,0.0249960070,5008.800000,Stable panel of economies reported in every month
2011-11-01,2008M01-2023M09,Mainland China,1254.600000,0.2504791567,5008.800000,Stable panel of economies reported in every month
2011-11-01,2008M01-2023M09,Japan,1066.200000,0.2128653570,5008.800000,Stable panel of economies reported in every month
2011-12-01,2008M01-2023M09,All other foreign,2258.700000,0.4513428183,5004.400000,Stable panel of economies reported in every month
2011-12-01,2008M01-2023M09,South Korea,47.300000,0.0094516825,5004.400000,Stable panel of economies reported in every month
2011-12-01,2008M01-2023M09,Singapore,75.100000,0.0150067940,5004.400000,Stable panel of economies reported in every month
2011-12-01,2008M01-2023M09,Taiwan,177.300000,0.0354288226,5004.400000,Stable panel of economies reported in every month
2011-12-01,2008M01-2023M09,Hong Kong,121.700000,0.0243185996,5004.400000,Stable panel of economies reported in every month
2011-12-01,2008M01-2023M09,United Kingdom,114.300000,0.0228399009,5004.400000,Stable panel of economies reported in every month
2011-12-01,2008M01-2023M09,Mainland China,1151.900000,0.2301774438,5004.400000,Stable panel of economies reported in every month
2011-12-01,2008M01-2023M09,Japan,1058.100000,0.2114339381,5004.400000,Stable panel of economies reported in every month
2012-01-01,2008M01-2023M09,All other foreign,2259.900000,0.4471242309,5054.300000,Stable panel of economies reported in every month
2012-01-01,2008M01-2023M09,South Korea,49.900000,0.0098727816,5054.300000,Stable panel of economies reported in every month
2012-01-01,2008M01-2023M09,Singapore,75.100000,0.0148586352,5054.300000,Stable panel of economies reported in every month
2012-01-01,2008M01-2023M09,Taiwan,178.500000,0.0353164632,5054.300000,Stable panel of economies reported in every month
2012-01-01,2008M01-2023M09,Hong Kong,134.200000,0.0265516491,5054.300000,Stable panel of economies reported in every month
2012-01-01,2008M01-2023M09,United Kingdom,109.700000,0.0217042914,5054.300000,Stable panel of economies reported in every month
2012-01-01,2008M01-2023M09,Mainland China,1166.200000,0.2307342263,5054.300000,Stable panel of economies reported in every month
2012-01-01,2008M01-2023M09,Japan,1080.800000,0.2138377223,5054.300000,Stable panel of economies reported in every month
2012-02-01,2008M01-2023M09,All other foreign,2284.700000,0.4477433516,5102.700000,Stable panel of economies reported in every month
2012-02-01,2008M01-2023M09,South Korea,50.800000,0.0099555137,5102.700000,Stable panel of economies reported in every month
2012-02-01,2008M01-2023M09,Singapore,84.700000,0.0165990554,5102.700000,Stable panel of economies reported in every month
2012-02-01,2008M01-2023M09,Taiwan,183.600000,0.0359809513,5102.700000,Stable panel of economies reported in every month
2012-02-01,2008M01-2023M09,Hong Kong,141.500000,0.0277304172,5102.700000,Stable panel of economies reported in every month
2012-02-01,2008M01-2023M09,United Kingdom,113.600000,0.0222627237,5102.700000,Stable panel of economies reported in every month
2012-02-01,2008M01-2023M09,Mainland China,1155.200000,0.2263899504,5102.700000,Stable panel of economies reported in every month
2012-02-01,2008M01-2023M09,Japan,1088.600000,0.2133380367,5102.700000,Stable panel of economies reported in every month
2012-03-01,2008M01-2023M09,All other foreign,2343.600000,0.4555013508,5145.100000,Stable panel of economies reported in every month
2012-03-01,2008M01-2023M09,South Korea,42.700000,0.0082991584,5145.100000,Stable panel of economies reported in every month
2012-03-01,2008M01-2023M09,Singapore,85.200000,0.0165594449,5145.100000,Stable panel of economies reported in every month
2012-03-01,2008M01-2023M09,Taiwan,190.100000,0.0369477756,5145.100000,Stable panel of economies reported in every month
2012-03-01,2008M01-2023M09,Hong Kong,140.500000,0.0273075353,5145.100000,Stable panel of economies reported in every month
2012-03-01,2008M01-2023M09,United Kingdom,118.600000,0.0230510583,5145.100000,Stable panel of economies reported in every month
2012-03-01,2008M01-2023M09,Mainland China,1144.000000,0.2223474762,5145.100000,Stable panel of economies reported in every month
2012-03-01,2008M01-2023M09,Japan,1080.400000,0.2099862005,5145.100000,Stable panel of economies reported in every month
2012-04-01,2008M01-2023M09,All other foreign,2371.600000,0.4548087065,5214.500000,Stable panel of economies reported in every month
2012-04-01,2008M01-2023M09,South Korea,43.900000,0.0084188321,5214.500000,Stable panel of economies reported in every month
2012-04-01,2008M01-2023M09,Singapore,83.100000,0.0159363314,5214.500000,Stable panel of economies reported in every month
2012-04-01,2008M01-2023M09,Taiwan,187.400000,0.0359382491,5214.500000,Stable panel of economies reported in every month
2012-04-01,2008M01-2023M09,Hong Kong,145.200000,0.0278454310,5214.500000,Stable panel of economies reported in every month
2012-04-01,2008M01-2023M09,United Kingdom,131.000000,0.0251222552,5214.500000,Stable panel of economies reported in every month
2012-04-01,2008M01-2023M09,Mainland China,1164.400000,0.2233004123,5214.500000,Stable panel of economies reported in every month
2012-04-01,2008M01-2023M09,Japan,1087.900000,0.2086297823,5214.500000,Stable panel of economies reported in every month
2012-05-01,2008M01-2023M09,All other foreign,2398.800000,0.4555865763,5265.300000,Stable panel of economies reported in every month
2012-05-01,2008M01-2023M09,South Korea,46.300000,0.0087934211,5265.300000,Stable panel of economies reported in every month
2012-05-01,2008M01-2023M09,Singapore,83.500000,0.0158585456,5265.300000,Stable panel of economies reported in every month
2012-05-01,2008M01-2023M09,Taiwan,190.000000,0.0360853133,5265.300000,Stable panel of economies reported in every month
2012-05-01,2008M01-2023M09,Hong Kong,144.100000,0.0273678613,5265.300000,Stable panel of economies reported in every month
2012-05-01,2008M01-2023M09,United Kingdom,131.400000,0.0249558430,5265.300000,Stable panel of economies reported in every month
2012-05-01,2008M01-2023M09,Mainland China,1164.000000,0.2210700245,5265.300000,Stable panel of economies reported in every month
2012-05-01,2008M01-2023M09,Japan,1107.200000,0.2102824151,5265.300000,Stable panel of economies reported in every month
2012-06-01,2008M01-2023M09,All other foreign,2462.100000,0.4635937412,5310.900000,Stable panel of economies reported in every month
2012-06-01,2008M01-2023M09,South Korea,44.500000,0.0083789941,5310.900000,Stable panel of economies reported in every month
2012-06-01,2008M01-2023M09,Singapore,86.900000,0.0163625751,5310.900000,Stable panel of economies reported in every month
2012-06-01,2008M01-2023M09,Taiwan,196.400000,0.0369805494,5310.900000,Stable panel of economies reported in every month
2012-06-01,2008M01-2023M09,Hong Kong,136.000000,0.0256077124,5310.900000,Stable panel of economies reported in every month
2012-06-01,2008M01-2023M09,United Kingdom,129.600000,0.0244026436,5310.900000,Stable panel of economies reported in every month
2012-06-01,2008M01-2023M09,Mainland China,1147.000000,0.2159709277,5310.900000,Stable panel of economies reported in every month
2012-06-01,2008M01-2023M09,Japan,1108.400000,0.2087028564,5310.900000,Stable panel of economies reported in every month
2012-07-01,2008M01-2023M09,All other foreign,2496.800000,0.4642013870,5378.700000,Stable panel of economies reported in every month
2012-07-01,2008M01-2023M09,South Korea,46.500000,0.0086452117,5378.700000,Stable panel of economies reported in every month
2012-07-01,2008M01-2023M09,Singapore,96.400000,0.0179225463,5378.700000,Stable panel of economies reported in every month
2012-07-01,2008M01-2023M09,Taiwan,194.400000,0.0361425623,5378.700000,Stable panel of economies reported in every month
2012-07-01,2008M01-2023M09,Hong Kong,137.100000,0.0254894305,5378.700000,Stable panel of economies reported in every month
2012-07-01,2008M01-2023M09,United Kingdom,127.700000,0.0237417963,5378.700000,Stable panel of economies reported in every month
2012-07-01,2008M01-2023M09,Mainland China,1160.000000,0.2156654954,5378.700000,Stable panel of economies reported in every month
2012-07-01,2008M01-2023M09,Japan,1119.800000,0.2081915705,5378.700000,Stable panel of economies reported in every month
2012-08-01,2008M01-2023M09,All other foreign,2559.800000,0.4699122517,5447.400000,Stable panel of economies reported in every month
2012-08-01,2008M01-2023M09,South Korea,44.100000,0.0080956052,5447.400000,Stable panel of economies reported in every month
2012-08-01,2008M01-2023M09,Singapore,96.900000,0.0177883027,5447.400000,Stable panel of economies reported in every month
2012-08-01,2008M01-2023M09,Taiwan,199.500000,0.0366229761,5447.400000,Stable panel of economies reported in every month
2012-08-01,2008M01-2023M09,Hong Kong,141.700000,0.0260124096,5447.400000,Stable panel of economies reported in every month
2012-08-01,2008M01-2023M09,United Kingdom,129.300000,0.0237360943,5447.400000,Stable panel of economies reported in every month
2012-08-01,2008M01-2023M09,Mainland China,1155.200000,0.2120644711,5447.400000,Stable panel of economies reported in every month
2012-08-01,2008M01-2023M09,Japan,1120.900000,0.2057678893,5447.400000,Stable panel of economies reported in every month
2012-09-01,2008M01-2023M09,All other foreign,2588.900000,0.4727634630,5476.100000,Stable panel of economies reported in every month
2012-09-01,2008M01-2023M09,South Korea,42.100000,0.0076879531,5476.100000,Stable panel of economies reported in every month
2012-09-01,2008M01-2023M09,Singapore,94.400000,0.0172385457,5476.100000,Stable panel of economies reported in every month
2012-09-01,2008M01-2023M09,Taiwan,201.700000,0.0368327825,5476.100000,Stable panel of economies reported in every month
2012-09-01,2008M01-2023M09,Hong Kong,137.100000,0.0250360658,5476.100000,Stable panel of economies reported in every month
2012-09-01,2008M01-2023M09,United Kingdom,129.800000,0.0237030003,5476.100000,Stable panel of economies reported in every month
2012-09-01,2008M01-2023M09,Mainland China,1153.600000,0.2106608718,5476.100000,Stable panel of economies reported in every month
2012-09-01,2008M01-2023M09,Japan,1128.500000,0.2060773178,5476.100000,Stable panel of economies reported in every month
2012-10-01,2008M01-2023M09,All other foreign,2623.900000,0.4747679447,5526.700000,Stable panel of economies reported in every month
2012-10-01,2008M01-2023M09,South Korea,42.200000,0.0076356596,5526.700000,Stable panel of economies reported in every month
2012-10-01,2008M01-2023M09,Singapore,97.400000,0.0176235366,5526.700000,Stable panel of economies reported in every month
2012-10-01,2008M01-2023M09,Taiwan,197.200000,0.0356813288,5526.700000,Stable panel of economies reported in every month
2012-10-01,2008M01-2023M09,Hong Kong,138.500000,0.0250601625,5526.700000,Stable panel of economies reported in every month
2012-10-01,2008M01-2023M09,United Kingdom,125.700000,0.0227441330,5526.700000,Stable panel of economies reported in every month
2012-10-01,2008M01-2023M09,Mainland China,1169.900000,0.2116814736,5526.700000,Stable panel of economies reported in every month
2012-10-01,2008M01-2023M09,Japan,1131.900000,0.2048057611,5526.700000,Stable panel of economies reported in every month
2012-11-01,2008M01-2023M09,All other foreign,2631.500000,0.4751543823,5538.200000,Stable panel of economies reported in every month
2012-11-01,2008M01-2023M09,South Korea,45.000000,0.0081253837,5538.200000,Stable panel of economies reported in every month
2012-11-01,2008M01-2023M09,Singapore,95.700000,0.0172799827,5538.200000,Stable panel of economies reported in every month
2012-11-01,2008M01-2023M09,Taiwan,199.100000,0.0359503088,5538.200000,Stable panel of economies reported in every month
2012-11-01,2008M01-2023M09,Hong Kong,141.200000,0.0254956484,5538.200000,Stable panel of economies reported in every month
2012-11-01,2008M01-2023M09,United Kingdom,124.900000,0.0225524539,5538.200000,Stable panel of economies reported in every month
2012-11-01,2008M01-2023M09,Mainland China,1183.100000,0.2136253656,5538.200000,Stable panel of economies reported in every month
2012-11-01,2008M01-2023M09,Japan,1117.700000,0.2018164747,5538.200000,Stable panel of economies reported in every month
2012-12-01,2008M01-2023M09,All other foreign,2635.000000,0.4727474972,5573.800000,Stable panel of economies reported in every month
2012-12-01,2008M01-2023M09,South Korea,47.600000,0.0085399548,5573.800000,Stable panel of economies reported in every month
2012-12-01,2008M01-2023M09,Singapore,99.300000,0.0178154939,5573.800000,Stable panel of economies reported in every month
2012-12-01,2008M01-2023M09,Taiwan,195.400000,0.0350568732,5573.800000,Stable panel of economies reported in every month
2012-12-01,2008M01-2023M09,Hong Kong,141.900000,0.0254583946,5573.800000,Stable panel of economies reported in every month
2012-12-01,2008M01-2023M09,United Kingdom,123.000000,0.0220675302,5573.800000,Stable panel of economies reported in every month
2012-12-01,2008M01-2023M09,Mainland China,1220.400000,0.2189529585,5573.800000,Stable panel of economies reported in every month
2012-12-01,2008M01-2023M09,Japan,1111.200000,0.1993612975,5573.800000,Stable panel of economies reported in every month
2013-01-01,2008M01-2023M09,All other foreign,2687.600000,0.4780420128,5622.100000,Stable panel of economies reported in every month
2013-01-01,2008M01-2023M09,South Korea,48.100000,0.0085555220,5622.100000,Stable panel of economies reported in every month
2013-01-01,2008M01-2023M09,Singapore,103.700000,0.0184450650,5622.100000,Stable panel of economies reported in every month
2013-01-01,2008M01-2023M09,Taiwan,192.700000,0.0342754487,5622.100000,Stable panel of economies reported in every month
2013-01-01,2008M01-2023M09,Hong Kong,142.900000,0.0254175486,5622.100000,Stable panel of economies reported in every month
2013-01-01,2008M01-2023M09,United Kingdom,129.000000,0.0229451628,5622.100000,Stable panel of economies reported in every month
2013-01-01,2008M01-2023M09,Mainland China,1214.200000,0.2159691219,5622.100000,Stable panel of economies reported in every month
2013-01-01,2008M01-2023M09,Japan,1103.900000,0.1963501183,5622.100000,Stable panel of economies reported in every month
2013-02-01,2008M01-2023M09,All other foreign,2707.800000,0.4757955404,5691.100000,Stable panel of economies reported in every month
2013-02-01,2008M01-2023M09,South Korea,50.600000,0.0088910755,5691.100000,Stable panel of economies reported in every month
2013-02-01,2008M01-2023M09,Singapore,109.500000,0.0192405686,5691.100000,Stable panel of economies reported in every month
2013-02-01,2008M01-2023M09,Taiwan,190.000000,0.0333854615,5691.100000,Stable panel of economies reported in every month
2013-02-01,2008M01-2023M09,Hong Kong,144.700000,0.0254256646,5691.100000,Stable panel of economies reported in every month
2013-02-01,2008M01-2023M09,United Kingdom,131.100000,0.0230359684,5691.100000,Stable panel of economies reported in every month
2013-02-01,2008M01-2023M09,Mainland China,1251.900000,0.2199750488,5691.100000,Stable panel of economies reported in every month
2013-02-01,2008M01-2023M09,Japan,1105.500000,0.1942506721,5691.100000,Stable panel of economies reported in every month
2013-03-01,2008M01-2023M09,All other foreign,2705.200000,0.4725240175,5725.000000,Stable panel of economies reported in every month
2013-03-01,2008M01-2023M09,South Korea,53.100000,0.0092751092,5725.000000,Stable panel of economies reported in every month
2013-03-01,2008M01-2023M09,Singapore,98.000000,0.0171179039,5725.000000,Stable panel of economies reported in every month
2013-03-01,2008M01-2023M09,Taiwan,188.900000,0.0329956332,5725.000000,Stable panel of economies reported in every month
2013-03-01,2008M01-2023M09,Hong Kong,146.600000,0.0256069869,5725.000000,Stable panel of economies reported in every month
2013-03-01,2008M01-2023M09,United Kingdom,148.600000,0.0259563319,5725.000000,Stable panel of economies reported in every month
2013-03-01,2008M01-2023M09,Mainland China,1270.300000,0.2218864629,5725.000000,Stable panel of economies reported in every month
2013-03-01,2008M01-2023M09,Japan,1114.300000,0.1946375546,5725.000000,Stable panel of economies reported in every month
2013-04-01,2008M01-2023M09,All other foreign,2680.800000,0.4695167872,5709.700000,Stable panel of economies reported in every month
2013-04-01,2008M01-2023M09,South Korea,53.100000,0.0092999632,5709.700000,Stable panel of economies reported in every month
2013-04-01,2008M01-2023M09,Singapore,92.300000,0.0161654728,5709.700000,Stable panel of economies reported in every month
2013-04-01,2008M01-2023M09,Taiwan,185.700000,0.0325236002,5709.700000,Stable panel of economies reported in every month
2013-04-01,2008M01-2023M09,Hong Kong,141.200000,0.0247298457,5709.700000,Stable panel of economies reported in every month
2013-04-01,2008M01-2023M09,United Kingdom,153.200000,0.0268315323,5709.700000,Stable panel of economies reported in every month
2013-04-01,2008M01-2023M09,Mainland China,1290.700000,0.2260539083,5709.700000,Stable panel of economies reported in every month
2013-04-01,2008M01-2023M09,Japan,1112.700000,0.1948788903,5709.700000,Stable panel of economies reported in every month
2013-05-01,2008M01-2023M09,All other foreign,2644.000000,0.4672946749,5658.100000,Stable panel of economies reported in every month
2013-05-01,2008M01-2023M09,South Korea,52.900000,0.0093494283,5658.100000,Stable panel of economies reported in every month
2013-05-01,2008M01-2023M09,Singapore,85.800000,0.0151641010,5658.100000,Stable panel of economies reported in every month
2013-05-01,2008M01-2023M09,Taiwan,188.800000,0.0333680918,5658.100000,Stable panel of economies reported in every month
2013-05-01,2008M01-2023M09,Hong Kong,136.400000,0.0241070324,5658.100000,Stable panel of economies reported in every month
2013-05-01,2008M01-2023M09,United Kingdom,149.200000,0.0263692759,5658.100000,Stable panel of economies reported in every month
2013-05-01,2008M01-2023M09,Mainland China,1297.300000,0.2292819144,5658.100000,Stable panel of economies reported in every month
2013-05-01,2008M01-2023M09,Japan,1103.700000,0.1950654813,5658.100000,Stable panel of economies reported in every month
2013-06-01,2008M01-2023M09,All other foreign,2634.000000,0.4707774799,5595.000000,Stable panel of economies reported in every month
2013-06-01,2008M01-2023M09,South Korea,51.200000,0.0091510277,5595.000000,Stable panel of economies reported in every month
2013-06-01,2008M01-2023M09,Singapore,85.400000,0.0152636282,5595.000000,Stable panel of economies reported in every month
2013-06-01,2008M01-2023M09,Taiwan,186.100000,0.0332618409,5595.000000,Stable panel of economies reported in every month
2013-06-01,2008M01-2023M09,Hong Kong,124.200000,0.0221983914,5595.000000,Stable panel of economies reported in every month
2013-06-01,2008M01-2023M09,United Kingdom,155.000000,0.0277033065,5595.000000,Stable panel of economies reported in every month
2013-06-01,2008M01-2023M09,Mainland China,1275.800000,0.2280250223,5595.000000,Stable panel of economies reported in every month
2013-06-01,2008M01-2023M09,Japan,1083.300000,0.1936193029,5595.000000,Stable panel of economies reported in every month
2013-07-01,2008M01-2023M09,All other foreign,2590.600000,0.4632026892,5592.800000,Stable panel of economies reported in every month
2013-07-01,2008M01-2023M09,South Korea,51.400000,0.0091903876,5592.800000,Stable panel of economies reported in every month
2013-07-01,2008M01-2023M09,Singapore,81.500000,0.0145723073,5592.800000,Stable panel of economies reported in every month
2013-07-01,2008M01-2023M09,Taiwan,185.800000,0.0332212845,5592.800000,Stable panel of economies reported in every month
2013-07-01,2008M01-2023M09,Hong Kong,120.000000,0.0214561579,5592.800000,Stable panel of economies reported in every month
2013-07-01,2008M01-2023M09,United Kingdom,148.800000,0.0266056358,5592.800000,Stable panel of economies reported in every month
2013-07-01,2008M01-2023M09,Mainland China,1279.300000,0.2287405235,5592.800000,Stable panel of economies reported in every month
2013-07-01,2008M01-2023M09,Japan,1135.400000,0.2030110142,5592.800000,Stable panel of economies reported in every month
2013-08-01,2008M01-2023M09,All other foreign,2590.500000,0.4629364881,5595.800000,Stable panel of economies reported in every month
2013-08-01,2008M01-2023M09,South Korea,50.000000,0.0089352729,5595.800000,Stable panel of economies reported in every month
2013-08-01,2008M01-2023M09,Singapore,79.400000,0.0141892133,5595.800000,Stable panel of economies reported in every month
2013-08-01,2008M01-2023M09,Taiwan,183.600000,0.0328103220,5595.800000,Stable panel of economies reported in every month
2013-08-01,2008M01-2023M09,Hong Kong,126.500000,0.0226062404,5595.800000,Stable panel of economies reported in every month
2013-08-01,2008M01-2023M09,United Kingdom,148.600000,0.0265556310,5595.800000,Stable panel of economies reported in every month
2013-08-01,2008M01-2023M09,Mainland China,1268.100000,0.2266163909,5595.800000,Stable panel of economies reported in every month
2013-08-01,2008M01-2023M09,Japan,1149.100000,0.2053504414,5595.800000,Stable panel of economies reported in every month
2013-09-01,2008M01-2023M09,All other foreign,2584.300000,0.4571716671,5652.800000,Stable panel of economies reported in every month
2013-09-01,2008M01-2023M09,South Korea,55.500000,0.0098181432,5652.800000,Stable panel of economies reported in every month
2013-09-01,2008M01-2023M09,Singapore,80.300000,0.0142053496,5652.800000,Stable panel of economies reported in every month
2013-09-01,2008M01-2023M09,Taiwan,185.900000,0.0328863572,5652.800000,Stable panel of economies reported in every month
2013-09-01,2008M01-2023M09,Hong Kong,126.500000,0.0223782904,5652.800000,Stable panel of economies reported in every month
2013-09-01,2008M01-2023M09,United Kingdom,148.400000,0.0262524766,5652.800000,Stable panel of economies reported in every month
2013-09-01,2008M01-2023M09,Mainland China,1293.800000,0.2288777243,5652.800000,Stable panel of economies reported in every month
2013-09-01,2008M01-2023M09,Japan,1178.100000,0.2084099915,5652.800000,Stable panel of economies reported in every month
2013-10-01,2008M01-2023M09,All other foreign,2569.200000,0.4543155736,5655.100000,Stable panel of economies reported in every month
2013-10-01,2008M01-2023M09,South Korea,50.600000,0.0089476755,5655.100000,Stable panel of economies reported in every month
2013-10-01,2008M01-2023M09,Singapore,86.300000,0.0152605613,5655.100000,Stable panel of economies reported in every month
2013-10-01,2008M01-2023M09,Taiwan,184.500000,0.0326254178,5655.100000,Stable panel of economies reported in every month
2013-10-01,2008M01-2023M09,Hong Kong,137.300000,0.0242789694,5655.100000,Stable panel of economies reported in every month
2013-10-01,2008M01-2023M09,United Kingdom,148.300000,0.0262241163,5655.100000,Stable panel of economies reported in every month
2013-10-01,2008M01-2023M09,Mainland China,1304.500000,0.2306767343,5655.100000,Stable panel of economies reported in every month
2013-10-01,2008M01-2023M09,Japan,1174.400000,0.2076709519,5655.100000,Stable panel of economies reported in every month
2013-11-01,2008M01-2023M09,All other foreign,2604.300000,0.4555520571,5716.800000,Stable panel of economies reported in every month
2013-11-01,2008M01-2023M09,South Korea,46.400000,0.0081164288,5716.800000,Stable panel of economies reported in every month
2013-11-01,2008M01-2023M09,Singapore,87.200000,0.0152532886,5716.800000,Stable panel of economies reported in every month
2013-11-01,2008M01-2023M09,Taiwan,183.700000,0.0321333613,5716.800000,Stable panel of economies reported in every month
2013-11-01,2008M01-2023M09,Hong Kong,141.700000,0.0247865939,5716.800000,Stable panel of economies reported in every month
2013-11-01,2008M01-2023M09,United Kingdom,150.400000,0.0263084243,5716.800000,Stable panel of economies reported in every month
2013-11-01,2008M01-2023M09,Mainland China,1316.700000,0.2303211587,5716.800000,Stable panel of economies reported in every month
2013-11-01,2008M01-2023M09,Japan,1186.400000,0.2075286874,5716.800000,Stable panel of economies reported in every month
2013-12-01,2008M01-2023M09,All other foreign,2706.600000,0.4672513207,5792.600000,Stable panel of economies reported in every month
2013-12-01,2008M01-2023M09,South Korea,54.000000,0.0093222387,5792.600000,Stable panel of economies reported in every month
2013-12-01,2008M01-2023M09,Singapore,86.200000,0.0148810551,5792.600000,Stable panel of economies reported in every month
2013-12-01,2008M01-2023M09,Taiwan,182.200000,0.0314539240,5792.600000,Stable panel of economies reported in every month
2013-12-01,2008M01-2023M09,Hong Kong,158.800000,0.0274142872,5792.600000,Stable panel of economies reported in every month
2013-12-01,2008M01-2023M09,United Kingdom,152.200000,0.0262749025,5792.600000,Stable panel of economies reported in every month
2013-12-01,2008M01-2023M09,Mainland China,1270.100000,0.2192625073,5792.600000,Stable panel of economies reported in every month
2013-12-01,2008M01-2023M09,Japan,1182.500000,0.2041397645,5792.600000,Stable panel of economies reported in every month
2014-01-01,2008M01-2023M09,All other foreign,2732.200000,0.4677383459,5841.300000,Stable panel of economies reported in every month
2014-01-01,2008M01-2023M09,South Korea,55.600000,0.0095184291,5841.300000,Stable panel of economies reported in every month
2014-01-01,2008M01-2023M09,Singapore,85.900000,0.0147056306,5841.300000,Stable panel of economies reported in every month
2014-01-01,2008M01-2023M09,Taiwan,179.100000,0.0306609830,5841.300000,Stable panel of economies reported in every month
2014-01-01,2008M01-2023M09,Hong Kong,160.300000,0.0274425214,5841.300000,Stable panel of economies reported in every month
2014-01-01,2008M01-2023M09,United Kingdom,151.200000,0.0258846490,5841.300000,Stable panel of economies reported in every month
2014-01-01,2008M01-2023M09,Mainland China,1275.600000,0.2183760464,5841.300000,Stable panel of economies reported in every month
2014-01-01,2008M01-2023M09,Japan,1201.400000,0.2056733946,5841.300000,Stable panel of economies reported in every month
2014-02-01,2008M01-2023M09,All other foreign,2757.300000,0.4681244801,5890.100000,Stable panel of economies reported in every month
2014-02-01,2008M01-2023M09,South Korea,56.700000,0.0096263221,5890.100000,Stable panel of economies reported in every month
2014-02-01,2008M01-2023M09,Singapore,87.400000,0.0148384578,5890.100000,Stable panel of economies reported in every month
2014-02-01,2008M01-2023M09,Taiwan,180.000000,0.0305597528,5890.100000,Stable panel of economies reported in every month
2014-02-01,2008M01-2023M09,Hong Kong,160.400000,0.0272321353,5890.100000,Stable panel of economies reported in every month
2014-02-01,2008M01-2023M09,United Kingdom,164.600000,0.0279451962,5890.100000,Stable panel of economies reported in every month
2014-02-01,2008M01-2023M09,Mainland China,1272.900000,0.2161083853,5890.100000,Stable panel of economies reported in every month
2014-02-01,2008M01-2023M09,Japan,1210.800000,0.2055652705,5890.100000,Stable panel of economies reported in every month
2014-03-01,2008M01-2023M09,All other foreign,2837.000000,0.4769429921,5948.300000,Stable panel of economies reported in every month
2014-03-01,2008M01-2023M09,South Korea,52.700000,0.0088596742,5948.300000,Stable panel of economies reported in every month
2014-03-01,2008M01-2023M09,Singapore,91.300000,0.0153489232,5948.300000,Stable panel of economies reported in every month
2014-03-01,2008M01-2023M09,Taiwan,176.400000,0.0296555318,5948.300000,Stable panel of economies reported in every month
2014-03-01,2008M01-2023M09,Hong Kong,155.100000,0.0260746768,5948.300000,Stable panel of economies reported in every month
2014-03-01,2008M01-2023M09,United Kingdom,163.500000,0.0274868450,5948.300000,Stable panel of economies reported in every month
2014-03-01,2008M01-2023M09,Mainland China,1272.100000,0.2138594220,5948.300000,Stable panel of economies reported in every month
2014-03-01,2008M01-2023M09,Japan,1200.200000,0.2017719348,5948.300000,Stable panel of economies reported in every month
2014-04-01,2008M01-2023M09,All other foreign,2835.900000,0.4758700540,5959.400000,Stable panel of economies reported in every month
2014-04-01,2008M01-2023M09,South Korea,55.300000,0.0092794577,5959.400000,Stable panel of economies reported in every month
2014-04-01,2008M01-2023M09,Singapore,93.100000,0.0156223781,5959.400000,Stable panel of economies reported in every month
2014-04-01,2008M01-2023M09,Taiwan,175.700000,0.0294828338,5959.400000,Stable panel of economies reported in every month
2014-04-01,2008M01-2023M09,Hong Kong,154.500000,0.0259254287,5959.400000,Stable panel of economies reported in every month
2014-04-01,2008M01-2023M09,United Kingdom,172.000000,0.0288619660,5959.400000,Stable panel of economies reported in every month
2014-04-01,2008M01-2023M09,Mainland China,1263.200000,0.2119676477,5959.400000,Stable panel of economies reported in every month
2014-04-01,2008M01-2023M09,Japan,1209.700000,0.2029902339,5959.400000,Stable panel of economies reported in every month
2014-05-01,2008M01-2023M09,All other foreign,2833.200000,0.4742154155,5974.500000,Stable panel of economies reported in every month
2014-05-01,2008M01-2023M09,South Korea,56.300000,0.0094233827,5974.500000,Stable panel of economies reported in every month
2014-05-01,2008M01-2023M09,Singapore,97.500000,0.0163193573,5974.500000,Stable panel of economies reported in every month
2014-05-01,2008M01-2023M09,Taiwan,174.400000,0.0291907273,5974.500000,Stable panel of economies reported in every month
2014-05-01,2008M01-2023M09,Hong Kong,155.200000,0.0259770692,5974.500000,Stable panel of economies reported in every month
2014-05-01,2008M01-2023M09,United Kingdom,166.900000,0.0279353921,5974.500000,Stable panel of economies reported in every month
2014-05-01,2008M01-2023M09,Mainland China,1270.900000,0.2127207298,5974.500000,Stable panel of economies reported in every month
2014-05-01,2008M01-2023M09,Japan,1220.100000,0.2042179262,5974.500000,Stable panel of economies reported in every month
2014-06-01,2008M01-2023M09,All other foreign,2876.700000,0.4779603569,6018.700000,Stable panel of economies reported in every month
2014-06-01,2008M01-2023M09,South Korea,57.500000,0.0095535581,6018.700000,Stable panel of economies reported in every month
2014-06-01,2008M01-2023M09,Singapore,98.100000,0.0162992008,6018.700000,Stable panel of economies reported in every month
2014-06-01,2008M01-2023M09,Taiwan,179.400000,0.0298071012,6018.700000,Stable panel of economies reported in every month
2014-06-01,2008M01-2023M09,Hong Kong,157.600000,0.0261850566,6018.700000,Stable panel of economies reported in every month
2014-06-01,2008M01-2023M09,United Kingdom,161.700000,0.0268662668,6018.700000,Stable panel of economies reported in every month
2014-06-01,2008M01-2023M09,Mainland China,1268.400000,0.2107431837,6018.700000,Stable panel of economies reported in every month
2014-06-01,2008M01-2023M09,Japan,1219.300000,0.2025852759,6018.700000,Stable panel of economies reported in every month
2014-07-01,2008M01-2023M09,All other foreign,2866.000000,0.4774597674,6002.600000,Stable panel of economies reported in every month
2014-07-01,2008M01-2023M09,South Korea,56.100000,0.0093459501,6002.600000,Stable panel of economies reported in every month
2014-07-01,2008M01-2023M09,Singapore,101.000000,0.0168260420,6002.600000,Stable panel of economies reported in every month
2014-07-01,2008M01-2023M09,Taiwan,175.400000,0.0292206710,6002.600000,Stable panel of economies reported in every month
2014-07-01,2008M01-2023M09,Hong Kong,158.700000,0.0264385433,6002.600000,Stable panel of economies reported in every month
2014-07-01,2008M01-2023M09,United Kingdom,161.500000,0.0269050078,6002.600000,Stable panel of economies reported in every month
2014-07-01,2008M01-2023M09,Mainland China,1264.900000,0.2107253523,6002.600000,Stable panel of economies reported in every month
2014-07-01,2008M01-2023M09,Japan,1219.000000,0.2030786659,6002.600000,Stable panel of economies reported in every month
2014-08-01,2008M01-2023M09,All other foreign,2910.400000,0.4795360179,6069.200000,Stable panel of economies reported in every month
2014-08-01,2008M01-2023M09,South Korea,56.900000,0.0093752060,6069.200000,Stable panel of economies reported in every month
2014-08-01,2008M01-2023M09,Singapore,106.300000,0.0175146642,6069.200000,Stable panel of economies reported in every month
2014-08-01,2008M01-2023M09,Taiwan,172.900000,0.0284881039,6069.200000,Stable panel of economies reported in every month
2014-08-01,2008M01-2023M09,Hong Kong,160.500000,0.0264450010,6069.200000,Stable panel of economies reported in every month
2014-08-01,2008M01-2023M09,United Kingdom,162.400000,0.0267580571,6069.200000,Stable panel of economies reported in every month
2014-08-01,2008M01-2023M09,Mainland China,1269.700000,0.2092038489,6069.200000,Stable panel of economies reported in every month
2014-08-01,2008M01-2023M09,Japan,1230.100000,0.2026791010,6069.200000,Stable panel of economies reported in every month
2014-09-01,2008M01-2023M09,All other foreign,2928.000000,0.4824359059,6069.200000,Stable panel of economies reported in every month
2014-09-01,2008M01-2023M09,South Korea,54.500000,0.0089797667,6069.200000,Stable panel of economies reported in every month
2014-09-01,2008M01-2023M09,Singapore,108.500000,0.0178771502,6069.200000,Stable panel of economies reported in every month
2014-09-01,2008M01-2023M09,Taiwan,173.400000,0.0285704870,6069.200000,Stable panel of economies reported in every month
2014-09-01,2008M01-2023M09,Hong Kong,159.000000,0.0261978514,6069.200000,Stable panel of economies reported in every month
2014-09-01,2008M01-2023M09,United Kingdom,157.700000,0.0259836552,6069.200000,Stable panel of economies reported in every month
2014-09-01,2008M01-2023M09,Mainland China,1266.300000,0.2086436433,6069.200000,Stable panel of economies reported in every month
2014-09-01,2008M01-2023M09,Japan,1221.800000,0.2013115402,6069.200000,Stable panel of economies reported in every month
2014-10-01,2008M01-2023M09,All other foreign,2927.700000,0.4829594193,6062.000000,Stable panel of economies reported in every month
2014-10-01,2008M01-2023M09,South Korea,57.300000,0.0094523260,6062.000000,Stable panel of economies reported in every month
2014-10-01,2008M01-2023M09,Singapore,108.000000,0.0178159023,6062.000000,Stable panel of economies reported in every month
2014-10-01,2008M01-2023M09,Taiwan,172.900000,0.0285219400,6062.000000,Stable panel of economies reported in every month
2014-10-01,2008M01-2023M09,Hong Kong,161.000000,0.0265588915,6062.000000,Stable panel of economies reported in every month
2014-10-01,2008M01-2023M09,United Kingdom,160.000000,0.0263939294,6062.000000,Stable panel of economies reported in every month
2014-10-01,2008M01-2023M09,Mainland China,1252.700000,0.2066479710,6062.000000,Stable panel of economies reported in every month
2014-10-01,2008M01-2023M09,Japan,1222.400000,0.2016496206,6062.000000,Stable panel of economies reported in every month
2014-11-01,2008M01-2023M09,All other foreign,2957.900000,0.4837280042,6114.800000,Stable panel of economies reported in every month
2014-11-01,2008M01-2023M09,South Korea,55.400000,0.0090599856,6114.800000,Stable panel of economies reported in every month
2014-11-01,2008M01-2023M09,Singapore,110.100000,0.0180054949,6114.800000,Stable panel of economies reported in every month
2014-11-01,2008M01-2023M09,Taiwan,170.600000,0.0278995225,6114.800000,Stable panel of economies reported in every month
2014-11-01,2008M01-2023M09,Hong Kong,165.600000,0.0270818342,6114.800000,Stable panel of economies reported in every month
2014-11-01,2008M01-2023M09,United Kingdom,163.300000,0.0267056977,6114.800000,Stable panel of economies reported in every month
2014-11-01,2008M01-2023M09,Mainland China,1250.400000,0.2044874730,6114.800000,Stable panel of economies reported in every month
2014-11-01,2008M01-2023M09,Japan,1241.500000,0.2030319880,6114.800000,Stable panel of economies reported in every month
2014-12-01,2008M01-2023M09,All other foreign,2977.800000,0.4835660929,6158.000000,Stable panel of economies reported in every month
2014-12-01,2008M01-2023M09,South Korea,68.300000,0.0110912634,6158.000000,Stable panel of economies reported in every month
2014-12-01,2008M01-2023M09,Singapore,110.000000,0.0178629425,6158.000000,Stable panel of economies reported in every month
2014-12-01,2008M01-2023M09,Taiwan,174.400000,0.0283208834,6158.000000,Stable panel of economies reported in every month
2014-12-01,2008M01-2023M09,Hong Kong,172.600000,0.0280285807,6158.000000,Stable panel of economies reported in every month
2014-12-01,2008M01-2023M09,United Kingdom,179.700000,0.0291815525,6158.000000,Stable panel of economies reported in every month
2014-12-01,2008M01-2023M09,Mainland China,1244.300000,0.2020623579,6158.000000,Stable panel of economies reported in every month
2014-12-01,2008M01-2023M09,Japan,1230.900000,0.1998863267,6158.000000,Stable panel of economies reported in every month
2015-01-01,2008M01-2023M09,All other foreign,3026.500000,0.4866772798,6218.700000,Stable panel of economies reported in every month
2015-01-01,2008M01-2023M09,South Korea,65.600000,0.0105488285,6218.700000,Stable panel of economies reported in every month
2015-01-01,2008M01-2023M09,Singapore,109.700000,0.0176403428,6218.700000,Stable panel of economies reported in every month
2015-01-01,2008M01-2023M09,Taiwan,170.600000,0.0274333864,6218.700000,Stable panel of economies reported in every month
2015-01-01,2008M01-2023M09,Hong Kong,170.800000,0.0274655475,6218.700000,Stable panel of economies reported in every month
2015-01-01,2008M01-2023M09,United Kingdom,197.800000,0.0318072909,6218.700000,Stable panel of economies reported in every month
2015-01-01,2008M01-2023M09,Mainland China,1239.100000,0.1992538633,6218.700000,Stable panel of economies reported in every month
2015-01-01,2008M01-2023M09,Japan,1238.600000,0.1991734607,6218.700000,Stable panel of economies reported in every month
2015-02-01,2008M01-2023M09,All other foreign,3017.300000,0.4895512217,6163.400000,Stable panel of economies reported in every month
2015-02-01,2008M01-2023M09,South Korea,63.800000,0.0103514294,6163.400000,Stable panel of economies reported in every month
2015-02-01,2008M01-2023M09,Singapore,109.700000,0.0177986176,6163.400000,Stable panel of economies reported in every month
2015-02-01,2008M01-2023M09,Taiwan,165.900000,0.0269169614,6163.400000,Stable panel of economies reported in every month
2015-02-01,2008M01-2023M09,Hong Kong,175.400000,0.0284583185,6163.400000,Stable panel of economies reported in every month
2015-02-01,2008M01-2023M09,United Kingdom,183.200000,0.0297238537,6163.400000,Stable panel of economies reported in every month
2015-02-01,2008M01-2023M09,Mainland China,1223.700000,0.1985430120,6163.400000,Stable panel of economies reported in every month
2015-02-01,2008M01-2023M09,Japan,1224.400000,0.1986565857,6163.400000,Stable panel of economies reported in every month
2015-03-01,2008M01-2023M09,All other foreign,2970.000000,0.4811586690,6172.600000,Stable panel of economies reported in every month
2015-03-01,2008M01-2023M09,South Korea,67.200000,0.0108868224,6172.600000,Stable panel of economies reported in every month
2015-03-01,2008M01-2023M09,Singapore,110.600000,0.0179178952,6172.600000,Stable panel of economies reported in every month
2015-03-01,2008M01-2023M09,Taiwan,168.200000,0.0272494573,6172.600000,Stable panel of economies reported in every month
2015-03-01,2008M01-2023M09,Hong Kong,180.700000,0.0292745359,6172.600000,Stable panel of economies reported in every month
2015-03-01,2008M01-2023M09,United Kingdom,190.200000,0.0308135956,6172.600000,Stable panel of economies reported in every month
2015-03-01,2008M01-2023M09,Mainland China,1261.000000,0.2042899264,6172.600000,Stable panel of economies reported in every month
2015-03-01,2008M01-2023M09,Japan,1224.700000,0.1984090983,6172.600000,Stable panel of economies reported in every month
2015-04-01,2008M01-2023M09,All other foreign,2937.900000,0.4786490493,6137.900000,Stable panel of economies reported in every month
2015-04-01,2008M01-2023M09,South Korea,71.800000,0.0116978120,6137.900000,Stable panel of economies reported in every month
2015-04-01,2008M01-2023M09,Singapore,109.700000,0.0178725623,6137.900000,Stable panel of economies reported in every month
2015-04-01,2008M01-2023M09,Taiwan,170.300000,0.0277456459,6137.900000,Stable panel of economies reported in every month
2015-04-01,2008M01-2023M09,Hong Kong,183.100000,0.0298310497,6137.900000,Stable panel of economies reported in every month
2015-04-01,2008M01-2023M09,United Kingdom,185.800000,0.0302709396,6137.900000,Stable panel of economies reported in every month
2015-04-01,2008M01-2023M09,Mainland China,1263.400000,0.2058358722,6137.900000,Stable panel of economies reported in every month
2015-04-01,2008M01-2023M09,Japan,1215.900000,0.1980970690,6137.900000,Stable panel of economies reported in every month
2015-05-01,2008M01-2023M09,All other foreign,2914.300000,0.4750440112,6134.800000,Stable panel of economies reported in every month
2015-05-01,2008M01-2023M09,South Korea,74.300000,0.0121112343,6134.800000,Stable panel of economies reported in every month
2015-05-01,2008M01-2023M09,Singapore,110.300000,0.0179793962,6134.800000,Stable panel of economies reported in every month
2015-05-01,2008M01-2023M09,Taiwan,174.200000,0.0283953837,6134.800000,Stable panel of economies reported in every month
2015-05-01,2008M01-2023M09,Hong Kong,186.300000,0.0303677381,6134.800000,Stable panel of economies reported in every month
2015-05-01,2008M01-2023M09,United Kingdom,190.200000,0.0310034557,6134.800000,Stable panel of economies reported in every month
2015-05-01,2008M01-2023M09,Mainland China,1270.300000,0.2070646150,6134.800000,Stable panel of economies reported in every month
2015-05-01,2008M01-2023M09,Japan,1214.900000,0.1980341657,6134.800000,Stable panel of economies reported in every month
2015-06-01,2008M01-2023M09,All other foreign,2940.200000,0.4772277228,6161.000000,Stable panel of economies reported in every month
2015-06-01,2008M01-2023M09,South Korea,76.700000,0.0124492777,6161.000000,Stable panel of economies reported in every month
2015-06-01,2008M01-2023M09,Singapore,113.600000,0.0184385652,6161.000000,Stable panel of economies reported in every month
2015-06-01,2008M01-2023M09,Taiwan,175.600000,0.0285018666,6161.000000,Stable panel of economies reported in every month
2015-06-01,2008M01-2023M09,Hong Kong,181.300000,0.0294270411,6161.000000,Stable panel of economies reported in every month
2015-06-01,2008M01-2023M09,United Kingdom,205.300000,0.0333225126,6161.000000,Stable panel of economies reported in every month
2015-06-01,2008M01-2023M09,Mainland China,1271.200000,0.2063301412,6161.000000,Stable panel of economies reported in every month
2015-06-01,2008M01-2023M09,Japan,1197.100000,0.1943028729,6161.000000,Stable panel of economies reported in every month
2015-07-01,2008M01-2023M09,All other foreign,2902.100000,0.4744008893,6117.400000,Stable panel of economies reported in every month
2015-07-01,2008M01-2023M09,South Korea,74.400000,0.0121620296,6117.400000,Stable panel of economies reported in every month
2015-07-01,2008M01-2023M09,Singapore,112.700000,0.0184228594,6117.400000,Stable panel of economies reported in every month
2015-07-01,2008M01-2023M09,Taiwan,172.400000,0.0281819073,6117.400000,Stable panel of economies reported in every month
2015-07-01,2008M01-2023M09,Hong Kong,182.800000,0.0298819760,6117.400000,Stable panel of economies reported in every month
2015-07-01,2008M01-2023M09,United Kingdom,203.400000,0.0332494197,6117.400000,Stable panel of economies reported in every month
2015-07-01,2008M01-2023M09,Mainland China,1268.800000,0.2074083761,6117.400000,Stable panel of economies reported in every month
2015-07-01,2008M01-2023M09,Japan,1200.800000,0.1962925426,6117.400000,Stable panel of economies reported in every month
2015-08-01,2008M01-2023M09,All other foreign,2865.100000,0.4697193259,6099.600000,Stable panel of economies reported in every month
2015-08-01,2008M01-2023M09,South Korea,72.100000,0.0118204472,6099.600000,Stable panel of economies reported in every month
2015-08-01,2008M01-2023M09,Singapore,116.000000,0.0190176405,6099.600000,Stable panel of economies reported in every month
2015-08-01,2008M01-2023M09,Taiwan,172.500000,0.0282805430,6099.600000,Stable panel of economies reported in every month
2015-08-01,2008M01-2023M09,Hong Kong,193.200000,0.0316742081,6099.600000,Stable panel of economies reported in every month
2015-08-01,2008M01-2023M09,United Kingdom,213.200000,0.0349531117,6099.600000,Stable panel of economies reported in every month
2015-08-01,2008M01-2023M09,Mainland China,1270.500000,0.2082923470,6099.600000,Stable panel of economies reported in every month
2015-08-01,2008M01-2023M09,Japan,1197.000000,0.1962423765,6099.600000,Stable panel of economies reported in every month
2015-09-01,2008M01-2023M09,All other foreign,2896.000000,0.4744429882,6104.000000,Stable panel of economies reported in every month
2015-09-01,2008M01-2023M09,South Korea,69.400000,0.0113695937,6104.000000,Stable panel of economies reported in every month
2015-09-01,2008M01-2023M09,Singapore,122.900000,0.0201343381,6104.000000,Stable panel of economies reported in every month
2015-09-01,2008M01-2023M09,Taiwan,178.100000,0.0291775885,6104.000000,Stable panel of economies reported in every month
2015-09-01,2008M01-2023M09,Hong Kong,198.600000,0.0325360419,6104.000000,Stable panel of economies reported in every month
2015-09-01,2008M01-2023M09,United Kingdom,203.900000,0.0334043250,6104.000000,Stable panel of economies reported in every month
2015-09-01,2008M01-2023M09,Mainland China,1258.000000,0.2060943644,6104.000000,Stable panel of economies reported in every month
2015-09-01,2008M01-2023M09,Japan,1177.100000,0.1928407602,6104.000000,Stable panel of economies reported in every month
2015-10-01,2008M01-2023M09,All other foreign,2884.900000,0.4772137032,6045.300000,Stable panel of economies reported in every month
2015-10-01,2008M01-2023M09,South Korea,69.100000,0.0114303674,6045.300000,Stable panel of economies reported in every month
2015-10-01,2008M01-2023M09,Singapore,111.600000,0.0184606223,6045.300000,Stable panel of economies reported in every month
2015-10-01,2008M01-2023M09,Taiwan,178.100000,0.0294609035,6045.300000,Stable panel of economies reported in every month
2015-10-01,2008M01-2023M09,Hong Kong,197.000000,0.0325872992,6045.300000,Stable panel of economies reported in every month
2015-10-01,2008M01-2023M09,United Kingdom,200.600000,0.0331828032,6045.300000,Stable panel of economies reported in every month
2015-10-01,2008M01-2023M09,Mainland China,1254.800000,0.2075662085,6045.300000,Stable panel of economies reported in every month
2015-10-01,2008M01-2023M09,Japan,1149.200000,0.1900980927,6045.300000,Stable panel of economies reported in every month
2015-11-01,2008M01-2023M09,All other foreign,2954.600000,0.4825097168,6123.400000,Stable panel of economies reported in every month
2015-11-01,2008M01-2023M09,South Korea,72.600000,0.0118561583,6123.400000,Stable panel of economies reported in every month
2015-11-01,2008M01-2023M09,Singapore,108.300000,0.0176862527,6123.400000,Stable panel of economies reported in every month
2015-11-01,2008M01-2023M09,Taiwan,177.500000,0.0289871640,6123.400000,Stable panel of economies reported in every month
2015-11-01,2008M01-2023M09,Hong Kong,196.500000,0.0320900154,6123.400000,Stable panel of economies reported in every month
2015-11-01,2008M01-2023M09,United Kingdom,204.500000,0.0333964791,6123.400000,Stable panel of economies reported in every month
2015-11-01,2008M01-2023M09,Mainland China,1264.500000,0.2065029232,6123.400000,Stable panel of economies reported in every month
2015-11-01,2008M01-2023M09,Japan,1144.900000,0.1869712905,6123.400000,Stable panel of economies reported in every month
2015-12-01,2008M01-2023M09,All other foreign,3004.900000,0.4890628560,6144.200000,Stable panel of economies reported in every month
2015-12-01,2008M01-2023M09,South Korea,74.600000,0.0121415319,6144.200000,Stable panel of economies reported in every month
2015-12-01,2008M01-2023M09,Singapore,110.300000,0.0179518896,6144.200000,Stable panel of economies reported in every month
2015-12-01,2008M01-2023M09,Taiwan,178.700000,0.0290843397,6144.200000,Stable panel of economies reported in every month
2015-12-01,2008M01-2023M09,Hong Kong,200.100000,0.0325672992,6144.200000,Stable panel of economies reported in every month
2015-12-01,2008M01-2023M09,United Kingdom,207.100000,0.0337065851,6144.200000,Stable panel of economies reported in every month
2015-12-01,2008M01-2023M09,Mainland China,1246.100000,0.2028091533,6144.200000,Stable panel of economies reported in every month
2015-12-01,2008M01-2023M09,Japan,1122.400000,0.1826763452,6144.200000,Stable panel of economies reported in every month
2016-01-01,2008M01-2023M09,All other foreign,3038.300000,0.4914434524,6182.400000,Stable panel of economies reported in every month
2016-01-01,2008M01-2023M09,South Korea,74.200000,0.0120018116,6182.400000,Stable panel of economies reported in every month
2016-01-01,2008M01-2023M09,Singapore,113.900000,0.0184232660,6182.400000,Stable panel of economies reported in every month
2016-01-01,2008M01-2023M09,Taiwan,183.300000,0.0296486801,6182.400000,Stable panel of economies reported in every month
2016-01-01,2008M01-2023M09,Hong Kong,201.500000,0.0325925207,6182.400000,Stable panel of economies reported in every month
2016-01-01,2008M01-2023M09,United Kingdom,209.600000,0.0339026915,6182.400000,Stable panel of economies reported in every month
2016-01-01,2008M01-2023M09,Mainland China,1238.000000,0.2002458592,6182.400000,Stable panel of economies reported in every month
2016-01-01,2008M01-2023M09,Japan,1123.600000,0.1817417184,6182.400000,Stable panel of economies reported in every month
2016-02-01,2008M01-2023M09,All other foreign,3051.500000,0.4889049107,6241.500000,Stable panel of economies reported in every month
2016-02-01,2008M01-2023M09,South Korea,78.200000,0.0125290395,6241.500000,Stable panel of economies reported in every month
2016-02-01,2008M01-2023M09,Singapore,111.500000,0.0178642954,6241.500000,Stable panel of economies reported in every month
2016-02-01,2008M01-2023M09,Taiwan,182.700000,0.0292718097,6241.500000,Stable panel of economies reported in every month
2016-02-01,2008M01-2023M09,Hong Kong,201.500000,0.0322839061,6241.500000,Stable panel of economies reported in every month
2016-02-01,2008M01-2023M09,United Kingdom,230.600000,0.0369462469,6241.500000,Stable panel of economies reported in every month
2016-02-01,2008M01-2023M09,Mainland China,1252.300000,0.2006408716,6241.500000,Stable panel of economies reported in every month
2016-02-01,2008M01-2023M09,Japan,1133.200000,0.1815589201,6241.500000,Stable panel of economies reported in every month
2016-03-01,2008M01-2023M09,All other foreign,3097.400000,0.4928712367,6284.400000,Stable panel of economies reported in every month
2016-03-01,2008M01-2023M09,South Korea,84.100000,0.0133823436,6284.400000,Stable panel of economies reported in every month
2016-03-01,2008M01-2023M09,Singapore,112.700000,0.0179332951,6284.400000,Stable panel of economies reported in every month
2016-03-01,2008M01-2023M09,Taiwan,182.300000,0.0290083381,6284.400000,Stable panel of economies reported in every month
2016-03-01,2008M01-2023M09,Hong Kong,199.700000,0.0317770988,6284.400000,Stable panel of economies reported in every month
2016-03-01,2008M01-2023M09,United Kingdom,226.500000,0.0360416269,6284.400000,Stable panel of economies reported in every month
2016-03-01,2008M01-2023M09,Mainland China,1244.600000,0.1980459551,6284.400000,Stable panel of economies reported in every month
2016-03-01,2008M01-2023M09,Japan,1137.100000,0.1809401057,6284.400000,Stable panel of economies reported in every month
2016-04-01,2008M01-2023M09,All other foreign,3062.600000,0.4910609778,6236.700000,Stable panel of economies reported in every month
2016-04-01,2008M01-2023M09,South Korea,83.000000,0.0133083201,6236.700000,Stable panel of economies reported in every month
2016-04-01,2008M01-2023M09,Singapore,109.400000,0.0175413279,6236.700000,Stable panel of economies reported in every month
2016-04-01,2008M01-2023M09,Taiwan,185.200000,0.0296951914,6236.700000,Stable panel of economies reported in every month
2016-04-01,2008M01-2023M09,Hong Kong,194.500000,0.0311863646,6236.700000,Stable panel of economies reported in every month
2016-04-01,2008M01-2023M09,United Kingdom,216.400000,0.0346978370,6236.700000,Stable panel of economies reported in every month
2016-04-01,2008M01-2023M09,Mainland China,1242.800000,0.1992720509,6236.700000,Stable panel of economies reported in every month
2016-04-01,2008M01-2023M09,Japan,1142.800000,0.1832379303,6236.700000,Stable panel of economies reported in every month
2016-05-01,2008M01-2023M09,All other foreign,3050.800000,0.4914066653,6208.300000,Stable panel of economies reported in every month
2016-05-01,2008M01-2023M09,South Korea,80.500000,0.0129665126,6208.300000,Stable panel of economies reported in every month
2016-05-01,2008M01-2023M09,Singapore,109.300000,0.0176054637,6208.300000,Stable panel of economies reported in every month
2016-05-01,2008M01-2023M09,Taiwan,181.500000,0.0292350563,6208.300000,Stable panel of economies reported in every month
2016-05-01,2008M01-2023M09,Hong Kong,191.900000,0.0309102331,6208.300000,Stable panel of economies reported in every month
2016-05-01,2008M01-2023M09,United Kingdom,217.100000,0.0349693153,6208.300000,Stable panel of economies reported in every month
2016-05-01,2008M01-2023M09,Mainland China,1244.000000,0.2003769148,6208.300000,Stable panel of economies reported in every month
2016-05-01,2008M01-2023M09,Japan,1133.200000,0.1825298391,6208.300000,Stable panel of economies reported in every month
2016-06-01,2008M01-2023M09,All other foreign,3097.400000,0.4932872545,6279.100000,Stable panel of economies reported in every month
2016-06-01,2008M01-2023M09,South Korea,82.100000,0.0130751222,6279.100000,Stable panel of economies reported in every month
2016-06-01,2008M01-2023M09,Singapore,107.700000,0.0171521396,6279.100000,Stable panel of economies reported in every month
2016-06-01,2008M01-2023M09,Taiwan,187.900000,0.0299246707,6279.100000,Stable panel of economies reported in every month
2016-06-01,2008M01-2023M09,Hong Kong,184.700000,0.0294150436,6279.100000,Stable panel of economies reported in every month
2016-06-01,2008M01-2023M09,United Kingdom,231.400000,0.0368524152,6279.100000,Stable panel of economies reported in every month
2016-06-01,2008M01-2023M09,Mainland China,1240.800000,0.1976079374,6279.100000,Stable panel of economies reported in every month
2016-06-01,2008M01-2023M09,Japan,1147.100000,0.1826854167,6279.100000,Stable panel of economies reported in every month
2016-07-01,2008M01-2023M09,All other foreign,3093.600000,0.4951265185,6248.100000,Stable panel of economies reported in every month
2016-07-01,2008M01-2023M09,South Korea,85.900000,0.0137481794,6248.100000,Stable panel of economies reported in every month
2016-07-01,2008M01-2023M09,Singapore,103.500000,0.0165650358,6248.100000,Stable panel of economies reported in every month
2016-07-01,2008M01-2023M09,Taiwan,192.100000,0.0307453466,6248.100000,Stable panel of economies reported in every month
2016-07-01,2008M01-2023M09,Hong Kong,189.600000,0.0303452249,6248.100000,Stable panel of economies reported in every month
2016-07-01,2008M01-2023M09,United Kingdom,210.000000,0.0336102175,6248.100000,Stable panel of economies reported in every month
2016-07-01,2008M01-2023M09,Mainland China,1218.800000,0.1950673005,6248.100000,Stable panel of economies reported in every month
2016-07-01,2008M01-2023M09,Japan,1154.600000,0.1847921768,6248.100000,Stable panel of economies reported in every month
2016-08-01,2008M01-2023M09,All other foreign,3085.500000,0.4978941763,6197.100000,Stable panel of economies reported in every month
2016-08-01,2008M01-2023M09,South Korea,90.200000,0.0145551952,6197.100000,Stable panel of economies reported in every month
2016-08-01,2008M01-2023M09,Singapore,105.900000,0.0170886382,6197.100000,Stable panel of economies reported in every month
2016-08-01,2008M01-2023M09,Taiwan,190.000000,0.0306595020,6197.100000,Stable panel of economies reported in every month
2016-08-01,2008M01-2023M09,Hong Kong,191.500000,0.0309015507,6197.100000,Stable panel of economies reported in every month
2016-08-01,2008M01-2023M09,United Kingdom,204.900000,0.0330638524,6197.100000,Stable panel of economies reported in every month
2016-08-01,2008M01-2023M09,Mainland China,1185.100000,0.1912346097,6197.100000,Stable panel of economies reported in every month
2016-08-01,2008M01-2023M09,Japan,1144.000000,0.1846024754,6197.100000,Stable panel of economies reported in every month
2016-09-01,2008M01-2023M09,All other foreign,3075.900000,0.4996669861,6155.900000,Stable panel of economies reported in every month
2016-09-01,2008M01-2023M09,South Korea,88.500000,0.0143764519,6155.900000,Stable panel of economies reported in every month
2016-09-01,2008M01-2023M09,Singapore,101.400000,0.0164720025,6155.900000,Stable panel of economies reported in every month
2016-09-01,2008M01-2023M09,Taiwan,189.300000,0.0307509869,6155.900000,Stable panel of economies reported in every month
2016-09-01,2008M01-2023M09,Hong Kong,189.800000,0.0308322097,6155.900000,Stable panel of economies reported in every month
2016-09-01,2008M01-2023M09,United Kingdom,217.600000,0.0353482025,6155.900000,Stable panel of economies reported in every month
2016-09-01,2008M01-2023M09,Mainland China,1157.000000,0.1879497718,6155.900000,Stable panel of economies reported in every month
2016-09-01,2008M01-2023M09,Japan,1136.400000,0.1846033886,6155.900000,Stable panel of economies reported in every month
2016-10-01,2008M01-2023M09,All other foreign,3027.900000,0.5010093322,6043.600000,Stable panel of economies reported in every month
2016-10-01,2008M01-2023M09,South Korea,86.700000,0.0143457542,6043.600000,Stable panel of economies reported in every month
2016-10-01,2008M01-2023M09,Singapore,99.200000,0.0164140578,6043.600000,Stable panel of economies reported in every month
2016-10-01,2008M01-2023M09,Taiwan,188.600000,0.0312065656,6043.600000,Stable panel of economies reported in every month
2016-10-01,2008M01-2023M09,Hong Kong,186.300000,0.0308259977,6043.600000,Stable panel of economies reported in every month
2016-10-01,2008M01-2023M09,United Kingdom,207.300000,0.0343007479,6043.600000,Stable panel of economies reported in every month
2016-10-01,2008M01-2023M09,Mainland China,1115.700000,0.1846085115,6043.600000,Stable panel of economies reported in every month
2016-10-01,2008M01-2023M09,Japan,1131.900000,0.1872890330,6043.600000,Stable panel of economies reported in every month
2016-11-01,2008M01-2023M09,All other foreign,3028.800000,0.5087854863,5953.000000,Stable panel of economies reported in every month
2016-11-01,2008M01-2023M09,South Korea,85.000000,0.0142785150,5953.000000,Stable panel of economies reported in every month
2016-11-01,2008M01-2023M09,Singapore,96.900000,0.0162775071,5953.000000,Stable panel of economies reported in every month
2016-11-01,2008M01-2023M09,Taiwan,183.100000,0.0307576012,5953.000000,Stable panel of economies reported in every month
2016-11-01,2008M01-2023M09,Hong Kong,185.500000,0.0311607593,5953.000000,Stable panel of economies reported in every month
2016-11-01,2008M01-2023M09,United Kingdom,215.800000,0.0362506299,5953.000000,Stable panel of economies reported in every month
2016-11-01,2008M01-2023M09,Mainland China,1049.300000,0.1762640685,5953.000000,Stable panel of economies reported in every month
2016-11-01,2008M01-2023M09,Japan,1108.600000,0.1862254326,5953.000000,Stable panel of economies reported in every month
2016-12-01,2008M01-2023M09,All other foreign,3060.300000,0.5098120877,6002.800000,Stable panel of economies reported in every month
2016-12-01,2008M01-2023M09,South Korea,93.200000,0.0155260878,6002.800000,Stable panel of economies reported in every month
2016-12-01,2008M01-2023M09,Singapore,102.200000,0.0170253882,6002.800000,Stable panel of economies reported in every month
2016-12-01,2008M01-2023M09,Taiwan,189.300000,0.0315352835,6002.800000,Stable panel of economies reported in every month
2016-12-01,2008M01-2023M09,Hong Kong,191.400000,0.0318851203,6002.800000,Stable panel of economies reported in every month
2016-12-01,2008M01-2023M09,United Kingdom,217.200000,0.0361831145,6002.800000,Stable panel of economies reported in every month
2016-12-01,2008M01-2023M09,Mainland China,1058.400000,0.1763177184,6002.800000,Stable panel of economies reported in every month
2016-12-01,2008M01-2023M09,Japan,1090.800000,0.1817151996,6002.800000,Stable panel of economies reported in every month
2017-01-01,2008M01-2023M09,All other foreign,3009.600000,0.5058831440,5949.200000,Stable panel of economies reported in every month
2017-01-01,2008M01-2023M09,South Korea,95.600000,0.0160693875,5949.200000,Stable panel of economies reported in every month
2017-01-01,2008M01-2023M09,Singapore,103.300000,0.0173636792,5949.200000,Stable panel of economies reported in every month
2017-01-01,2008M01-2023M09,Taiwan,183.600000,0.0308612923,5949.200000,Stable panel of economies reported in every month
2017-01-01,2008M01-2023M09,Hong Kong,189.400000,0.0318362133,5949.200000,Stable panel of economies reported in every month
2017-01-01,2008M01-2023M09,United Kingdom,214.100000,0.0359880320,5949.200000,Stable panel of economies reported in every month
2017-01-01,2008M01-2023M09,Mainland China,1051.100000,0.1766792174,5949.200000,Stable panel of economies reported in every month
2017-01-01,2008M01-2023M09,Japan,1102.500000,0.1853190345,5949.200000,Stable panel of economies reported in every month
2017-02-01,2008M01-2023M09,All other foreign,3034.600000,0.5047151767,6012.500000,Stable panel of economies reported in every month
2017-02-01,2008M01-2023M09,South Korea,96.900000,0.0161164241,6012.500000,Stable panel of economies reported in every month
2017-02-01,2008M01-2023M09,Singapore,107.400000,0.0178627859,6012.500000,Stable panel of economies reported in every month
2017-02-01,2008M01-2023M09,Taiwan,183.600000,0.0305363825,6012.500000,Stable panel of economies reported in every month
2017-02-01,2008M01-2023M09,Hong Kong,197.100000,0.0327817048,6012.500000,Stable panel of economies reported in every month
2017-02-01,2008M01-2023M09,United Kingdom,217.500000,0.0361746362,6012.500000,Stable panel of economies reported in every month
2017-02-01,2008M01-2023M09,Mainland China,1059.700000,0.1762494802,6012.500000,Stable panel of economies reported in every month
2017-02-01,2008M01-2023M09,Japan,1115.700000,0.1855634096,6012.500000,Stable panel of economies reported in every month
2017-03-01,2008M01-2023M09,All other foreign,3059.100000,0.5035306898,6075.300000,Stable panel of economies reported in every month
2017-03-01,2008M01-2023M09,South Korea,97.100000,0.0159827498,6075.300000,Stable panel of economies reported in every month
2017-03-01,2008M01-2023M09,Singapore,103.100000,0.0169703554,6075.300000,Stable panel of economies reported in every month
2017-03-01,2008M01-2023M09,Taiwan,183.800000,0.0302536500,6075.300000,Stable panel of economies reported in every month
2017-03-01,2008M01-2023M09,Hong Kong,195.100000,0.0321136405,6075.300000,Stable panel of economies reported in every month
2017-03-01,2008M01-2023M09,United Kingdom,228.300000,0.0375783912,6075.300000,Stable panel of economies reported in every month
2017-03-01,2008M01-2023M09,Mainland China,1088.100000,0.1791022666,6075.300000,Stable panel of economies reported in every month
2017-03-01,2008M01-2023M09,Japan,1120.700000,0.1844682567,6075.300000,Stable panel of economies reported in every month
2017-04-01,2008M01-2023M09,All other foreign,3046.700000,0.5027142975,6060.500000,Stable panel of economies reported in every month
2017-04-01,2008M01-2023M09,South Korea,93.800000,0.0154772709,6060.500000,Stable panel of economies reported in every month
2017-04-01,2008M01-2023M09,Singapore,107.000000,0.0176553090,6060.500000,Stable panel of economies reported in every month
2017-04-01,2008M01-2023M09,Taiwan,185.600000,0.0306245359,6060.500000,Stable panel of economies reported in every month
2017-04-01,2008M01-2023M09,Hong Kong,196.800000,0.0324725683,6060.500000,Stable panel of economies reported in every month
2017-04-01,2008M01-2023M09,United Kingdom,231.500000,0.0381981685,6060.500000,Stable panel of economies reported in every month
2017-04-01,2008M01-2023M09,Mainland China,1092.200000,0.1802161538,6060.500000,Stable panel of economies reported in every month
2017-04-01,2008M01-2023M09,Japan,1106.900000,0.1826416962,6060.500000,Stable panel of economies reported in every month
2017-05-01,2008M01-2023M09,All other foreign,3072.500000,0.5029958745,6108.400000,Stable panel of economies reported in every month
2017-05-01,2008M01-2023M09,South Korea,100.100000,0.0163872700,6108.400000,Stable panel of economies reported in every month
2017-05-01,2008M01-2023M09,Singapore,107.900000,0.0176642001,6108.400000,Stable panel of economies reported in every month
2017-05-01,2008M01-2023M09,Taiwan,181.200000,0.0296640692,6108.400000,Stable panel of economies reported in every month
2017-05-01,2008M01-2023M09,Hong Kong,196.600000,0.0321851876,6108.400000,Stable panel of economies reported in every month
2017-05-01,2008M01-2023M09,United Kingdom,236.400000,0.0387008054,6108.400000,Stable panel of economies reported in every month
2017-05-01,2008M01-2023M09,Mainland China,1102.200000,0.1804400498,6108.400000,Stable panel of economies reported in every month
2017-05-01,2008M01-2023M09,Japan,1111.500000,0.1819625434,6108.400000,Stable panel of economies reported in every month
2017-06-01,2008M01-2023M09,All other foreign,3088.900000,0.5021050407,6151.900000,Stable panel of economies reported in every month
2017-06-01,2008M01-2023M09,South Korea,96.800000,0.0157349762,6151.900000,Stable panel of economies reported in every month
2017-06-01,2008M01-2023M09,Singapore,106.400000,0.0172954697,6151.900000,Stable panel of economies reported in every month
2017-06-01,2008M01-2023M09,Taiwan,185.900000,0.0302183065,6151.900000,Stable panel of economies reported in every month
2017-06-01,2008M01-2023M09,Hong Kong,201.100000,0.0326890879,6151.900000,Stable panel of economies reported in every month
2017-06-01,2008M01-2023M09,United Kingdom,236.000000,0.0383621320,6151.900000,Stable panel of economies reported in every month
2017-06-01,2008M01-2023M09,Mainland China,1146.500000,0.1863651880,6151.900000,Stable panel of economies reported in every month
2017-06-01,2008M01-2023M09,Japan,1090.300000,0.1772297989,6151.900000,Stable panel of economies reported in every month
2017-07-01,2008M01-2023M09,All other foreign,3129.400000,0.5022952714,6230.200000,Stable panel of economies reported in every month
2017-07-01,2008M01-2023M09,South Korea,97.900000,0.0157137813,6230.200000,Stable panel of economies reported in every month
2017-07-01,2008M01-2023M09,Singapore,112.300000,0.0180251035,6230.200000,Stable panel of economies reported in every month
2017-07-01,2008M01-2023M09,Taiwan,184.100000,0.0295496132,6230.200000,Stable panel of economies reported in every month
2017-07-01,2008M01-2023M09,Hong Kong,196.700000,0.0315720202,6230.200000,Stable panel of economies reported in every month
2017-07-01,2008M01-2023M09,United Kingdom,229.600000,0.0368527495,6230.200000,Stable panel of economies reported in every month
2017-07-01,2008M01-2023M09,Mainland China,1166.900000,0.1872973580,6230.200000,Stable panel of economies reported in every month
2017-07-01,2008M01-2023M09,Japan,1113.300000,0.1786941029,6230.200000,Stable panel of economies reported in every month
2017-08-01,2008M01-2023M09,All other foreign,3130.200000,0.5008800845,6249.400000,Stable panel of economies reported in every month
2017-08-01,2008M01-2023M09,South Korea,95.000000,0.0152014593,6249.400000,Stable panel of economies reported in every month
2017-08-01,2008M01-2023M09,Singapore,119.300000,0.0190898326,6249.400000,Stable panel of economies reported in every month
2017-08-01,2008M01-2023M09,Taiwan,182.000000,0.0291227958,6249.400000,Stable panel of economies reported in every month
2017-08-01,2008M01-2023M09,Hong Kong,194.500000,0.0311229878,6249.400000,Stable panel of economies reported in every month
2017-08-01,2008M01-2023M09,United Kingdom,225.000000,0.0360034563,6249.400000,Stable panel of economies reported in every month
2017-08-01,2008M01-2023M09,Mainland China,1201.700000,0.1922904599,6249.400000,Stable panel of economies reported in every month
2017-08-01,2008M01-2023M09,Japan,1101.700000,0.1762889237,6249.400000,Stable panel of economies reported in every month
2017-09-01,2008M01-2023M09,All other foreign,3188.400000,0.5059426522,6301.900000,Stable panel of economies reported in every month
2017-09-01,2008M01-2023M09,South Korea,94.300000,0.0149637411,6301.900000,Stable panel of economies reported in every month
2017-09-01,2008M01-2023M09,Singapore,125.200000,0.0198670242,6301.900000,Stable panel of economies reported in every month
2017-09-01,2008M01-2023M09,Taiwan,183.900000,0.0291816754,6301.900000,Stable panel of economies reported in every month
2017-09-01,2008M01-2023M09,Hong Kong,194.400000,0.0308478395,6301.900000,Stable panel of economies reported in every month
2017-09-01,2008M01-2023M09,United Kingdom,237.400000,0.0376711785,6301.900000,Stable panel of economies reported in every month
2017-09-01,2008M01-2023M09,Mainland China,1182.300000,0.1876100858,6301.900000,Stable panel of economies reported in every month
2017-09-01,2008M01-2023M09,Japan,1096.000000,0.1739158032,6301.900000,Stable panel of economies reported in every month
2017-10-01,2008M01-2023M09,All other foreign,3210.500000,0.5076611692,6324.100000,Stable panel of economies reported in every month
2017-10-01,2008M01-2023M09,South Korea,100.100000,0.0158283392,6324.100000,Stable panel of economies reported in every month
2017-10-01,2008M01-2023M09,Singapore,130.400000,0.0206195348,6324.100000,Stable panel of economies reported in every month
2017-10-01,2008M01-2023M09,Taiwan,181.700000,0.0287313610,6324.100000,Stable panel of economies reported in every month
2017-10-01,2008M01-2023M09,Hong Kong,192.300000,0.0304074888,6324.100000,Stable panel of economies reported in every month
2017-10-01,2008M01-2023M09,United Kingdom,225.900000,0.0357204978,6324.100000,Stable panel of economies reported in every month
2017-10-01,2008M01-2023M09,Mainland China,1189.200000,0.1880425673,6324.100000,Stable panel of economies reported in every month
2017-10-01,2008M01-2023M09,Japan,1094.000000,0.1729890419,6324.100000,Stable panel of economies reported in every month
2017-11-01,2008M01-2023M09,All other foreign,3210.500000,0.5091021534,6306.200000,Stable panel of economies reported in every month
2017-11-01,2008M01-2023M09,South Korea,98.500000,0.0156195490,6306.200000,Stable panel of economies reported in every month
2017-11-01,2008M01-2023M09,Singapore,124.200000,0.0196949034,6306.200000,Stable panel of economies reported in every month
2017-11-01,2008M01-2023M09,Taiwan,179.900000,0.0285274809,6306.200000,Stable panel of economies reported in every month
2017-11-01,2008M01-2023M09,Hong Kong,194.900000,0.0309060924,6306.200000,Stable panel of economies reported in every month
2017-11-01,2008M01-2023M09,United Kingdom,237.500000,0.0376613491,6306.200000,Stable panel of economies reported in every month
2017-11-01,2008M01-2023M09,Mainland China,1176.600000,0.1865782880,6306.200000,Stable panel of economies reported in every month
2017-11-01,2008M01-2023M09,Japan,1084.100000,0.1719101836,6306.200000,Stable panel of economies reported in every month
2017-12-01,2008M01-2023M09,All other foreign,3118.000000,0.5019883116,6211.300000,Stable panel of economies reported in every month
2017-12-01,2008M01-2023M09,South Korea,96.300000,0.0155040008,6211.300000,Stable panel of economies reported in every month
2017-12-01,2008M01-2023M09,Singapore,125.000000,0.0201246116,6211.300000,Stable panel of economies reported in every month
2017-12-01,2008M01-2023M09,Taiwan,180.900000,0.0291243379,6211.300000,Stable panel of economies reported in every month
2017-12-01,2008M01-2023M09,Hong Kong,194.700000,0.0313460950,6211.300000,Stable panel of economies reported in every month
2017-12-01,2008M01-2023M09,United Kingdom,249.900000,0.0402331235,6211.300000,Stable panel of economies reported in every month
2017-12-01,2008M01-2023M09,Mainland China,1184.900000,0.1907652182,6211.300000,Stable panel of economies reported in every month
2017-12-01,2008M01-2023M09,Japan,1061.600000,0.1709143014,6211.300000,Stable panel of economies reported in every month
2018-01-01,2008M01-2023M09,All other foreign,3123.000000,0.5041487747,6194.600000,Stable panel of economies reported in every month
2018-01-01,2008M01-2023M09,South Korea,101.800000,0.0164336680,6194.600000,Stable panel of economies reported in every month
2018-01-01,2008M01-2023M09,Singapore,122.600000,0.0197914312,6194.600000,Stable panel of economies reported in every month
2018-01-01,2008M01-2023M09,Taiwan,175.400000,0.0283149840,6194.600000,Stable panel of economies reported in every month
2018-01-01,2008M01-2023M09,Hong Kong,194.300000,0.0313660285,6194.600000,Stable panel of economies reported in every month
2018-01-01,2008M01-2023M09,United Kingdom,243.300000,0.0392761437,6194.600000,Stable panel of economies reported in every month
2018-01-01,2008M01-2023M09,Mainland China,1168.200000,0.1885836051,6194.600000,Stable panel of economies reported in every month
2018-01-01,2008M01-2023M09,Japan,1066.000000,0.1720853647,6194.600000,Stable panel of economies reported in every month
2018-02-01,2008M01-2023M09,All other foreign,3147.700000,0.5059228185,6221.700000,Stable panel of economies reported in every month
2018-02-01,2008M01-2023M09,South Korea,101.300000,0.0162817236,6221.700000,Stable panel of economies reported in every month
2018-02-01,2008M01-2023M09,Singapore,118.000000,0.0189658775,6221.700000,Stable panel of economies reported in every month
2018-02-01,2008M01-2023M09,Taiwan,170.700000,0.0274362313,6221.700000,Stable panel of economies reported in every month
2018-02-01,2008M01-2023M09,Hong Kong,196.600000,0.0315990806,6221.700000,Stable panel of economies reported in every month
2018-02-01,2008M01-2023M09,United Kingdom,250.600000,0.0402783805,6221.700000,Stable panel of economies reported in every month
2018-02-01,2008M01-2023M09,Mainland China,1176.700000,0.1891283733,6221.700000,Stable panel of economies reported in every month
2018-02-01,2008M01-2023M09,Japan,1060.100000,0.1703875147,6221.700000,Stable panel of economies reported in every month
2018-03-01,2008M01-2023M09,All other foreign,3142.900000,0.5050133368,6223.400000,Stable panel of economies reported in every month
2018-03-01,2008M01-2023M09,South Korea,100.600000,0.0161647974,6223.400000,Stable panel of economies reported in every month
2018-03-01,2008M01-2023M09,Singapore,117.800000,0.0189285600,6223.400000,Stable panel of economies reported in every month
2018-03-01,2008M01-2023M09,Taiwan,170.100000,0.0273323264,6223.400000,Stable panel of economies reported in every month
2018-03-01,2008M01-2023M09,Hong Kong,196.300000,0.0315422438,6223.400000,Stable panel of economies reported in every month
2018-03-01,2008M01-2023M09,United Kingdom,263.600000,0.0423562683,6223.400000,Stable panel of economies reported in every month
2018-03-01,2008M01-2023M09,Mainland China,1187.700000,0.1908442331,6223.400000,Stable panel of economies reported in every month
2018-03-01,2008M01-2023M09,Japan,1044.400000,0.1678182344,6223.400000,Stable panel of economies reported in every month
2018-04-01,2008M01-2023M09,All other foreign,3118.800000,0.5046601942,6180.000000,Stable panel of economies reported in every month
2018-04-01,2008M01-2023M09,South Korea,104.700000,0.0169417476,6180.000000,Stable panel of economies reported in every month
2018-04-01,2008M01-2023M09,Singapore,118.000000,0.0190938511,6180.000000,Stable panel of economies reported in every month
2018-04-01,2008M01-2023M09,Taiwan,168.100000,0.0272006472,6180.000000,Stable panel of economies reported in every month
2018-04-01,2008M01-2023M09,Hong Kong,194.100000,0.0314077670,6180.000000,Stable panel of economies reported in every month
2018-04-01,2008M01-2023M09,United Kingdom,262.600000,0.0424919094,6180.000000,Stable panel of economies reported in every month
2018-04-01,2008M01-2023M09,Mainland China,1181.900000,0.1912459547,6180.000000,Stable panel of economies reported in every month
2018-04-01,2008M01-2023M09,Japan,1031.800000,0.1669579288,6180.000000,Stable panel of economies reported in every month
2018-05-01,2008M01-2023M09,All other foreign,3137.700000,0.5048510885,6215.100000,Stable panel of economies reported in every month
2018-05-01,2008M01-2023M09,South Korea,104.800000,0.0168621583,6215.100000,Stable panel of economies reported in every month
2018-05-01,2008M01-2023M09,Singapore,118.900000,0.0191308265,6215.100000,Stable panel of economies reported in every month
2018-05-01,2008M01-2023M09,Taiwan,164.800000,0.0265160657,6215.100000,Stable panel of economies reported in every month
2018-05-01,2008M01-2023M09,Hong Kong,191.900000,0.0308764139,6215.100000,Stable panel of economies reported in every month
2018-05-01,2008M01-2023M09,United Kingdom,265.000000,0.0426380911,6215.100000,Stable panel of economies reported in every month
2018-05-01,2008M01-2023M09,Mainland China,1183.100000,0.1903589645,6215.100000,Stable panel of economies reported in every month
2018-05-01,2008M01-2023M09,Japan,1048.900000,0.1687663915,6215.100000,Stable panel of economies reported in every month
2018-06-01,2008M01-2023M09,All other foreign,3139.900000,0.5044016064,6225.000000,Stable panel of economies reported in every month
2018-06-01,2008M01-2023M09,South Korea,106.100000,0.0170441767,6225.000000,Stable panel of economies reported in every month
2018-06-01,2008M01-2023M09,Singapore,122.100000,0.0196144578,6225.000000,Stable panel of economies reported in every month
2018-06-01,2008M01-2023M09,Taiwan,162.600000,0.0261204819,6225.000000,Stable panel of economies reported in every month
2018-06-01,2008M01-2023M09,Hong Kong,196.400000,0.0315502008,6225.000000,Stable panel of economies reported in every month
2018-06-01,2008M01-2023M09,United Kingdom,274.200000,0.0440481928,6225.000000,Stable panel of economies reported in every month
2018-06-01,2008M01-2023M09,Mainland China,1191.200000,0.1913574297,6225.000000,Stable panel of economies reported in every month
2018-06-01,2008M01-2023M09,Japan,1032.500000,0.1658634538,6225.000000,Stable panel of economies reported in every month
2018-07-01,2008M01-2023M09,All other foreign,3180.900000,0.5085859555,6254.400000,Stable panel of economies reported in every month
2018-07-01,2008M01-2023M09,South Korea,109.100000,0.0174437196,6254.400000,Stable panel of economies reported in every month
2018-07-01,2008M01-2023M09,Singapore,127.600000,0.0204016372,6254.400000,Stable panel of economies reported in every month
2018-07-01,2008M01-2023M09,Taiwan,164.200000,0.0262535175,6254.400000,Stable panel of economies reported in every month
2018-07-01,2008M01-2023M09,Hong Kong,194.400000,0.0310821182,6254.400000,Stable panel of economies reported in every month
2018-07-01,2008M01-2023M09,United Kingdom,271.700000,0.0434414172,6254.400000,Stable panel of economies reported in every month
2018-07-01,2008M01-2023M09,Mainland China,1171.000000,0.1872281914,6254.400000,Stable panel of economies reported in every month
2018-07-01,2008M01-2023M09,Japan,1035.500000,0.1655634433,6254.400000,Stable panel of economies reported in every month
2018-08-01,2008M01-2023M09,All other foreign,3214.500000,0.5119771924,6278.600000,Stable panel of economies reported in every month
2018-08-01,2008M01-2023M09,South Korea,110.200000,0.0175516835,6278.600000,Stable panel of economies reported in every month
2018-08-01,2008M01-2023M09,Singapore,129.900000,0.0206893256,6278.600000,Stable panel of economies reported in every month
2018-08-01,2008M01-2023M09,Taiwan,163.200000,0.0259930558,6278.600000,Stable panel of economies reported in every month
2018-08-01,2008M01-2023M09,Hong Kong,193.200000,0.0307711910,6278.600000,Stable panel of economies reported in every month
2018-08-01,2008M01-2023M09,United Kingdom,272.600000,0.0434173223,6278.600000,Stable panel of economies reported in every month
2018-08-01,2008M01-2023M09,Mainland China,1165.100000,0.1855668461,6278.600000,Stable panel of economies reported in every month
2018-08-01,2008M01-2023M09,Japan,1029.900000,0.1640333832,6278.600000,Stable panel of economies reported in every month
2018-09-01,2008M01-2023M09,All other foreign,3166.100000,0.5085369184,6225.900000,Stable panel of economies reported in every month
2018-09-01,2008M01-2023M09,South Korea,110.800000,0.0177966238,6225.900000,Stable panel of economies reported in every month
2018-09-01,2008M01-2023M09,Singapore,134.500000,0.0216033023,6225.900000,Stable panel of economies reported in every month
2018-09-01,2008M01-2023M09,Taiwan,166.500000,0.0267431215,6225.900000,Stable panel of economies reported in every month
2018-09-01,2008M01-2023M09,Hong Kong,192.300000,0.0308871007,6225.900000,Stable panel of economies reported in every month
2018-09-01,2008M01-2023M09,United Kingdom,276.300000,0.0443791259,6225.900000,Stable panel of economies reported in every month
2018-09-01,2008M01-2023M09,Mainland China,1151.400000,0.1849371175,6225.900000,Stable panel of economies reported in every month
2018-09-01,2008M01-2023M09,Japan,1028.000000,0.1651166900,6225.900000,Stable panel of economies reported in every month
2018-10-01,2008M01-2023M09,All other foreign,3187.500000,0.5140880280,6200.300000,Stable panel of economies reported in every month
2018-10-01,2008M01-2023M09,South Korea,111.100000,0.0179184878,6200.300000,Stable panel of economies reported in every month
2018-10-01,2008M01-2023M09,Singapore,133.000000,0.0214505750,6200.300000,Stable panel of economies reported in every month
2018-10-01,2008M01-2023M09,Taiwan,162.400000,0.0261922810,6200.300000,Stable panel of economies reported in every month
2018-10-01,2008M01-2023M09,Hong Kong,185.000000,0.0298372659,6200.300000,Stable panel of economies reported in every month
2018-10-01,2008M01-2023M09,United Kingdom,263.900000,0.0425624567,6200.300000,Stable panel of economies reported in every month
2018-10-01,2008M01-2023M09,Mainland China,1138.900000,0.1836846604,6200.300000,Stable panel of economies reported in every month
2018-10-01,2008M01-2023M09,Japan,1018.500000,0.1642662452,6200.300000,Stable panel of economies reported in every month
2018-11-01,2008M01-2023M09,All other foreign,3199.400000,0.5160405813,6199.900000,Stable panel of economies reported in every month
2018-11-01,2008M01-2023M09,South Korea,110.200000,0.0177744802,6199.900000,Stable panel of economies reported in every month
2018-11-01,2008M01-2023M09,Singapore,128.800000,0.0207745286,6199.900000,Stable panel of economies reported in every month
2018-11-01,2008M01-2023M09,Taiwan,155.400000,0.0250649204,6199.900000,Stable panel of economies reported in every month
2018-11-01,2008M01-2023M09,Hong Kong,189.200000,0.0305166212,6199.900000,Stable panel of economies reported in every month
2018-11-01,2008M01-2023M09,United Kingdom,258.900000,0.0417587380,6199.900000,Stable panel of economies reported in every month
2018-11-01,2008M01-2023M09,Mainland China,1121.400000,0.1808738851,6199.900000,Stable panel of economies reported in every month
2018-11-01,2008M01-2023M09,Japan,1036.600000,0.1671962451,6199.900000,Stable panel of economies reported in every month
2018-12-01,2008M01-2023M09,All other foreign,3228.900000,0.5149678634,6270.100000,Stable panel of economies reported in every month
2018-12-01,2008M01-2023M09,South Korea,114.800000,0.0183091179,6270.100000,Stable panel of economies reported in every month
2018-12-01,2008M01-2023M09,Singapore,120.800000,0.0192660404,6270.100000,Stable panel of economies reported in every month
2018-12-01,2008M01-2023M09,Taiwan,157.300000,0.0250873192,6270.100000,Stable panel of economies reported in every month
2018-12-01,2008M01-2023M09,Hong Kong,196.300000,0.0313073157,6270.100000,Stable panel of economies reported in every month
2018-12-01,2008M01-2023M09,United Kingdom,288.000000,0.0459322818,6270.100000,Stable panel of economies reported in every month
2018-12-01,2008M01-2023M09,Mainland China,1124.300000,0.1793113347,6270.100000,Stable panel of economies reported in every month
2018-12-01,2008M01-2023M09,Japan,1039.700000,0.1658187270,6270.100000,Stable panel of economies reported in every month
2019-01-01,2008M01-2023M09,All other foreign,3228.600000,0.5104828764,6324.600000,Stable panel of economies reported in every month
2019-01-01,2008M01-2023M09,South Korea,117.300000,0.0185466275,6324.600000,Stable panel of economies reported in every month
2019-01-01,2008M01-2023M09,Singapore,127.800000,0.0202068115,6324.600000,Stable panel of economies reported in every month
2019-01-01,2008M01-2023M09,Taiwan,168.300000,0.0266103785,6324.600000,Stable panel of economies reported in every month
2019-01-01,2008M01-2023M09,Hong Kong,200.900000,0.0317648547,6324.600000,Stable panel of economies reported in every month
2019-01-01,2008M01-2023M09,United Kingdom,290.100000,0.0458685134,6324.600000,Stable panel of economies reported in every month
2019-01-01,2008M01-2023M09,Mainland China,1126.700000,0.1781456535,6324.600000,Stable panel of economies reported in every month
2019-01-01,2008M01-2023M09,Japan,1064.900000,0.1683742845,6324.600000,Stable panel of economies reported in every month
2019-02-01,2008M01-2023M09,All other foreign,3258.300000,0.5111459722,6374.500000,Stable panel of economies reported in every month
2019-02-01,2008M01-2023M09,South Korea,115.500000,0.0181190682,6374.500000,Stable panel of economies reported in every month
2019-02-01,2008M01-2023M09,Singapore,130.500000,0.0204721939,6374.500000,Stable panel of economies reported in every month
2019-02-01,2008M01-2023M09,Taiwan,164.900000,0.0258686956,6374.500000,Stable panel of economies reported in every month
2019-02-01,2008M01-2023M09,Hong Kong,203.100000,0.0318613225,6374.500000,Stable panel of economies reported in every month
2019-02-01,2008M01-2023M09,United Kingdom,302.500000,0.0474547023,6374.500000,Stable panel of economies reported in every month
2019-02-01,2008M01-2023M09,Mainland China,1130.900000,0.1774099929,6374.500000,Stable panel of economies reported in every month
2019-02-01,2008M01-2023M09,Japan,1068.800000,0.1676680524,6374.500000,Stable panel of economies reported in every month
2019-03-01,2008M01-2023M09,All other foreign,3321.800000,0.5130985480,6474.000000,Stable panel of economies reported in every month
2019-03-01,2008M01-2023M09,South Korea,119.900000,0.0185202348,6474.000000,Stable panel of economies reported in every month
2019-03-01,2008M01-2023M09,Singapore,138.800000,0.0214396046,6474.000000,Stable panel of economies reported in every month
2019-03-01,2008M01-2023M09,Taiwan,168.800000,0.0260735249,6474.000000,Stable panel of economies reported in every month
2019-03-01,2008M01-2023M09,Hong Kong,209.000000,0.0322829781,6474.000000,Stable panel of economies reported in every month
2019-03-01,2008M01-2023M09,United Kingdom,317.100000,0.0489805375,6474.000000,Stable panel of economies reported in every month
2019-03-01,2008M01-2023M09,Mainland China,1120.500000,0.1730769231,6474.000000,Stable panel of economies reported in every month
2019-03-01,2008M01-2023M09,Japan,1078.100000,0.1665276491,6474.000000,Stable panel of economies reported in every month
2019-04-01,2008M01-2023M09,All other foreign,3323.400000,0.5165451748,6433.900000,Stable panel of economies reported in every month
2019-04-01,2008M01-2023M09,South Korea,115.100000,0.0178896159,6433.900000,Stable panel of economies reported in every month
2019-04-01,2008M01-2023M09,Singapore,139.300000,0.0216509427,6433.900000,Stable panel of economies reported in every month
2019-04-01,2008M01-2023M09,Taiwan,171.100000,0.0265935125,6433.900000,Stable panel of economies reported in every month
2019-04-01,2008M01-2023M09,Hong Kong,207.200000,0.0322044172,6433.900000,Stable panel of economies reported in every month
2019-04-01,2008M01-2023M09,United Kingdom,300.800000,0.0467523586,6433.900000,Stable panel of economies reported in every month
2019-04-01,2008M01-2023M09,Mainland China,1113.000000,0.1729899439,6433.900000,Stable panel of economies reported in every month
2019-04-01,2008M01-2023M09,Japan,1064.000000,0.1653740344,6433.900000,Stable panel of economies reported in every month
2019-05-01,2008M01-2023M09,All other foreign,3360.100000,0.5138238982,6539.400000,Stable panel of economies reported in every month
2019-05-01,2008M01-2023M09,South Korea,117.300000,0.0179374255,6539.400000,Stable panel of economies reported in every month
2019-05-01,2008M01-2023M09,Singapore,150.400000,0.0229990519,6539.400000,Stable panel of economies reported in every month
2019-05-01,2008M01-2023M09,Taiwan,172.000000,0.0263021072,6539.400000,Stable panel of economies reported in every month
2019-05-01,2008M01-2023M09,Hong Kong,205.300000,0.0313943175,6539.400000,Stable panel of economies reported in every month
2019-05-01,2008M01-2023M09,United Kingdom,323.100000,0.0494082026,6539.400000,Stable panel of economies reported in every month
2019-05-01,2008M01-2023M09,Mainland China,1110.200000,0.1697709270,6539.400000,Stable panel of economies reported in every month
2019-05-01,2008M01-2023M09,Japan,1101.000000,0.1683640701,6539.400000,Stable panel of economies reported in every month
2019-06-01,2008M01-2023M09,All other foreign,3402.300000,0.5134849605,6625.900000,Stable panel of economies reported in every month
2019-06-01,2008M01-2023M09,South Korea,115.200000,0.0173863173,6625.900000,Stable panel of economies reported in every month
2019-06-01,2008M01-2023M09,Singapore,139.600000,0.0210688359,6625.900000,Stable panel of economies reported in every month
2019-06-01,2008M01-2023M09,Taiwan,175.100000,0.0264265987,6625.900000,Stable panel of economies reported in every month
2019-06-01,2008M01-2023M09,Hong Kong,217.300000,0.0327955448,6625.900000,Stable panel of economies reported in every month
2019-06-01,2008M01-2023M09,United Kingdom,341.100000,0.0514797990,6625.900000,Stable panel of economies reported in every month
2019-06-01,2008M01-2023M09,Mainland China,1112.500000,0.1679017190,6625.900000,Stable panel of economies reported in every month
2019-06-01,2008M01-2023M09,Japan,1122.800000,0.1694562248,6625.900000,Stable panel of economies reported in every month
2019-07-01,2008M01-2023M09,All other foreign,3482.700000,0.5121467016,6800.200000,Stable panel of economies reported in every month
2019-07-01,2008M01-2023M09,South Korea,116.800000,0.0171759654,6800.200000,Stable panel of economies reported in every month
2019-07-01,2008M01-2023M09,Singapore,137.900000,0.0202788153,6800.200000,Stable panel of economies reported in every month
2019-07-01,2008M01-2023M09,Taiwan,178.700000,0.0262786389,6800.200000,Stable panel of economies reported in every month
2019-07-01,2008M01-2023M09,Hong Kong,235.800000,0.0346754507,6800.200000,Stable panel of economies reported in every month
2019-07-01,2008M01-2023M09,United Kingdom,406.800000,0.0598217699,6800.200000,Stable panel of economies reported in every month
2019-07-01,2008M01-2023M09,Mainland China,1110.300000,0.1632746096,6800.200000,Stable panel of economies reported in every month
2019-07-01,2008M01-2023M09,Japan,1131.200000,0.1663480486,6800.200000,Stable panel of economies reported in every month
2019-08-01,2008M01-2023M09,All other foreign,3622.300000,0.5147944972,7036.400000,Stable panel of economies reported in every month
2019-08-01,2008M01-2023M09,South Korea,117.800000,0.0167415155,7036.400000,Stable panel of economies reported in every month
2019-08-01,2008M01-2023M09,Singapore,145.500000,0.0206781877,7036.400000,Stable panel of economies reported in every month
2019-08-01,2008M01-2023M09,Taiwan,185.900000,0.0264197601,7036.400000,Stable panel of economies reported in every month
2019-08-01,2008M01-2023M09,Hong Kong,252.200000,0.0358421920,7036.400000,Stable panel of economies reported in every month
2019-08-01,2008M01-2023M09,United Kingdom,434.600000,0.0617645387,7036.400000,Stable panel of economies reported in every month
2019-08-01,2008M01-2023M09,Mainland China,1103.500000,0.1568273549,7036.400000,Stable panel of economies reported in every month
2019-08-01,2008M01-2023M09,Japan,1174.600000,0.1669319538,7036.400000,Stable panel of economies reported in every month
2019-09-01,2008M01-2023M09,All other foreign,3570.400000,0.5156929299,6923.500000,Stable panel of economies reported in every month
2019-09-01,2008M01-2023M09,South Korea,118.500000,0.0171156207,6923.500000,Stable panel of economies reported in every month
2019-09-01,2008M01-2023M09,Singapore,141.800000,0.0204809706,6923.500000,Stable panel of economies reported in every month
2019-09-01,2008M01-2023M09,Taiwan,189.000000,0.0272983318,6923.500000,Stable panel of economies reported in every month
2019-09-01,2008M01-2023M09,Hong Kong,242.500000,0.0350256373,6923.500000,Stable panel of economies reported in every month
2019-09-01,2008M01-2023M09,United Kingdom,412.700000,0.0596085795,6923.500000,Stable panel of economies reported in every month
2019-09-01,2008M01-2023M09,Mainland China,1102.400000,0.1592258251,6923.500000,Stable panel of economies reported in every month
2019-09-01,2008M01-2023M09,Japan,1146.200000,0.1655521051,6923.500000,Stable panel of economies reported in every month
2019-10-01,2008M01-2023M09,All other foreign,3573.000000,0.5143671542,6946.400000,Stable panel of economies reported in every month
2019-10-01,2008M01-2023M09,South Korea,117.100000,0.0168576529,6946.400000,Stable panel of economies reported in every month
2019-10-01,2008M01-2023M09,Singapore,138.800000,0.0199815732,6946.400000,Stable panel of economies reported in every month
2019-10-01,2008M01-2023M09,Taiwan,191.200000,0.0275250489,6946.400000,Stable panel of economies reported in every month
2019-10-01,2008M01-2023M09,Hong Kong,243.600000,0.0350685247,6946.400000,Stable panel of economies reported in every month
2019-10-01,2008M01-2023M09,United Kingdom,412.700000,0.0594120696,6946.400000,Stable panel of economies reported in every month
2019-10-01,2008M01-2023M09,Mainland China,1101.500000,0.1585713463,6946.400000,Stable panel of economies reported in every month
2019-10-01,2008M01-2023M09,Japan,1168.500000,0.1682166302,6946.400000,Stable panel of economies reported in every month
2019-11-01,2008M01-2023M09,All other foreign,3545.800000,0.5137277061,6902.100000,Stable panel of economies reported in every month
2019-11-01,2008M01-2023M09,South Korea,117.200000,0.0169803393,6902.100000,Stable panel of economies reported in every month
2019-11-01,2008M01-2023M09,Singapore,150.600000,0.0218194463,6902.100000,Stable panel of economies reported in every month
2019-11-01,2008M01-2023M09,Taiwan,188.600000,0.0273250170,6902.100000,Stable panel of economies reported in every month
2019-11-01,2008M01-2023M09,Hong Kong,249.700000,0.0361773953,6902.100000,Stable panel of economies reported in every month
2019-11-01,2008M01-2023M09,United Kingdom,400.500000,0.0580258182,6902.100000,Stable panel of economies reported in every month
2019-11-01,2008M01-2023M09,Mainland China,1089.100000,0.1577925559,6902.100000,Stable panel of economies reported in every month
2019-11-01,2008M01-2023M09,Japan,1160.600000,0.1681517219,6902.100000,Stable panel of economies reported in every month
2019-12-01,2008M01-2023M09,All other foreign,3514.400000,0.5134858712,6844.200000,Stable panel of economies reported in every month
2019-12-01,2008M01-2023M09,South Korea,121.900000,0.0178107010,6844.200000,Stable panel of economies reported in every month
2019-12-01,2008M01-2023M09,Singapore,147.900000,0.0216095380,6844.200000,Stable panel of economies reported in every month
2019-12-01,2008M01-2023M09,Taiwan,193.100000,0.0282136700,6844.200000,Stable panel of economies reported in every month
2019-12-01,2008M01-2023M09,Hong Kong,249.700000,0.0364834458,6844.200000,Stable panel of economies reported in every month
2019-12-01,2008M01-2023M09,United Kingdom,392.100000,0.0572893837,6844.200000,Stable panel of economies reported in every month
2019-12-01,2008M01-2023M09,Mainland China,1069.900000,0.1563221414,6844.200000,Stable panel of economies reported in every month
2019-12-01,2008M01-2023M09,Japan,1155.200000,0.1687852488,6844.200000,Stable panel of economies reported in every month
2020-01-01,2008M01-2023M09,All other foreign,3552.600000,0.5055426693,7027.300000,Stable panel of economies reported in every month
2020-01-01,2008M01-2023M09,South Korea,121.100000,0.0172327921,7027.300000,Stable panel of economies reported in every month
2020-01-01,2008M01-2023M09,Singapore,160.700000,0.0228679578,7027.300000,Stable panel of economies reported in every month
2020-01-01,2008M01-2023M09,Taiwan,199.200000,0.0283465912,7027.300000,Stable panel of economies reported in every month
2020-01-01,2008M01-2023M09,Hong Kong,253.000000,0.0360024476,7027.300000,Stable panel of economies reported in every month
2020-01-01,2008M01-2023M09,United Kingdom,450.300000,0.0640786646,7027.300000,Stable panel of economies reported in every month
2020-01-01,2008M01-2023M09,Mainland China,1078.600000,0.1534871145,7027.300000,Stable panel of economies reported in every month
2020-01-01,2008M01-2023M09,Japan,1211.800000,0.1724417628,7027.300000,Stable panel of economies reported in every month
2020-02-01,2008M01-2023M09,All other foreign,3636.200000,0.5032106283,7226.000000,Stable panel of economies reported in every month
2020-02-01,2008M01-2023M09,South Korea,116.100000,0.0160669803,7226.000000,Stable panel of economies reported in every month
2020-02-01,2008M01-2023M09,Singapore,165.400000,0.0228895655,7226.000000,Stable panel of economies reported in every month
2020-02-01,2008M01-2023M09,Taiwan,201.900000,0.0279407694,7226.000000,Stable panel of economies reported in every month
2020-02-01,2008M01-2023M09,Hong Kong,268.400000,0.0371436479,7226.000000,Stable panel of economies reported in every month
2020-02-01,2008M01-2023M09,United Kingdom,477.100000,0.0660254636,7226.000000,Stable panel of economies reported in every month
2020-02-01,2008M01-2023M09,Mainland China,1092.300000,0.1511624689,7226.000000,Stable panel of economies reported in every month
2020-02-01,2008M01-2023M09,Japan,1268.600000,0.1755604761,7226.000000,Stable panel of economies reported in every month
2020-03-01,2008M01-2023M09,All other foreign,3402.300000,0.4895747896,6949.500000,Stable panel of economies reported in every month
2020-03-01,2008M01-2023M09,South Korea,110.800000,0.0159435931,6949.500000,Stable panel of economies reported in every month
2020-03-01,2008M01-2023M09,Singapore,151.500000,0.0218001295,6949.500000,Stable panel of economies reported in every month
2020-03-01,2008M01-2023M09,Taiwan,205.000000,0.0294985251,6949.500000,Stable panel of economies reported in every month
2020-03-01,2008M01-2023M09,Hong Kong,256.000000,0.0368371825,6949.500000,Stable panel of economies reported in every month
2020-03-01,2008M01-2023M09,United Kingdom,469.700000,0.0675875962,6949.500000,Stable panel of economies reported in every month
2020-03-01,2008M01-2023M09,Mainland China,1081.600000,0.1556370962,6949.500000,Stable panel of economies reported in every month
2020-03-01,2008M01-2023M09,Japan,1272.600000,0.1831210878,6949.500000,Stable panel of economies reported in every month
2020-04-01,2008M01-2023M09,All other foreign,3407.400000,0.4936043227,6903.100000,Stable panel of economies reported in every month
2020-04-01,2008M01-2023M09,South Korea,120.000000,0.0173834944,6903.100000,Stable panel of economies reported in every month
2020-04-01,2008M01-2023M09,Singapore,146.100000,0.0211644044,6903.100000,Stable panel of economies reported in every month
2020-04-01,2008M01-2023M09,Taiwan,201.700000,0.0292187568,6903.100000,Stable panel of economies reported in every month
2020-04-01,2008M01-2023M09,Hong Kong,259.400000,0.0375773203,6903.100000,Stable panel of economies reported in every month
2020-04-01,2008M01-2023M09,United Kingdom,429.200000,0.0621749649,6903.100000,Stable panel of economies reported in every month
2020-04-01,2008M01-2023M09,Mainland China,1072.800000,0.1554084397,6903.100000,Stable panel of economies reported in every month
2020-04-01,2008M01-2023M09,Japan,1266.500000,0.1834682969,6903.100000,Stable panel of economies reported in every month
2020-05-01,2008M01-2023M09,All other foreign,3460.600000,0.4959229590,6978.100000,Stable panel of economies reported in every month
2020-05-01,2008M01-2023M09,South Korea,117.300000,0.0168097333,6978.100000,Stable panel of economies reported in every month
2020-05-01,2008M01-2023M09,Singapore,142.100000,0.0203637093,6978.100000,Stable panel of economies reported in every month
2020-05-01,2008M01-2023M09,Taiwan,199.200000,0.0285464525,6978.100000,Stable panel of economies reported in every month
2020-05-01,2008M01-2023M09,Hong Kong,269.000000,0.0385491753,6978.100000,Stable panel of economies reported in every month
2020-05-01,2008M01-2023M09,United Kingdom,445.800000,0.0638855849,6978.100000,Stable panel of economies reported in every month
2020-05-01,2008M01-2023M09,Mainland China,1083.700000,0.1553001533,6978.100000,Stable panel of economies reported in every month
2020-05-01,2008M01-2023M09,Japan,1260.400000,0.1806222324,6978.100000,Stable panel of economies reported in every month
2020-06-01,2008M01-2023M09,All other foreign,3530.400000,0.5006168375,7052.100000,Stable panel of economies reported in every month
2020-06-01,2008M01-2023M09,South Korea,122.700000,0.0173990726,7052.100000,Stable panel of economies reported in every month
2020-06-01,2008M01-2023M09,Singapore,150.500000,0.0213411608,7052.100000,Stable panel of economies reported in every month
2020-06-01,2008M01-2023M09,Taiwan,204.600000,0.0290126345,7052.100000,Stable panel of economies reported in every month
2020-06-01,2008M01-2023M09,Hong Kong,262.200000,0.0371804143,7052.100000,Stable panel of economies reported in every month
2020-06-01,2008M01-2023M09,United Kingdom,445.700000,0.0632010323,7052.100000,Stable panel of economies reported in every month
2020-06-01,2008M01-2023M09,Mainland China,1074.400000,0.1523517817,7052.100000,Stable panel of economies reported in every month
2020-06-01,2008M01-2023M09,Japan,1261.600000,0.1788970661,7052.100000,Stable panel of economies reported in every month
2020-07-01,2008M01-2023M09,All other foreign,3551.100000,0.5004227615,7096.200000,Stable panel of economies reported in every month
2020-07-01,2008M01-2023M09,South Korea,123.100000,0.0173473126,7096.200000,Stable panel of economies reported in every month
2020-07-01,2008M01-2023M09,Singapore,158.600000,0.0223499901,7096.200000,Stable panel of economies reported in every month
2020-07-01,2008M01-2023M09,Taiwan,209.700000,0.0295510273,7096.200000,Stable panel of economies reported in every month
2020-07-01,2008M01-2023M09,Hong Kong,262.700000,0.0370198134,7096.200000,Stable panel of economies reported in every month
2020-07-01,2008M01-2023M09,United Kingdom,424.600000,0.0598348412,7096.200000,Stable panel of economies reported in every month
2020-07-01,2008M01-2023M09,Mainland China,1073.400000,0.1512640568,7096.200000,Stable panel of economies reported in every month
2020-07-01,2008M01-2023M09,Japan,1293.000000,0.1822101970,7096.200000,Stable panel of economies reported in every month
2020-08-01,2008M01-2023M09,All other foreign,3574.500000,0.5047303022,7082.000000,Stable panel of economies reported in every month
2020-08-01,2008M01-2023M09,South Korea,122.700000,0.0173256142,7082.000000,Stable panel of economies reported in every month
2020-08-01,2008M01-2023M09,Singapore,160.300000,0.0226348489,7082.000000,Stable panel of economies reported in every month
2020-08-01,2008M01-2023M09,Taiwan,212.000000,0.0299350466,7082.000000,Stable panel of economies reported in every month
2020-08-01,2008M01-2023M09,Hong Kong,246.700000,0.0348347924,7082.000000,Stable panel of economies reported in every month
2020-08-01,2008M01-2023M09,United Kingdom,419.400000,0.0592205592,7082.000000,Stable panel of economies reported in every month
2020-08-01,2008M01-2023M09,Mainland China,1068.000000,0.1508048574,7082.000000,Stable panel of economies reported in every month
2020-08-01,2008M01-2023M09,Japan,1278.400000,0.1805139791,7082.000000,Stable panel of economies reported in every month
2020-09-01,2008M01-2023M09,All other foreign,3565.400000,0.5043569286,7069.200000,Stable panel of economies reported in every month
2020-09-01,2008M01-2023M09,South Korea,123.200000,0.0174277146,7069.200000,Stable panel of economies reported in every month
2020-09-01,2008M01-2023M09,Singapore,159.000000,0.0224919369,7069.200000,Stable panel of economies reported in every month
2020-09-01,2008M01-2023M09,Taiwan,213.500000,0.0302014372,7069.200000,Stable panel of economies reported in every month
2020-09-01,2008M01-2023M09,Hong Kong,241.700000,0.0341905732,7069.200000,Stable panel of economies reported in every month
2020-09-01,2008M01-2023M09,United Kingdom,428.500000,0.0606150625,7069.200000,Stable panel of economies reported in every month
2020-09-01,2008M01-2023M09,Mainland China,1061.700000,0.1501867255,7069.200000,Stable panel of economies reported in every month
2020-09-01,2008M01-2023M09,Japan,1276.200000,0.1805296215,7069.200000,Stable panel of economies reported in every month
2020-10-01,2008M01-2023M09,All other foreign,3574.600000,0.5055725277,7070.400000,Stable panel of economies reported in every month
2020-10-01,2008M01-2023M09,South Korea,119.100000,0.0168448744,7070.400000,Stable panel of economies reported in every month
2020-10-01,2008M01-2023M09,Singapore,162.000000,0.0229124236,7070.400000,Stable panel of economies reported in every month
2020-10-01,2008M01-2023M09,Taiwan,218.200000,0.0308610545,7070.400000,Stable panel of economies reported in every month
2020-10-01,2008M01-2023M09,Hong Kong,226.600000,0.0320491061,7070.400000,Stable panel of economies reported in every month
2020-10-01,2008M01-2023M09,United Kingdom,442.800000,0.0626272912,7070.400000,Stable panel of economies reported in every month
2020-10-01,2008M01-2023M09,Mainland China,1054.000000,0.1490721883,7070.400000,Stable panel of economies reported in every month
2020-10-01,2008M01-2023M09,Japan,1273.100000,0.1800605341,7070.400000,Stable panel of economies reported in every month
2020-11-01,2008M01-2023M09,All other foreign,3574.200000,0.5068924438,7051.200000,Stable panel of economies reported in every month
2020-11-01,2008M01-2023M09,South Korea,122.800000,0.0174154754,7051.200000,Stable panel of economies reported in every month
2020-11-01,2008M01-2023M09,Singapore,163.800000,0.0232300885,7051.200000,Stable panel of economies reported in every month
2020-11-01,2008M01-2023M09,Taiwan,222.300000,0.0315265487,7051.200000,Stable panel of economies reported in every month
2020-11-01,2008M01-2023M09,Hong Kong,223.800000,0.0317392784,7051.200000,Stable panel of economies reported in every month
2020-11-01,2008M01-2023M09,United Kingdom,420.500000,0.0596352394,7051.200000,Stable panel of economies reported in every month
2020-11-01,2008M01-2023M09,Mainland China,1063.000000,0.1507544815,7051.200000,Stable panel of economies reported in every month
2020-11-01,2008M01-2023M09,Japan,1260.800000,0.1788064443,7051.200000,Stable panel of economies reported in every month
2020-12-01,2008M01-2023M09,All other foreign,3548.000000,0.5017890732,7070.700000,Stable panel of economies reported in every month
2020-12-01,2008M01-2023M09,South Korea,130.900000,0.0185130185,7070.700000,Stable panel of economies reported in every month
2020-12-01,2008M01-2023M09,Singapore,168.100000,0.0237741666,7070.700000,Stable panel of economies reported in every month
2020-12-01,2008M01-2023M09,Taiwan,235.400000,0.0332923190,7070.700000,Stable panel of economies reported in every month
2020-12-01,2008M01-2023M09,Hong Kong,224.100000,0.0316941746,7070.700000,Stable panel of economies reported in every month
2020-12-01,2008M01-2023M09,United Kingdom,440.600000,0.0623134909,7070.700000,Stable panel of economies reported in every month
2020-12-01,2008M01-2023M09,Mainland China,1072.300000,0.1516540088,7070.700000,Stable panel of economies reported in every month
2020-12-01,2008M01-2023M09,Japan,1251.300000,0.1769697484,7070.700000,Stable panel of economies reported in every month
2021-01-01,2008M01-2023M09,All other foreign,3564.200000,0.5000280584,7128.000000,Stable panel of economies reported in every month
2021-01-01,2008M01-2023M09,South Korea,125.200000,0.0175645342,7128.000000,Stable panel of economies reported in every month
2021-01-01,2008M01-2023M09,Singapore,164.300000,0.0230499439,7128.000000,Stable panel of economies reported in every month
2021-01-01,2008M01-2023M09,Taiwan,239.600000,0.0336139169,7128.000000,Stable panel of economies reported in every month
2021-01-01,2008M01-2023M09,Hong Kong,223.900000,0.0314113356,7128.000000,Stable panel of economies reported in every month
2021-01-01,2008M01-2023M09,United Kingdom,438.700000,0.0615460157,7128.000000,Stable panel of economies reported in every month
2021-01-01,2008M01-2023M09,Mainland China,1095.200000,0.1536475870,7128.000000,Stable panel of economies reported in every month
2021-01-01,2008M01-2023M09,Japan,1276.900000,0.1791386083,7128.000000,Stable panel of economies reported in every month
2021-02-01,2008M01-2023M09,All other foreign,3540.600000,0.4980587441,7108.800000,Stable panel of economies reported in every month
2021-02-01,2008M01-2023M09,South Korea,125.700000,0.0176823093,7108.800000,Stable panel of economies reported in every month
2021-02-01,2008M01-2023M09,Singapore,161.400000,0.0227042539,7108.800000,Stable panel of economies reported in every month
2021-02-01,2008M01-2023M09,Taiwan,234.500000,0.0329872834,7108.800000,Stable panel of economies reported in every month
2021-02-01,2008M01-2023M09,Hong Kong,225.000000,0.0316509115,7108.800000,Stable panel of economies reported in every month
2021-02-01,2008M01-2023M09,United Kingdom,459.400000,0.0646241278,7108.800000,Stable panel of economies reported in every month
2021-02-01,2008M01-2023M09,Mainland China,1104.200000,0.1553286068,7108.800000,Stable panel of economies reported in every month
2021-02-01,2008M01-2023M09,Japan,1258.000000,0.1769637632,7108.800000,Stable panel of economies reported in every month
2021-03-01,2008M01-2023M09,All other foreign,3502.700000,0.4976627879,7038.300000,Stable panel of economies reported in every month
2021-03-01,2008M01-2023M09,South Korea,122.900000,0.0174616029,7038.300000,Stable panel of economies reported in every month
2021-03-01,2008M01-2023M09,Singapore,170.200000,0.0241819758,7038.300000,Stable panel of economies reported in every month
2021-03-01,2008M01-2023M09,Taiwan,231.500000,0.0328914653,7038.300000,Stable panel of economies reported in every month
2021-03-01,2008M01-2023M09,Hong Kong,227.000000,0.0322521063,7038.300000,Stable panel of economies reported in every month
2021-03-01,2008M01-2023M09,United Kingdom,443.100000,0.0629555432,7038.300000,Stable panel of economies reported in every month
2021-03-01,2008M01-2023M09,Mainland China,1100.400000,0.1563445718,7038.300000,Stable panel of economies reported in every month
2021-03-01,2008M01-2023M09,Japan,1240.500000,0.1762499467,7038.300000,Stable panel of economies reported in every month
2021-04-01,2008M01-2023M09,All other foreign,3532.700000,0.4990676122,7078.600000,Stable panel of economies reported in every month
2021-04-01,2008M01-2023M09,South Korea,120.300000,0.0169948860,7078.600000,Stable panel of economies reported in every month
2021-04-01,2008M01-2023M09,Singapore,171.100000,0.0241714463,7078.600000,Stable panel of economies reported in every month
2021-04-01,2008M01-2023M09,Taiwan,234.000000,0.0330573842,7078.600000,Stable panel of economies reported in every month
2021-04-01,2008M01-2023M09,Hong Kong,215.900000,0.0305003814,7078.600000,Stable panel of economies reported in every month
2021-04-01,2008M01-2023M09,United Kingdom,431.700000,0.0609866358,7078.600000,Stable panel of economies reported in every month
2021-04-01,2008M01-2023M09,Mainland China,1096.100000,0.1548470036,7078.600000,Stable panel of economies reported in every month
2021-04-01,2008M01-2023M09,Japan,1276.800000,0.1803746504,7078.600000,Stable panel of economies reported in every month
2021-05-01,2008M01-2023M09,All other foreign,3572.600000,0.5000349910,7144.700000,Stable panel of economies reported in every month
2021-05-01,2008M01-2023M09,South Korea,123.200000,0.0172435512,7144.700000,Stable panel of economies reported in every month
2021-05-01,2008M01-2023M09,Singapore,176.300000,0.0246756337,7144.700000,Stable panel of economies reported in every month
2021-05-01,2008M01-2023M09,Taiwan,236.300000,0.0330734670,7144.700000,Stable panel of economies reported in every month
2021-05-01,2008M01-2023M09,Hong Kong,224.100000,0.0313659076,7144.700000,Stable panel of economies reported in every month
2021-05-01,2008M01-2023M09,United Kingdom,467.600000,0.0654471146,7144.700000,Stable panel of economies reported in every month
2021-05-01,2008M01-2023M09,Mainland China,1078.400000,0.1509370582,7144.700000,Stable panel of economies reported in every month
2021-05-01,2008M01-2023M09,Japan,1266.200000,0.1772222767,7144.700000,Stable panel of economies reported in every month
2021-06-01,2008M01-2023M09,All other foreign,3866.400000,0.5142241551,7518.900000,Stable panel of economies reported in every month
2021-06-01,2008M01-2023M09,South Korea,130.900000,0.0174094615,7518.900000,Stable panel of economies reported in every month
2021-06-01,2008M01-2023M09,Singapore,188.000000,0.0250036574,7518.900000,Stable panel of economies reported in every month
2021-06-01,2008M01-2023M09,Taiwan,239.300000,0.0318264640,7518.900000,Stable panel of economies reported in every month
2021-06-01,2008M01-2023M09,Hong Kong,219.200000,0.0291532006,7518.900000,Stable panel of economies reported in every month
2021-06-01,2008M01-2023M09,United Kingdom,533.600000,0.0709678277,7518.900000,Stable panel of economies reported in every month
2021-06-01,2008M01-2023M09,Mainland China,1061.800000,0.1412174653,7518.900000,Stable panel of economies reported in every month
2021-06-01,2008M01-2023M09,Japan,1279.700000,0.1701977683,7518.900000,Stable panel of economies reported in every month
2021-07-01,2008M01-2023M09,All other foreign,3859.200000,0.5099837459,7567.300000,Stable panel of economies reported in every month
2021-07-01,2008M01-2023M09,South Korea,126.100000,0.0166638035,7567.300000,Stable panel of economies reported in every month
2021-07-01,2008M01-2023M09,Singapore,192.600000,0.0254516142,7567.300000,Stable panel of economies reported in every month
2021-07-01,2008M01-2023M09,Taiwan,242.200000,0.0320061316,7567.300000,Stable panel of economies reported in every month
2021-07-01,2008M01-2023M09,Hong Kong,227.100000,0.0300107039,7567.300000,Stable panel of economies reported in every month
2021-07-01,2008M01-2023M09,United Kingdom,541.600000,0.0715711020,7567.300000,Stable panel of economies reported in every month
2021-07-01,2008M01-2023M09,Mainland China,1068.300000,0.1411732058,7567.300000,Stable panel of economies reported in every month
2021-07-01,2008M01-2023M09,Japan,1310.200000,0.1731396932,7567.300000,Stable panel of economies reported in every month
2021-08-01,2008M01-2023M09,All other foreign,3866.000000,0.5101071410,7578.800000,Stable panel of economies reported in every month
2021-08-01,2008M01-2023M09,South Korea,129.000000,0.0170211643,7578.800000,Stable panel of economies reported in every month
2021-08-01,2008M01-2023M09,Singapore,191.500000,0.0252678524,7578.800000,Stable panel of economies reported in every month
2021-08-01,2008M01-2023M09,Taiwan,237.200000,0.0312978308,7578.800000,Stable panel of economies reported in every month
2021-08-01,2008M01-2023M09,Hong Kong,219.500000,0.0289623687,7578.800000,Stable panel of economies reported in every month
2021-08-01,2008M01-2023M09,United Kingdom,568.900000,0.0750646540,7578.800000,Stable panel of economies reported in every month
2021-08-01,2008M01-2023M09,Mainland China,1047.000000,0.1381485196,7578.800000,Stable panel of economies reported in every month
2021-08-01,2008M01-2023M09,Japan,1319.700000,0.1741304692,7578.800000,Stable panel of economies reported in every month
2021-09-01,2008M01-2023M09,All other foreign,3869.100000,0.5110488845,7570.900000,Stable panel of economies reported in every month
2021-09-01,2008M01-2023M09,South Korea,130.100000,0.0171842185,7570.900000,Stable panel of economies reported in every month
2021-09-01,2008M01-2023M09,Singapore,189.300000,0.0250036323,7570.900000,Stable panel of economies reported in every month
2021-09-01,2008M01-2023M09,Taiwan,239.400000,0.0316210754,7570.900000,Stable panel of economies reported in every month
2021-09-01,2008M01-2023M09,Hong Kong,229.500000,0.0303134370,7570.900000,Stable panel of economies reported in every month
2021-09-01,2008M01-2023M09,United Kingdom,566.400000,0.0748127699,7570.900000,Stable panel of economies reported in every month
2021-09-01,2008M01-2023M09,Mainland China,1047.500000,0.1383587156,7570.900000,Stable panel of economies reported in every month
2021-09-01,2008M01-2023M09,Japan,1299.600000,0.1716572666,7570.900000,Stable panel of economies reported in every month
2021-10-01,2008M01-2023M09,All other foreign,3905.000000,0.5097445403,7660.700000,Stable panel of economies reported in every month
2021-10-01,2008M01-2023M09,South Korea,125.400000,0.0163692613,7660.700000,Stable panel of economies reported in every month
2021-10-01,2008M01-2023M09,Singapore,188.500000,0.0246061065,7660.700000,Stable panel of economies reported in every month
2021-10-01,2008M01-2023M09,Taiwan,242.400000,0.0316420170,7660.700000,Stable panel of economies reported in every month
2021-10-01,2008M01-2023M09,Hong Kong,233.400000,0.0304671897,7660.700000,Stable panel of economies reported in every month
2021-10-01,2008M01-2023M09,United Kingdom,580.200000,0.0757372042,7660.700000,Stable panel of economies reported in every month
2021-10-01,2008M01-2023M09,Mainland China,1065.400000,0.1390734528,7660.700000,Stable panel of economies reported in every month
2021-10-01,2008M01-2023M09,Japan,1320.400000,0.1723602282,7660.700000,Stable panel of economies reported in every month
2021-11-01,2008M01-2023M09,All other foreign,3884.500000,0.5052745223,7687.900000,Stable panel of economies reported in every month
2021-11-01,2008M01-2023M09,South Korea,132.200000,0.0171958532,7687.900000,Stable panel of economies reported in every month
2021-11-01,2008M01-2023M09,Singapore,189.400000,0.0246361165,7687.900000,Stable panel of economies reported in every month
2021-11-01,2008M01-2023M09,Taiwan,247.200000,0.0321544245,7687.900000,Stable panel of economies reported in every month
2021-11-01,2008M01-2023M09,Hong Kong,234.400000,0.0304894705,7687.900000,Stable panel of economies reported in every month
2021-11-01,2008M01-2023M09,United Kingdom,621.800000,0.0808803444,7687.900000,Stable panel of economies reported in every month
2021-11-01,2008M01-2023M09,Mainland China,1052.900000,0.1369554755,7687.900000,Stable panel of economies reported in every month
2021-11-01,2008M01-2023M09,Japan,1325.500000,0.1724137931,7687.900000,Stable panel of economies reported in every month
2021-12-01,2008M01-2023M09,All other foreign,3951.000000,0.5104387370,7740.400000,Stable panel of economies reported in every month
2021-12-01,2008M01-2023M09,South Korea,130.700000,0.0168854323,7740.400000,Stable panel of economies reported in every month
2021-12-01,2008M01-2023M09,Singapore,193.600000,0.0250116273,7740.400000,Stable panel of economies reported in every month
2021-12-01,2008M01-2023M09,Taiwan,249.500000,0.0322334763,7740.400000,Stable panel of economies reported in every month
2021-12-01,2008M01-2023M09,Hong Kong,225.200000,0.0290941037,7740.400000,Stable panel of economies reported in every month
2021-12-01,2008M01-2023M09,United Kingdom,649.300000,0.0838845538,7740.400000,Stable panel of economies reported in every month
2021-12-01,2008M01-2023M09,Mainland China,1040.300000,0.1343987391,7740.400000,Stable panel of economies reported in every month
2021-12-01,2008M01-2023M09,Japan,1300.800000,0.1680533306,7740.400000,Stable panel of economies reported in every month
2022-01-01,2008M01-2023M09,All other foreign,3923.200000,0.5124547723,7655.700000,Stable panel of economies reported in every month
2022-01-01,2008M01-2023M09,South Korea,123.800000,0.0161709576,7655.700000,Stable panel of economies reported in every month
2022-01-01,2008M01-2023M09,Singapore,191.600000,0.0250271040,7655.700000,Stable panel of economies reported in every month
2022-01-01,2008M01-2023M09,Taiwan,247.100000,0.0322766044,7655.700000,Stable panel of economies reported in every month
2022-01-01,2008M01-2023M09,Hong Kong,225.600000,0.0294682394,7655.700000,Stable panel of economies reported in every month
2022-01-01,2008M01-2023M09,United Kingdom,610.700000,0.0797706284,7655.700000,Stable panel of economies reported in every month
2022-01-01,2008M01-2023M09,Mainland China,1033.800000,0.1350366394,7655.700000,Stable panel of economies reported in every month
2022-01-01,2008M01-2023M09,Japan,1299.900000,0.1697950547,7655.700000,Stable panel of economies reported in every month
2022-02-01,2008M01-2023M09,All other foreign,3978.500000,0.5164535601,7703.500000,Stable panel of economies reported in every month
2022-02-01,2008M01-2023M09,South Korea,121.900000,0.0158239761,7703.500000,Stable panel of economies reported in every month
2022-02-01,2008M01-2023M09,Singapore,192.000000,0.0249237360,7703.500000,Stable panel of economies reported in every month
2022-02-01,2008M01-2023M09,Taiwan,247.000000,0.0320633478,7703.500000,Stable panel of economies reported in every month
2022-02-01,2008M01-2023M09,Hong Kong,205.400000,0.0266632050,7703.500000,Stable panel of economies reported in every month
2022-02-01,2008M01-2023M09,United Kingdom,627.000000,0.0813915753,7703.500000,Stable panel of economies reported in every month
2022-02-01,2008M01-2023M09,Mainland China,1028.700000,0.1335367041,7703.500000,Stable panel of economies reported in every month
2022-02-01,2008M01-2023M09,Japan,1303.000000,0.1691438956,7703.500000,Stable panel of economies reported in every month
2022-03-01,2008M01-2023M09,All other foreign,3971.100000,0.5222245601,7604.200000,Stable panel of economies reported in every month
2022-03-01,2008M01-2023M09,South Korea,118.900000,0.0156360958,7604.200000,Stable panel of economies reported in every month
2022-03-01,2008M01-2023M09,Singapore,190.900000,0.0251045475,7604.200000,Stable panel of economies reported in every month
2022-03-01,2008M01-2023M09,Taiwan,236.900000,0.0311538360,7604.200000,Stable panel of economies reported in every month
2022-03-01,2008M01-2023M09,Hong Kong,207.700000,0.0273138529,7604.200000,Stable panel of economies reported in every month
2022-03-01,2008M01-2023M09,United Kingdom,636.500000,0.0837037427,7604.200000,Stable panel of economies reported in every month
2022-03-01,2008M01-2023M09,Mainland China,1013.200000,0.1332421557,7604.200000,Stable panel of economies reported in every month
2022-03-01,2008M01-2023M09,Japan,1229.000000,0.1616212093,7604.200000,Stable panel of economies reported in every month
2022-04-01,2008M01-2023M09,All other foreign,3916.500000,0.5261920436,7443.100000,Stable panel of economies reported in every month
2022-04-01,2008M01-2023M09,South Korea,117.300000,0.0157595625,7443.100000,Stable panel of economies reported in every month
2022-04-01,2008M01-2023M09,Singapore,182.100000,0.0244656124,7443.100000,Stable panel of economies reported in every month
2022-04-01,2008M01-2023M09,Taiwan,226.900000,0.0304846099,7443.100000,Stable panel of economies reported in every month
2022-04-01,2008M01-2023M09,Hong Kong,195.000000,0.0261987613,7443.100000,Stable panel of economies reported in every month
2022-04-01,2008M01-2023M09,United Kingdom,614.300000,0.0825328156,7443.100000,Stable panel of economies reported in every month
2022-04-01,2008M01-2023M09,Mainland China,976.000000,0.1311281590,7443.100000,Stable panel of economies reported in every month
2022-04-01,2008M01-2023M09,Japan,1215.000000,0.1632384356,7443.100000,Stable panel of economies reported in every month
2022-05-01,2008M01-2023M09,All other foreign,3895.500000,0.5256517515,7410.800000,Stable panel of economies reported in every month
2022-05-01,2008M01-2023M09,South Korea,115.300000,0.0155583743,7410.800000,Stable panel of economies reported in every month
2022-05-01,2008M01-2023M09,Singapore,177.100000,0.0238975549,7410.800000,Stable panel of economies reported in every month
2022-05-01,2008M01-2023M09,Taiwan,229.100000,0.0309143412,7410.800000,Stable panel of economies reported in every month
2022-05-01,2008M01-2023M09,Hong Kong,185.600000,0.0250445296,7410.800000,Stable panel of economies reported in every month
2022-05-01,2008M01-2023M09,United Kingdom,636.500000,0.0858881632,7410.800000,Stable panel of economies reported in every month
2022-05-01,2008M01-2023M09,Mainland China,951.800000,0.1284341771,7410.800000,Stable panel of economies reported in every month
2022-05-01,2008M01-2023M09,Japan,1219.900000,0.1646111081,7410.800000,Stable panel of economies reported in every month
2022-06-01,2008M01-2023M09,All other foreign,3915.700000,0.5279429411,7416.900000,Stable panel of economies reported in every month
2022-06-01,2008M01-2023M09,South Korea,111.900000,0.0150871658,7416.900000,Stable panel of economies reported in every month
2022-06-01,2008M01-2023M09,Singapore,180.900000,0.0243902439,7416.900000,Stable panel of economies reported in every month
2022-06-01,2008M01-2023M09,Taiwan,232.300000,0.0313203630,7416.900000,Stable panel of economies reported in every month
2022-06-01,2008M01-2023M09,Hong Kong,187.300000,0.0252531381,7416.900000,Stable panel of economies reported in every month
2022-06-01,2008M01-2023M09,United Kingdom,617.300000,0.0832288422,7416.900000,Stable panel of economies reported in every month
2022-06-01,2008M01-2023M09,Mainland China,938.800000,0.1265757931,7416.900000,Stable panel of economies reported in every month
2022-06-01,2008M01-2023M09,Japan,1232.700000,0.1662015128,7416.900000,Stable panel of economies reported in every month
2022-07-01,2008M01-2023M09,All other foreign,3948.900000,0.5275399105,7485.500000,Stable panel of economies reported in every month
2022-07-01,2008M01-2023M09,South Korea,111.900000,0.0149489012,7485.500000,Stable panel of economies reported in every month
2022-07-01,2008M01-2023M09,Singapore,187.200000,0.0250083495,7485.500000,Stable panel of economies reported in every month
2022-07-01,2008M01-2023M09,Taiwan,238.200000,0.0318215216,7485.500000,Stable panel of economies reported in every month
2022-07-01,2008M01-2023M09,Hong Kong,192.800000,0.0257564625,7485.500000,Stable panel of economies reported in every month
2022-07-01,2008M01-2023M09,United Kingdom,636.600000,0.0850444192,7485.500000,Stable panel of economies reported in every month
2022-07-01,2008M01-2023M09,Mainland China,939.200000,0.1254692405,7485.500000,Stable panel of economies reported in every month
2022-07-01,2008M01-2023M09,Japan,1230.700000,0.1644111950,7485.500000,Stable panel of economies reported in every month
2022-08-01,2008M01-2023M09,All other foreign,3984.500000,0.5317842700,7492.700000,Stable panel of economies reported in every month
2022-08-01,2008M01-2023M09,South Korea,117.500000,0.0156819304,7492.700000,Stable panel of economies reported in every month
2022-08-01,2008M01-2023M09,Singapore,188.300000,0.0251311276,7492.700000,Stable panel of economies reported in every month
2022-08-01,2008M01-2023M09,Taiwan,231.500000,0.0308967395,7492.700000,Stable panel of economies reported in every month
2022-08-01,2008M01-2023M09,Hong Kong,189.800000,0.0253313225,7492.700000,Stable panel of economies reported in every month
2022-08-01,2008M01-2023M09,United Kingdom,646.500000,0.0862839831,7492.700000,Stable panel of economies reported in every month
2022-08-01,2008M01-2023M09,Mainland China,938.600000,0.1252685948,7492.700000,Stable panel of economies reported in every month
2022-08-01,2008M01-2023M09,Japan,1196.000000,0.1596220321,7492.700000,Stable panel of economies reported in every month
2022-09-01,2008M01-2023M09,All other foreign,3893.300000,0.5368958147,7251.500000,Stable panel of economies reported in every month
2022-09-01,2008M01-2023M09,South Korea,104.900000,0.0144659726,7251.500000,Stable panel of economies reported in every month
2022-09-01,2008M01-2023M09,Singapore,176.400000,0.0243260015,7251.500000,Stable panel of economies reported in every month
2022-09-01,2008M01-2023M09,Taiwan,215.300000,0.0296904089,7251.500000,Stable panel of economies reported in every month
2022-09-01,2008M01-2023M09,Hong Kong,178.700000,0.0246431773,7251.500000,Stable panel of economies reported in every month
2022-09-01,2008M01-2023M09,United Kingdom,664.800000,0.0916775839,7251.500000,Stable panel of economies reported in every month
2022-09-01,2008M01-2023M09,Mainland China,901.700000,0.1243466869,7251.500000,Stable panel of economies reported in every month
2022-09-01,2008M01-2023M09,Japan,1116.400000,0.1539543543,7251.500000,Stable panel of economies reported in every month
2022-10-01,2008M01-2023M09,All other foreign,3875.500000,0.5433045477,7133.200000,Stable panel of economies reported in every month
2022-10-01,2008M01-2023M09,South Korea,98.700000,0.0138367072,7133.200000,Stable panel of economies reported in every month
2022-10-01,2008M01-2023M09,Singapore,175.800000,0.0246453205,7133.200000,Stable panel of economies reported in every month
2022-10-01,2008M01-2023M09,Taiwan,214.600000,0.0300846745,7133.200000,Stable panel of economies reported in every month
2022-10-01,2008M01-2023M09,Hong Kong,185.000000,0.0259350642,7133.200000,Stable panel of economies reported in every month
2022-10-01,2008M01-2023M09,United Kingdom,641.300000,0.0899035496,7133.200000,Stable panel of economies reported in every month
2022-10-01,2008M01-2023M09,Mainland China,877.900000,0.1230723939,7133.200000,Stable panel of economies reported in every month
2022-10-01,2008M01-2023M09,Japan,1064.400000,0.1492177424,7133.200000,Stable panel of economies reported in every month
2022-11-01,2008M01-2023M09,All other foreign,3945.500000,0.5491530614,7184.700000,Stable panel of economies reported in every month
2022-11-01,2008M01-2023M09,South Korea,100.400000,0.0139741395,7184.700000,Stable panel of economies reported in every month
2022-11-01,2008M01-2023M09,Singapore,186.300000,0.0259301015,7184.700000,Stable panel of economies reported in every month
2022-11-01,2008M01-2023M09,Taiwan,224.100000,0.0311912815,7184.700000,Stable panel of economies reported in every month
2022-11-01,2008M01-2023M09,Hong Kong,201.200000,0.0280039528,7184.700000,Stable panel of economies reported in every month
2022-11-01,2008M01-2023M09,United Kingdom,575.100000,0.0800450958,7184.700000,Stable panel of economies reported in every month
2022-11-01,2008M01-2023M09,Mainland China,870.300000,0.1211324064,7184.700000,Stable panel of economies reported in every month
2022-11-01,2008M01-2023M09,Japan,1081.800000,0.1505699612,7184.700000,Stable panel of economies reported in every month
2022-12-01,2008M01-2023M09,All other foreign,3953.400000,0.5494878174,7194.700000,Stable panel of economies reported in every month
2022-12-01,2008M01-2023M09,South Korea,102.600000,0.0142604973,7194.700000,Stable panel of economies reported in every month
2022-12-01,2008M01-2023M09,Singapore,182.900000,0.0254214908,7194.700000,Stable panel of economies reported in every month
2022-12-01,2008M01-2023M09,Taiwan,225.400000,0.0313286169,7194.700000,Stable panel of economies reported in every month
2022-12-01,2008M01-2023M09,Hong Kong,214.500000,0.0298136128,7194.700000,Stable panel of economies reported in every month
2022-12-01,2008M01-2023M09,United Kingdom,573.700000,0.0797392525,7194.700000,Stable panel of economies reported in every month
2022-12-01,2008M01-2023M09,Mainland China,867.100000,0.1205192711,7194.700000,Stable panel of economies reported in every month
2022-12-01,2008M01-2023M09,Japan,1075.100000,0.1494294411,7194.700000,Stable panel of economies reported in every month
2023-01-01,2008M01-2023M09,All other foreign,3995.900000,0.5470014100,7305.100000,Stable panel of economies reported in every month
2023-01-01,2008M01-2023M09,South Korea,105.800000,0.0144830324,7305.100000,Stable panel of economies reported in every month
2023-01-01,2008M01-2023M09,Singapore,187.600000,0.0256806888,7305.100000,Stable panel of economies reported in every month
2023-01-01,2008M01-2023M09,Taiwan,234.600000,0.0321145501,7305.100000,Stable panel of economies reported in every month
2023-01-01,2008M01-2023M09,Hong Kong,221.000000,0.0302528371,7305.100000,Stable panel of economies reported in every month
2023-01-01,2008M01-2023M09,United Kingdom,598.000000,0.0818606179,7305.100000,Stable panel of economies reported in every month
2023-01-01,2008M01-2023M09,Mainland China,859.300000,0.1176301488,7305.100000,Stable panel of economies reported in every month
2023-01-01,2008M01-2023M09,Japan,1102.900000,0.1509767149,7305.100000,Stable panel of economies reported in every month
2023-02-01,2008M01-2023M09,All other foreign,4003.900000,0.5518890681,7254.900000,Stable panel of economies reported in every month
2023-02-01,2008M01-2023M09,South Korea,110.800000,0.0152724366,7254.900000,Stable panel of economies reported in every month
2023-02-01,2008M01-2023M09,Singapore,189.900000,0.0261754125,7254.900000,Stable panel of economies reported in every month
2023-02-01,2008M01-2023M09,Taiwan,231.600000,0.0319232519,7254.900000,Stable panel of economies reported in every month
2023-02-01,2008M01-2023M09,Hong Kong,212.500000,0.0292905485,7254.900000,Stable panel of economies reported in every month
2023-02-01,2008M01-2023M09,United Kingdom,576.500000,0.0794635350,7254.900000,Stable panel of economies reported in every month
2023-02-01,2008M01-2023M09,Mainland China,849.000000,0.1170243560,7254.900000,Stable panel of economies reported in every month
2023-02-01,2008M01-2023M09,Japan,1080.700000,0.1489613916,7254.900000,Stable panel of economies reported in every month
2023-03-01,2008M01-2023M09,All other foreign,4108.200000,0.5500629301,7468.600000,Stable panel of economies reported in every month
2023-03-01,2008M01-2023M09,South Korea,113.900000,0.0152505155,7468.600000,Stable panel of economies reported in every month
2023-03-01,2008M01-2023M09,Singapore,194.900000,0.0260959216,7468.600000,Stable panel of economies reported in every month
2023-03-01,2008M01-2023M09,Taiwan,239.500000,0.0320675896,7468.600000,Stable panel of economies reported in every month
2023-03-01,2008M01-2023M09,Hong Kong,223.100000,0.0298717296,7468.600000,Stable panel of economies reported in every month
2023-03-01,2008M01-2023M09,United Kingdom,633.100000,0.0847682297,7468.600000,Stable panel of economies reported in every month
2023-03-01,2008M01-2023M09,Mainland China,869.300000,0.1163939694,7468.600000,Stable panel of economies reported in every month
2023-03-01,2008M01-2023M09,Japan,1086.600000,0.1454891144,7468.600000,Stable panel of economies reported in every month
2023-04-01,2008M01-2023M09,All other foreign,4106.900000,0.5471489475,7506.000000,Stable panel of economies reported in every month
2023-04-01,2008M01-2023M09,South Korea,111.500000,0.0148547828,7506.000000,Stable panel of economies reported in every month
2023-04-01,2008M01-2023M09,Singapore,201.100000,0.0267918998,7506.000000,Stable panel of economies reported in every month
2023-04-01,2008M01-2023M09,Taiwan,244.500000,0.0325739408,7506.000000,Stable panel of economies reported in every month
2023-04-01,2008M01-2023M09,Hong Kong,222.200000,0.0296029843,7506.000000,Stable panel of economies reported in every month
2023-04-01,2008M01-2023M09,United Kingdom,625.100000,0.0832800426,7506.000000,Stable panel of economies reported in every month
2023-04-01,2008M01-2023M09,Mainland China,868.900000,0.1157607248,7506.000000,Stable panel of economies reported in every month
2023-04-01,2008M01-2023M09,Japan,1125.800000,0.1499866773,7506.000000,Stable panel of economies reported in every month
2023-05-01,2008M01-2023M09,All other foreign,4134.700000,0.5543533639,7458.600000,Stable panel of economies reported in every month
2023-05-01,2008M01-2023M09,South Korea,115.400000,0.0154720725,7458.600000,Stable panel of economies reported in every month
2023-05-01,2008M01-2023M09,Singapore,203.200000,0.0272437187,7458.600000,Stable panel of economies reported in every month
2023-05-01,2008M01-2023M09,Taiwan,239.800000,0.0321508058,7458.600000,Stable panel of economies reported in every month
2023-05-01,2008M01-2023M09,Hong Kong,216.100000,0.0289732658,7458.600000,Stable panel of economies reported in every month
2023-05-01,2008M01-2023M09,United Kingdom,606.600000,0.0813289357,7458.600000,Stable panel of economies reported in every month
2023-05-01,2008M01-2023M09,Mainland China,846.700000,0.1135199635,7458.600000,Stable panel of economies reported in every month
2023-05-01,2008M01-2023M09,Japan,1096.100000,0.1469578741,7458.600000,Stable panel of economies reported in every month
2023-06-01,2008M01-2023M09,All other foreign,4256.300000,0.5627644383,7563.200000,Stable panel of economies reported in every month
2023-06-01,2008M01-2023M09,South Korea,115.100000,0.0152184261,7563.200000,Stable panel of economies reported in every month
2023-06-01,2008M01-2023M09,Singapore,187.300000,0.0247646499,7563.200000,Stable panel of economies reported in every month
2023-06-01,2008M01-2023M09,Taiwan,241.300000,0.0319044849,7563.200000,Stable panel of economies reported in every month
2023-06-01,2008M01-2023M09,Hong Kong,198.900000,0.0262983922,7563.200000,Stable panel of economies reported in every month
2023-06-01,2008M01-2023M09,United Kingdom,624.400000,0.0825576476,7563.200000,Stable panel of economies reported in every month
2023-06-01,2008M01-2023M09,Mainland China,835.800000,0.1105087794,7563.200000,Stable panel of economies reported in every month
2023-06-01,2008M01-2023M09,Japan,1104.100000,0.1459831817,7563.200000,Stable panel of economies reported in every month
2023-07-01,2008M01-2023M09,All other foreign,4300.900000,0.5662729918,7595.100000,Stable panel of economies reported in every month
2023-07-01,2008M01-2023M09,South Korea,115.800000,0.0152466722,7595.100000,Stable panel of economies reported in every month
2023-07-01,2008M01-2023M09,Singapore,186.600000,0.0245684718,7595.100000,Stable panel of economies reported in every month
2023-07-01,2008M01-2023M09,Taiwan,243.000000,0.0319943121,7595.100000,Stable panel of economies reported in every month
2023-07-01,2008M01-2023M09,Hong Kong,205.900000,0.0271095838,7595.100000,Stable panel of economies reported in every month
2023-07-01,2008M01-2023M09,United Kingdom,609.300000,0.0802227752,7595.100000,Stable panel of economies reported in every month
2023-07-01,2008M01-2023M09,Mainland China,821.800000,0.1082013403,7595.100000,Stable panel of economies reported in every month
2023-07-01,2008M01-2023M09,Japan,1111.800000,0.1463838527,7595.100000,Stable panel of economies reported in every month
2023-08-01,2008M01-2023M09,All other foreign,4326.500000,0.5677448986,7620.500000,Stable panel of economies reported in every month
2023-08-01,2008M01-2023M09,South Korea,117.800000,0.0154583033,7620.500000,Stable panel of economies reported in every month
2023-08-01,2008M01-2023M09,Singapore,184.200000,0.0241716423,7620.500000,Stable panel of economies reported in every month
2023-08-01,2008M01-2023M09,Taiwan,241.000000,0.0316252214,7620.500000,Stable panel of economies reported in every month
2023-08-01,2008M01-2023M09,Hong Kong,202.600000,0.0265861820,7620.500000,Stable panel of economies reported in every month
2023-08-01,2008M01-2023M09,United Kingdom,627.500000,0.0823436782,7620.500000,Stable panel of economies reported in every month
2023-08-01,2008M01-2023M09,Mainland China,805.400000,0.1056886031,7620.500000,Stable panel of economies reported in every month
2023-08-01,2008M01-2023M09,Japan,1115.500000,0.1463814710,7620.500000,Stable panel of economies reported in every month
2023-09-01,2008M01-2023M09,All other foreign,4306.400000,0.5734908311,7509.100000,Stable panel of economies reported in every month
2023-09-01,2008M01-2023M09,South Korea,112.900000,0.0150350908,7509.100000,Stable panel of economies reported in every month
2023-09-01,2008M01-2023M09,Singapore,187.300000,0.0249430691,7509.100000,Stable panel of economies reported in every month
2023-09-01,2008M01-2023M09,Taiwan,236.300000,0.0314684849,7509.100000,Stable panel of economies reported in every month
2023-09-01,2008M01-2023M09,Hong Kong,197.000000,0.0262348351,7509.100000,Stable panel of economies reported in every month
2023-09-01,2008M01-2023M09,United Kingdom,604.700000,0.0805289582,7509.100000,Stable panel of economies reported in every month
2023-09-01,2008M01-2023M09,Mainland China,778.100000,0.1036209399,7509.100000,Stable panel of economies reported in every month
2023-09-01,2008M01-2023M09,Japan,1086.400000,0.1446777909,7509.100000,Stable panel of economies reported in every month
2023-10-01,Post-AHP 2023M10-present,All other foreign,4245.000000,0.5677638530,7476.700000,Stable panel of economies reported in every month
2023-10-01,Post-AHP 2023M10-present,South Korea,112.900000,0.0151002448,7476.700000,Stable panel of economies reported in every month
2023-10-01,Post-AHP 2023M10-present,Singapore,190.500000,0.0254791552,7476.700000,Stable panel of economies reported in every month
2023-10-01,Post-AHP 2023M10-present,Taiwan,231.400000,0.0309494831,7476.700000,Stable panel of economies reported in every month
2023-10-01,Post-AHP 2023M10-present,Hong Kong,199.100000,0.0266293953,7476.700000,Stable panel of economies reported in every month
2023-10-01,Post-AHP 2023M10-present,United Kingdom,630.000000,0.0842617732,7476.700000,Stable panel of economies reported in every month
2023-10-01,Post-AHP 2023M10-present,Mainland China,769.600000,0.1029331122,7476.700000,Stable panel of economies reported in every month
2023-10-01,Post-AHP 2023M10-present,Japan,1098.200000,0.1468829831,7476.700000,Stable panel of economies reported in every month
2023-11-01,Post-AHP 2023M10-present,All other foreign,4394.700000,0.5695346215,7716.300000,Stable panel of economies reported in every month
2023-11-01,Post-AHP 2023M10-present,South Korea,116.000000,0.0150331117,7716.300000,Stable panel of economies reported in every month
2023-11-01,Post-AHP 2023M10-present,Singapore,196.200000,0.0254266941,7716.300000,Stable panel of economies reported in every month
2023-11-01,Post-AHP 2023M10-present,Taiwan,238.000000,0.0308437982,7716.300000,Stable panel of economies reported in every month
2023-11-01,Post-AHP 2023M10-present,Hong Kong,211.100000,0.0273576714,7716.300000,Stable panel of economies reported in every month
2023-11-01,Post-AHP 2023M10-present,United Kingdom,650.800000,0.0843409406,7716.300000,Stable panel of economies reported in every month
2023-11-01,Post-AHP 2023M10-present,Mainland China,782.000000,0.1013439083,7716.300000,Stable panel of economies reported in every month
2023-11-01,Post-AHP 2023M10-present,Japan,1127.500000,0.1461192540,7716.300000,Stable panel of economies reported in every month
2023-12-01,Post-AHP 2023M10-present,All other foreign,4514.600000,0.5685894207,7940.000000,Stable panel of economies reported in every month
2023-12-01,Post-AHP 2023M10-present,South Korea,117.200000,0.0147607053,7940.000000,Stable panel of economies reported in every month
2023-12-01,Post-AHP 2023M10-present,Singapore,196.000000,0.0246851385,7940.000000,Stable panel of economies reported in every month
2023-12-01,Post-AHP 2023M10-present,Taiwan,254.000000,0.0319899244,7940.000000,Stable panel of economies reported in every month
2023-12-01,Post-AHP 2023M10-present,Hong Kong,238.000000,0.0299748111,7940.000000,Stable panel of economies reported in every month
2023-12-01,Post-AHP 2023M10-present,United Kingdom,688.600000,0.0867254408,7940.000000,Stable panel of economies reported in every month
2023-12-01,Post-AHP 2023M10-present,Mainland China,816.300000,0.1028085642,7940.000000,Stable panel of economies reported in every month
2023-12-01,Post-AHP 2023M10-present,Japan,1115.300000,0.1404659950,7940.000000,Stable panel of economies reported in every month
2024-01-01,Post-AHP 2023M10-present,All other foreign,4507.400000,0.5666976791,7953.800000,Stable panel of economies reported in every month
2024-01-01,Post-AHP 2023M10-present,South Korea,116.900000,0.0146973774,7953.800000,Stable panel of economies reported in every month
2024-01-01,Post-AHP 2023M10-present,Singapore,199.100000,0.0250320601,7953.800000,Stable panel of economies reported in every month
2024-01-01,Post-AHP 2023M10-present,Taiwan,257.600000,0.0323870351,7953.800000,Stable panel of economies reported in every month
2024-01-01,Post-AHP 2023M10-present,Hong Kong,232.700000,0.0292564560,7953.800000,Stable panel of economies reported in every month
2024-01-01,Post-AHP 2023M10-present,United Kingdom,701.800000,0.0882345546,7953.800000,Stable panel of economies reported in every month
2024-01-01,Post-AHP 2023M10-present,Mainland China,797.700000,0.1002916845,7953.800000,Stable panel of economies reported in every month
2024-01-01,Post-AHP 2023M10-present,Japan,1140.600000,0.1434031532,7953.800000,Stable panel of economies reported in every month
2024-02-01,Post-AHP 2023M10-present,All other foreign,4573.500000,0.5717375270,7999.300000,Stable panel of economies reported in every month
2024-02-01,Post-AHP 2023M10-present,South Korea,118.200000,0.0147762929,7999.300000,Stable panel of economies reported in every month
2024-02-01,Post-AHP 2023M10-present,Singapore,199.300000,0.0249146800,7999.300000,Stable panel of economies reported in every month
2024-02-01,Post-AHP 2023M10-present,Taiwan,257.500000,0.0321903167,7999.300000,Stable panel of economies reported in every month
2024-02-01,Post-AHP 2023M10-present,Hong Kong,216.700000,0.0270898704,7999.300000,Stable panel of economies reported in every month
2024-02-01,Post-AHP 2023M10-present,United Kingdom,711.500000,0.0889452827,7999.300000,Stable panel of economies reported in every month
2024-02-01,Post-AHP 2023M10-present,Mainland China,775.000000,0.0968834773,7999.300000,Stable panel of economies reported in every month
2024-02-01,Post-AHP 2023M10-present,Japan,1147.600000,0.1434625530,7999.300000,Stable panel of economies reported in every month
2024-03-01,Post-AHP 2023M10-present,All other foreign,4650.500000,0.5735763885,8107.900000,Stable panel of economies reported in every month
2024-03-01,Post-AHP 2023M10-present,South Korea,115.000000,0.0141836974,8107.900000,Stable panel of economies reported in every month
2024-03-01,Post-AHP 2023M10-present,Singapore,202.400000,0.0249633074,8107.900000,Stable panel of economies reported in every month
2024-03-01,Post-AHP 2023M10-present,Taiwan,261.000000,0.0321908262,8107.900000,Stable panel of economies reported in every month
2024-03-01,Post-AHP 2023M10-present,Hong Kong,208.200000,0.0256786591,8107.900000,Stable panel of economies reported in every month
2024-03-01,Post-AHP 2023M10-present,United Kingdom,736.400000,0.0908249978,8107.900000,Stable panel of economies reported in every month
2024-03-01,Post-AHP 2023M10-present,Mainland China,767.400000,0.0946484293,8107.900000,Stable panel of economies reported in every month
2024-03-01,Post-AHP 2023M10-present,Japan,1167.000000,0.1439336943,8107.900000,Stable panel of economies reported in every month
2024-04-01,Post-AHP 2023M10-present,All other foreign,4616.600000,0.5744754984,8036.200000,Stable panel of economies reported in every month
2024-04-01,Post-AHP 2023M10-present,South Korea,119.000000,0.0148079938,8036.200000,Stable panel of economies reported in every month
2024-04-01,Post-AHP 2023M10-present,Singapore,203.300000,0.0252980264,8036.200000,Stable panel of economies reported in every month
2024-04-01,Post-AHP 2023M10-present,Taiwan,259.300000,0.0322664941,8036.200000,Stable panel of economies reported in every month
2024-04-01,Post-AHP 2023M10-present,Hong Kong,226.600000,0.0281974067,8036.200000,Stable panel of economies reported in every month
2024-04-01,Post-AHP 2023M10-present,United Kingdom,714.600000,0.0889226251,8036.200000,Stable panel of economies reported in every month
2024-04-01,Post-AHP 2023M10-present,Mainland China,770.700000,0.0959035365,8036.200000,Stable panel of economies reported in every month
2024-04-01,Post-AHP 2023M10-present,Japan,1126.100000,0.1401284189,8036.200000,Stable panel of economies reported in every month
2024-05-01,Post-AHP 2023M10-present,All other foreign,4708.600000,0.5791137294,8130.700000,Stable panel of economies reported in every month
2024-05-01,Post-AHP 2023M10-present,South Korea,119.800000,0.0147342787,8130.700000,Stable panel of economies reported in every month
2024-05-01,Post-AHP 2023M10-present,Singapore,209.800000,0.0258034364,8130.700000,Stable panel of economies reported in every month
2024-05-01,Post-AHP 2023M10-present,Taiwan,265.400000,0.0326417160,8130.700000,Stable panel of economies reported in every month
2024-05-01,Post-AHP 2023M10-present,Hong Kong,224.200000,0.0275745016,8130.700000,Stable panel of economies reported in every month
2024-05-01,Post-AHP 2023M10-present,United Kingdom,728.600000,0.0896109806,8130.700000,Stable panel of economies reported in every month
2024-05-01,Post-AHP 2023M10-present,Mainland China,768.300000,0.0944937090,8130.700000,Stable panel of economies reported in every month
2024-05-01,Post-AHP 2023M10-present,Japan,1106.000000,0.1360276483,8130.700000,Stable panel of economies reported in every month
2024-06-01,Post-AHP 2023M10-present,All other foreign,4854.500000,0.5849288494,8299.300000,Stable panel of economies reported in every month
2024-06-01,Post-AHP 2023M10-present,South Korea,117.200000,0.0141216729,8299.300000,Stable panel of economies reported in every month
2024-06-01,Post-AHP 2023M10-present,Singapore,215.000000,0.0259057993,8299.300000,Stable panel of economies reported in every month
2024-06-01,Post-AHP 2023M10-present,Taiwan,267.900000,0.0322798308,8299.300000,Stable panel of economies reported in every month
2024-06-01,Post-AHP 2023M10-present,Hong Kong,226.600000,0.0273035075,8299.300000,Stable panel of economies reported in every month
2024-06-01,Post-AHP 2023M10-present,United Kingdom,746.500000,0.0899473450,8299.300000,Stable panel of economies reported in every month
2024-06-01,Post-AHP 2023M10-present,Mainland China,780.200000,0.0940079284,8299.300000,Stable panel of economies reported in every month
2024-06-01,Post-AHP 2023M10-present,Japan,1091.400000,0.1315050667,8299.300000,Stable panel of economies reported in every month
2024-07-01,Post-AHP 2023M10-present,All other foreign,4955.900000,0.5880140481,8428.200000,Stable panel of economies reported in every month
2024-07-01,Post-AHP 2023M10-present,South Korea,123.100000,0.0146057284,8428.200000,Stable panel of economies reported in every month
2024-07-01,Post-AHP 2023M10-present,Singapore,229.800000,0.0272656083,8428.200000,Stable panel of economies reported in every month
2024-07-01,Post-AHP 2023M10-present,Taiwan,277.300000,0.0329014499,8428.200000,Stable panel of economies reported in every month
2024-07-01,Post-AHP 2023M10-present,Hong Kong,238.600000,0.0283097221,8428.200000,Stable panel of economies reported in every month
2024-07-01,Post-AHP 2023M10-present,United Kingdom,733.500000,0.0870292589,8428.200000,Stable panel of economies reported in every month
2024-07-01,Post-AHP 2023M10-present,Mainland China,776.500000,0.0921311787,8428.200000,Stable panel of economies reported in every month
2024-07-01,Post-AHP 2023M10-present,Japan,1093.500000,0.1297430056,8428.200000,Stable panel of economies reported in every month
2024-08-01,Post-AHP 2023M10-present,All other foreign,5092.700000,0.5913904824,8611.400000,Stable panel of economies reported in every month
2024-08-01,Post-AHP 2023M10-present,South Korea,123.300000,0.0143182293,8611.400000,Stable panel of economies reported in every month
2024-08-01,Post-AHP 2023M10-present,Singapore,234.800000,0.0272661820,8611.400000,Stable panel of economies reported in every month
2024-08-01,Post-AHP 2023M10-present,Taiwan,287.100000,0.0333395267,8611.400000,Stable panel of economies reported in every month
2024-08-01,Post-AHP 2023M10-present,Hong Kong,243.700000,0.0282996958,8611.400000,Stable panel of economies reported in every month
2024-08-01,Post-AHP 2023M10-present,United Kingdom,749.200000,0.0870009522,8611.400000,Stable panel of economies reported in every month
2024-08-01,Post-AHP 2023M10-present,Mainland China,774.600000,0.0899505307,8611.400000,Stable panel of economies reported in every month
2024-08-01,Post-AHP 2023M10-present,Japan,1106.000000,0.1284344009,8611.400000,Stable panel of economies reported in every month
2024-09-01,Post-AHP 2023M10-present,All other foreign,5223.600000,0.5958728312,8766.300000,Stable panel of economies reported in every month
2024-09-01,Post-AHP 2023M10-present,South Korea,127.300000,0.0145215199,8766.300000,Stable panel of economies reported in every month
2024-09-01,Post-AHP 2023M10-present,Singapore,243.800000,0.0278110491,8766.300000,Stable panel of economies reported in every month
2024-09-01,Post-AHP 2023M10-present,Taiwan,291.100000,0.0332067121,8766.300000,Stable panel of economies reported in every month
2024-09-01,Post-AHP 2023M10-present,Hong Kong,243.700000,0.0277996418,8766.300000,Stable panel of economies reported in every month
2024-09-01,Post-AHP 2023M10-present,United Kingdom,769.300000,0.0877565221,8766.300000,Stable panel of economies reported in every month
2024-09-01,Post-AHP 2023M10-present,Mainland China,772.000000,0.0880645198,8766.300000,Stable panel of economies reported in every month
2024-09-01,Post-AHP 2023M10-present,Japan,1095.500000,0.1249672040,8766.300000,Stable panel of economies reported in every month
2024-10-01,Post-AHP 2023M10-present,All other foreign,5163.700000,0.5939725082,8693.500000,Stable panel of economies reported in every month
2024-10-01,Post-AHP 2023M10-present,South Korea,127.300000,0.0146431242,8693.500000,Stable panel of economies reported in every month
2024-10-01,Post-AHP 2023M10-present,Singapore,244.700000,0.0281474665,8693.500000,Stable panel of economies reported in every month
2024-10-01,Post-AHP 2023M10-present,Taiwan,287.900000,0.0331166964,8693.500000,Stable panel of economies reported in every month
2024-10-01,Post-AHP 2023M10-present,Hong Kong,261.800000,0.0301144533,8693.500000,Stable panel of economies reported in every month
2024-10-01,Post-AHP 2023M10-present,United Kingdom,746.500000,0.0858687525,8693.500000,Stable panel of economies reported in every month
2024-10-01,Post-AHP 2023M10-present,Mainland China,760.100000,0.0874331397,8693.500000,Stable panel of economies reported in every month
2024-10-01,Post-AHP 2023M10-present,Japan,1101.500000,0.1267038592,8693.500000,Stable panel of economies reported in every month
2024-11-01,Post-AHP 2023M10-present,All other foreign,5169.200000,0.5925739112,8723.300000,Stable panel of economies reported in every month
2024-11-01,Post-AHP 2023M10-present,South Korea,127.500000,0.0146160283,8723.300000,Stable panel of economies reported in every month
2024-11-01,Post-AHP 2023M10-present,Singapore,252.200000,0.0289110772,8723.300000,Stable panel of economies reported in every month
2024-11-01,Post-AHP 2023M10-present,Taiwan,286.000000,0.0327857577,8723.300000,Stable panel of economies reported in every month
2024-11-01,Post-AHP 2023M10-present,Hong Kong,265.800000,0.0304701203,8723.300000,Stable panel of economies reported in every month
2024-11-01,Post-AHP 2023M10-present,United Kingdom,766.900000,0.0879139775,8723.300000,Stable panel of economies reported in every month
2024-11-01,Post-AHP 2023M10-present,Mainland China,768.600000,0.0881088579,8723.300000,Stable panel of economies reported in every month
2024-11-01,Post-AHP 2023M10-present,Japan,1087.100000,0.1246202699,8723.300000,Stable panel of economies reported in every month
2024-12-01,Post-AHP 2023M10-present,All other foreign,5154.800000,0.5980532062,8619.300000,Stable panel of economies reported in every month
2024-12-01,Post-AHP 2023M10-present,South Korea,124.900000,0.0144907359,8619.300000,Stable panel of economies reported in every month
2024-12-01,Post-AHP 2023M10-present,Singapore,249.000000,0.0288886569,8619.300000,Stable panel of economies reported in every month
2024-12-01,Post-AHP 2023M10-present,Taiwan,292.300000,0.0339122667,8619.300000,Stable panel of economies reported in every month
2024-12-01,Post-AHP 2023M10-present,Hong Kong,255.000000,0.0295847691,8619.300000,Stable panel of economies reported in every month
2024-12-01,Post-AHP 2023M10-present,United Kingdom,722.800000,0.0838583180,8619.300000,Stable panel of economies reported in every month
2024-12-01,Post-AHP 2023M10-present,Mainland China,759.000000,0.0880581950,8619.300000,Stable panel of economies reported in every month
2024-12-01,Post-AHP 2023M10-present,Japan,1061.500000,0.1231538524,8619.300000,Stable panel of economies reported in every month
2025-01-01,Post-AHP 2023M10-present,All other foreign,5113.100000,0.5933184804,8617.800000,Stable panel of economies reported in every month
2025-01-01,Post-AHP 2023M10-present,South Korea,122.200000,0.0141799531,8617.800000,Stable panel of economies reported in every month
2025-01-01,Post-AHP 2023M10-present,Singapore,247.600000,0.0287312307,8617.800000,Stable panel of economies reported in every month
2025-01-01,Post-AHP 2023M10-present,Taiwan,298.600000,0.0346492144,8617.800000,Stable panel of economies reported in every month
2025-01-01,Post-AHP 2023M10-present,Hong Kong,256.000000,0.0297059574,8617.800000,Stable panel of economies reported in every month
2025-01-01,Post-AHP 2023M10-present,United Kingdom,740.200000,0.0858919910,8617.800000,Stable panel of economies reported in every month
2025-01-01,Post-AHP 2023M10-present,Mainland China,760.800000,0.0882823923,8617.800000,Stable panel of economies reported in every month
2025-01-01,Post-AHP 2023M10-present,Japan,1079.300000,0.1252407807,8617.800000,Stable panel of economies reported in every month
2025-02-01,Post-AHP 2023M10-present,All other foreign,5274.900000,0.5926853933,8900.000000,Stable panel of economies reported in every month
2025-02-01,Post-AHP 2023M10-present,South Korea,124.600000,0.0140000000,8900.000000,Stable panel of economies reported in every month
2025-02-01,Post-AHP 2023M10-present,Singapore,260.000000,0.0292134831,8900.000000,Stable panel of economies reported in every month
2025-02-01,Post-AHP 2023M10-present,Taiwan,306.200000,0.0344044944,8900.000000,Stable panel of economies reported in every month
2025-02-01,Post-AHP 2023M10-present,Hong Kong,273.800000,0.0307640449,8900.000000,Stable panel of economies reported in every month
2025-02-01,Post-AHP 2023M10-present,United Kingdom,750.300000,0.0843033708,8900.000000,Stable panel of economies reported in every month
2025-02-01,Post-AHP 2023M10-present,Mainland China,784.300000,0.0881235955,8900.000000,Stable panel of economies reported in every month
2025-02-01,Post-AHP 2023M10-present,Japan,1125.900000,0.1265056180,8900.000000,Stable panel of economies reported in every month
2025-03-01,Post-AHP 2023M10-present,All other foreign,5419.100000,0.5985178149,9054.200000,Stable panel of economies reported in every month
2025-03-01,Post-AHP 2023M10-present,South Korea,125.800000,0.0138941044,9054.200000,Stable panel of economies reported in every month
2025-03-01,Post-AHP 2023M10-present,Singapore,262.700000,0.0290141592,9054.200000,Stable panel of economies reported in every month
2025-03-01,Post-AHP 2023M10-present,Taiwan,308.200000,0.0340394513,9054.200000,Stable panel of economies reported in every month
2025-03-01,Post-AHP 2023M10-present,Hong Kong,262.900000,0.0290362484,9054.200000,Stable panel of economies reported in every month
2025-03-01,Post-AHP 2023M10-present,United Kingdom,779.300000,0.0860705529,9054.200000,Stable panel of economies reported in every month
2025-03-01,Post-AHP 2023M10-present,Mainland China,765.400000,0.0845353538,9054.200000,Stable panel of economies reported in every month
2025-03-01,Post-AHP 2023M10-present,Japan,1130.800000,0.1248923152,9054.200000,Stable panel of economies reported in every month
2025-04-01,Post-AHP 2023M10-present,All other foreign,5387.200000,0.5985112765,9001.000000,Stable panel of economies reported in every month
2025-04-01,Post-AHP 2023M10-present,South Korea,121.700000,0.0135207199,9001.000000,Stable panel of economies reported in every month
2025-04-01,Post-AHP 2023M10-present,Singapore,247.700000,0.0275191645,9001.000000,Stable panel of economies reported in every month
2025-04-01,Post-AHP 2023M10-present,Taiwan,311.500000,0.0346072659,9001.000000,Stable panel of economies reported in every month
2025-04-01,Post-AHP 2023M10-present,Hong Kong,247.100000,0.0274525053,9001.000000,Stable panel of economies reported in every month
2025-04-01,Post-AHP 2023M10-present,United Kingdom,807.700000,0.0897344739,9001.000000,Stable panel of economies reported in every month
2025-04-01,Post-AHP 2023M10-present,Mainland China,743.600000,0.0826130430,9001.000000,Stable panel of economies reported in every month
2025-04-01,Post-AHP 2023M10-present,Japan,1134.500000,0.1260415509,9001.000000,Stable panel of economies reported in every month
2025-05-01,Post-AHP 2023M10-present,All other foreign,5415.500000,0.6001551504,9023.500000,Stable panel of economies reported in every month
2025-05-01,Post-AHP 2023M10-present,South Korea,124.200000,0.0137640605,9023.500000,Stable panel of economies reported in every month
2025-05-01,Post-AHP 2023M10-present,Singapore,249.300000,0.0276278606,9023.500000,Stable panel of economies reported in every month
2025-05-01,Post-AHP 2023M10-present,Taiwan,304.800000,0.0337784673,9023.500000,Stable panel of economies reported in every month
2025-05-01,Post-AHP 2023M10-present,Hong Kong,252.600000,0.0279935723,9023.500000,Stable panel of economies reported in every month
2025-05-01,Post-AHP 2023M10-present,United Kingdom,809.400000,0.0896991190,9023.500000,Stable panel of economies reported in every month
2025-05-01,Post-AHP 2023M10-present,Mainland China,732.700000,0.0811990913,9023.500000,Stable panel of economies reported in every month
2025-05-01,Post-AHP 2023M10-present,Japan,1135.000000,0.1257826786,9023.500000,Stable panel of economies reported in every month
2025-06-01,Post-AHP 2023M10-present,All other foreign,5422.800000,0.5963314859,9093.600000,Stable panel of economies reported in every month
2025-06-01,Post-AHP 2023M10-present,South Korea,126.500000,0.0139108824,9093.600000,Stable panel of economies reported in every month
2025-06-01,Post-AHP 2023M10-present,Singapore,253.500000,0.0278767485,9093.600000,Stable panel of economies reported in every month
2025-06-01,Post-AHP 2023M10-present,Taiwan,307.200000,0.0337820005,9093.600000,Stable panel of economies reported in every month
2025-06-01,Post-AHP 2023M10-present,Hong Kong,241.800000,0.0265901293,9093.600000,Stable panel of economies reported in every month
2025-06-01,Post-AHP 2023M10-present,United Kingdom,855.600000,0.0940881499,9093.600000,Stable panel of economies reported in every month
2025-06-01,Post-AHP 2023M10-present,Mainland China,731.400000,0.0804301927,9093.600000,Stable panel of economies reported in every month
2025-06-01,Post-AHP 2023M10-present,Japan,1154.800000,0.1269904108,9093.600000,Stable panel of economies reported in every month
2025-07-01,Post-AHP 2023M10-present,All other foreign,5421.600000,0.5951589000,9109.500000,Stable panel of economies reported in every month
2025-07-01,Post-AHP 2023M10-present,South Korea,132.300000,0.0145232999,9109.500000,Stable panel of economies reported in every month
2025-07-01,Post-AHP 2023M10-present,Singapore,252.400000,0.0277073385,9109.500000,Stable panel of economies reported in every month
2025-07-01,Post-AHP 2023M10-present,Taiwan,308.800000,0.0338986772,9109.500000,Stable panel of economies reported in every month
2025-07-01,Post-AHP 2023M10-present,Hong Kong,247.500000,0.0271694385,9109.500000,Stable panel of economies reported in every month
2025-07-01,Post-AHP 2023M10-present,United Kingdom,895.900000,0.0983478786,9109.500000,Stable panel of economies reported in every month
2025-07-01,Post-AHP 2023M10-present,Mainland China,695.600000,0.0763598441,9109.500000,Stable panel of economies reported in every month
2025-07-01,Post-AHP 2023M10-present,Japan,1155.400000,0.1268346232,9109.500000,Stable panel of economies reported in every month
2025-08-01,Post-AHP 2023M10-present,All other foreign,5501.200000,0.5948400770,9248.200000,Stable panel of economies reported in every month
2025-08-01,Post-AHP 2023M10-present,South Korea,135.800000,0.0146839385,9248.200000,Stable panel of economies reported in every month
2025-08-01,Post-AHP 2023M10-present,Singapore,261.000000,0.0282217080,9248.200000,Stable panel of economies reported in every month
2025-08-01,Post-AHP 2023M10-present,Taiwan,313.400000,0.0338876754,9248.200000,Stable panel of economies reported in every month
2025-08-01,Post-AHP 2023M10-present,Hong Kong,251.900000,0.0272377327,9248.200000,Stable panel of economies reported in every month
2025-08-01,Post-AHP 2023M10-present,United Kingdom,901.300000,0.0974568024,9248.200000,Stable panel of economies reported in every month
2025-08-01,Post-AHP 2023M10-present,Mainland China,699.700000,0.0756579659,9248.200000,Stable panel of economies reported in every month
2025-08-01,Post-AHP 2023M10-present,Japan,1183.900000,0.1280141000,9248.200000,Stable panel of economies reported in every month
2025-09-01,Post-AHP 2023M10-present,All other foreign,5533.800000,0.5990581867,9237.500000,Stable panel of economies reported in every month
2025-09-01,Post-AHP 2023M10-present,South Korea,142.700000,0.0154479026,9237.500000,Stable panel of economies reported in every month
2025-09-01,Post-AHP 2023M10-present,Singapore,258.600000,0.0279945873,9237.500000,Stable panel of economies reported in every month
2025-09-01,Post-AHP 2023M10-present,Taiwan,312.500000,0.0338294993,9237.500000,Stable panel of economies reported in every month
2025-09-01,Post-AHP 2023M10-present,Hong Kong,238.900000,0.0258619756,9237.500000,Stable panel of economies reported in every month
2025-09-01,Post-AHP 2023M10-present,United Kingdom,862.500000,0.0933694181,9237.500000,Stable panel of economies reported in every month
2025-09-01,Post-AHP 2023M10-present,Mainland China,699.200000,0.0756914750,9237.500000,Stable panel of economies reported in every month
2025-09-01,Post-AHP 2023M10-present,Japan,1189.300000,0.1287469553,9237.500000,Stable panel of economies reported in every month
2025-10-01,Post-AHP 2023M10-present,All other foreign,5488.700000,0.5946265099,9230.500000,Stable panel of economies reported in every month
2025-10-01,Post-AHP 2023M10-present,South Korea,145.000000,0.0157087915,9230.500000,Stable panel of economies reported in every month
2025-10-01,Post-AHP 2023M10-present,Singapore,272.300000,0.0295000271,9230.500000,Stable panel of economies reported in every month
2025-10-01,Post-AHP 2023M10-present,Taiwan,309.400000,0.0335193110,9230.500000,Stable panel of economies reported in every month
2025-10-01,Post-AHP 2023M10-present,Hong Kong,252.000000,0.0273007963,9230.500000,Stable panel of economies reported in every month
2025-10-01,Post-AHP 2023M10-present,United Kingdom,875.400000,0.0948377661,9230.500000,Stable panel of economies reported in every month
2025-10-01,Post-AHP 2023M10-present,Mainland China,687.700000,0.0745030063,9230.500000,Stable panel of economies reported in every month
2025-10-01,Post-AHP 2023M10-present,Japan,1200.000000,0.1300037918,9230.500000,Stable panel of economies reported in every month
2025-11-01,Post-AHP 2023M10-present,All other foreign,5596.400000,0.5985710619,9349.600000,Stable panel of economies reported in every month
2025-11-01,Post-AHP 2023M10-present,South Korea,145.100000,0.0155193805,9349.600000,Stable panel of economies reported in every month
2025-11-01,Post-AHP 2023M10-present,Singapore,272.200000,0.0291135450,9349.600000,Stable panel of economies reported in every month
2025-11-01,Post-AHP 2023M10-present,Taiwan,312.900000,0.0334666724,9349.600000,Stable panel of economies reported in every month
2025-11-01,Post-AHP 2023M10-present,Hong Kong,256.600000,0.0274450244,9349.600000,Stable panel of economies reported in every month
2025-11-01,Post-AHP 2023M10-present,United Kingdom,879.800000,0.0941002824,9349.600000,Stable panel of economies reported in every month
2025-11-01,Post-AHP 2023M10-present,Mainland China,683.900000,0.0731475143,9349.600000,Stable panel of economies reported in every month
2025-11-01,Post-AHP 2023M10-present,Japan,1202.700000,0.1286365192,9349.600000,Stable panel of economies reported in every month
2025-12-01,Post-AHP 2023M10-present,All other foreign,5538.500000,0.5974971681,9269.500000,Stable panel of economies reported in every month
2025-12-01,Post-AHP 2023M10-present,South Korea,140.600000,0.0151680242,9269.500000,Stable panel of economies reported in every month
2025-12-01,Post-AHP 2023M10-present,Singapore,278.400000,0.0300339824,9269.500000,Stable panel of economies reported in every month
2025-12-01,Post-AHP 2023M10-present,Taiwan,310.600000,0.0335077404,9269.500000,Stable panel of economies reported in every month
2025-12-01,Post-AHP 2023M10-present,Hong Kong,268.400000,0.0289551756,9269.500000,Stable panel of economies reported in every month
2025-12-01,Post-AHP 2023M10-present,United Kingdom,863.100000,0.0931118183,9269.500000,Stable panel of economies reported in every month
2025-12-01,Post-AHP 2023M10-present,Mainland China,684.400000,0.0738335401,9269.500000,Stable panel of economies reported in every month
2025-12-01,Post-AHP 2023M10-present,Japan,1185.500000,0.1278925508,9269.500000,Stable panel of economies reported in every month
2026-01-01,Post-AHP 2023M10-present,All other foreign,5508.500000,0.5928664450,9291.300000,Stable panel of economies reported in every month
2026-01-01,Post-AHP 2023M10-present,South Korea,141.300000,0.0152077750,9291.300000,Stable panel of economies reported in every month
2026-01-01,Post-AHP 2023M10-present,Singapore,273.400000,0.0294253764,9291.300000,Stable panel of economies reported in every month
2026-01-01,Post-AHP 2023M10-present,Taiwan,307.800000,0.0331277647,9291.300000,Stable panel of economies reported in every month
2026-01-01,Post-AHP 2023M10-present,Hong Kong,259.900000,0.0279724043,9291.300000,Stable panel of economies reported in every month
2026-01-01,Post-AHP 2023M10-present,United Kingdom,879.800000,0.0946907322,9291.300000,Stable panel of economies reported in every month
2026-01-01,Post-AHP 2023M10-present,Mainland China,695.300000,0.0748334463,9291.300000,Stable panel of economies reported in every month
2026-01-01,Post-AHP 2023M10-present,Japan,1225.300000,0.1318760561,9291.300000,Stable panel of economies reported in every month
2026-02-01,Post-AHP 2023M10-present,All other foreign,5655.000000,0.5959280882,9489.400000,Stable panel of economies reported in every month
2026-02-01,Post-AHP 2023M10-present,South Korea,140.900000,0.0148481464,9489.400000,Stable panel of economies reported in every month
2026-02-01,Post-AHP 2023M10-present,Singapore,280.000000,0.0295066074,9489.400000,Stable panel of economies reported in every month
2026-02-01,Post-AHP 2023M10-present,Taiwan,313.500000,0.0330368622,9489.400000,Stable panel of economies reported in every month
2026-02-01,Post-AHP 2023M10-present,Hong Kong,269.200000,0.0283684954,9489.400000,Stable panel of economies reported in every month
2026-02-01,Post-AHP 2023M10-present,United Kingdom,897.300000,0.0945581386,9489.400000,Stable panel of economies reported in every month
2026-02-01,Post-AHP 2023M10-present,Mainland China,694.200000,0.0731553101,9489.400000,Stable panel of economies reported in every month
2026-02-01,Post-AHP 2023M10-present,Japan,1239.300000,0.1305983518,9489.400000,Stable panel of economies reported in every month
2026-03-01,Post-AHP 2023M10-present,All other foreign,5592.800000,0.5978407269,9355.000000,Stable panel of economies reported in every month
2026-03-01,Post-AHP 2023M10-present,South Korea,136.800000,0.0146231962,9355.000000,Stable panel of economies reported in every month
2026-03-01,Post-AHP 2023M10-present,Singapore,274.300000,0.0293212186,9355.000000,Stable panel of economies reported in every month
2026-03-01,Post-AHP 2023M10-present,Taiwan,300.800000,0.0321539284,9355.000000,Stable panel of economies reported in every month
2026-03-01,Post-AHP 2023M10-present,Hong Kong,278.300000,0.0297487974,9355.000000,Stable panel of economies reported in every month
2026-03-01,Post-AHP 2023M10-present,United Kingdom,927.100000,0.0991020844,9355.000000,Stable panel of economies reported in every month
2026-03-01,Post-AHP 2023M10-present,Mainland China,653.300000,0.0698343132,9355.000000,Stable panel of economies reported in every month
2026-03-01,Post-AHP 2023M10-present,Japan,1191.600000,0.1273757349,9355.000000,Stable panel of economies reported in every month
2026-04-01,Post-AHP 2023M10-present,All other foreign,5571.400000,0.5957060069,9352.600000,Stable panel of economies reported in every month
2026-04-01,Post-AHP 2023M10-present,South Korea,135.200000,0.0144558732,9352.600000,Stable panel of economies reported in every month
2026-04-01,Post-AHP 2023M10-present,Singapore,277.500000,0.0296708937,9352.600000,Stable panel of economies reported in every month
2026-04-01,Post-AHP 2023M10-present,Taiwan,300.900000,0.0321728717,9352.600000,Stable panel of economies reported in every month
2026-04-01,Post-AHP 2023M10-present,Hong Kong,269.100000,0.0287727477,9352.600000,Stable panel of economies reported in every month
2026-04-01,Post-AHP 2023M10-present,United Kingdom,937.500000,0.1002395056,9352.600000,Stable panel of economies reported in every month
2026-04-01,Post-AHP 2023M10-present,Mainland China,651.100000,0.0696170049,9352.600000,Stable panel of economies reported in every month
2026-04-01,Post-AHP 2023M10-present,Japan,1209.900000,0.1293650963,9352.600000,Stable panel of economies reported in every month
2026-05-01,Post-AHP 2023M10-present,All other foreign,5631.900000,0.6009860102,9371.100000,Stable panel of economies reported in every month
2026-05-01,Post-AHP 2023M10-present,South Korea,132.300000,0.0141178730,9371.100000,Stable panel of economies reported in every month
2026-05-01,Post-AHP 2023M10-present,Singapore,278.000000,0.0296656743,9371.100000,Stable panel of economies reported in every month
2026-05-01,Post-AHP 2023M10-present,Taiwan,306.000000,0.0326535839,9371.100000,Stable panel of economies reported in every month
2026-05-01,Post-AHP 2023M10-present,Hong Kong,271.900000,0.0290147368,9371.100000,Stable panel of economies reported in every month
2026-05-01,Post-AHP 2023M10-present,United Kingdom,948.600000,0.1012261101,9371.100000,Stable panel of economies reported in every month
2026-05-01,Post-AHP 2023M10-present,Mainland China,659.300000,0.0703546008,9371.100000,Stable panel of economies reported in every month
2026-05-01,Post-AHP 2023M10-present,Japan,1143.100000,0.1219814109,9371.100000,Stable panel of economies reported in every month
2026-06-01,Post-AHP 2023M10-present,All other foreign,5631.600000,0.6056135068,9299.000000,Stable panel of economies reported in every month
2026-06-01,Post-AHP 2023M10-present,South Korea,134.700000,0.0144854285,9299.000000,Stable panel of economies reported in every month
2026-06-01,Post-AHP 2023M10-present,Singapore,284.400000,0.0305839338,9299.000000,Stable panel of economies reported in every month
2026-06-01,Post-AHP 2023M10-present,Taiwan,302.500000,0.0325303796,9299.000000,Stable panel of economies reported in every month
2026-06-01,Post-AHP 2023M10-present,Hong Kong,255.800000,0.0275083342,9299.000000,Stable panel of economies reported in every month
2026-06-01,Post-AHP 2023M10-present,United Kingdom,939.900000,0.1010753844,9299.000000,Stable panel of economies reported in every month
2026-06-01,Post-AHP 2023M10-present,Mainland China,633.400000,0.0681148511,9299.000000,Stable panel of economies reported in every month
2026-06-01,Post-AHP 2023M10-present,Japan,1116.700000,0.1200881815,9299.000000,Stable panel of economies reported in every month
