date,AHP_period,foreign_group,value_usd_billions,share_of_foreign_total,foreign_total_usd_billions,classification
2000-03-01,2000M03-2001M12,All other foreign,153.900000,0.1229135053,1252.100000,Economic-function and custody-role grouping
2000-03-01,2000M03-2001M12,Canada & other advanced,19.200000,0.0153342385,1252.100000,Economic-function and custody-role grouping
2000-03-01,2000M03-2001M12,Commodity exporters,46.400000,0.0370577430,1252.100000,Economic-function and custody-role grouping
2000-03-01,2000M03-2001M12,Core EU-27 (identifiable),164.900000,0.1316987461,1252.100000,Economic-function and custody-role grouping
2000-03-01,2000M03-2001M12,Financial/offshore centres,190.300000,0.1519846658,1252.100000,Economic-function and custody-role grouping
2000-03-01,2000M03-2001M12,Other East Asian exporters,56.500000,0.0451241914,1252.100000,Economic-function and custody-role grouping
2000-03-01,2000M03-2001M12,United Kingdom,235.700000,0.1882437505,1252.100000,Economic-function and custody-role grouping
2000-03-01,2000M03-2001M12,Mainland China,59.400000,0.0474403003,1252.100000,Economic-function and custody-role grouping
2000-03-01,2000M03-2001M12,Japan,325.800000,0.2602028592,1252.100000,Economic-function and custody-role grouping
2000-04-01,2000M03-2001M12,All other foreign,182.600000,0.1676921664,1088.900000,Economic-function and custody-role grouping
2000-04-01,2000M03-2001M12,Canada & other advanced,17.600000,0.0161631004,1088.900000,Economic-function and custody-role grouping
2000-04-01,2000M03-2001M12,Commodity exporters,43.600000,0.0400404078,1088.900000,Economic-function and custody-role grouping
2000-04-01,2000M03-2001M12,Core EU-27 (identifiable),124.300000,0.1141518964,1088.900000,Economic-function and custody-role grouping
2000-04-01,2000M03-2001M12,Financial/offshore centres,180.000000,0.1653044357,1088.900000,Economic-function and custody-role grouping
2000-04-01,2000M03-2001M12,Other East Asian exporters,69.000000,0.0633667003,1088.900000,Economic-function and custody-role grouping
2000-04-01,2000M03-2001M12,United Kingdom,77.700000,0.0713564147,1088.900000,Economic-function and custody-role grouping
2000-04-01,2000M03-2001M12,Mainland China,71.700000,0.0658462669,1088.900000,Economic-function and custody-role grouping
2000-04-01,2000M03-2001M12,Japan,322.400000,0.2960786114,1088.900000,Economic-function and custody-role grouping
2000-05-01,2000M03-2001M12,All other foreign,180.300000,0.1681589256,1072.200000,Economic-function and custody-role grouping
2000-05-01,2000M03-2001M12,Canada & other advanced,16.700000,0.0155754523,1072.200000,Economic-function and custody-role grouping
2000-05-01,2000M03-2001M12,Commodity exporters,43.100000,0.0401977243,1072.200000,Economic-function and custody-role grouping
2000-05-01,2000M03-2001M12,Core EU-27 (identifiable),120.300000,0.1121992166,1072.200000,Economic-function and custody-role grouping
2000-05-01,2000M03-2001M12,Financial/offshore centres,174.500000,0.1627494870,1072.200000,Economic-function and custody-role grouping
2000-05-01,2000M03-2001M12,Other East Asian exporters,67.900000,0.0633277374,1072.200000,Economic-function and custody-role grouping
2000-05-01,2000M03-2001M12,United Kingdom,77.500000,0.0722812908,1072.200000,Economic-function and custody-role grouping
2000-05-01,2000M03-2001M12,Mainland China,72.500000,0.0676179817,1072.200000,Economic-function and custody-role grouping
2000-05-01,2000M03-2001M12,Japan,319.400000,0.2978921843,1072.200000,Economic-function and custody-role grouping
2000-06-01,2000M03-2001M12,All other foreign,180.300000,0.1699820873,1060.700000,Economic-function and custody-role grouping
2000-06-01,2000M03-2001M12,Canada & other advanced,17.000000,0.0160271519,1060.700000,Economic-function and custody-role grouping
2000-06-01,2000M03-2001M12,Commodity exporters,45.900000,0.0432733101,1060.700000,Economic-function and custody-role grouping
2000-06-01,2000M03-2001M12,Core EU-27 (identifiable),122.400000,0.1153954935,1060.700000,Economic-function and custody-role grouping
2000-06-01,2000M03-2001M12,Financial/offshore centres,169.900000,0.1601772414,1060.700000,Economic-function and custody-role grouping
2000-06-01,2000M03-2001M12,Other East Asian exporters,70.800000,0.0667483737,1060.700000,Economic-function and custody-role grouping
2000-06-01,2000M03-2001M12,United Kingdom,68.100000,0.0642028849,1060.700000,Economic-function and custody-role grouping
2000-06-01,2000M03-2001M12,Mainland China,67.500000,0.0636372207,1060.700000,Economic-function and custody-role grouping
2000-06-01,2000M03-2001M12,Japan,318.800000,0.3005562364,1060.700000,Economic-function and custody-role grouping
2000-07-01,2000M03-2001M12,All other foreign,184.900000,0.1751112795,1055.900000,Economic-function and custody-role grouping
2000-07-01,2000M03-2001M12,Canada & other advanced,16.000000,0.0151529501,1055.900000,Economic-function and custody-role grouping
2000-07-01,2000M03-2001M12,Commodity exporters,47.400000,0.0448906146,1055.900000,Economic-function and custody-role grouping
2000-07-01,2000M03-2001M12,Core EU-27 (identifiable),122.900000,0.1163935979,1055.900000,Economic-function and custody-role grouping
2000-07-01,2000M03-2001M12,Financial/offshore centres,166.400000,0.1575906809,1055.900000,Economic-function and custody-role grouping
2000-07-01,2000M03-2001M12,Other East Asian exporters,69.200000,0.0655365091,1055.900000,Economic-function and custody-role grouping
2000-07-01,2000M03-2001M12,United Kingdom,63.100000,0.0597594469,1055.900000,Economic-function and custody-role grouping
2000-07-01,2000M03-2001M12,Mainland China,66.400000,0.0628847429,1055.900000,Economic-function and custody-role grouping
2000-07-01,2000M03-2001M12,Japan,319.600000,0.3026801780,1055.900000,Economic-function and custody-role grouping
2000-08-01,2000M03-2001M12,All other foreign,189.600000,0.1799032166,1053.900000,Economic-function and custody-role grouping
2000-08-01,2000M03-2001M12,Canada & other advanced,15.400000,0.0146123921,1053.900000,Economic-function and custody-role grouping
2000-08-01,2000M03-2001M12,Commodity exporters,47.800000,0.0453553468,1053.900000,Economic-function and custody-role grouping
2000-08-01,2000M03-2001M12,Core EU-27 (identifiable),122.900000,0.1166144796,1053.900000,Economic-function and custody-role grouping
2000-08-01,2000M03-2001M12,Financial/offshore centres,164.100000,0.1557073726,1053.900000,Economic-function and custody-role grouping
2000-08-01,2000M03-2001M12,Other East Asian exporters,67.300000,0.0638580510,1053.900000,Economic-function and custody-role grouping
2000-08-01,2000M03-2001M12,United Kingdom,66.400000,0.0630040801,1053.900000,Economic-function and custody-role grouping
2000-08-01,2000M03-2001M12,Mainland China,62.600000,0.0593984249,1053.900000,Economic-function and custody-role grouping
2000-08-01,2000M03-2001M12,Japan,317.800000,0.3015466363,1053.900000,Economic-function and custody-role grouping
2000-09-01,2000M03-2001M12,All other foreign,189.000000,0.1819407008,1038.800000,Economic-function and custody-role grouping
2000-09-01,2000M03-2001M12,Canada & other advanced,16.500000,0.0158837120,1038.800000,Economic-function and custody-role grouping
2000-09-01,2000M03-2001M12,Commodity exporters,46.800000,0.0450519831,1038.800000,Economic-function and custody-role grouping
2000-09-01,2000M03-2001M12,Core EU-27 (identifiable),120.100000,0.1156141702,1038.800000,Economic-function and custody-role grouping
2000-09-01,2000M03-2001M12,Financial/offshore centres,156.500000,0.1506546015,1038.800000,Economic-function and custody-role grouping
2000-09-01,2000M03-2001M12,Other East Asian exporters,66.200000,0.0637273777,1038.800000,Economic-function and custody-role grouping
2000-09-01,2000M03-2001M12,United Kingdom,64.300000,0.0618983442,1038.800000,Economic-function and custody-role grouping
2000-09-01,2000M03-2001M12,Mainland China,62.100000,0.0597805160,1038.800000,Economic-function and custody-role grouping
2000-09-01,2000M03-2001M12,Japan,317.300000,0.3054485945,1038.800000,Economic-function and custody-role grouping
2000-10-01,2000M03-2001M12,All other foreign,188.100000,0.1817040185,1035.200000,Economic-function and custody-role grouping
2000-10-01,2000M03-2001M12,Canada & other advanced,16.900000,0.0163253478,1035.200000,Economic-function and custody-role grouping
2000-10-01,2000M03-2001M12,Commodity exporters,48.000000,0.0463678516,1035.200000,Economic-function and custody-role grouping
2000-10-01,2000M03-2001M12,Core EU-27 (identifiable),120.600000,0.1164992272,1035.200000,Economic-function and custody-role grouping
2000-10-01,2000M03-2001M12,Financial/offshore centres,161.300000,0.1558153014,1035.200000,Economic-function and custody-role grouping
2000-10-01,2000M03-2001M12,Other East Asian exporters,62.700000,0.0605680062,1035.200000,Economic-function and custody-role grouping
2000-10-01,2000M03-2001M12,United Kingdom,60.400000,0.0583462133,1035.200000,Economic-function and custody-role grouping
2000-10-01,2000M03-2001M12,Mainland China,59.500000,0.0574768161,1035.200000,Economic-function and custody-role grouping
2000-10-01,2000M03-2001M12,Japan,317.700000,0.3068972179,1035.200000,Economic-function and custody-role grouping
2000-11-01,2000M03-2001M12,All other foreign,188.100000,0.1842311459,1021.000000,Economic-function and custody-role grouping
2000-11-01,2000M03-2001M12,Canada & other advanced,15.800000,0.0154750245,1021.000000,Economic-function and custody-role grouping
2000-11-01,2000M03-2001M12,Commodity exporters,48.400000,0.0474045054,1021.000000,Economic-function and custody-role grouping
2000-11-01,2000M03-2001M12,Core EU-27 (identifiable),116.300000,0.1139079334,1021.000000,Economic-function and custody-role grouping
2000-11-01,2000M03-2001M12,Financial/offshore centres,156.800000,0.1535749265,1021.000000,Economic-function and custody-role grouping
2000-11-01,2000M03-2001M12,Other East Asian exporters,60.500000,0.0592556317,1021.000000,Economic-function and custody-role grouping
2000-11-01,2000M03-2001M12,United Kingdom,54.500000,0.0533790402,1021.000000,Economic-function and custody-role grouping
2000-11-01,2000M03-2001M12,Mainland China,58.900000,0.0576885406,1021.000000,Economic-function and custody-role grouping
2000-11-01,2000M03-2001M12,Japan,321.700000,0.3150832517,1021.000000,Economic-function and custody-role grouping
2000-12-01,2000M03-2001M12,All other foreign,186.900000,0.1841016548,1015.200000,Economic-function and custody-role grouping
2000-12-01,2000M03-2001M12,Canada & other advanced,14.200000,0.0139873916,1015.200000,Economic-function and custody-role grouping
2000-12-01,2000M03-2001M12,Commodity exporters,47.700000,0.0469858156,1015.200000,Economic-function and custody-role grouping
2000-12-01,2000M03-2001M12,Core EU-27 (identifiable),113.900000,0.1121946414,1015.200000,Economic-function and custody-role grouping
2000-12-01,2000M03-2001M12,Financial/offshore centres,161.300000,0.1588849488,1015.200000,Economic-function and custody-role grouping
2000-12-01,2000M03-2001M12,Other East Asian exporters,63.000000,0.0620567376,1015.200000,Economic-function and custody-role grouping
2000-12-01,2000M03-2001M12,United Kingdom,50.200000,0.0494483846,1015.200000,Economic-function and custody-role grouping
2000-12-01,2000M03-2001M12,Mainland China,60.300000,0.0593971631,1015.200000,Economic-function and custody-role grouping
2000-12-01,2000M03-2001M12,Japan,317.700000,0.3129432624,1015.200000,Economic-function and custody-role grouping
2001-01-01,2000M03-2001M12,All other foreign,207.900000,0.2056786704,1010.800000,Economic-function and custody-role grouping
2001-01-01,2000M03-2001M12,Canada & other advanced,12.800000,0.0126632370,1010.800000,Economic-function and custody-role grouping
2001-01-01,2000M03-2001M12,Commodity exporters,48.500000,0.0479817966,1010.800000,Economic-function and custody-role grouping
2001-01-01,2000M03-2001M12,Core EU-27 (identifiable),109.800000,0.1086268302,1010.800000,Economic-function and custody-role grouping
2001-01-01,2000M03-2001M12,Financial/offshore centres,147.300000,0.1457261575,1010.800000,Economic-function and custody-role grouping
2001-01-01,2000M03-2001M12,Other East Asian exporters,62.900000,0.0622279383,1010.800000,Economic-function and custody-role grouping
2001-01-01,2000M03-2001M12,United Kingdom,47.800000,0.0472892758,1010.800000,Economic-function and custody-role grouping
2001-01-01,2000M03-2001M12,Mainland China,61.500000,0.0608428967,1010.800000,Economic-function and custody-role grouping
2001-01-01,2000M03-2001M12,Japan,312.300000,0.3089631975,1010.800000,Economic-function and custody-role grouping
2001-02-01,2000M03-2001M12,All other foreign,205.700000,0.2025802639,1015.400000,Economic-function and custody-role grouping
2001-02-01,2000M03-2001M12,Canada & other advanced,12.500000,0.0123104195,1015.400000,Economic-function and custody-role grouping
2001-02-01,2000M03-2001M12,Commodity exporters,47.800000,0.0470750443,1015.400000,Economic-function and custody-role grouping
2001-02-01,2000M03-2001M12,Core EU-27 (identifiable),108.200000,0.1065589915,1015.400000,Economic-function and custody-role grouping
2001-02-01,2000M03-2001M12,Financial/offshore centres,153.100000,0.1507780185,1015.400000,Economic-function and custody-role grouping
2001-02-01,2000M03-2001M12,Other East Asian exporters,63.500000,0.0625369313,1015.400000,Economic-function and custody-role grouping
2001-02-01,2000M03-2001M12,United Kingdom,48.400000,0.0476659445,1015.400000,Economic-function and custody-role grouping
2001-02-01,2000M03-2001M12,Mainland China,63.700000,0.0627338980,1015.400000,Economic-function and custody-role grouping
2001-02-01,2000M03-2001M12,Japan,312.500000,0.3077604885,1015.400000,Economic-function and custody-role grouping
2001-03-01,2000M03-2001M12,All other foreign,207.300000,0.2047407407,1012.500000,Economic-function and custody-role grouping
2001-03-01,2000M03-2001M12,Canada & other advanced,12.500000,0.0123456790,1012.500000,Economic-function and custody-role grouping
2001-03-01,2000M03-2001M12,Commodity exporters,45.900000,0.0453333333,1012.500000,Economic-function and custody-role grouping
2001-03-01,2000M03-2001M12,Core EU-27 (identifiable),108.800000,0.1074567901,1012.500000,Economic-function and custody-role grouping
2001-03-01,2000M03-2001M12,Financial/offshore centres,137.300000,0.1356049383,1012.500000,Economic-function and custody-role grouping
2001-03-01,2000M03-2001M12,Other East Asian exporters,65.400000,0.0645925926,1012.500000,Economic-function and custody-role grouping
2001-03-01,2000M03-2001M12,United Kingdom,58.400000,0.0576790123,1012.500000,Economic-function and custody-role grouping
2001-03-01,2000M03-2001M12,Mainland China,69.800000,0.0689382716,1012.500000,Economic-function and custody-role grouping
2001-03-01,2000M03-2001M12,Japan,307.100000,0.3033086420,1012.500000,Economic-function and custody-role grouping
2001-04-01,2000M03-2001M12,All other foreign,202.200000,0.2046973071,987.800000,Economic-function and custody-role grouping
2001-04-01,2000M03-2001M12,Canada & other advanced,13.700000,0.0138692043,987.800000,Economic-function and custody-role grouping
2001-04-01,2000M03-2001M12,Commodity exporters,44.400000,0.0449483701,987.800000,Economic-function and custody-role grouping
2001-04-01,2000M03-2001M12,Core EU-27 (identifiable),107.400000,0.1087264628,987.800000,Economic-function and custody-role grouping
2001-04-01,2000M03-2001M12,Financial/offshore centres,128.200000,0.1297833570,987.800000,Economic-function and custody-role grouping
2001-04-01,2000M03-2001M12,Other East Asian exporters,63.000000,0.0637780927,987.800000,Economic-function and custody-role grouping
2001-04-01,2000M03-2001M12,United Kingdom,53.800000,0.0544644665,987.800000,Economic-function and custody-role grouping
2001-04-01,2000M03-2001M12,Mainland China,69.200000,0.0700546669,987.800000,Economic-function and custody-role grouping
2001-04-01,2000M03-2001M12,Japan,305.900000,0.3096780725,987.800000,Economic-function and custody-role grouping
2001-05-01,2000M03-2001M12,All other foreign,205.200000,0.2080713851,986.200000,Economic-function and custody-role grouping
2001-05-01,2000M03-2001M12,Canada & other advanced,14.800000,0.0150070980,986.200000,Economic-function and custody-role grouping
2001-05-01,2000M03-2001M12,Commodity exporters,43.200000,0.0438045021,986.200000,Economic-function and custody-role grouping
2001-05-01,2000M03-2001M12,Core EU-27 (identifiable),109.000000,0.1105252484,986.200000,Economic-function and custody-role grouping
2001-05-01,2000M03-2001M12,Financial/offshore centres,121.900000,0.1236057595,986.200000,Economic-function and custody-role grouping
2001-05-01,2000M03-2001M12,Other East Asian exporters,61.000000,0.0618535794,986.200000,Economic-function and custody-role grouping
2001-05-01,2000M03-2001M12,United Kingdom,55.200000,0.0559724194,986.200000,Economic-function and custody-role grouping
2001-05-01,2000M03-2001M12,Mainland China,69.200000,0.0701683229,986.200000,Economic-function and custody-role grouping
2001-05-01,2000M03-2001M12,Japan,306.700000,0.3109916853,986.200000,Economic-function and custody-role grouping
2001-06-01,2000M03-2001M12,All other foreign,202.800000,0.2062442795,983.300000,Economic-function and custody-role grouping
2001-06-01,2000M03-2001M12,Canada & other advanced,15.400000,0.0156615478,983.300000,Economic-function and custody-role grouping
2001-06-01,2000M03-2001M12,Commodity exporters,43.400000,0.0441370894,983.300000,Economic-function and custody-role grouping
2001-06-01,2000M03-2001M12,Core EU-27 (identifiable),110.100000,0.1119698973,983.300000,Economic-function and custody-role grouping
2001-06-01,2000M03-2001M12,Financial/offshore centres,124.300000,0.1264110648,983.300000,Economic-function and custody-role grouping
2001-06-01,2000M03-2001M12,Other East Asian exporters,62.200000,0.0632563816,983.300000,Economic-function and custody-role grouping
2001-06-01,2000M03-2001M12,United Kingdom,51.600000,0.0524763551,983.300000,Economic-function and custody-role grouping
2001-06-01,2000M03-2001M12,Mainland China,72.700000,0.0739347097,983.300000,Economic-function and custody-role grouping
2001-06-01,2000M03-2001M12,Japan,300.800000,0.3059086749,983.300000,Economic-function and custody-role grouping
2001-07-01,2000M03-2001M12,All other foreign,209.000000,0.2141612870,975.900000,Economic-function and custody-role grouping
2001-07-01,2000M03-2001M12,Canada & other advanced,13.800000,0.0141407931,975.900000,Economic-function and custody-role grouping
2001-07-01,2000M03-2001M12,Commodity exporters,43.900000,0.0449841172,975.900000,Economic-function and custody-role grouping
2001-07-01,2000M03-2001M12,Core EU-27 (identifiable),108.000000,0.1106670765,975.900000,Economic-function and custody-role grouping
2001-07-01,2000M03-2001M12,Financial/offshore centres,126.900000,0.1300338149,975.900000,Economic-function and custody-role grouping
2001-07-01,2000M03-2001M12,Other East Asian exporters,60.800000,0.0623014653,975.900000,Economic-function and custody-role grouping
2001-07-01,2000M03-2001M12,United Kingdom,44.000000,0.0450865867,975.900000,Economic-function and custody-role grouping
2001-07-01,2000M03-2001M12,Mainland China,74.200000,0.0760323804,975.900000,Economic-function and custody-role grouping
2001-07-01,2000M03-2001M12,Japan,295.300000,0.3025924787,975.900000,Economic-function and custody-role grouping
2001-08-01,2000M03-2001M12,All other foreign,222.700000,0.2240442656,994.000000,Economic-function and custody-role grouping
2001-08-01,2000M03-2001M12,Canada & other advanced,14.400000,0.0144869215,994.000000,Economic-function and custody-role grouping
2001-08-01,2000M03-2001M12,Commodity exporters,44.500000,0.0447686117,994.000000,Economic-function and custody-role grouping
2001-08-01,2000M03-2001M12,Core EU-27 (identifiable),110.000000,0.1106639839,994.000000,Economic-function and custody-role grouping
2001-08-01,2000M03-2001M12,Financial/offshore centres,133.900000,0.1347082495,994.000000,Economic-function and custody-role grouping
2001-08-01,2000M03-2001M12,Other East Asian exporters,62.000000,0.0623742455,994.000000,Economic-function and custody-role grouping
2001-08-01,2000M03-2001M12,United Kingdom,40.000000,0.0402414487,994.000000,Economic-function and custody-role grouping
2001-08-01,2000M03-2001M12,Mainland China,73.400000,0.0738430584,994.000000,Economic-function and custody-role grouping
2001-08-01,2000M03-2001M12,Japan,293.100000,0.2948692153,994.000000,Economic-function and custody-role grouping
2001-09-01,2000M03-2001M12,All other foreign,221.200000,0.2229389236,992.200000,Economic-function and custody-role grouping
2001-09-01,2000M03-2001M12,Canada & other advanced,15.200000,0.0153194920,992.200000,Economic-function and custody-role grouping
2001-09-01,2000M03-2001M12,Commodity exporters,42.700000,0.0430356783,992.200000,Economic-function and custody-role grouping
2001-09-01,2000M03-2001M12,Core EU-27 (identifiable),106.700000,0.1075388027,992.200000,Economic-function and custody-role grouping
2001-09-01,2000M03-2001M12,Financial/offshore centres,135.700000,0.1367667809,992.200000,Economic-function and custody-role grouping
2001-09-01,2000M03-2001M12,Other East Asian exporters,64.300000,0.0648054828,992.200000,Economic-function and custody-role grouping
2001-09-01,2000M03-2001M12,United Kingdom,41.500000,0.0418262447,992.200000,Economic-function and custody-role grouping
2001-09-01,2000M03-2001M12,Mainland China,72.000000,0.0725660149,992.200000,Economic-function and custody-role grouping
2001-09-01,2000M03-2001M12,Japan,292.900000,0.2952025801,992.200000,Economic-function and custody-role grouping
2001-10-01,2000M03-2001M12,All other foreign,224.900000,0.2213582677,1016.000000,Economic-function and custody-role grouping
2001-10-01,2000M03-2001M12,Canada & other advanced,12.100000,0.0119094488,1016.000000,Economic-function and custody-role grouping
2001-10-01,2000M03-2001M12,Commodity exporters,42.400000,0.0417322835,1016.000000,Economic-function and custody-role grouping
2001-10-01,2000M03-2001M12,Core EU-27 (identifiable),104.000000,0.1023622047,1016.000000,Economic-function and custody-role grouping
2001-10-01,2000M03-2001M12,Financial/offshore centres,130.900000,0.1288385827,1016.000000,Economic-function and custody-role grouping
2001-10-01,2000M03-2001M12,Other East Asian exporters,65.500000,0.0644685039,1016.000000,Economic-function and custody-role grouping
2001-10-01,2000M03-2001M12,United Kingdom,49.400000,0.0486220472,1016.000000,Economic-function and custody-role grouping
2001-10-01,2000M03-2001M12,Mainland China,72.300000,0.0711614173,1016.000000,Economic-function and custody-role grouping
2001-10-01,2000M03-2001M12,Japan,314.500000,0.3095472441,1016.000000,Economic-function and custody-role grouping
2001-11-01,2000M03-2001M12,All other foreign,230.800000,0.2227154299,1036.300000,Economic-function and custody-role grouping
2001-11-01,2000M03-2001M12,Canada & other advanced,12.400000,0.0119656470,1036.300000,Economic-function and custody-role grouping
2001-11-01,2000M03-2001M12,Commodity exporters,45.300000,0.0437132105,1036.300000,Economic-function and custody-role grouping
2001-11-01,2000M03-2001M12,Core EU-27 (identifiable),103.500000,0.0998745537,1036.300000,Economic-function and custody-role grouping
2001-11-01,2000M03-2001M12,Financial/offshore centres,141.900000,0.1369294606,1036.300000,Economic-function and custody-role grouping
2001-11-01,2000M03-2001M12,Other East Asian exporters,66.600000,0.0642671041,1036.300000,Economic-function and custody-role grouping
2001-11-01,2000M03-2001M12,United Kingdom,42.500000,0.0410112902,1036.300000,Economic-function and custody-role grouping
2001-11-01,2000M03-2001M12,Mainland China,77.900000,0.0751712824,1036.300000,Economic-function and custody-role grouping
2001-11-01,2000M03-2001M12,Japan,315.400000,0.3043520216,1036.300000,Economic-function and custody-role grouping
2001-12-01,2000M03-2001M12,All other foreign,223.800000,0.2151716181,1040.100000,Economic-function and custody-role grouping
2001-12-01,2000M03-2001M12,Canada & other advanced,15.400000,0.0148062686,1040.100000,Economic-function and custody-role grouping
2001-12-01,2000M03-2001M12,Commodity exporters,46.800000,0.0449956735,1040.100000,Economic-function and custody-role grouping
2001-12-01,2000M03-2001M12,Core EU-27 (identifiable),102.900000,0.0989327949,1040.100000,Economic-function and custody-role grouping
2001-12-01,2000M03-2001M12,Financial/offshore centres,141.600000,0.1361407557,1040.100000,Economic-function and custody-role grouping
2001-12-01,2000M03-2001M12,Other East Asian exporters,68.100000,0.0654744736,1040.100000,Economic-function and custody-role grouping
2001-12-01,2000M03-2001M12,United Kingdom,45.000000,0.0432650707,1040.100000,Economic-function and custody-role grouping
2001-12-01,2000M03-2001M12,Mainland China,78.600000,0.0755696568,1040.100000,Economic-function and custody-role grouping
2001-12-01,2000M03-2001M12,Japan,317.900000,0.3056436881,1040.100000,Economic-function and custody-role grouping
2002-02-01,2002M01-2007M12,All other foreign,192.400000,0.1857501448,1035.800000,Economic-function and custody-role grouping
2002-02-01,2002M01-2007M12,Canada & other advanced,37.900000,0.0365900753,1035.800000,Economic-function and custody-role grouping
2002-02-01,2002M01-2007M12,Commodity exporters,44.700000,0.0431550492,1035.800000,Economic-function and custody-role grouping
2002-02-01,2002M01-2007M12,Core EU-27 (identifiable),104.600000,0.1009847461,1035.800000,Economic-function and custody-role grouping
2002-02-01,2002M01-2007M12,Financial/offshore centres,147.600000,0.1424985518,1035.800000,Economic-function and custody-role grouping
2002-02-01,2002M01-2007M12,Other East Asian exporters,66.300000,0.0640084958,1035.800000,Economic-function and custody-role grouping
2002-02-01,2002M01-2007M12,United Kingdom,53.900000,0.0520370728,1035.800000,Economic-function and custody-role grouping
2002-02-01,2002M01-2007M12,Mainland China,76.500000,0.0738559567,1035.800000,Economic-function and custody-role grouping
2002-02-01,2002M01-2007M12,Japan,311.900000,0.3011199073,1035.800000,Economic-function and custody-role grouping
2002-03-01,2002M01-2007M12,All other foreign,193.900000,0.1834090049,1057.200000,Economic-function and custody-role grouping
2002-03-01,2002M01-2007M12,Canada & other advanced,41.100000,0.0388762770,1057.200000,Economic-function and custody-role grouping
2002-03-01,2002M01-2007M12,Commodity exporters,44.300000,0.0419031404,1057.200000,Economic-function and custody-role grouping
2002-03-01,2002M01-2007M12,Core EU-27 (identifiable),102.800000,0.0972379871,1057.200000,Economic-function and custody-role grouping
2002-03-01,2002M01-2007M12,Financial/offshore centres,146.500000,0.1385735906,1057.200000,Economic-function and custody-role grouping
2002-03-01,2002M01-2007M12,Other East Asian exporters,65.900000,0.0623344684,1057.200000,Economic-function and custody-role grouping
2002-03-01,2002M01-2007M12,United Kingdom,65.600000,0.0620507000,1057.200000,Economic-function and custody-role grouping
2002-03-01,2002M01-2007M12,Mainland China,84.500000,0.0799281120,1057.200000,Economic-function and custody-role grouping
2002-03-01,2002M01-2007M12,Japan,312.600000,0.2956867196,1057.200000,Economic-function and custody-role grouping
2002-04-01,2002M01-2007M12,All other foreign,191.600000,0.1837360951,1042.800000,Economic-function and custody-role grouping
2002-04-01,2002M01-2007M12,Canada & other advanced,39.800000,0.0381664749,1042.800000,Economic-function and custody-role grouping
2002-04-01,2002M01-2007M12,Commodity exporters,44.600000,0.0427694668,1042.800000,Economic-function and custody-role grouping
2002-04-01,2002M01-2007M12,Core EU-27 (identifiable),102.100000,0.0979094745,1042.800000,Economic-function and custody-role grouping
2002-04-01,2002M01-2007M12,Financial/offshore centres,136.400000,0.1308016878,1042.800000,Economic-function and custody-role grouping
2002-04-01,2002M01-2007M12,Other East Asian exporters,66.600000,0.0638665132,1042.800000,Economic-function and custody-role grouping
2002-04-01,2002M01-2007M12,United Kingdom,64.700000,0.0620444956,1042.800000,Economic-function and custody-role grouping
2002-04-01,2002M01-2007M12,Mainland China,82.400000,0.0790180284,1042.800000,Economic-function and custody-role grouping
2002-04-01,2002M01-2007M12,Japan,314.600000,0.3016877637,1042.800000,Economic-function and custody-role grouping
2002-05-01,2002M01-2007M12,All other foreign,183.600000,0.1730116849,1061.200000,Economic-function and custody-role grouping
2002-05-01,2002M01-2007M12,Canada & other advanced,39.700000,0.0374104787,1061.200000,Economic-function and custody-role grouping
2002-05-01,2002M01-2007M12,Commodity exporters,45.600000,0.0429702224,1061.200000,Economic-function and custody-role grouping
2002-05-01,2002M01-2007M12,Core EU-27 (identifiable),105.400000,0.0993215228,1061.200000,Economic-function and custody-role grouping
2002-05-01,2002M01-2007M12,Financial/offshore centres,143.900000,0.1356012062,1061.200000,Economic-function and custody-role grouping
2002-05-01,2002M01-2007M12,Other East Asian exporters,68.300000,0.0643611006,1061.200000,Economic-function and custody-role grouping
2002-05-01,2002M01-2007M12,United Kingdom,75.600000,0.0712401055,1061.200000,Economic-function and custody-role grouping
2002-05-01,2002M01-2007M12,Mainland China,81.300000,0.0766113833,1061.200000,Economic-function and custody-role grouping
2002-05-01,2002M01-2007M12,Japan,317.800000,0.2994722955,1061.200000,Economic-function and custody-role grouping
2002-06-01,2002M01-2007M12,All other foreign,157.800000,0.1437813212,1097.500000,Economic-function and custody-role grouping
2002-06-01,2002M01-2007M12,Canada & other advanced,38.700000,0.0352619590,1097.500000,Economic-function and custody-role grouping
2002-06-01,2002M01-2007M12,Commodity exporters,44.900000,0.0409111617,1097.500000,Economic-function and custody-role grouping
2002-06-01,2002M01-2007M12,Core EU-27 (identifiable),105.400000,0.0960364465,1097.500000,Economic-function and custody-role grouping
2002-06-01,2002M01-2007M12,Financial/offshore centres,178.700000,0.1628246014,1097.500000,Economic-function and custody-role grouping
2002-06-01,2002M01-2007M12,Other East Asian exporters,71.600000,0.0652391800,1097.500000,Economic-function and custody-role grouping
2002-06-01,2002M01-2007M12,United Kingdom,83.600000,0.0761731207,1097.500000,Economic-function and custody-role grouping
2002-06-01,2002M01-2007M12,Mainland China,81.000000,0.0738041002,1097.500000,Economic-function and custody-role grouping
2002-06-01,2002M01-2007M12,Japan,335.800000,0.3059681093,1097.500000,Economic-function and custody-role grouping
2002-07-01,2002M01-2007M12,All other foreign,180.100000,0.1550314195,1161.700000,Economic-function and custody-role grouping
2002-07-01,2002M01-2007M12,Canada & other advanced,31.500000,0.0271154343,1161.700000,Economic-function and custody-role grouping
2002-07-01,2002M01-2007M12,Commodity exporters,53.000000,0.0456227942,1161.700000,Economic-function and custody-role grouping
2002-07-01,2002M01-2007M12,Core EU-27 (identifiable),102.900000,0.0885770853,1161.700000,Economic-function and custody-role grouping
2002-07-01,2002M01-2007M12,Financial/offshore centres,196.900000,0.1694929844,1161.700000,Economic-function and custody-role grouping
2002-07-01,2002M01-2007M12,Other East Asian exporters,73.900000,0.0636136696,1161.700000,Economic-function and custody-role grouping
2002-07-01,2002M01-2007M12,United Kingdom,64.700000,0.0556942412,1161.700000,Economic-function and custody-role grouping
2002-07-01,2002M01-2007M12,Mainland China,96.900000,0.0834122407,1161.700000,Economic-function and custody-role grouping
2002-07-01,2002M01-2007M12,Japan,361.800000,0.3114401308,1161.700000,Economic-function and custody-role grouping
2002-08-01,2002M01-2007M12,All other foreign,183.900000,0.1573274018,1168.900000,Economic-function and custody-role grouping
2002-08-01,2002M01-2007M12,Canada & other advanced,28.800000,0.0246385491,1168.900000,Economic-function and custody-role grouping
2002-08-01,2002M01-2007M12,Commodity exporters,52.400000,0.0448284712,1168.900000,Economic-function and custody-role grouping
2002-08-01,2002M01-2007M12,Core EU-27 (identifiable),102.900000,0.0880314826,1168.900000,Economic-function and custody-role grouping
2002-08-01,2002M01-2007M12,Financial/offshore centres,189.800000,0.1623748824,1168.900000,Economic-function and custody-role grouping
2002-08-01,2002M01-2007M12,Other East Asian exporters,74.500000,0.0637351356,1168.900000,Economic-function and custody-role grouping
2002-08-01,2002M01-2007M12,United Kingdom,69.700000,0.0596287108,1168.900000,Economic-function and custody-role grouping
2002-08-01,2002M01-2007M12,Mainland China,102.300000,0.0875181795,1168.900000,Economic-function and custody-role grouping
2002-08-01,2002M01-2007M12,Japan,364.600000,0.3119171871,1168.900000,Economic-function and custody-role grouping
2002-09-01,2002M01-2007M12,All other foreign,179.800000,0.1512704022,1188.600000,Economic-function and custody-role grouping
2002-09-01,2002M01-2007M12,Canada & other advanced,30.300000,0.0254921757,1188.600000,Economic-function and custody-role grouping
2002-09-01,2002M01-2007M12,Commodity exporters,51.700000,0.0434965506,1188.600000,Economic-function and custody-role grouping
2002-09-01,2002M01-2007M12,Core EU-27 (identifiable),100.500000,0.0845532559,1188.600000,Economic-function and custody-role grouping
2002-09-01,2002M01-2007M12,Financial/offshore centres,198.200000,0.1667507993,1188.600000,Economic-function and custody-role grouping
2002-09-01,2002M01-2007M12,Other East Asian exporters,73.000000,0.0614167929,1188.600000,Economic-function and custody-role grouping
2002-09-01,2002M01-2007M12,United Kingdom,76.600000,0.0644455662,1188.600000,Economic-function and custody-role grouping
2002-09-01,2002M01-2007M12,Mainland China,104.700000,0.0880868248,1188.600000,Economic-function and custody-role grouping
2002-09-01,2002M01-2007M12,Japan,373.800000,0.3144876325,1188.600000,Economic-function and custody-role grouping
2002-10-01,2002M01-2007M12,All other foreign,185.800000,0.1555853291,1194.200000,Economic-function and custody-role grouping
2002-10-01,2002M01-2007M12,Canada & other advanced,25.900000,0.0216881594,1194.200000,Economic-function and custody-role grouping
2002-10-01,2002M01-2007M12,Commodity exporters,52.200000,0.0437112711,1194.200000,Economic-function and custody-role grouping
2002-10-01,2002M01-2007M12,Core EU-27 (identifiable),96.400000,0.0807234969,1194.200000,Economic-function and custody-role grouping
2002-10-01,2002M01-2007M12,Financial/offshore centres,199.000000,0.1666387540,1194.200000,Economic-function and custody-role grouping
2002-10-01,2002M01-2007M12,Other East Asian exporters,74.700000,0.0625523363,1194.200000,Economic-function and custody-role grouping
2002-10-01,2002M01-2007M12,United Kingdom,80.600000,0.0674928823,1194.200000,Economic-function and custody-role grouping
2002-10-01,2002M01-2007M12,Mainland China,106.500000,0.0891810417,1194.200000,Economic-function and custody-role grouping
2002-10-01,2002M01-2007M12,Japan,373.100000,0.3124267292,1194.200000,Economic-function and custody-role grouping
2002-11-01,2002M01-2007M12,All other foreign,184.700000,0.1513934426,1220.000000,Economic-function and custody-role grouping
2002-11-01,2002M01-2007M12,Canada & other advanced,29.300000,0.0240163934,1220.000000,Economic-function and custody-role grouping
2002-11-01,2002M01-2007M12,Commodity exporters,52.900000,0.0433606557,1220.000000,Economic-function and custody-role grouping
2002-11-01,2002M01-2007M12,Core EU-27 (identifiable),103.800000,0.0850819672,1220.000000,Economic-function and custody-role grouping
2002-11-01,2002M01-2007M12,Financial/offshore centres,204.300000,0.1674590164,1220.000000,Economic-function and custody-role grouping
2002-11-01,2002M01-2007M12,Other East Asian exporters,75.200000,0.0616393443,1220.000000,Economic-function and custody-role grouping
2002-11-01,2002M01-2007M12,United Kingdom,82.500000,0.0676229508,1220.000000,Economic-function and custody-role grouping
2002-11-01,2002M01-2007M12,Mainland China,112.400000,0.0921311475,1220.000000,Economic-function and custody-role grouping
2002-11-01,2002M01-2007M12,Japan,374.900000,0.3072950820,1220.000000,Economic-function and custody-role grouping
2002-12-01,2002M01-2007M12,All other foreign,187.600000,0.1518290709,1235.600000,Economic-function and custody-role grouping
2002-12-01,2002M01-2007M12,Canada & other advanced,31.300000,0.0253318226,1235.600000,Economic-function and custody-role grouping
2002-12-01,2002M01-2007M12,Commodity exporters,49.600000,0.0401424409,1235.600000,Economic-function and custody-role grouping
2002-12-01,2002M01-2007M12,Core EU-27 (identifiable),107.900000,0.0873259955,1235.600000,Economic-function and custody-role grouping
2002-12-01,2002M01-2007M12,Financial/offshore centres,206.500000,0.1671252833,1235.600000,Economic-function and custody-role grouping
2002-12-01,2002M01-2007M12,Other East Asian exporters,75.400000,0.0610229848,1235.600000,Economic-function and custody-role grouping
2002-12-01,2002M01-2007M12,United Kingdom,80.800000,0.0653933312,1235.600000,Economic-function and custody-role grouping
2002-12-01,2002M01-2007M12,Mainland China,118.400000,0.0958238912,1235.600000,Economic-function and custody-role grouping
2002-12-01,2002M01-2007M12,Japan,378.100000,0.3060051797,1235.600000,Economic-function and custody-role grouping
2003-02-01,2002M01-2007M12,All other foreign,201.500000,0.1629731478,1236.400000,Economic-function and custody-role grouping
2003-02-01,2002M01-2007M12,Canada & other advanced,26.800000,0.0216758331,1236.400000,Economic-function and custody-role grouping
2003-02-01,2002M01-2007M12,Commodity exporters,42.300000,0.0342122291,1236.400000,Economic-function and custody-role grouping
2003-02-01,2002M01-2007M12,Core EU-27 (identifiable),93.100000,0.0752992559,1236.400000,Economic-function and custody-role grouping
2003-02-01,2002M01-2007M12,Financial/offshore centres,209.600000,0.1695244258,1236.400000,Economic-function and custody-role grouping
2003-02-01,2002M01-2007M12,Other East Asian exporters,74.300000,0.0600938208,1236.400000,Economic-function and custody-role grouping
2003-02-01,2002M01-2007M12,United Kingdom,75.900000,0.0613879004,1236.400000,Economic-function and custody-role grouping
2003-02-01,2002M01-2007M12,Mainland China,121.800000,0.0985118085,1236.400000,Economic-function and custody-role grouping
2003-02-01,2002M01-2007M12,Japan,391.100000,0.3163215788,1236.400000,Economic-function and custody-role grouping
2003-03-01,2002M01-2007M12,All other foreign,200.700000,0.1573870765,1275.200000,Economic-function and custody-role grouping
2003-03-01,2002M01-2007M12,Canada & other advanced,29.300000,0.0229767880,1275.200000,Economic-function and custody-role grouping
2003-03-01,2002M01-2007M12,Commodity exporters,42.400000,0.0332496863,1275.200000,Economic-function and custody-role grouping
2003-03-01,2002M01-2007M12,Core EU-27 (identifiable),92.200000,0.0723023839,1275.200000,Economic-function and custody-role grouping
2003-03-01,2002M01-2007M12,Financial/offshore centres,222.500000,0.1744824341,1275.200000,Economic-function and custody-role grouping
2003-03-01,2002M01-2007M12,Other East Asian exporters,74.000000,0.0580301129,1275.200000,Economic-function and custody-role grouping
2003-03-01,2002M01-2007M12,United Kingdom,81.600000,0.0639899624,1275.200000,Economic-function and custody-role grouping
2003-03-01,2002M01-2007M12,Mainland China,133.200000,0.1044542033,1275.200000,Economic-function and custody-role grouping
2003-03-01,2002M01-2007M12,Japan,399.300000,0.3131273526,1275.200000,Economic-function and custody-role grouping
2003-04-01,2002M01-2007M12,All other foreign,198.500000,0.1553208138,1278.000000,Economic-function and custody-role grouping
2003-04-01,2002M01-2007M12,Canada & other advanced,32.500000,0.0254303599,1278.000000,Economic-function and custody-role grouping
2003-04-01,2002M01-2007M12,Commodity exporters,40.900000,0.0320031299,1278.000000,Economic-function and custody-role grouping
2003-04-01,2002M01-2007M12,Core EU-27 (identifiable),93.000000,0.0727699531,1278.000000,Economic-function and custody-role grouping
2003-04-01,2002M01-2007M12,Financial/offshore centres,227.000000,0.1776212833,1278.000000,Economic-function and custody-role grouping
2003-04-01,2002M01-2007M12,Other East Asian exporters,72.500000,0.0567292645,1278.000000,Economic-function and custody-role grouping
2003-04-01,2002M01-2007M12,United Kingdom,77.800000,0.0608763693,1278.000000,Economic-function and custody-role grouping
2003-04-01,2002M01-2007M12,Mainland China,134.000000,0.1048513302,1278.000000,Economic-function and custody-role grouping
2003-04-01,2002M01-2007M12,Japan,401.800000,0.3143974961,1278.000000,Economic-function and custody-role grouping
2003-05-01,2002M01-2007M12,All other foreign,201.100000,0.1514193208,1328.100000,Economic-function and custody-role grouping
2003-05-01,2002M01-2007M12,Canada & other advanced,26.000000,0.0195768391,1328.100000,Economic-function and custody-role grouping
2003-05-01,2002M01-2007M12,Commodity exporters,39.500000,0.0297417363,1328.100000,Economic-function and custody-role grouping
2003-05-01,2002M01-2007M12,Core EU-27 (identifiable),94.900000,0.0714554627,1328.100000,Economic-function and custody-role grouping
2003-05-01,2002M01-2007M12,Financial/offshore centres,235.800000,0.1775468715,1328.100000,Economic-function and custody-role grouping
2003-05-01,2002M01-2007M12,Other East Asian exporters,74.600000,0.0561704691,1328.100000,Economic-function and custody-role grouping
2003-05-01,2002M01-2007M12,United Kingdom,79.000000,0.0594834726,1328.100000,Economic-function and custody-role grouping
2003-05-01,2002M01-2007M12,Mainland China,135.800000,0.1022513365,1328.100000,Economic-function and custody-role grouping
2003-05-01,2002M01-2007M12,Japan,441.400000,0.3323544914,1328.100000,Economic-function and custody-role grouping
2003-06-01,2002M01-2007M12,All other foreign,207.900000,0.1517629024,1369.900000,Economic-function and custody-role grouping
2003-06-01,2002M01-2007M12,Canada & other advanced,31.900000,0.0232863713,1369.900000,Economic-function and custody-role grouping
2003-06-01,2002M01-2007M12,Commodity exporters,39.800000,0.0290532156,1369.900000,Economic-function and custody-role grouping
2003-06-01,2002M01-2007M12,Core EU-27 (identifiable),98.700000,0.0720490547,1369.900000,Economic-function and custody-role grouping
2003-06-01,2002M01-2007M12,Financial/offshore centres,234.300000,0.1710343821,1369.900000,Economic-function and custody-role grouping
2003-06-01,2002M01-2007M12,Other East Asian exporters,77.500000,0.0565734725,1369.900000,Economic-function and custody-role grouping
2003-06-01,2002M01-2007M12,United Kingdom,89.500000,0.0653332360,1369.900000,Economic-function and custody-role grouping
2003-06-01,2002M01-2007M12,Mainland China,137.200000,0.1001532959,1369.900000,Economic-function and custody-role grouping
2003-06-01,2002M01-2007M12,Japan,453.100000,0.3307540696,1369.900000,Economic-function and custody-role grouping
2003-07-01,2002M01-2007M12,All other foreign,205.100000,0.1445384073,1419.000000,Economic-function and custody-role grouping
2003-07-01,2002M01-2007M12,Canada & other advanced,38.600000,0.0272022551,1419.000000,Economic-function and custody-role grouping
2003-07-01,2002M01-2007M12,Commodity exporters,39.400000,0.0277660324,1419.000000,Economic-function and custody-role grouping
2003-07-01,2002M01-2007M12,Core EU-27 (identifiable),104.100000,0.0733615222,1419.000000,Economic-function and custody-role grouping
2003-07-01,2002M01-2007M12,Financial/offshore centres,234.400000,0.1651867512,1419.000000,Economic-function and custody-role grouping
2003-07-01,2002M01-2007M12,Other East Asian exporters,104.600000,0.0737138830,1419.000000,Economic-function and custody-role grouping
2003-07-01,2002M01-2007M12,United Kingdom,78.400000,0.0552501762,1419.000000,Economic-function and custody-role grouping
2003-07-01,2002M01-2007M12,Mainland China,151.300000,0.1066243834,1419.000000,Economic-function and custody-role grouping
2003-07-01,2002M01-2007M12,Japan,463.100000,0.3263565891,1419.000000,Economic-function and custody-role grouping
2003-08-01,2002M01-2007M12,All other foreign,211.900000,0.1466537477,1444.900000,Economic-function and custody-role grouping
2003-08-01,2002M01-2007M12,Canada & other advanced,36.500000,0.0252612638,1444.900000,Economic-function and custody-role grouping
2003-08-01,2002M01-2007M12,Commodity exporters,41.100000,0.0284448751,1444.900000,Economic-function and custody-role grouping
2003-08-01,2002M01-2007M12,Core EU-27 (identifiable),106.800000,0.0739151498,1444.900000,Economic-function and custody-role grouping
2003-08-01,2002M01-2007M12,Financial/offshore centres,238.700000,0.1652017441,1444.900000,Economic-function and custody-role grouping
2003-08-01,2002M01-2007M12,Other East Asian exporters,106.000000,0.0733614783,1444.900000,Economic-function and custody-role grouping
2003-08-01,2002M01-2007M12,United Kingdom,83.700000,0.0579278843,1444.900000,Economic-function and custody-role grouping
2003-08-01,2002M01-2007M12,Mainland China,148.800000,0.1029829054,1444.900000,Economic-function and custody-role grouping
2003-08-01,2002M01-2007M12,Japan,471.400000,0.3262509516,1444.900000,Economic-function and custody-role grouping
2003-09-01,2002M01-2007M12,All other foreign,207.600000,0.1438370401,1443.300000,Economic-function and custody-role grouping
2003-09-01,2002M01-2007M12,Canada & other advanced,39.000000,0.0270214093,1443.300000,Economic-function and custody-role grouping
2003-09-01,2002M01-2007M12,Commodity exporters,40.400000,0.0279914086,1443.300000,Economic-function and custody-role grouping
2003-09-01,2002M01-2007M12,Core EU-27 (identifiable),106.500000,0.0737892330,1443.300000,Economic-function and custody-role grouping
2003-09-01,2002M01-2007M12,Financial/offshore centres,229.600000,0.1590798864,1443.300000,Economic-function and custody-role grouping
2003-09-01,2002M01-2007M12,Other East Asian exporters,109.600000,0.0759370886,1443.300000,Economic-function and custody-role grouping
2003-09-01,2002M01-2007M12,United Kingdom,72.300000,0.0500935356,1443.300000,Economic-function and custody-role grouping
2003-09-01,2002M01-2007M12,Mainland China,147.100000,0.1019192129,1443.300000,Economic-function and custody-role grouping
2003-09-01,2002M01-2007M12,Japan,491.200000,0.3403311855,1443.300000,Economic-function and custody-role grouping
2003-10-01,2002M01-2007M12,All other foreign,205.500000,0.1415386735,1451.900000,Economic-function and custody-role grouping
2003-10-01,2002M01-2007M12,Canada & other advanced,35.800000,0.0246573455,1451.900000,Economic-function and custody-role grouping
2003-10-01,2002M01-2007M12,Commodity exporters,40.400000,0.0278256078,1451.900000,Economic-function and custody-role grouping
2003-10-01,2002M01-2007M12,Core EU-27 (identifiable),105.100000,0.0723879055,1451.900000,Economic-function and custody-role grouping
2003-10-01,2002M01-2007M12,Financial/offshore centres,218.300000,0.1503547076,1451.900000,Economic-function and custody-role grouping
2003-10-01,2002M01-2007M12,Other East Asian exporters,110.600000,0.0761760452,1451.900000,Economic-function and custody-role grouping
2003-10-01,2002M01-2007M12,United Kingdom,77.000000,0.0530339555,1451.900000,Economic-function and custody-role grouping
2003-10-01,2002M01-2007M12,Mainland China,151.500000,0.1043460293,1451.900000,Economic-function and custody-role grouping
2003-10-01,2002M01-2007M12,Japan,507.700000,0.3496797300,1451.900000,Economic-function and custody-role grouping
2003-11-01,2002M01-2007M12,All other foreign,204.600000,0.1365547621,1498.300000,Economic-function and custody-role grouping
2003-11-01,2002M01-2007M12,Canada & other advanced,40.000000,0.0266969232,1498.300000,Economic-function and custody-role grouping
2003-11-01,2002M01-2007M12,Commodity exporters,42.800000,0.0285657078,1498.300000,Economic-function and custody-role grouping
2003-11-01,2002M01-2007M12,Core EU-27 (identifiable),106.100000,0.0708135887,1498.300000,Economic-function and custody-role grouping
2003-11-01,2002M01-2007M12,Financial/offshore centres,227.800000,0.1520389775,1498.300000,Economic-function and custody-role grouping
2003-11-01,2002M01-2007M12,Other East Asian exporters,113.800000,0.0759527464,1498.300000,Economic-function and custody-role grouping
2003-11-01,2002M01-2007M12,United Kingdom,77.900000,0.0519922579,1498.300000,Economic-function and custody-role grouping
2003-11-01,2002M01-2007M12,Mainland China,154.200000,0.1029166389,1498.300000,Economic-function and custody-role grouping
2003-11-01,2002M01-2007M12,Japan,531.100000,0.3544683975,1498.300000,Economic-function and custody-role grouping
2003-12-01,2002M01-2007M12,All other foreign,202.500000,0.1329525310,1523.100000,Economic-function and custody-role grouping
2003-12-01,2002M01-2007M12,Canada & other advanced,41.600000,0.0273127175,1523.100000,Economic-function and custody-role grouping
2003-12-01,2002M01-2007M12,Commodity exporters,42.600000,0.0279692732,1523.100000,Economic-function and custody-role grouping
2003-12-01,2002M01-2007M12,Core EU-27 (identifiable),98.800000,0.0648677040,1523.100000,Economic-function and custody-role grouping
2003-12-01,2002M01-2007M12,Financial/offshore centres,231.600000,0.1520583021,1523.100000,Economic-function and custody-role grouping
2003-12-01,2002M01-2007M12,Other East Asian exporters,114.000000,0.0748473508,1523.100000,Economic-function and custody-role grouping
2003-12-01,2002M01-2007M12,United Kingdom,82.200000,0.0539688793,1523.100000,Economic-function and custody-role grouping
2003-12-01,2002M01-2007M12,Mainland China,159.000000,0.1043923577,1523.100000,Economic-function and custody-role grouping
2003-12-01,2002M01-2007M12,Japan,550.800000,0.3616308844,1523.100000,Economic-function and custody-role grouping
2004-02-01,2002M01-2007M12,All other foreign,200.400000,0.1245339299,1609.200000,Economic-function and custody-role grouping
2004-02-01,2002M01-2007M12,Canada & other advanced,47.300000,0.0293934874,1609.200000,Economic-function and custody-role grouping
2004-02-01,2002M01-2007M12,Commodity exporters,41.600000,0.0258513547,1609.200000,Economic-function and custody-role grouping
2004-02-01,2002M01-2007M12,Core EU-27 (identifiable),97.700000,0.0607133980,1609.200000,Economic-function and custody-role grouping
2004-02-01,2002M01-2007M12,Financial/offshore centres,246.900000,0.1534302759,1609.200000,Economic-function and custody-role grouping
2004-02-01,2002M01-2007M12,Other East Asian exporters,112.600000,0.0699726572,1609.200000,Economic-function and custody-role grouping
2004-02-01,2002M01-2007M12,United Kingdom,94.500000,0.0587248322,1609.200000,Economic-function and custody-role grouping
2004-02-01,2002M01-2007M12,Mainland China,155.000000,0.0963211534,1609.200000,Economic-function and custody-role grouping
2004-02-01,2002M01-2007M12,Japan,613.200000,0.3810589113,1609.200000,Economic-function and custody-role grouping
2004-03-01,2002M01-2007M12,All other foreign,198.900000,0.1191017964,1670.000000,Economic-function and custody-role grouping
2004-03-01,2002M01-2007M12,Canada & other advanced,54.600000,0.0326946108,1670.000000,Economic-function and custody-role grouping
2004-03-01,2002M01-2007M12,Commodity exporters,43.500000,0.0260479042,1670.000000,Economic-function and custody-role grouping
2004-03-01,2002M01-2007M12,Core EU-27 (identifiable),102.000000,0.0610778443,1670.000000,Economic-function and custody-role grouping
2004-03-01,2002M01-2007M12,Financial/offshore centres,255.200000,0.1528143713,1670.000000,Economic-function and custody-role grouping
2004-03-01,2002M01-2007M12,Other East Asian exporters,113.500000,0.0679640719,1670.000000,Economic-function and custody-role grouping
2004-03-01,2002M01-2007M12,United Kingdom,98.300000,0.0588622754,1670.000000,Economic-function and custody-role grouping
2004-03-01,2002M01-2007M12,Mainland China,158.700000,0.0950299401,1670.000000,Economic-function and custody-role grouping
2004-03-01,2002M01-2007M12,Japan,645.300000,0.3864071856,1670.000000,Economic-function and custody-role grouping
2004-04-01,2002M01-2007M12,All other foreign,204.600000,0.1195652174,1711.200000,Economic-function and custody-role grouping
2004-04-01,2002M01-2007M12,Canada & other advanced,55.400000,0.0323749416,1711.200000,Economic-function and custody-role grouping
2004-04-01,2002M01-2007M12,Commodity exporters,45.400000,0.0265310893,1711.200000,Economic-function and custody-role grouping
2004-04-01,2002M01-2007M12,Core EU-27 (identifiable),102.600000,0.0599579243,1711.200000,Economic-function and custody-role grouping
2004-04-01,2002M01-2007M12,Financial/offshore centres,260.200000,0.1520570360,1711.200000,Economic-function and custody-role grouping
2004-04-01,2002M01-2007M12,Other East Asian exporters,114.100000,0.0666783544,1711.200000,Economic-function and custody-role grouping
2004-04-01,2002M01-2007M12,United Kingdom,113.200000,0.0661524077,1711.200000,Economic-function and custody-role grouping
2004-04-01,2002M01-2007M12,Mainland China,163.900000,0.0957807387,1711.200000,Economic-function and custody-role grouping
2004-04-01,2002M01-2007M12,Japan,651.800000,0.3809022908,1711.200000,Economic-function and custody-role grouping
2004-05-01,2002M01-2007M12,All other foreign,207.700000,0.1191076958,1743.800000,Economic-function and custody-role grouping
2004-05-01,2002M01-2007M12,Canada & other advanced,51.800000,0.0297052414,1743.800000,Economic-function and custody-role grouping
2004-05-01,2002M01-2007M12,Commodity exporters,46.100000,0.0264365179,1743.800000,Economic-function and custody-role grouping
2004-05-01,2002M01-2007M12,Core EU-27 (identifiable),102.700000,0.0588943686,1743.800000,Economic-function and custody-role grouping
2004-05-01,2002M01-2007M12,Financial/offshore centres,275.900000,0.1582176855,1743.800000,Economic-function and custody-role grouping
2004-05-01,2002M01-2007M12,Other East Asian exporters,114.000000,0.0653744695,1743.800000,Economic-function and custody-role grouping
2004-05-01,2002M01-2007M12,United Kingdom,113.400000,0.0650303934,1743.800000,Economic-function and custody-role grouping
2004-05-01,2002M01-2007M12,Mainland China,165.800000,0.0950797110,1743.800000,Economic-function and custody-role grouping
2004-05-01,2002M01-2007M12,Japan,666.400000,0.3821539167,1743.800000,Economic-function and custody-role grouping
2004-06-01,2002M01-2007M12,All other foreign,220.600000,0.1211821578,1820.400000,Economic-function and custody-role grouping
2004-06-01,2002M01-2007M12,Canada & other advanced,49.400000,0.0271368930,1820.400000,Economic-function and custody-role grouping
2004-06-01,2002M01-2007M12,Commodity exporters,51.900000,0.0285102175,1820.400000,Economic-function and custody-role grouping
2004-06-01,2002M01-2007M12,Core EU-27 (identifiable),98.600000,0.0541639200,1820.400000,Economic-function and custody-role grouping
2004-06-01,2002M01-2007M12,Financial/offshore centres,309.300000,0.1699077126,1820.400000,Economic-function and custody-role grouping
2004-06-01,2002M01-2007M12,Other East Asian exporters,116.300000,0.0638870578,1820.400000,Economic-function and custody-role grouping
2004-06-01,2002M01-2007M12,United Kingdom,119.300000,0.0655350472,1820.400000,Economic-function and custody-role grouping
2004-06-01,2002M01-2007M12,Mainland China,166.600000,0.0915183476,1820.400000,Economic-function and custody-role grouping
2004-06-01,2002M01-2007M12,Japan,688.400000,0.3781586465,1820.400000,Economic-function and custody-role grouping
2004-07-01,2002M01-2007M12,All other foreign,218.100000,0.1244934072,1751.900000,Economic-function and custody-role grouping
2004-07-01,2002M01-2007M12,Canada & other advanced,49.400000,0.0281979565,1751.900000,Economic-function and custody-role grouping
2004-07-01,2002M01-2007M12,Commodity exporters,56.800000,0.0324219419,1751.900000,Economic-function and custody-role grouping
2004-07-01,2002M01-2007M12,Core EU-27 (identifiable),106.300000,0.0606769793,1751.900000,Economic-function and custody-role grouping
2004-07-01,2002M01-2007M12,Financial/offshore centres,280.000000,0.1598264741,1751.900000,Economic-function and custody-role grouping
2004-07-01,2002M01-2007M12,Other East Asian exporters,112.200000,0.0640447514,1751.900000,Economic-function and custody-role grouping
2004-07-01,2002M01-2007M12,United Kingdom,57.300000,0.0327073463,1751.900000,Economic-function and custody-role grouping
2004-07-01,2002M01-2007M12,Mainland China,196.400000,0.1121068554,1751.900000,Economic-function and custody-role grouping
2004-07-01,2002M01-2007M12,Japan,675.400000,0.3855242879,1751.900000,Economic-function and custody-role grouping
2004-08-01,2002M01-2007M12,All other foreign,214.400000,0.1211231004,1770.100000,Economic-function and custody-role grouping
2004-08-01,2002M01-2007M12,Canada & other advanced,50.600000,0.0285859556,1770.100000,Economic-function and custody-role grouping
2004-08-01,2002M01-2007M12,Commodity exporters,51.500000,0.0290944014,1770.100000,Economic-function and custody-role grouping
2004-08-01,2002M01-2007M12,Core EU-27 (identifiable),103.700000,0.0585842608,1770.100000,Economic-function and custody-role grouping
2004-08-01,2002M01-2007M12,Financial/offshore centres,274.700000,0.1551889724,1770.100000,Economic-function and custody-role grouping
2004-08-01,2002M01-2007M12,Other East Asian exporters,112.800000,0.0637252133,1770.100000,Economic-function and custody-role grouping
2004-08-01,2002M01-2007M12,United Kingdom,61.400000,0.0346873058,1770.100000,Economic-function and custody-role grouping
2004-08-01,2002M01-2007M12,Mainland China,201.600000,0.1138918705,1770.100000,Economic-function and custody-role grouping
2004-08-01,2002M01-2007M12,Japan,699.400000,0.3951189198,1770.100000,Economic-function and custody-role grouping
2004-09-01,2002M01-2007M12,All other foreign,209.800000,0.1169127891,1794.500000,Economic-function and custody-role grouping
2004-09-01,2002M01-2007M12,Canada & other advanced,55.000000,0.0306492059,1794.500000,Economic-function and custody-role grouping
2004-09-01,2002M01-2007M12,Commodity exporters,57.300000,0.0319309000,1794.500000,Economic-function and custody-role grouping
2004-09-01,2002M01-2007M12,Core EU-27 (identifiable),107.600000,0.0599609919,1794.500000,Economic-function and custody-role grouping
2004-09-01,2002M01-2007M12,Financial/offshore centres,277.500000,0.1546391753,1794.500000,Economic-function and custody-role grouping
2004-09-01,2002M01-2007M12,Other East Asian exporters,117.000000,0.0651992198,1794.500000,Economic-function and custody-role grouping
2004-09-01,2002M01-2007M12,United Kingdom,62.000000,0.0345500139,1794.500000,Economic-function and custody-role grouping
2004-09-01,2002M01-2007M12,Mainland China,209.400000,0.1166898858,1794.500000,Economic-function and custody-role grouping
2004-09-01,2002M01-2007M12,Japan,698.900000,0.3894678183,1794.500000,Economic-function and custody-role grouping
2004-10-01,2002M01-2007M12,All other foreign,210.700000,0.1162354499,1812.700000,Economic-function and custody-role grouping
2004-10-01,2002M01-2007M12,Canada & other advanced,62.400000,0.0344237877,1812.700000,Economic-function and custody-role grouping
2004-10-01,2002M01-2007M12,Commodity exporters,62.000000,0.0342031224,1812.700000,Economic-function and custody-role grouping
2004-10-01,2002M01-2007M12,Core EU-27 (identifiable),107.600000,0.0593589673,1812.700000,Economic-function and custody-role grouping
2004-10-01,2002M01-2007M12,Financial/offshore centres,280.300000,0.1546312131,1812.700000,Economic-function and custody-role grouping
2004-10-01,2002M01-2007M12,Other East Asian exporters,116.200000,0.0641032714,1812.700000,Economic-function and custody-role grouping
2004-10-01,2002M01-2007M12,United Kingdom,66.400000,0.0366304408,1812.700000,Economic-function and custody-role grouping
2004-10-01,2002M01-2007M12,Mainland China,214.800000,0.1184972693,1812.700000,Economic-function and custody-role grouping
2004-10-01,2002M01-2007M12,Japan,692.300000,0.3819164782,1812.700000,Economic-function and custody-role grouping
2004-11-01,2002M01-2007M12,All other foreign,217.200000,0.1176215748,1846.600000,Economic-function and custody-role grouping
2004-11-01,2002M01-2007M12,Canada & other advanced,70.300000,0.0380699664,1846.600000,Economic-function and custody-role grouping
2004-11-01,2002M01-2007M12,Commodity exporters,63.000000,0.0341167551,1846.600000,Economic-function and custody-role grouping
2004-11-01,2002M01-2007M12,Core EU-27 (identifiable),111.900000,0.0605978555,1846.600000,Economic-function and custody-role grouping
2004-11-01,2002M01-2007M12,Financial/offshore centres,264.000000,0.1429654500,1846.600000,Economic-function and custody-role grouping
2004-11-01,2002M01-2007M12,Other East Asian exporters,122.400000,0.0662839814,1846.600000,Economic-function and custody-role grouping
2004-11-01,2002M01-2007M12,United Kingdom,84.500000,0.0457597747,1846.600000,Economic-function and custody-role grouping
2004-11-01,2002M01-2007M12,Mainland China,220.200000,0.1192461822,1846.600000,Economic-function and custody-role grouping
2004-11-01,2002M01-2007M12,Japan,693.100000,0.3753384599,1846.600000,Economic-function and custody-role grouping
2004-12-01,2002M01-2007M12,All other foreign,216.100000,0.1168550262,1849.300000,Economic-function and custody-role grouping
2004-12-01,2002M01-2007M12,Canada & other advanced,69.600000,0.0376358622,1849.300000,Economic-function and custody-role grouping
2004-12-01,2002M01-2007M12,Commodity exporters,62.100000,0.0335802736,1849.300000,Economic-function and custody-role grouping
2004-12-01,2002M01-2007M12,Core EU-27 (identifiable),111.100000,0.0600767858,1849.300000,Economic-function and custody-role grouping
2004-12-01,2002M01-2007M12,Financial/offshore centres,258.900000,0.1399989185,1849.300000,Economic-function and custody-role grouping
2004-12-01,2002M01-2007M12,Other East Asian exporters,122.900000,0.0664575785,1849.300000,Economic-function and custody-role grouping
2004-12-01,2002M01-2007M12,United Kingdom,95.800000,0.0518033851,1849.300000,Economic-function and custody-role grouping
2004-12-01,2002M01-2007M12,Mainland China,222.900000,0.1205320932,1849.300000,Economic-function and custody-role grouping
2004-12-01,2002M01-2007M12,Japan,689.900000,0.3730600768,1849.300000,Economic-function and custody-role grouping
2005-02-01,2002M01-2007M12,All other foreign,242.900000,0.1268804847,1914.400000,Economic-function and custody-role grouping
2005-02-01,2002M01-2007M12,Canada & other advanced,52.400000,0.0273715002,1914.400000,Economic-function and custody-role grouping
2005-02-01,2002M01-2007M12,Commodity exporters,67.700000,0.0353635604,1914.400000,Economic-function and custody-role grouping
2005-02-01,2002M01-2007M12,Core EU-27 (identifiable),121.200000,0.0633096532,1914.400000,Economic-function and custody-role grouping
2005-02-01,2002M01-2007M12,Financial/offshore centres,298.600000,0.1559757626,1914.400000,Economic-function and custody-role grouping
2005-02-01,2002M01-2007M12,Other East Asian exporters,121.800000,0.0636230673,1914.400000,Economic-function and custody-role grouping
2005-02-01,2002M01-2007M12,United Kingdom,104.100000,0.0543773506,1914.400000,Economic-function and custody-role grouping
2005-02-01,2002M01-2007M12,Mainland China,224.900000,0.1174780610,1914.400000,Economic-function and custody-role grouping
2005-02-01,2002M01-2007M12,Japan,680.800000,0.3556205600,1914.400000,Economic-function and custody-role grouping
2005-03-01,2002M01-2007M12,All other foreign,227.800000,0.1166888638,1952.200000,Economic-function and custody-role grouping
2005-03-01,2002M01-2007M12,Canada & other advanced,53.000000,0.0271488577,1952.200000,Economic-function and custody-role grouping
2005-03-01,2002M01-2007M12,Commodity exporters,62.500000,0.0320151624,1952.200000,Economic-function and custody-role grouping
2005-03-01,2002M01-2007M12,Core EU-27 (identifiable),124.400000,0.0637229792,1952.200000,Economic-function and custody-role grouping
2005-03-01,2002M01-2007M12,Financial/offshore centres,334.500000,0.1713451491,1952.200000,Economic-function and custody-role grouping
2005-03-01,2002M01-2007M12,Other East Asian exporters,128.700000,0.0659256224,1952.200000,Economic-function and custody-role grouping
2005-03-01,2002M01-2007M12,United Kingdom,116.000000,0.0594201414,1952.200000,Economic-function and custody-role grouping
2005-03-01,2002M01-2007M12,Mainland China,223.700000,0.1145886692,1952.200000,Economic-function and custody-role grouping
2005-03-01,2002M01-2007M12,Japan,681.600000,0.3491445549,1952.200000,Economic-function and custody-role grouping
2005-04-01,2002M01-2007M12,All other foreign,239.900000,0.1211065677,1980.900000,Economic-function and custody-role grouping
2005-04-01,2002M01-2007M12,Canada & other advanced,53.600000,0.0270584078,1980.900000,Economic-function and custody-role grouping
2005-04-01,2002M01-2007M12,Commodity exporters,60.800000,0.0306931193,1980.900000,Economic-function and custody-role grouping
2005-04-01,2002M01-2007M12,Core EU-27 (identifiable),126.800000,0.0640113080,1980.900000,Economic-function and custody-role grouping
2005-04-01,2002M01-2007M12,Financial/offshore centres,325.800000,0.1644706951,1980.900000,Economic-function and custody-role grouping
2005-04-01,2002M01-2007M12,Other East Asian exporters,126.600000,0.0639103438,1980.900000,Economic-function and custody-role grouping
2005-04-01,2002M01-2007M12,United Kingdom,119.000000,0.0600737039,1980.900000,Economic-function and custody-role grouping
2005-04-01,2002M01-2007M12,Mainland China,240.200000,0.1212580140,1980.900000,Economic-function and custody-role grouping
2005-04-01,2002M01-2007M12,Japan,688.200000,0.3474178404,1980.900000,Economic-function and custody-role grouping
2005-05-01,2002M01-2007M12,All other foreign,246.300000,0.1242746859,1981.900000,Economic-function and custody-role grouping
2005-05-01,2002M01-2007M12,Canada & other advanced,51.400000,0.0259347091,1981.900000,Economic-function and custody-role grouping
2005-05-01,2002M01-2007M12,Commodity exporters,62.800000,0.0316867652,1981.900000,Economic-function and custody-role grouping
2005-05-01,2002M01-2007M12,Core EU-27 (identifiable),133.600000,0.0674100611,1981.900000,Economic-function and custody-role grouping
2005-05-01,2002M01-2007M12,Financial/offshore centres,301.800000,0.1522781170,1981.900000,Economic-function and custody-role grouping
2005-05-01,2002M01-2007M12,Other East Asian exporters,129.700000,0.0654422524,1981.900000,Economic-function and custody-role grouping
2005-05-01,2002M01-2007M12,United Kingdom,126.400000,0.0637771835,1981.900000,Economic-function and custody-role grouping
2005-05-01,2002M01-2007M12,Mainland China,243.100000,0.1226600737,1981.900000,Economic-function and custody-role grouping
2005-05-01,2002M01-2007M12,Japan,686.800000,0.3465361522,1981.900000,Economic-function and custody-role grouping
2005-06-01,2002M01-2007M12,All other foreign,265.900000,0.1348856085,1971.300000,Economic-function and custody-role grouping
2005-06-01,2002M01-2007M12,Canada & other advanced,53.300000,0.0270379952,1971.300000,Economic-function and custody-role grouping
2005-06-01,2002M01-2007M12,Commodity exporters,57.200000,0.0290163851,1971.300000,Economic-function and custody-role grouping
2005-06-01,2002M01-2007M12,Core EU-27 (identifiable),125.600000,0.0637143002,1971.300000,Economic-function and custody-role grouping
2005-06-01,2002M01-2007M12,Financial/offshore centres,273.300000,0.1386394765,1971.300000,Economic-function and custody-role grouping
2005-06-01,2002M01-2007M12,Other East Asian exporters,130.700000,0.0663014255,1971.300000,Economic-function and custody-role grouping
2005-06-01,2002M01-2007M12,United Kingdom,140.800000,0.0714249480,1971.300000,Economic-function and custody-role grouping
2005-06-01,2002M01-2007M12,Mainland China,243.300000,0.1234210927,1971.300000,Economic-function and custody-role grouping
2005-06-01,2002M01-2007M12,Japan,681.200000,0.3455587683,1971.300000,Economic-function and custody-role grouping
2005-07-01,2002M01-2007M12,All other foreign,247.100000,0.1301074136,1899.200000,Economic-function and custody-role grouping
2005-07-01,2002M01-2007M12,Canada & other advanced,31.900000,0.0167965459,1899.200000,Economic-function and custody-role grouping
2005-07-01,2002M01-2007M12,Commodity exporters,64.100000,0.0337510531,1899.200000,Economic-function and custody-role grouping
2005-07-01,2002M01-2007M12,Core EU-27 (identifiable),114.200000,0.0601305813,1899.200000,Economic-function and custody-role grouping
2005-07-01,2002M01-2007M12,Financial/offshore centres,271.500000,0.1429549284,1899.200000,Economic-function and custody-role grouping
2005-07-01,2002M01-2007M12,Other East Asian exporters,131.400000,0.0691870261,1899.200000,Economic-function and custody-role grouping
2005-07-01,2002M01-2007M12,United Kingdom,73.200000,0.0385425442,1899.200000,Economic-function and custody-role grouping
2005-07-01,2002M01-2007M12,Mainland China,296.400000,0.1560657119,1899.200000,Economic-function and custody-role grouping
2005-07-01,2002M01-2007M12,Japan,669.400000,0.3524641955,1899.200000,Economic-function and custody-role grouping
2005-08-01,2002M01-2007M12,All other foreign,246.300000,0.1278882600,1925.900000,Economic-function and custody-role grouping
2005-08-01,2002M01-2007M12,Canada & other advanced,34.400000,0.0178617789,1925.900000,Economic-function and custody-role grouping
2005-08-01,2002M01-2007M12,Commodity exporters,65.200000,0.0338543019,1925.900000,Economic-function and custody-role grouping
2005-08-01,2002M01-2007M12,Core EU-27 (identifiable),120.200000,0.0624123786,1925.900000,Economic-function and custody-role grouping
2005-08-01,2002M01-2007M12,Financial/offshore centres,269.700000,0.1400384236,1925.900000,Economic-function and custody-role grouping
2005-08-01,2002M01-2007M12,Other East Asian exporters,130.800000,0.0679162989,1925.900000,Economic-function and custody-role grouping
2005-08-01,2002M01-2007M12,United Kingdom,87.200000,0.0452775326,1925.900000,Economic-function and custody-role grouping
2005-08-01,2002M01-2007M12,Mainland China,302.100000,0.1568617270,1925.900000,Economic-function and custody-role grouping
2005-08-01,2002M01-2007M12,Japan,670.000000,0.3478892985,1925.900000,Economic-function and custody-role grouping
2005-09-01,2002M01-2007M12,All other foreign,233.400000,0.1209577114,1929.600000,Economic-function and custody-role grouping
2005-09-01,2002M01-2007M12,Canada & other advanced,34.200000,0.0177238806,1929.600000,Economic-function and custody-role grouping
2005-09-01,2002M01-2007M12,Commodity exporters,66.100000,0.0342558043,1929.600000,Economic-function and custody-role grouping
2005-09-01,2002M01-2007M12,Core EU-27 (identifiable),118.800000,0.0615671642,1929.600000,Economic-function and custody-role grouping
2005-09-01,2002M01-2007M12,Financial/offshore centres,269.200000,0.1395107794,1929.600000,Economic-function and custody-role grouping
2005-09-01,2002M01-2007M12,Other East Asian exporters,133.000000,0.0689262023,1929.600000,Economic-function and custody-role grouping
2005-09-01,2002M01-2007M12,United Kingdom,95.800000,0.0496475954,1929.600000,Economic-function and custody-role grouping
2005-09-01,2002M01-2007M12,Mainland China,306.300000,0.1587375622,1929.600000,Economic-function and custody-role grouping
2005-09-01,2002M01-2007M12,Japan,672.800000,0.3486733002,1929.600000,Economic-function and custody-role grouping
2005-10-01,2002M01-2007M12,All other foreign,248.000000,0.1262150746,1964.900000,Economic-function and custody-role grouping
2005-10-01,2002M01-2007M12,Canada & other advanced,38.200000,0.0194411929,1964.900000,Economic-function and custody-role grouping
2005-10-01,2002M01-2007M12,Commodity exporters,75.400000,0.0383734541,1964.900000,Economic-function and custody-role grouping
2005-10-01,2002M01-2007M12,Core EU-27 (identifiable),122.300000,0.0622423533,1964.900000,Economic-function and custody-role grouping
2005-10-01,2002M01-2007M12,Financial/offshore centres,278.800000,0.1418901725,1964.900000,Economic-function and custody-role grouping
2005-10-01,2002M01-2007M12,Other East Asian exporters,132.600000,0.0674843503,1964.900000,Economic-function and custody-role grouping
2005-10-01,2002M01-2007M12,United Kingdom,100.300000,0.0510458548,1964.900000,Economic-function and custody-role grouping
2005-10-01,2002M01-2007M12,Mainland China,301.700000,0.1535447097,1964.900000,Economic-function and custody-role grouping
2005-10-01,2002M01-2007M12,Japan,667.600000,0.3397628378,1964.900000,Economic-function and custody-role grouping
2005-11-01,2002M01-2007M12,All other foreign,263.900000,0.1297443461,2034.000000,Economic-function and custody-role grouping
2005-11-01,2002M01-2007M12,Canada & other advanced,39.300000,0.0193215339,2034.000000,Economic-function and custody-role grouping
2005-11-01,2002M01-2007M12,Commodity exporters,79.300000,0.0389872173,2034.000000,Economic-function and custody-role grouping
2005-11-01,2002M01-2007M12,Core EU-27 (identifiable),126.900000,0.0623893805,2034.000000,Economic-function and custody-role grouping
2005-11-01,2002M01-2007M12,Financial/offshore centres,280.200000,0.1377581121,2034.000000,Economic-function and custody-role grouping
2005-11-01,2002M01-2007M12,Other East Asian exporters,137.100000,0.0674041298,2034.000000,Economic-function and custody-role grouping
2005-11-01,2002M01-2007M12,United Kingdom,135.500000,0.0666175025,2034.000000,Economic-function and custody-role grouping
2005-11-01,2002M01-2007M12,Mainland China,303.900000,0.1494100295,2034.000000,Economic-function and custody-role grouping
2005-11-01,2002M01-2007M12,Japan,667.900000,0.3283677483,2034.000000,Economic-function and custody-role grouping
2005-12-01,2002M01-2007M12,All other foreign,256.700000,0.1262107282,2033.900000,Economic-function and custody-role grouping
2005-12-01,2002M01-2007M12,Canada & other advanced,40.400000,0.0198633168,2033.900000,Economic-function and custody-role grouping
2005-12-01,2002M01-2007M12,Commodity exporters,78.200000,0.0384483013,2033.900000,Economic-function and custody-role grouping
2005-12-01,2002M01-2007M12,Core EU-27 (identifiable),126.200000,0.0620482816,2033.900000,Economic-function and custody-role grouping
2005-12-01,2002M01-2007M12,Financial/offshore centres,269.300000,0.1324057230,2033.900000,Economic-function and custody-role grouping
2005-12-01,2002M01-2007M12,Other East Asian exporters,137.100000,0.0674074438,2033.900000,Economic-function and custody-role grouping
2005-12-01,2002M01-2007M12,United Kingdom,146.000000,0.0717832735,2033.900000,Economic-function and custody-role grouping
2005-12-01,2002M01-2007M12,Mainland China,310.000000,0.1524165397,2033.900000,Economic-function and custody-role grouping
2005-12-01,2002M01-2007M12,Japan,670.000000,0.3294163922,2033.900000,Economic-function and custody-role grouping
2006-02-01,2002M01-2007M12,All other foreign,269.200000,0.1299666876,2071.300000,Economic-function and custody-role grouping
2006-02-01,2002M01-2007M12,Canada & other advanced,51.900000,0.0250567277,2071.300000,Economic-function and custody-role grouping
2006-02-01,2002M01-2007M12,Commodity exporters,96.200000,0.0464442621,2071.300000,Economic-function and custody-role grouping
2006-02-01,2002M01-2007M12,Core EU-27 (identifiable),126.600000,0.0611210351,2071.300000,Economic-function and custody-role grouping
2006-02-01,2002M01-2007M12,Financial/offshore centres,248.500000,0.1199729638,2071.300000,Economic-function and custody-role grouping
2006-02-01,2002M01-2007M12,Other East Asian exporters,141.700000,0.0684111428,2071.300000,Economic-function and custody-role grouping
2006-02-01,2002M01-2007M12,United Kingdom,162.400000,0.0784048665,2071.300000,Economic-function and custody-role grouping
2006-02-01,2002M01-2007M12,Mainland China,318.400000,0.1537198861,2071.300000,Economic-function and custody-role grouping
2006-02-01,2002M01-2007M12,Japan,656.400000,0.3169024284,2071.300000,Economic-function and custody-role grouping
2006-03-01,2002M01-2007M12,All other foreign,272.800000,0.1310215648,2082.100000,Economic-function and custody-role grouping
2006-03-01,2002M01-2007M12,Canada & other advanced,45.300000,0.0217568801,2082.100000,Economic-function and custody-role grouping
2006-03-01,2002M01-2007M12,Commodity exporters,98.100000,0.0471158926,2082.100000,Economic-function and custody-role grouping
2006-03-01,2002M01-2007M12,Core EU-27 (identifiable),125.200000,0.0601315979,2082.100000,Economic-function and custody-role grouping
2006-03-01,2002M01-2007M12,Financial/offshore centres,262.000000,0.1258344940,2082.100000,Economic-function and custody-role grouping
2006-03-01,2002M01-2007M12,Other East Asian exporters,141.300000,0.0678641756,2082.100000,Economic-function and custody-role grouping
2006-03-01,2002M01-2007M12,United Kingdom,179.200000,0.0860669516,2082.100000,Economic-function and custody-role grouping
2006-03-01,2002M01-2007M12,Mainland China,319.200000,0.1533067576,2082.100000,Economic-function and custody-role grouping
2006-03-01,2002M01-2007M12,Japan,639.000000,0.3069016858,2082.100000,Economic-function and custody-role grouping
2006-04-01,2002M01-2007M12,All other foreign,261.200000,0.1268268997,2059.500000,Economic-function and custody-role grouping
2006-04-01,2002M01-2007M12,Canada & other advanced,48.300000,0.0234522942,2059.500000,Economic-function and custody-role grouping
2006-04-01,2002M01-2007M12,Commodity exporters,99.700000,0.0484098082,2059.500000,Economic-function and custody-role grouping
2006-04-01,2002M01-2007M12,Core EU-27 (identifiable),121.300000,0.0588977907,2059.500000,Economic-function and custody-role grouping
2006-04-01,2002M01-2007M12,Financial/offshore centres,262.500000,0.1274581209,2059.500000,Economic-function and custody-role grouping
2006-04-01,2002M01-2007M12,Other East Asian exporters,139.800000,0.0678805535,2059.500000,Economic-function and custody-role grouping
2006-04-01,2002M01-2007M12,United Kingdom,166.200000,0.0806991988,2059.500000,Economic-function and custody-role grouping
2006-04-01,2002M01-2007M12,Mainland China,321.100000,0.1559116290,2059.500000,Economic-function and custody-role grouping
2006-04-01,2002M01-2007M12,Japan,639.400000,0.3104637048,2059.500000,Economic-function and custody-role grouping
2006-05-01,2002M01-2007M12,All other foreign,252.000000,0.1216568504,2071.400000,Economic-function and custody-role grouping
2006-05-01,2002M01-2007M12,Canada & other advanced,52.000000,0.0251037945,2071.400000,Economic-function and custody-role grouping
2006-05-01,2002M01-2007M12,Commodity exporters,103.000000,0.0497248238,2071.400000,Economic-function and custody-role grouping
2006-05-01,2002M01-2007M12,Core EU-27 (identifiable),123.800000,0.0597663416,2071.400000,Economic-function and custody-role grouping
2006-05-01,2002M01-2007M12,Financial/offshore centres,270.100000,0.1303949020,2071.400000,Economic-function and custody-role grouping
2006-05-01,2002M01-2007M12,Other East Asian exporters,135.700000,0.0655112484,2071.400000,Economic-function and custody-role grouping
2006-05-01,2002M01-2007M12,United Kingdom,174.200000,0.0840977117,2071.400000,Economic-function and custody-role grouping
2006-05-01,2002M01-2007M12,Mainland China,324.500000,0.1566573332,2071.400000,Economic-function and custody-role grouping
2006-05-01,2002M01-2007M12,Japan,636.100000,0.3070869943,2071.400000,Economic-function and custody-role grouping
2006-06-01,2002M01-2007M12,All other foreign,245.300000,0.1170715411,2095.300000,Economic-function and custody-role grouping
2006-06-01,2002M01-2007M12,Canada & other advanced,50.000000,0.0238629313,2095.300000,Economic-function and custody-role grouping
2006-06-01,2002M01-2007M12,Commodity exporters,101.900000,0.0486326540,2095.300000,Economic-function and custody-role grouping
2006-06-01,2002M01-2007M12,Core EU-27 (identifiable),123.200000,0.0587982628,2095.300000,Economic-function and custody-role grouping
2006-06-01,2002M01-2007M12,Financial/offshore centres,275.200000,0.1313415740,2095.300000,Economic-function and custody-role grouping
2006-06-01,2002M01-2007M12,Other East Asian exporters,135.400000,0.0646208180,2095.300000,Economic-function and custody-role grouping
2006-06-01,2002M01-2007M12,United Kingdom,200.900000,0.0958812581,2095.300000,Economic-function and custody-role grouping
2006-06-01,2002M01-2007M12,Mainland China,328.000000,0.1565408295,2095.300000,Economic-function and custody-role grouping
2006-06-01,2002M01-2007M12,Japan,635.400000,0.3032501312,2095.300000,Economic-function and custody-role grouping
2006-07-01,2002M01-2007M12,All other foreign,256.600000,0.1287570877,1992.900000,Economic-function and custody-role grouping
2006-07-01,2002M01-2007M12,Canada & other advanced,38.600000,0.0193687591,1992.900000,Economic-function and custody-role grouping
2006-07-01,2002M01-2007M12,Commodity exporters,112.400000,0.0564002208,1992.900000,Economic-function and custody-role grouping
2006-07-01,2002M01-2007M12,Core EU-27 (identifiable),105.500000,0.0529379297,1992.900000,Economic-function and custody-role grouping
2006-07-01,2002M01-2007M12,Financial/offshore centres,314.300000,0.1577098700,1992.900000,Economic-function and custody-role grouping
2006-07-01,2002M01-2007M12,Other East Asian exporters,128.100000,0.0642781876,1992.900000,Economic-function and custody-role grouping
2006-07-01,2002M01-2007M12,United Kingdom,44.300000,0.0222289126,1992.900000,Economic-function and custody-role grouping
2006-07-01,2002M01-2007M12,Mainland China,378.200000,0.1897736966,1992.900000,Economic-function and custody-role grouping
2006-07-01,2002M01-2007M12,Japan,614.900000,0.3085453359,1992.900000,Economic-function and custody-role grouping
2006-08-01,2002M01-2007M12,All other foreign,265.000000,0.1300294406,2038.000000,Economic-function and custody-role grouping
2006-08-01,2002M01-2007M12,Canada & other advanced,48.900000,0.0239941119,2038.000000,Economic-function and custody-role grouping
2006-08-01,2002M01-2007M12,Commodity exporters,116.600000,0.0572129539,2038.000000,Economic-function and custody-role grouping
2006-08-01,2002M01-2007M12,Core EU-27 (identifiable),109.400000,0.0536800785,2038.000000,Economic-function and custody-role grouping
2006-08-01,2002M01-2007M12,Financial/offshore centres,308.100000,0.1511776251,2038.000000,Economic-function and custody-role grouping
2006-08-01,2002M01-2007M12,Other East Asian exporters,125.300000,0.0614818449,2038.000000,Economic-function and custody-role grouping
2006-08-01,2002M01-2007M12,United Kingdom,54.700000,0.0268400393,2038.000000,Economic-function and custody-role grouping
2006-08-01,2002M01-2007M12,Mainland China,386.500000,0.1896467125,2038.000000,Economic-function and custody-role grouping
2006-08-01,2002M01-2007M12,Japan,623.500000,0.3059371933,2038.000000,Economic-function and custody-role grouping
2006-09-01,2002M01-2007M12,All other foreign,262.300000,0.1295116773,2025.300000,Economic-function and custody-role grouping
2006-09-01,2002M01-2007M12,Canada & other advanced,54.200000,0.0267614674,2025.300000,Economic-function and custody-role grouping
2006-09-01,2002M01-2007M12,Commodity exporters,113.700000,0.0561398311,2025.300000,Economic-function and custody-role grouping
2006-09-01,2002M01-2007M12,Core EU-27 (identifiable),103.200000,0.0509554140,2025.300000,Economic-function and custody-role grouping
2006-09-01,2002M01-2007M12,Financial/offshore centres,295.500000,0.1459043105,2025.300000,Economic-function and custody-role grouping
2006-09-01,2002M01-2007M12,Other East Asian exporters,127.000000,0.0627067595,2025.300000,Economic-function and custody-role grouping
2006-09-01,2002M01-2007M12,United Kingdom,61.600000,0.0304152471,2025.300000,Economic-function and custody-role grouping
2006-09-01,2002M01-2007M12,Mainland China,389.700000,0.1924159384,2025.300000,Economic-function and custody-role grouping
2006-09-01,2002M01-2007M12,Japan,618.100000,0.3051893547,2025.300000,Economic-function and custody-role grouping
2006-10-01,2002M01-2007M12,All other foreign,266.600000,0.1297702492,2054.400000,Economic-function and custody-role grouping
2006-10-01,2002M01-2007M12,Canada & other advanced,69.800000,0.0339758567,2054.400000,Economic-function and custody-role grouping
2006-10-01,2002M01-2007M12,Commodity exporters,107.200000,0.0521806854,2054.400000,Economic-function and custody-role grouping
2006-10-01,2002M01-2007M12,Core EU-27 (identifiable),112.700000,0.0548578660,2054.400000,Economic-function and custody-role grouping
2006-10-01,2002M01-2007M12,Financial/offshore centres,299.600000,0.1458333333,2054.400000,Economic-function and custody-role grouping
2006-10-01,2002M01-2007M12,Other East Asian exporters,126.500000,0.0615751558,2054.400000,Economic-function and custody-role grouping
2006-10-01,2002M01-2007M12,United Kingdom,61.700000,0.0300330997,2054.400000,Economic-function and custody-role grouping
2006-10-01,2002M01-2007M12,Mainland China,392.200000,0.1909073209,2054.400000,Economic-function and custody-role grouping
2006-10-01,2002M01-2007M12,Japan,618.100000,0.3008664330,2054.400000,Economic-function and custody-role grouping
2006-11-01,2002M01-2007M12,All other foreign,275.300000,0.1312827849,2097.000000,Economic-function and custody-role grouping
2006-11-01,2002M01-2007M12,Canada & other advanced,74.600000,0.0355746304,2097.000000,Economic-function and custody-role grouping
2006-11-01,2002M01-2007M12,Commodity exporters,106.400000,0.0507391512,2097.000000,Economic-function and custody-role grouping
2006-11-01,2002M01-2007M12,Core EU-27 (identifiable),117.800000,0.0561754888,2097.000000,Economic-function and custody-role grouping
2006-11-01,2002M01-2007M12,Financial/offshore centres,313.100000,0.1493085360,2097.000000,Economic-function and custody-role grouping
2006-11-01,2002M01-2007M12,Other East Asian exporters,124.000000,0.0591320935,2097.000000,Economic-function and custody-role grouping
2006-11-01,2002M01-2007M12,United Kingdom,76.100000,0.0362899380,2097.000000,Economic-function and custody-role grouping
2006-11-01,2002M01-2007M12,Mainland China,393.800000,0.1877920839,2097.000000,Economic-function and custody-role grouping
2006-11-01,2002M01-2007M12,Japan,615.900000,0.2937052933,2097.000000,Economic-function and custody-role grouping
2006-12-01,2002M01-2007M12,All other foreign,274.300000,0.1304265132,2103.100000,Economic-function and custody-role grouping
2006-12-01,2002M01-2007M12,Canada & other advanced,70.800000,0.0336645904,2103.100000,Economic-function and custody-role grouping
2006-12-01,2002M01-2007M12,Commodity exporters,110.200000,0.0523988398,2103.100000,Economic-function and custody-role grouping
2006-12-01,2002M01-2007M12,Core EU-27 (identifiable),111.500000,0.0530169749,2103.100000,Economic-function and custody-role grouping
2006-12-01,2002M01-2007M12,Financial/offshore centres,297.800000,0.1416004945,2103.100000,Economic-function and custody-role grouping
2006-12-01,2002M01-2007M12,Other East Asian exporters,126.100000,0.0599591080,2103.100000,Economic-function and custody-role grouping
2006-12-01,2002M01-2007M12,United Kingdom,92.600000,0.0440302411,2103.100000,Economic-function and custody-role grouping
2006-12-01,2002M01-2007M12,Mainland China,396.900000,0.1887214113,2103.100000,Economic-function and custody-role grouping
2006-12-01,2002M01-2007M12,Japan,622.900000,0.2961818268,2103.100000,Economic-function and custody-role grouping
2007-02-01,2002M01-2007M12,All other foreign,339.400000,0.1583539402,2143.300000,Economic-function and custody-role grouping
2007-02-01,2002M01-2007M12,Canada & other advanced,42.600000,0.0198758923,2143.300000,Economic-function and custody-role grouping
2007-02-01,2002M01-2007M12,Commodity exporters,110.500000,0.0515560118,2143.300000,Economic-function and custody-role grouping
2007-02-01,2002M01-2007M12,Core EU-27 (identifiable),88.900000,0.0414780945,2143.300000,Economic-function and custody-role grouping
2007-02-01,2002M01-2007M12,Financial/offshore centres,293.500000,0.1369383661,2143.300000,Economic-function and custody-role grouping
2007-02-01,2002M01-2007M12,Other East Asian exporters,114.400000,0.0533756357,2143.300000,Economic-function and custody-role grouping
2007-02-01,2002M01-2007M12,United Kingdom,121.600000,0.0567349414,2143.300000,Economic-function and custody-role grouping
2007-02-01,2002M01-2007M12,Mainland China,416.000000,0.1940932207,2143.300000,Economic-function and custody-role grouping
2007-02-01,2002M01-2007M12,Japan,616.400000,0.2875938973,2143.300000,Economic-function and custody-role grouping
2007-03-01,2002M01-2007M12,All other foreign,352.300000,0.1605523402,2194.300000,Economic-function and custody-role grouping
2007-03-01,2002M01-2007M12,Canada & other advanced,38.800000,0.0176821765,2194.300000,Economic-function and custody-role grouping
2007-03-01,2002M01-2007M12,Commodity exporters,112.500000,0.0512691975,2194.300000,Economic-function and custody-role grouping
2007-03-01,2002M01-2007M12,Core EU-27 (identifiable),88.300000,0.0402406234,2194.300000,Economic-function and custody-role grouping
2007-03-01,2002M01-2007M12,Financial/offshore centres,307.500000,0.1401358064,2194.300000,Economic-function and custody-role grouping
2007-03-01,2002M01-2007M12,Other East Asian exporters,116.000000,0.0528642392,2194.300000,Economic-function and custody-role grouping
2007-03-01,2002M01-2007M12,United Kingdom,147.500000,0.0672196145,2194.300000,Economic-function and custody-role grouping
2007-03-01,2002M01-2007M12,Mainland China,420.000000,0.1914050039,2194.300000,Economic-function and custody-role grouping
2007-03-01,2002M01-2007M12,Japan,611.400000,0.2786309985,2194.300000,Economic-function and custody-role grouping
2007-04-01,2002M01-2007M12,All other foreign,354.500000,0.1636506324,2166.200000,Economic-function and custody-role grouping
2007-04-01,2002M01-2007M12,Canada & other advanced,31.900000,0.0147262487,2166.200000,Economic-function and custody-role grouping
2007-04-01,2002M01-2007M12,Commodity exporters,112.000000,0.0517034438,2166.200000,Economic-function and custody-role grouping
2007-04-01,2002M01-2007M12,Core EU-27 (identifiable),89.700000,0.0414089188,2166.200000,Economic-function and custody-role grouping
2007-04-01,2002M01-2007M12,Financial/offshore centres,300.900000,0.1389068415,2166.200000,Economic-function and custody-role grouping
2007-04-01,2002M01-2007M12,Other East Asian exporters,113.300000,0.0523035731,2166.200000,Economic-function and custody-role grouping
2007-04-01,2002M01-2007M12,United Kingdom,135.100000,0.0623672791,2166.200000,Economic-function and custody-role grouping
2007-04-01,2002M01-2007M12,Mainland China,414.200000,0.1912104146,2166.200000,Economic-function and custody-role grouping
2007-04-01,2002M01-2007M12,Japan,614.600000,0.2837226480,2166.200000,Economic-function and custody-role grouping
2007-05-01,2002M01-2007M12,All other foreign,358.400000,0.1640574934,2184.600000,Economic-function and custody-role grouping
2007-05-01,2002M01-2007M12,Canada & other advanced,33.600000,0.0153803900,2184.600000,Economic-function and custody-role grouping
2007-05-01,2002M01-2007M12,Commodity exporters,121.100000,0.0554334890,2184.600000,Economic-function and custody-role grouping
2007-05-01,2002M01-2007M12,Core EU-27 (identifiable),91.700000,0.0419756477,2184.600000,Economic-function and custody-role grouping
2007-05-01,2002M01-2007M12,Financial/offshore centres,278.600000,0.1275290671,2184.600000,Economic-function and custody-role grouping
2007-05-01,2002M01-2007M12,Other East Asian exporters,109.500000,0.0501235924,2184.600000,Economic-function and custody-role grouping
2007-05-01,2002M01-2007M12,United Kingdom,169.200000,0.0774512497,2184.600000,Economic-function and custody-role grouping
2007-05-01,2002M01-2007M12,Mainland China,407.500000,0.1865330038,2184.600000,Economic-function and custody-role grouping
2007-05-01,2002M01-2007M12,Japan,615.000000,0.2815160670,2184.600000,Economic-function and custody-role grouping
2007-06-01,2002M01-2007M12,All other foreign,354.700000,0.1618747718,2191.200000,Economic-function and custody-role grouping
2007-06-01,2002M01-2007M12,Canada & other advanced,30.500000,0.0139193136,2191.200000,Economic-function and custody-role grouping
2007-06-01,2002M01-2007M12,Commodity exporters,122.100000,0.0557228916,2191.200000,Economic-function and custody-role grouping
2007-06-01,2002M01-2007M12,Core EU-27 (identifiable),90.000000,0.0410733844,2191.200000,Economic-function and custody-role grouping
2007-06-01,2002M01-2007M12,Financial/offshore centres,276.400000,0.1261409273,2191.200000,Economic-function and custody-role grouping
2007-06-01,2002M01-2007M12,Other East Asian exporters,107.500000,0.0490598759,2191.200000,Economic-function and custody-role grouping
2007-06-01,2002M01-2007M12,United Kingdom,191.900000,0.0875775831,2191.200000,Economic-function and custody-role grouping
2007-06-01,2002M01-2007M12,Mainland China,405.200000,0.1849215042,2191.200000,Economic-function and custody-role grouping
2007-06-01,2002M01-2007M12,Japan,612.900000,0.2797097481,2191.200000,Economic-function and custody-role grouping
2007-07-01,2002M01-2007M12,All other foreign,399.500000,0.1815496478,2200.500000,Economic-function and custody-role grouping
2007-07-01,2002M01-2007M12,Canada & other advanced,23.300000,0.0105885026,2200.500000,Economic-function and custody-role grouping
2007-07-01,2002M01-2007M12,Commodity exporters,134.700000,0.0612133606,2200.500000,Economic-function and custody-role grouping
2007-07-01,2002M01-2007M12,Core EU-27 (identifiable),81.800000,0.0371733697,2200.500000,Economic-function and custody-role grouping
2007-07-01,2002M01-2007M12,Financial/offshore centres,304.600000,0.1384230857,2200.500000,Economic-function and custody-role grouping
2007-07-01,2002M01-2007M12,Other East Asian exporters,89.000000,0.0404453533,2200.500000,Economic-function and custody-role grouping
2007-07-01,2002M01-2007M12,United Kingdom,67.000000,0.0304476255,2200.500000,Economic-function and custody-role grouping
2007-07-01,2002M01-2007M12,Mainland China,480.000000,0.2181322427,2200.500000,Economic-function and custody-role grouping
2007-07-01,2002M01-2007M12,Japan,620.600000,0.2820268121,2200.500000,Economic-function and custody-role grouping
2007-08-01,2002M01-2007M12,All other foreign,389.800000,0.1757597619,2217.800000,Economic-function and custody-role grouping
2007-08-01,2002M01-2007M12,Canada & other advanced,25.200000,0.0113626116,2217.800000,Economic-function and custody-role grouping
2007-08-01,2002M01-2007M12,Commodity exporters,134.700000,0.0607358644,2217.800000,Economic-function and custody-role grouping
2007-08-01,2002M01-2007M12,Core EU-27 (identifiable),81.400000,0.0367030390,2217.800000,Economic-function and custody-role grouping
2007-08-01,2002M01-2007M12,Financial/offshore centres,338.100000,0.1524483723,2217.800000,Economic-function and custody-role grouping
2007-08-01,2002M01-2007M12,Other East Asian exporters,82.100000,0.0370186671,2217.800000,Economic-function and custody-role grouping
2007-08-01,2002M01-2007M12,United Kingdom,99.500000,0.0448642799,2217.800000,Economic-function and custody-role grouping
2007-08-01,2002M01-2007M12,Mainland China,471.200000,0.2124628010,2217.800000,Economic-function and custody-role grouping
2007-08-01,2002M01-2007M12,Japan,595.800000,0.2686446028,2217.800000,Economic-function and custody-role grouping
2007-09-01,2002M01-2007M12,All other foreign,388.700000,0.1738838687,2235.400000,Economic-function and custody-role grouping
2007-09-01,2002M01-2007M12,Canada & other advanced,40.200000,0.0179833587,2235.400000,Economic-function and custody-role grouping
2007-09-01,2002M01-2007M12,Commodity exporters,137.100000,0.0613313054,2235.400000,Economic-function and custody-role grouping
2007-09-01,2002M01-2007M12,Core EU-27 (identifiable),80.200000,0.0358772479,2235.400000,Economic-function and custody-role grouping
2007-09-01,2002M01-2007M12,Financial/offshore centres,330.400000,0.1478035251,2235.400000,Economic-function and custody-role grouping
2007-09-01,2002M01-2007M12,Other East Asian exporters,79.300000,0.0354746354,2235.400000,Economic-function and custody-role grouping
2007-09-01,2002M01-2007M12,United Kingdom,119.900000,0.0536369330,2235.400000,Economic-function and custody-role grouping
2007-09-01,2002M01-2007M12,Mainland China,467.700000,0.2092242999,2235.400000,Economic-function and custody-role grouping
2007-09-01,2002M01-2007M12,Japan,591.900000,0.2647848260,2235.400000,Economic-function and custody-role grouping
2007-10-01,2002M01-2007M12,All other foreign,399.100000,0.1735896655,2299.100000,Economic-function and custody-role grouping
2007-10-01,2002M01-2007M12,Canada & other advanced,41.400000,0.0180070462,2299.100000,Economic-function and custody-role grouping
2007-10-01,2002M01-2007M12,Commodity exporters,141.600000,0.0615893176,2299.100000,Economic-function and custody-role grouping
2007-10-01,2002M01-2007M12,Core EU-27 (identifiable),79.900000,0.0347527293,2299.100000,Economic-function and custody-role grouping
2007-10-01,2002M01-2007M12,Financial/offshore centres,343.600000,0.1494497847,2299.100000,Economic-function and custody-role grouping
2007-10-01,2002M01-2007M12,Other East Asian exporters,77.700000,0.0337958332,2299.100000,Economic-function and custody-role grouping
2007-10-01,2002M01-2007M12,United Kingdom,154.900000,0.0673741899,2299.100000,Economic-function and custody-role grouping
2007-10-01,2002M01-2007M12,Mainland China,459.100000,0.1996868340,2299.100000,Economic-function and custody-role grouping
2007-10-01,2002M01-2007M12,Japan,601.800000,0.2617545996,2299.100000,Economic-function and custody-role grouping
2007-11-01,2002M01-2007M12,All other foreign,416.100000,0.1782012848,2335.000000,Economic-function and custody-role grouping
2007-11-01,2002M01-2007M12,Canada & other advanced,51.600000,0.0220985011,2335.000000,Economic-function and custody-role grouping
2007-11-01,2002M01-2007M12,Commodity exporters,138.700000,0.0594004283,2335.000000,Economic-function and custody-role grouping
2007-11-01,2002M01-2007M12,Core EU-27 (identifiable),79.300000,0.0339614561,2335.000000,Economic-function and custody-role grouping
2007-11-01,2002M01-2007M12,Financial/offshore centres,351.800000,0.1506638116,2335.000000,Economic-function and custody-role grouping
2007-11-01,2002M01-2007M12,Other East Asian exporters,74.900000,0.0320770878,2335.000000,Economic-function and custody-role grouping
2007-11-01,2002M01-2007M12,United Kingdom,174.100000,0.0745610278,2335.000000,Economic-function and custody-role grouping
2007-11-01,2002M01-2007M12,Mainland China,458.900000,0.1965310493,2335.000000,Economic-function and custody-role grouping
2007-11-01,2002M01-2007M12,Japan,589.600000,0.2525053533,2335.000000,Economic-function and custody-role grouping
2007-12-01,2002M01-2007M12,All other foreign,429.700000,0.1827655140,2351.100000,Economic-function and custody-role grouping
2007-12-01,2002M01-2007M12,Canada & other advanced,44.900000,0.0190974437,2351.100000,Economic-function and custody-role grouping
2007-12-01,2002M01-2007M12,Commodity exporters,137.900000,0.0586533963,2351.100000,Economic-function and custody-role grouping
2007-12-01,2002M01-2007M12,Core EU-27 (identifiable),82.500000,0.0350899579,2351.100000,Economic-function and custody-role grouping
2007-12-01,2002M01-2007M12,Financial/offshore centres,363.300000,0.1545234146,2351.100000,Economic-function and custody-role grouping
2007-12-01,2002M01-2007M12,Other East Asian exporters,77.400000,0.0329207605,2351.100000,Economic-function and custody-role grouping
2007-12-01,2002M01-2007M12,United Kingdom,157.900000,0.0671600527,2351.100000,Economic-function and custody-role grouping
2007-12-01,2002M01-2007M12,Mainland China,477.600000,0.2031389562,2351.100000,Economic-function and custody-role grouping
2007-12-01,2002M01-2007M12,Japan,579.900000,0.2466505040,2351.100000,Economic-function and custody-role grouping
2008-02-01,2008M01-2023M09,All other foreign,471.700000,0.1944192565,2426.200000,Economic-function and custody-role grouping
2008-02-01,2008M01-2023M09,Canada & other advanced,50.300000,0.0207320089,2426.200000,Economic-function and custody-role grouping
2008-02-01,2008M01-2023M09,Commodity exporters,146.100000,0.0602176243,2426.200000,Economic-function and custody-role grouping
2008-02-01,2008M01-2023M09,Core EU-27 (identifiable),70.300000,0.0289753524,2426.200000,Economic-function and custody-role grouping
2008-02-01,2008M01-2023M09,Financial/offshore centres,357.300000,0.1472673316,2426.200000,Economic-function and custody-role grouping
2008-02-01,2008M01-2023M09,Other East Asian exporters,79.700000,0.0328497238,2426.200000,Economic-function and custody-role grouping
2008-02-01,2008M01-2023M09,United Kingdom,180.600000,0.0744373918,2426.200000,Economic-function and custody-role grouping
2008-02-01,2008M01-2023M09,Mainland China,486.900000,0.2006841975,2426.200000,Economic-function and custody-role grouping
2008-02-01,2008M01-2023M09,Japan,583.300000,0.2404171132,2426.200000,Economic-function and custody-role grouping
2008-03-01,2008M01-2023M09,All other foreign,478.600000,0.1909587839,2506.300000,Economic-function and custody-role grouping
2008-03-01,2008M01-2023M09,Canada & other advanced,60.200000,0.0240194709,2506.300000,Economic-function and custody-role grouping
2008-03-01,2008M01-2023M09,Commodity exporters,150.700000,0.0601284762,2506.300000,Economic-function and custody-role grouping
2008-03-01,2008M01-2023M09,Core EU-27 (identifiable),67.900000,0.0270917288,2506.300000,Economic-function and custody-role grouping
2008-03-01,2008M01-2023M09,Financial/offshore centres,378.900000,0.1511790288,2506.300000,Economic-function and custody-role grouping
2008-03-01,2008M01-2023M09,Other East Asian exporters,81.500000,0.0325180545,2506.300000,Economic-function and custody-role grouping
2008-03-01,2008M01-2023M09,United Kingdom,200.500000,0.0799984040,2506.300000,Economic-function and custody-role grouping
2008-03-01,2008M01-2023M09,Mainland China,490.600000,0.1957467183,2506.300000,Economic-function and custody-role grouping
2008-03-01,2008M01-2023M09,Japan,597.400000,0.2383593345,2506.300000,Economic-function and custody-role grouping
2008-04-01,2008M01-2023M09,All other foreign,500.400000,0.1934511153,2586.700000,Economic-function and custody-role grouping
2008-04-01,2008M01-2023M09,Canada & other advanced,60.500000,0.0233888739,2586.700000,Economic-function and custody-role grouping
2008-04-01,2008M01-2023M09,Commodity exporters,153.800000,0.0594579967,2586.700000,Economic-function and custody-role grouping
2008-04-01,2008M01-2023M09,Core EU-27 (identifiable),67.000000,0.0259017281,2586.700000,Economic-function and custody-role grouping
2008-04-01,2008M01-2023M09,Financial/offshore centres,384.500000,0.1486449917,2586.700000,Economic-function and custody-role grouping
2008-04-01,2008M01-2023M09,Other East Asian exporters,82.600000,0.0319325782,2586.700000,Economic-function and custody-role grouping
2008-04-01,2008M01-2023M09,United Kingdom,247.100000,0.0955271195,2586.700000,Economic-function and custody-role grouping
2008-04-01,2008M01-2023M09,Mainland China,502.000000,0.1940696641,2586.700000,Economic-function and custody-role grouping
2008-04-01,2008M01-2023M09,Japan,588.800000,0.2276259327,2586.700000,Economic-function and custody-role grouping
2008-05-01,2008M01-2023M09,All other foreign,513.900000,0.1978288486,2597.700000,Economic-function and custody-role grouping
2008-05-01,2008M01-2023M09,Canada & other advanced,62.200000,0.0239442584,2597.700000,Economic-function and custody-role grouping
2008-05-01,2008M01-2023M09,Commodity exporters,164.200000,0.0632097625,2597.700000,Economic-function and custody-role grouping
2008-05-01,2008M01-2023M09,Core EU-27 (identifiable),69.400000,0.0267159410,2597.700000,Economic-function and custody-role grouping
2008-05-01,2008M01-2023M09,Financial/offshore centres,357.200000,0.1375062555,2597.700000,Economic-function and custody-role grouping
2008-05-01,2008M01-2023M09,Other East Asian exporters,77.300000,0.0297570928,2597.700000,Economic-function and custody-role grouping
2008-05-01,2008M01-2023M09,United Kingdom,271.400000,0.1044770374,2597.700000,Economic-function and custody-role grouping
2008-05-01,2008M01-2023M09,Mainland China,506.800000,0.1950956615,2597.700000,Economic-function and custody-role grouping
2008-05-01,2008M01-2023M09,Japan,575.300000,0.2214651422,2597.700000,Economic-function and custody-role grouping
2008-06-01,2008M01-2023M09,All other foreign,519.900000,0.1973953983,2633.800000,Economic-function and custody-role grouping
2008-06-01,2008M01-2023M09,Canada & other advanced,58.000000,0.0220214139,2633.800000,Economic-function and custody-role grouping
2008-06-01,2008M01-2023M09,Commodity exporters,170.300000,0.0646594274,2633.800000,Economic-function and custody-role grouping
2008-06-01,2008M01-2023M09,Core EU-27 (identifiable),63.400000,0.0240716835,2633.800000,Economic-function and custody-role grouping
2008-06-01,2008M01-2023M09,Financial/offshore centres,382.700000,0.1453033640,2633.800000,Economic-function and custody-role grouping
2008-06-01,2008M01-2023M09,Other East Asian exporters,76.000000,0.0288556458,2633.800000,Economic-function and custody-role grouping
2008-06-01,2008M01-2023M09,United Kingdom,279.300000,0.1060444984,2633.800000,Economic-function and custody-role grouping
2008-06-01,2008M01-2023M09,Mainland China,503.800000,0.1912825575,2633.800000,Economic-function and custody-role grouping
2008-06-01,2008M01-2023M09,Japan,580.400000,0.2203660111,2633.800000,Economic-function and custody-role grouping
2008-07-01,2008M01-2023M09,All other foreign,585.000000,0.2229250819,2624.200000,Economic-function and custody-role grouping
2008-07-01,2008M01-2023M09,Canada & other advanced,20.300000,0.0077356909,2624.200000,Economic-function and custody-role grouping
2008-07-01,2008M01-2023M09,Commodity exporters,162.900000,0.0620760613,2624.200000,Economic-function and custody-role grouping
2008-07-01,2008M01-2023M09,Core EU-27 (identifiable),94.200000,0.0358966542,2624.200000,Economic-function and custody-role grouping
2008-07-01,2008M01-2023M09,Financial/offshore centres,400.700000,0.1526941544,2624.200000,Economic-function and custody-role grouping
2008-07-01,2008M01-2023M09,Other East Asian exporters,107.300000,0.0408886518,2624.200000,Economic-function and custody-role grouping
2008-07-01,2008M01-2023M09,United Kingdom,66.200000,0.0252267358,2624.200000,Economic-function and custody-role grouping
2008-07-01,2008M01-2023M09,Mainland China,550.000000,0.2095876839,2624.200000,Economic-function and custody-role grouping
2008-07-01,2008M01-2023M09,Japan,637.600000,0.2429692859,2624.200000,Economic-function and custody-role grouping
2008-08-01,2008M01-2023M09,All other foreign,586.600000,0.2181723510,2688.700000,Economic-function and custody-role grouping
2008-08-01,2008M01-2023M09,Canada & other advanced,19.300000,0.0071781902,2688.700000,Economic-function and custody-role grouping
2008-08-01,2008M01-2023M09,Commodity exporters,169.600000,0.0630788113,2688.700000,Economic-function and custody-role grouping
2008-08-01,2008M01-2023M09,Core EU-27 (identifiable),100.600000,0.0374158515,2688.700000,Economic-function and custody-role grouping
2008-08-01,2008M01-2023M09,Financial/offshore centres,417.600000,0.1553166958,2688.700000,Economic-function and custody-role grouping
2008-08-01,2008M01-2023M09,Other East Asian exporters,108.300000,0.0402796891,2688.700000,Economic-function and custody-role grouping
2008-08-01,2008M01-2023M09,United Kingdom,82.700000,0.0307583591,2688.700000,Economic-function and custody-role grouping
2008-08-01,2008M01-2023M09,Mainland China,573.700000,0.2133744932,2688.700000,Economic-function and custody-role grouping
2008-08-01,2008M01-2023M09,Japan,630.300000,0.2344255588,2688.700000,Economic-function and custody-role grouping
2008-09-01,2008M01-2023M09,All other foreign,564.600000,0.2014701684,2802.400000,Economic-function and custody-role grouping
2008-09-01,2008M01-2023M09,Canada & other advanced,30.900000,0.0110262632,2802.400000,Economic-function and custody-role grouping
2008-09-01,2008M01-2023M09,Commodity exporters,171.200000,0.0610904939,2802.400000,Economic-function and custody-role grouping
2008-09-01,2008M01-2023M09,Core EU-27 (identifiable),96.000000,0.0342563517,2802.400000,Economic-function and custody-role grouping
2008-09-01,2008M01-2023M09,Financial/offshore centres,485.100000,0.1731016272,2802.400000,Economic-function and custody-role grouping
2008-09-01,2008M01-2023M09,Other East Asian exporters,103.200000,0.0368255781,2802.400000,Economic-function and custody-role grouping
2008-09-01,2008M01-2023M09,United Kingdom,115.700000,0.0412860405,2802.400000,Economic-function and custody-role grouping
2008-09-01,2008M01-2023M09,Mainland China,618.200000,0.2205966315,2802.400000,Economic-function and custody-role grouping
2008-09-01,2008M01-2023M09,Japan,617.500000,0.2203468456,2802.400000,Economic-function and custody-role grouping
2008-10-01,2008M01-2023M09,All other foreign,580.900000,0.1948936456,2980.600000,Economic-function and custody-role grouping
2008-10-01,2008M01-2023M09,Canada & other advanced,33.400000,0.0112057975,2980.600000,Economic-function and custody-role grouping
2008-10-01,2008M01-2023M09,Commodity exporters,176.700000,0.0592833658,2980.600000,Economic-function and custody-role grouping
2008-10-01,2008M01-2023M09,Core EU-27 (identifiable),102.800000,0.0344897001,2980.600000,Economic-function and custody-role grouping
2008-10-01,2008M01-2023M09,Financial/offshore centres,536.900000,0.1801315171,2980.600000,Economic-function and custody-role grouping
2008-10-01,2008M01-2023M09,Other East Asian exporters,102.100000,0.0342548480,2980.600000,Economic-function and custody-role grouping
2008-10-01,2008M01-2023M09,United Kingdom,134.100000,0.0449909414,2980.600000,Economic-function and custody-role grouping
2008-10-01,2008M01-2023M09,Mainland China,684.100000,0.2295175468,2980.600000,Economic-function and custody-role grouping
2008-10-01,2008M01-2023M09,Japan,629.600000,0.2112326377,2980.600000,Economic-function and custody-role grouping
2008-11-01,2008M01-2023M09,All other foreign,586.200000,0.1930448528,3036.600000,Economic-function and custody-role grouping
2008-11-01,2008M01-2023M09,Canada & other advanced,42.700000,0.0140617796,3036.600000,Economic-function and custody-role grouping
2008-11-01,2008M01-2023M09,Commodity exporters,187.200000,0.0616478957,3036.600000,Economic-function and custody-role grouping
2008-11-01,2008M01-2023M09,Core EU-27 (identifiable),101.200000,0.0333267470,3036.600000,Economic-function and custody-role grouping
2008-11-01,2008M01-2023M09,Financial/offshore centres,545.000000,0.1794770467,3036.600000,Economic-function and custody-role grouping
2008-11-01,2008M01-2023M09,Other East Asian exporters,102.900000,0.0338865837,3036.600000,Economic-function and custody-role grouping
2008-11-01,2008M01-2023M09,United Kingdom,133.000000,0.0437989857,3036.600000,Economic-function and custody-role grouping
2008-11-01,2008M01-2023M09,Mainland China,713.200000,0.2348679444,3036.600000,Economic-function and custody-role grouping
2008-11-01,2008M01-2023M09,Japan,625.200000,0.2058881644,3036.600000,Economic-function and custody-role grouping
2008-12-01,2008M01-2023M09,All other foreign,588.500000,0.1912452879,3077.200000,Economic-function and custody-role grouping
2008-12-01,2008M01-2023M09,Canada & other advanced,52.200000,0.0169634733,3077.200000,Economic-function and custody-role grouping
2008-12-01,2008M01-2023M09,Commodity exporters,186.200000,0.0605095541,3077.200000,Economic-function and custody-role grouping
2008-12-01,2008M01-2023M09,Core EU-27 (identifiable),101.500000,0.0329845314,3077.200000,Economic-function and custody-role grouping
2008-12-01,2008M01-2023M09,Financial/offshore centres,561.200000,0.1823735864,3077.200000,Economic-function and custody-role grouping
2008-12-01,2008M01-2023M09,Other East Asian exporters,103.100000,0.0335044846,3077.200000,Economic-function and custody-role grouping
2008-12-01,2008M01-2023M09,United Kingdom,131.100000,0.0426036657,3077.200000,Economic-function and custody-role grouping
2008-12-01,2008M01-2023M09,Mainland China,727.400000,0.2363837255,3077.200000,Economic-function and custody-role grouping
2008-12-01,2008M01-2023M09,Japan,626.000000,0.2034316911,3077.200000,Economic-function and custody-role grouping
2009-02-01,2008M01-2023M09,All other foreign,619.500000,0.1959264999,3161.900000,Economic-function and custody-role grouping
2009-02-01,2008M01-2023M09,Canada & other advanced,56.900000,0.0179955090,3161.900000,Economic-function and custody-role grouping
2009-02-01,2008M01-2023M09,Commodity exporters,181.800000,0.0574970745,3161.900000,Economic-function and custody-role grouping
2009-02-01,2008M01-2023M09,Core EU-27 (identifiable),111.300000,0.0352003542,3161.900000,Economic-function and custody-role grouping
2009-02-01,2008M01-2023M09,Financial/offshore centres,550.800000,0.1741990575,3161.900000,Economic-function and custody-role grouping
2009-02-01,2008M01-2023M09,Other East Asian exporters,105.900000,0.0334925203,3161.900000,Economic-function and custody-role grouping
2009-02-01,2008M01-2023M09,United Kingdom,129.600000,0.0409880135,3161.900000,Economic-function and custody-role grouping
2009-02-01,2008M01-2023M09,Mainland China,744.200000,0.2353648123,3161.900000,Economic-function and custody-role grouping
2009-02-01,2008M01-2023M09,Japan,661.900000,0.2093361586,3161.900000,Economic-function and custody-role grouping
2009-03-01,2008M01-2023M09,All other foreign,606.100000,0.1855957375,3265.700000,Economic-function and custody-role grouping
2009-03-01,2008M01-2023M09,Canada & other advanced,63.700000,0.0195057721,3265.700000,Economic-function and custody-role grouping
2009-03-01,2008M01-2023M09,Commodity exporters,192.000000,0.0587929081,3265.700000,Economic-function and custody-role grouping
2009-03-01,2008M01-2023M09,Core EU-27 (identifiable),119.400000,0.0365618397,3265.700000,Economic-function and custody-role grouping
2009-03-01,2008M01-2023M09,Financial/offshore centres,593.700000,0.1817986955,3265.700000,Economic-function and custody-role grouping
2009-03-01,2008M01-2023M09,Other East Asian exporters,107.900000,0.0330403895,3265.700000,Economic-function and custody-role grouping
2009-03-01,2008M01-2023M09,United Kingdom,128.300000,0.0392871360,3265.700000,Economic-function and custody-role grouping
2009-03-01,2008M01-2023M09,Mainland China,767.900000,0.2351410111,3265.700000,Economic-function and custody-role grouping
2009-03-01,2008M01-2023M09,Japan,686.700000,0.2102765104,3265.700000,Economic-function and custody-role grouping
2009-04-01,2008M01-2023M09,All other foreign,597.300000,0.1831029092,3262.100000,Economic-function and custody-role grouping
2009-04-01,2008M01-2023M09,Canada & other advanced,67.500000,0.0206921921,3262.100000,Economic-function and custody-role grouping
2009-04-01,2008M01-2023M09,Commodity exporters,189.600000,0.0581220686,3262.100000,Economic-function and custody-role grouping
2009-04-01,2008M01-2023M09,Core EU-27 (identifiable),122.200000,0.0374605316,3262.100000,Economic-function and custody-role grouping
2009-04-01,2008M01-2023M09,Financial/offshore centres,569.600000,0.1746114466,3262.100000,Economic-function and custody-role grouping
2009-04-01,2008M01-2023M09,Other East Asian exporters,113.700000,0.0348548481,3262.100000,Economic-function and custody-role grouping
2009-04-01,2008M01-2023M09,United Kingdom,152.800000,0.0468409920,3262.100000,Economic-function and custody-role grouping
2009-04-01,2008M01-2023M09,Mainland China,763.500000,0.2340516845,3262.100000,Economic-function and custody-role grouping
2009-04-01,2008M01-2023M09,Japan,685.900000,0.2102633273,3262.100000,Economic-function and custody-role grouping
2009-05-01,2008M01-2023M09,All other foreign,585.500000,0.1778229970,3292.600000,Economic-function and custody-role grouping
2009-05-01,2008M01-2023M09,Canada & other advanced,67.300000,0.0204397740,3292.600000,Economic-function and custody-role grouping
2009-05-01,2008M01-2023M09,Commodity exporters,192.900000,0.0585859199,3292.600000,Economic-function and custody-role grouping
2009-05-01,2008M01-2023M09,Core EU-27 (identifiable),120.400000,0.0365668469,3292.600000,Economic-function and custody-role grouping
2009-05-01,2008M01-2023M09,Financial/offshore centres,570.800000,0.1733584401,3292.600000,Economic-function and custody-role grouping
2009-05-01,2008M01-2023M09,Other East Asian exporters,113.100000,0.0343497540,3292.600000,Economic-function and custody-role grouping
2009-05-01,2008M01-2023M09,United Kingdom,163.900000,0.0497782907,3292.600000,Economic-function and custody-role grouping
2009-05-01,2008M01-2023M09,Mainland China,801.500000,0.2434246492,3292.600000,Economic-function and custody-role grouping
2009-05-01,2008M01-2023M09,Japan,677.200000,0.2056733281,3292.600000,Economic-function and custody-role grouping
2009-06-01,2008M01-2023M09,All other foreign,588.800000,0.1740004137,3383.900000,Economic-function and custody-role grouping
2009-06-01,2008M01-2023M09,Canada & other advanced,75.400000,0.0222819823,3383.900000,Economic-function and custody-role grouping
2009-06-01,2008M01-2023M09,Commodity exporters,191.200000,0.0565028517,3383.900000,Economic-function and custody-role grouping
2009-06-01,2008M01-2023M09,Core EU-27 (identifiable),124.000000,0.0366441089,3383.900000,Economic-function and custody-role grouping
2009-06-01,2008M01-2023M09,Financial/offshore centres,590.000000,0.1743550341,3383.900000,Economic-function and custody-role grouping
2009-06-01,2008M01-2023M09,Other East Asian exporters,113.300000,0.0334820769,3383.900000,Economic-function and custody-role grouping
2009-06-01,2008M01-2023M09,United Kingdom,213.600000,0.0631224327,3383.900000,Economic-function and custody-role grouping
2009-06-01,2008M01-2023M09,Mainland China,776.400000,0.2294394042,3383.900000,Economic-function and custody-role grouping
2009-06-01,2008M01-2023M09,Japan,711.200000,0.2101716954,3383.900000,Economic-function and custody-role grouping
2009-07-01,2008M01-2023M09,All other foreign,649.500000,0.1852644190,3505.800000,Economic-function and custody-role grouping
2009-07-01,2008M01-2023M09,Canada & other advanced,63.000000,0.0179702208,3505.800000,Economic-function and custody-role grouping
2009-07-01,2008M01-2023M09,Commodity exporters,209.900000,0.0598722118,3505.800000,Economic-function and custody-role grouping
2009-07-01,2008M01-2023M09,Core EU-27 (identifiable),133.500000,0.0380797536,3505.800000,Economic-function and custody-role grouping
2009-07-01,2008M01-2023M09,Financial/offshore centres,538.900000,0.1537166980,3505.800000,Economic-function and custody-role grouping
2009-07-01,2008M01-2023M09,Other East Asian exporters,153.100000,0.0436704889,3505.800000,Economic-function and custody-role grouping
2009-07-01,2008M01-2023M09,United Kingdom,97.100000,0.0276969593,3505.800000,Economic-function and custody-role grouping
2009-07-01,2008M01-2023M09,Mainland China,939.900000,0.2680985795,3505.800000,Economic-function and custody-role grouping
2009-07-01,2008M01-2023M09,Japan,720.900000,0.2056306692,3505.800000,Economic-function and custody-role grouping
2009-08-01,2008M01-2023M09,All other foreign,655.700000,0.1856928436,3531.100000,Economic-function and custody-role grouping
2009-08-01,2008M01-2023M09,Canada & other advanced,66.000000,0.0186910594,3531.100000,Economic-function and custody-role grouping
2009-08-01,2008M01-2023M09,Commodity exporters,209.800000,0.0594149132,3531.100000,Economic-function and custody-role grouping
2009-08-01,2008M01-2023M09,Core EU-27 (identifiable),144.200000,0.0408371329,3531.100000,Economic-function and custody-role grouping
2009-08-01,2008M01-2023M09,Financial/offshore centres,534.400000,0.1513409419,3531.100000,Economic-function and custody-role grouping
2009-08-01,2008M01-2023M09,Other East Asian exporters,152.700000,0.0432443148,3531.100000,Economic-function and custody-role grouping
2009-08-01,2008M01-2023M09,United Kingdom,104.300000,0.0295375379,3531.100000,Economic-function and custody-role grouping
2009-08-01,2008M01-2023M09,Mainland China,936.500000,0.2652148056,3531.100000,Economic-function and custody-role grouping
2009-08-01,2008M01-2023M09,Japan,727.500000,0.2060264507,3531.100000,Economic-function and custody-role grouping
2009-09-01,2008M01-2023M09,All other foreign,649.800000,0.1819862208,3570.600000,Economic-function and custody-role grouping
2009-09-01,2008M01-2023M09,Canada & other advanced,79.100000,0.0221531395,3570.600000,Economic-function and custody-role grouping
2009-09-01,2008M01-2023M09,Commodity exporters,201.300000,0.0563770795,3570.600000,Economic-function and custody-role grouping
2009-09-01,2008M01-2023M09,Core EU-27 (identifiable),142.000000,0.0397692265,3570.600000,Economic-function and custody-role grouping
2009-09-01,2008M01-2023M09,Financial/offshore centres,530.400000,0.1485464628,3570.600000,Economic-function and custody-role grouping
2009-09-01,2008M01-2023M09,Other East Asian exporters,155.000000,0.0434100711,3570.600000,Economic-function and custody-role grouping
2009-09-01,2008M01-2023M09,United Kingdom,126.800000,0.0355122388,3570.600000,Economic-function and custody-role grouping
2009-09-01,2008M01-2023M09,Mainland China,938.300000,0.2627849661,3570.600000,Economic-function and custody-role grouping
2009-09-01,2008M01-2023M09,Japan,747.900000,0.2094605949,3570.600000,Economic-function and custody-role grouping
2009-10-01,2008M01-2023M09,All other foreign,657.200000,0.1840071677,3571.600000,Economic-function and custody-role grouping
2009-10-01,2008M01-2023M09,Canada & other advanced,79.400000,0.0222309329,3571.600000,Economic-function and custody-role grouping
2009-10-01,2008M01-2023M09,Commodity exporters,204.900000,0.0573692463,3571.600000,Economic-function and custody-role grouping
2009-10-01,2008M01-2023M09,Core EU-27 (identifiable),148.900000,0.0416899989,3571.600000,Economic-function and custody-role grouping
2009-10-01,2008M01-2023M09,Financial/offshore centres,533.000000,0.1492328368,3571.600000,Economic-function and custody-role grouping
2009-10-01,2008M01-2023M09,Other East Asian exporters,158.900000,0.0444898645,3571.600000,Economic-function and custody-role grouping
2009-10-01,2008M01-2023M09,United Kingdom,108.100000,0.0302665472,3571.600000,Economic-function and custody-role grouping
2009-10-01,2008M01-2023M09,Mainland China,938.300000,0.2627113899,3571.600000,Economic-function and custody-role grouping
2009-10-01,2008M01-2023M09,Japan,742.900000,0.2080020159,3571.600000,Economic-function and custody-role grouping
2009-11-01,2008M01-2023M09,All other foreign,668.700000,0.1822567457,3669.000000,Economic-function and custody-role grouping
2009-11-01,2008M01-2023M09,Canada & other advanced,88.000000,0.0239847370,3669.000000,Economic-function and custody-role grouping
2009-11-01,2008M01-2023M09,Commodity exporters,202.600000,0.0552194058,3669.000000,Economic-function and custody-role grouping
2009-11-01,2008M01-2023M09,Core EU-27 (identifiable),161.200000,0.0439356773,3669.000000,Economic-function and custody-role grouping
2009-11-01,2008M01-2023M09,Financial/offshore centres,554.100000,0.1510220769,3669.000000,Economic-function and custody-role grouping
2009-11-01,2008M01-2023M09,Other East Asian exporters,155.600000,0.0424093759,3669.000000,Economic-function and custody-role grouping
2009-11-01,2008M01-2023M09,United Kingdom,155.500000,0.0423821205,3669.000000,Economic-function and custody-role grouping
2009-11-01,2008M01-2023M09,Mainland China,929.000000,0.2532025075,3669.000000,Economic-function and custody-role grouping
2009-11-01,2008M01-2023M09,Japan,754.300000,0.2055873535,3669.000000,Economic-function and custody-role grouping
2009-12-01,2008M01-2023M09,All other foreign,664.700000,0.1803750237,3685.100000,Economic-function and custody-role grouping
2009-12-01,2008M01-2023M09,Canada & other advanced,95.000000,0.0257794904,3685.100000,Economic-function and custody-role grouping
2009-12-01,2008M01-2023M09,Commodity exporters,201.100000,0.0545711107,3685.100000,Economic-function and custody-role grouping
2009-12-01,2008M01-2023M09,Core EU-27 (identifiable),151.200000,0.0410300942,3685.100000,Economic-function and custody-role grouping
2009-12-01,2008M01-2023M09,Financial/offshore centres,575.500000,0.1561694391,3685.100000,Economic-function and custody-role grouping
2009-12-01,2008M01-2023M09,Other East Asian exporters,156.800000,0.0425497273,3685.100000,Economic-function and custody-role grouping
2009-12-01,2008M01-2023M09,United Kingdom,180.300000,0.0489267591,3685.100000,Economic-function and custody-role grouping
2009-12-01,2008M01-2023M09,Mainland China,894.800000,0.2428156631,3685.100000,Economic-function and custody-role grouping
2009-12-01,2008M01-2023M09,Japan,765.700000,0.2077826925,3685.100000,Economic-function and custody-role grouping
2010-02-01,2008M01-2023M09,All other foreign,661.800000,0.1766920304,3745.500000,Economic-function and custody-role grouping
2010-02-01,2008M01-2023M09,Canada & other advanced,114.000000,0.0304365238,3745.500000,Economic-function and custody-role grouping
2010-02-01,2008M01-2023M09,Commodity exporters,211.900000,0.0565745561,3745.500000,Economic-function and custody-role grouping
2010-02-01,2008M01-2023M09,Core EU-27 (identifiable),142.300000,0.0379922574,3745.500000,Economic-function and custody-role grouping
2010-02-01,2008M01-2023M09,Financial/offshore centres,575.100000,0.1535442531,3745.500000,Economic-function and custody-role grouping
2010-02-01,2008M01-2023M09,Other East Asian exporters,161.200000,0.0430383126,3745.500000,Economic-function and custody-role grouping
2010-02-01,2008M01-2023M09,United Kingdom,233.500000,0.0623414764,3745.500000,Economic-function and custody-role grouping
2010-02-01,2008M01-2023M09,Mainland China,877.500000,0.2342811374,3745.500000,Economic-function and custody-role grouping
2010-02-01,2008M01-2023M09,Japan,768.200000,0.2050994527,3745.500000,Economic-function and custody-role grouping
2010-03-01,2008M01-2023M09,All other foreign,663.300000,0.1710461848,3877.900000,Economic-function and custody-role grouping
2010-03-01,2008M01-2023M09,Canada & other advanced,128.100000,0.0330333428,3877.900000,Economic-function and custody-role grouping
2010-03-01,2008M01-2023M09,Commodity exporters,223.400000,0.0576084994,3877.900000,Economic-function and custody-role grouping
2010-03-01,2008M01-2023M09,Core EU-27 (identifiable),153.700000,0.0396348539,3877.900000,Economic-function and custody-role grouping
2010-03-01,2008M01-2023M09,Financial/offshore centres,587.000000,0.1513705872,3877.900000,Economic-function and custody-role grouping
2010-03-01,2008M01-2023M09,Other East Asian exporters,164.900000,0.0425230150,3877.900000,Economic-function and custody-role grouping
2010-03-01,2008M01-2023M09,United Kingdom,279.000000,0.0719461564,3877.900000,Economic-function and custody-role grouping
2010-03-01,2008M01-2023M09,Mainland China,895.200000,0.2308465922,3877.900000,Economic-function and custody-role grouping
2010-03-01,2008M01-2023M09,Japan,783.300000,0.2019907682,3877.900000,Economic-function and custody-role grouping
2010-04-01,2008M01-2023M09,All other foreign,659.100000,0.1668100830,3951.200000,Economic-function and custody-role grouping
2010-04-01,2008M01-2023M09,Canada & other advanced,134.700000,0.0340909091,3951.200000,Economic-function and custody-role grouping
2010-04-01,2008M01-2023M09,Commodity exporters,232.900000,0.0589441182,3951.200000,Economic-function and custody-role grouping
2010-04-01,2008M01-2023M09,Core EU-27 (identifiable),155.600000,0.0393804414,3951.200000,Economic-function and custody-role grouping
2010-04-01,2008M01-2023M09,Financial/offshore centres,588.200000,0.1488661672,3951.200000,Economic-function and custody-role grouping
2010-04-01,2008M01-2023M09,Other East Asian exporters,165.600000,0.0419113181,3951.200000,Economic-function and custody-role grouping
2010-04-01,2008M01-2023M09,United Kingdom,321.100000,0.0812664507,3951.200000,Economic-function and custody-role grouping
2010-04-01,2008M01-2023M09,Mainland China,900.200000,0.2278295201,3951.200000,Economic-function and custody-role grouping
2010-04-01,2008M01-2023M09,Japan,793.800000,0.2009009921,3951.200000,Economic-function and custody-role grouping
2010-05-01,2008M01-2023M09,All other foreign,681.000000,0.1720479006,3958.200000,Economic-function and custody-role grouping
2010-05-01,2008M01-2023M09,Canada & other advanced,134.200000,0.0339042999,3958.200000,Economic-function and custody-role grouping
2010-05-01,2008M01-2023M09,Commodity exporters,228.600000,0.0577535243,3958.200000,Economic-function and custody-role grouping
2010-05-01,2008M01-2023M09,Core EU-27 (identifiable),151.300000,0.0382244455,3958.200000,Economic-function and custody-role grouping
2010-05-01,2008M01-2023M09,Financial/offshore centres,595.900000,0.1505482290,3958.200000,Economic-function and custody-role grouping
2010-05-01,2008M01-2023M09,Other East Asian exporters,164.000000,0.0414329746,3958.200000,Economic-function and custody-role grouping
2010-05-01,2008M01-2023M09,United Kingdom,350.700000,0.0886008792,3958.200000,Economic-function and custody-role grouping
2010-05-01,2008M01-2023M09,Mainland China,867.700000,0.2192158052,3958.200000,Economic-function and custody-role grouping
2010-05-01,2008M01-2023M09,Japan,784.800000,0.1982719418,3958.200000,Economic-function and custody-role grouping
2010-06-01,2008M01-2023M09,All other foreign,681.300000,0.1702016038,4002.900000,Economic-function and custody-role grouping
2010-06-01,2008M01-2023M09,Canada & other advanced,142.700000,0.0356491544,4002.900000,Economic-function and custody-role grouping
2010-06-01,2008M01-2023M09,Commodity exporters,216.300000,0.0540358240,4002.900000,Economic-function and custody-role grouping
2010-06-01,2008M01-2023M09,Core EU-27 (identifiable),149.800000,0.0374228684,4002.900000,Economic-function and custody-role grouping
2010-06-01,2008M01-2023M09,Financial/offshore centres,637.000000,0.1591346274,4002.900000,Economic-function and custody-role grouping
2010-06-01,2008M01-2023M09,Other East Asian exporters,167.300000,0.0417946988,4002.900000,Economic-function and custody-role grouping
2010-06-01,2008M01-2023M09,United Kingdom,363.600000,0.0908341452,4002.900000,Economic-function and custody-role grouping
2010-06-01,2008M01-2023M09,Mainland China,843.700000,0.2107721902,4002.900000,Economic-function and custody-role grouping
2010-06-01,2008M01-2023M09,Japan,801.200000,0.2001548877,4002.900000,Economic-function and custody-role grouping
2010-07-01,2008M01-2023M09,All other foreign,776.100000,0.1887540433,4111.700000,Economic-function and custody-role grouping
2010-07-01,2008M01-2023M09,Canada & other advanced,95.100000,0.0231291193,4111.700000,Economic-function and custody-role grouping
2010-07-01,2008M01-2023M09,Commodity exporters,217.800000,0.0529707907,4111.700000,Economic-function and custody-role grouping
2010-07-01,2008M01-2023M09,Core EU-27 (identifiable),140.800000,0.0342437435,4111.700000,Economic-function and custody-role grouping
2010-07-01,2008M01-2023M09,Financial/offshore centres,653.300000,0.1588880512,4111.700000,Economic-function and custody-role grouping
2010-07-01,2008M01-2023M09,Other East Asian exporters,191.400000,0.0465500888,4111.700000,Economic-function and custody-role grouping
2010-07-01,2008M01-2023M09,United Kingdom,104.900000,0.0255125617,4111.700000,Economic-function and custody-role grouping
2010-07-01,2008M01-2023M09,Mainland China,1115.100000,0.2712016927,4111.700000,Economic-function and custody-role grouping
2010-07-01,2008M01-2023M09,Japan,817.200000,0.1987499088,4111.700000,Economic-function and custody-role grouping
2010-08-01,2008M01-2023M09,All other foreign,791.000000,0.1855892635,4262.100000,Economic-function and custody-role grouping
2010-08-01,2008M01-2023M09,Canada & other advanced,93.200000,0.0218671547,4262.100000,Economic-function and custody-role grouping
2010-08-01,2008M01-2023M09,Commodity exporters,220.500000,0.0517350602,4262.100000,Economic-function and custody-role grouping
2010-08-01,2008M01-2023M09,Core EU-27 (identifiable),149.900000,0.0351704559,4262.100000,Economic-function and custody-role grouping
2010-08-01,2008M01-2023M09,Financial/offshore centres,666.100000,0.1562844607,4262.100000,Economic-function and custody-role grouping
2010-08-01,2008M01-2023M09,Other East Asian exporters,193.300000,0.0453532296,4262.100000,Economic-function and custody-role grouping
2010-08-01,2008M01-2023M09,United Kingdom,178.900000,0.0419746135,4262.100000,Economic-function and custody-role grouping
2010-08-01,2008M01-2023M09,Mainland China,1136.800000,0.2667229769,4262.100000,Economic-function and custody-role grouping
2010-08-01,2008M01-2023M09,Japan,832.400000,0.1953027850,4262.100000,Economic-function and custody-role grouping
2010-09-01,2008M01-2023M09,All other foreign,802.700000,0.1859823911,4316.000000,Economic-function and custody-role grouping
2010-09-01,2008M01-2023M09,Canada & other advanced,109.100000,0.0252780352,4316.000000,Economic-function and custody-role grouping
2010-09-01,2008M01-2023M09,Commodity exporters,224.600000,0.0520389249,4316.000000,Economic-function and custody-role grouping
2010-09-01,2008M01-2023M09,Core EU-27 (identifiable),149.100000,0.0345458758,4316.000000,Economic-function and custody-role grouping
2010-09-01,2008M01-2023M09,Financial/offshore centres,637.200000,0.1476367006,4316.000000,Economic-function and custody-role grouping
2010-09-01,2008M01-2023M09,Other East Asian exporters,192.000000,0.0444856348,4316.000000,Economic-function and custody-role grouping
2010-09-01,2008M01-2023M09,United Kingdom,188.600000,0.0436978684,4316.000000,Economic-function and custody-role grouping
2010-09-01,2008M01-2023M09,Mainland China,1151.900000,0.2668906395,4316.000000,Economic-function and custody-role grouping
2010-09-01,2008M01-2023M09,Japan,860.800000,0.1994439296,4316.000000,Economic-function and custody-role grouping
2010-10-01,2008M01-2023M09,All other foreign,806.800000,0.1852157943,4356.000000,Economic-function and custody-role grouping
2010-10-01,2008M01-2023M09,Canada & other advanced,116.600000,0.0267676768,4356.000000,Economic-function and custody-role grouping
2010-10-01,2008M01-2023M09,Commodity exporters,208.000000,0.0477502296,4356.000000,Economic-function and custody-role grouping
2010-10-01,2008M01-2023M09,Core EU-27 (identifiable),150.300000,0.0345041322,4356.000000,Economic-function and custody-role grouping
2010-10-01,2008M01-2023M09,Financial/offshore centres,624.200000,0.1432966024,4356.000000,Economic-function and custody-role grouping
2010-10-01,2008M01-2023M09,Other East Asian exporters,193.900000,0.0445133150,4356.000000,Economic-function and custody-role grouping
2010-10-01,2008M01-2023M09,United Kingdom,207.300000,0.0475895317,4356.000000,Economic-function and custody-role grouping
2010-10-01,2008M01-2023M09,Mainland China,1175.300000,0.2698117539,4356.000000,Economic-function and custody-role grouping
2010-10-01,2008M01-2023M09,Japan,873.600000,0.2005509642,4356.000000,Economic-function and custody-role grouping
2010-11-01,2008M01-2023M09,All other foreign,805.100000,0.1832104497,4394.400000,Economic-function and custody-role grouping
2010-11-01,2008M01-2023M09,Canada & other advanced,129.100000,0.0293782997,4394.400000,Economic-function and custody-role grouping
2010-11-01,2008M01-2023M09,Commodity exporters,204.300000,0.0464909885,4394.400000,Economic-function and custody-role grouping
2010-11-01,2008M01-2023M09,Core EU-27 (identifiable),144.700000,0.0329282723,4394.400000,Economic-function and custody-role grouping
2010-11-01,2008M01-2023M09,Financial/offshore centres,636.100000,0.1447524122,4394.400000,Economic-function and custody-role grouping
2010-11-01,2008M01-2023M09,Other East Asian exporters,194.200000,0.0441926088,4394.400000,Economic-function and custody-role grouping
2010-11-01,2008M01-2023M09,United Kingdom,240.900000,0.0548197706,4394.400000,Economic-function and custody-role grouping
2010-11-01,2008M01-2023M09,Mainland China,1164.100000,0.2649053341,4394.400000,Economic-function and custody-role grouping
2010-11-01,2008M01-2023M09,Japan,875.900000,0.1993218642,4394.400000,Economic-function and custody-role grouping
2010-12-01,2008M01-2023M09,All other foreign,770.000000,0.1743738394,4415.800000,Economic-function and custody-role grouping
2010-12-01,2008M01-2023M09,Canada & other advanced,129.700000,0.0293718013,4415.800000,Economic-function and custody-role grouping
2010-12-01,2008M01-2023M09,Commodity exporters,211.900000,0.0479867748,4415.800000,Economic-function and custody-role grouping
2010-12-01,2008M01-2023M09,Core EU-27 (identifiable),141.500000,0.0320440237,4415.800000,Economic-function and custody-role grouping
2010-12-01,2008M01-2023M09,Financial/offshore centres,659.900000,0.1494406450,4415.800000,Economic-function and custody-role grouping
2010-12-01,2008M01-2023M09,Other East Asian exporters,191.400000,0.0433443544,4415.800000,Economic-function and custody-role grouping
2010-12-01,2008M01-2023M09,United Kingdom,269.000000,0.0609176140,4415.800000,Economic-function and custody-role grouping
2010-12-01,2008M01-2023M09,Mainland China,1160.100000,0.2627157027,4415.800000,Economic-function and custody-role grouping
2010-12-01,2008M01-2023M09,Japan,882.300000,0.1998052448,4415.800000,Economic-function and custody-role grouping
2011-02-01,2008M01-2023M09,All other foreign,756.600000,0.1693792115,4466.900000,Economic-function and custody-role grouping
2011-02-01,2008M01-2023M09,Canada & other advanced,146.400000,0.0327744073,4466.900000,Economic-function and custody-role grouping
2011-02-01,2008M01-2023M09,Commodity exporters,219.000000,0.0490272896,4466.900000,Economic-function and custody-role grouping
2011-02-01,2008M01-2023M09,Core EU-27 (identifiable),175.200000,0.0392218317,4466.900000,Economic-function and custody-role grouping
2011-02-01,2008M01-2023M09,Financial/offshore centres,641.300000,0.1435671271,4466.900000,Economic-function and custody-role grouping
2011-02-01,2008M01-2023M09,Other East Asian exporters,187.200000,0.0419082585,4466.900000,Economic-function and custody-role grouping
2011-02-01,2008M01-2023M09,United Kingdom,296.700000,0.0664219033,4466.900000,Economic-function and custody-role grouping
2011-02-01,2008M01-2023M09,Mainland China,1154.100000,0.2583671002,4466.900000,Economic-function and custody-role grouping
2011-02-01,2008M01-2023M09,Japan,890.400000,0.1993328707,4466.900000,Economic-function and custody-role grouping
2011-03-01,2008M01-2023M09,All other foreign,752.200000,0.1678493328,4481.400000,Economic-function and custody-role grouping
2011-03-01,2008M01-2023M09,Canada & other advanced,144.300000,0.0321997590,4481.400000,Economic-function and custody-role grouping
2011-03-01,2008M01-2023M09,Commodity exporters,222.500000,0.0496496631,4481.400000,Economic-function and custody-role grouping
2011-03-01,2008M01-2023M09,Core EU-27 (identifiable),172.600000,0.0385147499,4481.400000,Economic-function and custody-role grouping
2011-03-01,2008M01-2023M09,Financial/offshore centres,622.000000,0.1387959120,4481.400000,Economic-function and custody-role grouping
2011-03-01,2008M01-2023M09,Other East Asian exporters,188.600000,0.0420850627,4481.400000,Economic-function and custody-role grouping
2011-03-01,2008M01-2023M09,United Kingdom,326.200000,0.0727897532,4481.400000,Economic-function and custody-role grouping
2011-03-01,2008M01-2023M09,Mainland China,1144.900000,0.2554781988,4481.400000,Economic-function and custody-role grouping
2011-03-01,2008M01-2023M09,Japan,908.100000,0.2026375686,4481.400000,Economic-function and custody-role grouping
2011-04-01,2008M01-2023M09,All other foreign,776.500000,0.1726898699,4496.500000,Economic-function and custody-role grouping
2011-04-01,2008M01-2023M09,Canada & other advanced,143.600000,0.0319359502,4496.500000,Economic-function and custody-role grouping
2011-04-01,2008M01-2023M09,Commodity exporters,221.600000,0.0492827755,4496.500000,Economic-function and custody-role grouping
2011-04-01,2008M01-2023M09,Core EU-27 (identifiable),176.800000,0.0393194707,4496.500000,Economic-function and custody-role grouping
2011-04-01,2008M01-2023M09,Financial/offshore centres,600.200000,0.1334815968,4496.500000,Economic-function and custody-role grouping
2011-04-01,2008M01-2023M09,Other East Asian exporters,185.400000,0.0412320694,4496.500000,Economic-function and custody-role grouping
2011-04-01,2008M01-2023M09,United Kingdom,333.200000,0.0741020794,4496.500000,Economic-function and custody-role grouping
2011-04-01,2008M01-2023M09,Mainland China,1152.500000,0.2563104637,4496.500000,Economic-function and custody-role grouping
2011-04-01,2008M01-2023M09,Japan,906.700000,0.2016457245,4496.500000,Economic-function and custody-role grouping
2011-05-01,2008M01-2023M09,All other foreign,771.300000,0.1700171935,4536.600000,Economic-function and custody-role grouping
2011-05-01,2008M01-2023M09,Canada & other advanced,145.700000,0.0321165631,4536.600000,Economic-function and custody-role grouping
2011-05-01,2008M01-2023M09,Commodity exporters,230.000000,0.0506987612,4536.600000,Economic-function and custody-role grouping
2011-05-01,2008M01-2023M09,Core EU-27 (identifiable),190.500000,0.0419918000,4536.600000,Economic-function and custody-role grouping
2011-05-01,2008M01-2023M09,Financial/offshore centres,596.400000,0.1314640921,4536.600000,Economic-function and custody-role grouping
2011-05-01,2008M01-2023M09,Other East Asian exporters,186.000000,0.0409998677,4536.600000,Economic-function and custody-role grouping
2011-05-01,2008M01-2023M09,United Kingdom,344.500000,0.0759379271,4536.600000,Economic-function and custody-role grouping
2011-05-01,2008M01-2023M09,Mainland China,1159.800000,0.2556540140,4536.600000,Economic-function and custody-role grouping
2011-05-01,2008M01-2023M09,Japan,912.400000,0.2011197813,4536.600000,Economic-function and custody-role grouping
2011-06-01,2008M01-2023M09,All other foreign,765.200000,0.1687841892,4533.600000,Economic-function and custody-role grouping
2011-06-01,2008M01-2023M09,Canada & other advanced,139.500000,0.0307702488,4533.600000,Economic-function and custody-role grouping
2011-06-01,2008M01-2023M09,Commodity exporters,233.100000,0.0514160932,4533.600000,Economic-function and custody-role grouping
2011-06-01,2008M01-2023M09,Core EU-27 (identifiable),191.300000,0.0421960473,4533.600000,Economic-function and custody-role grouping
2011-06-01,2008M01-2023M09,Financial/offshore centres,597.600000,0.1318157755,4533.600000,Economic-function and custody-role grouping
2011-06-01,2008M01-2023M09,Other East Asian exporters,183.300000,0.0404314452,4533.600000,Economic-function and custody-role grouping
2011-06-01,2008M01-2023M09,United Kingdom,347.000000,0.0765396153,4533.600000,Economic-function and custody-role grouping
2011-06-01,2008M01-2023M09,Mainland China,1165.500000,0.2570804659,4533.600000,Economic-function and custody-role grouping
2011-06-01,2008M01-2023M09,Japan,911.100000,0.2009661196,4533.600000,Economic-function and custody-role grouping
2011-07-01,2008M01-2023M09,All other foreign,830.500000,0.1779172647,4667.900000,Economic-function and custody-role grouping
2011-07-01,2008M01-2023M09,Canada & other advanced,111.800000,0.0239508130,4667.900000,Economic-function and custody-role grouping
2011-07-01,2008M01-2023M09,Commodity exporters,243.900000,0.0522504767,4667.900000,Economic-function and custody-role grouping
2011-07-01,2008M01-2023M09,Core EU-27 (identifiable),215.400000,0.0461449474,4667.900000,Economic-function and custody-role grouping
2011-07-01,2008M01-2023M09,Financial/offshore centres,744.500000,0.1594935624,4667.900000,Economic-function and custody-role grouping
2011-07-01,2008M01-2023M09,Other East Asian exporters,181.000000,0.0387754665,4667.900000,Economic-function and custody-role grouping
2011-07-01,2008M01-2023M09,United Kingdom,141.000000,0.0302063026,4667.900000,Economic-function and custody-role grouping
2011-07-01,2008M01-2023M09,Mainland China,1314.900000,0.2816898391,4667.900000,Economic-function and custody-role grouping
2011-07-01,2008M01-2023M09,Japan,884.900000,0.1895713276,4667.900000,Economic-function and custody-role grouping
2011-08-01,2008M01-2023M09,All other foreign,819.600000,0.1720655848,4763.300000,Economic-function and custody-role grouping
2011-08-01,2008M01-2023M09,Canada & other advanced,115.600000,0.0242688892,4763.300000,Economic-function and custody-role grouping
2011-08-01,2008M01-2023M09,Commodity exporters,246.000000,0.0516448681,4763.300000,Economic-function and custody-role grouping
2011-08-01,2008M01-2023M09,Core EU-27 (identifiable),228.600000,0.0479919384,4763.300000,Economic-function and custody-role grouping
2011-08-01,2008M01-2023M09,Financial/offshore centres,807.300000,0.1694833414,4763.300000,Economic-function and custody-role grouping
2011-08-01,2008M01-2023M09,Other East Asian exporters,179.800000,0.0377469401,4763.300000,Economic-function and custody-role grouping
2011-08-01,2008M01-2023M09,United Kingdom,181.200000,0.0380408540,4763.300000,Economic-function and custody-role grouping
2011-08-01,2008M01-2023M09,Mainland China,1278.500000,0.2684063569,4763.300000,Economic-function and custody-role grouping
2011-08-01,2008M01-2023M09,Japan,906.700000,0.1903512271,4763.300000,Economic-function and custody-role grouping
2011-09-01,2008M01-2023M09,All other foreign,836.300000,0.1702530486,4912.100000,Economic-function and custody-role grouping
2011-09-01,2008M01-2023M09,Canada & other advanced,128.400000,0.0261395330,4912.100000,Economic-function and custody-role grouping
2011-09-01,2008M01-2023M09,Commodity exporters,252.400000,0.0513833187,4912.100000,Economic-function and custody-role grouping
2011-09-01,2008M01-2023M09,Core EU-27 (identifiable),218.600000,0.0445023513,4912.100000,Economic-function and custody-role grouping
2011-09-01,2008M01-2023M09,Financial/offshore centres,899.600000,0.1831395941,4912.100000,Economic-function and custody-role grouping
2011-09-01,2008M01-2023M09,Other East Asian exporters,205.100000,0.0417540360,4912.100000,Economic-function and custody-role grouping
2011-09-01,2008M01-2023M09,United Kingdom,117.500000,0.0239205228,4912.100000,Economic-function and custody-role grouping
2011-09-01,2008M01-2023M09,Mainland China,1270.200000,0.2585859408,4912.100000,Economic-function and custody-role grouping
2011-09-01,2008M01-2023M09,Japan,984.000000,0.2003216547,4912.100000,Economic-function and custody-role grouping
2011-10-01,2008M01-2023M09,All other foreign,845.000000,0.1716886442,4921.700000,Economic-function and custody-role grouping
2011-10-01,2008M01-2023M09,Canada & other advanced,127.400000,0.0258853648,4921.700000,Economic-function and custody-role grouping
2011-10-01,2008M01-2023M09,Commodity exporters,248.300000,0.0504500477,4921.700000,Economic-function and custody-role grouping
2011-10-01,2008M01-2023M09,Core EU-27 (identifiable),230.300000,0.0467927749,4921.700000,Economic-function and custody-role grouping
2011-10-01,2008M01-2023M09,Financial/offshore centres,891.300000,0.1810959628,4921.700000,Economic-function and custody-role grouping
2011-10-01,2008M01-2023M09,Other East Asian exporters,210.100000,0.0426885019,4921.700000,Economic-function and custody-role grouping
2011-10-01,2008M01-2023M09,United Kingdom,107.100000,0.0217607737,4921.700000,Economic-function and custody-role grouping
2011-10-01,2008M01-2023M09,Mainland China,1256.000000,0.2551963752,4921.700000,Economic-function and custody-role grouping
2011-10-01,2008M01-2023M09,Japan,1006.200000,0.2044415547,4921.700000,Economic-function and custody-role grouping
2011-11-01,2008M01-2023M09,All other foreign,848.500000,0.1694018527,5008.800000,Economic-function and custody-role grouping
2011-11-01,2008M01-2023M09,Canada & other advanced,132.500000,0.0264534419,5008.800000,Economic-function and custody-role grouping
2011-11-01,2008M01-2023M09,Commodity exporters,254.100000,0.0507307139,5008.800000,Economic-function and custody-role grouping
2011-11-01,2008M01-2023M09,Core EU-27 (identifiable),236.600000,0.0472368631,5008.800000,Economic-function and custody-role grouping
2011-11-01,2008M01-2023M09,Financial/offshore centres,882.100000,0.1761100463,5008.800000,Economic-function and custody-role grouping
2011-11-01,2008M01-2023M09,Other East Asian exporters,209.000000,0.0417265613,5008.800000,Economic-function and custody-role grouping
2011-11-01,2008M01-2023M09,United Kingdom,125.200000,0.0249960070,5008.800000,Economic-function and custody-role grouping
2011-11-01,2008M01-2023M09,Mainland China,1254.600000,0.2504791567,5008.800000,Economic-function and custody-role grouping
2011-11-01,2008M01-2023M09,Japan,1066.200000,0.2128653570,5008.800000,Economic-function and custody-role grouping
2011-12-01,2008M01-2023M09,All other foreign,859.700000,0.1717888258,5004.400000,Economic-function and custody-role grouping
2011-12-01,2008M01-2023M09,Canada & other advanced,142.900000,0.0285548717,5004.400000,Economic-function and custody-role grouping
2011-12-01,2008M01-2023M09,Commodity exporters,260.800000,0.0521141396,5004.400000,Economic-function and custody-role grouping
2011-12-01,2008M01-2023M09,Core EU-27 (identifiable),226.100000,0.0451802414,5004.400000,Economic-function and custody-role grouping
2011-12-01,2008M01-2023M09,Financial/offshore centres,966.000000,0.1930301335,5004.400000,Economic-function and custody-role grouping
2011-12-01,2008M01-2023M09,Other East Asian exporters,224.600000,0.0448805052,5004.400000,Economic-function and custody-role grouping
2011-12-01,2008M01-2023M09,United Kingdom,114.300000,0.0228399009,5004.400000,Economic-function and custody-role grouping
2011-12-01,2008M01-2023M09,Mainland China,1151.900000,0.2301774438,5004.400000,Economic-function and custody-role grouping
2011-12-01,2008M01-2023M09,Japan,1058.100000,0.2114339381,5004.400000,Economic-function and custody-role grouping
2012-01-01,2008M01-2023M09,All other foreign,955.400000,0.1890271650,5054.300000,Economic-function and custody-role grouping
2012-01-01,2008M01-2023M09,Canada & other advanced,149.400000,0.0295589894,5054.300000,Economic-function and custody-role grouping
2012-01-01,2008M01-2023M09,Commodity exporters,216.900000,0.0429139545,5054.300000,Economic-function and custody-role grouping
2012-01-01,2008M01-2023M09,Core EU-27 (identifiable),223.600000,0.0442395584,5054.300000,Economic-function and custody-role grouping
2012-01-01,2008M01-2023M09,Financial/offshore centres,923.900000,0.1827948480,5054.300000,Economic-function and custody-role grouping
2012-01-01,2008M01-2023M09,Other East Asian exporters,228.400000,0.0451892448,5054.300000,Economic-function and custody-role grouping
2012-01-01,2008M01-2023M09,United Kingdom,109.700000,0.0217042914,5054.300000,Economic-function and custody-role grouping
2012-01-01,2008M01-2023M09,Mainland China,1166.200000,0.2307342263,5054.300000,Economic-function and custody-role grouping
2012-01-01,2008M01-2023M09,Japan,1080.800000,0.2138377223,5054.300000,Economic-function and custody-role grouping
2012-02-01,2008M01-2023M09,All other foreign,963.200000,0.1887628118,5102.700000,Economic-function and custody-role grouping
2012-02-01,2008M01-2023M09,Canada & other advanced,159.300000,0.0312187665,5102.700000,Economic-function and custody-role grouping
2012-02-01,2008M01-2023M09,Commodity exporters,218.800000,0.0428792600,5102.700000,Economic-function and custody-role grouping
2012-02-01,2008M01-2023M09,Core EU-27 (identifiable),216.200000,0.0423697258,5102.700000,Economic-function and custody-role grouping
2012-02-01,2008M01-2023M09,Financial/offshore centres,953.400000,0.1868422600,5102.700000,Economic-function and custody-role grouping
2012-02-01,2008M01-2023M09,Other East Asian exporters,234.400000,0.0459364650,5102.700000,Economic-function and custody-role grouping
2012-02-01,2008M01-2023M09,United Kingdom,113.600000,0.0222627237,5102.700000,Economic-function and custody-role grouping
2012-02-01,2008M01-2023M09,Mainland China,1155.200000,0.2263899504,5102.700000,Economic-function and custody-role grouping
2012-02-01,2008M01-2023M09,Japan,1088.600000,0.2133380367,5102.700000,Economic-function and custody-role grouping
2012-03-01,2008M01-2023M09,All other foreign,991.700000,0.1927464967,5145.100000,Economic-function and custody-role grouping
2012-03-01,2008M01-2023M09,Canada & other advanced,160.600000,0.0312141649,5145.100000,Economic-function and custody-role grouping
2012-03-01,2008M01-2023M09,Commodity exporters,214.300000,0.0416512799,5145.100000,Economic-function and custody-role grouping
2012-03-01,2008M01-2023M09,Core EU-27 (identifiable),226.200000,0.0439641601,5145.100000,Economic-function and custody-role grouping
2012-03-01,2008M01-2023M09,Financial/offshore centres,976.500000,0.1897922295,5145.100000,Economic-function and custody-role grouping
2012-03-01,2008M01-2023M09,Other East Asian exporters,232.800000,0.0452469340,5145.100000,Economic-function and custody-role grouping
2012-03-01,2008M01-2023M09,United Kingdom,118.600000,0.0230510583,5145.100000,Economic-function and custody-role grouping
2012-03-01,2008M01-2023M09,Mainland China,1144.000000,0.2223474762,5145.100000,Economic-function and custody-role grouping
2012-03-01,2008M01-2023M09,Japan,1080.400000,0.2099862005,5145.100000,Economic-function and custody-role grouping
2012-04-01,2008M01-2023M09,All other foreign,1011.500000,0.1939783297,5214.500000,Economic-function and custody-role grouping
2012-04-01,2008M01-2023M09,Canada & other advanced,178.400000,0.0342122926,5214.500000,Economic-function and custody-role grouping
2012-04-01,2008M01-2023M09,Commodity exporters,215.000000,0.0412311823,5214.500000,Economic-function and custody-role grouping
2012-04-01,2008M01-2023M09,Core EU-27 (identifiable),230.900000,0.0442803720,5214.500000,Economic-function and custody-role grouping
2012-04-01,2008M01-2023M09,Financial/offshore centres,964.100000,0.1848882923,5214.500000,Economic-function and custody-role grouping
2012-04-01,2008M01-2023M09,Other East Asian exporters,231.300000,0.0443570812,5214.500000,Economic-function and custody-role grouping
2012-04-01,2008M01-2023M09,United Kingdom,131.000000,0.0251222552,5214.500000,Economic-function and custody-role grouping
2012-04-01,2008M01-2023M09,Mainland China,1164.400000,0.2233004123,5214.500000,Economic-function and custody-role grouping
2012-04-01,2008M01-2023M09,Japan,1087.900000,0.2086297823,5214.500000,Economic-function and custody-role grouping
2012-05-01,2008M01-2023M09,All other foreign,1022.800000,0.1942529391,5265.300000,Economic-function and custody-role grouping
2012-05-01,2008M01-2023M09,Canada & other advanced,178.400000,0.0338822099,5265.300000,Economic-function and custody-role grouping
2012-05-01,2008M01-2023M09,Commodity exporters,212.200000,0.0403015972,5265.300000,Economic-function and custody-role grouping
2012-05-01,2008M01-2023M09,Core EU-27 (identifiable),235.400000,0.0447078039,5265.300000,Economic-function and custody-role grouping
2012-05-01,2008M01-2023M09,Financial/offshore centres,977.600000,0.1856684329,5265.300000,Economic-function and custody-role grouping
2012-05-01,2008M01-2023M09,Other East Asian exporters,236.300000,0.0448787344,5265.300000,Economic-function and custody-role grouping
2012-05-01,2008M01-2023M09,United Kingdom,131.400000,0.0249558430,5265.300000,Economic-function and custody-role grouping
2012-05-01,2008M01-2023M09,Mainland China,1164.000000,0.2210700245,5265.300000,Economic-function and custody-role grouping
2012-05-01,2008M01-2023M09,Japan,1107.200000,0.2102824151,5265.300000,Economic-function and custody-role grouping
2012-06-01,2008M01-2023M09,All other foreign,1044.000000,0.1965768514,5310.900000,Economic-function and custody-role grouping
2012-06-01,2008M01-2023M09,Canada & other advanced,171.400000,0.0322732494,5310.900000,Economic-function and custody-role grouping
2012-06-01,2008M01-2023M09,Commodity exporters,222.300000,0.0418573123,5310.900000,Economic-function and custody-role grouping
2012-06-01,2008M01-2023M09,Core EU-27 (identifiable),240.200000,0.0452277392,5310.900000,Economic-function and custody-role grouping
2012-06-01,2008M01-2023M09,Financial/offshore centres,1007.100000,0.1896288765,5310.900000,Economic-function and custody-role grouping
2012-06-01,2008M01-2023M09,Other East Asian exporters,240.900000,0.0453595436,5310.900000,Economic-function and custody-role grouping
2012-06-01,2008M01-2023M09,United Kingdom,129.600000,0.0244026436,5310.900000,Economic-function and custody-role grouping
2012-06-01,2008M01-2023M09,Mainland China,1147.000000,0.2159709277,5310.900000,Economic-function and custody-role grouping
2012-06-01,2008M01-2023M09,Japan,1108.400000,0.2087028564,5310.900000,Economic-function and custody-role grouping
2012-07-01,2008M01-2023M09,All other foreign,1048.900000,0.1950099466,5378.700000,Economic-function and custody-role grouping
2012-07-01,2008M01-2023M09,Canada & other advanced,179.300000,0.0333351925,5378.700000,Economic-function and custody-role grouping
2012-07-01,2008M01-2023M09,Commodity exporters,222.700000,0.0414040567,5378.700000,Economic-function and custody-role grouping
2012-07-01,2008M01-2023M09,Core EU-27 (identifiable),246.800000,0.0458846933,5378.700000,Economic-function and custody-role grouping
2012-07-01,2008M01-2023M09,Financial/offshore centres,1032.600000,0.1919794746,5378.700000,Economic-function and custody-role grouping
2012-07-01,2008M01-2023M09,Other East Asian exporters,240.900000,0.0447877740,5378.700000,Economic-function and custody-role grouping
2012-07-01,2008M01-2023M09,United Kingdom,127.700000,0.0237417963,5378.700000,Economic-function and custody-role grouping
2012-07-01,2008M01-2023M09,Mainland China,1160.000000,0.2156654954,5378.700000,Economic-function and custody-role grouping
2012-07-01,2008M01-2023M09,Japan,1119.800000,0.2081915705,5378.700000,Economic-function and custody-role grouping
2012-08-01,2008M01-2023M09,All other foreign,1089.800000,0.2000587436,5447.400000,Economic-function and custody-role grouping
2012-08-01,2008M01-2023M09,Canada & other advanced,185.300000,0.0340162279,5447.400000,Economic-function and custody-role grouping
2012-08-01,2008M01-2023M09,Commodity exporters,221.000000,0.0405698131,5447.400000,Economic-function and custody-role grouping
2012-08-01,2008M01-2023M09,Core EU-27 (identifiable),243.900000,0.0447736535,5447.400000,Economic-function and custody-role grouping
2012-08-01,2008M01-2023M09,Financial/offshore centres,1058.400000,0.1942945258,5447.400000,Economic-function and custody-role grouping
2012-08-01,2008M01-2023M09,Other East Asian exporters,243.600000,0.0447185813,5447.400000,Economic-function and custody-role grouping
2012-08-01,2008M01-2023M09,United Kingdom,129.300000,0.0237360943,5447.400000,Economic-function and custody-role grouping
2012-08-01,2008M01-2023M09,Mainland China,1155.200000,0.2120644711,5447.400000,Economic-function and custody-role grouping
2012-08-01,2008M01-2023M09,Japan,1120.900000,0.2057678893,5447.400000,Economic-function and custody-role grouping
2012-09-01,2008M01-2023M09,All other foreign,1100.000000,0.2008728840,5476.100000,Economic-function and custody-role grouping
2012-09-01,2008M01-2023M09,Canada & other advanced,186.000000,0.0339657786,5476.100000,Economic-function and custody-role grouping
2012-09-01,2008M01-2023M09,Commodity exporters,219.900000,0.0401563156,5476.100000,Economic-function and custody-role grouping
2012-09-01,2008M01-2023M09,Core EU-27 (identifiable),250.700000,0.0457807564,5476.100000,Economic-function and custody-role grouping
2012-09-01,2008M01-2023M09,Financial/offshore centres,1063.800000,0.1942623400,5476.100000,Economic-function and custody-role grouping
2012-09-01,2008M01-2023M09,Other East Asian exporters,243.800000,0.0445207356,5476.100000,Economic-function and custody-role grouping
2012-09-01,2008M01-2023M09,United Kingdom,129.800000,0.0237030003,5476.100000,Economic-function and custody-role grouping
2012-09-01,2008M01-2023M09,Mainland China,1153.600000,0.2106608718,5476.100000,Economic-function and custody-role grouping
2012-09-01,2008M01-2023M09,Japan,1128.500000,0.2060773178,5476.100000,Economic-function and custody-role grouping
2012-10-01,2008M01-2023M09,All other foreign,1125.700000,0.2036839344,5526.700000,Economic-function and custody-role grouping
2012-10-01,2008M01-2023M09,Canada & other advanced,189.400000,0.0342699984,5526.700000,Economic-function and custody-role grouping
2012-10-01,2008M01-2023M09,Commodity exporters,216.000000,0.0390829971,5526.700000,Economic-function and custody-role grouping
2012-10-01,2008M01-2023M09,Core EU-27 (identifiable),250.200000,0.0452711383,5526.700000,Economic-function and custody-role grouping
2012-10-01,2008M01-2023M09,Financial/offshore centres,1078.500000,0.1951435757,5526.700000,Economic-function and custody-role grouping
2012-10-01,2008M01-2023M09,Other East Asian exporters,239.400000,0.0433169884,5526.700000,Economic-function and custody-role grouping
2012-10-01,2008M01-2023M09,United Kingdom,125.700000,0.0227441330,5526.700000,Economic-function and custody-role grouping
2012-10-01,2008M01-2023M09,Mainland China,1169.900000,0.2116814736,5526.700000,Economic-function and custody-role grouping
2012-10-01,2008M01-2023M09,Japan,1131.900000,0.2048057611,5526.700000,Economic-function and custody-role grouping
2012-11-01,2008M01-2023M09,All other foreign,1132.200000,0.2044346539,5538.200000,Economic-function and custody-role grouping
2012-11-01,2008M01-2023M09,Canada & other advanced,190.600000,0.0344155141,5538.200000,Economic-function and custody-role grouping
2012-11-01,2008M01-2023M09,Commodity exporters,212.700000,0.0384059803,5538.200000,Economic-function and custody-role grouping
2012-11-01,2008M01-2023M09,Core EU-27 (identifiable),252.400000,0.0455743743,5538.200000,Economic-function and custody-role grouping
2012-11-01,2008M01-2023M09,Financial/offshore centres,1080.500000,0.1950994908,5538.200000,Economic-function and custody-role grouping
2012-11-01,2008M01-2023M09,Other East Asian exporters,244.100000,0.0440756925,5538.200000,Economic-function and custody-role grouping
2012-11-01,2008M01-2023M09,United Kingdom,124.900000,0.0225524539,5538.200000,Economic-function and custody-role grouping
2012-11-01,2008M01-2023M09,Mainland China,1183.100000,0.2136253656,5538.200000,Economic-function and custody-role grouping
2012-11-01,2008M01-2023M09,Japan,1117.700000,0.2018164747,5538.200000,Economic-function and custody-role grouping
2012-12-01,2008M01-2023M09,All other foreign,1118.400000,0.2006530554,5573.800000,Economic-function and custody-role grouping
2012-12-01,2008M01-2023M09,Canada & other advanced,192.800000,0.0345904051,5573.800000,Economic-function and custody-role grouping
2012-12-01,2008M01-2023M09,Commodity exporters,216.400000,0.0388245003,5573.800000,Economic-function and custody-role grouping
2012-12-01,2008M01-2023M09,Core EU-27 (identifiable),242.600000,0.0435250637,5573.800000,Economic-function and custody-role grouping
2012-12-01,2008M01-2023M09,Financial/offshore centres,1106.000000,0.1984283613,5573.800000,Economic-function and custody-role grouping
2012-12-01,2008M01-2023M09,Other East Asian exporters,243.000000,0.0435968280,5573.800000,Economic-function and custody-role grouping
2012-12-01,2008M01-2023M09,United Kingdom,123.000000,0.0220675302,5573.800000,Economic-function and custody-role grouping
2012-12-01,2008M01-2023M09,Mainland China,1220.400000,0.2189529585,5573.800000,Economic-function and custody-role grouping
2012-12-01,2008M01-2023M09,Japan,1111.200000,0.1993612975,5573.800000,Economic-function and custody-role grouping
2013-01-01,2008M01-2023M09,All other foreign,1129.100000,0.2008324292,5622.100000,Economic-function and custody-role grouping
2013-01-01,2008M01-2023M09,Canada & other advanced,189.900000,0.0337774141,5622.100000,Economic-function and custody-role grouping
2013-01-01,2008M01-2023M09,Commodity exporters,216.700000,0.0385443162,5622.100000,Economic-function and custody-role grouping
2013-01-01,2008M01-2023M09,Core EU-27 (identifiable),240.700000,0.0428131837,5622.100000,Economic-function and custody-role grouping
2013-01-01,2008M01-2023M09,Financial/offshore centres,1157.800000,0.2059372832,5622.100000,Economic-function and custody-role grouping
2013-01-01,2008M01-2023M09,Other East Asian exporters,240.800000,0.0428309706,5622.100000,Economic-function and custody-role grouping
2013-01-01,2008M01-2023M09,United Kingdom,129.000000,0.0229451628,5622.100000,Economic-function and custody-role grouping
2013-01-01,2008M01-2023M09,Mainland China,1214.200000,0.2159691219,5622.100000,Economic-function and custody-role grouping
2013-01-01,2008M01-2023M09,Japan,1103.900000,0.1963501183,5622.100000,Economic-function and custody-role grouping
2013-02-01,2008M01-2023M09,All other foreign,1133.900000,0.1992409200,5691.100000,Economic-function and custody-role grouping
2013-02-01,2008M01-2023M09,Canada & other advanced,194.500000,0.0341761698,5691.100000,Economic-function and custody-role grouping
2013-02-01,2008M01-2023M09,Commodity exporters,210.900000,0.0370578623,5691.100000,Economic-function and custody-role grouping
2013-02-01,2008M01-2023M09,Core EU-27 (identifiable),246.800000,0.0433659574,5691.100000,Economic-function and custody-role grouping
2013-02-01,2008M01-2023M09,Financial/offshore centres,1175.900000,0.2066208642,5691.100000,Economic-function and custody-role grouping
2013-02-01,2008M01-2023M09,Other East Asian exporters,240.600000,0.0422765370,5691.100000,Economic-function and custody-role grouping
2013-02-01,2008M01-2023M09,United Kingdom,131.100000,0.0230359684,5691.100000,Economic-function and custody-role grouping
2013-02-01,2008M01-2023M09,Mainland China,1251.900000,0.2199750488,5691.100000,Economic-function and custody-role grouping
2013-02-01,2008M01-2023M09,Japan,1105.500000,0.1942506721,5691.100000,Economic-function and custody-role grouping
2013-03-01,2008M01-2023M09,All other foreign,1113.200000,0.1944454148,5725.000000,Economic-function and custody-role grouping
2013-03-01,2008M01-2023M09,Canada & other advanced,193.900000,0.0338689956,5725.000000,Economic-function and custody-role grouping
2013-03-01,2008M01-2023M09,Commodity exporters,218.800000,0.0382183406,5725.000000,Economic-function and custody-role grouping
2013-03-01,2008M01-2023M09,Core EU-27 (identifiable),250.600000,0.0437729258,5725.000000,Economic-function and custody-role grouping
2013-03-01,2008M01-2023M09,Financial/offshore centres,1173.300000,0.2049432314,5725.000000,Economic-function and custody-role grouping
2013-03-01,2008M01-2023M09,Other East Asian exporters,242.000000,0.0422707424,5725.000000,Economic-function and custody-role grouping
2013-03-01,2008M01-2023M09,United Kingdom,148.600000,0.0259563319,5725.000000,Economic-function and custody-role grouping
2013-03-01,2008M01-2023M09,Mainland China,1270.300000,0.2218864629,5725.000000,Economic-function and custody-role grouping
2013-03-01,2008M01-2023M09,Japan,1114.300000,0.1946375546,5725.000000,Economic-function and custody-role grouping
2013-04-01,2008M01-2023M09,All other foreign,1083.900000,0.1898348425,5709.700000,Economic-function and custody-role grouping
2013-04-01,2008M01-2023M09,Canada & other advanced,201.400000,0.0352733068,5709.700000,Economic-function and custody-role grouping
2013-04-01,2008M01-2023M09,Commodity exporters,225.100000,0.0394241379,5709.700000,Economic-function and custody-role grouping
2013-04-01,2008M01-2023M09,Core EU-27 (identifiable),241.300000,0.0422614148,5709.700000,Economic-function and custody-role grouping
2013-04-01,2008M01-2023M09,Financial/offshore centres,1162.600000,0.2036184038,5709.700000,Economic-function and custody-role grouping
2013-04-01,2008M01-2023M09,Other East Asian exporters,238.800000,0.0418235634,5709.700000,Economic-function and custody-role grouping
2013-04-01,2008M01-2023M09,United Kingdom,153.200000,0.0268315323,5709.700000,Economic-function and custody-role grouping
2013-04-01,2008M01-2023M09,Mainland China,1290.700000,0.2260539083,5709.700000,Economic-function and custody-role grouping
2013-04-01,2008M01-2023M09,Japan,1112.700000,0.1948788903,5709.700000,Economic-function and custody-role grouping
2013-05-01,2008M01-2023M09,All other foreign,1070.500000,0.1891977872,5658.100000,Economic-function and custody-role grouping
2013-05-01,2008M01-2023M09,Canada & other advanced,195.600000,0.0345699086,5658.100000,Economic-function and custody-role grouping
2013-05-01,2008M01-2023M09,Commodity exporters,217.700000,0.0384758134,5658.100000,Economic-function and custody-role grouping
2013-05-01,2008M01-2023M09,Core EU-27 (identifiable),249.400000,0.0440784009,5658.100000,Economic-function and custody-role grouping
2013-05-01,2008M01-2023M09,Financial/offshore centres,1133.000000,0.2002438981,5658.100000,Economic-function and custody-role grouping
2013-05-01,2008M01-2023M09,Other East Asian exporters,241.700000,0.0427175200,5658.100000,Economic-function and custody-role grouping
2013-05-01,2008M01-2023M09,United Kingdom,149.200000,0.0263692759,5658.100000,Economic-function and custody-role grouping
2013-05-01,2008M01-2023M09,Mainland China,1297.300000,0.2292819144,5658.100000,Economic-function and custody-role grouping
2013-05-01,2008M01-2023M09,Japan,1103.700000,0.1950654813,5658.100000,Economic-function and custody-role grouping
2013-06-01,2008M01-2023M09,All other foreign,1052.600000,0.1881322609,5595.000000,Economic-function and custody-role grouping
2013-06-01,2008M01-2023M09,Canada & other advanced,200.500000,0.0358355675,5595.000000,Economic-function and custody-role grouping
2013-06-01,2008M01-2023M09,Commodity exporters,214.800000,0.0383914209,5595.000000,Economic-function and custody-role grouping
2013-06-01,2008M01-2023M09,Core EU-27 (identifiable),238.900000,0.0426988382,5595.000000,Economic-function and custody-role grouping
2013-06-01,2008M01-2023M09,Financial/offshore centres,1136.800000,0.2031814120,5595.000000,Economic-function and custody-role grouping
2013-06-01,2008M01-2023M09,Other East Asian exporters,237.300000,0.0424128686,5595.000000,Economic-function and custody-role grouping
2013-06-01,2008M01-2023M09,United Kingdom,155.000000,0.0277033065,5595.000000,Economic-function and custody-role grouping
2013-06-01,2008M01-2023M09,Mainland China,1275.800000,0.2280250223,5595.000000,Economic-function and custody-role grouping
2013-06-01,2008M01-2023M09,Japan,1083.300000,0.1936193029,5595.000000,Economic-function and custody-role grouping
2013-07-01,2008M01-2023M09,All other foreign,1044.200000,0.1867043341,5592.800000,Economic-function and custody-role grouping
2013-07-01,2008M01-2023M09,Canada & other advanced,194.500000,0.0347768560,5592.800000,Economic-function and custody-role grouping
2013-07-01,2008M01-2023M09,Commodity exporters,213.300000,0.0381383207,5592.800000,Economic-function and custody-role grouping
2013-07-01,2008M01-2023M09,Core EU-27 (identifiable),233.100000,0.0416785868,5592.800000,Economic-function and custody-role grouping
2013-07-01,2008M01-2023M09,Financial/offshore centres,1107.000000,0.1979330568,5592.800000,Economic-function and custody-role grouping
2013-07-01,2008M01-2023M09,Other East Asian exporters,237.200000,0.0424116721,5592.800000,Economic-function and custody-role grouping
2013-07-01,2008M01-2023M09,United Kingdom,148.800000,0.0266056358,5592.800000,Economic-function and custody-role grouping
2013-07-01,2008M01-2023M09,Mainland China,1279.300000,0.2287405235,5592.800000,Economic-function and custody-role grouping
2013-07-01,2008M01-2023M09,Japan,1135.400000,0.2030110142,5592.800000,Economic-function and custody-role grouping
2013-08-01,2008M01-2023M09,All other foreign,1039.000000,0.1856749705,5595.800000,Economic-function and custody-role grouping
2013-08-01,2008M01-2023M09,Canada & other advanced,188.100000,0.0336144966,5595.800000,Economic-function and custody-role grouping
2013-08-01,2008M01-2023M09,Commodity exporters,203.600000,0.0363844312,5595.800000,Economic-function and custody-role grouping
2013-08-01,2008M01-2023M09,Core EU-27 (identifiable),240.200000,0.0429250509,5595.800000,Economic-function and custody-role grouping
2013-08-01,2008M01-2023M09,Financial/offshore centres,1125.500000,0.2011329926,5595.800000,Economic-function and custody-role grouping
2013-08-01,2008M01-2023M09,Other East Asian exporters,233.600000,0.0417455949,5595.800000,Economic-function and custody-role grouping
2013-08-01,2008M01-2023M09,United Kingdom,148.600000,0.0265556310,5595.800000,Economic-function and custody-role grouping
2013-08-01,2008M01-2023M09,Mainland China,1268.100000,0.2266163909,5595.800000,Economic-function and custody-role grouping
2013-08-01,2008M01-2023M09,Japan,1149.100000,0.2053504414,5595.800000,Economic-function and custody-role grouping
2013-09-01,2008M01-2023M09,All other foreign,1038.000000,0.1836258138,5652.800000,Economic-function and custody-role grouping
2013-09-01,2008M01-2023M09,Canada & other advanced,190.700000,0.0337354939,5652.800000,Economic-function and custody-role grouping
2013-09-01,2008M01-2023M09,Commodity exporters,203.300000,0.0359644778,5652.800000,Economic-function and custody-role grouping
2013-09-01,2008M01-2023M09,Core EU-27 (identifiable),241.700000,0.0427575715,5652.800000,Economic-function and custody-role grouping
2013-09-01,2008M01-2023M09,Financial/offshore centres,1117.400000,0.1976719502,5652.800000,Economic-function and custody-role grouping
2013-09-01,2008M01-2023M09,Other East Asian exporters,241.400000,0.0427045004,5652.800000,Economic-function and custody-role grouping
2013-09-01,2008M01-2023M09,United Kingdom,148.400000,0.0262524766,5652.800000,Economic-function and custody-role grouping
2013-09-01,2008M01-2023M09,Mainland China,1293.800000,0.2288777243,5652.800000,Economic-function and custody-role grouping
2013-09-01,2008M01-2023M09,Japan,1178.100000,0.2084099915,5652.800000,Economic-function and custody-role grouping
2013-10-01,2008M01-2023M09,All other foreign,1033.200000,0.1827023395,5655.100000,Economic-function and custody-role grouping
2013-10-01,2008M01-2023M09,Canada & other advanced,192.100000,0.0339693374,5655.100000,Economic-function and custody-role grouping
2013-10-01,2008M01-2023M09,Commodity exporters,200.100000,0.0353839897,5655.100000,Economic-function and custody-role grouping
2013-10-01,2008M01-2023M09,Core EU-27 (identifiable),245.700000,0.0434475076,5655.100000,Economic-function and custody-role grouping
2013-10-01,2008M01-2023M09,Financial/offshore centres,1121.700000,0.1983519301,5655.100000,Economic-function and custody-role grouping
2013-10-01,2008M01-2023M09,Other East Asian exporters,235.100000,0.0415730933,5655.100000,Economic-function and custody-role grouping
2013-10-01,2008M01-2023M09,United Kingdom,148.300000,0.0262241163,5655.100000,Economic-function and custody-role grouping
2013-10-01,2008M01-2023M09,Mainland China,1304.500000,0.2306767343,5655.100000,Economic-function and custody-role grouping
2013-10-01,2008M01-2023M09,Japan,1174.400000,0.2076709519,5655.100000,Economic-function and custody-role grouping
2013-11-01,2008M01-2023M09,All other foreign,1043.600000,0.1825496781,5716.800000,Economic-function and custody-role grouping
2013-11-01,2008M01-2023M09,Canada & other advanced,193.000000,0.0337601455,5716.800000,Economic-function and custody-role grouping
2013-11-01,2008M01-2023M09,Commodity exporters,199.100000,0.0348271760,5716.800000,Economic-function and custody-role grouping
2013-11-01,2008M01-2023M09,Core EU-27 (identifiable),246.500000,0.0431185278,5716.800000,Economic-function and custody-role grouping
2013-11-01,2008M01-2023M09,Financial/offshore centres,1151.000000,0.2013364120,5716.800000,Economic-function and custody-role grouping
2013-11-01,2008M01-2023M09,Other East Asian exporters,230.100000,0.0402497901,5716.800000,Economic-function and custody-role grouping
2013-11-01,2008M01-2023M09,United Kingdom,150.400000,0.0263084243,5716.800000,Economic-function and custody-role grouping
2013-11-01,2008M01-2023M09,Mainland China,1316.700000,0.2303211587,5716.800000,Economic-function and custody-role grouping
2013-11-01,2008M01-2023M09,Japan,1186.400000,0.2075286874,5716.800000,Economic-function and custody-role grouping
2013-12-01,2008M01-2023M09,All other foreign,1052.400000,0.1816800746,5792.600000,Economic-function and custody-role grouping
2013-12-01,2008M01-2023M09,Canada & other advanced,200.700000,0.0346476539,5792.600000,Economic-function and custody-role grouping
2013-12-01,2008M01-2023M09,Commodity exporters,200.900000,0.0346821807,5792.600000,Economic-function and custody-role grouping
2013-12-01,2008M01-2023M09,Core EU-27 (identifiable),253.700000,0.0437972586,5792.600000,Economic-function and custody-role grouping
2013-12-01,2008M01-2023M09,Financial/offshore centres,1243.900000,0.2147394952,5792.600000,Economic-function and custody-role grouping
2013-12-01,2008M01-2023M09,Other East Asian exporters,236.200000,0.0407761627,5792.600000,Economic-function and custody-role grouping
2013-12-01,2008M01-2023M09,United Kingdom,152.200000,0.0262749025,5792.600000,Economic-function and custody-role grouping
2013-12-01,2008M01-2023M09,Mainland China,1270.100000,0.2192625073,5792.600000,Economic-function and custody-role grouping
2013-12-01,2008M01-2023M09,Japan,1182.500000,0.2041397645,5792.600000,Economic-function and custody-role grouping
2014-01-01,2008M01-2023M09,All other foreign,1040.000000,0.1780425590,5841.300000,Economic-function and custody-role grouping
2014-01-01,2008M01-2023M09,Canada & other advanced,198.900000,0.0340506394,5841.300000,Economic-function and custody-role grouping
2014-01-01,2008M01-2023M09,Commodity exporters,206.500000,0.0353517197,5841.300000,Economic-function and custody-role grouping
2014-01-01,2008M01-2023M09,Core EU-27 (identifiable),255.200000,0.0436889049,5841.300000,Economic-function and custody-role grouping
2014-01-01,2008M01-2023M09,Financial/offshore centres,1277.800000,0.2187526749,5841.300000,Economic-function and custody-role grouping
2014-01-01,2008M01-2023M09,Other East Asian exporters,234.700000,0.0401794121,5841.300000,Economic-function and custody-role grouping
2014-01-01,2008M01-2023M09,United Kingdom,151.200000,0.0258846490,5841.300000,Economic-function and custody-role grouping
2014-01-01,2008M01-2023M09,Mainland China,1275.600000,0.2183760464,5841.300000,Economic-function and custody-role grouping
2014-01-01,2008M01-2023M09,Japan,1201.400000,0.2056733946,5841.300000,Economic-function and custody-role grouping
2014-02-01,2008M01-2023M09,All other foreign,1035.100000,0.1757355563,5890.100000,Economic-function and custody-role grouping
2014-02-01,2008M01-2023M09,Canada & other advanced,206.800000,0.0351097604,5890.100000,Economic-function and custody-role grouping
2014-02-01,2008M01-2023M09,Commodity exporters,204.500000,0.0347192747,5890.100000,Economic-function and custody-role grouping
2014-02-01,2008M01-2023M09,Core EU-27 (identifiable),249.000000,0.0422743247,5890.100000,Economic-function and custody-role grouping
2014-02-01,2008M01-2023M09,Financial/offshore centres,1309.700000,0.2223561569,5890.100000,Economic-function and custody-role grouping
2014-02-01,2008M01-2023M09,Other East Asian exporters,236.700000,0.0401860749,5890.100000,Economic-function and custody-role grouping
2014-02-01,2008M01-2023M09,United Kingdom,164.600000,0.0279451962,5890.100000,Economic-function and custody-role grouping
2014-02-01,2008M01-2023M09,Mainland China,1272.900000,0.2161083853,5890.100000,Economic-function and custody-role grouping
2014-02-01,2008M01-2023M09,Japan,1210.800000,0.2055652705,5890.100000,Economic-function and custody-role grouping
2014-03-01,2008M01-2023M09,All other foreign,1037.900000,0.1744868282,5948.300000,Economic-function and custody-role grouping
2014-03-01,2008M01-2023M09,Canada & other advanced,206.400000,0.0346989896,5948.300000,Economic-function and custody-role grouping
2014-03-01,2008M01-2023M09,Commodity exporters,207.800000,0.0349343510,5948.300000,Economic-function and custody-role grouping
2014-03-01,2008M01-2023M09,Core EU-27 (identifiable),253.500000,0.0426172184,5948.300000,Economic-function and custody-role grouping
2014-03-01,2008M01-2023M09,Financial/offshore centres,1377.800000,0.2316292050,5948.300000,Economic-function and custody-role grouping
2014-03-01,2008M01-2023M09,Other East Asian exporters,229.100000,0.0385152060,5948.300000,Economic-function and custody-role grouping
2014-03-01,2008M01-2023M09,United Kingdom,163.500000,0.0274868450,5948.300000,Economic-function and custody-role grouping
2014-03-01,2008M01-2023M09,Mainland China,1272.100000,0.2138594220,5948.300000,Economic-function and custody-role grouping
2014-03-01,2008M01-2023M09,Japan,1200.200000,0.2017719348,5948.300000,Economic-function and custody-role grouping
2014-04-01,2008M01-2023M09,All other foreign,1043.600000,0.1751183005,5959.400000,Economic-function and custody-role grouping
2014-04-01,2008M01-2023M09,Canada & other advanced,203.600000,0.0341645132,5959.400000,Economic-function and custody-role grouping
2014-04-01,2008M01-2023M09,Commodity exporters,217.500000,0.0364969628,5959.400000,Economic-function and custody-role grouping
2014-04-01,2008M01-2023M09,Core EU-27 (identifiable),260.400000,0.0436956741,5959.400000,Economic-function and custody-role grouping
2014-04-01,2008M01-2023M09,Financial/offshore centres,1358.400000,0.2279424103,5959.400000,Economic-function and custody-role grouping
2014-04-01,2008M01-2023M09,Other East Asian exporters,231.000000,0.0387622915,5959.400000,Economic-function and custody-role grouping
2014-04-01,2008M01-2023M09,United Kingdom,172.000000,0.0288619660,5959.400000,Economic-function and custody-role grouping
2014-04-01,2008M01-2023M09,Mainland China,1263.200000,0.2119676477,5959.400000,Economic-function and custody-role grouping
2014-04-01,2008M01-2023M09,Japan,1209.700000,0.2029902339,5959.400000,Economic-function and custody-role grouping
2014-05-01,2008M01-2023M09,All other foreign,1048.600000,0.1755125952,5974.500000,Economic-function and custody-role grouping
2014-05-01,2008M01-2023M09,Canada & other advanced,208.400000,0.0348815800,5974.500000,Economic-function and custody-role grouping
2014-05-01,2008M01-2023M09,Commodity exporters,219.600000,0.0367562139,5974.500000,Economic-function and custody-role grouping
2014-05-01,2008M01-2023M09,Core EU-27 (identifiable),262.400000,0.0439199933,5974.500000,Economic-function and custody-role grouping
2014-05-01,2008M01-2023M09,Financial/offshore centres,1346.900000,0.2254414595,5974.500000,Economic-function and custody-role grouping
2014-05-01,2008M01-2023M09,Other East Asian exporters,230.700000,0.0386141100,5974.500000,Economic-function and custody-role grouping
2014-05-01,2008M01-2023M09,United Kingdom,166.900000,0.0279353921,5974.500000,Economic-function and custody-role grouping
2014-05-01,2008M01-2023M09,Mainland China,1270.900000,0.2127207298,5974.500000,Economic-function and custody-role grouping
2014-05-01,2008M01-2023M09,Japan,1220.100000,0.2042179262,5974.500000,Economic-function and custody-role grouping
2014-06-01,2008M01-2023M09,All other foreign,1055.800000,0.1754199412,6018.700000,Economic-function and custody-role grouping
2014-06-01,2008M01-2023M09,Canada & other advanced,214.700000,0.0356721551,6018.700000,Economic-function and custody-role grouping
2014-06-01,2008M01-2023M09,Commodity exporters,223.500000,0.0371342649,6018.700000,Economic-function and custody-role grouping
2014-06-01,2008M01-2023M09,Core EU-27 (identifiable),266.000000,0.0441955904,6018.700000,Economic-function and custody-role grouping
2014-06-01,2008M01-2023M09,Financial/offshore centres,1372.400000,0.2280226627,6018.700000,Economic-function and custody-role grouping
2014-06-01,2008M01-2023M09,Other East Asian exporters,236.900000,0.0393606593,6018.700000,Economic-function and custody-role grouping
2014-06-01,2008M01-2023M09,United Kingdom,161.700000,0.0268662668,6018.700000,Economic-function and custody-role grouping
2014-06-01,2008M01-2023M09,Mainland China,1268.400000,0.2107431837,6018.700000,Economic-function and custody-role grouping
2014-06-01,2008M01-2023M09,Japan,1219.300000,0.2025852759,6018.700000,Economic-function and custody-role grouping
2014-07-01,2008M01-2023M09,All other foreign,1062.100000,0.1769399927,6002.600000,Economic-function and custody-role grouping
2014-07-01,2008M01-2023M09,Canada & other advanced,211.900000,0.0353013694,6002.600000,Economic-function and custody-role grouping
2014-07-01,2008M01-2023M09,Commodity exporters,223.800000,0.0372838437,6002.600000,Economic-function and custody-role grouping
2014-07-01,2008M01-2023M09,Core EU-27 (identifiable),253.500000,0.0422316996,6002.600000,Economic-function and custody-role grouping
2014-07-01,2008M01-2023M09,Financial/offshore centres,1374.400000,0.2289674474,6002.600000,Economic-function and custody-role grouping
2014-07-01,2008M01-2023M09,Other East Asian exporters,231.500000,0.0385666211,6002.600000,Economic-function and custody-role grouping
2014-07-01,2008M01-2023M09,United Kingdom,161.500000,0.0269050078,6002.600000,Economic-function and custody-role grouping
2014-07-01,2008M01-2023M09,Mainland China,1264.900000,0.2107253523,6002.600000,Economic-function and custody-role grouping
2014-07-01,2008M01-2023M09,Japan,1219.000000,0.2030786659,6002.600000,Economic-function and custody-role grouping
2014-08-01,2008M01-2023M09,All other foreign,1081.000000,0.1781124366,6069.200000,Economic-function and custody-role grouping
2014-08-01,2008M01-2023M09,Canada & other advanced,212.200000,0.0349634219,6069.200000,Economic-function and custody-role grouping
2014-08-01,2008M01-2023M09,Commodity exporters,229.900000,0.0378797865,6069.200000,Economic-function and custody-role grouping
2014-08-01,2008M01-2023M09,Core EU-27 (identifiable),262.900000,0.0433170764,6069.200000,Economic-function and custody-role grouping
2014-08-01,2008M01-2023M09,Financial/offshore centres,1391.200000,0.2292229618,6069.200000,Economic-function and custody-role grouping
2014-08-01,2008M01-2023M09,Other East Asian exporters,229.800000,0.0378633098,6069.200000,Economic-function and custody-role grouping
2014-08-01,2008M01-2023M09,United Kingdom,162.400000,0.0267580571,6069.200000,Economic-function and custody-role grouping
2014-08-01,2008M01-2023M09,Mainland China,1269.700000,0.2092038489,6069.200000,Economic-function and custody-role grouping
2014-08-01,2008M01-2023M09,Japan,1230.100000,0.2026791010,6069.200000,Economic-function and custody-role grouping
2014-09-01,2008M01-2023M09,All other foreign,1067.900000,0.1759539972,6069.200000,Economic-function and custody-role grouping
2014-09-01,2008M01-2023M09,Canada & other advanced,208.300000,0.0343208331,6069.200000,Economic-function and custody-role grouping
2014-09-01,2008M01-2023M09,Commodity exporters,241.400000,0.0397745996,6069.200000,Economic-function and custody-role grouping
2014-09-01,2008M01-2023M09,Core EU-27 (identifiable),279.200000,0.0460027681,6069.200000,Economic-function and custody-role grouping
2014-09-01,2008M01-2023M09,Financial/offshore centres,1398.700000,0.2304587095,6069.200000,Economic-function and custody-role grouping
2014-09-01,2008M01-2023M09,Other East Asian exporters,227.900000,0.0375502537,6069.200000,Economic-function and custody-role grouping
2014-09-01,2008M01-2023M09,United Kingdom,157.700000,0.0259836552,6069.200000,Economic-function and custody-role grouping
2014-09-01,2008M01-2023M09,Mainland China,1266.300000,0.2086436433,6069.200000,Economic-function and custody-role grouping
2014-09-01,2008M01-2023M09,Japan,1221.800000,0.2013115402,6069.200000,Economic-function and custody-role grouping
2014-10-01,2008M01-2023M09,All other foreign,1063.100000,0.1753711646,6062.000000,Economic-function and custody-role grouping
2014-10-01,2008M01-2023M09,Canada & other advanced,199.800000,0.0329594193,6062.000000,Economic-function and custody-role grouping
2014-10-01,2008M01-2023M09,Commodity exporters,248.700000,0.0410260640,6062.000000,Economic-function and custody-role grouping
2014-10-01,2008M01-2023M09,Core EU-27 (identifiable),267.100000,0.0440613659,6062.000000,Economic-function and custody-role grouping
2014-10-01,2008M01-2023M09,Financial/offshore centres,1418.000000,0.2339161993,6062.000000,Economic-function and custody-role grouping
2014-10-01,2008M01-2023M09,Other East Asian exporters,230.200000,0.0379742659,6062.000000,Economic-function and custody-role grouping
2014-10-01,2008M01-2023M09,United Kingdom,160.000000,0.0263939294,6062.000000,Economic-function and custody-role grouping
2014-10-01,2008M01-2023M09,Mainland China,1252.700000,0.2066479710,6062.000000,Economic-function and custody-role grouping
2014-10-01,2008M01-2023M09,Japan,1222.400000,0.2016496206,6062.000000,Economic-function and custody-role grouping
2014-11-01,2008M01-2023M09,All other foreign,1081.400000,0.1768496108,6114.800000,Economic-function and custody-role grouping
2014-11-01,2008M01-2023M09,Canada & other advanced,199.000000,0.0325439916,6114.800000,Economic-function and custody-role grouping
2014-11-01,2008M01-2023M09,Commodity exporters,247.000000,0.0403937987,6114.800000,Economic-function and custody-role grouping
2014-11-01,2008M01-2023M09,Core EU-27 (identifiable),279.700000,0.0457414797,6114.800000,Economic-function and custody-role grouping
2014-11-01,2008M01-2023M09,Financial/offshore centres,1426.500000,0.2332864525,6114.800000,Economic-function and custody-role grouping
2014-11-01,2008M01-2023M09,Other East Asian exporters,226.000000,0.0369595081,6114.800000,Economic-function and custody-role grouping
2014-11-01,2008M01-2023M09,United Kingdom,163.300000,0.0267056977,6114.800000,Economic-function and custody-role grouping
2014-11-01,2008M01-2023M09,Mainland China,1250.400000,0.2044874730,6114.800000,Economic-function and custody-role grouping
2014-11-01,2008M01-2023M09,Japan,1241.500000,0.2030319880,6114.800000,Economic-function and custody-role grouping
2014-12-01,2008M01-2023M09,All other foreign,1046.300000,0.1699090614,6158.000000,Economic-function and custody-role grouping
2014-12-01,2008M01-2023M09,Canada & other advanced,210.300000,0.0341506983,6158.000000,Economic-function and custody-role grouping
2014-12-01,2008M01-2023M09,Commodity exporters,253.100000,0.0411010068,6158.000000,Economic-function and custody-role grouping
2014-12-01,2008M01-2023M09,Core EU-27 (identifiable),295.500000,0.0479863592,6158.000000,Economic-function and custody-role grouping
2014-12-01,2008M01-2023M09,Financial/offshore centres,1455.200000,0.2363104904,6158.000000,Economic-function and custody-role grouping
2014-12-01,2008M01-2023M09,Other East Asian exporters,242.700000,0.0394121468,6158.000000,Economic-function and custody-role grouping
2014-12-01,2008M01-2023M09,United Kingdom,179.700000,0.0291815525,6158.000000,Economic-function and custody-role grouping
2014-12-01,2008M01-2023M09,Mainland China,1244.300000,0.2020623579,6158.000000,Economic-function and custody-role grouping
2014-12-01,2008M01-2023M09,Japan,1230.900000,0.1998863267,6158.000000,Economic-function and custody-role grouping
2015-01-01,2008M01-2023M09,All other foreign,1063.000000,0.1709360477,6218.700000,Economic-function and custody-role grouping
2015-01-01,2008M01-2023M09,Canada & other advanced,200.900000,0.0323057874,6218.700000,Economic-function and custody-role grouping
2015-01-01,2008M01-2023M09,Commodity exporters,257.600000,0.0414234486,6218.700000,Economic-function and custody-role grouping
2015-01-01,2008M01-2023M09,Core EU-27 (identifiable),289.600000,0.0465692186,6218.700000,Economic-function and custody-role grouping
2015-01-01,2008M01-2023M09,Financial/offshore centres,1495.900000,0.2405486677,6218.700000,Economic-function and custody-role grouping
2015-01-01,2008M01-2023M09,Other East Asian exporters,236.200000,0.0379822149,6218.700000,Economic-function and custody-role grouping
2015-01-01,2008M01-2023M09,United Kingdom,197.800000,0.0318072909,6218.700000,Economic-function and custody-role grouping
2015-01-01,2008M01-2023M09,Mainland China,1239.100000,0.1992538633,6218.700000,Economic-function and custody-role grouping
2015-01-01,2008M01-2023M09,Japan,1238.600000,0.1991734607,6218.700000,Economic-function and custody-role grouping
2015-02-01,2008M01-2023M09,All other foreign,1052.300000,0.1707336860,6163.400000,Economic-function and custody-role grouping
2015-02-01,2008M01-2023M09,Canada & other advanced,202.000000,0.0327741182,6163.400000,Economic-function and custody-role grouping
2015-02-01,2008M01-2023M09,Commodity exporters,263.500000,0.0427523769,6163.400000,Economic-function and custody-role grouping
2015-02-01,2008M01-2023M09,Core EU-27 (identifiable),284.500000,0.0461595872,6163.400000,Economic-function and custody-role grouping
2015-02-01,2008M01-2023M09,Financial/offshore centres,1500.100000,0.2433883895,6163.400000,Economic-function and custody-role grouping
2015-02-01,2008M01-2023M09,Other East Asian exporters,229.700000,0.0372683908,6163.400000,Economic-function and custody-role grouping
2015-02-01,2008M01-2023M09,United Kingdom,183.200000,0.0297238537,6163.400000,Economic-function and custody-role grouping
2015-02-01,2008M01-2023M09,Mainland China,1223.700000,0.1985430120,6163.400000,Economic-function and custody-role grouping
2015-02-01,2008M01-2023M09,Japan,1224.400000,0.1986565857,6163.400000,Economic-function and custody-role grouping
2015-03-01,2008M01-2023M09,All other foreign,1053.900000,0.1707384247,6172.600000,Economic-function and custody-role grouping
2015-03-01,2008M01-2023M09,Canada & other advanced,203.000000,0.0328872760,6172.600000,Economic-function and custody-role grouping
2015-03-01,2008M01-2023M09,Commodity exporters,264.000000,0.0427696595,6172.600000,Economic-function and custody-role grouping
2015-03-01,2008M01-2023M09,Core EU-27 (identifiable),301.000000,0.0487638920,6172.600000,Economic-function and custody-role grouping
2015-03-01,2008M01-2023M09,Financial/offshore centres,1439.400000,0.2331918478,6172.600000,Economic-function and custody-role grouping
2015-03-01,2008M01-2023M09,Other East Asian exporters,235.400000,0.0381362797,6172.600000,Economic-function and custody-role grouping
2015-03-01,2008M01-2023M09,United Kingdom,190.200000,0.0308135956,6172.600000,Economic-function and custody-role grouping
2015-03-01,2008M01-2023M09,Mainland China,1261.000000,0.2042899264,6172.600000,Economic-function and custody-role grouping
2015-03-01,2008M01-2023M09,Japan,1224.700000,0.1984090983,6172.600000,Economic-function and custody-role grouping
2015-04-01,2008M01-2023M09,All other foreign,1058.900000,0.1725182880,6137.900000,Economic-function and custody-role grouping
2015-04-01,2008M01-2023M09,Canada & other advanced,193.300000,0.0314928559,6137.900000,Economic-function and custody-role grouping
2015-04-01,2008M01-2023M09,Commodity exporters,261.900000,0.0426693169,6137.900000,Economic-function and custody-role grouping
2015-04-01,2008M01-2023M09,Core EU-27 (identifiable),298.200000,0.0485833917,6137.900000,Economic-function and custody-role grouping
2015-04-01,2008M01-2023M09,Financial/offshore centres,1418.400000,0.2310888089,6137.900000,Economic-function and custody-role grouping
2015-04-01,2008M01-2023M09,Other East Asian exporters,242.100000,0.0394434579,6137.900000,Economic-function and custody-role grouping
2015-04-01,2008M01-2023M09,United Kingdom,185.800000,0.0302709396,6137.900000,Economic-function and custody-role grouping
2015-04-01,2008M01-2023M09,Mainland China,1263.400000,0.2058358722,6137.900000,Economic-function and custody-role grouping
2015-04-01,2008M01-2023M09,Japan,1215.900000,0.1980970690,6137.900000,Economic-function and custody-role grouping
2015-05-01,2008M01-2023M09,All other foreign,1068.800000,0.1742192085,6134.800000,Economic-function and custody-role grouping
2015-05-01,2008M01-2023M09,Canada & other advanced,187.700000,0.0305959444,6134.800000,Economic-function and custody-role grouping
2015-05-01,2008M01-2023M09,Commodity exporters,263.200000,0.0429027841,6134.800000,Economic-function and custody-role grouping
2015-05-01,2008M01-2023M09,Core EU-27 (identifiable),276.100000,0.0450055422,6134.800000,Economic-function and custody-role grouping
2015-05-01,2008M01-2023M09,Financial/offshore centres,1415.100000,0.2306676664,6134.800000,Economic-function and custody-role grouping
2015-05-01,2008M01-2023M09,Other East Asian exporters,248.500000,0.0405066180,6134.800000,Economic-function and custody-role grouping
2015-05-01,2008M01-2023M09,United Kingdom,190.200000,0.0310034557,6134.800000,Economic-function and custody-role grouping
2015-05-01,2008M01-2023M09,Mainland China,1270.300000,0.2070646150,6134.800000,Economic-function and custody-role grouping
2015-05-01,2008M01-2023M09,Japan,1214.900000,0.1980341657,6134.800000,Economic-function and custody-role grouping
2015-06-01,2008M01-2023M09,All other foreign,1070.800000,0.1738029541,6161.000000,Economic-function and custody-role grouping
2015-06-01,2008M01-2023M09,Canada & other advanced,189.300000,0.0307255316,6161.000000,Economic-function and custody-role grouping
2015-06-01,2008M01-2023M09,Commodity exporters,264.600000,0.0429475734,6161.000000,Economic-function and custody-role grouping
2015-06-01,2008M01-2023M09,Core EU-27 (identifiable),278.200000,0.0451550073,6161.000000,Economic-function and custody-role grouping
2015-06-01,2008M01-2023M09,Financial/offshore centres,1432.200000,0.2324622626,6161.000000,Economic-function and custody-role grouping
2015-06-01,2008M01-2023M09,Other East Asian exporters,252.300000,0.0409511443,6161.000000,Economic-function and custody-role grouping
2015-06-01,2008M01-2023M09,United Kingdom,205.300000,0.0333225126,6161.000000,Economic-function and custody-role grouping
2015-06-01,2008M01-2023M09,Mainland China,1271.200000,0.2063301412,6161.000000,Economic-function and custody-role grouping
2015-06-01,2008M01-2023M09,Japan,1197.100000,0.1943028729,6161.000000,Economic-function and custody-role grouping
2015-07-01,2008M01-2023M09,All other foreign,1080.300000,0.1765946317,6117.400000,Economic-function and custody-role grouping
2015-07-01,2008M01-2023M09,Canada & other advanced,182.900000,0.0298983228,6117.400000,Economic-function and custody-role grouping
2015-07-01,2008M01-2023M09,Commodity exporters,266.300000,0.0435315657,6117.400000,Economic-function and custody-role grouping
2015-07-01,2008M01-2023M09,Core EU-27 (identifiable),279.900000,0.0457547324,6117.400000,Economic-function and custody-role grouping
2015-07-01,2008M01-2023M09,Financial/offshore centres,1388.200000,0.2269264720,6117.400000,Economic-function and custody-role grouping
2015-07-01,2008M01-2023M09,Other East Asian exporters,246.800000,0.0403439370,6117.400000,Economic-function and custody-role grouping
2015-07-01,2008M01-2023M09,United Kingdom,203.400000,0.0332494197,6117.400000,Economic-function and custody-role grouping
2015-07-01,2008M01-2023M09,Mainland China,1268.800000,0.2074083761,6117.400000,Economic-function and custody-role grouping
2015-07-01,2008M01-2023M09,Japan,1200.800000,0.1962925426,6117.400000,Economic-function and custody-role grouping
2015-08-01,2008M01-2023M09,All other foreign,1076.700000,0.1765197718,6099.600000,Economic-function and custody-role grouping
2015-08-01,2008M01-2023M09,Canada & other advanced,180.500000,0.0295921044,6099.600000,Economic-function and custody-role grouping
2015-08-01,2008M01-2023M09,Commodity exporters,261.700000,0.0429044528,6099.600000,Economic-function and custody-role grouping
2015-08-01,2008M01-2023M09,Core EU-27 (identifiable),289.100000,0.0473965506,6099.600000,Economic-function and custody-role grouping
2015-08-01,2008M01-2023M09,Financial/offshore centres,1366.300000,0.2239982950,6099.600000,Economic-function and custody-role grouping
2015-08-01,2008M01-2023M09,Other East Asian exporters,244.600000,0.0401009902,6099.600000,Economic-function and custody-role grouping
2015-08-01,2008M01-2023M09,United Kingdom,213.200000,0.0349531117,6099.600000,Economic-function and custody-role grouping
2015-08-01,2008M01-2023M09,Mainland China,1270.500000,0.2082923470,6099.600000,Economic-function and custody-role grouping
2015-08-01,2008M01-2023M09,Japan,1197.000000,0.1962423765,6099.600000,Economic-function and custody-role grouping
2015-09-01,2008M01-2023M09,All other foreign,1062.300000,0.1740334207,6104.000000,Economic-function and custody-role grouping
2015-09-01,2008M01-2023M09,Canada & other advanced,187.700000,0.0307503277,6104.000000,Economic-function and custody-role grouping
2015-09-01,2008M01-2023M09,Commodity exporters,260.400000,0.0426605505,6104.000000,Economic-function and custody-role grouping
2015-09-01,2008M01-2023M09,Core EU-27 (identifiable),288.600000,0.0472804718,6104.000000,Economic-function and custody-role grouping
2015-09-01,2008M01-2023M09,Financial/offshore centres,1418.500000,0.2323885976,6104.000000,Economic-function and custody-role grouping
2015-09-01,2008M01-2023M09,Other East Asian exporters,247.500000,0.0405471822,6104.000000,Economic-function and custody-role grouping
2015-09-01,2008M01-2023M09,United Kingdom,203.900000,0.0334043250,6104.000000,Economic-function and custody-role grouping
2015-09-01,2008M01-2023M09,Mainland China,1258.000000,0.2060943644,6104.000000,Economic-function and custody-role grouping
2015-09-01,2008M01-2023M09,Japan,1177.100000,0.1928407602,6104.000000,Economic-function and custody-role grouping
2015-10-01,2008M01-2023M09,All other foreign,1043.500000,0.1726134352,6045.300000,Economic-function and custody-role grouping
2015-10-01,2008M01-2023M09,Canada & other advanced,180.700000,0.0298909897,6045.300000,Economic-function and custody-role grouping
2015-10-01,2008M01-2023M09,Commodity exporters,260.700000,0.0431244107,6045.300000,Economic-function and custody-role grouping
2015-10-01,2008M01-2023M09,Core EU-27 (identifiable),288.500000,0.0477230245,6045.300000,Economic-function and custody-role grouping
2015-10-01,2008M01-2023M09,Financial/offshore centres,1420.100000,0.2349097646,6045.300000,Economic-function and custody-role grouping
2015-10-01,2008M01-2023M09,Other East Asian exporters,247.200000,0.0408912709,6045.300000,Economic-function and custody-role grouping
2015-10-01,2008M01-2023M09,United Kingdom,200.600000,0.0331828032,6045.300000,Economic-function and custody-role grouping
2015-10-01,2008M01-2023M09,Mainland China,1254.800000,0.2075662085,6045.300000,Economic-function and custody-role grouping
2015-10-01,2008M01-2023M09,Japan,1149.200000,0.1900980927,6045.300000,Economic-function and custody-role grouping
2015-11-01,2008M01-2023M09,All other foreign,1062.900000,0.1735800372,6123.400000,Economic-function and custody-role grouping
2015-11-01,2008M01-2023M09,Canada & other advanced,186.300000,0.0304242741,6123.400000,Economic-function and custody-role grouping
2015-11-01,2008M01-2023M09,Commodity exporters,257.600000,0.0420681321,6123.400000,Economic-function and custody-role grouping
2015-11-01,2008M01-2023M09,Core EU-27 (identifiable),298.500000,0.0487474279,6123.400000,Economic-function and custody-role grouping
2015-11-01,2008M01-2023M09,Financial/offshore centres,1454.100000,0.2374661136,6123.400000,Economic-function and custody-role grouping
2015-11-01,2008M01-2023M09,Other East Asian exporters,250.100000,0.0408433223,6123.400000,Economic-function and custody-role grouping
2015-11-01,2008M01-2023M09,United Kingdom,204.500000,0.0333964791,6123.400000,Economic-function and custody-role grouping
2015-11-01,2008M01-2023M09,Mainland China,1264.500000,0.2065029232,6123.400000,Economic-function and custody-role grouping
2015-11-01,2008M01-2023M09,Japan,1144.900000,0.1869712905,6123.400000,Economic-function and custody-role grouping
2015-12-01,2008M01-2023M09,All other foreign,1081.000000,0.1759382833,6144.200000,Economic-function and custody-role grouping
2015-12-01,2008M01-2023M09,Canada & other advanced,192.900000,0.0313954624,6144.200000,Economic-function and custody-role grouping
2015-12-01,2008M01-2023M09,Commodity exporters,259.200000,0.0421861268,6144.200000,Economic-function and custody-role grouping
2015-12-01,2008M01-2023M09,Core EU-27 (identifiable),295.700000,0.0481266886,6144.200000,Economic-function and custody-role grouping
2015-12-01,2008M01-2023M09,Financial/offshore centres,1486.500000,0.2419354839,6144.200000,Economic-function and custody-role grouping
2015-12-01,2008M01-2023M09,Other East Asian exporters,253.300000,0.0412258716,6144.200000,Economic-function and custody-role grouping
2015-12-01,2008M01-2023M09,United Kingdom,207.100000,0.0337065851,6144.200000,Economic-function and custody-role grouping
2015-12-01,2008M01-2023M09,Mainland China,1246.100000,0.2028091533,6144.200000,Economic-function and custody-role grouping
2015-12-01,2008M01-2023M09,Japan,1122.400000,0.1826763452,6144.200000,Economic-function and custody-role grouping
2016-01-01,2008M01-2023M09,All other foreign,1084.000000,0.1753364389,6182.400000,Economic-function and custody-role grouping
2016-01-01,2008M01-2023M09,Canada & other advanced,189.300000,0.0306191770,6182.400000,Economic-function and custody-role grouping
2016-01-01,2008M01-2023M09,Commodity exporters,259.900000,0.0420386905,6182.400000,Economic-function and custody-role grouping
2016-01-01,2008M01-2023M09,Core EU-27 (identifiable),316.400000,0.0511775362,6182.400000,Economic-function and custody-role grouping
2016-01-01,2008M01-2023M09,Financial/offshore centres,1504.100000,0.2432873965,6182.400000,Economic-function and custody-role grouping
2016-01-01,2008M01-2023M09,Other East Asian exporters,257.500000,0.0416504917,6182.400000,Economic-function and custody-role grouping
2016-01-01,2008M01-2023M09,United Kingdom,209.600000,0.0339026915,6182.400000,Economic-function and custody-role grouping
2016-01-01,2008M01-2023M09,Mainland China,1238.000000,0.2002458592,6182.400000,Economic-function and custody-role grouping
2016-01-01,2008M01-2023M09,Japan,1123.600000,0.1817417184,6182.400000,Economic-function and custody-role grouping
2016-02-01,2008M01-2023M09,All other foreign,1060.200000,0.1698630137,6241.500000,Economic-function and custody-role grouping
2016-02-01,2008M01-2023M09,Canada & other advanced,191.200000,0.0306336618,6241.500000,Economic-function and custody-role grouping
2016-02-01,2008M01-2023M09,Commodity exporters,249.900000,0.0400384523,6241.500000,Economic-function and custody-role grouping
2016-02-01,2008M01-2023M09,Core EU-27 (identifiable),339.200000,0.0543459104,6241.500000,Economic-function and custody-role grouping
2016-02-01,2008M01-2023M09,Financial/offshore centres,1524.000000,0.2441720740,6241.500000,Economic-function and custody-role grouping
2016-02-01,2008M01-2023M09,Other East Asian exporters,260.900000,0.0418008492,6241.500000,Economic-function and custody-role grouping
2016-02-01,2008M01-2023M09,United Kingdom,230.600000,0.0369462469,6241.500000,Economic-function and custody-role grouping
2016-02-01,2008M01-2023M09,Mainland China,1252.300000,0.2006408716,6241.500000,Economic-function and custody-role grouping
2016-02-01,2008M01-2023M09,Japan,1133.200000,0.1815589201,6241.500000,Economic-function and custody-role grouping
2016-03-01,2008M01-2023M09,All other foreign,1056.700000,0.1681465215,6284.400000,Economic-function and custody-role grouping
2016-03-01,2008M01-2023M09,Canada & other advanced,213.900000,0.0340366622,6284.400000,Economic-function and custody-role grouping
2016-03-01,2008M01-2023M09,Commodity exporters,239.800000,0.0381579785,6284.400000,Economic-function and custody-role grouping
2016-03-01,2008M01-2023M09,Core EU-27 (identifiable),339.900000,0.0540863090,6284.400000,Economic-function and custody-role grouping
2016-03-01,2008M01-2023M09,Financial/offshore centres,1559.500000,0.2481541595,6284.400000,Economic-function and custody-role grouping
2016-03-01,2008M01-2023M09,Other East Asian exporters,266.400000,0.0423906817,6284.400000,Economic-function and custody-role grouping
2016-03-01,2008M01-2023M09,United Kingdom,226.500000,0.0360416269,6284.400000,Economic-function and custody-role grouping
2016-03-01,2008M01-2023M09,Mainland China,1244.600000,0.1980459551,6284.400000,Economic-function and custody-role grouping
2016-03-01,2008M01-2023M09,Japan,1137.100000,0.1809401057,6284.400000,Economic-function and custody-role grouping
2016-04-01,2008M01-2023M09,All other foreign,1051.500000,0.1685987782,6236.700000,Economic-function and custody-role grouping
2016-04-01,2008M01-2023M09,Canada & other advanced,205.900000,0.0330142543,6236.700000,Economic-function and custody-role grouping
2016-04-01,2008M01-2023M09,Commodity exporters,236.700000,0.0379527635,6236.700000,Economic-function and custody-role grouping
2016-04-01,2008M01-2023M09,Core EU-27 (identifiable),336.000000,0.0538746452,6236.700000,Economic-function and custody-role grouping
2016-04-01,2008M01-2023M09,Financial/offshore centres,1536.400000,0.2463482290,6236.700000,Economic-function and custody-role grouping
2016-04-01,2008M01-2023M09,Other East Asian exporters,268.200000,0.0430035115,6236.700000,Economic-function and custody-role grouping
2016-04-01,2008M01-2023M09,United Kingdom,216.400000,0.0346978370,6236.700000,Economic-function and custody-role grouping
2016-04-01,2008M01-2023M09,Mainland China,1242.800000,0.1992720509,6236.700000,Economic-function and custody-role grouping
2016-04-01,2008M01-2023M09,Japan,1142.800000,0.1832379303,6236.700000,Economic-function and custody-role grouping
2016-05-01,2008M01-2023M09,All other foreign,1046.100000,0.1685002336,6208.300000,Economic-function and custody-role grouping
2016-05-01,2008M01-2023M09,Canada & other advanced,198.900000,0.0320377559,6208.300000,Economic-function and custody-role grouping
2016-05-01,2008M01-2023M09,Commodity exporters,226.900000,0.0365478472,6208.300000,Economic-function and custody-role grouping
2016-05-01,2008M01-2023M09,Core EU-27 (identifiable),342.700000,0.0552002964,6208.300000,Economic-function and custody-role grouping
2016-05-01,2008M01-2023M09,Financial/offshore centres,1537.400000,0.2476362289,6208.300000,Economic-function and custody-role grouping
2016-05-01,2008M01-2023M09,Other East Asian exporters,262.000000,0.0422015689,6208.300000,Economic-function and custody-role grouping
2016-05-01,2008M01-2023M09,United Kingdom,217.100000,0.0349693153,6208.300000,Economic-function and custody-role grouping
2016-05-01,2008M01-2023M09,Mainland China,1244.000000,0.2003769148,6208.300000,Economic-function and custody-role grouping
2016-05-01,2008M01-2023M09,Japan,1133.200000,0.1825298391,6208.300000,Economic-function and custody-role grouping
2016-06-01,2008M01-2023M09,All other foreign,1049.100000,0.1670780844,6279.100000,Economic-function and custody-role grouping
2016-06-01,2008M01-2023M09,Canada & other advanced,206.000000,0.0328072494,6279.100000,Economic-function and custody-role grouping
2016-06-01,2008M01-2023M09,Commodity exporters,225.800000,0.0359605676,6279.100000,Economic-function and custody-role grouping
2016-06-01,2008M01-2023M09,Core EU-27 (identifiable),337.200000,0.0537019637,6279.100000,Economic-function and custody-role grouping
2016-06-01,2008M01-2023M09,Financial/offshore centres,1571.700000,0.2503065726,6279.100000,Economic-function and custody-role grouping
2016-06-01,2008M01-2023M09,Other East Asian exporters,270.000000,0.0429997930,6279.100000,Economic-function and custody-role grouping
2016-06-01,2008M01-2023M09,United Kingdom,231.400000,0.0368524152,6279.100000,Economic-function and custody-role grouping
2016-06-01,2008M01-2023M09,Mainland China,1240.800000,0.1976079374,6279.100000,Economic-function and custody-role grouping
2016-06-01,2008M01-2023M09,Japan,1147.100000,0.1826854167,6279.100000,Economic-function and custody-role grouping
2016-07-01,2008M01-2023M09,All other foreign,1055.400000,0.1689153503,6248.100000,Economic-function and custody-role grouping
2016-07-01,2008M01-2023M09,Canada & other advanced,195.100000,0.0312254925,6248.100000,Economic-function and custody-role grouping
2016-07-01,2008M01-2023M09,Commodity exporters,227.400000,0.0363950641,6248.100000,Economic-function and custody-role grouping
2016-07-01,2008M01-2023M09,Core EU-27 (identifiable),346.000000,0.0553768346,6248.100000,Economic-function and custody-role grouping
2016-07-01,2008M01-2023M09,Financial/offshore centres,1562.800000,0.2501240377,6248.100000,Economic-function and custody-role grouping
2016-07-01,2008M01-2023M09,Other East Asian exporters,278.000000,0.0444935260,6248.100000,Economic-function and custody-role grouping
2016-07-01,2008M01-2023M09,United Kingdom,210.000000,0.0336102175,6248.100000,Economic-function and custody-role grouping
2016-07-01,2008M01-2023M09,Mainland China,1218.800000,0.1950673005,6248.100000,Economic-function and custody-role grouping
2016-07-01,2008M01-2023M09,Japan,1154.600000,0.1847921768,6248.100000,Economic-function and custody-role grouping
2016-08-01,2008M01-2023M09,All other foreign,1045.900000,0.1687724904,6197.100000,Economic-function and custody-role grouping
2016-08-01,2008M01-2023M09,Canada & other advanced,195.100000,0.0314824676,6197.100000,Economic-function and custody-role grouping
2016-08-01,2008M01-2023M09,Commodity exporters,221.500000,0.0357425247,6197.100000,Economic-function and custody-role grouping
2016-08-01,2008M01-2023M09,Core EU-27 (identifiable),358.700000,0.0578819125,6197.100000,Economic-function and custody-role grouping
2016-08-01,2008M01-2023M09,Financial/offshore centres,1561.700000,0.2520049701,6197.100000,Economic-function and custody-role grouping
2016-08-01,2008M01-2023M09,Other East Asian exporters,280.200000,0.0452146972,6197.100000,Economic-function and custody-role grouping
2016-08-01,2008M01-2023M09,United Kingdom,204.900000,0.0330638524,6197.100000,Economic-function and custody-role grouping
2016-08-01,2008M01-2023M09,Mainland China,1185.100000,0.1912346097,6197.100000,Economic-function and custody-role grouping
2016-08-01,2008M01-2023M09,Japan,1144.000000,0.1846024754,6197.100000,Economic-function and custody-role grouping
2016-09-01,2008M01-2023M09,All other foreign,1039.300000,0.1688299030,6155.900000,Economic-function and custody-role grouping
2016-09-01,2008M01-2023M09,Canada & other advanced,205.100000,0.0333176302,6155.900000,Economic-function and custody-role grouping
2016-09-01,2008M01-2023M09,Commodity exporters,215.600000,0.0350233110,6155.900000,Economic-function and custody-role grouping
2016-09-01,2008M01-2023M09,Core EU-27 (identifiable),353.900000,0.0574895629,6155.900000,Economic-function and custody-role grouping
2016-09-01,2008M01-2023M09,Financial/offshore centres,1553.200000,0.2523107913,6155.900000,Economic-function and custody-role grouping
2016-09-01,2008M01-2023M09,Other East Asian exporters,277.800000,0.0451274387,6155.900000,Economic-function and custody-role grouping
2016-09-01,2008M01-2023M09,United Kingdom,217.600000,0.0353482025,6155.900000,Economic-function and custody-role grouping
2016-09-01,2008M01-2023M09,Mainland China,1157.000000,0.1879497718,6155.900000,Economic-function and custody-role grouping
2016-09-01,2008M01-2023M09,Japan,1136.400000,0.1846033886,6155.900000,Economic-function and custody-role grouping
2016-10-01,2008M01-2023M09,All other foreign,1045.900000,0.1730591038,6043.600000,Economic-function and custody-role grouping
2016-10-01,2008M01-2023M09,Canada & other advanced,196.900000,0.0325799193,6043.600000,Economic-function and custody-role grouping
2016-10-01,2008M01-2023M09,Commodity exporters,222.800000,0.0368654444,6043.600000,Economic-function and custody-role grouping
2016-10-01,2008M01-2023M09,Core EU-27 (identifiable),336.800000,0.0557283738,6043.600000,Economic-function and custody-role grouping
2016-10-01,2008M01-2023M09,Financial/offshore centres,1511.000000,0.2500165464,6043.600000,Economic-function and custody-role grouping
2016-10-01,2008M01-2023M09,Other East Asian exporters,275.300000,0.0455523198,6043.600000,Economic-function and custody-role grouping
2016-10-01,2008M01-2023M09,United Kingdom,207.300000,0.0343007479,6043.600000,Economic-function and custody-role grouping
2016-10-01,2008M01-2023M09,Mainland China,1115.700000,0.1846085115,6043.600000,Economic-function and custody-role grouping
2016-10-01,2008M01-2023M09,Japan,1131.900000,0.1872890330,6043.600000,Economic-function and custody-role grouping
2016-11-01,2008M01-2023M09,All other foreign,1055.000000,0.1772215690,5953.000000,Economic-function and custody-role grouping
2016-11-01,2008M01-2023M09,Canada & other advanced,194.800000,0.0327229968,5953.000000,Economic-function and custody-role grouping
2016-11-01,2008M01-2023M09,Commodity exporters,221.500000,0.0372081304,5953.000000,Economic-function and custody-role grouping
2016-11-01,2008M01-2023M09,Core EU-27 (identifiable),334.300000,0.0561565597,5953.000000,Economic-function and custody-role grouping
2016-11-01,2008M01-2023M09,Financial/offshore centres,1505.600000,0.2529144969,5953.000000,Economic-function and custody-role grouping
2016-11-01,2008M01-2023M09,Other East Asian exporters,268.100000,0.0450361162,5953.000000,Economic-function and custody-role grouping
2016-11-01,2008M01-2023M09,United Kingdom,215.800000,0.0362506299,5953.000000,Economic-function and custody-role grouping
2016-11-01,2008M01-2023M09,Mainland China,1049.300000,0.1762640685,5953.000000,Economic-function and custody-role grouping
2016-11-01,2008M01-2023M09,Japan,1108.600000,0.1862254326,5953.000000,Economic-function and custody-role grouping
2016-12-01,2008M01-2023M09,All other foreign,1067.800000,0.1778836543,6002.800000,Economic-function and custody-role grouping
2016-12-01,2008M01-2023M09,Canada & other advanced,201.600000,0.0335843273,6002.800000,Economic-function and custody-role grouping
2016-12-01,2008M01-2023M09,Commodity exporters,220.400000,0.0367161991,6002.800000,Economic-function and custody-role grouping
2016-12-01,2008M01-2023M09,Core EU-27 (identifiable),324.900000,0.0541247418,6002.800000,Economic-function and custody-role grouping
2016-12-01,2008M01-2023M09,Financial/offshore centres,1539.200000,0.2564136736,6002.800000,Economic-function and custody-role grouping
2016-12-01,2008M01-2023M09,Other East Asian exporters,282.500000,0.0470613714,6002.800000,Economic-function and custody-role grouping
2016-12-01,2008M01-2023M09,United Kingdom,217.200000,0.0361831145,6002.800000,Economic-function and custody-role grouping
2016-12-01,2008M01-2023M09,Mainland China,1058.400000,0.1763177184,6002.800000,Economic-function and custody-role grouping
2016-12-01,2008M01-2023M09,Japan,1090.800000,0.1817151996,6002.800000,Economic-function and custody-role grouping
2017-01-01,2008M01-2023M09,All other foreign,1068.400000,0.1795871714,5949.200000,Economic-function and custody-role grouping
2017-01-01,2008M01-2023M09,Canada & other advanced,191.000000,0.0321051570,5949.200000,Economic-function and custody-role grouping
2017-01-01,2008M01-2023M09,Commodity exporters,231.200000,0.0388623680,5949.200000,Economic-function and custody-role grouping
2017-01-01,2008M01-2023M09,Core EU-27 (identifiable),300.200000,0.0504605661,5949.200000,Economic-function and custody-role grouping
2017-01-01,2008M01-2023M09,Financial/offshore centres,1511.500000,0.2540677738,5949.200000,Economic-function and custody-role grouping
2017-01-01,2008M01-2023M09,Other East Asian exporters,279.200000,0.0469306798,5949.200000,Economic-function and custody-role grouping
2017-01-01,2008M01-2023M09,United Kingdom,214.100000,0.0359880320,5949.200000,Economic-function and custody-role grouping
2017-01-01,2008M01-2023M09,Mainland China,1051.100000,0.1766792174,5949.200000,Economic-function and custody-role grouping
2017-01-01,2008M01-2023M09,Japan,1102.500000,0.1853190345,5949.200000,Economic-function and custody-role grouping
2017-02-01,2008M01-2023M09,All other foreign,1064.300000,0.1770145530,6012.500000,Economic-function and custody-role grouping
2017-02-01,2008M01-2023M09,Canada & other advanced,192.600000,0.0320332640,6012.500000,Economic-function and custody-role grouping
2017-02-01,2008M01-2023M09,Commodity exporters,236.300000,0.0393014553,6012.500000,Economic-function and custody-role grouping
2017-02-01,2008M01-2023M09,Core EU-27 (identifiable),304.000000,0.0505613306,6012.500000,Economic-function and custody-role grouping
2017-02-01,2008M01-2023M09,Financial/offshore centres,1541.900000,0.2564490644,6012.500000,Economic-function and custody-role grouping
2017-02-01,2008M01-2023M09,Other East Asian exporters,280.500000,0.0466528067,6012.500000,Economic-function and custody-role grouping
2017-02-01,2008M01-2023M09,United Kingdom,217.500000,0.0361746362,6012.500000,Economic-function and custody-role grouping
2017-02-01,2008M01-2023M09,Mainland China,1059.700000,0.1762494802,6012.500000,Economic-function and custody-role grouping
2017-02-01,2008M01-2023M09,Japan,1115.700000,0.1855634096,6012.500000,Economic-function and custody-role grouping
2017-03-01,2008M01-2023M09,All other foreign,1074.000000,0.1767813935,6075.300000,Economic-function and custody-role grouping
2017-03-01,2008M01-2023M09,Canada & other advanced,193.600000,0.0318667391,6075.300000,Economic-function and custody-role grouping
2017-03-01,2008M01-2023M09,Commodity exporters,249.300000,0.0410350106,6075.300000,Economic-function and custody-role grouping
2017-03-01,2008M01-2023M09,Core EU-27 (identifiable),313.700000,0.0516353102,6075.300000,Economic-function and custody-role grouping
2017-03-01,2008M01-2023M09,Financial/offshore centres,1526.700000,0.2512962323,6075.300000,Economic-function and custody-role grouping
2017-03-01,2008M01-2023M09,Other East Asian exporters,280.900000,0.0462363998,6075.300000,Economic-function and custody-role grouping
2017-03-01,2008M01-2023M09,United Kingdom,228.300000,0.0375783912,6075.300000,Economic-function and custody-role grouping
2017-03-01,2008M01-2023M09,Mainland China,1088.100000,0.1791022666,6075.300000,Economic-function and custody-role grouping
2017-03-01,2008M01-2023M09,Japan,1120.700000,0.1844682567,6075.300000,Economic-function and custody-role grouping
2017-04-01,2008M01-2023M09,All other foreign,1097.400000,0.1810741688,6060.500000,Economic-function and custody-role grouping
2017-04-01,2008M01-2023M09,Canada & other advanced,196.500000,0.0324230674,6060.500000,Economic-function and custody-role grouping
2017-04-01,2008M01-2023M09,Commodity exporters,248.100000,0.0409372164,6060.500000,Economic-function and custody-role grouping
2017-04-01,2008M01-2023M09,Core EU-27 (identifiable),308.300000,0.0508703902,6060.500000,Economic-function and custody-role grouping
2017-04-01,2008M01-2023M09,Financial/offshore centres,1500.200000,0.2475373319,6060.500000,Economic-function and custody-role grouping
2017-04-01,2008M01-2023M09,Other East Asian exporters,279.400000,0.0461018068,6060.500000,Economic-function and custody-role grouping
2017-04-01,2008M01-2023M09,United Kingdom,231.500000,0.0381981685,6060.500000,Economic-function and custody-role grouping
2017-04-01,2008M01-2023M09,Mainland China,1092.200000,0.1802161538,6060.500000,Economic-function and custody-role grouping
2017-04-01,2008M01-2023M09,Japan,1106.900000,0.1826416962,6060.500000,Economic-function and custody-role grouping
2017-05-01,2008M01-2023M09,All other foreign,1103.100000,0.1805873879,6108.400000,Economic-function and custody-role grouping
2017-05-01,2008M01-2023M09,Canada & other advanced,196.400000,0.0321524458,6108.400000,Economic-function and custody-role grouping
2017-05-01,2008M01-2023M09,Commodity exporters,256.300000,0.0419586144,6108.400000,Economic-function and custody-role grouping
2017-05-01,2008M01-2023M09,Core EU-27 (identifiable),310.700000,0.0508643835,6108.400000,Economic-function and custody-role grouping
2017-05-01,2008M01-2023M09,Financial/offshore centres,1510.500000,0.2472824308,6108.400000,Economic-function and custody-role grouping
2017-05-01,2008M01-2023M09,Other East Asian exporters,281.300000,0.0460513391,6108.400000,Economic-function and custody-role grouping
2017-05-01,2008M01-2023M09,United Kingdom,236.400000,0.0387008054,6108.400000,Economic-function and custody-role grouping
2017-05-01,2008M01-2023M09,Mainland China,1102.200000,0.1804400498,6108.400000,Economic-function and custody-role grouping
2017-05-01,2008M01-2023M09,Japan,1111.500000,0.1819625434,6108.400000,Economic-function and custody-role grouping
2017-06-01,2008M01-2023M09,All other foreign,1097.800000,0.1784489345,6151.900000,Economic-function and custody-role grouping
2017-06-01,2008M01-2023M09,Canada & other advanced,199.200000,0.0323802403,6151.900000,Economic-function and custody-role grouping
2017-06-01,2008M01-2023M09,Commodity exporters,264.100000,0.0429298266,6151.900000,Economic-function and custody-role grouping
2017-06-01,2008M01-2023M09,Core EU-27 (identifiable),306.800000,0.0498707716,6151.900000,Economic-function and custody-role grouping
2017-06-01,2008M01-2023M09,Financial/offshore centres,1528.500000,0.2484598254,6151.900000,Economic-function and custody-role grouping
2017-06-01,2008M01-2023M09,Other East Asian exporters,282.700000,0.0459532827,6151.900000,Economic-function and custody-role grouping
2017-06-01,2008M01-2023M09,United Kingdom,236.000000,0.0383621320,6151.900000,Economic-function and custody-role grouping
2017-06-01,2008M01-2023M09,Mainland China,1146.500000,0.1863651880,6151.900000,Economic-function and custody-role grouping
2017-06-01,2008M01-2023M09,Japan,1090.300000,0.1772297989,6151.900000,Economic-function and custody-role grouping
2017-07-01,2008M01-2023M09,All other foreign,1116.300000,0.1791756284,6230.200000,Economic-function and custody-role grouping
2017-07-01,2008M01-2023M09,Canada & other advanced,198.700000,0.0318930371,6230.200000,Economic-function and custody-role grouping
2017-07-01,2008M01-2023M09,Commodity exporters,268.400000,0.0430804790,6230.200000,Economic-function and custody-role grouping
2017-07-01,2008M01-2023M09,Core EU-27 (identifiable),324.300000,0.0520529036,6230.200000,Economic-function and custody-role grouping
2017-07-01,2008M01-2023M09,Financial/offshore centres,1530.700000,0.2456903470,6230.200000,Economic-function and custody-role grouping
2017-07-01,2008M01-2023M09,Other East Asian exporters,282.000000,0.0452633944,6230.200000,Economic-function and custody-role grouping
2017-07-01,2008M01-2023M09,United Kingdom,229.600000,0.0368527495,6230.200000,Economic-function and custody-role grouping
2017-07-01,2008M01-2023M09,Mainland China,1166.900000,0.1872973580,6230.200000,Economic-function and custody-role grouping
2017-07-01,2008M01-2023M09,Japan,1113.300000,0.1786941029,6230.200000,Economic-function and custody-role grouping
2017-08-01,2008M01-2023M09,All other foreign,1122.500000,0.1796172433,6249.400000,Economic-function and custody-role grouping
2017-08-01,2008M01-2023M09,Canada & other advanced,201.200000,0.0321950907,6249.400000,Economic-function and custody-role grouping
2017-08-01,2008M01-2023M09,Commodity exporters,262.200000,0.0419560278,6249.400000,Economic-function and custody-role grouping
2017-08-01,2008M01-2023M09,Core EU-27 (identifiable),321.400000,0.0514289372,6249.400000,Economic-function and custody-role grouping
2017-08-01,2008M01-2023M09,Financial/offshore centres,1536.700000,0.2458956060,6249.400000,Economic-function and custody-role grouping
2017-08-01,2008M01-2023M09,Other East Asian exporters,277.000000,0.0443242551,6249.400000,Economic-function and custody-role grouping
2017-08-01,2008M01-2023M09,United Kingdom,225.000000,0.0360034563,6249.400000,Economic-function and custody-role grouping
2017-08-01,2008M01-2023M09,Mainland China,1201.700000,0.1922904599,6249.400000,Economic-function and custody-role grouping
2017-08-01,2008M01-2023M09,Japan,1101.700000,0.1762889237,6249.400000,Economic-function and custody-role grouping
2017-09-01,2008M01-2023M09,All other foreign,1151.800000,0.1827702756,6301.900000,Economic-function and custody-role grouping
2017-09-01,2008M01-2023M09,Canada & other advanced,208.500000,0.0330852600,6301.900000,Economic-function and custody-role grouping
2017-09-01,2008M01-2023M09,Commodity exporters,261.000000,0.0414160809,6301.900000,Economic-function and custody-role grouping
2017-09-01,2008M01-2023M09,Core EU-27 (identifiable),327.700000,0.0520001904,6301.900000,Economic-function and custody-role grouping
2017-09-01,2008M01-2023M09,Financial/offshore centres,1559.000000,0.2473857091,6301.900000,Economic-function and custody-role grouping
2017-09-01,2008M01-2023M09,Other East Asian exporters,278.200000,0.0441454165,6301.900000,Economic-function and custody-role grouping
2017-09-01,2008M01-2023M09,United Kingdom,237.400000,0.0376711785,6301.900000,Economic-function and custody-role grouping
2017-09-01,2008M01-2023M09,Mainland China,1182.300000,0.1876100858,6301.900000,Economic-function and custody-role grouping
2017-09-01,2008M01-2023M09,Japan,1096.000000,0.1739158032,6301.900000,Economic-function and custody-role grouping
2017-10-01,2008M01-2023M09,All other foreign,1146.200000,0.1812431808,6324.100000,Economic-function and custody-role grouping
2017-10-01,2008M01-2023M09,Canada & other advanced,210.000000,0.0332063060,6324.100000,Economic-function and custody-role grouping
2017-10-01,2008M01-2023M09,Commodity exporters,274.400000,0.0433895732,6324.100000,Economic-function and custody-role grouping
2017-10-01,2008M01-2023M09,Core EU-27 (identifiable),324.400000,0.0512958366,6324.100000,Economic-function and custody-role grouping
2017-10-01,2008M01-2023M09,Financial/offshore centres,1578.200000,0.2495532961,6324.100000,Economic-function and custody-role grouping
2017-10-01,2008M01-2023M09,Other East Asian exporters,281.800000,0.0445597002,6324.100000,Economic-function and custody-role grouping
2017-10-01,2008M01-2023M09,United Kingdom,225.900000,0.0357204978,6324.100000,Economic-function and custody-role grouping
2017-10-01,2008M01-2023M09,Mainland China,1189.200000,0.1880425673,6324.100000,Economic-function and custody-role grouping
2017-10-01,2008M01-2023M09,Japan,1094.000000,0.1729890419,6324.100000,Economic-function and custody-role grouping
2017-11-01,2008M01-2023M09,All other foreign,1144.900000,0.1815514890,6306.200000,Economic-function and custody-role grouping
2017-11-01,2008M01-2023M09,Canada & other advanced,209.200000,0.0331737021,6306.200000,Economic-function and custody-role grouping
2017-11-01,2008M01-2023M09,Commodity exporters,275.200000,0.0436395928,6306.200000,Economic-function and custody-role grouping
2017-11-01,2008M01-2023M09,Core EU-27 (identifiable),320.900000,0.0508864292,6306.200000,Economic-function and custody-role grouping
2017-11-01,2008M01-2023M09,Financial/offshore centres,1579.400000,0.2504519362,6306.200000,Economic-function and custody-role grouping
2017-11-01,2008M01-2023M09,Other East Asian exporters,278.400000,0.0441470299,6306.200000,Economic-function and custody-role grouping
2017-11-01,2008M01-2023M09,United Kingdom,237.500000,0.0376613491,6306.200000,Economic-function and custody-role grouping
2017-11-01,2008M01-2023M09,Mainland China,1176.600000,0.1865782880,6306.200000,Economic-function and custody-role grouping
2017-11-01,2008M01-2023M09,Japan,1084.100000,0.1719101836,6306.200000,Economic-function and custody-role grouping
2017-12-01,2008M01-2023M09,All other foreign,1119.700000,0.1802682208,6211.300000,Economic-function and custody-role grouping
2017-12-01,2008M01-2023M09,Canada & other advanced,204.200000,0.0328755655,6211.300000,Economic-function and custody-role grouping
2017-12-01,2008M01-2023M09,Commodity exporters,274.300000,0.0441614477,6211.300000,Economic-function and custody-role grouping
2017-12-01,2008M01-2023M09,Core EU-27 (identifiable),320.600000,0.0516156038,6211.300000,Economic-function and custody-role grouping
2017-12-01,2008M01-2023M09,Financial/offshore centres,1518.900000,0.2445381804,6211.300000,Economic-function and custody-role grouping
2017-12-01,2008M01-2023M09,Other East Asian exporters,277.200000,0.0446283387,6211.300000,Economic-function and custody-role grouping
2017-12-01,2008M01-2023M09,United Kingdom,249.900000,0.0402331235,6211.300000,Economic-function and custody-role grouping
2017-12-01,2008M01-2023M09,Mainland China,1184.900000,0.1907652182,6211.300000,Economic-function and custody-role grouping
2017-12-01,2008M01-2023M09,Japan,1061.600000,0.1709143014,6211.300000,Economic-function and custody-role grouping
2018-01-01,2008M01-2023M09,All other foreign,1138.700000,0.1838213928,6194.600000,Economic-function and custody-role grouping
2018-01-01,2008M01-2023M09,Canada & other advanced,198.500000,0.0320440384,6194.600000,Economic-function and custody-role grouping
2018-01-01,2008M01-2023M09,Commodity exporters,257.500000,0.0415684629,6194.600000,Economic-function and custody-role grouping
2018-01-01,2008M01-2023M09,Core EU-27 (identifiable),323.000000,0.0521421884,6194.600000,Economic-function and custody-role grouping
2018-01-01,2008M01-2023M09,Financial/offshore centres,1522.200000,0.2457301521,6194.600000,Economic-function and custody-role grouping
2018-01-01,2008M01-2023M09,Other East Asian exporters,277.200000,0.0447486521,6194.600000,Economic-function and custody-role grouping
2018-01-01,2008M01-2023M09,United Kingdom,243.300000,0.0392761437,6194.600000,Economic-function and custody-role grouping
2018-01-01,2008M01-2023M09,Mainland China,1168.200000,0.1885836051,6194.600000,Economic-function and custody-role grouping
2018-01-01,2008M01-2023M09,Japan,1066.000000,0.1720853647,6194.600000,Economic-function and custody-role grouping
2018-02-01,2008M01-2023M09,All other foreign,1146.900000,0.1843386856,6221.700000,Economic-function and custody-role grouping
2018-02-01,2008M01-2023M09,Canada & other advanced,207.400000,0.0333349406,6221.700000,Economic-function and custody-role grouping
2018-02-01,2008M01-2023M09,Commodity exporters,267.000000,0.0429143160,6221.700000,Economic-function and custody-role grouping
2018-02-01,2008M01-2023M09,Core EU-27 (identifiable),329.000000,0.0528794381,6221.700000,Economic-function and custody-role grouping
2018-02-01,2008M01-2023M09,Financial/offshore centres,1512.000000,0.2430203964,6221.700000,Economic-function and custody-role grouping
2018-02-01,2008M01-2023M09,Other East Asian exporters,272.000000,0.0437179549,6221.700000,Economic-function and custody-role grouping
2018-02-01,2008M01-2023M09,United Kingdom,250.600000,0.0402783805,6221.700000,Economic-function and custody-role grouping
2018-02-01,2008M01-2023M09,Mainland China,1176.700000,0.1891283733,6221.700000,Economic-function and custody-role grouping
2018-02-01,2008M01-2023M09,Japan,1060.100000,0.1703875147,6221.700000,Economic-function and custody-role grouping
2018-03-01,2008M01-2023M09,All other foreign,1157.300000,0.1859594434,6223.400000,Economic-function and custody-role grouping
2018-03-01,2008M01-2023M09,Canada & other advanced,196.900000,0.0316386541,6223.400000,Economic-function and custody-role grouping
2018-03-01,2008M01-2023M09,Commodity exporters,269.100000,0.0432400296,6223.400000,Economic-function and custody-role grouping
2018-03-01,2008M01-2023M09,Core EU-27 (identifiable),331.400000,0.0532506347,6223.400000,Economic-function and custody-role grouping
2018-03-01,2008M01-2023M09,Financial/offshore centres,1502.300000,0.2413953787,6223.400000,Economic-function and custody-role grouping
2018-03-01,2008M01-2023M09,Other East Asian exporters,270.700000,0.0434971238,6223.400000,Economic-function and custody-role grouping
2018-03-01,2008M01-2023M09,United Kingdom,263.600000,0.0423562683,6223.400000,Economic-function and custody-role grouping
2018-03-01,2008M01-2023M09,Mainland China,1187.700000,0.1908442331,6223.400000,Economic-function and custody-role grouping
2018-03-01,2008M01-2023M09,Japan,1044.400000,0.1678182344,6223.400000,Economic-function and custody-role grouping
2018-04-01,2008M01-2023M09,All other foreign,1114.200000,0.1802912621,6180.000000,Economic-function and custody-role grouping
2018-04-01,2008M01-2023M09,Canada & other advanced,194.900000,0.0315372168,6180.000000,Economic-function and custody-role grouping
2018-04-01,2008M01-2023M09,Commodity exporters,284.600000,0.0460517799,6180.000000,Economic-function and custody-role grouping
2018-04-01,2008M01-2023M09,Core EU-27 (identifiable),340.400000,0.0550809061,6180.000000,Economic-function and custody-role grouping
2018-04-01,2008M01-2023M09,Financial/offshore centres,1496.800000,0.2422006472,6180.000000,Economic-function and custody-role grouping
2018-04-01,2008M01-2023M09,Other East Asian exporters,272.800000,0.0441423948,6180.000000,Economic-function and custody-role grouping
2018-04-01,2008M01-2023M09,United Kingdom,262.600000,0.0424919094,6180.000000,Economic-function and custody-role grouping
2018-04-01,2008M01-2023M09,Mainland China,1181.900000,0.1912459547,6180.000000,Economic-function and custody-role grouping
2018-04-01,2008M01-2023M09,Japan,1031.800000,0.1669579288,6180.000000,Economic-function and custody-role grouping
2018-05-01,2008M01-2023M09,All other foreign,1090.800000,0.1755080369,6215.100000,Economic-function and custody-role grouping
2018-05-01,2008M01-2023M09,Canada & other advanced,212.200000,0.0341426526,6215.100000,Economic-function and custody-role grouping
2018-05-01,2008M01-2023M09,Commodity exporters,290.600000,0.0467570916,6215.100000,Economic-function and custody-role grouping
2018-05-01,2008M01-2023M09,Core EU-27 (identifiable),345.000000,0.0555099677,6215.100000,Economic-function and custody-role grouping
2018-05-01,2008M01-2023M09,Financial/offshore centres,1509.900000,0.2429405802,6215.100000,Economic-function and custody-role grouping
2018-05-01,2008M01-2023M09,Other East Asian exporters,269.600000,0.0433782240,6215.100000,Economic-function and custody-role grouping
2018-05-01,2008M01-2023M09,United Kingdom,265.000000,0.0426380911,6215.100000,Economic-function and custody-role grouping
2018-05-01,2008M01-2023M09,Mainland China,1183.100000,0.1903589645,6215.100000,Economic-function and custody-role grouping
2018-05-01,2008M01-2023M09,Japan,1048.900000,0.1687663915,6215.100000,Economic-function and custody-role grouping
2018-06-01,2008M01-2023M09,All other foreign,1077.000000,0.1730120482,6225.000000,Economic-function and custody-role grouping
2018-06-01,2008M01-2023M09,Canada & other advanced,220.000000,0.0353413655,6225.000000,Economic-function and custody-role grouping
2018-06-01,2008M01-2023M09,Commodity exporters,293.400000,0.0471325301,6225.000000,Economic-function and custody-role grouping
2018-06-01,2008M01-2023M09,Core EU-27 (identifiable),340.500000,0.0546987952,6225.000000,Economic-function and custody-role grouping
2018-06-01,2008M01-2023M09,Financial/offshore centres,1527.500000,0.2453815261,6225.000000,Economic-function and custody-role grouping
2018-06-01,2008M01-2023M09,Other East Asian exporters,268.700000,0.0431646586,6225.000000,Economic-function and custody-role grouping
2018-06-01,2008M01-2023M09,United Kingdom,274.200000,0.0440481928,6225.000000,Economic-function and custody-role grouping
2018-06-01,2008M01-2023M09,Mainland China,1191.200000,0.1913574297,6225.000000,Economic-function and custody-role grouping
2018-06-01,2008M01-2023M09,Japan,1032.500000,0.1658634538,6225.000000,Economic-function and custody-role grouping
2018-07-01,2008M01-2023M09,All other foreign,1081.000000,0.1728383218,6254.400000,Economic-function and custody-role grouping
2018-07-01,2008M01-2023M09,Canada & other advanced,226.100000,0.0361505500,6254.400000,Economic-function and custody-role grouping
2018-07-01,2008M01-2023M09,Commodity exporters,297.700000,0.0475984907,6254.400000,Economic-function and custody-role grouping
2018-07-01,2008M01-2023M09,Core EU-27 (identifiable),359.200000,0.0574315682,6254.400000,Economic-function and custody-role grouping
2018-07-01,2008M01-2023M09,Financial/offshore centres,1538.900000,0.2460507803,6254.400000,Economic-function and custody-role grouping
2018-07-01,2008M01-2023M09,Other East Asian exporters,273.300000,0.0436972371,6254.400000,Economic-function and custody-role grouping
2018-07-01,2008M01-2023M09,United Kingdom,271.700000,0.0434414172,6254.400000,Economic-function and custody-role grouping
2018-07-01,2008M01-2023M09,Mainland China,1171.000000,0.1872281914,6254.400000,Economic-function and custody-role grouping
2018-07-01,2008M01-2023M09,Japan,1035.500000,0.1655634433,6254.400000,Economic-function and custody-role grouping
2018-08-01,2008M01-2023M09,All other foreign,1088.700000,0.1733985283,6278.600000,Economic-function and custody-role grouping
2018-08-01,2008M01-2023M09,Canada & other advanced,231.800000,0.0369190584,6278.600000,Economic-function and custody-role grouping
2018-08-01,2008M01-2023M09,Commodity exporters,301.800000,0.0480680406,6278.600000,Economic-function and custody-role grouping
2018-08-01,2008M01-2023M09,Core EU-27 (identifiable),363.700000,0.0579269264,6278.600000,Economic-function and custody-role grouping
2018-08-01,2008M01-2023M09,Financial/offshore centres,1551.600000,0.2471251553,6278.600000,Economic-function and custody-role grouping
2018-08-01,2008M01-2023M09,Other East Asian exporters,273.400000,0.0435447393,6278.600000,Economic-function and custody-role grouping
2018-08-01,2008M01-2023M09,United Kingdom,272.600000,0.0434173223,6278.600000,Economic-function and custody-role grouping
2018-08-01,2008M01-2023M09,Mainland China,1165.100000,0.1855668461,6278.600000,Economic-function and custody-role grouping
2018-08-01,2008M01-2023M09,Japan,1029.900000,0.1640333832,6278.600000,Economic-function and custody-role grouping
2018-09-01,2008M01-2023M09,All other foreign,1069.000000,0.1717020832,6225.900000,Economic-function and custody-role grouping
2018-09-01,2008M01-2023M09,Canada & other advanced,225.700000,0.0362517869,6225.900000,Economic-function and custody-role grouping
2018-09-01,2008M01-2023M09,Commodity exporters,309.300000,0.0496795644,6225.900000,Economic-function and custody-role grouping
2018-09-01,2008M01-2023M09,Core EU-27 (identifiable),345.000000,0.0554136751,6225.900000,Economic-function and custody-role grouping
2018-09-01,2008M01-2023M09,Financial/offshore centres,1543.900000,0.2479802117,6225.900000,Economic-function and custody-role grouping
2018-09-01,2008M01-2023M09,Other East Asian exporters,277.300000,0.0445397453,6225.900000,Economic-function and custody-role grouping
2018-09-01,2008M01-2023M09,United Kingdom,276.300000,0.0443791259,6225.900000,Economic-function and custody-role grouping
2018-09-01,2008M01-2023M09,Mainland China,1151.400000,0.1849371175,6225.900000,Economic-function and custody-role grouping
2018-09-01,2008M01-2023M09,Japan,1028.000000,0.1651166900,6225.900000,Economic-function and custody-role grouping
2018-10-01,2008M01-2023M09,All other foreign,1067.100000,0.1721045756,6200.300000,Economic-function and custody-role grouping
2018-10-01,2008M01-2023M09,Canada & other advanced,232.900000,0.0375626986,6200.300000,Economic-function and custody-role grouping
2018-10-01,2008M01-2023M09,Commodity exporters,304.200000,0.0490621422,6200.300000,Economic-function and custody-role grouping
2018-10-01,2008M01-2023M09,Core EU-27 (identifiable),361.800000,0.0583520152,6200.300000,Economic-function and custody-role grouping
2018-10-01,2008M01-2023M09,Financial/offshore centres,1539.500000,0.2482944374,6200.300000,Economic-function and custody-role grouping
2018-10-01,2008M01-2023M09,Other East Asian exporters,273.500000,0.0441107688,6200.300000,Economic-function and custody-role grouping
2018-10-01,2008M01-2023M09,United Kingdom,263.900000,0.0425624567,6200.300000,Economic-function and custody-role grouping
2018-10-01,2008M01-2023M09,Mainland China,1138.900000,0.1836846604,6200.300000,Economic-function and custody-role grouping
2018-10-01,2008M01-2023M09,Japan,1018.500000,0.1642662452,6200.300000,Economic-function and custody-role grouping
2018-11-01,2008M01-2023M09,All other foreign,1066.800000,0.1720672914,6199.900000,Economic-function and custody-role grouping
2018-11-01,2008M01-2023M09,Canada & other advanced,223.900000,0.0361134857,6199.900000,Economic-function and custody-role grouping
2018-11-01,2008M01-2023M09,Commodity exporters,302.200000,0.0487427217,6199.900000,Economic-function and custody-role grouping
2018-11-01,2008M01-2023M09,Core EU-27 (identifiable),386.000000,0.0622590687,6199.900000,Economic-function and custody-role grouping
2018-11-01,2008M01-2023M09,Financial/offshore centres,1538.500000,0.2481491637,6199.900000,Economic-function and custody-role grouping
2018-11-01,2008M01-2023M09,Other East Asian exporters,265.600000,0.0428394006,6199.900000,Economic-function and custody-role grouping
2018-11-01,2008M01-2023M09,United Kingdom,258.900000,0.0417587380,6199.900000,Economic-function and custody-role grouping
2018-11-01,2008M01-2023M09,Mainland China,1121.400000,0.1808738851,6199.900000,Economic-function and custody-role grouping
2018-11-01,2008M01-2023M09,Japan,1036.600000,0.1671962451,6199.900000,Economic-function and custody-role grouping
2018-12-01,2008M01-2023M09,All other foreign,1063.600000,0.1696304684,6270.100000,Economic-function and custody-role grouping
2018-12-01,2008M01-2023M09,Canada & other advanced,248.200000,0.0395846956,6270.100000,Economic-function and custody-role grouping
2018-12-01,2008M01-2023M09,Commodity exporters,304.600000,0.0485797675,6270.100000,Economic-function and custody-role grouping
2018-12-01,2008M01-2023M09,Core EU-27 (identifiable),352.100000,0.0561554042,6270.100000,Economic-function and custody-role grouping
2018-12-01,2008M01-2023M09,Financial/offshore centres,1577.500000,0.2515908837,6270.100000,Economic-function and custody-role grouping
2018-12-01,2008M01-2023M09,Other East Asian exporters,272.100000,0.0433964371,6270.100000,Economic-function and custody-role grouping
2018-12-01,2008M01-2023M09,United Kingdom,288.000000,0.0459322818,6270.100000,Economic-function and custody-role grouping
2018-12-01,2008M01-2023M09,Mainland China,1124.300000,0.1793113347,6270.100000,Economic-function and custody-role grouping
2018-12-01,2008M01-2023M09,Japan,1039.700000,0.1658187270,6270.100000,Economic-function and custody-role grouping
2019-01-01,2008M01-2023M09,All other foreign,1082.800000,0.1712045031,6324.600000,Economic-function and custody-role grouping
2019-01-01,2008M01-2023M09,Canada & other advanced,261.500000,0.0413464883,6324.600000,Economic-function and custody-role grouping
2019-01-01,2008M01-2023M09,Commodity exporters,293.900000,0.0464693419,6324.600000,Economic-function and custody-role grouping
2019-01-01,2008M01-2023M09,Core EU-27 (identifiable),356.700000,0.0563988236,6324.600000,Economic-function and custody-role grouping
2019-01-01,2008M01-2023M09,Financial/offshore centres,1562.400000,0.2470353856,6324.600000,Economic-function and custody-role grouping
2019-01-01,2008M01-2023M09,Other East Asian exporters,285.600000,0.0451570060,6324.600000,Economic-function and custody-role grouping
2019-01-01,2008M01-2023M09,United Kingdom,290.100000,0.0458685134,6324.600000,Economic-function and custody-role grouping
2019-01-01,2008M01-2023M09,Mainland China,1126.700000,0.1781456535,6324.600000,Economic-function and custody-role grouping
2019-01-01,2008M01-2023M09,Japan,1064.900000,0.1683742845,6324.600000,Economic-function and custody-role grouping
2019-02-01,2008M01-2023M09,All other foreign,1095.500000,0.1718566162,6374.500000,Economic-function and custody-role grouping
2019-02-01,2008M01-2023M09,Canada & other advanced,269.600000,0.0422935132,6374.500000,Economic-function and custody-role grouping
2019-02-01,2008M01-2023M09,Commodity exporters,299.000000,0.0469056397,6374.500000,Economic-function and custody-role grouping
2019-02-01,2008M01-2023M09,Core EU-27 (identifiable),369.000000,0.0578868931,6374.500000,Economic-function and custody-role grouping
2019-02-01,2008M01-2023M09,Financial/offshore centres,1558.800000,0.2445368264,6374.500000,Economic-function and custody-role grouping
2019-02-01,2008M01-2023M09,Other East Asian exporters,280.400000,0.0439877637,6374.500000,Economic-function and custody-role grouping
2019-02-01,2008M01-2023M09,United Kingdom,302.500000,0.0474547023,6374.500000,Economic-function and custody-role grouping
2019-02-01,2008M01-2023M09,Mainland China,1130.900000,0.1774099929,6374.500000,Economic-function and custody-role grouping
2019-02-01,2008M01-2023M09,Japan,1068.800000,0.1676680524,6374.500000,Economic-function and custody-role grouping
2019-03-01,2008M01-2023M09,All other foreign,1123.300000,0.1735094223,6474.000000,Economic-function and custody-role grouping
2019-03-01,2008M01-2023M09,Canada & other advanced,273.200000,0.0421995675,6474.000000,Economic-function and custody-role grouping
2019-03-01,2008M01-2023M09,Commodity exporters,302.000000,0.0466481310,6474.000000,Economic-function and custody-role grouping
2019-03-01,2008M01-2023M09,Core EU-27 (identifiable),370.600000,0.0572443621,6474.000000,Economic-function and custody-role grouping
2019-03-01,2008M01-2023M09,Financial/offshore centres,1600.500000,0.2472196478,6474.000000,Economic-function and custody-role grouping
2019-03-01,2008M01-2023M09,Other East Asian exporters,288.700000,0.0445937597,6474.000000,Economic-function and custody-role grouping
2019-03-01,2008M01-2023M09,United Kingdom,317.100000,0.0489805375,6474.000000,Economic-function and custody-role grouping
2019-03-01,2008M01-2023M09,Mainland China,1120.500000,0.1730769231,6474.000000,Economic-function and custody-role grouping
2019-03-01,2008M01-2023M09,Japan,1078.100000,0.1665276491,6474.000000,Economic-function and custody-role grouping
2019-04-01,2008M01-2023M09,All other foreign,1130.800000,0.1757565396,6433.900000,Economic-function and custody-role grouping
2019-04-01,2008M01-2023M09,Canada & other advanced,274.500000,0.0426646358,6433.900000,Economic-function and custody-role grouping
2019-04-01,2008M01-2023M09,Commodity exporters,307.900000,0.0478558883,6433.900000,Economic-function and custody-role grouping
2019-04-01,2008M01-2023M09,Core EU-27 (identifiable),381.600000,0.0593108379,6433.900000,Economic-function and custody-role grouping
2019-04-01,2008M01-2023M09,Financial/offshore centres,1575.100000,0.2448126331,6433.900000,Economic-function and custody-role grouping
2019-04-01,2008M01-2023M09,Other East Asian exporters,286.200000,0.0444831284,6433.900000,Economic-function and custody-role grouping
2019-04-01,2008M01-2023M09,United Kingdom,300.800000,0.0467523586,6433.900000,Economic-function and custody-role grouping
2019-04-01,2008M01-2023M09,Mainland China,1113.000000,0.1729899439,6433.900000,Economic-function and custody-role grouping
2019-04-01,2008M01-2023M09,Japan,1064.000000,0.1653740344,6433.900000,Economic-function and custody-role grouping
2019-05-01,2008M01-2023M09,All other foreign,1138.800000,0.1741444169,6539.400000,Economic-function and custody-role grouping
2019-05-01,2008M01-2023M09,Canada & other advanced,275.600000,0.0421445393,6539.400000,Economic-function and custody-role grouping
2019-05-01,2008M01-2023M09,Commodity exporters,308.000000,0.0470991222,6539.400000,Economic-function and custody-role grouping
2019-05-01,2008M01-2023M09,Core EU-27 (identifiable),386.100000,0.0590421140,6539.400000,Economic-function and custody-role grouping
2019-05-01,2008M01-2023M09,Financial/offshore centres,1607.300000,0.2457870753,6539.400000,Economic-function and custody-role grouping
2019-05-01,2008M01-2023M09,Other East Asian exporters,289.300000,0.0442395327,6539.400000,Economic-function and custody-role grouping
2019-05-01,2008M01-2023M09,United Kingdom,323.100000,0.0494082026,6539.400000,Economic-function and custody-role grouping
2019-05-01,2008M01-2023M09,Mainland China,1110.200000,0.1697709270,6539.400000,Economic-function and custody-role grouping
2019-05-01,2008M01-2023M09,Japan,1101.000000,0.1683640701,6539.400000,Economic-function and custody-role grouping
2019-06-01,2008M01-2023M09,All other foreign,1143.100000,0.1725199596,6625.900000,Economic-function and custody-role grouping
2019-06-01,2008M01-2023M09,Canada & other advanced,289.100000,0.0436318085,6625.900000,Economic-function and custody-role grouping
2019-06-01,2008M01-2023M09,Commodity exporters,310.200000,0.0468162816,6625.900000,Economic-function and custody-role grouping
2019-06-01,2008M01-2023M09,Core EU-27 (identifiable),393.300000,0.0593579740,6625.900000,Economic-function and custody-role grouping
2019-06-01,2008M01-2023M09,Financial/offshore centres,1623.500000,0.2450233176,6625.900000,Economic-function and custody-role grouping
2019-06-01,2008M01-2023M09,Other East Asian exporters,290.300000,0.0438129160,6625.900000,Economic-function and custody-role grouping
2019-06-01,2008M01-2023M09,United Kingdom,341.100000,0.0514797990,6625.900000,Economic-function and custody-role grouping
2019-06-01,2008M01-2023M09,Mainland China,1112.500000,0.1679017190,6625.900000,Economic-function and custody-role grouping
2019-06-01,2008M01-2023M09,Japan,1122.800000,0.1694562248,6625.900000,Economic-function and custody-role grouping
2019-07-01,2008M01-2023M09,All other foreign,1153.200000,0.1695832476,6800.200000,Economic-function and custody-role grouping
2019-07-01,2008M01-2023M09,Canada & other advanced,331.300000,0.0487191553,6800.200000,Economic-function and custody-role grouping
2019-07-01,2008M01-2023M09,Commodity exporters,309.000000,0.0454398400,6800.200000,Economic-function and custody-role grouping
2019-07-01,2008M01-2023M09,Core EU-27 (identifiable),404.800000,0.0595276610,6800.200000,Economic-function and custody-role grouping
2019-07-01,2008M01-2023M09,Financial/offshore centres,1658.100000,0.2438310638,6800.200000,Economic-function and custody-role grouping
2019-07-01,2008M01-2023M09,Other East Asian exporters,295.500000,0.0434546043,6800.200000,Economic-function and custody-role grouping
2019-07-01,2008M01-2023M09,United Kingdom,406.800000,0.0598217699,6800.200000,Economic-function and custody-role grouping
2019-07-01,2008M01-2023M09,Mainland China,1110.300000,0.1632746096,6800.200000,Economic-function and custody-role grouping
2019-07-01,2008M01-2023M09,Japan,1131.200000,0.1663480486,6800.200000,Economic-function and custody-role grouping
2019-08-01,2008M01-2023M09,All other foreign,1198.400000,0.1703143653,7036.400000,Economic-function and custody-role grouping
2019-08-01,2008M01-2023M09,Canada & other advanced,343.500000,0.0488175772,7036.400000,Economic-function and custody-role grouping
2019-08-01,2008M01-2023M09,Commodity exporters,312.300000,0.0443834916,7036.400000,Economic-function and custody-role grouping
2019-08-01,2008M01-2023M09,Core EU-27 (identifiable),416.500000,0.0591922006,7036.400000,Economic-function and custody-role grouping
2019-08-01,2008M01-2023M09,Financial/offshore centres,1749.300000,0.2486072423,7036.400000,Economic-function and custody-role grouping
2019-08-01,2008M01-2023M09,Other East Asian exporters,303.700000,0.0431612757,7036.400000,Economic-function and custody-role grouping
2019-08-01,2008M01-2023M09,United Kingdom,434.600000,0.0617645387,7036.400000,Economic-function and custody-role grouping
2019-08-01,2008M01-2023M09,Mainland China,1103.500000,0.1568273549,7036.400000,Economic-function and custody-role grouping
2019-08-01,2008M01-2023M09,Japan,1174.600000,0.1669319538,7036.400000,Economic-function and custody-role grouping
2019-09-01,2008M01-2023M09,All other foreign,1172.000000,0.1692785441,6923.500000,Economic-function and custody-role grouping
2019-09-01,2008M01-2023M09,Canada & other advanced,338.200000,0.0488481259,6923.500000,Economic-function and custody-role grouping
2019-09-01,2008M01-2023M09,Commodity exporters,295.400000,0.0426662815,6923.500000,Economic-function and custody-role grouping
2019-09-01,2008M01-2023M09,Core EU-27 (identifiable),409.200000,0.0591030548,6923.500000,Economic-function and custody-role grouping
2019-09-01,2008M01-2023M09,Financial/offshore centres,1739.900000,0.2513035315,6923.500000,Economic-function and custody-role grouping
2019-09-01,2008M01-2023M09,Other East Asian exporters,307.500000,0.0444139525,6923.500000,Economic-function and custody-role grouping
2019-09-01,2008M01-2023M09,United Kingdom,412.700000,0.0596085795,6923.500000,Economic-function and custody-role grouping
2019-09-01,2008M01-2023M09,Mainland China,1102.400000,0.1592258251,6923.500000,Economic-function and custody-role grouping
2019-09-01,2008M01-2023M09,Japan,1146.200000,0.1655521051,6923.500000,Economic-function and custody-role grouping
2019-10-01,2008M01-2023M09,All other foreign,1169.700000,0.1683893816,6946.400000,Economic-function and custody-role grouping
2019-10-01,2008M01-2023M09,Canada & other advanced,348.200000,0.0501266843,6946.400000,Economic-function and custody-role grouping
2019-10-01,2008M01-2023M09,Commodity exporters,293.800000,0.0422952896,6946.400000,Economic-function and custody-role grouping
2019-10-01,2008M01-2023M09,Core EU-27 (identifiable),410.200000,0.0590521709,6946.400000,Economic-function and custody-role grouping
2019-10-01,2008M01-2023M09,Financial/offshore centres,1733.500000,0.2495537257,6946.400000,Economic-function and custody-role grouping
2019-10-01,2008M01-2023M09,Other East Asian exporters,308.300000,0.0443827018,6946.400000,Economic-function and custody-role grouping
2019-10-01,2008M01-2023M09,United Kingdom,412.700000,0.0594120696,6946.400000,Economic-function and custody-role grouping
2019-10-01,2008M01-2023M09,Mainland China,1101.500000,0.1585713463,6946.400000,Economic-function and custody-role grouping
2019-10-01,2008M01-2023M09,Japan,1168.500000,0.1682166302,6946.400000,Economic-function and custody-role grouping
2019-11-01,2008M01-2023M09,All other foreign,1160.700000,0.1681662103,6902.100000,Economic-function and custody-role grouping
2019-11-01,2008M01-2023M09,Canada & other advanced,341.400000,0.0494632069,6902.100000,Economic-function and custody-role grouping
2019-11-01,2008M01-2023M09,Commodity exporters,293.600000,0.0425377784,6902.100000,Economic-function and custody-role grouping
2019-11-01,2008M01-2023M09,Core EU-27 (identifiable),398.100000,0.0576780980,6902.100000,Economic-function and custody-role grouping
2019-11-01,2008M01-2023M09,Financial/offshore centres,1752.300000,0.2538792541,6902.100000,Economic-function and custody-role grouping
2019-11-01,2008M01-2023M09,Other East Asian exporters,305.800000,0.0443053563,6902.100000,Economic-function and custody-role grouping
2019-11-01,2008M01-2023M09,United Kingdom,400.500000,0.0580258182,6902.100000,Economic-function and custody-role grouping
2019-11-01,2008M01-2023M09,Mainland China,1089.100000,0.1577925559,6902.100000,Economic-function and custody-role grouping
2019-11-01,2008M01-2023M09,Japan,1160.600000,0.1681517219,6902.100000,Economic-function and custody-role grouping
2019-12-01,2008M01-2023M09,All other foreign,1137.300000,0.1661698957,6844.200000,Economic-function and custody-role grouping
2019-12-01,2008M01-2023M09,Canada & other advanced,318.300000,0.0465065311,6844.200000,Economic-function and custody-role grouping
2019-12-01,2008M01-2023M09,Commodity exporters,296.700000,0.0433505742,6844.200000,Economic-function and custody-role grouping
2019-12-01,2008M01-2023M09,Core EU-27 (identifiable),406.100000,0.0593349113,6844.200000,Economic-function and custody-role grouping
2019-12-01,2008M01-2023M09,Financial/offshore centres,1753.600000,0.2562169428,6844.200000,Economic-function and custody-role grouping
2019-12-01,2008M01-2023M09,Other East Asian exporters,315.000000,0.0460243710,6844.200000,Economic-function and custody-role grouping
2019-12-01,2008M01-2023M09,United Kingdom,392.100000,0.0572893837,6844.200000,Economic-function and custody-role grouping
2019-12-01,2008M01-2023M09,Mainland China,1069.900000,0.1563221414,6844.200000,Economic-function and custody-role grouping
2019-12-01,2008M01-2023M09,Japan,1155.200000,0.1687852488,6844.200000,Economic-function and custody-role grouping
2020-01-01,2008M01-2023M09,All other foreign,1223.700000,0.1741351586,7027.300000,Economic-function and custody-role grouping
2020-01-01,2008M01-2023M09,Canada & other advanced,346.300000,0.0492792395,7027.300000,Economic-function and custody-role grouping
2020-01-01,2008M01-2023M09,Commodity exporters,264.600000,0.0376531527,7027.300000,Economic-function and custody-role grouping
2020-01-01,2008M01-2023M09,Core EU-27 (identifiable),388.900000,0.0553413117,7027.300000,Economic-function and custody-role grouping
2020-01-01,2008M01-2023M09,Financial/offshore centres,1742.800000,0.2480042121,7027.300000,Economic-function and custody-role grouping
2020-01-01,2008M01-2023M09,Other East Asian exporters,320.300000,0.0455793833,7027.300000,Economic-function and custody-role grouping
2020-01-01,2008M01-2023M09,United Kingdom,450.300000,0.0640786646,7027.300000,Economic-function and custody-role grouping
2020-01-01,2008M01-2023M09,Mainland China,1078.600000,0.1534871145,7027.300000,Economic-function and custody-role grouping
2020-01-01,2008M01-2023M09,Japan,1211.800000,0.1724417628,7027.300000,Economic-function and custody-role grouping
2020-02-01,2008M01-2023M09,All other foreign,1249.400000,0.1729034044,7226.000000,Economic-function and custody-role grouping
2020-02-01,2008M01-2023M09,Canada & other advanced,340.400000,0.0471076668,7226.000000,Economic-function and custody-role grouping
2020-02-01,2008M01-2023M09,Commodity exporters,265.300000,0.0367146416,7226.000000,Economic-function and custody-role grouping
2020-02-01,2008M01-2023M09,Core EU-27 (identifiable),410.800000,0.0568502629,7226.000000,Economic-function and custody-role grouping
2020-02-01,2008M01-2023M09,Financial/offshore centres,1804.100000,0.2496678660,7226.000000,Economic-function and custody-role grouping
2020-02-01,2008M01-2023M09,Other East Asian exporters,318.000000,0.0440077498,7226.000000,Economic-function and custody-role grouping
2020-02-01,2008M01-2023M09,United Kingdom,477.100000,0.0660254636,7226.000000,Economic-function and custody-role grouping
2020-02-01,2008M01-2023M09,Mainland China,1092.300000,0.1511624689,7226.000000,Economic-function and custody-role grouping
2020-02-01,2008M01-2023M09,Japan,1268.600000,0.1755604761,7226.000000,Economic-function and custody-role grouping
2020-03-01,2008M01-2023M09,All other foreign,1150.100000,0.1654939204,6949.500000,Economic-function and custody-role grouping
2020-03-01,2008M01-2023M09,Canada & other advanced,316.900000,0.0456004029,6949.500000,Economic-function and custody-role grouping
2020-03-01,2008M01-2023M09,Commodity exporters,227.200000,0.0326929995,6949.500000,Economic-function and custody-role grouping
2020-03-01,2008M01-2023M09,Core EU-27 (identifiable),397.000000,0.0571264120,6949.500000,Economic-function and custody-role grouping
2020-03-01,2008M01-2023M09,Financial/offshore centres,1718.600000,0.2472983668,6949.500000,Economic-function and custody-role grouping
2020-03-01,2008M01-2023M09,Other East Asian exporters,315.800000,0.0454421181,6949.500000,Economic-function and custody-role grouping
2020-03-01,2008M01-2023M09,United Kingdom,469.700000,0.0675875962,6949.500000,Economic-function and custody-role grouping
2020-03-01,2008M01-2023M09,Mainland China,1081.600000,0.1556370962,6949.500000,Economic-function and custody-role grouping
2020-03-01,2008M01-2023M09,Japan,1272.600000,0.1831210878,6949.500000,Economic-function and custody-role grouping
2020-04-01,2008M01-2023M09,All other foreign,1159.200000,0.1679245556,6903.100000,Economic-function and custody-role grouping
2020-04-01,2008M01-2023M09,Canada & other advanced,317.500000,0.0459938289,6903.100000,Economic-function and custody-role grouping
2020-04-01,2008M01-2023M09,Commodity exporters,196.100000,0.0284075271,6903.100000,Economic-function and custody-role grouping
2020-04-01,2008M01-2023M09,Core EU-27 (identifiable),371.800000,0.0538598601,6903.100000,Economic-function and custody-role grouping
2020-04-01,2008M01-2023M09,Financial/offshore centres,1768.300000,0.2561602758,6903.100000,Economic-function and custody-role grouping
2020-04-01,2008M01-2023M09,Other East Asian exporters,321.700000,0.0466022512,6903.100000,Economic-function and custody-role grouping
2020-04-01,2008M01-2023M09,United Kingdom,429.200000,0.0621749649,6903.100000,Economic-function and custody-role grouping
2020-04-01,2008M01-2023M09,Mainland China,1072.800000,0.1554084397,6903.100000,Economic-function and custody-role grouping
2020-04-01,2008M01-2023M09,Japan,1266.500000,0.1834682969,6903.100000,Economic-function and custody-role grouping
2020-05-01,2008M01-2023M09,All other foreign,1192.300000,0.1708631289,6978.100000,Economic-function and custody-role grouping
2020-05-01,2008M01-2023M09,Canada & other advanced,307.800000,0.0441094281,6978.100000,Economic-function and custody-role grouping
2020-05-01,2008M01-2023M09,Commodity exporters,195.000000,0.0279445694,6978.100000,Economic-function and custody-role grouping
2020-05-01,2008M01-2023M09,Core EU-27 (identifiable),374.900000,0.0537252261,6978.100000,Economic-function and custody-role grouping
2020-05-01,2008M01-2023M09,Financial/offshore centres,1801.700000,0.2581934911,6978.100000,Economic-function and custody-role grouping
2020-05-01,2008M01-2023M09,Other East Asian exporters,316.500000,0.0453561858,6978.100000,Economic-function and custody-role grouping
2020-05-01,2008M01-2023M09,United Kingdom,445.800000,0.0638855849,6978.100000,Economic-function and custody-role grouping
2020-05-01,2008M01-2023M09,Mainland China,1083.700000,0.1553001533,6978.100000,Economic-function and custody-role grouping
2020-05-01,2008M01-2023M09,Japan,1260.400000,0.1806222324,6978.100000,Economic-function and custody-role grouping
2020-06-01,2008M01-2023M09,All other foreign,1205.600000,0.1709561691,7052.100000,Economic-function and custody-role grouping
2020-06-01,2008M01-2023M09,Canada & other advanced,306.900000,0.0435189518,7052.100000,Economic-function and custody-role grouping
2020-06-01,2008M01-2023M09,Commodity exporters,195.700000,0.0277505991,7052.100000,Economic-function and custody-role grouping
2020-06-01,2008M01-2023M09,Core EU-27 (identifiable),388.700000,0.0551183335,7052.100000,Economic-function and custody-role grouping
2020-06-01,2008M01-2023M09,Financial/offshore centres,1846.200000,0.2617943591,7052.100000,Economic-function and custody-role grouping
2020-06-01,2008M01-2023M09,Other East Asian exporters,327.300000,0.0464117072,7052.100000,Economic-function and custody-role grouping
2020-06-01,2008M01-2023M09,United Kingdom,445.700000,0.0632010323,7052.100000,Economic-function and custody-role grouping
2020-06-01,2008M01-2023M09,Mainland China,1074.400000,0.1523517817,7052.100000,Economic-function and custody-role grouping
2020-06-01,2008M01-2023M09,Japan,1261.600000,0.1788970661,7052.100000,Economic-function and custody-role grouping
2020-07-01,2008M01-2023M09,All other foreign,1235.700000,0.1741354528,7096.200000,Economic-function and custody-role grouping
2020-07-01,2008M01-2023M09,Canada & other advanced,316.000000,0.0445308757,7096.200000,Economic-function and custody-role grouping
2020-07-01,2008M01-2023M09,Commodity exporters,202.000000,0.0284659395,7096.200000,Economic-function and custody-role grouping
2020-07-01,2008M01-2023M09,Core EU-27 (identifiable),375.200000,0.0528733688,7096.200000,Economic-function and custody-role grouping
2020-07-01,2008M01-2023M09,Financial/offshore centres,1843.500000,0.2597869282,7096.200000,Economic-function and custody-role grouping
2020-07-01,2008M01-2023M09,Other East Asian exporters,332.800000,0.0468983400,7096.200000,Economic-function and custody-role grouping
2020-07-01,2008M01-2023M09,United Kingdom,424.600000,0.0598348412,7096.200000,Economic-function and custody-role grouping
2020-07-01,2008M01-2023M09,Mainland China,1073.400000,0.1512640568,7096.200000,Economic-function and custody-role grouping
2020-07-01,2008M01-2023M09,Japan,1293.000000,0.1822101970,7096.200000,Economic-function and custody-role grouping
2020-08-01,2008M01-2023M09,All other foreign,1226.300000,0.1731573002,7082.000000,Economic-function and custody-role grouping
2020-08-01,2008M01-2023M09,Canada & other advanced,312.300000,0.0440977125,7082.000000,Economic-function and custody-role grouping
2020-08-01,2008M01-2023M09,Commodity exporters,213.000000,0.0300762496,7082.000000,Economic-function and custody-role grouping
2020-08-01,2008M01-2023M09,Core EU-27 (identifiable),378.900000,0.0535018356,7082.000000,Economic-function and custody-role grouping
2020-08-01,2008M01-2023M09,Financial/offshore centres,1851.000000,0.2613668455,7082.000000,Economic-function and custody-role grouping
2020-08-01,2008M01-2023M09,Other East Asian exporters,334.700000,0.0472606608,7082.000000,Economic-function and custody-role grouping
2020-08-01,2008M01-2023M09,United Kingdom,419.400000,0.0592205592,7082.000000,Economic-function and custody-role grouping
2020-08-01,2008M01-2023M09,Mainland China,1068.000000,0.1508048574,7082.000000,Economic-function and custody-role grouping
2020-08-01,2008M01-2023M09,Japan,1278.400000,0.1805139791,7082.000000,Economic-function and custody-role grouping
2020-09-01,2008M01-2023M09,All other foreign,1239.200000,0.1752956487,7069.200000,Economic-function and custody-role grouping
2020-09-01,2008M01-2023M09,Canada & other advanced,309.300000,0.0437531828,7069.200000,Economic-function and custody-role grouping
2020-09-01,2008M01-2023M09,Commodity exporters,210.900000,0.0298336445,7069.200000,Economic-function and custody-role grouping
2020-09-01,2008M01-2023M09,Core EU-27 (identifiable),377.400000,0.0533865218,7069.200000,Economic-function and custody-role grouping
2020-09-01,2008M01-2023M09,Financial/offshore centres,1829.300000,0.2587704408,7069.200000,Economic-function and custody-role grouping
2020-09-01,2008M01-2023M09,Other East Asian exporters,336.700000,0.0476291518,7069.200000,Economic-function and custody-role grouping
2020-09-01,2008M01-2023M09,United Kingdom,428.500000,0.0606150625,7069.200000,Economic-function and custody-role grouping
2020-09-01,2008M01-2023M09,Mainland China,1061.700000,0.1501867255,7069.200000,Economic-function and custody-role grouping
2020-09-01,2008M01-2023M09,Japan,1276.200000,0.1805296215,7069.200000,Economic-function and custody-role grouping
2020-10-01,2008M01-2023M09,All other foreign,1240.300000,0.1754214754,7070.400000,Economic-function and custody-role grouping
2020-10-01,2008M01-2023M09,Canada & other advanced,307.000000,0.0434204571,7070.400000,Economic-function and custody-role grouping
2020-10-01,2008M01-2023M09,Commodity exporters,210.400000,0.0297578638,7070.400000,Economic-function and custody-role grouping
2020-10-01,2008M01-2023M09,Core EU-27 (identifiable),374.300000,0.0529390134,7070.400000,Economic-function and custody-role grouping
2020-10-01,2008M01-2023M09,Financial/offshore centres,1831.200000,0.2589952478,7070.400000,Economic-function and custody-role grouping
2020-10-01,2008M01-2023M09,Other East Asian exporters,337.300000,0.0477059289,7070.400000,Economic-function and custody-role grouping
2020-10-01,2008M01-2023M09,United Kingdom,442.800000,0.0626272912,7070.400000,Economic-function and custody-role grouping
2020-10-01,2008M01-2023M09,Mainland China,1054.000000,0.1490721883,7070.400000,Economic-function and custody-role grouping
2020-10-01,2008M01-2023M09,Japan,1273.100000,0.1800605341,7070.400000,Economic-function and custody-role grouping
2020-11-01,2008M01-2023M09,All other foreign,1229.700000,0.1743958475,7051.200000,Economic-function and custody-role grouping
2020-11-01,2008M01-2023M09,Canada & other advanced,314.000000,0.0445314273,7051.200000,Economic-function and custody-role grouping
2020-11-01,2008M01-2023M09,Commodity exporters,220.500000,0.0312712730,7051.200000,Economic-function and custody-role grouping
2020-11-01,2008M01-2023M09,Core EU-27 (identifiable),365.600000,0.0518493306,7051.200000,Economic-function and custody-role grouping
2020-11-01,2008M01-2023M09,Financial/offshore centres,1832.000000,0.2598139324,7051.200000,Economic-function and custody-role grouping
2020-11-01,2008M01-2023M09,Other East Asian exporters,345.100000,0.0489420241,7051.200000,Economic-function and custody-role grouping
2020-11-01,2008M01-2023M09,United Kingdom,420.500000,0.0596352394,7051.200000,Economic-function and custody-role grouping
2020-11-01,2008M01-2023M09,Mainland China,1063.000000,0.1507544815,7051.200000,Economic-function and custody-role grouping
2020-11-01,2008M01-2023M09,Japan,1260.800000,0.1788064443,7051.200000,Economic-function and custody-role grouping
2020-12-01,2008M01-2023M09,All other foreign,1205.000000,0.1704215990,7070.700000,Economic-function and custody-role grouping
2020-12-01,2008M01-2023M09,Canada & other advanced,295.900000,0.0418487561,7070.700000,Economic-function and custody-role grouping
2020-12-01,2008M01-2023M09,Commodity exporters,215.200000,0.0304354590,7070.700000,Economic-function and custody-role grouping
2020-12-01,2008M01-2023M09,Core EU-27 (identifiable),351.900000,0.0497687641,7070.700000,Economic-function and custody-role grouping
2020-12-01,2008M01-2023M09,Financial/offshore centres,1872.200000,0.2647828362,7070.700000,Economic-function and custody-role grouping
2020-12-01,2008M01-2023M09,Other East Asian exporters,366.300000,0.0518053375,7070.700000,Economic-function and custody-role grouping
2020-12-01,2008M01-2023M09,United Kingdom,440.600000,0.0623134909,7070.700000,Economic-function and custody-role grouping
2020-12-01,2008M01-2023M09,Mainland China,1072.300000,0.1516540088,7070.700000,Economic-function and custody-role grouping
2020-12-01,2008M01-2023M09,Japan,1251.300000,0.1769697484,7070.700000,Economic-function and custody-role grouping
2021-01-01,2008M01-2023M09,All other foreign,1247.700000,0.1750420875,7128.000000,Economic-function and custody-role grouping
2021-01-01,2008M01-2023M09,Canada & other advanced,312.700000,0.0438692480,7128.000000,Economic-function and custody-role grouping
2021-01-01,2008M01-2023M09,Commodity exporters,214.200000,0.0300505051,7128.000000,Economic-function and custody-role grouping
2021-01-01,2008M01-2023M09,Core EU-27 (identifiable),330.100000,0.0463103255,7128.000000,Economic-function and custody-role grouping
2021-01-01,2008M01-2023M09,Financial/offshore centres,1847.700000,0.2592171717,7128.000000,Economic-function and custody-role grouping
2021-01-01,2008M01-2023M09,Other East Asian exporters,364.800000,0.0511784512,7128.000000,Economic-function and custody-role grouping
2021-01-01,2008M01-2023M09,United Kingdom,438.700000,0.0615460157,7128.000000,Economic-function and custody-role grouping
2021-01-01,2008M01-2023M09,Mainland China,1095.200000,0.1536475870,7128.000000,Economic-function and custody-role grouping
2021-01-01,2008M01-2023M09,Japan,1276.900000,0.1791386083,7128.000000,Economic-function and custody-role grouping
2021-02-01,2008M01-2023M09,All other foreign,1240.100000,0.1744457574,7108.800000,Economic-function and custody-role grouping
2021-02-01,2008M01-2023M09,Canada & other advanced,308.900000,0.0434531848,7108.800000,Economic-function and custody-role grouping
2021-02-01,2008M01-2023M09,Commodity exporters,228.300000,0.0321151249,7108.800000,Economic-function and custody-role grouping
2021-02-01,2008M01-2023M09,Core EU-27 (identifiable),313.000000,0.0440299347,7108.800000,Economic-function and custody-role grouping
2021-02-01,2008M01-2023M09,Financial/offshore centres,1836.700000,0.2583699077,7108.800000,Economic-function and custody-role grouping
2021-02-01,2008M01-2023M09,Other East Asian exporters,360.200000,0.0506695926,7108.800000,Economic-function and custody-role grouping
2021-02-01,2008M01-2023M09,United Kingdom,459.400000,0.0646241278,7108.800000,Economic-function and custody-role grouping
2021-02-01,2008M01-2023M09,Mainland China,1104.200000,0.1553286068,7108.800000,Economic-function and custody-role grouping
2021-02-01,2008M01-2023M09,Japan,1258.000000,0.1769637632,7108.800000,Economic-function and custody-role grouping
2021-03-01,2008M01-2023M09,All other foreign,1219.000000,0.1731952318,7038.300000,Economic-function and custody-role grouping
2021-03-01,2008M01-2023M09,Canada & other advanced,302.600000,0.0429933365,7038.300000,Economic-function and custody-role grouping
2021-03-01,2008M01-2023M09,Commodity exporters,222.100000,0.0315559155,7038.300000,Economic-function and custody-role grouping
2021-03-01,2008M01-2023M09,Core EU-27 (identifiable),321.100000,0.0456218121,7038.300000,Economic-function and custody-role grouping
2021-03-01,2008M01-2023M09,Financial/offshore centres,1835.100000,0.2607305741,7038.300000,Economic-function and custody-role grouping
2021-03-01,2008M01-2023M09,Other East Asian exporters,354.400000,0.0503530682,7038.300000,Economic-function and custody-role grouping
2021-03-01,2008M01-2023M09,United Kingdom,443.100000,0.0629555432,7038.300000,Economic-function and custody-role grouping
2021-03-01,2008M01-2023M09,Mainland China,1100.400000,0.1563445718,7038.300000,Economic-function and custody-role grouping
2021-03-01,2008M01-2023M09,Japan,1240.500000,0.1762499467,7038.300000,Economic-function and custody-role grouping
2021-04-01,2008M01-2023M09,All other foreign,1207.800000,0.1706269601,7078.600000,Economic-function and custody-role grouping
2021-04-01,2008M01-2023M09,Canada & other advanced,329.600000,0.0465628797,7078.600000,Economic-function and custody-role grouping
2021-04-01,2008M01-2023M09,Commodity exporters,219.800000,0.0310513378,7078.600000,Economic-function and custody-role grouping
2021-04-01,2008M01-2023M09,Core EU-27 (identifiable),316.500000,0.0447122312,7078.600000,Economic-function and custody-role grouping
2021-04-01,2008M01-2023M09,Financial/offshore centres,1846.000000,0.2607860311,7078.600000,Economic-function and custody-role grouping
2021-04-01,2008M01-2023M09,Other East Asian exporters,354.300000,0.0500522702,7078.600000,Economic-function and custody-role grouping
2021-04-01,2008M01-2023M09,United Kingdom,431.700000,0.0609866358,7078.600000,Economic-function and custody-role grouping
2021-04-01,2008M01-2023M09,Mainland China,1096.100000,0.1548470036,7078.600000,Economic-function and custody-role grouping
2021-04-01,2008M01-2023M09,Japan,1276.800000,0.1803746504,7078.600000,Economic-function and custody-role grouping
2021-05-01,2008M01-2023M09,All other foreign,1215.100000,0.1700701219,7144.700000,Economic-function and custody-role grouping
2021-05-01,2008M01-2023M09,Canada & other advanced,338.300000,0.0473497838,7144.700000,Economic-function and custody-role grouping
2021-05-01,2008M01-2023M09,Commodity exporters,230.500000,0.0322616765,7144.700000,Economic-function and custody-role grouping
2021-05-01,2008M01-2023M09,Core EU-27 (identifiable),321.100000,0.0449424049,7144.700000,Economic-function and custody-role grouping
2021-05-01,2008M01-2023M09,Financial/offshore centres,1868.000000,0.2614525452,7144.700000,Economic-function and custody-role grouping
2021-05-01,2008M01-2023M09,Other East Asian exporters,359.500000,0.0503170182,7144.700000,Economic-function and custody-role grouping
2021-05-01,2008M01-2023M09,United Kingdom,467.600000,0.0654471146,7144.700000,Economic-function and custody-role grouping
2021-05-01,2008M01-2023M09,Mainland China,1078.400000,0.1509370582,7144.700000,Economic-function and custody-role grouping
2021-05-01,2008M01-2023M09,Japan,1266.200000,0.1772222767,7144.700000,Economic-function and custody-role grouping
2021-06-01,2008M01-2023M09,All other foreign,1222.500000,0.1625902725,7518.900000,Economic-function and custody-role grouping
2021-06-01,2008M01-2023M09,Canada & other advanced,391.300000,0.0520421870,7518.900000,Economic-function and custody-role grouping
2021-06-01,2008M01-2023M09,Commodity exporters,235.600000,0.0313343707,7518.900000,Economic-function and custody-role grouping
2021-06-01,2008M01-2023M09,Core EU-27 (identifiable),447.200000,0.0594767852,7518.900000,Economic-function and custody-role grouping
2021-06-01,2008M01-2023M09,Financial/offshore centres,1977.000000,0.2629373978,7518.900000,Economic-function and custody-role grouping
2021-06-01,2008M01-2023M09,Other East Asian exporters,370.200000,0.0492359255,7518.900000,Economic-function and custody-role grouping
2021-06-01,2008M01-2023M09,United Kingdom,533.600000,0.0709678277,7518.900000,Economic-function and custody-role grouping
2021-06-01,2008M01-2023M09,Mainland China,1061.800000,0.1412174653,7518.900000,Economic-function and custody-role grouping
2021-06-01,2008M01-2023M09,Japan,1279.700000,0.1701977683,7518.900000,Economic-function and custody-role grouping
2021-07-01,2008M01-2023M09,All other foreign,1225.200000,0.1619071531,7567.300000,Economic-function and custody-role grouping
2021-07-01,2008M01-2023M09,Canada & other advanced,397.900000,0.0525815020,7567.300000,Economic-function and custody-role grouping
2021-07-01,2008M01-2023M09,Commodity exporters,232.600000,0.0307375154,7567.300000,Economic-function and custody-role grouping
2021-07-01,2008M01-2023M09,Core EU-27 (identifiable),458.000000,0.0605235685,7567.300000,Economic-function and custody-role grouping
2021-07-01,2008M01-2023M09,Financial/offshore centres,1965.200000,0.2596963250,7567.300000,Economic-function and custody-role grouping
2021-07-01,2008M01-2023M09,Other East Asian exporters,368.300000,0.0486699351,7567.300000,Economic-function and custody-role grouping
2021-07-01,2008M01-2023M09,United Kingdom,541.600000,0.0715711020,7567.300000,Economic-function and custody-role grouping
2021-07-01,2008M01-2023M09,Mainland China,1068.300000,0.1411732058,7567.300000,Economic-function and custody-role grouping
2021-07-01,2008M01-2023M09,Japan,1310.200000,0.1731396932,7567.300000,Economic-function and custody-role grouping
2021-08-01,2008M01-2023M09,All other foreign,1214.900000,0.1603024225,7578.800000,Economic-function and custody-role grouping
2021-08-01,2008M01-2023M09,Canada & other advanced,400.100000,0.0527919987,7578.800000,Economic-function and custody-role grouping
2021-08-01,2008M01-2023M09,Commodity exporters,229.600000,0.0302950335,7578.800000,Economic-function and custody-role grouping
2021-08-01,2008M01-2023M09,Core EU-27 (identifiable),459.900000,0.0606824299,7578.800000,Economic-function and custody-role grouping
2021-08-01,2008M01-2023M09,Financial/offshore centres,1972.500000,0.2602654774,7578.800000,Economic-function and custody-role grouping
2021-08-01,2008M01-2023M09,Other East Asian exporters,366.200000,0.0483189951,7578.800000,Economic-function and custody-role grouping
2021-08-01,2008M01-2023M09,United Kingdom,568.900000,0.0750646540,7578.800000,Economic-function and custody-role grouping
2021-08-01,2008M01-2023M09,Mainland China,1047.000000,0.1381485196,7578.800000,Economic-function and custody-role grouping
2021-08-01,2008M01-2023M09,Japan,1319.700000,0.1741304692,7578.800000,Economic-function and custody-role grouping
2021-09-01,2008M01-2023M09,All other foreign,1214.700000,0.1604432762,7570.900000,Economic-function and custody-role grouping
2021-09-01,2008M01-2023M09,Canada & other advanced,399.700000,0.0527942517,7570.900000,Economic-function and custody-role grouping
2021-09-01,2008M01-2023M09,Commodity exporters,228.200000,0.0301417269,7570.900000,Economic-function and custody-role grouping
2021-09-01,2008M01-2023M09,Core EU-27 (identifiable),465.000000,0.0614193821,7570.900000,Economic-function and custody-role grouping
2021-09-01,2008M01-2023M09,Financial/offshore centres,1980.300000,0.2615673170,7570.900000,Economic-function and custody-role grouping
2021-09-01,2008M01-2023M09,Other East Asian exporters,369.500000,0.0488052940,7570.900000,Economic-function and custody-role grouping
2021-09-01,2008M01-2023M09,United Kingdom,566.400000,0.0748127699,7570.900000,Economic-function and custody-role grouping
2021-09-01,2008M01-2023M09,Mainland China,1047.500000,0.1383587156,7570.900000,Economic-function and custody-role grouping
2021-09-01,2008M01-2023M09,Japan,1299.600000,0.1716572666,7570.900000,Economic-function and custody-role grouping
2021-10-01,2008M01-2023M09,All other foreign,1214.500000,0.1585364262,7660.700000,Economic-function and custody-role grouping
2021-10-01,2008M01-2023M09,Canada & other advanced,424.900000,0.0554649053,7660.700000,Economic-function and custody-role grouping
2021-10-01,2008M01-2023M09,Commodity exporters,215.500000,0.0281305886,7660.700000,Economic-function and custody-role grouping
2021-10-01,2008M01-2023M09,Core EU-27 (identifiable),461.700000,0.0602686439,7660.700000,Economic-function and custody-role grouping
2021-10-01,2008M01-2023M09,Financial/offshore centres,2010.300000,0.2624172726,7660.700000,Economic-function and custody-role grouping
2021-10-01,2008M01-2023M09,Other East Asian exporters,367.800000,0.0480112783,7660.700000,Economic-function and custody-role grouping
2021-10-01,2008M01-2023M09,United Kingdom,580.200000,0.0757372042,7660.700000,Economic-function and custody-role grouping
2021-10-01,2008M01-2023M09,Mainland China,1065.400000,0.1390734528,7660.700000,Economic-function and custody-role grouping
2021-10-01,2008M01-2023M09,Japan,1320.400000,0.1723602282,7660.700000,Economic-function and custody-role grouping
2021-11-01,2008M01-2023M09,All other foreign,1201.500000,0.1562845510,7687.900000,Economic-function and custody-role grouping
2021-11-01,2008M01-2023M09,Canada & other advanced,414.200000,0.0538768714,7687.900000,Economic-function and custody-role grouping
2021-11-01,2008M01-2023M09,Commodity exporters,211.400000,0.0274977562,7687.900000,Economic-function and custody-role grouping
2021-11-01,2008M01-2023M09,Core EU-27 (identifiable),448.900000,0.0583904577,7687.900000,Economic-function and custody-role grouping
2021-11-01,2008M01-2023M09,Financial/offshore centres,2032.300000,0.2643504728,7687.900000,Economic-function and custody-role grouping
2021-11-01,2008M01-2023M09,Other East Asian exporters,379.400000,0.0493502777,7687.900000,Economic-function and custody-role grouping
2021-11-01,2008M01-2023M09,United Kingdom,621.800000,0.0808803444,7687.900000,Economic-function and custody-role grouping
2021-11-01,2008M01-2023M09,Mainland China,1052.900000,0.1369554755,7687.900000,Economic-function and custody-role grouping
2021-11-01,2008M01-2023M09,Japan,1325.500000,0.1724137931,7687.900000,Economic-function and custody-role grouping
2021-12-01,2008M01-2023M09,All other foreign,1200.200000,0.1550565862,7740.400000,Economic-function and custody-role grouping
2021-12-01,2008M01-2023M09,Canada & other advanced,443.400000,0.0572838613,7740.400000,Economic-function and custody-role grouping
2021-12-01,2008M01-2023M09,Commodity exporters,210.300000,0.0271691385,7740.400000,Economic-function and custody-role grouping
2021-12-01,2008M01-2023M09,Core EU-27 (identifiable),440.100000,0.0568575267,7740.400000,Economic-function and custody-role grouping
2021-12-01,2008M01-2023M09,Financial/offshore centres,2075.800000,0.2681773552,7740.400000,Economic-function and custody-role grouping
2021-12-01,2008M01-2023M09,Other East Asian exporters,380.200000,0.0491189086,7740.400000,Economic-function and custody-role grouping
2021-12-01,2008M01-2023M09,United Kingdom,649.300000,0.0838845538,7740.400000,Economic-function and custody-role grouping
2021-12-01,2008M01-2023M09,Mainland China,1040.300000,0.1343987391,7740.400000,Economic-function and custody-role grouping
2021-12-01,2008M01-2023M09,Japan,1300.800000,0.1680533306,7740.400000,Economic-function and custody-role grouping
2022-01-01,2008M01-2023M09,All other foreign,1143.700000,0.1493919563,7655.700000,Economic-function and custody-role grouping
2022-01-01,2008M01-2023M09,Canada & other advanced,456.900000,0.0596810220,7655.700000,Economic-function and custody-role grouping
2022-01-01,2008M01-2023M09,Commodity exporters,238.300000,0.0311271340,7655.700000,Economic-function and custody-role grouping
2022-01-01,2008M01-2023M09,Core EU-27 (identifiable),486.100000,0.0634951735,7655.700000,Economic-function and custody-role grouping
2022-01-01,2008M01-2023M09,Financial/offshore centres,2015.400000,0.2632548297,7655.700000,Economic-function and custody-role grouping
2022-01-01,2008M01-2023M09,Other East Asian exporters,370.900000,0.0484475619,7655.700000,Economic-function and custody-role grouping
2022-01-01,2008M01-2023M09,United Kingdom,610.700000,0.0797706284,7655.700000,Economic-function and custody-role grouping
2022-01-01,2008M01-2023M09,Mainland China,1033.800000,0.1350366394,7655.700000,Economic-function and custody-role grouping
2022-01-01,2008M01-2023M09,Japan,1299.900000,0.1697950547,7655.700000,Economic-function and custody-role grouping
2022-02-01,2008M01-2023M09,All other foreign,1151.700000,0.1495034724,7703.500000,Economic-function and custody-role grouping
2022-02-01,2008M01-2023M09,Canada & other advanced,470.800000,0.0611150776,7703.500000,Economic-function and custody-role grouping
2022-02-01,2008M01-2023M09,Commodity exporters,237.900000,0.0308820666,7703.500000,Economic-function and custody-role grouping
2022-02-01,2008M01-2023M09,Core EU-27 (identifiable),504.500000,0.0654897125,7703.500000,Economic-function and custody-role grouping
2022-02-01,2008M01-2023M09,Financial/offshore centres,2011.000000,0.2610501720,7703.500000,Economic-function and custody-role grouping
2022-02-01,2008M01-2023M09,Other East Asian exporters,368.900000,0.0478873239,7703.500000,Economic-function and custody-role grouping
2022-02-01,2008M01-2023M09,United Kingdom,627.000000,0.0813915753,7703.500000,Economic-function and custody-role grouping
2022-02-01,2008M01-2023M09,Mainland China,1028.700000,0.1335367041,7703.500000,Economic-function and custody-role grouping
2022-02-01,2008M01-2023M09,Japan,1303.000000,0.1691438956,7703.500000,Economic-function and custody-role grouping
2022-03-01,2008M01-2023M09,All other foreign,1139.400000,0.1498382473,7604.200000,Economic-function and custody-role grouping
2022-03-01,2008M01-2023M09,Canada & other advanced,471.900000,0.0620578102,7604.200000,Economic-function and custody-role grouping
2022-03-01,2008M01-2023M09,Commodity exporters,234.300000,0.0308119197,7604.200000,Economic-function and custody-role grouping
2022-03-01,2008M01-2023M09,Core EU-27 (identifiable),503.700000,0.0662397096,7604.200000,Economic-function and custody-role grouping
2022-03-01,2008M01-2023M09,Financial/offshore centres,2020.400000,0.2656952737,7604.200000,Economic-function and custody-role grouping
2022-03-01,2008M01-2023M09,Other East Asian exporters,355.800000,0.0467899319,7604.200000,Economic-function and custody-role grouping
2022-03-01,2008M01-2023M09,United Kingdom,636.500000,0.0837037427,7604.200000,Economic-function and custody-role grouping
2022-03-01,2008M01-2023M09,Mainland China,1013.200000,0.1332421557,7604.200000,Economic-function and custody-role grouping
2022-03-01,2008M01-2023M09,Japan,1229.000000,0.1616212093,7604.200000,Economic-function and custody-role grouping
2022-04-01,2008M01-2023M09,All other foreign,1128.100000,0.1515631928,7443.100000,Economic-function and custody-role grouping
2022-04-01,2008M01-2023M09,Canada & other advanced,462.500000,0.0621380876,7443.100000,Economic-function and custody-role grouping
2022-04-01,2008M01-2023M09,Commodity exporters,232.000000,0.0311698083,7443.100000,Economic-function and custody-role grouping
2022-04-01,2008M01-2023M09,Core EU-27 (identifiable),494.400000,0.0664239363,7443.100000,Economic-function and custody-role grouping
2022-04-01,2008M01-2023M09,Financial/offshore centres,1976.600000,0.2655613924,7443.100000,Economic-function and custody-role grouping
2022-04-01,2008M01-2023M09,Other East Asian exporters,344.200000,0.0462441725,7443.100000,Economic-function and custody-role grouping
2022-04-01,2008M01-2023M09,United Kingdom,614.300000,0.0825328156,7443.100000,Economic-function and custody-role grouping
2022-04-01,2008M01-2023M09,Mainland China,976.000000,0.1311281590,7443.100000,Economic-function and custody-role grouping
2022-04-01,2008M01-2023M09,Japan,1215.000000,0.1632384356,7443.100000,Economic-function and custody-role grouping
2022-05-01,2008M01-2023M09,All other foreign,1123.300000,0.1515760782,7410.800000,Economic-function and custody-role grouping
2022-05-01,2008M01-2023M09,Canada & other advanced,442.600000,0.0597236466,7410.800000,Economic-function and custody-role grouping
2022-05-01,2008M01-2023M09,Commodity exporters,232.300000,0.0313461435,7410.800000,Economic-function and custody-role grouping
2022-05-01,2008M01-2023M09,Core EU-27 (identifiable),489.700000,0.0660792357,7410.800000,Economic-function and custody-role grouping
2022-05-01,2008M01-2023M09,Financial/offshore centres,1970.300000,0.2658687321,7410.800000,Economic-function and custody-role grouping
2022-05-01,2008M01-2023M09,Other East Asian exporters,344.400000,0.0464727155,7410.800000,Economic-function and custody-role grouping
2022-05-01,2008M01-2023M09,United Kingdom,636.500000,0.0858881632,7410.800000,Economic-function and custody-role grouping
2022-05-01,2008M01-2023M09,Mainland China,951.800000,0.1284341771,7410.800000,Economic-function and custody-role grouping
2022-05-01,2008M01-2023M09,Japan,1219.900000,0.1646111081,7410.800000,Economic-function and custody-role grouping
2022-06-01,2008M01-2023M09,All other foreign,1134.600000,0.1529749626,7416.900000,Economic-function and custody-role grouping
2022-06-01,2008M01-2023M09,Canada & other advanced,424.900000,0.0572880853,7416.900000,Economic-function and custody-role grouping
2022-06-01,2008M01-2023M09,Commodity exporters,237.300000,0.0319944990,7416.900000,Economic-function and custody-role grouping
2022-06-01,2008M01-2023M09,Core EU-27 (identifiable),482.600000,0.0650676159,7416.900000,Economic-function and custody-role grouping
2022-06-01,2008M01-2023M09,Financial/offshore centres,2004.500000,0.2702611603,7416.900000,Economic-function and custody-role grouping
2022-06-01,2008M01-2023M09,Other East Asian exporters,344.200000,0.0464075288,7416.900000,Economic-function and custody-role grouping
2022-06-01,2008M01-2023M09,United Kingdom,617.300000,0.0832288422,7416.900000,Economic-function and custody-role grouping
2022-06-01,2008M01-2023M09,Mainland China,938.800000,0.1265757931,7416.900000,Economic-function and custody-role grouping
2022-06-01,2008M01-2023M09,Japan,1232.700000,0.1662015128,7416.900000,Economic-function and custody-role grouping
2022-07-01,2008M01-2023M09,All other foreign,1146.800000,0.1532028589,7485.500000,Economic-function and custody-role grouping
2022-07-01,2008M01-2023M09,Canada & other advanced,449.700000,0.0600761472,7485.500000,Economic-function and custody-role grouping
2022-07-01,2008M01-2023M09,Commodity exporters,247.300000,0.0330372053,7485.500000,Economic-function and custody-role grouping
2022-07-01,2008M01-2023M09,Core EU-27 (identifiable),474.800000,0.0634292966,7485.500000,Economic-function and custody-role grouping
2022-07-01,2008M01-2023M09,Financial/offshore centres,2010.300000,0.2685592145,7485.500000,Economic-function and custody-role grouping
2022-07-01,2008M01-2023M09,Other East Asian exporters,350.100000,0.0467704228,7485.500000,Economic-function and custody-role grouping
2022-07-01,2008M01-2023M09,United Kingdom,636.600000,0.0850444192,7485.500000,Economic-function and custody-role grouping
2022-07-01,2008M01-2023M09,Mainland China,939.200000,0.1254692405,7485.500000,Economic-function and custody-role grouping
2022-07-01,2008M01-2023M09,Japan,1230.700000,0.1644111950,7485.500000,Economic-function and custody-role grouping
2022-08-01,2008M01-2023M09,All other foreign,1149.400000,0.1534026452,7492.700000,Economic-function and custody-role grouping
2022-08-01,2008M01-2023M09,Canada & other advanced,446.600000,0.0596046819,7492.700000,Economic-function and custody-role grouping
2022-08-01,2008M01-2023M09,Commodity exporters,257.000000,0.0343000521,7492.700000,Economic-function and custody-role grouping
2022-08-01,2008M01-2023M09,Core EU-27 (identifiable),471.500000,0.0629279165,7492.700000,Economic-function and custody-role grouping
2022-08-01,2008M01-2023M09,Financial/offshore centres,2038.100000,0.2720114245,7492.700000,Economic-function and custody-role grouping
2022-08-01,2008M01-2023M09,Other East Asian exporters,349.000000,0.0465786699,7492.700000,Economic-function and custody-role grouping
2022-08-01,2008M01-2023M09,United Kingdom,646.500000,0.0862839831,7492.700000,Economic-function and custody-role grouping
2022-08-01,2008M01-2023M09,Mainland China,938.600000,0.1252685948,7492.700000,Economic-function and custody-role grouping
2022-08-01,2008M01-2023M09,Japan,1196.000000,0.1596220321,7492.700000,Economic-function and custody-role grouping
2022-09-01,2008M01-2023M09,All other foreign,1134.600000,0.1564641798,7251.500000,Economic-function and custody-role grouping
2022-09-01,2008M01-2023M09,Canada & other advanced,407.000000,0.0561263187,7251.500000,Economic-function and custody-role grouping
2022-09-01,2008M01-2023M09,Commodity exporters,256.000000,0.0353030408,7251.500000,Economic-function and custody-role grouping
2022-09-01,2008M01-2023M09,Core EU-27 (identifiable),440.500000,0.0607460525,7251.500000,Economic-function and custody-role grouping
2022-09-01,2008M01-2023M09,Financial/offshore centres,2010.300000,0.2772254016,7251.500000,Economic-function and custody-role grouping
2022-09-01,2008M01-2023M09,Other East Asian exporters,320.200000,0.0441563814,7251.500000,Economic-function and custody-role grouping
2022-09-01,2008M01-2023M09,United Kingdom,664.800000,0.0916775839,7251.500000,Economic-function and custody-role grouping
2022-09-01,2008M01-2023M09,Mainland China,901.700000,0.1243466869,7251.500000,Economic-function and custody-role grouping
2022-09-01,2008M01-2023M09,Japan,1116.400000,0.1539543543,7251.500000,Economic-function and custody-role grouping
2022-10-01,2008M01-2023M09,All other foreign,1122.800000,0.1574048113,7133.200000,Economic-function and custody-role grouping
2022-10-01,2008M01-2023M09,Canada & other advanced,423.500000,0.0593702686,7133.200000,Economic-function and custody-role grouping
2022-10-01,2008M01-2023M09,Commodity exporters,262.900000,0.0368558291,7133.200000,Economic-function and custody-role grouping
2022-10-01,2008M01-2023M09,Core EU-27 (identifiable),453.000000,0.0635058599,7133.200000,Economic-function and custody-role grouping
2022-10-01,2008M01-2023M09,Financial/offshore centres,1974.100000,0.2767481635,7133.200000,Economic-function and custody-role grouping
2022-10-01,2008M01-2023M09,Other East Asian exporters,313.300000,0.0439213817,7133.200000,Economic-function and custody-role grouping
2022-10-01,2008M01-2023M09,United Kingdom,641.300000,0.0899035496,7133.200000,Economic-function and custody-role grouping
2022-10-01,2008M01-2023M09,Mainland China,877.900000,0.1230723939,7133.200000,Economic-function and custody-role grouping
2022-10-01,2008M01-2023M09,Japan,1064.400000,0.1492177424,7133.200000,Economic-function and custody-role grouping
2022-11-01,2008M01-2023M09,All other foreign,1152.100000,0.1603546425,7184.700000,Economic-function and custody-role grouping
2022-11-01,2008M01-2023M09,Canada & other advanced,439.800000,0.0612134118,7184.700000,Economic-function and custody-role grouping
2022-11-01,2008M01-2023M09,Commodity exporters,271.500000,0.0377886342,7184.700000,Economic-function and custody-role grouping
2022-11-01,2008M01-2023M09,Core EU-27 (identifiable),435.300000,0.0605870809,7184.700000,Economic-function and custody-role grouping
2022-11-01,2008M01-2023M09,Financial/offshore centres,2034.300000,0.2831433463,7184.700000,Economic-function and custody-role grouping
2022-11-01,2008M01-2023M09,Other East Asian exporters,324.500000,0.0451654210,7184.700000,Economic-function and custody-role grouping
2022-11-01,2008M01-2023M09,United Kingdom,575.100000,0.0800450958,7184.700000,Economic-function and custody-role grouping
2022-11-01,2008M01-2023M09,Mainland China,870.300000,0.1211324064,7184.700000,Economic-function and custody-role grouping
2022-11-01,2008M01-2023M09,Japan,1081.800000,0.1505699612,7184.700000,Economic-function and custody-role grouping
2022-12-01,2008M01-2023M09,All other foreign,1176.000000,0.1634536534,7194.700000,Economic-function and custody-role grouping
2022-12-01,2008M01-2023M09,Canada & other advanced,414.100000,0.0575562567,7194.700000,Economic-function and custody-role grouping
2022-12-01,2008M01-2023M09,Commodity exporters,267.500000,0.0371801465,7194.700000,Economic-function and custody-role grouping
2022-12-01,2008M01-2023M09,Core EU-27 (identifiable),416.500000,0.0578898356,7194.700000,Economic-function and custody-role grouping
2022-12-01,2008M01-2023M09,Financial/offshore centres,2076.700000,0.2886430289,7194.700000,Economic-function and custody-role grouping
2022-12-01,2008M01-2023M09,Other East Asian exporters,328.000000,0.0455891142,7194.700000,Economic-function and custody-role grouping
2022-12-01,2008M01-2023M09,United Kingdom,573.700000,0.0797392525,7194.700000,Economic-function and custody-role grouping
2022-12-01,2008M01-2023M09,Mainland China,867.100000,0.1205192711,7194.700000,Economic-function and custody-role grouping
2022-12-01,2008M01-2023M09,Japan,1075.100000,0.1494294411,7194.700000,Economic-function and custody-role grouping
2023-01-01,2008M01-2023M09,All other foreign,1264.700000,0.1731256246,7305.100000,Economic-function and custody-role grouping
2023-01-01,2008M01-2023M09,Canada & other advanced,468.800000,0.0641743440,7305.100000,Economic-function and custody-role grouping
2023-01-01,2008M01-2023M09,Commodity exporters,219.200000,0.0300064339,7305.100000,Economic-function and custody-role grouping
2023-01-01,2008M01-2023M09,Core EU-27 (identifiable),416.900000,0.0570697184,7305.100000,Economic-function and custody-role grouping
2023-01-01,2008M01-2023M09,Financial/offshore centres,2034.900000,0.2785588151,7305.100000,Economic-function and custody-role grouping
2023-01-01,2008M01-2023M09,Other East Asian exporters,340.400000,0.0465975825,7305.100000,Economic-function and custody-role grouping
2023-01-01,2008M01-2023M09,United Kingdom,598.000000,0.0818606179,7305.100000,Economic-function and custody-role grouping
2023-01-01,2008M01-2023M09,Mainland China,859.300000,0.1176301488,7305.100000,Economic-function and custody-role grouping
2023-01-01,2008M01-2023M09,Japan,1102.900000,0.1509767149,7305.100000,Economic-function and custody-role grouping
2023-02-01,2008M01-2023M09,All other foreign,1280.500000,0.1765013991,7254.900000,Economic-function and custody-role grouping
2023-02-01,2008M01-2023M09,Canada & other advanced,455.300000,0.0627575845,7254.900000,Economic-function and custody-role grouping
2023-02-01,2008M01-2023M09,Commodity exporters,216.000000,0.0297729810,7254.900000,Economic-function and custody-role grouping
2023-02-01,2008M01-2023M09,Core EU-27 (identifiable),419.900000,0.0578781238,7254.900000,Economic-function and custody-role grouping
2023-02-01,2008M01-2023M09,Financial/offshore centres,2034.600000,0.2804449407,7254.900000,Economic-function and custody-role grouping
2023-02-01,2008M01-2023M09,Other East Asian exporters,342.400000,0.0471956884,7254.900000,Economic-function and custody-role grouping
2023-02-01,2008M01-2023M09,United Kingdom,576.500000,0.0794635350,7254.900000,Economic-function and custody-role grouping
2023-02-01,2008M01-2023M09,Mainland China,849.000000,0.1170243560,7254.900000,Economic-function and custody-role grouping
2023-02-01,2008M01-2023M09,Japan,1080.700000,0.1489613916,7254.900000,Economic-function and custody-role grouping
2023-03-01,2008M01-2023M09,All other foreign,1327.100000,0.1776905980,7468.600000,Economic-function and custody-role grouping
2023-03-01,2008M01-2023M09,Canada & other advanced,475.600000,0.0636799400,7468.600000,Economic-function and custody-role grouping
2023-03-01,2008M01-2023M09,Commodity exporters,217.000000,0.0290549768,7468.600000,Economic-function and custody-role grouping
2023-03-01,2008M01-2023M09,Core EU-27 (identifiable),425.700000,0.0569986343,7468.600000,Economic-function and custody-role grouping
2023-03-01,2008M01-2023M09,Financial/offshore centres,2080.800000,0.2786064323,7468.600000,Economic-function and custody-role grouping
2023-03-01,2008M01-2023M09,Other East Asian exporters,353.400000,0.0473181051,7468.600000,Economic-function and custody-role grouping
2023-03-01,2008M01-2023M09,United Kingdom,633.100000,0.0847682297,7468.600000,Economic-function and custody-role grouping
2023-03-01,2008M01-2023M09,Mainland China,869.300000,0.1163939694,7468.600000,Economic-function and custody-role grouping
2023-03-01,2008M01-2023M09,Japan,1086.600000,0.1454891144,7468.600000,Economic-function and custody-role grouping
2023-04-01,2008M01-2023M09,All other foreign,1321.300000,0.1760325073,7506.000000,Economic-function and custody-role grouping
2023-04-01,2008M01-2023M09,Canada & other advanced,477.200000,0.0635758060,7506.000000,Economic-function and custody-role grouping
2023-04-01,2008M01-2023M09,Commodity exporters,224.900000,0.0299626965,7506.000000,Economic-function and custody-role grouping
2023-04-01,2008M01-2023M09,Core EU-27 (identifiable),447.200000,0.0595790035,7506.000000,Economic-function and custody-role grouping
2023-04-01,2008M01-2023M09,Financial/offshore centres,2059.600000,0.2743938183,7506.000000,Economic-function and custody-role grouping
2023-04-01,2008M01-2023M09,Other East Asian exporters,356.000000,0.0474287237,7506.000000,Economic-function and custody-role grouping
2023-04-01,2008M01-2023M09,United Kingdom,625.100000,0.0832800426,7506.000000,Economic-function and custody-role grouping
2023-04-01,2008M01-2023M09,Mainland China,868.900000,0.1157607248,7506.000000,Economic-function and custody-role grouping
2023-04-01,2008M01-2023M09,Japan,1125.800000,0.1499866773,7506.000000,Economic-function and custody-role grouping
2023-05-01,2008M01-2023M09,All other foreign,1326.000000,0.1777813531,7458.600000,Economic-function and custody-role grouping
2023-05-01,2008M01-2023M09,Canada & other advanced,489.700000,0.0656557531,7458.600000,Economic-function and custody-role grouping
2023-05-01,2008M01-2023M09,Commodity exporters,221.700000,0.0297240769,7458.600000,Economic-function and custody-role grouping
2023-05-01,2008M01-2023M09,Core EU-27 (identifiable),473.500000,0.0634837637,7458.600000,Economic-function and custody-role grouping
2023-05-01,2008M01-2023M09,Financial/offshore centres,2043.100000,0.2739254015,7458.600000,Economic-function and custody-role grouping
2023-05-01,2008M01-2023M09,Other East Asian exporters,355.200000,0.0476228783,7458.600000,Economic-function and custody-role grouping
2023-05-01,2008M01-2023M09,United Kingdom,606.600000,0.0813289357,7458.600000,Economic-function and custody-role grouping
2023-05-01,2008M01-2023M09,Mainland China,846.700000,0.1135199635,7458.600000,Economic-function and custody-role grouping
2023-05-01,2008M01-2023M09,Japan,1096.100000,0.1469578741,7458.600000,Economic-function and custody-role grouping
2023-06-01,2008M01-2023M09,All other foreign,1350.300000,0.1785355405,7563.200000,Economic-function and custody-role grouping
2023-06-01,2008M01-2023M09,Canada & other advanced,515.000000,0.0680928707,7563.200000,Economic-function and custody-role grouping
2023-06-01,2008M01-2023M09,Commodity exporters,220.000000,0.0290882166,7563.200000,Economic-function and custody-role grouping
2023-06-01,2008M01-2023M09,Core EU-27 (identifiable),487.300000,0.0644303998,7563.200000,Economic-function and custody-role grouping
2023-06-01,2008M01-2023M09,Financial/offshore centres,2069.900000,0.2736804527,7563.200000,Economic-function and custody-role grouping
2023-06-01,2008M01-2023M09,Other East Asian exporters,356.400000,0.0471229109,7563.200000,Economic-function and custody-role grouping
2023-06-01,2008M01-2023M09,United Kingdom,624.400000,0.0825576476,7563.200000,Economic-function and custody-role grouping
2023-06-01,2008M01-2023M09,Mainland China,835.800000,0.1105087794,7563.200000,Economic-function and custody-role grouping
2023-06-01,2008M01-2023M09,Japan,1104.100000,0.1459831817,7563.200000,Economic-function and custody-role grouping
2023-07-01,2008M01-2023M09,All other foreign,1356.800000,0.1786414925,7595.100000,Economic-function and custody-role grouping
2023-07-01,2008M01-2023M09,Canada & other advanced,533.300000,0.0702163237,7595.100000,Economic-function and custody-role grouping
2023-07-01,2008M01-2023M09,Commodity exporters,216.600000,0.0285183869,7595.100000,Economic-function and custody-role grouping
2023-07-01,2008M01-2023M09,Core EU-27 (identifiable),499.200000,0.0657265869,7595.100000,Economic-function and custody-role grouping
2023-07-01,2008M01-2023M09,Financial/offshore centres,2087.500000,0.2748482574,7595.100000,Economic-function and custody-role grouping
2023-07-01,2008M01-2023M09,Other East Asian exporters,358.800000,0.0472409843,7595.100000,Economic-function and custody-role grouping
2023-07-01,2008M01-2023M09,United Kingdom,609.300000,0.0802227752,7595.100000,Economic-function and custody-role grouping
2023-07-01,2008M01-2023M09,Mainland China,821.800000,0.1082013403,7595.100000,Economic-function and custody-role grouping
2023-07-01,2008M01-2023M09,Japan,1111.800000,0.1463838527,7595.100000,Economic-function and custody-role grouping
2023-08-01,2008M01-2023M09,All other foreign,1346.100000,0.1766419526,7620.500000,Economic-function and custody-role grouping
2023-08-01,2008M01-2023M09,Canada & other advanced,533.900000,0.0700610196,7620.500000,Economic-function and custody-role grouping
2023-08-01,2008M01-2023M09,Commodity exporters,222.200000,0.0291581917,7620.500000,Economic-function and custody-role grouping
2023-08-01,2008M01-2023M09,Core EU-27 (identifiable),497.200000,0.0652450627,7620.500000,Economic-function and custody-role grouping
2023-08-01,2008M01-2023M09,Financial/offshore centres,2113.900000,0.2773964963,7620.500000,Economic-function and custody-role grouping
2023-08-01,2008M01-2023M09,Other East Asian exporters,358.800000,0.0470835247,7620.500000,Economic-function and custody-role grouping
2023-08-01,2008M01-2023M09,United Kingdom,627.500000,0.0823436782,7620.500000,Economic-function and custody-role grouping
2023-08-01,2008M01-2023M09,Mainland China,805.400000,0.1056886031,7620.500000,Economic-function and custody-role grouping
2023-08-01,2008M01-2023M09,Japan,1115.500000,0.1463814710,7620.500000,Economic-function and custody-role grouping
2023-09-01,2008M01-2023M09,All other foreign,1348.100000,0.1795288383,7509.100000,Economic-function and custody-role grouping
2023-09-01,2008M01-2023M09,Canada & other advanced,516.100000,0.0687299410,7509.100000,Economic-function and custody-role grouping
2023-09-01,2008M01-2023M09,Commodity exporters,222.300000,0.0296040804,7509.100000,Economic-function and custody-role grouping
2023-09-01,2008M01-2023M09,Core EU-27 (identifiable),489.000000,0.0651209865,7509.100000,Economic-function and custody-role grouping
2023-09-01,2008M01-2023M09,Financial/offshore centres,2115.200000,0.2816848890,7509.100000,Economic-function and custody-role grouping
2023-09-01,2008M01-2023M09,Other East Asian exporters,349.200000,0.0465035757,7509.100000,Economic-function and custody-role grouping
2023-09-01,2008M01-2023M09,United Kingdom,604.700000,0.0805289582,7509.100000,Economic-function and custody-role grouping
2023-09-01,2008M01-2023M09,Mainland China,778.100000,0.1036209399,7509.100000,Economic-function and custody-role grouping
2023-09-01,2008M01-2023M09,Japan,1086.400000,0.1446777909,7509.100000,Economic-function and custody-role grouping
2023-10-01,Post-AHP 2023M10-present,All other foreign,1332.300000,0.1781935881,7476.700000,Economic-function and custody-role grouping
2023-10-01,Post-AHP 2023M10-present,Canada & other advanced,510.700000,0.0683055359,7476.700000,Economic-function and custody-role grouping
2023-10-01,Post-AHP 2023M10-present,Commodity exporters,221.100000,0.0295718699,7476.700000,Economic-function and custody-role grouping
2023-10-01,Post-AHP 2023M10-present,Core EU-27 (identifiable),498.100000,0.0666203004,7476.700000,Economic-function and custody-role grouping
2023-10-01,Post-AHP 2023M10-present,Financial/offshore centres,2072.400000,0.2771811093,7476.700000,Economic-function and custody-role grouping
2023-10-01,Post-AHP 2023M10-present,Other East Asian exporters,344.300000,0.0460497278,7476.700000,Economic-function and custody-role grouping
2023-10-01,Post-AHP 2023M10-present,United Kingdom,630.000000,0.0842617732,7476.700000,Economic-function and custody-role grouping
2023-10-01,Post-AHP 2023M10-present,Mainland China,769.600000,0.1029331122,7476.700000,Economic-function and custody-role grouping
2023-10-01,Post-AHP 2023M10-present,Japan,1098.200000,0.1468829831,7476.700000,Economic-function and custody-role grouping
2023-11-01,Post-AHP 2023M10-present,All other foreign,1345.700000,0.1743970556,7716.300000,Economic-function and custody-role grouping
2023-11-01,Post-AHP 2023M10-present,Canada & other advanced,552.600000,0.0716146340,7716.300000,Economic-function and custody-role grouping
2023-11-01,Post-AHP 2023M10-present,Commodity exporters,234.000000,0.0303254150,7716.300000,Economic-function and custody-role grouping
2023-11-01,Post-AHP 2023M10-present,Core EU-27 (identifiable),524.200000,0.0679341135,7716.300000,Economic-function and custody-role grouping
2023-11-01,Post-AHP 2023M10-present,Financial/offshore centres,2145.500000,0.2780477690,7716.300000,Economic-function and custody-role grouping
2023-11-01,Post-AHP 2023M10-present,Other East Asian exporters,354.000000,0.0458769099,7716.300000,Economic-function and custody-role grouping
2023-11-01,Post-AHP 2023M10-present,United Kingdom,650.800000,0.0843409406,7716.300000,Economic-function and custody-role grouping
2023-11-01,Post-AHP 2023M10-present,Mainland China,782.000000,0.1013439083,7716.300000,Economic-function and custody-role grouping
2023-11-01,Post-AHP 2023M10-present,Japan,1127.500000,0.1461192540,7716.300000,Economic-function and custody-role grouping
2023-12-01,Post-AHP 2023M10-present,All other foreign,1379.000000,0.1736775819,7940.000000,Economic-function and custody-role grouping
2023-12-01,Post-AHP 2023M10-present,Canada & other advanced,604.100000,0.0760831234,7940.000000,Economic-function and custody-role grouping
2023-12-01,Post-AHP 2023M10-present,Commodity exporters,242.400000,0.0305289673,7940.000000,Economic-function and custody-role grouping
2023-12-01,Post-AHP 2023M10-present,Core EU-27 (identifiable),518.700000,0.0653274559,7940.000000,Economic-function and custody-role grouping
2023-12-01,Post-AHP 2023M10-present,Financial/offshore centres,2204.400000,0.2776322418,7940.000000,Economic-function and custody-role grouping
2023-12-01,Post-AHP 2023M10-present,Other East Asian exporters,371.200000,0.0467506297,7940.000000,Economic-function and custody-role grouping
2023-12-01,Post-AHP 2023M10-present,United Kingdom,688.600000,0.0867254408,7940.000000,Economic-function and custody-role grouping
2023-12-01,Post-AHP 2023M10-present,Mainland China,816.300000,0.1028085642,7940.000000,Economic-function and custody-role grouping
2023-12-01,Post-AHP 2023M10-present,Japan,1115.300000,0.1404659950,7940.000000,Economic-function and custody-role grouping
2024-01-01,Post-AHP 2023M10-present,All other foreign,1339.300000,0.1683849229,7953.800000,Economic-function and custody-role grouping
2024-01-01,Post-AHP 2023M10-present,Canada & other advanced,625.600000,0.0786542282,7953.800000,Economic-function and custody-role grouping
2024-01-01,Post-AHP 2023M10-present,Commodity exporters,239.600000,0.0301239659,7953.800000,Economic-function and custody-role grouping
2024-01-01,Post-AHP 2023M10-present,Core EU-27 (identifiable),539.100000,0.0677789233,7953.800000,Economic-function and custody-role grouping
2024-01-01,Post-AHP 2023M10-present,Financial/offshore centres,2195.600000,0.2760441550,7953.800000,Economic-function and custody-role grouping
2024-01-01,Post-AHP 2023M10-present,Other East Asian exporters,374.500000,0.0470844125,7953.800000,Economic-function and custody-role grouping
2024-01-01,Post-AHP 2023M10-present,United Kingdom,701.800000,0.0882345546,7953.800000,Economic-function and custody-role grouping
2024-01-01,Post-AHP 2023M10-present,Mainland China,797.700000,0.1002916845,7953.800000,Economic-function and custody-role grouping
2024-01-01,Post-AHP 2023M10-present,Japan,1140.600000,0.1434031532,7953.800000,Economic-function and custody-role grouping
2024-02-01,Post-AHP 2023M10-present,All other foreign,1358.800000,0.1698648632,7999.300000,Economic-function and custody-role grouping
2024-02-01,Post-AHP 2023M10-present,Canada & other advanced,632.100000,0.0790194142,7999.300000,Economic-function and custody-role grouping
2024-02-01,Post-AHP 2023M10-present,Commodity exporters,246.700000,0.0308401985,7999.300000,Economic-function and custody-role grouping
2024-02-01,Post-AHP 2023M10-present,Core EU-27 (identifiable),554.000000,0.0692560599,7999.300000,Economic-function and custody-role grouping
2024-02-01,Post-AHP 2023M10-present,Financial/offshore centres,2197.900000,0.2747615416,7999.300000,Economic-function and custody-role grouping
2024-02-01,Post-AHP 2023M10-present,Other East Asian exporters,375.700000,0.0469666096,7999.300000,Economic-function and custody-role grouping
2024-02-01,Post-AHP 2023M10-present,United Kingdom,711.500000,0.0889452827,7999.300000,Economic-function and custody-role grouping
2024-02-01,Post-AHP 2023M10-present,Mainland China,775.000000,0.0968834773,7999.300000,Economic-function and custody-role grouping
2024-02-01,Post-AHP 2023M10-present,Japan,1147.600000,0.1434625530,7999.300000,Economic-function and custody-role grouping
2024-03-01,Post-AHP 2023M10-present,All other foreign,1396.800000,0.1722764218,8107.900000,Economic-function and custody-role grouping
2024-03-01,Post-AHP 2023M10-present,Canada & other advanced,646.500000,0.0797370466,8107.900000,Economic-function and custody-role grouping
2024-03-01,Post-AHP 2023M10-present,Commodity exporters,253.100000,0.0312164679,8107.900000,Economic-function and custody-role grouping
2024-03-01,Post-AHP 2023M10-present,Core EU-27 (identifiable),555.300000,0.0684887579,8107.900000,Economic-function and custody-role grouping
2024-03-01,Post-AHP 2023M10-present,Financial/offshore centres,2209.400000,0.2724996608,8107.900000,Economic-function and custody-role grouping
2024-03-01,Post-AHP 2023M10-present,Other East Asian exporters,376.000000,0.0463745236,8107.900000,Economic-function and custody-role grouping
2024-03-01,Post-AHP 2023M10-present,United Kingdom,736.400000,0.0908249978,8107.900000,Economic-function and custody-role grouping
2024-03-01,Post-AHP 2023M10-present,Mainland China,767.400000,0.0946484293,8107.900000,Economic-function and custody-role grouping
2024-03-01,Post-AHP 2023M10-present,Japan,1167.000000,0.1439336943,8107.900000,Economic-function and custody-role grouping
2024-04-01,Post-AHP 2023M10-present,All other foreign,1393.100000,0.1733530773,8036.200000,Economic-function and custody-role grouping
2024-04-01,Post-AHP 2023M10-present,Canada & other advanced,611.500000,0.0760931784,8036.200000,Economic-function and custody-role grouping
2024-04-01,Post-AHP 2023M10-present,Commodity exporters,250.200000,0.0311341181,8036.200000,Economic-function and custody-role grouping
2024-04-01,Post-AHP 2023M10-present,Core EU-27 (identifiable),567.400000,0.0706055101,8036.200000,Economic-function and custody-role grouping
2024-04-01,Post-AHP 2023M10-present,Financial/offshore centres,2224.300000,0.2767850477,8036.200000,Economic-function and custody-role grouping
2024-04-01,Post-AHP 2023M10-present,Other East Asian exporters,378.300000,0.0470744879,8036.200000,Economic-function and custody-role grouping
2024-04-01,Post-AHP 2023M10-present,United Kingdom,714.600000,0.0889226251,8036.200000,Economic-function and custody-role grouping
2024-04-01,Post-AHP 2023M10-present,Mainland China,770.700000,0.0959035365,8036.200000,Economic-function and custody-role grouping
2024-04-01,Post-AHP 2023M10-present,Japan,1126.100000,0.1401284189,8036.200000,Economic-function and custody-role grouping
2024-05-01,Post-AHP 2023M10-present,All other foreign,1416.300000,0.1741916440,8130.700000,Economic-function and custody-role grouping
2024-05-01,Post-AHP 2023M10-present,Canada & other advanced,631.700000,0.0776931875,8130.700000,Economic-function and custody-role grouping
2024-05-01,Post-AHP 2023M10-present,Commodity exporters,253.300000,0.0311535292,8130.700000,Economic-function and custody-role grouping
2024-05-01,Post-AHP 2023M10-present,Core EU-27 (identifiable),581.200000,0.0714821602,8130.700000,Economic-function and custody-role grouping
2024-05-01,Post-AHP 2023M10-present,Financial/offshore centres,2260.100000,0.2779711464,8130.700000,Economic-function and custody-role grouping
2024-05-01,Post-AHP 2023M10-present,Other East Asian exporters,385.200000,0.0473759947,8130.700000,Economic-function and custody-role grouping
2024-05-01,Post-AHP 2023M10-present,United Kingdom,728.600000,0.0896109806,8130.700000,Economic-function and custody-role grouping
2024-05-01,Post-AHP 2023M10-present,Mainland China,768.300000,0.0944937090,8130.700000,Economic-function and custody-role grouping
2024-05-01,Post-AHP 2023M10-present,Japan,1106.000000,0.1360276483,8130.700000,Economic-function and custody-role grouping
2024-06-01,Post-AHP 2023M10-present,All other foreign,1473.400000,0.1775330450,8299.300000,Economic-function and custody-role grouping
2024-06-01,Post-AHP 2023M10-present,Canada & other advanced,663.800000,0.0799826491,8299.300000,Economic-function and custody-role grouping
2024-06-01,Post-AHP 2023M10-present,Commodity exporters,256.700000,0.0309303194,8299.300000,Economic-function and custody-role grouping
2024-06-01,Post-AHP 2023M10-present,Core EU-27 (identifiable),610.100000,0.0735122239,8299.300000,Economic-function and custody-role grouping
2024-06-01,Post-AHP 2023M10-present,Financial/offshore centres,2292.100000,0.2761799188,8299.300000,Economic-function and custody-role grouping
2024-06-01,Post-AHP 2023M10-present,Other East Asian exporters,385.100000,0.0464015037,8299.300000,Economic-function and custody-role grouping
2024-06-01,Post-AHP 2023M10-present,United Kingdom,746.500000,0.0899473450,8299.300000,Economic-function and custody-role grouping
2024-06-01,Post-AHP 2023M10-present,Mainland China,780.200000,0.0940079284,8299.300000,Economic-function and custody-role grouping
2024-06-01,Post-AHP 2023M10-present,Japan,1091.400000,0.1315050667,8299.300000,Economic-function and custody-role grouping
2024-07-01,Post-AHP 2023M10-present,All other foreign,1479.100000,0.1754941743,8428.200000,Economic-function and custody-role grouping
2024-07-01,Post-AHP 2023M10-present,Canada & other advanced,680.100000,0.0806933865,8428.200000,Economic-function and custody-role grouping
2024-07-01,Post-AHP 2023M10-present,Commodity exporters,259.200000,0.0307538976,8428.200000,Economic-function and custody-role grouping
2024-07-01,Post-AHP 2023M10-present,Core EU-27 (identifiable),609.700000,0.0723404760,8428.200000,Economic-function and custody-role grouping
2024-07-01,Post-AHP 2023M10-present,Financial/offshore centres,2396.200000,0.2843074441,8428.200000,Economic-function and custody-role grouping
2024-07-01,Post-AHP 2023M10-present,Other East Asian exporters,400.400000,0.0475071783,8428.200000,Economic-function and custody-role grouping
2024-07-01,Post-AHP 2023M10-present,United Kingdom,733.500000,0.0870292589,8428.200000,Economic-function and custody-role grouping
2024-07-01,Post-AHP 2023M10-present,Mainland China,776.500000,0.0921311787,8428.200000,Economic-function and custody-role grouping
2024-07-01,Post-AHP 2023M10-present,Japan,1093.500000,0.1297430056,8428.200000,Economic-function and custody-role grouping
2024-08-01,Post-AHP 2023M10-present,All other foreign,1503.700000,0.1746173677,8611.400000,Economic-function and custody-role grouping
2024-08-01,Post-AHP 2023M10-present,Canada & other advanced,675.800000,0.0784773672,8611.400000,Economic-function and custody-role grouping
2024-08-01,Post-AHP 2023M10-present,Commodity exporters,269.400000,0.0312841118,8611.400000,Economic-function and custody-role grouping
2024-08-01,Post-AHP 2023M10-present,Core EU-27 (identifiable),628.600000,0.0729962608,8611.400000,Economic-function and custody-role grouping
2024-08-01,Post-AHP 2023M10-present,Financial/offshore centres,2493.700000,0.2895812528,8611.400000,Economic-function and custody-role grouping
2024-08-01,Post-AHP 2023M10-present,Other East Asian exporters,410.400000,0.0476577560,8611.400000,Economic-function and custody-role grouping
2024-08-01,Post-AHP 2023M10-present,United Kingdom,749.200000,0.0870009522,8611.400000,Economic-function and custody-role grouping
2024-08-01,Post-AHP 2023M10-present,Mainland China,774.600000,0.0899505307,8611.400000,Economic-function and custody-role grouping
2024-08-01,Post-AHP 2023M10-present,Japan,1106.000000,0.1284344009,8611.400000,Economic-function and custody-role grouping
2024-09-01,Post-AHP 2023M10-present,All other foreign,1530.500000,0.1745890513,8766.300000,Economic-function and custody-role grouping
2024-09-01,Post-AHP 2023M10-present,Canada & other advanced,693.500000,0.0791097727,8766.300000,Economic-function and custody-role grouping
2024-09-01,Post-AHP 2023M10-present,Commodity exporters,264.100000,0.0301267353,8766.300000,Economic-function and custody-role grouping
2024-09-01,Post-AHP 2023M10-present,Core EU-27 (identifiable),659.700000,0.0752540981,8766.300000,Economic-function and custody-role grouping
2024-09-01,Post-AHP 2023M10-present,Financial/offshore centres,2563.300000,0.2924038648,8766.300000,Economic-function and custody-role grouping
2024-09-01,Post-AHP 2023M10-present,Other East Asian exporters,418.400000,0.0477282320,8766.300000,Economic-function and custody-role grouping
2024-09-01,Post-AHP 2023M10-present,United Kingdom,769.300000,0.0877565221,8766.300000,Economic-function and custody-role grouping
2024-09-01,Post-AHP 2023M10-present,Mainland China,772.000000,0.0880645198,8766.300000,Economic-function and custody-role grouping
2024-09-01,Post-AHP 2023M10-present,Japan,1095.500000,0.1249672040,8766.300000,Economic-function and custody-role grouping
2024-10-01,Post-AHP 2023M10-present,All other foreign,1527.900000,0.1757519986,8693.500000,Economic-function and custody-role grouping
2024-10-01,Post-AHP 2023M10-present,Canada & other advanced,691.600000,0.0795536895,8693.500000,Economic-function and custody-role grouping
2024-10-01,Post-AHP 2023M10-present,Commodity exporters,258.900000,0.0297808708,8693.500000,Economic-function and custody-role grouping
2024-10-01,Post-AHP 2023M10-present,Core EU-27 (identifiable),657.400000,0.0756197159,8693.500000,Economic-function and custody-role grouping
2024-10-01,Post-AHP 2023M10-present,Financial/offshore centres,2534.400000,0.2915281532,8693.500000,Economic-function and custody-role grouping
2024-10-01,Post-AHP 2023M10-present,Other East Asian exporters,415.200000,0.0477598206,8693.500000,Economic-function and custody-role grouping
2024-10-01,Post-AHP 2023M10-present,United Kingdom,746.500000,0.0858687525,8693.500000,Economic-function and custody-role grouping
2024-10-01,Post-AHP 2023M10-present,Mainland China,760.100000,0.0874331397,8693.500000,Economic-function and custody-role grouping
2024-10-01,Post-AHP 2023M10-present,Japan,1101.500000,0.1267038592,8693.500000,Economic-function and custody-role grouping
2024-11-01,Post-AHP 2023M10-present,All other foreign,1517.900000,0.1740052503,8723.300000,Economic-function and custody-role grouping
2024-11-01,Post-AHP 2023M10-present,Canada & other advanced,690.300000,0.0791328970,8723.300000,Economic-function and custody-role grouping
2024-11-01,Post-AHP 2023M10-present,Commodity exporters,259.900000,0.0297937707,8723.300000,Economic-function and custody-role grouping
2024-11-01,Post-AHP 2023M10-present,Core EU-27 (identifiable),659.600000,0.0756135866,8723.300000,Economic-function and custody-role grouping
2024-11-01,Post-AHP 2023M10-present,Financial/offshore centres,2559.500000,0.2934096042,8723.300000,Economic-function and custody-role grouping
2024-11-01,Post-AHP 2023M10-present,Other East Asian exporters,413.500000,0.0474017860,8723.300000,Economic-function and custody-role grouping
2024-11-01,Post-AHP 2023M10-present,United Kingdom,766.900000,0.0879139775,8723.300000,Economic-function and custody-role grouping
2024-11-01,Post-AHP 2023M10-present,Mainland China,768.600000,0.0881088579,8723.300000,Economic-function and custody-role grouping
2024-11-01,Post-AHP 2023M10-present,Japan,1087.100000,0.1246202699,8723.300000,Economic-function and custody-role grouping
2024-12-01,Post-AHP 2023M10-present,All other foreign,1481.700000,0.1719049111,8619.300000,Economic-function and custody-role grouping
2024-12-01,Post-AHP 2023M10-present,Canada & other advanced,685.800000,0.0795656260,8619.300000,Economic-function and custody-role grouping
2024-12-01,Post-AHP 2023M10-present,Commodity exporters,264.900000,0.0307333542,8619.300000,Economic-function and custody-role grouping
2024-12-01,Post-AHP 2023M10-present,Core EU-27 (identifiable),650.300000,0.0754469621,8619.300000,Economic-function and custody-role grouping
2024-12-01,Post-AHP 2023M10-present,Financial/offshore centres,2576.100000,0.2988757788,8619.300000,Economic-function and custody-role grouping
2024-12-01,Post-AHP 2023M10-present,Other East Asian exporters,417.200000,0.0484030026,8619.300000,Economic-function and custody-role grouping
2024-12-01,Post-AHP 2023M10-present,United Kingdom,722.800000,0.0838583180,8619.300000,Economic-function and custody-role grouping
2024-12-01,Post-AHP 2023M10-present,Mainland China,759.000000,0.0880581950,8619.300000,Economic-function and custody-role grouping
2024-12-01,Post-AHP 2023M10-present,Japan,1061.500000,0.1231538524,8619.300000,Economic-function and custody-role grouping
2025-01-01,Post-AHP 2023M10-present,All other foreign,1510.500000,0.1752767528,8617.800000,Economic-function and custody-role grouping
2025-01-01,Post-AHP 2023M10-present,Canada & other advanced,678.700000,0.0787555989,8617.800000,Economic-function and custody-role grouping
2025-01-01,Post-AHP 2023M10-present,Commodity exporters,268.700000,0.0311796514,8617.800000,Economic-function and custody-role grouping
2025-01-01,Post-AHP 2023M10-present,Core EU-27 (identifiable),661.500000,0.0767597299,8617.800000,Economic-function and custody-role grouping
2025-01-01,Post-AHP 2023M10-present,Financial/offshore centres,2497.300000,0.2897839356,8617.800000,Economic-function and custody-role grouping
2025-01-01,Post-AHP 2023M10-present,Other East Asian exporters,420.800000,0.0488291675,8617.800000,Economic-function and custody-role grouping
2025-01-01,Post-AHP 2023M10-present,United Kingdom,740.200000,0.0858919910,8617.800000,Economic-function and custody-role grouping
2025-01-01,Post-AHP 2023M10-present,Mainland China,760.800000,0.0882823923,8617.800000,Economic-function and custody-role grouping
2025-01-01,Post-AHP 2023M10-present,Japan,1079.300000,0.1252407807,8617.800000,Economic-function and custody-role grouping
2025-02-01,Post-AHP 2023M10-present,All other foreign,1535.100000,0.1724831461,8900.000000,Economic-function and custody-role grouping
2025-02-01,Post-AHP 2023M10-present,Canada & other advanced,728.400000,0.0818426966,8900.000000,Economic-function and custody-role grouping
2025-02-01,Post-AHP 2023M10-present,Commodity exporters,296.300000,0.0332921348,8900.000000,Economic-function and custody-role grouping
2025-02-01,Post-AHP 2023M10-present,Core EU-27 (identifiable),686.500000,0.0771348315,8900.000000,Economic-function and custody-role grouping
2025-02-01,Post-AHP 2023M10-present,Financial/offshore centres,2562.400000,0.2879101124,8900.000000,Economic-function and custody-role grouping
2025-02-01,Post-AHP 2023M10-present,Other East Asian exporters,430.800000,0.0484044944,8900.000000,Economic-function and custody-role grouping
2025-02-01,Post-AHP 2023M10-present,United Kingdom,750.300000,0.0843033708,8900.000000,Economic-function and custody-role grouping
2025-02-01,Post-AHP 2023M10-present,Mainland China,784.300000,0.0881235955,8900.000000,Economic-function and custody-role grouping
2025-02-01,Post-AHP 2023M10-present,Japan,1125.900000,0.1265056180,8900.000000,Economic-function and custody-role grouping
2025-03-01,Post-AHP 2023M10-present,All other foreign,1540.200000,0.1701088997,9054.200000,Economic-function and custody-role grouping
2025-03-01,Post-AHP 2023M10-present,Canada & other advanced,786.300000,0.0868436748,9054.200000,Economic-function and custody-role grouping
2025-03-01,Post-AHP 2023M10-present,Commodity exporters,288.600000,0.0318747101,9054.200000,Economic-function and custody-role grouping
2025-03-01,Post-AHP 2023M10-present,Core EU-27 (identifiable),708.400000,0.0782399328,9054.200000,Economic-function and custody-role grouping
2025-03-01,Post-AHP 2023M10-present,Financial/offshore centres,2621.200000,0.2895010051,9054.200000,Economic-function and custody-role grouping
2025-03-01,Post-AHP 2023M10-present,Other East Asian exporters,434.000000,0.0479335557,9054.200000,Economic-function and custody-role grouping
2025-03-01,Post-AHP 2023M10-present,United Kingdom,779.300000,0.0860705529,9054.200000,Economic-function and custody-role grouping
2025-03-01,Post-AHP 2023M10-present,Mainland China,765.400000,0.0845353538,9054.200000,Economic-function and custody-role grouping
2025-03-01,Post-AHP 2023M10-present,Japan,1130.800000,0.1248923152,9054.200000,Economic-function and custody-role grouping
2025-04-01,Post-AHP 2023M10-present,All other foreign,1538.600000,0.1709365626,9001.000000,Economic-function and custody-role grouping
2025-04-01,Post-AHP 2023M10-present,Canada & other advanced,729.900000,0.0810909899,9001.000000,Economic-function and custody-role grouping
2025-04-01,Post-AHP 2023M10-present,Commodity exporters,300.900000,0.0334296189,9001.000000,Economic-function and custody-role grouping
2025-04-01,Post-AHP 2023M10-present,Core EU-27 (identifiable),715.400000,0.0794800578,9001.000000,Economic-function and custody-role grouping
2025-04-01,Post-AHP 2023M10-present,Financial/offshore centres,2597.200000,0.2885457171,9001.000000,Economic-function and custody-role grouping
2025-04-01,Post-AHP 2023M10-present,Other East Asian exporters,433.200000,0.0481279858,9001.000000,Economic-function and custody-role grouping
2025-04-01,Post-AHP 2023M10-present,United Kingdom,807.700000,0.0897344739,9001.000000,Economic-function and custody-role grouping
2025-04-01,Post-AHP 2023M10-present,Mainland China,743.600000,0.0826130430,9001.000000,Economic-function and custody-role grouping
2025-04-01,Post-AHP 2023M10-present,Japan,1134.500000,0.1260415509,9001.000000,Economic-function and custody-role grouping
2025-05-01,Post-AHP 2023M10-present,All other foreign,1554.200000,0.1722391533,9023.500000,Economic-function and custody-role grouping
2025-05-01,Post-AHP 2023M10-present,Canada & other advanced,780.600000,0.0865074528,9023.500000,Economic-function and custody-role grouping
2025-05-01,Post-AHP 2023M10-present,Commodity exporters,288.300000,0.0319499086,9023.500000,Economic-function and custody-role grouping
2025-05-01,Post-AHP 2023M10-present,Core EU-27 (identifiable),718.500000,0.0796254225,9023.500000,Economic-function and custody-role grouping
2025-05-01,Post-AHP 2023M10-present,Financial/offshore centres,2575.800000,0.2854546462,9023.500000,Economic-function and custody-role grouping
2025-05-01,Post-AHP 2023M10-present,Other East Asian exporters,429.000000,0.0475425278,9023.500000,Economic-function and custody-role grouping
2025-05-01,Post-AHP 2023M10-present,United Kingdom,809.400000,0.0896991190,9023.500000,Economic-function and custody-role grouping
2025-05-01,Post-AHP 2023M10-present,Mainland China,732.700000,0.0811990913,9023.500000,Economic-function and custody-role grouping
2025-05-01,Post-AHP 2023M10-present,Japan,1135.000000,0.1257826786,9023.500000,Economic-function and custody-role grouping
2025-06-01,Post-AHP 2023M10-present,All other foreign,1565.100000,0.1721100554,9093.600000,Economic-function and custody-role grouping
2025-06-01,Post-AHP 2023M10-present,Canada & other advanced,797.400000,0.0876880443,9093.600000,Economic-function and custody-role grouping
2025-06-01,Post-AHP 2023M10-present,Commodity exporters,284.900000,0.0313297264,9093.600000,Economic-function and custody-role grouping
2025-06-01,Post-AHP 2023M10-present,Core EU-27 (identifiable),712.600000,0.0783628046,9093.600000,Economic-function and custody-role grouping
2025-06-01,Post-AHP 2023M10-present,Financial/offshore centres,2558.100000,0.2813077329,9093.600000,Economic-function and custody-role grouping
2025-06-01,Post-AHP 2023M10-present,Other East Asian exporters,433.700000,0.0476928829,9093.600000,Economic-function and custody-role grouping
2025-06-01,Post-AHP 2023M10-present,United Kingdom,855.600000,0.0940881499,9093.600000,Economic-function and custody-role grouping
2025-06-01,Post-AHP 2023M10-present,Mainland China,731.400000,0.0804301927,9093.600000,Economic-function and custody-role grouping
2025-06-01,Post-AHP 2023M10-present,Japan,1154.800000,0.1269904108,9093.600000,Economic-function and custody-role grouping
2025-07-01,Post-AHP 2023M10-present,All other foreign,1537.300000,0.1687578901,9109.500000,Economic-function and custody-role grouping
2025-07-01,Post-AHP 2023M10-present,Canada & other advanced,763.300000,0.0837916461,9109.500000,Economic-function and custody-role grouping
2025-07-01,Post-AHP 2023M10-present,Commodity exporters,297.400000,0.0326472364,9109.500000,Economic-function and custody-role grouping
2025-07-01,Post-AHP 2023M10-present,Core EU-27 (identifiable),754.300000,0.0828036665,9109.500000,Economic-function and custody-role grouping
2025-07-01,Post-AHP 2023M10-present,Financial/offshore centres,2569.200000,0.2820352379,9109.500000,Economic-function and custody-role grouping
2025-07-01,Post-AHP 2023M10-present,Other East Asian exporters,441.100000,0.0484219771,9109.500000,Economic-function and custody-role grouping
2025-07-01,Post-AHP 2023M10-present,United Kingdom,895.900000,0.0983478786,9109.500000,Economic-function and custody-role grouping
2025-07-01,Post-AHP 2023M10-present,Mainland China,695.600000,0.0763598441,9109.500000,Economic-function and custody-role grouping
2025-07-01,Post-AHP 2023M10-present,Japan,1155.400000,0.1268346232,9109.500000,Economic-function and custody-role grouping
2025-08-01,Post-AHP 2023M10-present,All other foreign,1540.200000,0.1665405160,9248.200000,Economic-function and custody-role grouping
2025-08-01,Post-AHP 2023M10-present,Canada & other advanced,826.400000,0.0893579291,9248.200000,Economic-function and custody-role grouping
2025-08-01,Post-AHP 2023M10-present,Commodity exporters,300.900000,0.0325360611,9248.200000,Economic-function and custody-role grouping
2025-08-01,Post-AHP 2023M10-present,Core EU-27 (identifiable),740.400000,0.0800588223,9248.200000,Economic-function and custody-role grouping
2025-08-01,Post-AHP 2023M10-present,Financial/offshore centres,2606.200000,0.2818061893,9248.200000,Economic-function and custody-role grouping
2025-08-01,Post-AHP 2023M10-present,Other East Asian exporters,449.200000,0.0485716139,9248.200000,Economic-function and custody-role grouping
2025-08-01,Post-AHP 2023M10-present,United Kingdom,901.300000,0.0974568024,9248.200000,Economic-function and custody-role grouping
2025-08-01,Post-AHP 2023M10-present,Mainland China,699.700000,0.0756579659,9248.200000,Economic-function and custody-role grouping
2025-08-01,Post-AHP 2023M10-present,Japan,1183.900000,0.1280141000,9248.200000,Economic-function and custody-role grouping
2025-09-01,Post-AHP 2023M10-present,All other foreign,1506.700000,0.1631069012,9237.500000,Economic-function and custody-role grouping
2025-09-01,Post-AHP 2023M10-present,Canada & other advanced,869.400000,0.0941163735,9237.500000,Economic-function and custody-role grouping
2025-09-01,Post-AHP 2023M10-present,Commodity exporters,296.900000,0.0321407307,9237.500000,Economic-function and custody-role grouping
2025-09-01,Post-AHP 2023M10-present,Core EU-27 (identifiable),726.500000,0.0786468200,9237.500000,Economic-function and custody-role grouping
2025-09-01,Post-AHP 2023M10-present,Financial/offshore centres,2631.800000,0.2849039242,9237.500000,Economic-function and custody-role grouping
2025-09-01,Post-AHP 2023M10-present,Other East Asian exporters,455.200000,0.0492774019,9237.500000,Economic-function and custody-role grouping
2025-09-01,Post-AHP 2023M10-present,United Kingdom,862.500000,0.0933694181,9237.500000,Economic-function and custody-role grouping
2025-09-01,Post-AHP 2023M10-present,Mainland China,699.200000,0.0756914750,9237.500000,Economic-function and custody-role grouping
2025-09-01,Post-AHP 2023M10-present,Japan,1189.300000,0.1287469553,9237.500000,Economic-function and custody-role grouping
2025-10-01,Post-AHP 2023M10-present,All other foreign,1499.700000,0.1624722388,9230.500000,Economic-function and custody-role grouping
2025-10-01,Post-AHP 2023M10-present,Canada & other advanced,795.400000,0.0861708466,9230.500000,Economic-function and custody-role grouping
2025-10-01,Post-AHP 2023M10-present,Commodity exporters,305.700000,0.0331184660,9230.500000,Economic-function and custody-role grouping
2025-10-01,Post-AHP 2023M10-present,Core EU-27 (identifiable),758.400000,0.0821623964,9230.500000,Economic-function and custody-role grouping
2025-10-01,Post-AHP 2023M10-present,Financial/offshore centres,2653.800000,0.2875033855,9230.500000,Economic-function and custody-role grouping
2025-10-01,Post-AHP 2023M10-present,Other East Asian exporters,454.400000,0.0492281025,9230.500000,Economic-function and custody-role grouping
2025-10-01,Post-AHP 2023M10-present,United Kingdom,875.400000,0.0948377661,9230.500000,Economic-function and custody-role grouping
2025-10-01,Post-AHP 2023M10-present,Mainland China,687.700000,0.0745030063,9230.500000,Economic-function and custody-role grouping
2025-10-01,Post-AHP 2023M10-present,Japan,1200.000000,0.1300037918,9230.500000,Economic-function and custody-role grouping
2025-11-01,Post-AHP 2023M10-present,All other foreign,1503.600000,0.1608197142,9349.600000,Economic-function and custody-role grouping
2025-11-01,Post-AHP 2023M10-present,Canada & other advanced,874.300000,0.0935120219,9349.600000,Economic-function and custody-role grouping
2025-11-01,Post-AHP 2023M10-present,Commodity exporters,317.100000,0.0339158894,9349.600000,Economic-function and custody-role grouping
2025-11-01,Post-AHP 2023M10-present,Core EU-27 (identifiable),743.300000,0.0795007273,9349.600000,Economic-function and custody-role grouping
2025-11-01,Post-AHP 2023M10-present,Financial/offshore centres,2686.900000,0.2873812783,9349.600000,Economic-function and custody-role grouping
2025-11-01,Post-AHP 2023M10-present,Other East Asian exporters,458.000000,0.0489860529,9349.600000,Economic-function and custody-role grouping
2025-11-01,Post-AHP 2023M10-present,United Kingdom,879.800000,0.0941002824,9349.600000,Economic-function and custody-role grouping
2025-11-01,Post-AHP 2023M10-present,Mainland China,683.900000,0.0731475143,9349.600000,Economic-function and custody-role grouping
2025-11-01,Post-AHP 2023M10-present,Japan,1202.700000,0.1286365192,9349.600000,Economic-function and custody-role grouping
2025-12-01,Post-AHP 2023M10-present,All other foreign,1515.100000,0.1634500243,9269.500000,Economic-function and custody-role grouping
2025-12-01,Post-AHP 2023M10-present,Canada & other advanced,854.400000,0.0921732564,9269.500000,Economic-function and custody-role grouping
2025-12-01,Post-AHP 2023M10-present,Commodity exporters,311.300000,0.0335832569,9269.500000,Economic-function and custody-role grouping
2025-12-01,Post-AHP 2023M10-present,Core EU-27 (identifiable),718.300000,0.0774906953,9269.500000,Economic-function and custody-role grouping
2025-12-01,Post-AHP 2023M10-present,Financial/offshore centres,2686.200000,0.2897890933,9269.500000,Economic-function and custody-role grouping
2025-12-01,Post-AHP 2023M10-present,Other East Asian exporters,451.200000,0.0486757646,9269.500000,Economic-function and custody-role grouping
2025-12-01,Post-AHP 2023M10-present,United Kingdom,863.100000,0.0931118183,9269.500000,Economic-function and custody-role grouping
2025-12-01,Post-AHP 2023M10-present,Mainland China,684.400000,0.0738335401,9269.500000,Economic-function and custody-role grouping
2025-12-01,Post-AHP 2023M10-present,Japan,1185.500000,0.1278925508,9269.500000,Economic-function and custody-role grouping
2026-01-01,Post-AHP 2023M10-present,All other foreign,2189.800000,0.2356828431,9291.300000,Economic-function and custody-role grouping
2026-01-01,Post-AHP 2023M10-present,Canada & other advanced,729.300000,0.0784927836,9291.300000,Economic-function and custody-role grouping
2026-01-01,Post-AHP 2023M10-present,Commodity exporters,247.200000,0.0266055342,9291.300000,Economic-function and custody-role grouping
2026-01-01,Post-AHP 2023M10-present,Core EU-27 (identifiable),380.500000,0.0409522887,9291.300000,Economic-function and custody-role grouping
2026-01-01,Post-AHP 2023M10-present,Financial/offshore centres,2495.000000,0.2685307761,9291.300000,Economic-function and custody-role grouping
2026-01-01,Post-AHP 2023M10-present,Other East Asian exporters,449.100000,0.0483355397,9291.300000,Economic-function and custody-role grouping
2026-01-01,Post-AHP 2023M10-present,United Kingdom,879.800000,0.0946907322,9291.300000,Economic-function and custody-role grouping
2026-01-01,Post-AHP 2023M10-present,Mainland China,695.300000,0.0748334463,9291.300000,Economic-function and custody-role grouping
2026-01-01,Post-AHP 2023M10-present,Japan,1225.300000,0.1318760561,9291.300000,Economic-function and custody-role grouping
2026-02-01,Post-AHP 2023M10-present,All other foreign,2217.700000,0.2337028685,9489.400000,Economic-function and custody-role grouping
2026-02-01,Post-AHP 2023M10-present,Canada & other advanced,780.200000,0.0822180538,9489.400000,Economic-function and custody-role grouping
2026-02-01,Post-AHP 2023M10-present,Commodity exporters,280.400000,0.0295487597,9489.400000,Economic-function and custody-role grouping
2026-02-01,Post-AHP 2023M10-present,Core EU-27 (identifiable),395.100000,0.0416359306,9489.400000,Economic-function and custody-role grouping
2026-02-01,Post-AHP 2023M10-present,Financial/offshore centres,2530.800000,0.2666975784,9489.400000,Economic-function and custody-role grouping
2026-02-01,Post-AHP 2023M10-present,Other East Asian exporters,454.400000,0.0478850085,9489.400000,Economic-function and custody-role grouping
2026-02-01,Post-AHP 2023M10-present,United Kingdom,897.300000,0.0945581386,9489.400000,Economic-function and custody-role grouping
2026-02-01,Post-AHP 2023M10-present,Mainland China,694.200000,0.0731553101,9489.400000,Economic-function and custody-role grouping
2026-02-01,Post-AHP 2023M10-present,Japan,1239.300000,0.1305983518,9489.400000,Economic-function and custody-role grouping
2026-03-01,Post-AHP 2023M10-present,All other foreign,2183.100000,0.2333618386,9355.000000,Economic-function and custody-role grouping
2026-03-01,Post-AHP 2023M10-present,Canada & other advanced,761.800000,0.0814323891,9355.000000,Economic-function and custody-role grouping
2026-03-01,Post-AHP 2023M10-present,Commodity exporters,266.100000,0.0284446820,9355.000000,Economic-function and custody-role grouping
2026-03-01,Post-AHP 2023M10-present,Core EU-27 (identifiable),393.000000,0.0420096205,9355.000000,Economic-function and custody-role grouping
2026-03-01,Post-AHP 2023M10-present,Financial/offshore centres,2541.400000,0.2716622127,9355.000000,Economic-function and custody-role grouping
2026-03-01,Post-AHP 2023M10-present,Other East Asian exporters,437.600000,0.0467771245,9355.000000,Economic-function and custody-role grouping
2026-03-01,Post-AHP 2023M10-present,United Kingdom,927.100000,0.0991020844,9355.000000,Economic-function and custody-role grouping
2026-03-01,Post-AHP 2023M10-present,Mainland China,653.300000,0.0698343132,9355.000000,Economic-function and custody-role grouping
2026-03-01,Post-AHP 2023M10-present,Japan,1191.600000,0.1273757349,9355.000000,Economic-function and custody-role grouping
2026-04-01,Post-AHP 2023M10-present,All other foreign,2203.800000,0.2356350106,9352.600000,Economic-function and custody-role grouping
2026-04-01,Post-AHP 2023M10-present,Canada & other advanced,725.200000,0.0775399354,9352.600000,Economic-function and custody-role grouping
2026-04-01,Post-AHP 2023M10-present,Commodity exporters,252.600000,0.0270085324,9352.600000,Economic-function and custody-role grouping
2026-04-01,Post-AHP 2023M10-present,Core EU-27 (identifiable),393.300000,0.0420524774,9352.600000,Economic-function and custody-role grouping
2026-04-01,Post-AHP 2023M10-present,Financial/offshore centres,2543.100000,0.2719136924,9352.600000,Economic-function and custody-role grouping
2026-04-01,Post-AHP 2023M10-present,Other East Asian exporters,436.100000,0.0466287449,9352.600000,Economic-function and custody-role grouping
2026-04-01,Post-AHP 2023M10-present,United Kingdom,937.500000,0.1002395056,9352.600000,Economic-function and custody-role grouping
2026-04-01,Post-AHP 2023M10-present,Mainland China,651.100000,0.0696170049,9352.600000,Economic-function and custody-role grouping
2026-04-01,Post-AHP 2023M10-present,Japan,1209.900000,0.1293650963,9352.600000,Economic-function and custody-role grouping
2026-05-01,Post-AHP 2023M10-present,All other foreign,2201.600000,0.2349350663,9371.100000,Economic-function and custody-role grouping
2026-05-01,Post-AHP 2023M10-present,Canada & other advanced,760.700000,0.0811751022,9371.100000,Economic-function and custody-role grouping
2026-05-01,Post-AHP 2023M10-present,Commodity exporters,258.900000,0.0276274930,9371.100000,Economic-function and custody-role grouping
2026-05-01,Post-AHP 2023M10-present,Core EU-27 (identifiable),393.100000,0.0419481171,9371.100000,Economic-function and custody-role grouping
2026-05-01,Post-AHP 2023M10-present,Financial/offshore centres,2567.500000,0.2739806426,9371.100000,Economic-function and custody-role grouping
2026-05-01,Post-AHP 2023M10-present,Other East Asian exporters,438.300000,0.0467714569,9371.100000,Economic-function and custody-role grouping
2026-05-01,Post-AHP 2023M10-present,United Kingdom,948.600000,0.1012261101,9371.100000,Economic-function and custody-role grouping
2026-05-01,Post-AHP 2023M10-present,Mainland China,659.300000,0.0703546008,9371.100000,Economic-function and custody-role grouping
2026-05-01,Post-AHP 2023M10-present,Japan,1143.100000,0.1219814109,9371.100000,Economic-function and custody-role grouping
2026-06-01,Post-AHP 2023M10-present,All other foreign,2202.500000,0.2368534251,9299.000000,Economic-function and custody-role grouping
2026-06-01,Post-AHP 2023M10-present,Canada & other advanced,773.700000,0.0832024949,9299.000000,Economic-function and custody-role grouping
2026-06-01,Post-AHP 2023M10-present,Commodity exporters,257.300000,0.0276696419,9299.000000,Economic-function and custody-role grouping
2026-06-01,Post-AHP 2023M10-present,Core EU-27 (identifiable),389.900000,0.0419292397,9299.000000,Economic-function and custody-role grouping
2026-06-01,Post-AHP 2023M10-present,Financial/offshore centres,2548.400000,0.2740509732,9299.000000,Economic-function and custody-role grouping
2026-06-01,Post-AHP 2023M10-present,Other East Asian exporters,437.200000,0.0470158082,9299.000000,Economic-function and custody-role grouping
2026-06-01,Post-AHP 2023M10-present,United Kingdom,939.900000,0.1010753844,9299.000000,Economic-function and custody-role grouping
2026-06-01,Post-AHP 2023M10-present,Mainland China,633.400000,0.0681148511,9299.000000,Economic-function and custody-role grouping
2026-06-01,Post-AHP 2023M10-present,Japan,1116.700000,0.1200881815,9299.000000,Economic-function and custody-role grouping
