date,quarter,holder,holder_category,fof_code,fred_series_id,value_usd_millions,value_usd_billions,total_assets_usd_billions,share_of_total_assets
1990-01-01,1990Q1,ABS issuers,Domestic financial,FL673061103,BOGZ1FL673061103Q,0.0,0.0,1956.301,0.0
1990-01-01,1990Q1,Banks in U.S.-affiliated areas,Domestic financial,LM743061103,BOGZ1LM743061103Q,2323.0,2.323,1956.301,0.0011874450813039506
1990-01-01,1990Q1,Brokers and dealers,Domestic financial,LM663061105,BOGZ1LM663061105Q,35455.0,35.455,1956.301,0.018123489176767787
1990-01-01,1990Q1,Closed-end funds,Domestic financial,LM553061103,BOGZ1LM553061103Q,6651.0,6.651,1956.301,0.0033997835711375704
1990-01-01,1990Q1,Credit unions,Domestic financial,LM473061105,BOGZ1LM473061105Q,11243.0,11.243,1956.301,0.005747070619500783
1990-01-01,1990Q1,Exchange-traded funds,Domestic financial,LM563061103,BOGZ1LM563061103Q,0.0,0.0,1956.301,0.0
1990-01-01,1990Q1,Federal Reserve,Domestic financial,LM713061103,BOGZ1LM713061103Q,217899.0,217.899,1956.301,0.11138316649636228
1990-01-01,1990Q1,Federal government pension funds,Domestic government,LM343061105,BOGZ1LM343061105Q,15018.0,15.018,1956.301,0.007676732772717491
1990-01-01,1990Q1,Foreign bank offices in U.S.,Domestic financial,LM753061103,BOGZ1LM753061103Q,8933.0,8.933,1956.301,0.004566270732366849
1990-01-01,1990Q1,Government-sponsored enterprises,Domestic financial,LM403061105,BOGZ1LM403061105Q,18507.0,18.507,1956.301,0.009460200654193809
1990-01-01,1990Q1,Holding companies,Domestic financial,LM733061103,BOGZ1LM733061103Q,924.0,0.924,1956.301,0.0004723199548535732
1990-01-01,1990Q1,Households and nonprofits,Domestic nonfinancial,LM153061105,BOGZ1LM153061105Q,213333.0,213.333,1956.301,0.1090491698363391
1990-01-01,1990Q1,Life insurers,Domestic financial,LM543061105,BOGZ1LM543061105Q,60328.0,60.328,1956.301,0.030837790299141087
1990-01-01,1990Q1,Money market funds,Domestic financial,FL633061105,BOGZ1FL633061105Q,31274.0,31.274,1956.301,0.0159862924979336
1990-01-01,1990Q1,Mutual funds,Domestic financial,LM653061105,BOGZ1LM653061105Q,78153.0,78.153,1956.301,0.039949373843800116
1990-01-01,1990Q1,Noncorporate businesses,Domestic nonfinancial,LM113061003,BOGZ1LM113061003Q,12183.0,12.183,1956.301,0.006227569274871301
1990-01-01,1990Q1,Nonfinancial corporations,Domestic nonfinancial,LM103061103,BOGZ1LM103061103Q,44125.0,44.125,1956.301,0.022555322519387355
1990-01-01,1990Q1,Other financial business,Domestic financial,FL503061123,BOGZ1FL503061123Q,0.0,0.0,1956.301,0.0
1990-01-01,1990Q1,Private pension funds,Domestic financial,LM573061105,BOGZ1LM573061105Q,111101.0,111.101,1956.301,0.05679136288331908
1990-01-01,1990Q1,Property-casualty insurers,Domestic financial,LM513061105,BOGZ1LM513061105Q,77401.0,77.401,1956.301,0.0395649749195037
1990-01-01,1990Q1,Rest of world,Foreign,LM263061105,ROWTSEQ027S,415674.0,415.674,1956.301,0.21247957241753698
1990-01-01,1990Q1,State and local governments,Domestic government,LM213061103,BOGZ1LM213061103Q,237602.0,237.602,1956.301,0.12145472501419773
1990-01-01,1990Q1,State and local pension funds,Domestic government,LM223061143,BOGZ1LM223061143Q,162764.0,162.764,1956.301,0.08319987568375214
1990-01-01,1990Q1,Total assets,Total,FL893061105,BOGZ1FL893061105Q,1956301.0,1956.301,1956.301,1.0
1990-01-01,1990Q1,U.S.-chartered banks,Domestic financial,LM763061100,BOGZ1LM763061100Q,195410.0,195.41,1956.301,0.09988749175101377
1990-04-01,1990Q2,ABS issuers,Domestic financial,FL673061103,BOGZ1FL673061103Q,0.0,0.0,1987.782,0.0
1990-04-01,1990Q2,Banks in U.S.-affiliated areas,Domestic financial,LM743061103,BOGZ1LM743061103Q,2391.0,2.391,1987.782,0.0012028481996516722
1990-04-01,1990Q2,Brokers and dealers,Domestic financial,LM663061105,BOGZ1LM663061105Q,32661.0,32.661,1987.782,0.016430876222845364
1990-04-01,1990Q2,Closed-end funds,Domestic financial,LM553061103,BOGZ1LM553061103Q,6561.0,6.561,1987.782,0.003300663754878553
1990-04-01,1990Q2,Credit unions,Domestic financial,LM473061105,BOGZ1LM473061105Q,10289.0,10.289,1987.782,0.005176120922716877
1990-04-01,1990Q2,Exchange-traded funds,Domestic financial,LM563061103,BOGZ1LM563061103Q,0.0,0.0,1987.782,0.0
1990-04-01,1990Q2,Federal Reserve,Domestic financial,LM713061103,BOGZ1LM713061103Q,231383.0,231.383,1987.782,0.1164026035048109
1990-04-01,1990Q2,Federal government pension funds,Domestic government,LM343061105,BOGZ1LM343061105Q,15023.0,15.023,1987.782,0.007557669804837754
1990-04-01,1990Q2,Foreign bank offices in U.S.,Domestic financial,LM753061103,BOGZ1LM753061103Q,9240.0,9.24,1987.782,0.004648397057625032
1990-04-01,1990Q2,Government-sponsored enterprises,Domestic financial,LM403061105,BOGZ1LM403061105Q,23942.0,23.942,1987.782,0.012044580341305034
1990-04-01,1990Q2,Holding companies,Domestic financial,LM733061103,BOGZ1LM733061103Q,757.0,0.757,1987.782,0.00038082646889850094
1990-04-01,1990Q2,Households and nonprofits,Domestic nonfinancial,LM153061105,BOGZ1LM153061105Q,212977.0,212.977,1987.782,0.10714303681188381
1990-04-01,1990Q2,Life insurers,Domestic financial,LM543061105,BOGZ1LM543061105Q,60131.0,60.131,1987.782,0.03025029907706177
1990-04-01,1990Q2,Money market funds,Domestic financial,FL633061105,BOGZ1FL633061105Q,27900.0,27.9,1987.782,0.014035744362309347
1990-04-01,1990Q2,Mutual funds,Domestic financial,LM653061105,BOGZ1LM653061105Q,78958.0,78.958,1987.782,0.03972165961861009
1990-04-01,1990Q2,Noncorporate businesses,Domestic nonfinancial,LM113061003,BOGZ1LM113061003Q,12347.0,12.347,1987.782,0.00621144572191518
1990-04-01,1990Q2,Nonfinancial corporations,Domestic nonfinancial,LM103061103,BOGZ1LM103061103Q,45692.0,45.692,1987.782,0.022986424064610708
1990-04-01,1990Q2,Other financial business,Domestic financial,FL503061123,BOGZ1FL503061123Q,0.0,0.0,1987.782,0.0
1990-04-01,1990Q2,Private pension funds,Domestic financial,LM573061105,BOGZ1LM573061105Q,116508.0,116.508,1987.782,0.058612061081144716
1990-04-01,1990Q2,Property-casualty insurers,Domestic financial,LM513061105,BOGZ1LM513061105Q,79209.0,79.209,1987.782,0.03984793101054341
1990-04-01,1990Q2,Rest of world,Foreign,LM263061105,ROWTSEQ027S,421266.0,421.266,1987.782,0.21192766611227992
1990-04-01,1990Q2,State and local governments,Domestic government,LM213061103,BOGZ1LM213061103Q,240719.0,240.719,1987.782,0.12109929559680085
1990-04-01,1990Q2,State and local pension funds,Domestic government,LM223061143,BOGZ1LM223061143Q,168301.0,168.301,1987.782,0.08466773519430199
1990-04-01,1990Q2,Total assets,Total,FL893061105,BOGZ1FL893061105Q,1987782.0,1987.782,1987.782,1.0
1990-04-01,1990Q2,U.S.-chartered banks,Domestic financial,LM763061100,BOGZ1LM763061100Q,191527.0,191.527,1987.782,0.09635211507096854
1990-07-01,1990Q3,ABS issuers,Domestic financial,FL673061103,BOGZ1FL673061103Q,0.0,0.0,2044.845,0.0
1990-07-01,1990Q3,Banks in U.S.-affiliated areas,Domestic financial,LM743061103,BOGZ1LM743061103Q,2457.0,2.457,2044.845,0.0012015580643031623
1990-07-01,1990Q3,Brokers and dealers,Domestic financial,LM663061105,BOGZ1LM663061105Q,24957.0,24.957,2044.845,0.012204837041438349
1990-07-01,1990Q3,Closed-end funds,Domestic financial,LM553061103,BOGZ1LM553061103Q,6556.0,6.556,2044.845,0.0032061109766265902
1990-07-01,1990Q3,Credit unions,Domestic financial,LM473061105,BOGZ1LM473061105Q,9337.0,9.337,2044.845,0.0045661162582004994
1990-07-01,1990Q3,Exchange-traded funds,Domestic financial,LM563061103,BOGZ1LM563061103Q,0.0,0.0,2044.845,0.0
1990-07-01,1990Q3,Federal Reserve,Domestic financial,LM713061103,BOGZ1LM713061103Q,234373.0,234.373,2044.845,0.11461651127591577
1990-07-01,1990Q3,Federal government pension funds,Domestic government,LM343061105,BOGZ1LM343061105Q,15033.0,15.033,2044.845,0.007351657460589922
1990-07-01,1990Q3,Foreign bank offices in U.S.,Domestic financial,LM753061103,BOGZ1LM753061103Q,10468.0,10.468,2044.845,0.0051192144147844945
1990-07-01,1990Q3,Government-sponsored enterprises,Domestic financial,LM403061105,BOGZ1LM403061105Q,40079.0,40.079,2044.845,0.019600018583315604
1990-07-01,1990Q3,Holding companies,Domestic financial,LM733061103,BOGZ1LM733061103Q,735.0,0.735,2044.845,0.00035944044658641606
1990-07-01,1990Q3,Households and nonprofits,Domestic nonfinancial,LM153061105,BOGZ1LM153061105Q,236011.0,236.011,2044.845,0.11541754998545121
1990-07-01,1990Q3,Life insurers,Domestic financial,LM543061105,BOGZ1LM543061105Q,61121.0,61.121,2044.845,0.02989028508273243
1990-07-01,1990Q3,Money market funds,Domestic financial,FL633061105,BOGZ1FL633061105Q,33917.0,33.917,2044.845,0.016586587247444183
1990-07-01,1990Q3,Mutual funds,Domestic financial,LM653061105,BOGZ1LM653061105Q,77820.0,77.82,2044.845,0.03805667422225156
1990-07-01,1990Q3,Noncorporate businesses,Domestic nonfinancial,LM113061003,BOGZ1LM113061003Q,12452.0,12.452,2044.845,0.006089459103257215
1990-07-01,1990Q3,Nonfinancial corporations,Domestic nonfinancial,LM103061103,BOGZ1LM103061103Q,36616.0,36.616,2044.845,0.0179064916900792
1990-07-01,1990Q3,Other financial business,Domestic financial,FL503061123,BOGZ1FL503061123Q,0.0,0.0,2044.845,0.0
1990-07-01,1990Q3,Private pension funds,Domestic financial,LM573061105,BOGZ1LM573061105Q,119700.0,119.7,2044.845,0.058537444158359195
1990-07-01,1990Q3,Property-casualty insurers,Domestic financial,LM513061105,BOGZ1LM513061105Q,81120.0,81.12,2044.845,0.0396704884722314
1990-07-01,1990Q3,Rest of world,Foreign,LM263061105,ROWTSEQ027S,434145.0,434.145,2044.845,0.21231193562348244
1990-07-01,1990Q3,State and local governments,Domestic government,LM213061103,BOGZ1LM213061103Q,246011.0,246.011,2044.845,0.1203078961975113
1990-07-01,1990Q3,State and local pension funds,Domestic government,LM223061143,BOGZ1LM223061143Q,170147.0,170.147,2044.845,0.08320777369433868
1990-07-01,1990Q3,Total assets,Total,FL893061105,BOGZ1FL893061105Q,2044845.0,2044.845,2044.845,1.0
1990-07-01,1990Q3,U.S.-chartered banks,Domestic financial,LM763061100,BOGZ1LM763061100Q,191790.0,191.79,2044.845,0.09379195000110033
1990-10-01,1990Q4,ABS issuers,Domestic financial,FL673061103,BOGZ1FL673061103Q,0.0,0.0,2111.505,0.0
1990-10-01,1990Q4,Banks in U.S.-affiliated areas,Domestic financial,LM743061103,BOGZ1LM743061103Q,2526.0,2.526,2111.505,0.0011963031108143242
1990-10-01,1990Q4,Brokers and dealers,Domestic financial,LM663061105,BOGZ1LM663061105Q,53444.0,53.444,2111.505,0.02531085647441043
1990-10-01,1990Q4,Closed-end funds,Domestic financial,LM553061103,BOGZ1LM553061103Q,6830.0,6.83,2111.505,0.0032346596385042893
1990-10-01,1990Q4,Credit unions,Domestic financial,LM473061105,BOGZ1LM473061105Q,8546.0,8.546,2111.505,0.00404735011283421
1990-10-01,1990Q4,Exchange-traded funds,Domestic financial,LM563061103,BOGZ1LM563061103Q,0.0,0.0,2111.505,0.0
1990-10-01,1990Q4,Federal Reserve,Domestic financial,LM713061103,BOGZ1LM713061103Q,235090.0,235.09,2111.505,0.11133764779150417
1990-10-01,1990Q4,Federal government pension funds,Domestic government,LM343061105,BOGZ1LM343061105Q,15044.0,15.044,2111.505,0.007124775929964646
1990-10-01,1990Q4,Foreign bank offices in U.S.,Domestic financial,LM753061103,BOGZ1LM753061103Q,11424.0,11.424,2111.505,0.005410358961972621
1990-10-01,1990Q4,Government-sponsored enterprises,Domestic financial,LM403061105,BOGZ1LM403061105Q,34326.0,34.326,2111.505,0.016256651061683492
1990-10-01,1990Q4,Holding companies,Domestic financial,LM733061103,BOGZ1LM733061103Q,562.0,0.562,2111.505,0.00026616086630152426
1990-10-01,1990Q4,Households and nonprofits,Domestic nonfinancial,LM153061105,BOGZ1LM153061105Q,260949.0,260.949,2111.505,0.12358436281230686
1990-10-01,1990Q4,Life insurers,Domestic financial,LM543061105,BOGZ1LM543061105Q,60350.0,60.35,2111.505,0.028581509397325604
1990-10-01,1990Q4,Money market funds,Domestic financial,FL633061105,BOGZ1FL633061105Q,45414.0,45.414,2111.505,0.02150788181889221
1990-10-01,1990Q4,Mutual funds,Domestic financial,LM653061105,BOGZ1LM653061105Q,81297.0,81.297,2111.505,0.03850192161515127
1990-10-01,1990Q4,Noncorporate businesses,Domestic nonfinancial,LM113061003,BOGZ1LM113061003Q,12512.0,12.512,2111.505,0.005925631244065252
1990-10-01,1990Q4,Nonfinancial corporations,Domestic nonfinancial,LM103061103,BOGZ1LM103061103Q,37649.0,37.649,2111.505,0.01783041006296457
1990-10-01,1990Q4,Other financial business,Domestic financial,FL503061123,BOGZ1FL503061123Q,0.0,0.0,2111.505,0.0
1990-10-01,1990Q4,Private pension funds,Domestic financial,LM573061105,BOGZ1LM573061105Q,122254.0,122.254,2111.505,0.05789898674168425
1990-10-01,1990Q4,Property-casualty insurers,Domestic financial,LM513061105,BOGZ1LM513061105Q,83649.0,83.649,2111.505,0.039615819048498584
1990-10-01,1990Q4,Rest of world,Foreign,LM263061105,ROWTSEQ027S,438363.0,438.363,2111.505,0.20760689650273145
1990-10-01,1990Q4,State and local governments,Domestic government,LM213061103,BOGZ1LM213061103Q,249735.0,249.735,2111.505,0.11827345897831168
1990-10-01,1990Q4,State and local pension funds,Domestic government,LM223061143,BOGZ1LM223061143Q,168235.0,168.235,2111.505,0.07967539740611554
1990-10-01,1990Q4,Total assets,Total,FL893061105,BOGZ1FL893061105Q,2111505.0,2111.505,2111.505,1.0
1990-10-01,1990Q4,U.S.-chartered banks,Domestic financial,LM763061100,BOGZ1LM763061100Q,183306.0,183.306,2111.505,0.086812960423963
1991-01-01,1991Q1,ABS issuers,Domestic financial,FL673061103,BOGZ1FL673061103Q,0.0,0.0,2159.231,0.0
1991-01-01,1991Q1,Banks in U.S.-affiliated areas,Domestic financial,LM743061103,BOGZ1LM743061103Q,2579.0,2.579,2159.231,0.001194406712389735
1991-01-01,1991Q1,Brokers and dealers,Domestic financial,LM663061105,BOGZ1LM663061105Q,48945.0,48.945,2159.231,0.02266779237608204
1991-01-01,1991Q1,Closed-end funds,Domestic financial,LM553061103,BOGZ1LM553061103Q,7408.0,7.408,2159.231,0.003430851076147017
1991-01-01,1991Q1,Credit unions,Domestic financial,LM473061105,BOGZ1LM473061105Q,9191.0,9.191,2159.231,0.004256608023875167
1991-01-01,1991Q1,Exchange-traded funds,Domestic financial,LM563061103,BOGZ1LM563061103Q,0.0,0.0,2159.231,0.0
1991-01-01,1991Q1,Federal Reserve,Domestic financial,LM713061103,BOGZ1LM713061103Q,240965.0,240.965,2159.231,0.11159760118301376
1991-01-01,1991Q1,Federal government pension funds,Domestic government,LM343061105,BOGZ1LM343061105Q,15069.0,15.069,2159.231,0.006978873497092251
1991-01-01,1991Q1,Foreign bank offices in U.S.,Domestic financial,LM753061103,BOGZ1LM753061103Q,14770.0,14.77,2159.231,0.00684039827142163
1991-01-01,1991Q1,Government-sponsored enterprises,Domestic financial,LM403061105,BOGZ1LM403061105Q,37728.0,37.728,2159.231,0.01747288733813103
1991-01-01,1991Q1,Holding companies,Domestic financial,LM733061103,BOGZ1LM733061103Q,533.0,0.533,2159.231,0.0002468471414128456
1991-01-01,1991Q1,Households and nonprofits,Domestic nonfinancial,LM153061105,BOGZ1LM153061105Q,240501.0,240.501,2159.231,0.11138270986290952
1991-01-01,1991Q1,Life insurers,Domestic financial,LM543061105,BOGZ1LM543061105Q,64289.0,64.289,2159.231,0.029774026030563658
1991-01-01,1991Q1,Money market funds,Domestic financial,FL633061105,BOGZ1FL633061105Q,66040.0,66.04,2159.231,0.030584962887250138
1991-01-01,1991Q1,Mutual funds,Domestic financial,LM653061105,BOGZ1LM653061105Q,88809.0,88.809,2159.231,0.041129920791244653
1991-01-01,1991Q1,Noncorporate businesses,Domestic nonfinancial,LM113061003,BOGZ1LM113061003Q,12497.0,12.497,2159.231,0.005787708679617882
1991-01-01,1991Q1,Nonfinancial corporations,Domestic nonfinancial,LM103061103,BOGZ1LM103061103Q,34502.0,34.502,2159.231,0.01597883690999249
1991-01-01,1991Q1,Other financial business,Domestic financial,FL503061123,BOGZ1FL503061123Q,0.0,0.0,2159.231,0.0
1991-01-01,1991Q1,Private pension funds,Domestic financial,LM573061105,BOGZ1LM573061105Q,114699.0,114.699,2159.231,0.05312030069964723
1991-01-01,1991Q1,Property-casualty insurers,Domestic financial,LM513061105,BOGZ1LM513061105Q,88802.0,88.802,2159.231,0.041126678896329295
1991-01-01,1991Q1,Rest of world,Foreign,LM263061105,ROWTSEQ027S,443257.0,443.257,2159.231,0.20528465921432212
1991-01-01,1991Q1,State and local governments,Domestic government,LM213061103,BOGZ1LM213061103Q,256239.0,256.239,2159.231,0.11867141588834171
1991-01-01,1991Q1,State and local pension funds,Domestic government,LM223061143,BOGZ1LM223061143Q,177144.0,177.144,2159.231,0.08204031898393455
1991-01-01,1991Q1,Total assets,Total,FL893061105,BOGZ1FL893061105Q,2159231.0,2159.231,2159.231,1.0
1991-01-01,1991Q1,U.S.-chartered banks,Domestic financial,LM763061100,BOGZ1LM763061100Q,195264.0,195.264,2159.231,0.09043219553628119
1991-04-01,1991Q2,ABS issuers,Domestic financial,FL673061103,BOGZ1FL673061103Q,0.0,0.0,2197.525,0.0
1991-04-01,1991Q2,Banks in U.S.-affiliated areas,Domestic financial,LM743061103,BOGZ1LM743061103Q,2596.0,2.596,2197.525,0.0011813289951195095
1991-04-01,1991Q2,Brokers and dealers,Domestic financial,LM663061105,BOGZ1LM663061105Q,52942.0,52.942,2197.525,0.024091648559174526
1991-04-01,1991Q2,Closed-end funds,Domestic financial,LM553061103,BOGZ1LM553061103Q,8307.0,8.307,2197.525,0.0037801617729036076
1991-04-01,1991Q2,Credit unions,Domestic financial,LM473061105,BOGZ1LM473061105Q,9575.0,9.575,2197.525,0.004357174548639947
1991-04-01,1991Q2,Exchange-traded funds,Domestic financial,LM563061103,BOGZ1LM563061103Q,0.0,0.0,2197.525,0.0
1991-04-01,1991Q2,Federal Reserve,Domestic financial,LM713061103,BOGZ1LM713061103Q,247484.0,247.484,2197.525,0.11261942412486775
1991-04-01,1991Q2,Federal government pension funds,Domestic government,LM343061105,BOGZ1LM343061105Q,15093.0,15.093,2197.525,0.006868181249360075
1991-04-01,1991Q2,Foreign bank offices in U.S.,Domestic financial,LM753061103,BOGZ1LM753061103Q,12523.0,12.523,2197.525,0.005698683746487525
1991-04-01,1991Q2,Government-sponsored enterprises,Domestic financial,LM403061105,BOGZ1LM403061105Q,38214.0,38.214,2197.525,0.017389563258666
1991-04-01,1991Q2,Holding companies,Domestic financial,LM733061103,BOGZ1LM733061103Q,919.0,0.919,2197.525,0.00041819774519061216
1991-04-01,1991Q2,Households and nonprofits,Domestic nonfinancial,LM153061105,BOGZ1LM153061105Q,244373.0,244.373,2197.525,0.1112037405717796
1991-04-01,1991Q2,Life insurers,Domestic financial,LM543061105,BOGZ1LM543061105Q,66432.0,66.432,2197.525,0.030230372805770126
1991-04-01,1991Q2,Money market funds,Domestic financial,FL633061105,BOGZ1FL633061105Q,55498.0,55.498,2197.525,0.02525477525852948
1991-04-01,1991Q2,Mutual funds,Domestic financial,LM653061105,BOGZ1LM653061105Q,92517.0,92.517,2197.525,0.042100544931229444
1991-04-01,1991Q2,Noncorporate businesses,Domestic nonfinancial,LM113061003,BOGZ1LM113061003Q,12373.0,12.373,2197.525,0.005630425137370451
1991-04-01,1991Q2,Nonfinancial corporations,Domestic nonfinancial,LM103061103,BOGZ1LM103061103Q,34726.0,34.726,2197.525,0.01580232306799695
1991-04-01,1991Q2,Other financial business,Domestic financial,FL503061123,BOGZ1FL503061123Q,0.0,0.0,2197.525,0.0
1991-04-01,1991Q2,Private pension funds,Domestic financial,LM573061105,BOGZ1LM573061105Q,114156.0,114.156,2197.525,0.051947531882458674
1991-04-01,1991Q2,Property-casualty insurers,Domestic financial,LM513061105,BOGZ1LM513061105Q,96038.0,96.038,2197.525,0.043702802015904256
1991-04-01,1991Q2,Rest of world,Foreign,LM263061105,ROWTSEQ027S,453173.0,453.173,2197.525,0.20621972446274786
1991-04-01,1991Q2,State and local governments,Domestic government,LM213061103,BOGZ1LM213061103Q,255815.0,255.815,2197.525,0.11641050727523009
1991-04-01,1991Q2,State and local pension funds,Domestic government,LM223061143,BOGZ1LM223061143Q,178753.0,178.753,2197.525,0.0813428743700299
1991-04-01,1991Q2,Total assets,Total,FL893061105,BOGZ1FL893061105Q,2197525.0,2197.525,2197.525,1.0
1991-04-01,1991Q2,U.S.-chartered banks,Domestic financial,LM763061100,BOGZ1LM763061100Q,206018.0,206.018,2197.525,0.09375001422054356
1991-07-01,1991Q3,ABS issuers,Domestic financial,FL673061103,BOGZ1FL673061103Q,0.0,0.0,2305.748,0.0
1991-07-01,1991Q3,Banks in U.S.-affiliated areas,Domestic financial,LM743061103,BOGZ1LM743061103Q,2651.0,2.651,2305.748,0.001149735357029476
1991-07-01,1991Q3,Brokers and dealers,Domestic financial,LM663061105,BOGZ1LM663061105Q,64435.0,64.435,2305.748,0.027945378246018213
1991-07-01,1991Q3,Closed-end funds,Domestic financial,LM553061103,BOGZ1LM553061103Q,9252.0,9.252,2305.748,0.004012580733020261
1991-07-01,1991Q3,Credit unions,Domestic financial,LM473061105,BOGZ1LM473061105Q,10127.0,10.127,2305.748,0.004392067129625614
1991-07-01,1991Q3,Exchange-traded funds,Domestic financial,LM563061103,BOGZ1LM563061103Q,0.0,0.0,2305.748,0.0
1991-07-01,1991Q3,Federal Reserve,Domestic financial,LM713061103,BOGZ1LM713061103Q,258554.0,258.554,2305.748,0.11213454375760055
1991-07-01,1991Q3,Federal government pension funds,Domestic government,LM343061105,BOGZ1LM343061105Q,15120.0,15.12,2305.748,0.006557524933340503
1991-07-01,1991Q3,Foreign bank offices in U.S.,Domestic financial,LM753061103,BOGZ1LM753061103Q,14412.0,14.412,2305.748,0.0062504662261444015
1991-07-01,1991Q3,Government-sponsored enterprises,Domestic financial,LM403061105,BOGZ1LM403061105Q,43002.0,43.002,2305.748,0.01864991317351246
1991-07-01,1991Q3,Holding companies,Domestic financial,LM733061103,BOGZ1LM733061103Q,1561.0,1.561,2305.748,0.0006770037315439501
1991-07-01,1991Q3,Households and nonprofits,Domestic nonfinancial,LM153061105,BOGZ1LM153061105Q,256132.0,256.132,2305.748,0.11108412541179695
1991-07-01,1991Q3,Life insurers,Domestic financial,LM543061105,BOGZ1LM543061105Q,73786.0,73.786,2305.748,0.03200089515419725
1991-07-01,1991Q3,Money market funds,Domestic financial,FL633061105,BOGZ1FL633061105Q,64789.0,64.789,2305.748,0.028098907599616262
1991-07-01,1991Q3,Mutual funds,Domestic financial,LM653061105,BOGZ1LM653061105Q,100784.0,100.784,2305.748,0.04370989370911305
1991-07-01,1991Q3,Noncorporate businesses,Domestic nonfinancial,LM113061003,BOGZ1LM113061003Q,12254.0,12.254,2305.748,0.005314544347430855
1991-07-01,1991Q3,Nonfinancial corporations,Domestic nonfinancial,LM103061103,BOGZ1LM103061103Q,42221.0,42.221,2305.748,0.01831119445837099
1991-07-01,1991Q3,Other financial business,Domestic financial,FL503061123,BOGZ1FL503061123Q,0.0,0.0,2305.748,0.0
1991-07-01,1991Q3,Private pension funds,Domestic financial,LM573061105,BOGZ1LM573061105Q,116866.0,116.866,2305.748,0.050684636829349955
1991-07-01,1991Q3,Property-casualty insurers,Domestic financial,LM513061105,BOGZ1LM513061105Q,103184.0,103.184,2305.748,0.04475077068265916
1991-07-01,1991Q3,Rest of world,Foreign,LM263061105,ROWTSEQ027S,457598.0,457.598,2305.748,0.19845967555864735
1991-07-01,1991Q3,State and local governments,Domestic government,LM213061103,BOGZ1LM213061103Q,272115.0,272.115,2305.748,0.11801593235687508
1991-07-01,1991Q3,State and local pension funds,Domestic government,LM223061143,BOGZ1LM223061143Q,163948.0,163.948,2305.748,0.07110404085789081
1991-07-01,1991Q3,Total assets,Total,FL893061105,BOGZ1FL893061105Q,2305748.0,2305.748,2305.748,1.0
1991-07-01,1991Q3,U.S.-chartered banks,Domestic financial,LM763061100,BOGZ1LM763061100Q,222957.0,222.957,2305.748,0.09669616974621684
1991-10-01,1991Q4,ABS issuers,Domestic financial,FL673061103,BOGZ1FL673061103Q,0.0,0.0,2397.499,0.0
1991-10-01,1991Q4,Banks in U.S.-affiliated areas,Domestic financial,LM743061103,BOGZ1LM743061103Q,2817.0,2.817,2397.499,0.0011749744212614897
1991-10-01,1991Q4,Brokers and dealers,Domestic financial,LM663061105,BOGZ1LM663061105Q,61386.0,61.386,2397.499,0.025604181691003838
1991-10-01,1991Q4,Closed-end funds,Domestic financial,LM553061103,BOGZ1LM553061103Q,9967.0,9.967,2397.499,0.004157248866422885
1991-10-01,1991Q4,Credit unions,Domestic financial,LM473061105,BOGZ1LM473061105Q,14075.0,14.075,2397.499,0.005870701093097432
1991-10-01,1991Q4,Exchange-traded funds,Domestic financial,LM563061103,BOGZ1LM563061103Q,0.0,0.0,2397.499,0.0
1991-10-01,1991Q4,Federal Reserve,Domestic financial,LM713061103,BOGZ1LM713061103Q,266486.0,266.486,2397.499,0.11115166262843072
1991-10-01,1991Q4,Federal government pension funds,Domestic government,LM343061105,BOGZ1LM343061105Q,15152.0,15.152,2397.499,0.006319919215816149
1991-10-01,1991Q4,Foreign bank offices in U.S.,Domestic financial,LM753061103,BOGZ1LM753061103Q,20843.0,20.843,2397.499,0.008693642833636219
1991-10-01,1991Q4,Government-sponsored enterprises,Domestic financial,LM403061105,BOGZ1LM403061105Q,40754.0,40.754,2397.499,0.016998547236098952
1991-10-01,1991Q4,Holding companies,Domestic financial,LM733061103,BOGZ1LM733061103Q,1055.0,1.055,2397.499,0.00044004189365668144
1991-10-01,1991Q4,Households and nonprofits,Domestic nonfinancial,LM153061105,BOGZ1LM153061105Q,260054.0,260.054,2397.499,0.10846886693174845
1991-10-01,1991Q4,Life insurers,Domestic financial,LM543061105,BOGZ1LM543061105Q,79444.0,79.444,2397.499,0.03313619734565062
1991-10-01,1991Q4,Money market funds,Domestic financial,FL633061105,BOGZ1FL633061105Q,79597.0,79.597,2397.499,0.03320001384776386
1991-10-01,1991Q4,Mutual funds,Domestic financial,LM653061105,BOGZ1LM653061105Q,114872.0,114.872,2397.499,0.04791326294609508
1991-10-01,1991Q4,Noncorporate businesses,Domestic nonfinancial,LM113061003,BOGZ1LM113061003Q,12249.0,12.249,2397.499,0.005109074080948522
1991-10-01,1991Q4,Nonfinancial corporations,Domestic nonfinancial,LM103061103,BOGZ1LM103061103Q,43426.0,43.426,2397.499,0.018113041965815212
1991-10-01,1991Q4,Other financial business,Domestic financial,FL503061123,BOGZ1FL503061123Q,0.0,0.0,2397.499,0.0
1991-10-01,1991Q4,Private pension funds,Domestic financial,LM573061105,BOGZ1LM573061105Q,116946.0,116.946,2397.499,0.04877833108585238
1991-10-01,1991Q4,Property-casualty insurers,Domestic financial,LM513061105,BOGZ1LM513061105Q,108064.0,108.064,2397.499,0.04507363715271623
1991-10-01,1991Q4,Rest of world,Foreign,LM263061105,ROWTSEQ027S,476289.0,476.289,2397.499,0.1986607710785281
1991-10-01,1991Q4,State and local governments,Domestic government,LM213061103,BOGZ1LM213061103Q,275798.0,275.798,2397.499,0.11503571012959757
1991-10-01,1991Q4,State and local pension funds,Domestic government,LM223061143,BOGZ1LM223061143Q,165494.0,165.494,2397.499,0.06902776601783776
1991-10-01,1991Q4,Total assets,Total,FL893061105,BOGZ1FL893061105Q,2397499.0,2397.499,2397.499,1.0
1991-10-01,1991Q4,U.S.-chartered banks,Domestic financial,LM763061100,BOGZ1LM763061100Q,232731.0,232.731,2397.499,0.09707240753802192
1992-01-01,1992Q1,ABS issuers,Domestic financial,FL673061103,BOGZ1FL673061103Q,0.0,0.0,2474.673,0.0
1992-01-01,1992Q1,Banks in U.S.-affiliated areas,Domestic financial,LM743061103,BOGZ1LM743061103Q,3094.0,3.094,2474.673,0.0012502661967864037
1992-01-01,1992Q1,Brokers and dealers,Domestic financial,LM663061105,BOGZ1LM663061105Q,54769.0,54.769,2474.673,0.022131812970845037
1992-01-01,1992Q1,Closed-end funds,Domestic financial,LM553061103,BOGZ1LM553061103Q,10490.0,10.49,2474.673,0.004238943892789068
1992-01-01,1992Q1,Credit unions,Domestic financial,LM473061105,BOGZ1LM473061105Q,16400.0,16.4,2474.673,0.006627138211796064
1992-01-01,1992Q1,Exchange-traded funds,Domestic financial,LM563061103,BOGZ1LM563061103Q,0.0,0.0,2474.673,0.0
1992-01-01,1992Q1,Federal Reserve,Domestic financial,LM713061103,BOGZ1LM713061103Q,265796.0,265.796,2474.673,0.10740651391113089
1992-01-01,1992Q1,Federal government pension funds,Domestic government,LM343061105,BOGZ1LM343061105Q,15187.0,15.187,2474.673,0.006136972440399196
1992-01-01,1992Q1,Foreign bank offices in U.S.,Domestic financial,LM753061103,BOGZ1LM753061103Q,18662.0,18.662,2474.673,0.007541198372471838
1992-01-01,1992Q1,Government-sponsored enterprises,Domestic financial,LM403061105,BOGZ1LM403061105Q,53606.0,53.606,2474.673,0.021661851889118282
1992-01-01,1992Q1,Holding companies,Domestic financial,LM733061103,BOGZ1LM733061103Q,4019.0,4.019,2474.673,0.001624052955683438
1992-01-01,1992Q1,Households and nonprofits,Domestic nonfinancial,LM153061105,BOGZ1LM153061105Q,274469.0,274.469,2474.673,0.11091121938130817
1992-01-01,1992Q1,Life insurers,Domestic financial,LM543061105,BOGZ1LM543061105Q,82083.0,82.083,2474.673,0.033169230843832706
1992-01-01,1992Q1,Money market funds,Domestic financial,FL633061105,BOGZ1FL633061105Q,84839.0,84.839,2474.673,0.03428291333844916
1992-01-01,1992Q1,Mutual funds,Domestic financial,LM653061105,BOGZ1LM653061105Q,93841.0,93.841,2474.673,0.037920565666655755
1992-01-01,1992Q1,Noncorporate businesses,Domestic nonfinancial,LM113061003,BOGZ1LM113061003Q,12356.0,12.356,2474.673,0.004992982911277572
1992-01-01,1992Q1,Nonfinancial corporations,Domestic nonfinancial,LM103061103,BOGZ1LM103061103Q,42011.0,42.011,2474.673,0.016976384354619786
1992-01-01,1992Q1,Other financial business,Domestic financial,FL503061123,BOGZ1FL503061123Q,0.0,0.0,2474.673,0.0
1992-01-01,1992Q1,Private pension funds,Domestic financial,LM573061105,BOGZ1LM573061105Q,106319.0,106.319,2474.673,0.0429628480207284
1992-01-01,1992Q1,Property-casualty insurers,Domestic financial,LM513061105,BOGZ1LM513061105Q,112270.0,112.27,2474.673,0.04536761018526488
1992-01-01,1992Q1,Rest of world,Foreign,LM263061105,ROWTSEQ027S,491891.0,491.891,2474.673,0.19877010013040108
1992-01-01,1992Q1,State and local governments,Domestic government,LM213061103,BOGZ1LM213061103Q,302227.0,302.227,2474.673,0.1221280548985664
1992-01-01,1992Q1,State and local pension funds,Domestic government,LM223061143,BOGZ1LM223061143Q,171904.0,171.904,2474.673,0.06946533946101162
1992-01-01,1992Q1,Total assets,Total,FL893061105,BOGZ1FL893061105Q,2474673.0,2474.673,2474.673,1.0
1992-01-01,1992Q1,U.S.-chartered banks,Domestic financial,LM763061100,BOGZ1LM763061100Q,258440.0,258.44,2474.673,0.10443399996686432
1992-04-01,1992Q2,ABS issuers,Domestic financial,FL673061103,BOGZ1FL673061103Q,0.0,0.0,2535.891,0.0
1992-04-01,1992Q2,Banks in U.S.-affiliated areas,Domestic financial,LM743061103,BOGZ1LM743061103Q,3482.0,3.482,2535.891,0.0013730874079366977
1992-04-01,1992Q2,Brokers and dealers,Domestic financial,LM663061105,BOGZ1LM663061105Q,69306.0,69.306,2535.891,0.027330039027702688
1992-04-01,1992Q2,Closed-end funds,Domestic financial,LM553061103,BOGZ1LM553061103Q,10855.0,10.855,2535.891,0.00428054675851604
1992-04-01,1992Q2,Credit unions,Domestic financial,LM473061105,BOGZ1LM473061105Q,18431.0,18.431,2535.891,0.0072680568683748635
1992-04-01,1992Q2,Exchange-traded funds,Domestic financial,LM563061103,BOGZ1LM563061103Q,0.0,0.0,2535.891,0.0
1992-04-01,1992Q2,Federal Reserve,Domestic financial,LM713061103,BOGZ1LM713061103Q,276883.0,276.883,2535.891,0.10918568660876984
1992-04-01,1992Q2,Federal government pension funds,Domestic government,LM343061105,BOGZ1LM343061105Q,15222.0,15.222,2535.891,0.006002623929814018
1992-04-01,1992Q2,Foreign bank offices in U.S.,Domestic financial,LM753061103,BOGZ1LM753061103Q,23598.0,23.598,2535.891,0.009305605012202811
1992-04-01,1992Q2,Government-sponsored enterprises,Domestic financial,LM403061105,BOGZ1LM403061105Q,51144.0,51.144,2535.891,0.02016805927384103
1992-04-01,1992Q2,Holding companies,Domestic financial,LM733061103,BOGZ1LM733061103Q,3981.0,3.981,2535.891,0.0015698624270522668
1992-04-01,1992Q2,Households and nonprofits,Domestic nonfinancial,LM153061105,BOGZ1LM153061105Q,278839.0,278.839,2535.891,0.10995701313660564
1992-04-01,1992Q2,Life insurers,Domestic financial,LM543061105,BOGZ1LM543061105Q,84190.0,84.19,2535.891,0.03319937647162279
1992-04-01,1992Q2,Money market funds,Domestic financial,FL633061105,BOGZ1FL633061105Q,79679.0,79.679,2535.891,0.03142051452526942
1992-04-01,1992Q2,Mutual funds,Domestic financial,LM653061105,BOGZ1LM653061105Q,98970.0,98.97,2535.891,0.039027702689114
1992-04-01,1992Q2,Noncorporate businesses,Domestic nonfinancial,LM113061003,BOGZ1LM113061003Q,12560.0,12.56,2535.891,0.004952894268720541
1992-04-01,1992Q2,Nonfinancial corporations,Domestic nonfinancial,LM103061103,BOGZ1LM103061103Q,57611.0,57.611,2535.891,0.022718247748030176
1992-04-01,1992Q2,Other financial business,Domestic financial,FL503061123,BOGZ1FL503061123Q,0.0,0.0,2535.891,0.0
1992-04-01,1992Q2,Private pension funds,Domestic financial,LM573061105,BOGZ1LM573061105Q,105472.0,105.472,2535.891,0.04159169301835134
1992-04-01,1992Q2,Property-casualty insurers,Domestic financial,LM513061105,BOGZ1LM513061105Q,114895.0,114.895,2535.891,0.045307546736038734
1992-04-01,1992Q2,Rest of world,Foreign,LM263061105,ROWTSEQ027S,513373.0,513.373,2535.891,0.20244284947578584
1992-04-01,1992Q2,State and local governments,Domestic government,LM213061103,BOGZ1LM213061103Q,273703.0,273.703,2535.891,0.10793168949296321
1992-04-01,1992Q2,State and local pension funds,Domestic government,LM223061143,BOGZ1LM223061143Q,177959.0,177.959,2535.891,0.07017612350057632
1992-04-01,1992Q2,Total assets,Total,FL893061105,BOGZ1FL893061105Q,2535891.0,2535.891,2535.891,1.0
1992-04-01,1992Q2,U.S.-chartered banks,Domestic financial,LM763061100,BOGZ1LM763061100Q,265738.0,265.738,2535.891,0.1047907816227117
1992-07-01,1992Q3,ABS issuers,Domestic financial,FL673061103,BOGZ1FL673061103Q,0.0,0.0,2613.994,0.0
1992-07-01,1992Q3,Banks in U.S.-affiliated areas,Domestic financial,LM743061103,BOGZ1LM743061103Q,3907.0,3.907,2613.994,0.0014946476541262146
1992-07-01,1992Q3,Brokers and dealers,Domestic financial,LM663061105,BOGZ1LM663061105Q,74754.0,74.754,2613.994,0.028597617286038147
1992-07-01,1992Q3,Closed-end funds,Domestic financial,LM553061103,BOGZ1LM553061103Q,11195.0,11.195,2613.994,0.004282718322995385
1992-07-01,1992Q3,Credit unions,Domestic financial,LM473061105,BOGZ1LM473061105Q,19850.0,19.85,2613.994,0.007593743520451845
1992-07-01,1992Q3,Exchange-traded funds,Domestic financial,LM563061103,BOGZ1LM563061103Q,0.0,0.0,2613.994,0.0
1992-07-01,1992Q3,Federal Reserve,Domestic financial,LM713061103,BOGZ1LM713061103Q,279712.0,279.712,2613.994,0.10700560139005674
1992-07-01,1992Q3,Federal government pension funds,Domestic government,LM343061105,BOGZ1LM343061105Q,15276.0,15.276,2613.994,0.005843930781784502
1992-07-01,1992Q3,Foreign bank offices in U.S.,Domestic financial,LM753061103,BOGZ1LM753061103Q,25342.0,25.342,2613.994,0.009694742987168294
1992-07-01,1992Q3,Government-sponsored enterprises,Domestic financial,LM403061105,BOGZ1LM403061105Q,54792.0,54.792,2613.994,0.020961027454538917
1992-07-01,1992Q3,Holding companies,Domestic financial,LM733061103,BOGZ1LM733061103Q,5616.0,5.616,2613.994,0.002148436453947484
1992-07-01,1992Q3,Households and nonprofits,Domestic nonfinancial,LM153061105,BOGZ1LM153061105Q,301735.0,301.735,2613.994,0.1154306398560976
1992-07-01,1992Q3,Life insurers,Domestic financial,LM543061105,BOGZ1LM543061105Q,88196.0,88.196,2613.994,0.03373993972442171
1992-07-01,1992Q3,Money market funds,Domestic financial,FL633061105,BOGZ1FL633061105Q,79892.0,79.892,2613.994,0.030563191805336964
1992-07-01,1992Q3,Mutual funds,Domestic financial,LM653061105,BOGZ1LM653061105Q,97310.0,97.31,2613.994,0.03722655828590272
1992-07-01,1992Q3,Noncorporate businesses,Domestic nonfinancial,LM113061003,BOGZ1LM113061003Q,13040.0,13.04,2613.994,0.004988534786231337
1992-07-01,1992Q3,Nonfinancial corporations,Domestic nonfinancial,LM103061103,BOGZ1LM103061103Q,52292.0,52.292,2613.994,0.020004636582945483
1992-07-01,1992Q3,Other financial business,Domestic financial,FL503061123,BOGZ1FL503061123Q,0.0,0.0,2613.994,0.0
1992-07-01,1992Q3,Private pension funds,Domestic financial,LM573061105,BOGZ1LM573061105Q,107974.0,107.974,2613.994,0.041306139187771665
1992-07-01,1992Q3,Property-casualty insurers,Domestic financial,LM513061105,BOGZ1LM513061105Q,113244.0,113.244,2613.994,0.04332221114509061
1992-07-01,1992Q3,Rest of world,Foreign,LM263061105,ROWTSEQ027S,517962.0,517.962,2613.994,0.19814965145291075
1992-07-01,1992Q3,State and local governments,Domestic government,LM213061103,BOGZ1LM213061103Q,271740.0,271.74,2613.994,0.10395586217871962
1992-07-01,1992Q3,State and local pension funds,Domestic government,LM223061143,BOGZ1LM223061143Q,197677.0,197.677,2613.994,0.07562259132958989
1992-07-01,1992Q3,Total assets,Total,FL893061105,BOGZ1FL893061105Q,2613994.0,2613.994,2613.994,1.0
1992-07-01,1992Q3,U.S.-chartered banks,Domestic financial,LM763061100,BOGZ1LM763061100Q,282488.0,282.488,2613.994,0.10806757781387409
1992-10-01,1992Q4,ABS issuers,Domestic financial,FL673061103,BOGZ1FL673061103Q,0.0,0.0,2676.128,0.0
1992-10-01,1992Q4,Banks in U.S.-affiliated areas,Domestic financial,LM743061103,BOGZ1LM743061103Q,4295.0,4.295,2676.128,0.001604930705855624
1992-10-01,1992Q4,Brokers and dealers,Domestic financial,LM663061105,BOGZ1LM663061105Q,61889.0,61.889,2676.128,0.023126322806681893
1992-10-01,1992Q4,Closed-end funds,Domestic financial,LM553061103,BOGZ1LM553061103Q,11642.0,11.642,2676.128,0.0043503150820887486
1992-10-01,1992Q4,Credit unions,Domestic financial,LM473061105,BOGZ1LM473061105Q,19938.0,19.938,2676.128,0.007450316277846201
1992-10-01,1992Q4,Exchange-traded funds,Domestic financial,LM563061103,BOGZ1LM563061103Q,0.0,0.0,2676.128,0.0
1992-10-01,1992Q4,Federal Reserve,Domestic financial,LM713061103,BOGZ1LM713061103Q,295011.0,295.011,2676.128,0.11023800057396357
1992-10-01,1992Q4,Federal government pension funds,Domestic government,LM343061105,BOGZ1LM343061105Q,15311.0,15.311,2676.128,0.005721325736287651
1992-10-01,1992Q4,Foreign bank offices in U.S.,Domestic financial,LM753061103,BOGZ1LM753061103Q,29591.0,29.591,2676.128,0.011057393368329168
1992-10-01,1992Q4,Government-sponsored enterprises,Domestic financial,LM403061105,BOGZ1LM403061105Q,58702.0,58.702,2676.128,0.021935423118774586
1992-10-01,1992Q4,Holding companies,Domestic financial,LM733061103,BOGZ1LM733061103Q,6264.0,6.264,2676.128,0.0023406952133829175
1992-10-01,1992Q4,Households and nonprofits,Domestic nonfinancial,LM153061105,BOGZ1LM153061105Q,327451.0,327.451,2676.128,0.12235999174927358
1992-10-01,1992Q4,Life insurers,Domestic financial,LM543061105,BOGZ1LM543061105Q,90814.0,90.814,2676.128,0.03393484915519736
1992-10-01,1992Q4,Money market funds,Domestic financial,FL633061105,BOGZ1FL633061105Q,79620.0,79.62,2676.128,0.029751940116466775
1992-10-01,1992Q4,Mutual funds,Domestic financial,LM653061105,BOGZ1LM653061105Q,103193.0,103.193,2676.128,0.03856056212557844
1992-10-01,1992Q4,Noncorporate businesses,Domestic nonfinancial,LM113061003,BOGZ1LM113061003Q,12976.0,12.976,2676.128,0.004848796470124
1992-10-01,1992Q4,Nonfinancial corporations,Domestic nonfinancial,LM103061103,BOGZ1LM103061103Q,60589.0,60.589,2676.128,0.02264054634158007
1992-10-01,1992Q4,Other financial business,Domestic financial,FL503061123,BOGZ1FL503061123Q,0.0,0.0,2676.128,0.0
1992-10-01,1992Q4,Private pension funds,Domestic financial,LM573061105,BOGZ1LM573061105Q,108371.0,108.371,2676.128,0.04049544715349938
1992-10-01,1992Q4,Property-casualty insurers,Domestic financial,LM513061105,BOGZ1LM513061105Q,113628.0,113.628,2676.128,0.04245985244353035
1992-10-01,1992Q4,Rest of world,Foreign,LM263061105,ROWTSEQ027S,520339.0,520.339,2676.128,0.19443726159585792
1992-10-01,1992Q4,State and local governments,Domestic government,LM213061103,BOGZ1LM213061103Q,264645.0,264.645,2676.128,0.09889100969759293
1992-10-01,1992Q4,State and local pension funds,Domestic government,LM223061143,BOGZ1LM223061143Q,203534.0,203.534,2676.128,0.07605540542156428
1992-10-01,1992Q4,Total assets,Total,FL893061105,BOGZ1FL893061105Q,2676128.0,2676.128,2676.128,1.0
1992-10-01,1992Q4,U.S.-chartered banks,Domestic financial,LM763061100,BOGZ1LM763061100Q,288325.0,288.325,2676.128,0.10773961484652451
1993-01-01,1993Q1,ABS issuers,Domestic financial,FL673061103,BOGZ1FL673061103Q,0.0,0.0,2734.325,0.0
1993-01-01,1993Q1,Banks in U.S.-affiliated areas,Domestic financial,LM743061103,BOGZ1LM743061103Q,4690.0,4.69,2734.325,0.0017152313642306604
1993-01-01,1993Q1,Brokers and dealers,Domestic financial,LM663061105,BOGZ1LM663061105Q,73865.0,73.865,2734.325,0.02701397968419994
1993-01-01,1993Q1,Closed-end funds,Domestic financial,LM553061103,BOGZ1LM553061103Q,12160.0,12.16,2734.325,0.004447167033911478
1993-01-01,1993Q1,Credit unions,Domestic financial,LM473061105,BOGZ1LM473061105Q,21213.0,21.213,2734.325,0.007758039004141791
1993-01-01,1993Q1,Exchange-traded funds,Domestic financial,LM563061103,BOGZ1LM563061103Q,0.0,0.0,2734.325,0.0
1993-01-01,1993Q1,Federal Reserve,Domestic financial,LM713061103,BOGZ1LM713061103Q,298461.0,298.461,2734.325,0.10915344737732348
1993-01-01,1993Q1,Federal government pension funds,Domestic government,LM343061105,BOGZ1LM343061105Q,15358.0,15.358,2734.325,0.0056167427061523416
1993-01-01,1993Q1,Foreign bank offices in U.S.,Domestic financial,LM753061103,BOGZ1LM753061103Q,31813.0,31.813,2734.325,0.011634681319886993
1993-01-01,1993Q1,Government-sponsored enterprises,Domestic financial,LM403061105,BOGZ1LM403061105Q,56305.0,56.305,2734.325,0.02059191939509751
1993-01-01,1993Q1,Holding companies,Domestic financial,LM733061103,BOGZ1LM733061103Q,5605.0,5.605,2734.325,0.0020498660546935717
1993-01-01,1993Q1,Households and nonprofits,Domestic nonfinancial,LM153061105,BOGZ1LM153061105Q,330000.0,330.0,2734.325,0.1206879211505582
1993-01-01,1993Q1,Life insurers,Domestic financial,LM543061105,BOGZ1LM543061105Q,98306.0,98.306,2734.325,0.0359525659897781
1993-01-01,1993Q1,Money market funds,Domestic financial,FL633061105,BOGZ1FL633061105Q,77674.0,77.674,2734.325,0.028407010871055932
1993-01-01,1993Q1,Mutual funds,Domestic financial,LM653061105,BOGZ1LM653061105Q,115482.0,115.482,2734.325,0.042234189425178065
1993-01-01,1993Q1,Noncorporate businesses,Domestic nonfinancial,LM113061003,BOGZ1LM113061003Q,13288.0,13.288,2734.325,0.004859700291662477
1993-01-01,1993Q1,Nonfinancial corporations,Domestic nonfinancial,LM103061103,BOGZ1LM103061103Q,42943.0,42.943,2734.325,0.015705155751419456
1993-01-01,1993Q1,Other financial business,Domestic financial,FL503061123,BOGZ1FL503061123Q,0.0,0.0,2734.325,0.0
1993-01-01,1993Q1,Private pension funds,Domestic financial,LM573061105,BOGZ1LM573061105Q,98822.0,98.822,2734.325,0.036141278011940794
1993-01-01,1993Q1,Property-casualty insurers,Domestic financial,LM513061105,BOGZ1LM513061105Q,116805.0,116.805,2734.325,0.04271803827269985
1993-01-01,1993Q1,Rest of world,Foreign,LM263061105,ROWTSEQ027S,534782.0,534.782,2734.325,0.19558099348102367
1993-01-01,1993Q1,State and local governments,Domestic government,LM213061103,BOGZ1LM213061103Q,282428.0,282.428,2734.325,0.10328984301427227
1993-01-01,1993Q1,State and local pension funds,Domestic government,LM223061143,BOGZ1LM223061143Q,204950.0,204.95,2734.325,0.0749545134539603
1993-01-01,1993Q1,Total assets,Total,FL893061105,BOGZ1FL893061105Q,2734325.0,2734.325,2734.325,1.0
1993-01-01,1993Q1,U.S.-chartered banks,Domestic financial,LM763061100,BOGZ1LM763061100Q,299375.0,299.375,2734.325,0.1094877163468132
1993-04-01,1993Q2,ABS issuers,Domestic financial,FL673061103,BOGZ1FL673061103Q,0.0,0.0,2782.62,0.0
1993-04-01,1993Q2,Banks in U.S.-affiliated areas,Domestic financial,LM743061103,BOGZ1LM743061103Q,5137.0,5.137,2782.62,0.0018461018752111318
1993-04-01,1993Q2,Brokers and dealers,Domestic financial,LM663061105,BOGZ1LM663061105Q,77936.0,77.936,2782.62,0.028008136216946623
1993-04-01,1993Q2,Closed-end funds,Domestic financial,LM553061103,BOGZ1LM553061103Q,12678.0,12.678,2782.62,0.004556137740690429
1993-04-01,1993Q2,Credit unions,Domestic financial,LM473061105,BOGZ1LM473061105Q,22529.0,22.529,2782.62,0.008096326483673661
1993-04-01,1993Q2,Exchange-traded funds,Domestic financial,LM563061103,BOGZ1LM563061103Q,0.0,0.0,2782.62,0.0
1993-04-01,1993Q2,Federal Reserve,Domestic financial,LM713061103,BOGZ1LM713061103Q,313143.0,313.143,2782.62,0.11253530845030942
1993-04-01,1993Q2,Federal government pension funds,Domestic government,LM343061105,BOGZ1LM343061105Q,15421.0,15.421,2782.62,0.0055418993610338455
1993-04-01,1993Q2,Foreign bank offices in U.S.,Domestic financial,LM753061103,BOGZ1LM753061103Q,31673.0,31.673,2782.62,0.01138243813384508
1993-04-01,1993Q2,Government-sponsored enterprises,Domestic financial,LM403061105,BOGZ1LM403061105Q,59358.0,59.358,2782.62,0.021331694589990728
1993-04-01,1993Q2,Holding companies,Domestic financial,LM733061103,BOGZ1LM733061103Q,5993.0,5.993,2782.62,0.0021537256254896466
1993-04-01,1993Q2,Households and nonprofits,Domestic nonfinancial,LM153061105,BOGZ1LM153061105Q,323495.0,323.495,2782.62,0.1162555433368552
1993-04-01,1993Q2,Life insurers,Domestic financial,LM543061105,BOGZ1LM543061105Q,103999.0,103.999,2782.62,0.03737448879113928
1993-04-01,1993Q2,Money market funds,Domestic financial,FL633061105,BOGZ1FL633061105Q,76388.0,76.388,2782.62,0.027451825976956973
1993-04-01,1993Q2,Mutual funds,Domestic financial,LM653061105,BOGZ1LM653061105Q,119104.0,119.104,2782.62,0.04280282611351892
1993-04-01,1993Q2,Noncorporate businesses,Domestic nonfinancial,LM113061003,BOGZ1LM113061003Q,13386.0,13.386,2782.62,0.004810574207042284
1993-04-01,1993Q2,Nonfinancial corporations,Domestic nonfinancial,LM103061103,BOGZ1LM103061103Q,47830.0,47.83,2782.62,0.017188836420352044
1993-04-01,1993Q2,Other financial business,Domestic financial,FL503061123,BOGZ1FL503061123Q,0.0,0.0,2782.62,0.0
1993-04-01,1993Q2,Private pension funds,Domestic financial,LM573061105,BOGZ1LM573061105Q,97622.0,97.622,2782.62,0.035082763726272365
1993-04-01,1993Q2,Property-casualty insurers,Domestic financial,LM513061105,BOGZ1LM513061105Q,121038.0,121.038,2782.62,0.04349785453996593
1993-04-01,1993Q2,Rest of world,Foreign,LM263061105,ROWTSEQ027S,540158.0,540.158,2782.62,0.19411849264362366
1993-04-01,1993Q2,State and local governments,Domestic government,LM213061103,BOGZ1LM213061103Q,288608.0,288.608,2782.62,0.10371807864530551
1993-04-01,1993Q2,State and local pension funds,Domestic government,LM223061143,BOGZ1LM223061143Q,211378.0,211.378,2782.62,0.07596366014763065
1993-04-01,1993Q2,Total assets,Total,FL893061105,BOGZ1FL893061105Q,2782620.0,2782.62,2782.62,1.0
1993-04-01,1993Q2,U.S.-chartered banks,Domestic financial,LM763061100,BOGZ1LM763061100Q,295746.0,295.746,2782.62,0.10628328697414667
1993-07-01,1993Q3,ABS issuers,Domestic financial,FL673061103,BOGZ1FL673061103Q,0.0,0.0,2830.451,0.0
1993-07-01,1993Q3,Banks in U.S.-affiliated areas,Domestic financial,LM743061103,BOGZ1LM743061103Q,5532.0,5.532,2830.451,0.001954458847724267
1993-07-01,1993Q3,Brokers and dealers,Domestic financial,LM663061105,BOGZ1LM663061105Q,76758.0,76.758,2830.451,0.027118646463054827
1993-07-01,1993Q3,Closed-end funds,Domestic financial,LM553061103,BOGZ1LM553061103Q,13196.0,13.196,2830.451,0.004662154547102211
1993-07-01,1993Q3,Credit unions,Domestic financial,LM473061105,BOGZ1LM473061105Q,22018.0,22.018,2830.451,0.007778972326318315
1993-07-01,1993Q3,Exchange-traded funds,Domestic financial,LM563061103,BOGZ1LM563061103Q,0.0,0.0,2830.451,0.0
1993-07-01,1993Q3,Federal Reserve,Domestic financial,LM713061103,BOGZ1LM713061103Q,319357.0,319.357,2830.451,0.11282901558797521
1993-07-01,1993Q3,Federal government pension funds,Domestic government,LM343061105,BOGZ1LM343061105Q,15504.0,15.504,2830.451,0.005477572302081894
1993-07-01,1993Q3,Foreign bank offices in U.S.,Domestic financial,LM753061103,BOGZ1LM753061103Q,31927.0,31.927,2830.451,0.011279827843689928
1993-07-01,1993Q3,Government-sponsored enterprises,Domestic financial,LM403061105,BOGZ1LM403061105Q,65354.0,65.354,2830.451,0.023089606567999233
1993-07-01,1993Q3,Holding companies,Domestic financial,LM733061103,BOGZ1LM733061103Q,5719.0,5.719,2830.451,0.0020205260575081496
1993-07-01,1993Q3,Households and nonprofits,Domestic nonfinancial,LM153061105,BOGZ1LM153061105Q,305311.0,305.311,2830.451,0.10786655554185534
1993-07-01,1993Q3,Life insurers,Domestic financial,LM543061105,BOGZ1LM543061105Q,111282.0,111.282,2830.451,0.039315995931390436
1993-07-01,1993Q3,Money market funds,Domestic financial,FL633061105,BOGZ1FL633061105Q,74468.0,74.468,2830.451,0.026309588118642577
1993-07-01,1993Q3,Mutual funds,Domestic financial,LM653061105,BOGZ1LM653061105Q,124577.0,124.577,2830.451,0.044013127236613526
1993-07-01,1993Q3,Noncorporate businesses,Domestic nonfinancial,LM113061003,BOGZ1LM113061003Q,13453.0,13.453,2830.451,0.004752952797981664
1993-07-01,1993Q3,Nonfinancial corporations,Domestic nonfinancial,LM103061103,BOGZ1LM103061103Q,53078.0,53.078,2830.451,0.018752488561010243
1993-07-01,1993Q3,Other financial business,Domestic financial,FL503061123,BOGZ1FL503061123Q,0.0,0.0,2830.451,0.0
1993-07-01,1993Q3,Private pension funds,Domestic financial,LM573061105,BOGZ1LM573061105Q,110389.0,110.389,2830.451,0.03900049850712837
1993-07-01,1993Q3,Property-casualty insurers,Domestic financial,LM513061105,BOGZ1LM513061105Q,125475.0,125.475,2830.451,0.044330391163810996
1993-07-01,1993Q3,Rest of world,Foreign,LM263061105,ROWTSEQ027S,562514.0,562.514,2830.451,0.19873652644048598
1993-07-01,1993Q3,State and local governments,Domestic government,LM213061103,BOGZ1LM213061103Q,271637.0,271.637,2830.451,0.09596951157253739
1993-07-01,1993Q3,State and local pension funds,Domestic government,LM223061143,BOGZ1LM223061143Q,221833.0,221.833,2830.451,0.0783737291336257
1993-07-01,1993Q3,Total assets,Total,FL893061105,BOGZ1FL893061105Q,2830451.0,2830.451,2830.451,1.0
1993-07-01,1993Q3,U.S.-chartered banks,Domestic financial,LM763061100,BOGZ1LM763061100Q,301069.0,301.069,2830.451,0.10636785445146375
1993-10-01,1993Q4,ABS issuers,Domestic financial,FL673061103,BOGZ1FL673061103Q,0.0,0.0,2909.708,0.0
1993-10-01,1993Q4,Banks in U.S.-affiliated areas,Domestic financial,LM743061103,BOGZ1LM743061103Q,5773.0,5.773,2909.708,0.0019840478838426398
1993-10-01,1993Q4,Brokers and dealers,Domestic financial,LM663061105,BOGZ1LM663061105Q,61499.0,61.499,2909.708,0.021135797818887667
1993-10-01,1993Q4,Closed-end funds,Domestic financial,LM553061103,BOGZ1LM553061103Q,13714.0,13.714,2909.708,0.004713187715055944
1993-10-01,1993Q4,Credit unions,Domestic financial,LM473061105,BOGZ1LM473061105Q,22550.0,22.55,2909.708,0.007749918548527894
1993-10-01,1993Q4,Exchange-traded funds,Domestic financial,LM563061103,BOGZ1LM563061103Q,0.0,0.0,2909.708,0.0
1993-10-01,1993Q4,Federal Reserve,Domestic financial,LM713061103,BOGZ1LM713061103Q,332015.0,332.015,2909.708,0.11410595152503275
1993-10-01,1993Q4,Federal government pension funds,Domestic government,LM343061105,BOGZ1LM343061105Q,15550.0,15.55,2909.708,0.0053441788660580376
1993-10-01,1993Q4,Foreign bank offices in U.S.,Domestic financial,LM753061103,BOGZ1LM753061103Q,36113.0,36.113,2909.708,0.012411211021861986
1993-10-01,1993Q4,Government-sponsored enterprises,Domestic financial,LM403061105,BOGZ1LM403061105Q,51593.0,51.593,2909.708,0.017731332491095327
1993-10-01,1993Q4,Holding companies,Domestic financial,LM733061103,BOGZ1LM733061103Q,5500.0,5.5,2909.708,0.0018902240362263154
1993-10-01,1993Q4,Households and nonprofits,Domestic nonfinancial,LM153061105,BOGZ1LM153061105Q,352532.0,352.532,2909.708,0.12115717453435189
1993-10-01,1993Q4,Life insurers,Domestic financial,LM543061105,BOGZ1LM543061105Q,112626.0,112.626,2909.708,0.03870697678255
1993-10-01,1993Q4,Money market funds,Domestic financial,FL633061105,BOGZ1FL633061105Q,80430.0,80.43,2909.708,0.02764194895157865
1993-10-01,1993Q4,Mutual funds,Domestic financial,LM653061105,BOGZ1LM653061105Q,137595.0,137.595,2909.708,0.047288250229919976
1993-10-01,1993Q4,Noncorporate businesses,Domestic nonfinancial,LM113061003,BOGZ1LM113061003Q,13600.0,13.6,2909.708,0.004674008525941435
1993-10-01,1993Q4,Nonfinancial corporations,Domestic nonfinancial,LM103061103,BOGZ1LM103061103Q,48839.0,48.839,2909.708,0.016784845764592184
1993-10-01,1993Q4,Other financial business,Domestic financial,FL503061123,BOGZ1FL503061123Q,0.0,0.0,2909.708,0.0
1993-10-01,1993Q4,Private pension funds,Domestic financial,LM573061105,BOGZ1LM573061105Q,104033.0,104.033,2909.708,0.03575375948376951
1993-10-01,1993Q4,Property-casualty insurers,Domestic financial,LM513061105,BOGZ1LM513061105Q,129266.0,129.266,2909.708,0.04442576368487834
1993-10-01,1993Q4,Rest of world,Foreign,LM263061105,ROWTSEQ027S,594551.0,594.551,2909.708,0.20433356199316222
1993-10-01,1993Q4,State and local governments,Domestic government,LM213061103,BOGZ1LM213061103Q,271252.0,271.252,2909.708,0.09322310004990192
1993-10-01,1993Q4,State and local pension funds,Domestic government,LM223061143,BOGZ1LM223061143Q,217450.0,217.45,2909.708,0.0747325848504386
1993-10-01,1993Q4,Total assets,Total,FL893061105,BOGZ1FL893061105Q,2909708.0,2909.708,2909.708,1.0
1993-10-01,1993Q4,U.S.-chartered banks,Domestic financial,LM763061100,BOGZ1LM763061100Q,303227.0,303.227,2909.708,0.1042121752423267
1994-01-01,1994Q1,ABS issuers,Domestic financial,FL673061103,BOGZ1FL673061103Q,0.0,0.0,2953.528,0.0
1994-01-01,1994Q1,Banks in U.S.-affiliated areas,Domestic financial,LM743061103,BOGZ1LM743061103Q,5400.0,5.4,2953.528,0.0018283219255073935
1994-01-01,1994Q1,Brokers and dealers,Domestic financial,LM663061105,BOGZ1LM663061105Q,55900.0,55.9,2953.528,0.018926517710345054
1994-01-01,1994Q1,Closed-end funds,Domestic financial,LM553061103,BOGZ1LM553061103Q,13476.0,13.476,2953.528,0.004562678938544006
1994-01-01,1994Q1,Credit unions,Domestic financial,LM473061105,BOGZ1LM473061105Q,23652.0,23.652,2953.528,0.008008050033722383
1994-01-01,1994Q1,Exchange-traded funds,Domestic financial,LM563061103,BOGZ1LM563061103Q,0.0,0.0,2953.528,0.0
1994-01-01,1994Q1,Federal Reserve,Domestic financial,LM713061103,BOGZ1LM713061103Q,337260.0,337.26,2953.528,0.11418886159196731
1994-01-01,1994Q1,Federal government pension funds,Domestic government,LM343061105,BOGZ1LM343061105Q,15593.0,15.593,2953.528,0.005279448848969775
1994-01-01,1994Q1,Foreign bank offices in U.S.,Domestic financial,LM753061103,BOGZ1LM753061103Q,39220.0,39.22,2953.528,0.013279034429333326
1994-01-01,1994Q1,Government-sponsored enterprises,Domestic financial,LM403061105,BOGZ1LM403061105Q,57066.0,57.066,2953.528,0.01932129981500091
1994-01-01,1994Q1,Holding companies,Domestic financial,LM733061103,BOGZ1LM733061103Q,6050.0,6.05,2953.528,0.002048397712836987
1994-01-01,1994Q1,Households and nonprofits,Domestic nonfinancial,LM153061105,BOGZ1LM153061105Q,375352.0,375.352,2953.528,0.12708597988575018
1994-01-01,1994Q1,Life insurers,Domestic financial,LM543061105,BOGZ1LM543061105Q,109294.0,109.294,2953.528,0.03700455861600093
1994-01-01,1994Q1,Money market funds,Domestic financial,FL633061105,BOGZ1FL633061105Q,68914.0,68.914,2953.528,0.02333277355081787
1994-01-01,1994Q1,Mutual funds,Domestic financial,LM653061105,BOGZ1LM653061105Q,115969.0,115.969,2953.528,0.03926456766280868
1994-01-01,1994Q1,Noncorporate businesses,Domestic nonfinancial,LM113061003,BOGZ1LM113061003Q,11124.0,11.124,2953.528,0.0037663431665452304
1994-01-01,1994Q1,Nonfinancial corporations,Domestic nonfinancial,LM103061103,BOGZ1LM103061103Q,57537.0,57.537,2953.528,0.019480770116281274
1994-01-01,1994Q1,Other financial business,Domestic financial,FL503061123,BOGZ1FL503061123Q,0.0,0.0,2953.528,0.0
1994-01-01,1994Q1,Private pension funds,Domestic financial,LM573061105,BOGZ1LM573061105Q,103736.0,103.736,2953.528,0.03512274134526573
1994-01-01,1994Q1,Property-casualty insurers,Domestic financial,LM513061105,BOGZ1LM513061105Q,131274.0,131.274,2953.528,0.04444650600908473
1994-01-01,1994Q1,Rest of world,Foreign,LM263061105,ROWTSEQ027S,605360.0,605.36,2953.528,0.20496165941206587
1994-01-01,1994Q1,State and local governments,Domestic government,LM213061103,BOGZ1LM213061103Q,273693.0,273.693,2953.528,0.0926664653255361
1994-01-01,1994Q1,State and local pension funds,Domestic government,LM223061143,BOGZ1LM223061143Q,224335.0,224.335,2953.528,0.07595492577012983
1994-01-01,1994Q1,Total assets,Total,FL893061105,BOGZ1FL893061105Q,2953528.0,2953.528,2953.528,1.0
1994-01-01,1994Q1,U.S.-chartered banks,Domestic financial,LM763061100,BOGZ1LM763061100Q,323323.0,323.323,2953.528,0.10947009813348646
1994-04-01,1994Q2,ABS issuers,Domestic financial,FL673061103,BOGZ1FL673061103Q,0.0,0.0,2955.879,0.0
1994-04-01,1994Q2,Banks in U.S.-affiliated areas,Domestic financial,LM743061103,BOGZ1LM743061103Q,5200.0,5.2,2955.879,0.0017592059756167287
1994-04-01,1994Q2,Brokers and dealers,Domestic financial,LM663061105,BOGZ1LM663061105Q,43420.0,43.42,2955.879,0.014689369896399684
1994-04-01,1994Q2,Closed-end funds,Domestic financial,LM553061103,BOGZ1LM553061103Q,13238.0,13.238,2955.879,0.004478532443310433
1994-04-01,1994Q2,Credit unions,Domestic financial,LM473061105,BOGZ1LM473061105Q,24209.0,24.209,2955.879,0.008190118743020267
1994-04-01,1994Q2,Exchange-traded funds,Domestic financial,LM563061103,BOGZ1LM563061103Q,0.0,0.0,2955.879,0.0
1994-04-01,1994Q2,Federal Reserve,Domestic financial,LM713061103,BOGZ1LM713061103Q,347644.0,347.644,2955.879,0.11761103888217346
1994-04-01,1994Q2,Federal government pension funds,Domestic government,LM343061105,BOGZ1LM343061105Q,15594.0,15.594,2955.879,0.005275588073801397
1994-04-01,1994Q2,Foreign bank offices in U.S.,Domestic financial,LM753061103,BOGZ1LM753061103Q,39562.0,39.562,2955.879,0.013384174386028656
1994-04-01,1994Q2,Government-sponsored enterprises,Domestic financial,LM403061105,BOGZ1LM403061105Q,55481.0,55.481,2955.879,0.018769712833306102
1994-04-01,1994Q2,Holding companies,Domestic financial,LM733061103,BOGZ1LM733061103Q,4953.0,4.953,2955.879,0.001675643691774934
1994-04-01,1994Q2,Households and nonprofits,Domestic nonfinancial,LM153061105,BOGZ1LM153061105Q,404419.0,404.419,2955.879,0.13681852335633496
1994-04-01,1994Q2,Life insurers,Domestic financial,LM543061105,BOGZ1LM543061105Q,111989.0,111.989,2955.879,0.037886868846796505
1994-04-01,1994Q2,Money market funds,Domestic financial,FL633061105,BOGZ1FL633061105Q,59522.0,59.522,2955.879,0.020136818861665177
1994-04-01,1994Q2,Mutual funds,Domestic financial,LM653061105,BOGZ1LM653061105Q,111973.0,111.973,2955.879,0.03788145590533307
1994-04-01,1994Q2,Noncorporate businesses,Domestic nonfinancial,LM113061003,BOGZ1LM113061003Q,15507.0,15.507,2955.879,0.005246155204593964
1994-04-01,1994Q2,Nonfinancial corporations,Domestic nonfinancial,LM103061103,BOGZ1LM103061103Q,53152.0,53.152,2955.879,0.017981791541534686
1994-04-01,1994Q2,Other financial business,Domestic financial,FL503061123,BOGZ1FL503061123Q,0.0,0.0,2955.879,0.0
1994-04-01,1994Q2,Private pension funds,Domestic financial,LM573061105,BOGZ1LM573061105Q,112112.0,112.112,2955.879,0.03792848083429667
1994-04-01,1994Q2,Property-casualty insurers,Domestic financial,LM513061105,BOGZ1LM513061105Q,133312.0,133.312,2955.879,0.04510062827334949
1994-04-01,1994Q2,Rest of world,Foreign,LM263061105,ROWTSEQ027S,604184.0,604.184,2955.879,0.20440078907154183
1994-04-01,1994Q2,State and local governments,Domestic government,LM213061103,BOGZ1LM213061103Q,269710.0,269.71,2955.879,0.0912452776314592
1994-04-01,1994Q2,State and local pension funds,Domestic government,LM223061143,BOGZ1LM223061143Q,220641.0,220.641,2955.879,0.07464480108962511
1994-04-01,1994Q2,Total assets,Total,FL893061105,BOGZ1FL893061105Q,2955879.0,2955.879,2955.879,1.0
1994-04-01,1994Q2,U.S.-chartered banks,Domestic financial,LM763061100,BOGZ1LM763061100Q,310057.0,310.057,2955.879,0.10489502445803771
1994-07-01,1994Q3,ABS issuers,Domestic financial,FL673061103,BOGZ1FL673061103Q,0.0,0.0,2993.563,0.0
1994-07-01,1994Q3,Banks in U.S.-affiliated areas,Domestic financial,LM743061103,BOGZ1LM743061103Q,5000.0,5.0,2993.563,0.0016702504674195933
1994-07-01,1994Q3,Brokers and dealers,Domestic financial,LM663061105,BOGZ1LM663061105Q,46332.0,46.332,2993.563,0.015477208931296919
1994-07-01,1994Q3,Closed-end funds,Domestic financial,LM553061103,BOGZ1LM553061103Q,13000.0,13.0,2993.563,0.0043426512152909425
1994-07-01,1994Q3,Credit unions,Domestic financial,LM473061105,BOGZ1LM473061105Q,22495.0,22.495,2993.563,0.007514456852920751
1994-07-01,1994Q3,Exchange-traded funds,Domestic financial,LM563061103,BOGZ1LM563061103Q,0.0,0.0,2993.563,0.0
1994-07-01,1994Q3,Federal Reserve,Domestic financial,LM713061103,BOGZ1LM713061103Q,353010.0,353.01,2993.563,0.11792302350075812
1994-07-01,1994Q3,Federal government pension funds,Domestic government,LM343061105,BOGZ1LM343061105Q,15608.0,15.608,2993.563,0.005213853859097003
1994-07-01,1994Q3,Foreign bank offices in U.S.,Domestic financial,LM753061103,BOGZ1LM753061103Q,37341.0,37.341,2993.563,0.012473764540783007
1994-07-01,1994Q3,Government-sponsored enterprises,Domestic financial,LM403061105,BOGZ1LM403061105Q,46405.0,46.405,2993.563,0.015501594588121245
1994-07-01,1994Q3,Holding companies,Domestic financial,LM733061103,BOGZ1LM733061103Q,4958.0,4.958,2993.563,0.0016562203634932688
1994-07-01,1994Q3,Households and nonprofits,Domestic nonfinancial,LM153061105,BOGZ1LM153061105Q,434318.0,434.318,2993.563,0.14508396850174857
1994-07-01,1994Q3,Life insurers,Domestic financial,LM543061105,BOGZ1LM543061105Q,115605.0,115.605,2993.563,0.038617861057208415
1994-07-01,1994Q3,Money market funds,Domestic financial,FL633061105,BOGZ1FL633061105Q,59945.0,59.945,2993.563,0.020024632853893505
1994-07-01,1994Q3,Mutual funds,Domestic financial,LM653061105,BOGZ1LM653061105Q,108965.0,108.965,2993.563,0.036399768436475195
1994-07-01,1994Q3,Noncorporate businesses,Domestic nonfinancial,LM113061003,BOGZ1LM113061003Q,16126.0,16.126,2993.563,0.005386891807521672
1994-07-01,1994Q3,Nonfinancial corporations,Domestic nonfinancial,LM103061103,BOGZ1LM103061103Q,60794.0,60.794,2993.563,0.02030824138326135
1994-07-01,1994Q3,Other financial business,Domestic financial,FL503061123,BOGZ1FL503061123Q,0.0,0.0,2993.563,0.0
1994-07-01,1994Q3,Private pension funds,Domestic financial,LM573061105,BOGZ1LM573061105Q,118097.0,118.097,2993.563,0.03945031389017034
1994-07-01,1994Q3,Property-casualty insurers,Domestic financial,LM513061105,BOGZ1LM513061105Q,135349.0,135.349,2993.563,0.0452133461029549
1994-07-01,1994Q3,Rest of world,Foreign,LM263061105,ROWTSEQ027S,626320.0,626.32,2993.563,0.20922225455084795
1994-07-01,1994Q3,State and local governments,Domestic government,LM213061103,BOGZ1LM213061103Q,262184.0,262.184,2993.563,0.08758258970998774
1994-07-01,1994Q3,State and local pension funds,Domestic government,LM223061143,BOGZ1LM223061143Q,217370.0,217.37,2993.563,0.0726124688205994
1994-07-01,1994Q3,Total assets,Total,FL893061105,BOGZ1FL893061105Q,2993563.0,2993.563,2993.563,1.0
1994-07-01,1994Q3,U.S.-chartered banks,Domestic financial,LM763061100,BOGZ1LM763061100Q,294341.0,294.341,2993.563,0.0983246385661501
1994-10-01,1994Q4,ABS issuers,Domestic financial,FL673061103,BOGZ1FL673061103Q,0.0,0.0,3027.619,0.0
1994-10-01,1994Q4,Banks in U.S.-affiliated areas,Domestic financial,LM743061103,BOGZ1LM743061103Q,5145.0,5.145,3027.619,0.001699355169854595
1994-10-01,1994Q4,Brokers and dealers,Domestic financial,LM663061105,BOGZ1LM663061105Q,37512.0,37.512,3027.619,0.0123899341363626
1994-10-01,1994Q4,Closed-end funds,Domestic financial,LM553061103,BOGZ1LM553061103Q,12762.0,12.762,3027.619,0.004215193523359445
1994-10-01,1994Q4,Credit unions,Domestic financial,LM473061105,BOGZ1LM473061105Q,22063.0,22.063,3027.619,0.007287244531098529
1994-10-01,1994Q4,Exchange-traded funds,Domestic financial,LM563061103,BOGZ1LM563061103Q,0.0,0.0,3027.619,0.0
1994-10-01,1994Q4,Federal Reserve,Domestic financial,LM713061103,BOGZ1LM713061103Q,364519.0,364.519,3027.619,0.12039791004086049
1994-10-01,1994Q4,Federal government pension funds,Domestic government,LM343061105,BOGZ1LM343061105Q,15596.0,15.596,3027.619,0.005151242610117059
1994-10-01,1994Q4,Foreign bank offices in U.S.,Domestic financial,LM753061103,BOGZ1LM753061103Q,32656.0,32.656,3027.619,0.01078603351346388
1994-10-01,1994Q4,Government-sponsored enterprises,Domestic financial,LM403061105,BOGZ1LM403061105Q,51942.0,51.942,3027.619,0.017156055633155955
1994-10-01,1994Q4,Holding companies,Domestic financial,LM733061103,BOGZ1LM733061103Q,4702.0,4.702,3027.619,0.0015530355701955892
1994-10-01,1994Q4,Households and nonprofits,Domestic nonfinancial,LM153061105,BOGZ1LM153061105Q,504136.0,504.136,3027.619,0.16651236499704883
1994-10-01,1994Q4,Life insurers,Domestic financial,LM543061105,BOGZ1LM543061105Q,109699.0,109.699,3027.619,0.03623276244468012
1994-10-01,1994Q4,Money market funds,Domestic financial,FL633061105,BOGZ1FL633061105Q,67603.0,67.603,3027.619,0.022328767259024333
1994-10-01,1994Q4,Mutual funds,Domestic financial,LM653061105,BOGZ1LM653061105Q,109734.0,109.734,3027.619,0.03624432268393084
1994-10-01,1994Q4,Noncorporate businesses,Domestic nonfinancial,LM113061003,BOGZ1LM113061003Q,18330.0,18.33,3027.619,0.006054262441872639
1994-10-01,1994Q4,Nonfinancial corporations,Domestic nonfinancial,LM103061103,BOGZ1LM103061103Q,50820.0,50.82,3027.619,0.016785467392033144
1994-10-01,1994Q4,Other financial business,Domestic financial,FL503061123,BOGZ1FL503061123Q,0.0,0.0,3027.619,0.0
1994-10-01,1994Q4,Private pension funds,Domestic financial,LM573061105,BOGZ1LM573061105Q,120741.0,120.741,3027.619,0.0398798527820046
1994-10-01,1994Q4,Property-casualty insurers,Domestic financial,LM513061105,BOGZ1LM513061105Q,137375.0,137.375,3027.619,0.045373939059042766
1994-10-01,1994Q4,Rest of world,Foreign,LM263061105,ROWTSEQ027S,632571.0,632.571,3027.619,0.20893348865890984
1994-10-01,1994Q4,State and local governments,Domestic government,LM213061103,BOGZ1LM213061103Q,239010.0,239.01,3027.619,0.07894322238035895
1994-10-01,1994Q4,State and local pension funds,Domestic government,LM223061143,BOGZ1LM223061143Q,215554.0,215.554,3027.619,0.0711958803270821
1994-10-01,1994Q4,Total assets,Total,FL893061105,BOGZ1FL893061105Q,3027619.0,3027.619,3027.619,1.0
1994-10-01,1994Q4,U.S.-chartered banks,Domestic financial,LM763061100,BOGZ1LM763061100Q,275149.0,275.149,3027.619,0.09087966484554363
1995-01-01,1995Q1,ABS issuers,Domestic financial,FL673061103,BOGZ1FL673061103Q,0.0,0.0,3105.009,0.0
1995-01-01,1995Q1,Banks in U.S.-affiliated areas,Domestic financial,LM743061103,BOGZ1LM743061103Q,5353.0,5.353,3105.009,0.0017239885617078726
1995-01-01,1995Q1,Brokers and dealers,Domestic financial,LM663061105,BOGZ1LM663061105Q,47551.0,47.551,3105.009,0.015314287333788727
1995-01-01,1995Q1,Closed-end funds,Domestic financial,LM553061103,BOGZ1LM553061103Q,12648.0,12.648,3105.009,0.004073418144681706
1995-01-01,1995Q1,Credit unions,Domestic financial,LM473061105,BOGZ1LM473061105Q,21178.0,21.178,3105.009,0.006820592146431782
1995-01-01,1995Q1,Exchange-traded funds,Domestic financial,LM563061103,BOGZ1LM563061103Q,0.0,0.0,3105.009,0.0
1995-01-01,1995Q1,Federal Reserve,Domestic financial,LM713061103,BOGZ1LM713061103Q,363707.0,363.707,3105.009,0.11713557029947418
1995-01-01,1995Q1,Federal government pension funds,Domestic government,LM343061105,BOGZ1LM343061105Q,15633.0,15.633,3105.009,0.005034768015165173
1995-01-01,1995Q1,Foreign bank offices in U.S.,Domestic financial,LM753061103,BOGZ1LM753061103Q,53242.0,53.242,3105.009,0.017147132262740623
1995-01-01,1995Q1,Government-sponsored enterprises,Domestic financial,LM403061105,BOGZ1LM403061105Q,56621.0,56.621,3105.009,0.018235373874922748
1995-01-01,1995Q1,Holding companies,Domestic financial,LM733061103,BOGZ1LM733061103Q,4064.0,4.064,3105.009,0.0013088528889932363
1995-01-01,1995Q1,Households and nonprofits,Domestic nonfinancial,LM153061105,BOGZ1LM153061105Q,515466.0,515.466,3105.009,0.16601111301126664
1995-01-01,1995Q1,Life insurers,Domestic financial,LM543061105,BOGZ1LM543061105Q,113943.0,113.943,3105.009,0.0366965119907865
1995-01-01,1995Q1,Money market funds,Domestic financial,FL633061105,BOGZ1FL633061105Q,67745.0,67.745,3105.009,0.02181797218623199
1995-01-01,1995Q1,Mutual funds,Domestic financial,LM653061105,BOGZ1LM653061105Q,112879.0,112.879,3105.009,0.03635383987614851
1995-01-01,1995Q1,Noncorporate businesses,Domestic nonfinancial,LM113061003,BOGZ1LM113061003Q,20338.0,20.338,3105.009,0.0065500615296123135
1995-01-01,1995Q1,Nonfinancial corporations,Domestic nonfinancial,LM103061103,BOGZ1LM103061103Q,41270.0,41.27,3105.009,0.013291426852546966
1995-01-01,1995Q1,Other financial business,Domestic financial,FL503061123,BOGZ1FL503061123Q,0.0,0.0,3105.009,0.0
1995-01-01,1995Q1,Private pension funds,Domestic financial,LM573061105,BOGZ1LM573061105Q,121464.0,121.464,3105.009,0.039118727192095096
1995-01-01,1995Q1,Property-casualty insurers,Domestic financial,LM513061105,BOGZ1LM513061105Q,137717.0,137.717,3105.009,0.04435317256729369
1995-01-01,1995Q1,Rest of world,Foreign,LM263061105,ROWTSEQ027S,670713.0,670.713,3105.009,0.2160100019033761
1995-01-01,1995Q1,State and local governments,Domestic government,LM213061103,BOGZ1LM213061103Q,229311.0,229.311,3105.009,0.07385195984939175
1995-01-01,1995Q1,State and local pension funds,Domestic government,LM223061143,BOGZ1LM223061143Q,224973.0,224.973,3105.009,0.07245486244967406
1995-01-01,1995Q1,Total assets,Total,FL893061105,BOGZ1FL893061105Q,3105009.0,3105.009,3105.009,1.0
1995-01-01,1995Q1,U.S.-chartered banks,Domestic financial,LM763061100,BOGZ1LM763061100Q,269193.0,269.193,3105.009,0.08669636706367034
1995-04-01,1995Q2,ABS issuers,Domestic financial,FL673061103,BOGZ1FL673061103Q,0.0,0.0,3137.405,0.0
1995-04-01,1995Q2,Banks in U.S.-affiliated areas,Domestic financial,LM743061103,BOGZ1LM743061103Q,5854.0,5.854,3137.405,0.0018658732296276698
1995-04-01,1995Q2,Brokers and dealers,Domestic financial,LM663061105,BOGZ1LM663061105Q,59041.0,59.041,3137.405,0.018818418406294373
1995-04-01,1995Q2,Closed-end funds,Domestic financial,LM553061103,BOGZ1LM553061103Q,12788.0,12.788,3137.405,0.0040759799898323614
1995-04-01,1995Q2,Credit unions,Domestic financial,LM473061105,BOGZ1LM473061105Q,20210.0,20.21,3137.405,0.006441629308297781
1995-04-01,1995Q2,Exchange-traded funds,Domestic financial,LM563061103,BOGZ1LM563061103Q,0.0,0.0,3137.405,0.0
1995-04-01,1995Q2,Federal Reserve,Domestic financial,LM713061103,BOGZ1LM713061103Q,372641.0,372.641,3137.405,0.1187736361738443
1995-04-01,1995Q2,Federal government pension funds,Domestic government,LM343061105,BOGZ1LM343061105Q,15694.0,15.694,3137.405,0.005002223174884976
1995-04-01,1995Q2,Foreign bank offices in U.S.,Domestic financial,LM753061103,BOGZ1LM753061103Q,59959.0,59.959,3137.405,0.019111016907284843
1995-04-01,1995Q2,Government-sponsored enterprises,Domestic financial,LM403061105,BOGZ1LM403061105Q,56338.0,56.338,3137.405,0.017956878375600217
1995-04-01,1995Q2,Holding companies,Domestic financial,LM733061103,BOGZ1LM733061103Q,5762.0,5.762,3137.405,0.001836549632578516
1995-04-01,1995Q2,Households and nonprofits,Domestic nonfinancial,LM153061105,BOGZ1LM153061105Q,533779.0,533.779,3137.405,0.17013391640543696
1995-04-01,1995Q2,Life insurers,Domestic financial,LM543061105,BOGZ1LM543061105Q,114639.0,114.639,3137.405,0.03653943306649922
1995-04-01,1995Q2,Money market funds,Domestic financial,FL633061105,BOGZ1FL633061105Q,58671.0,58.671,3137.405,0.018700486548596688
1995-04-01,1995Q2,Mutual funds,Domestic financial,LM653061105,BOGZ1LM653061105Q,108707.0,108.707,3137.405,0.034648698526329874
1995-04-01,1995Q2,Noncorporate businesses,Domestic nonfinancial,LM113061003,BOGZ1LM113061003Q,21244.0,21.244,3137.405,0.006771201040350225
1995-04-01,1995Q2,Nonfinancial corporations,Domestic nonfinancial,LM103061103,BOGZ1LM103061103Q,47962.0,47.962,3137.405,0.015287156105125096
1995-04-01,1995Q2,Other financial business,Domestic financial,FL503061123,BOGZ1FL503061123Q,0.0,0.0,3137.405,0.0
1995-04-01,1995Q2,Private pension funds,Domestic financial,LM573061105,BOGZ1LM573061105Q,121526.0,121.526,3137.405,0.038734559293428804
1995-04-01,1995Q2,Property-casualty insurers,Domestic financial,LM513061105,BOGZ1LM513061105Q,138222.0,138.222,3137.405,0.04405615468834913
1995-04-01,1995Q2,Rest of world,Foreign,LM263061105,ROWTSEQ027S,724385.0,724.385,3137.405,0.23088667226577378
1995-04-01,1995Q2,State and local governments,Domestic government,LM213061103,BOGZ1LM213061103Q,194472.0,194.472,3137.405,0.061984984405902326
1995-04-01,1995Q2,State and local pension funds,Domestic government,LM223061143,BOGZ1LM223061143Q,217221.0,217.221,3137.405,0.06923588124580664
1995-04-01,1995Q2,Total assets,Total,FL893061105,BOGZ1FL893061105Q,3137405.0,3137.405,3137.405,1.0
1995-04-01,1995Q2,U.S.-chartered banks,Domestic financial,LM763061100,BOGZ1LM763061100Q,248290.0,248.29,3137.405,0.07913865121015616
1995-07-01,1995Q3,ABS issuers,Domestic financial,FL673061103,BOGZ1FL673061103Q,0.0,0.0,3164.429,0.0
1995-07-01,1995Q3,Banks in U.S.-affiliated areas,Domestic financial,LM743061103,BOGZ1LM743061103Q,5932.0,5.932,3164.429,0.0018745878008323146
1995-07-01,1995Q3,Brokers and dealers,Domestic financial,LM663061105,BOGZ1LM663061105Q,58775.0,58.775,3164.429,0.018573651044153622
1995-07-01,1995Q3,Closed-end funds,Domestic financial,LM553061103,BOGZ1LM553061103Q,12374.0,12.374,3164.429,0.003910342118593908
1995-07-01,1995Q3,Credit unions,Domestic financial,LM473061105,BOGZ1LM473061105Q,19884.0,19.884,3164.429,0.006283598083572107
1995-07-01,1995Q3,Exchange-traded funds,Domestic financial,LM563061103,BOGZ1LM563061103Q,0.0,0.0,3164.429,0.0
1995-07-01,1995Q3,Federal Reserve,Domestic financial,LM713061103,BOGZ1LM713061103Q,367669.0,367.669,3164.429,0.11618810218209982
1995-07-01,1995Q3,Federal government pension funds,Domestic government,LM343061105,BOGZ1LM343061105Q,15733.0,15.733,3164.429,0.004971829040879097
1995-07-01,1995Q3,Foreign bank offices in U.S.,Domestic financial,LM753061103,BOGZ1LM753061103Q,58937.0,58.937,3164.429,0.018624845114237037
1995-07-01,1995Q3,Government-sponsored enterprises,Domestic financial,LM403061105,BOGZ1LM403061105Q,53727.0,53.727,3164.429,0.016978418539332053
1995-07-01,1995Q3,Holding companies,Domestic financial,LM733061103,BOGZ1LM733061103Q,3119.0,3.119,3164.429,0.0009856438554949408
1995-07-01,1995Q3,Households and nonprofits,Domestic nonfinancial,LM153061105,BOGZ1LM153061105Q,516192.0,516.192,3164.429,0.16312326805246696
1995-07-01,1995Q3,Life insurers,Domestic financial,LM543061105,BOGZ1LM543061105Q,114793.0,114.793,3164.429,0.036276054858554264
1995-07-01,1995Q3,Money market funds,Domestic financial,FL633061105,BOGZ1FL633061105Q,64196.0,64.196,3164.429,0.020286756315278362
1995-07-01,1995Q3,Mutual funds,Domestic financial,LM653061105,BOGZ1LM653061105Q,120459.0,120.459,3164.429,0.03806658326036071
1995-07-01,1995Q3,Noncorporate businesses,Domestic nonfinancial,LM113061003,BOGZ1LM113061003Q,22701.0,22.701,3164.429,0.007173806080022652
1995-07-01,1995Q3,Nonfinancial corporations,Domestic nonfinancial,LM103061103,BOGZ1LM103061103Q,43647.0,43.647,3164.429,0.013793009734141609
1995-07-01,1995Q3,Other financial business,Domestic financial,FL503061123,BOGZ1FL503061123Q,0.0,0.0,3164.429,0.0
1995-07-01,1995Q3,Private pension funds,Domestic financial,LM573061105,BOGZ1LM573061105Q,120109.0,120.109,3164.429,0.03795597878795827
1995-07-01,1995Q3,Property-casualty insurers,Domestic financial,LM513061105,BOGZ1LM513061105Q,138676.0,138.676,3164.429,0.04382338804251888
1995-07-01,1995Q3,Rest of world,Foreign,LM263061105,ROWTSEQ027S,780277.0,780.277,3164.429,0.24657750260789546
1995-07-01,1995Q3,State and local governments,Domestic government,LM213061103,BOGZ1LM213061103Q,192952.0,192.952,3164.429,0.06097529759713364
1995-07-01,1995Q3,State and local pension funds,Domestic government,LM223061143,BOGZ1LM223061143Q,211282.0,211.282,3164.429,0.06676781182323889
1995-07-01,1995Q3,Total assets,Total,FL893061105,BOGZ1FL893061105Q,3164429.0,3164.429,3164.429,1.0
1995-07-01,1995Q3,U.S.-chartered banks,Domestic financial,LM763061100,BOGZ1LM763061100Q,242995.0,242.995,3164.429,0.07678952506123538
1995-10-01,1995Q4,ABS issuers,Domestic financial,FL673061103,BOGZ1FL673061103Q,0.0,0.0,3241.801,0.0
1995-10-01,1995Q4,Banks in U.S.-affiliated areas,Domestic financial,LM743061103,BOGZ1LM743061103Q,5389.0,5.389,3241.801,0.0016623475654427894
1995-10-01,1995Q4,Brokers and dealers,Domestic financial,LM663061105,BOGZ1LM663061105Q,75008.0,75.008,3241.801,0.023137755833871357
1995-10-01,1995Q4,Closed-end funds,Domestic financial,LM553061103,BOGZ1LM553061103Q,12311.0,12.311,3241.801,0.003797580419032507
1995-10-01,1995Q4,Credit unions,Domestic financial,LM473061105,BOGZ1LM473061105Q,18308.0,18.308,3241.801,0.005647478053094561
1995-10-01,1995Q4,Exchange-traded funds,Domestic financial,LM563061103,BOGZ1LM563061103Q,0.0,0.0,3241.801,0.0
1995-10-01,1995Q4,Federal Reserve,Domestic financial,LM713061103,BOGZ1LM713061103Q,378197.0,378.197,3241.801,0.11666262056184201
1995-10-01,1995Q4,Federal government pension funds,Domestic government,LM343061105,BOGZ1LM343061105Q,15809.0,15.809,3241.801,0.004876610254608472
1995-10-01,1995Q4,Foreign bank offices in U.S.,Domestic financial,LM753061103,BOGZ1LM753061103Q,62276.0,62.276,3241.801,0.019210309331140315
1995-10-01,1995Q4,Government-sponsored enterprises,Domestic financial,LM403061105,BOGZ1LM403061105Q,57996.0,57.996,3241.801,0.017890055558623125
1995-10-01,1995Q4,Holding companies,Domestic financial,LM733061103,BOGZ1LM733061103Q,3494.0,3.494,3241.801,0.0010777959535455755
1995-10-01,1995Q4,Households and nonprofits,Domestic nonfinancial,LM153061105,BOGZ1LM153061105Q,518461.0,518.461,3241.801,0.15992992783949417
1995-10-01,1995Q4,Life insurers,Domestic financial,LM543061105,BOGZ1LM543061105Q,111024.0,111.024,3241.801,0.03424762963550199
1995-10-01,1995Q4,Money market funds,Domestic financial,FL633061105,BOGZ1FL633061105Q,71287.0,71.287,3241.801,0.02198993707510116
1995-10-01,1995Q4,Mutual funds,Domestic financial,LM653061105,BOGZ1LM653061105Q,133489.0,133.489,3241.801,0.04117741958867926
1995-10-01,1995Q4,Noncorporate businesses,Domestic nonfinancial,LM113061003,BOGZ1LM113061003Q,23626.0,23.626,3241.801,0.00728792421249793
1995-10-01,1995Q4,Nonfinancial corporations,Domestic nonfinancial,LM103061103,BOGZ1LM103061103Q,57098.0,57.098,3241.801,0.01761304904280059
1995-10-01,1995Q4,Other financial business,Domestic financial,FL503061123,BOGZ1FL503061123Q,0.0,0.0,3241.801,0.0
1995-10-01,1995Q4,Private pension funds,Domestic financial,LM573061105,BOGZ1LM573061105Q,120195.0,120.195,3241.801,0.03707661266067843
1995-10-01,1995Q4,Property-casualty insurers,Domestic financial,LM513061105,BOGZ1LM513061105Q,139066.0,139.066,3241.801,0.04289775960955037
1995-10-01,1995Q4,Rest of world,Foreign,LM263061105,ROWTSEQ027S,816947.0,816.947,3241.801,0.2520040557702339
1995-10-01,1995Q4,State and local governments,Domestic government,LM213061103,BOGZ1LM213061103Q,187608.0,187.608,3241.801,0.057871534989346975
1995-10-01,1995Q4,State and local pension funds,Domestic government,LM223061143,BOGZ1LM223061143Q,208194.0,208.194,3241.801,0.06422170885874857
1995-10-01,1995Q4,Total assets,Total,FL893061105,BOGZ1FL893061105Q,3241801.0,3241.801,3241.801,1.0
1995-10-01,1995Q4,U.S.-chartered banks,Domestic financial,LM763061100,BOGZ1LM763061100Q,226018.0,226.018,3241.801,0.06971988718616597
1996-01-01,1996Q1,ABS issuers,Domestic financial,FL673061103,BOGZ1FL673061103Q,0.0,0.0,3312.086,0.0
1996-01-01,1996Q1,Banks in U.S.-affiliated areas,Domestic financial,LM743061103,BOGZ1LM743061103Q,5052.0,5.052,3312.086,0.001525322712031028
1996-01-01,1996Q1,Brokers and dealers,Domestic financial,LM663061105,BOGZ1LM663061105Q,71457.0,71.457,3312.086,0.021574620948852173
1996-01-01,1996Q1,Closed-end funds,Domestic financial,LM553061103,BOGZ1LM553061103Q,11818.0,11.818,3312.086,0.003568144063892061
1996-01-01,1996Q1,Credit unions,Domestic financial,LM473061105,BOGZ1LM473061105Q,19305.0,19.305,3312.086,0.0058286529999522965
1996-01-01,1996Q1,Exchange-traded funds,Domestic financial,LM563061103,BOGZ1LM563061103Q,0.0,0.0,3312.086,0.0
1996-01-01,1996Q1,Federal Reserve,Domestic financial,LM713061103,BOGZ1LM713061103Q,377056.0,377.056,3312.086,0.11384245457394525
1996-01-01,1996Q1,Federal government pension funds,Domestic government,LM343061105,BOGZ1LM343061105Q,15837.0,15.837,3312.086,0.004781578739199405
1996-01-01,1996Q1,Foreign bank offices in U.S.,Domestic financial,LM753061103,BOGZ1LM753061103Q,67778.0,67.778,3312.086,0.020463840612834332
1996-01-01,1996Q1,Government-sponsored enterprises,Domestic financial,LM403061105,BOGZ1LM403061105Q,54195.0,54.195,3312.086,0.01636279975821884
1996-01-01,1996Q1,Holding companies,Domestic financial,LM733061103,BOGZ1LM733061103Q,2872.0,2.872,3312.086,0.0008671272424689456
1996-01-01,1996Q1,Households and nonprofits,Domestic nonfinancial,LM153061105,BOGZ1LM153061105Q,498253.0,498.253,3312.086,0.1504348015117965
1996-01-01,1996Q1,Life insurers,Domestic financial,LM543061105,BOGZ1LM543061105Q,108654.0,108.654,3312.086,0.0328053075916507
1996-01-01,1996Q1,Money market funds,Domestic financial,FL633061105,BOGZ1FL633061105Q,87222.0,87.222,3312.086,0.02633446112208439
1996-01-01,1996Q1,Mutual funds,Domestic financial,LM653061105,BOGZ1LM653061105Q,130537.0,130.537,3312.086,0.039412322023039265
1996-01-01,1996Q1,Noncorporate businesses,Domestic nonfinancial,LM113061003,BOGZ1LM113061003Q,25057.0,25.057,3312.086,0.007565322881108763
1996-01-01,1996Q1,Nonfinancial corporations,Domestic nonfinancial,LM103061103,BOGZ1LM103061103Q,57356.0,57.356,3312.086,0.01731718318908386
1996-01-01,1996Q1,Other financial business,Domestic financial,FL503061123,BOGZ1FL503061123Q,0.0,0.0,3312.086,0.0
1996-01-01,1996Q1,Private pension funds,Domestic financial,LM573061105,BOGZ1LM573061105Q,121265.0,121.265,3312.086,0.036612877805709154
1996-01-01,1996Q1,Property-casualty insurers,Domestic financial,LM513061105,BOGZ1LM513061105Q,139488.0,139.488,3312.086,0.04211484846709899
1996-01-01,1996Q1,Rest of world,Foreign,LM263061105,ROWTSEQ027S,888669.0,888.669,3312.086,0.2683109677707644
1996-01-01,1996Q1,State and local governments,Domestic government,LM213061103,BOGZ1LM213061103Q,189523.0,189.523,3312.086,0.05722164219165807
1996-01-01,1996Q1,State and local pension funds,Domestic government,LM223061143,BOGZ1LM223061143Q,213528.0,213.528,3312.086,0.06446934047002403
1996-01-01,1996Q1,Total assets,Total,FL893061105,BOGZ1FL893061105Q,3312086.0,3312.086,3312.086,1.0
1996-01-01,1996Q1,U.S.-chartered banks,Domestic financial,LM763061100,BOGZ1LM763061100Q,227164.0,227.164,3312.086,0.0685863833245876
1996-04-01,1996Q2,ABS issuers,Domestic financial,FL673061103,BOGZ1FL673061103Q,0.0,0.0,3285.358,0.0
1996-04-01,1996Q2,Banks in U.S.-affiliated areas,Domestic financial,LM743061103,BOGZ1LM743061103Q,5260.0,5.26,3285.358,0.0016010431739859094
1996-04-01,1996Q2,Brokers and dealers,Domestic financial,LM663061105,BOGZ1LM663061105Q,56517.0,56.517,3285.358,0.017202691457064954
1996-04-01,1996Q2,Closed-end funds,Domestic financial,LM553061103,BOGZ1LM553061103Q,11693.0,11.693,3285.358,0.0035591250633873078
1996-04-01,1996Q2,Credit unions,Domestic financial,LM473061105,BOGZ1LM473061105Q,19060.0,19.06,3285.358,0.00580149864946225
1996-04-01,1996Q2,Exchange-traded funds,Domestic financial,LM563061103,BOGZ1LM563061103Q,0.0,0.0,3285.358,0.0
1996-04-01,1996Q2,Federal Reserve,Domestic financial,LM713061103,BOGZ1LM713061103Q,383914.0,383.914,3285.358,0.11685606256608867
1996-04-01,1996Q2,Federal government pension funds,Domestic government,LM343061105,BOGZ1LM343061105Q,15830.0,15.83,3285.358,0.004818348563535541
1996-04-01,1996Q2,Foreign bank offices in U.S.,Domestic financial,LM753061103,BOGZ1LM753061103Q,72038.0,72.038,3285.358,0.021926986343649608
1996-04-01,1996Q2,Government-sponsored enterprises,Domestic financial,LM403061105,BOGZ1LM403061105Q,34513.0,34.513,3285.358,0.010505095639501081
1996-04-01,1996Q2,Holding companies,Domestic financial,LM733061103,BOGZ1LM733061103Q,2842.0,2.842,3285.358,0.0008650503232828812
1996-04-01,1996Q2,Households and nonprofits,Domestic nonfinancial,LM153061105,BOGZ1LM153061105Q,489108.0,489.108,3285.358,0.14887509976081753
1996-04-01,1996Q2,Life insurers,Domestic financial,LM543061105,BOGZ1LM543061105Q,103360.0,103.36,3285.358,0.031460802749654675
1996-04-01,1996Q2,Money market funds,Domestic financial,FL633061105,BOGZ1FL633061105Q,82167.0,82.167,3285.358,0.025010059786482932
1996-04-01,1996Q2,Mutual funds,Domestic financial,LM653061105,BOGZ1LM653061105Q,125202.0,125.202,3285.358,0.038109088872506434
1996-04-01,1996Q2,Noncorporate businesses,Domestic nonfinancial,LM113061003,BOGZ1LM113061003Q,27092.0,27.092,3285.358,0.008246285488522102
1996-04-01,1996Q2,Nonfinancial corporations,Domestic nonfinancial,LM103061103,BOGZ1LM103061103Q,63106.0,63.106,3285.358,0.01920825675618913
1996-04-01,1996Q2,Other financial business,Domestic financial,FL503061123,BOGZ1FL503061123Q,0.0,0.0,3285.358,0.0
1996-04-01,1996Q2,Private pension funds,Domestic financial,LM573061105,BOGZ1LM573061105Q,121061.0,121.061,3285.358,0.036848647849031975
1996-04-01,1996Q2,Property-casualty insurers,Domestic financial,LM513061105,BOGZ1LM513061105Q,133899.0,133.899,3285.358,0.0407562889645512
1996-04-01,1996Q2,Rest of world,Foreign,LM263061105,ROWTSEQ027S,910263.0,910.263,3285.358,0.27706660887489276
1996-04-01,1996Q2,State and local governments,Domestic government,LM213061103,BOGZ1LM213061103Q,187769.0,187.769,3285.358,0.05715328436048674
1996-04-01,1996Q2,State and local pension funds,Domestic government,LM223061143,BOGZ1LM223061143Q,221067.0,221.067,3285.358,0.06728855728964697
1996-04-01,1996Q2,Total assets,Total,FL893061105,BOGZ1FL893061105Q,3285358.0,3285.358,3285.358,1.0
1996-04-01,1996Q2,U.S.-chartered banks,Domestic financial,LM763061100,BOGZ1LM763061100Q,219597.0,219.597,3285.358,0.06684111746725928
1996-07-01,1996Q3,ABS issuers,Domestic financial,FL673061103,BOGZ1FL673061103Q,0.0,0.0,3327.059,0.0
1996-07-01,1996Q3,Banks in U.S.-affiliated areas,Domestic financial,LM743061103,BOGZ1LM743061103Q,4657.0,4.657,3327.059,0.001399734720664707
1996-07-01,1996Q3,Brokers and dealers,Domestic financial,LM663061105,BOGZ1LM663061105Q,62241.0,62.241,3327.059,0.01870751315200602
1996-07-01,1996Q3,Closed-end funds,Domestic financial,LM553061103,BOGZ1LM553061103Q,11696.0,11.696,3327.059,0.0035154170695500136
1996-07-01,1996Q3,Credit unions,Domestic financial,LM473061105,BOGZ1LM473061105Q,18243.0,18.243,3327.059,0.005483221067014441
1996-07-01,1996Q3,Exchange-traded funds,Domestic financial,LM563061103,BOGZ1LM563061103Q,0.0,0.0,3327.059,0.0
1996-07-01,1996Q3,Federal Reserve,Domestic financial,LM713061103,BOGZ1LM713061103Q,383910.0,383.91,3327.059,0.1153901989715241
1996-07-01,1996Q3,Federal government pension funds,Domestic government,LM343061105,BOGZ1LM343061105Q,15863.0,15.863,3327.059,0.004767874570303682
1996-07-01,1996Q3,Foreign bank offices in U.S.,Domestic financial,LM753061103,BOGZ1LM753061103Q,71857.0,71.857,3327.059,0.021597753451321422
1996-07-01,1996Q3,Government-sponsored enterprises,Domestic financial,LM403061105,BOGZ1LM403061105Q,34454.0,34.454,3327.059,0.010355692520030452
1996-07-01,1996Q3,Holding companies,Domestic financial,LM733061103,BOGZ1LM733061103Q,3396.0,3.396,3327.059,0.0010207213037099732
1996-07-01,1996Q3,Households and nonprofits,Domestic nonfinancial,LM153061105,BOGZ1LM153061105Q,515086.0,515.086,3327.059,0.15481721243897387
1996-07-01,1996Q3,Life insurers,Domestic financial,LM543061105,BOGZ1LM543061105Q,104487.0,104.487,3327.059,0.031405214034376905
1996-07-01,1996Q3,Money market funds,Domestic financial,FL633061105,BOGZ1FL633061105Q,85824.0,85.824,3327.059,0.02579575535029586
1996-07-01,1996Q3,Mutual funds,Domestic financial,LM653061105,BOGZ1LM653061105Q,119699.0,119.699,3327.059,0.03597742029822735
1996-07-01,1996Q3,Noncorporate businesses,Domestic nonfinancial,LM113061003,BOGZ1LM113061003Q,27775.0,27.775,3327.059,0.008348213842916521
1996-07-01,1996Q3,Nonfinancial corporations,Domestic nonfinancial,LM103061103,BOGZ1LM103061103Q,52144.0,52.144,3327.059,0.015672700724573864
1996-07-01,1996Q3,Other financial business,Domestic financial,FL503061123,BOGZ1FL503061123Q,0.0,0.0,3327.059,0.0
1996-07-01,1996Q3,Private pension funds,Domestic financial,LM573061105,BOGZ1LM573061105Q,116806.0,116.806,3327.059,0.03510788356924238
1996-07-01,1996Q3,Property-casualty insurers,Domestic financial,LM513061105,BOGZ1LM513061105Q,130504.0,130.504,3327.059,0.03922503328014321
1996-07-01,1996Q3,Rest of world,Foreign,LM263061105,ROWTSEQ027S,971905.0,971.905,3327.059,0.2921213600359957
1996-07-01,1996Q3,State and local governments,Domestic government,LM213061103,BOGZ1LM213061103Q,170209.0,170.209,3327.059,0.051158996579261144
1996-07-01,1996Q3,State and local pension funds,Domestic government,LM223061143,BOGZ1LM223061143Q,213439.0,213.439,3327.059,0.06415245416447378
1996-07-01,1996Q3,Total assets,Total,FL893061105,BOGZ1FL893061105Q,3327059.0,3327.059,3327.059,1.0
1996-07-01,1996Q3,U.S.-chartered banks,Domestic financial,LM763061100,BOGZ1LM763061100Q,212864.0,212.864,3327.059,0.0639796288553945
1996-10-01,1996Q4,ABS issuers,Domestic financial,FL673061103,BOGZ1FL673061103Q,0.0,0.0,3347.497,0.0
1996-10-01,1996Q4,Banks in U.S.-affiliated areas,Domestic financial,LM743061103,BOGZ1LM743061103Q,4130.0,4.13,3347.497,0.0012337576404101334
1996-10-01,1996Q4,Brokers and dealers,Domestic financial,LM663061105,BOGZ1LM663061105Q,61243.0,61.243,3347.497,0.018295162027030944
1996-10-01,1996Q4,Closed-end funds,Domestic financial,LM553061103,BOGZ1LM553061103Q,11861.0,11.861,3347.497,0.00354324440021903
1996-10-01,1996Q4,Credit unions,Domestic financial,LM473061105,BOGZ1LM473061105Q,17416.0,17.416,3347.497,0.00520269323617019
1996-10-01,1996Q4,Exchange-traded funds,Domestic financial,LM563061103,BOGZ1LM563061103Q,0.0,0.0,3347.497,0.0
1996-10-01,1996Q4,Federal Reserve,Domestic financial,LM713061103,BOGZ1LM713061103Q,390907.0,390.907,3347.497,0.11677590749147797
1996-10-01,1996Q4,Federal government pension funds,Domestic government,LM343061105,BOGZ1LM343061105Q,15896.0,15.896,3347.497,0.004748622627593095
1996-10-01,1996Q4,Foreign bank offices in U.S.,Domestic financial,LM753061103,BOGZ1LM753061103Q,80714.0,80.714,3347.497,0.024111746776770825
1996-10-01,1996Q4,Government-sponsored enterprises,Domestic financial,LM403061105,BOGZ1LM403061105Q,18760.0,18.76,3347.497,0.005604187247964674
1996-10-01,1996Q4,Holding companies,Domestic financial,LM733061103,BOGZ1LM733061103Q,4106.0,4.106,3347.497,0.001226588104485232
1996-10-01,1996Q4,Households and nonprofits,Domestic nonfinancial,LM153061105,BOGZ1LM153061105Q,523254.0,523.254,3347.497,0.15631201461868377
1996-10-01,1996Q4,Life insurers,Domestic financial,LM543061105,BOGZ1LM543061105Q,95068.0,95.068,3347.497,0.028399726721188998
1996-10-01,1996Q4,Money market funds,Domestic financial,FL633061105,BOGZ1FL633061105Q,92046.0,92.046,3347.497,0.027496962655978487
1996-10-01,1996Q4,Mutual funds,Domestic financial,LM653061105,BOGZ1LM653061105Q,114145.0,114.145,3347.497,0.03409861158949508
1996-10-01,1996Q4,Noncorporate businesses,Domestic nonfinancial,LM113061003,BOGZ1LM113061003Q,28550.0,28.55,3347.497,0.008528760443997412
1996-10-01,1996Q4,Nonfinancial corporations,Domestic nonfinancial,LM103061103,BOGZ1LM103061103Q,47095.0,47.095,3347.497,0.014068720599301508
1996-10-01,1996Q4,Other financial business,Domestic financial,FL503061123,BOGZ1FL503061123Q,0.0,0.0,3347.497,0.0
1996-10-01,1996Q4,Private pension funds,Domestic financial,LM573061105,BOGZ1LM573061105Q,114885.0,114.885,3347.497,0.03431967228051288
1996-10-01,1996Q4,Property-casualty insurers,Domestic financial,LM513061105,BOGZ1LM513061105Q,126166.0,126.166,3347.497,0.03768965289588012
1996-10-01,1996Q4,Rest of world,Foreign,LM263061105,ROWTSEQ027S,1040330.0,1040.33,3347.497,0.3107784711980324
1996-10-01,1996Q4,State and local governments,Domestic government,LM213061103,BOGZ1LM213061103Q,157802.0,157.802,3347.497,0.04714029616755445
1996-10-01,1996Q4,State and local pension funds,Domestic government,LM223061143,BOGZ1LM223061143Q,212791.0,212.791,3347.497,0.06356719662482148
1996-10-01,1996Q4,Total assets,Total,FL893061105,BOGZ1FL893061105Q,3347497.0,3347.497,3347.497,1.0
1996-10-01,1996Q4,U.S.-chartered banks,Domestic financial,LM763061100,BOGZ1LM763061100Q,190332.0,190.332,3347.497,0.056858004652431356
1997-01-01,1997Q1,ABS issuers,Domestic financial,FL673061103,BOGZ1FL673061103Q,0.0,0.0,3376.437,0.0
1997-01-01,1997Q1,Banks in U.S.-affiliated areas,Domestic financial,LM743061103,BOGZ1LM743061103Q,4740.0,4.74,3376.437,0.001403846717708638
1997-01-01,1997Q1,Brokers and dealers,Domestic financial,LM663061105,BOGZ1LM663061105Q,61515.0,61.515,3376.437,0.018218909459883303
1997-01-01,1997Q1,Closed-end funds,Domestic financial,LM553061103,BOGZ1LM553061103Q,11200.0,11.2,3376.437,0.0033171061684254734
1997-01-01,1997Q1,Credit unions,Domestic financial,LM473061105,BOGZ1LM473061105Q,18234.0,18.234,3376.437,0.005400367310274115
1997-01-01,1997Q1,Exchange-traded funds,Domestic financial,LM563061103,BOGZ1LM563061103Q,0.0,0.0,3376.437,0.0
1997-01-01,1997Q1,Federal Reserve,Domestic financial,LM713061103,BOGZ1LM713061103Q,395076.0,395.076,3376.437,0.11700973541043415
1997-01-01,1997Q1,Federal government pension funds,Domestic government,LM343061105,BOGZ1LM343061105Q,15881.0,15.881,3376.437,0.004703478844711156
1997-01-01,1997Q1,Foreign bank offices in U.S.,Domestic financial,LM753061103,BOGZ1LM753061103Q,93987.0,93.987,3376.437,0.0278361479867683
1997-01-01,1997Q1,Government-sponsored enterprises,Domestic financial,LM403061105,BOGZ1LM403061105Q,19057.0,19.057,3376.437,0.005644115379614664
1997-01-01,1997Q1,Holding companies,Domestic financial,LM733061103,BOGZ1LM733061103Q,3649.0,3.649,3376.437,0.0010807250364807636
1997-01-01,1997Q1,Households and nonprofits,Domestic nonfinancial,LM153061105,BOGZ1LM153061105Q,519256.0,519.256,3376.437,0.15378815005285157
1997-01-01,1997Q1,Life insurers,Domestic financial,LM543061105,BOGZ1LM543061105Q,95539.0,95.539,3376.437,0.028295804127250117
1997-01-01,1997Q1,Money market funds,Domestic financial,FL633061105,BOGZ1FL633061105Q,84179.0,84.179,3376.437,0.02493131072784714
1997-01-01,1997Q1,Mutual funds,Domestic financial,LM653061105,BOGZ1LM653061105Q,114055.0,114.055,3376.437,0.03377969143212209
1997-01-01,1997Q1,Noncorporate businesses,Domestic nonfinancial,LM113061003,BOGZ1LM113061003Q,30114.0,30.114,3376.437,0.008918869210353992
1997-01-01,1997Q1,Nonfinancial corporations,Domestic nonfinancial,LM103061103,BOGZ1LM103061103Q,54405.0,54.405,3376.437,0.016113139383320346
1997-01-01,1997Q1,Other financial business,Domestic financial,FL503061123,BOGZ1FL503061123Q,0.0,0.0,3376.437,0.0
1997-01-01,1997Q1,Private pension funds,Domestic financial,LM573061105,BOGZ1LM573061105Q,115830.0,115.83,3376.437,0.0343053935257788
1997-01-01,1997Q1,Property-casualty insurers,Domestic financial,LM513061105,BOGZ1LM513061105Q,94300.0,94.3,3376.437,0.02792884925736805
1997-01-01,1997Q1,Rest of world,Foreign,LM263061105,ROWTSEQ027S,1091734.0,1091.734,3376.437,0.32333907014998353
1997-01-01,1997Q1,State and local governments,Domestic government,LM213061103,BOGZ1LM213061103Q,145402.0,145.402,3376.437,0.043063738491196484
1997-01-01,1997Q1,State and local pension funds,Domestic government,LM223061143,BOGZ1LM223061143Q,211138.0,211.138,3376.437,0.06253278233830514
1997-01-01,1997Q1,Total assets,Total,FL893061105,BOGZ1FL893061105Q,3376437.0,3376.437,3376.437,1.0
1997-01-01,1997Q1,U.S.-chartered banks,Domestic financial,LM763061100,BOGZ1LM763061100Q,197146.0,197.146,3376.437,0.05838876898932217
1997-04-01,1997Q2,ABS issuers,Domestic financial,FL673061103,BOGZ1FL673061103Q,0.0,0.0,3318.348,0.0
1997-04-01,1997Q2,Banks in U.S.-affiliated areas,Domestic financial,LM743061103,BOGZ1LM743061103Q,4840.0,4.84,3318.348,0.0014585570892504342
1997-04-01,1997Q2,Brokers and dealers,Domestic financial,LM663061105,BOGZ1LM663061105Q,54440.0,54.44,3318.348,0.01640575370636232
1997-04-01,1997Q2,Closed-end funds,Domestic financial,LM553061103,BOGZ1LM553061103Q,11045.0,11.045,3318.348,0.0033284634402419517
1997-04-01,1997Q2,Credit unions,Domestic financial,LM473061105,BOGZ1LM473061105Q,18310.0,18.31,3318.348,0.005517805847970134
1997-04-01,1997Q2,Exchange-traded funds,Domestic financial,LM563061103,BOGZ1LM563061103Q,0.0,0.0,3318.348,0.0
1997-04-01,1997Q2,Federal Reserve,Domestic financial,LM713061103,BOGZ1LM713061103Q,410914.0,410.914,3318.348,0.12383089416782085
1997-04-01,1997Q2,Federal government pension funds,Domestic government,LM343061105,BOGZ1LM343061105Q,15907.0,15.907,3318.348,0.004793650334443524
1997-04-01,1997Q2,Foreign bank offices in U.S.,Domestic financial,LM753061103,BOGZ1LM753061103Q,85764.0,85.764,3318.348,0.02584539053770129
1997-04-01,1997Q2,Government-sponsored enterprises,Domestic financial,LM403061105,BOGZ1LM403061105Q,13465.0,13.465,3318.348,0.004057741984867169
1997-04-01,1997Q2,Holding companies,Domestic financial,LM733061103,BOGZ1LM733061103Q,2961.0,2.961,3318.348,0.000892311475469119
1997-04-01,1997Q2,Households and nonprofits,Domestic nonfinancial,LM153061105,BOGZ1LM153061105Q,474509.0,474.509,3318.348,0.14299555079816825
1997-04-01,1997Q2,Life insurers,Domestic financial,LM543061105,BOGZ1LM543061105Q,96641.0,96.641,3318.348,0.02912322637649819
1997-04-01,1997Q2,Money market funds,Domestic financial,FL633061105,BOGZ1FL633061105Q,76327.0,76.327,3318.348,0.023001505568433448
1997-04-01,1997Q2,Mutual funds,Domestic financial,LM653061105,BOGZ1LM653061105Q,117530.0,117.53,3318.348,0.03541822617760404
1997-04-01,1997Q2,Noncorporate businesses,Domestic nonfinancial,LM113061003,BOGZ1LM113061003Q,30723.0,30.723,3318.348,0.009258522614264688
1997-04-01,1997Q2,Nonfinancial corporations,Domestic nonfinancial,LM103061103,BOGZ1LM103061103Q,40178.0,40.178,3318.348,0.012107831969401642
1997-04-01,1997Q2,Other financial business,Domestic financial,FL503061123,BOGZ1FL503061123Q,0.0,0.0,3318.348,0.0
1997-04-01,1997Q2,Private pension funds,Domestic financial,LM573061105,BOGZ1LM573061105Q,115729.0,115.729,3318.348,0.03487548623592221
1997-04-01,1997Q2,Property-casualty insurers,Domestic financial,LM513061105,BOGZ1LM513061105Q,94749.0,94.749,3318.348,0.028553063150700286
1997-04-01,1997Q2,Rest of world,Foreign,LM263061105,ROWTSEQ027S,1113289.0,1113.289,3318.348,0.3354949511021749
1997-04-01,1997Q2,State and local governments,Domestic government,LM213061103,BOGZ1LM213061103Q,137364.0,137.364,3318.348,0.041395296695825756
1997-04-01,1997Q2,State and local pension funds,Domestic government,LM223061143,BOGZ1LM223061143Q,214907.0,214.907,3318.348,0.06476324966519485
1997-04-01,1997Q2,Total assets,Total,FL893061105,BOGZ1FL893061105Q,3318348.0,3318.348,3318.348,1.0
1997-04-01,1997Q2,U.S.-chartered banks,Domestic financial,LM763061100,BOGZ1LM763061100Q,188756.0,188.756,3318.348,0.05688252106168491
1997-07-01,1997Q3,ABS issuers,Domestic financial,FL673061103,BOGZ1FL673061103Q,0.0,0.0,3337.411,0.0
1997-07-01,1997Q3,Banks in U.S.-affiliated areas,Domestic financial,LM743061103,BOGZ1LM743061103Q,5336.0,5.336,3337.411,0.0015988441339709134
1997-07-01,1997Q3,Brokers and dealers,Domestic financial,LM663061105,BOGZ1LM663061105Q,54952.0,54.952,3337.411,0.01646545780546657
1997-07-01,1997Q3,Closed-end funds,Domestic financial,LM553061103,BOGZ1LM553061103Q,11016.0,11.016,3337.411,0.0033007621776281076
1997-07-01,1997Q3,Credit unions,Domestic financial,LM473061105,BOGZ1LM473061105Q,16144.0,16.144,3337.411,0.004837282552253827
1997-07-01,1997Q3,Exchange-traded funds,Domestic financial,LM563061103,BOGZ1LM563061103Q,0.0,0.0,3337.411,0.0
1997-07-01,1997Q3,Federal Reserve,Domestic financial,LM713061103,BOGZ1LM713061103Q,411822.0,411.822,3337.411,0.12339565010123116
1997-07-01,1997Q3,Federal government pension funds,Domestic government,LM343061105,BOGZ1LM343061105Q,15940.0,15.94,3337.411,0.004776157326742196
1997-07-01,1997Q3,Foreign bank offices in U.S.,Domestic financial,LM753061103,BOGZ1LM753061103Q,90508.0,90.508,3337.411,0.027119225051993896
1997-07-01,1997Q3,Government-sponsored enterprises,Domestic financial,LM403061105,BOGZ1LM403061105Q,21687.0,21.687,3337.411,0.006498150812111544
1997-07-01,1997Q3,Holding companies,Domestic financial,LM733061103,BOGZ1LM733061103Q,2744.0,2.744,3337.411,0.0008221942098231234
1997-07-01,1997Q3,Households and nonprofits,Domestic nonfinancial,LM153061105,BOGZ1LM153061105Q,443563.0,443.563,3337.411,0.1329063157039993
1997-07-01,1997Q3,Life insurers,Domestic financial,LM543061105,BOGZ1LM543061105Q,100136.0,100.136,3337.411,0.030004095989376194
1997-07-01,1997Q3,Money market funds,Domestic financial,FL633061105,BOGZ1FL633061105Q,76443.0,76.443,3337.411,0.022904880459733608
1997-07-01,1997Q3,Mutual funds,Domestic financial,LM653061105,BOGZ1LM653061105Q,122307.0,122.307,3337.411,0.03664726939534867
1997-07-01,1997Q3,Noncorporate businesses,Domestic nonfinancial,LM113061003,BOGZ1LM113061003Q,31574.0,31.574,3337.411,0.009460626815216946
1997-07-01,1997Q3,Nonfinancial corporations,Domestic nonfinancial,LM103061103,BOGZ1LM103061103Q,36848.0,36.848,3337.411,0.011040893674767656
1997-07-01,1997Q3,Other financial business,Domestic financial,FL503061123,BOGZ1FL503061123Q,0.0,0.0,3337.411,0.0
1997-07-01,1997Q3,Private pension funds,Domestic financial,LM573061105,BOGZ1LM573061105Q,116364.0,116.364,3337.411,0.03486654775213482
1997-07-01,1997Q3,Property-casualty insurers,Domestic financial,LM513061105,BOGZ1LM513061105Q,95735.0,95.735,3337.411,0.02868540913900026
1997-07-01,1997Q3,Rest of world,Foreign,LM263061105,ROWTSEQ027S,1157026.0,1157.026,3337.411,0.34668370182755437
1997-07-01,1997Q3,State and local governments,Domestic government,LM213061103,BOGZ1LM213061103Q,125217.0,125.217,3337.411,0.03751920275926459
1997-07-01,1997Q3,State and local pension funds,Domestic government,LM223061143,BOGZ1LM223061143Q,223531.0,223.531,3337.411,0.06697736658745357
1997-07-01,1997Q3,Total assets,Total,FL893061105,BOGZ1FL893061105Q,3337411.0,3337.411,3337.411,1.0
1997-07-01,1997Q3,U.S.-chartered banks,Domestic financial,LM763061100,BOGZ1LM763061100Q,178518.0,178.518,3337.411,0.053489965724928694
1997-10-01,1997Q4,ABS issuers,Domestic financial,FL673061103,BOGZ1FL673061103Q,0.0,0.0,3355.235,0.0
1997-10-01,1997Q4,Banks in U.S.-affiliated areas,Domestic financial,LM743061103,BOGZ1LM743061103Q,4217.0,4.217,3355.235,0.0012568419201635652
1997-10-01,1997Q4,Brokers and dealers,Domestic financial,LM663061105,BOGZ1LM663061105Q,58739.0,58.739,3355.235,0.017506672408937076
1997-10-01,1997Q4,Closed-end funds,Domestic financial,LM553061103,BOGZ1LM553061103Q,10851.0,10.851,3355.235,0.0032340506700722902
1997-10-01,1997Q4,Credit unions,Domestic financial,LM473061105,BOGZ1LM473061105Q,16042.0,16.042,3355.235,0.004781185222495593
1997-10-01,1997Q4,Exchange-traded funds,Domestic financial,LM563061103,BOGZ1LM563061103Q,0.0,0.0,3355.235,0.0
1997-10-01,1997Q4,Federal Reserve,Domestic financial,LM713061103,BOGZ1LM713061103Q,430736.0,430.736,3355.235,0.12837729697025693
1997-10-01,1997Q4,Federal government pension funds,Domestic government,LM343061105,BOGZ1LM343061105Q,15999.0,15.999,3355.235,0.004768369428668931
1997-10-01,1997Q4,Foreign bank offices in U.S.,Domestic financial,LM753061103,BOGZ1LM753061103Q,95073.0,95.073,3355.235,0.028335720150749498
1997-10-01,1997Q4,Government-sponsored enterprises,Domestic financial,LM403061105,BOGZ1LM403061105Q,25879.0,25.879,3355.235,0.007713021591632181
1997-10-01,1997Q4,Holding companies,Domestic financial,LM733061103,BOGZ1LM733061103Q,4042.0,4.042,3355.235,0.0012046846197062203
1997-10-01,1997Q4,Households and nonprofits,Domestic nonfinancial,LM153061105,BOGZ1LM153061105Q,445078.0,445.078,3355.235,0.132651811274024
1997-10-01,1997Q4,Life insurers,Domestic financial,LM543061105,BOGZ1LM543061105Q,88837.0,88.837,3355.235,0.026477132004166622
1997-10-01,1997Q4,Money market funds,Domestic financial,FL633061105,BOGZ1FL633061105Q,87775.0,87.775,3355.235,0.026160611700819764
1997-10-01,1997Q4,Mutual funds,Domestic financial,LM653061105,BOGZ1LM653061105Q,128943.0,128.943,3355.235,0.038430393102122505
1997-10-01,1997Q4,Noncorporate businesses,Domestic nonfinancial,LM113061003,BOGZ1LM113061003Q,32235.0,32.235,3355.235,0.00960737474424295
1997-10-01,1997Q4,Nonfinancial corporations,Domestic nonfinancial,LM103061103,BOGZ1LM103061103Q,26846.0,26.846,3355.235,0.008001227931873625
1997-10-01,1997Q4,Other financial business,Domestic financial,FL503061123,BOGZ1FL503061123Q,0.0,0.0,3355.235,0.0
1997-10-01,1997Q4,Private pension funds,Domestic financial,LM573061105,BOGZ1LM573061105Q,116875.0,116.875,3355.235,0.03483362566258399
1997-10-01,1997Q4,Property-casualty insurers,Domestic financial,LM513061105,BOGZ1LM513061105Q,96414.0,96.414,3355.235,0.02873539409311121
1997-10-01,1997Q4,Rest of world,Foreign,LM263061105,ROWTSEQ027S,1153213.0,1153.213,3355.235,0.34370558247037836
1997-10-01,1997Q4,State and local governments,Domestic government,LM213061103,BOGZ1LM213061103Q,117064.0,117.064,3355.235,0.03488995554707792
1997-10-01,1997Q4,State and local pension funds,Domestic government,LM223061143,BOGZ1LM223061143Q,218997.0,218.997,3355.235,0.06527024187575535
1997-10-01,1997Q4,Total assets,Total,FL893061105,BOGZ1FL893061105Q,3355235.0,3355.235,3355.235,1.0
1997-10-01,1997Q4,U.S.-chartered banks,Domestic financial,LM763061100,BOGZ1LM763061100Q,181380.0,181.38,3355.235,0.05405880661116136
1998-01-01,1998Q1,ABS issuers,Domestic financial,FL673061103,BOGZ1FL673061103Q,0.0,0.0,3365.866,0.0
1998-01-01,1998Q1,Banks in U.S.-affiliated areas,Domestic financial,LM743061103,BOGZ1LM743061103Q,4565.0,4.565,3365.866,0.0013562631429771715
1998-01-01,1998Q1,Brokers and dealers,Domestic financial,LM663061105,BOGZ1LM663061105Q,91134.0,91.134,3365.866,0.027075944199798804
1998-01-01,1998Q1,Closed-end funds,Domestic financial,LM553061103,BOGZ1LM553061103Q,10580.0,10.58,3365.866,0.003143321807820038
1998-01-01,1998Q1,Credit unions,Domestic financial,LM473061105,BOGZ1LM473061105Q,15361.0,15.361,3365.866,0.0045637586285372025
1998-01-01,1998Q1,Exchange-traded funds,Domestic financial,LM563061103,BOGZ1LM563061103Q,0.0,0.0,3365.866,0.0
1998-01-01,1998Q1,Federal Reserve,Domestic financial,LM713061103,BOGZ1LM713061103Q,433182.0,433.182,3365.866,0.12869852810539695
1998-01-01,1998Q1,Federal government pension funds,Domestic government,LM343061105,BOGZ1LM343061105Q,16040.0,16.04,3365.866,0.004765489772914311
1998-01-01,1998Q1,Foreign bank offices in U.S.,Domestic financial,LM753061103,BOGZ1LM753061103Q,99679.0,99.679,3365.866,0.029614666775207334
1998-01-01,1998Q1,Government-sponsored enterprises,Domestic financial,LM403061105,BOGZ1LM403061105Q,11960.0,11.96,3365.866,0.003553320304492217
1998-01-01,1998Q1,Holding companies,Domestic financial,LM733061103,BOGZ1LM733061103Q,2285.0,2.285,3365.866,0.0006788743223883542
1998-01-01,1998Q1,Households and nonprofits,Domestic nonfinancial,LM153061105,BOGZ1LM153061105Q,457040.0,457.04,3365.866,0.13578674849206712
1998-01-01,1998Q1,Life insurers,Domestic financial,LM543061105,BOGZ1LM543061105Q,86245.0,86.245,3365.866,0.025623420540211644
1998-01-01,1998Q1,Money market funds,Domestic financial,FL633061105,BOGZ1FL633061105Q,84742.0,84.742,3365.866,0.025176878699270856
1998-01-01,1998Q1,Mutual funds,Domestic financial,LM653061105,BOGZ1LM653061105Q,133268.0,133.268,3365.866,0.039593970764136184
1998-01-01,1998Q1,Noncorporate businesses,Domestic nonfinancial,LM113061003,BOGZ1LM113061003Q,34170.0,34.17,3365.866,0.010151919298035038
1998-01-01,1998Q1,Nonfinancial corporations,Domestic nonfinancial,LM103061103,BOGZ1LM103061103Q,21850.0,21.85,3365.866,0.0064916428639761655
1998-01-01,1998Q1,Other financial business,Domestic financial,FL503061123,BOGZ1FL503061123Q,0.0,0.0,3365.866,0.0
1998-01-01,1998Q1,Private pension funds,Domestic financial,LM573061105,BOGZ1LM573061105Q,113845.0,113.845,3365.866,0.03382339047365522
1998-01-01,1998Q1,Property-casualty insurers,Domestic financial,LM513061105,BOGZ1LM513061105Q,92355.0,92.355,3365.866,0.02743870373924571
1998-01-01,1998Q1,Rest of world,Foreign,LM263061105,ROWTSEQ027S,1158014.0,1158.014,3365.866,0.34404637617778006
1998-01-01,1998Q1,State and local governments,Domestic government,LM213061103,BOGZ1LM213061103Q,100589.0,100.589,3365.866,0.029885028102723043
1998-01-01,1998Q1,State and local pension funds,Domestic government,LM223061143,BOGZ1LM223061143Q,212146.0,212.146,3365.866,0.06302865295291019
1998-01-01,1998Q1,Total assets,Total,FL893061105,BOGZ1FL893061105Q,3365866.0,3365.866,3365.866,1.0
1998-01-01,1998Q1,U.S.-chartered banks,Domestic financial,LM763061100,BOGZ1LM763061100Q,186816.0,186.816,3365.866,0.055503100836456355
1998-04-01,1998Q2,ABS issuers,Domestic financial,FL673061103,BOGZ1FL673061103Q,0.0,0.0,3275.862,0.0
1998-04-01,1998Q2,Banks in U.S.-affiliated areas,Domestic financial,LM743061103,BOGZ1LM743061103Q,4340.0,4.34,3275.862,0.0013248421331545713
1998-04-01,1998Q2,Brokers and dealers,Domestic financial,LM663061105,BOGZ1LM663061105Q,64172.0,64.172,3275.862,0.019589347780828374
1998-04-01,1998Q2,Closed-end funds,Domestic financial,LM553061103,BOGZ1LM553061103Q,10431.0,10.431,3275.862,0.0031842000670357904
1998-04-01,1998Q2,Credit unions,Domestic financial,LM473061105,BOGZ1LM473061105Q,14808.0,14.808,3275.862,0.004520336937270251
1998-04-01,1998Q2,Exchange-traded funds,Domestic financial,LM563061103,BOGZ1LM563061103Q,0.0,0.0,3275.862,0.0
1998-04-01,1998Q2,Federal Reserve,Domestic financial,LM713061103,BOGZ1LM713061103Q,439773.0,439.773,3275.862,0.13424649756308416
1998-04-01,1998Q2,Federal government pension funds,Domestic government,LM343061105,BOGZ1LM343061105Q,16077.0,16.077,3275.862,0.004907715892794019
1998-04-01,1998Q2,Foreign bank offices in U.S.,Domestic financial,LM753061103,BOGZ1LM753061103Q,103805.0,103.805,3275.862,0.031687842772375636
1998-04-01,1998Q2,Government-sponsored enterprises,Domestic financial,LM403061105,BOGZ1LM403061105Q,15089.0,15.089,3275.862,0.004606115886444545
1998-04-01,1998Q2,Holding companies,Domestic financial,LM733061103,BOGZ1LM733061103Q,1701.0,1.701,3275.862,0.000519252642510582
1998-04-01,1998Q2,Households and nonprofits,Domestic nonfinancial,LM153061105,BOGZ1LM153061105Q,409832.0,409.832,3275.862,0.1251066131601392
1998-04-01,1998Q2,Life insurers,Domestic financial,LM543061105,BOGZ1LM543061105Q,82953.0,82.953,3275.862,0.02532249526994727
1998-04-01,1998Q2,Money market funds,Domestic financial,FL633061105,BOGZ1FL633061105Q,82899.0,82.899,3275.862,0.025306011059073916
1998-04-01,1998Q2,Mutual funds,Domestic financial,LM653061105,BOGZ1LM653061105Q,131729.0,131.729,3275.862,0.04021201137288445
1998-04-01,1998Q2,Noncorporate businesses,Domestic nonfinancial,LM113061003,BOGZ1LM113061003Q,35854.0,35.854,3275.862,0.010944905493576957
1998-04-01,1998Q2,Nonfinancial corporations,Domestic nonfinancial,LM103061103,BOGZ1LM103061103Q,19024.0,19.024,3275.862,0.005807326438048978
1998-04-01,1998Q2,Other financial business,Domestic financial,FL503061123,BOGZ1FL503061123Q,0.0,0.0,3275.862,0.0
1998-04-01,1998Q2,Private pension funds,Domestic financial,LM573061105,BOGZ1LM573061105Q,111506.0,111.506,3275.862,0.0340386744008142
1998-04-01,1998Q2,Property-casualty insurers,Domestic financial,LM513061105,BOGZ1LM513061105Q,87195.0,87.195,3275.862,0.02661742161299835
1998-04-01,1998Q2,Rest of world,Foreign,LM263061105,ROWTSEQ027S,1159523.0,1159.523,3275.862,0.3539596600833612
1998-04-01,1998Q2,State and local governments,Domestic government,LM213061103,BOGZ1LM213061103Q,105362.0,105.362,3275.862,0.03216313751922394
1998-04-01,1998Q2,State and local pension funds,Domestic government,LM223061143,BOGZ1LM223061143Q,213210.0,213.21,3275.862,0.06508515926495072
1998-04-01,1998Q2,Total assets,Total,FL893061105,BOGZ1FL893061105Q,3275862.0,3275.862,3275.862,1.0
1998-04-01,1998Q2,U.S.-chartered banks,Domestic financial,LM763061100,BOGZ1LM763061100Q,166579.0,166.579,3275.862,0.050850432649482795
1998-07-01,1998Q3,ABS issuers,Domestic financial,FL673061103,BOGZ1FL673061103Q,0.0,0.0,3262.069,0.0
1998-07-01,1998Q3,Banks in U.S.-affiliated areas,Domestic financial,LM743061103,BOGZ1LM743061103Q,3744.0,3.744,3262.069,0.0011477378314192618
1998-07-01,1998Q3,Brokers and dealers,Domestic financial,LM663061105,BOGZ1LM663061105Q,77916.0,77.916,3262.069,0.0238854542929656
1998-07-01,1998Q3,Closed-end funds,Domestic financial,LM553061103,BOGZ1LM553061103Q,10564.0,10.564,3262.069,0.0032384354837374685
1998-07-01,1998Q3,Credit unions,Domestic financial,LM473061105,BOGZ1LM473061105Q,13644.0,13.644,3262.069,0.004182621520268271
1998-07-01,1998Q3,Exchange-traded funds,Domestic financial,LM563061103,BOGZ1LM563061103Q,0.0,0.0,3262.069,0.0
1998-07-01,1998Q3,Federal Reserve,Domestic financial,LM713061103,BOGZ1LM713061103Q,446047.0,446.047,3262.069,0.13673745098586204
1998-07-01,1998Q3,Federal government pension funds,Domestic government,LM343061105,BOGZ1LM343061105Q,16188.0,16.188,3262.069,0.004962494662130077
1998-07-01,1998Q3,Foreign bank offices in U.S.,Domestic financial,LM753061103,BOGZ1LM753061103Q,86352.0,86.352,3262.069,0.026471543060554513
1998-07-01,1998Q3,Government-sponsored enterprises,Domestic financial,LM403061105,BOGZ1LM403061105Q,19024.0,19.024,3262.069,0.0058318815451175315
1998-07-01,1998Q3,Holding companies,Domestic financial,LM733061103,BOGZ1LM733061103Q,984.0,0.984,3262.069,0.0003016490454371137
1998-07-01,1998Q3,Households and nonprofits,Domestic nonfinancial,LM153061105,BOGZ1LM153061105Q,471686.0,471.686,3262.069,0.14459718663216503
1998-07-01,1998Q3,Life insurers,Domestic financial,LM543061105,BOGZ1LM543061105Q,79403.0,79.403,3262.069,0.024341299954108882
1998-07-01,1998Q3,Money market funds,Domestic financial,FL633061105,BOGZ1FL633061105Q,84136.0,84.136,3262.069,0.025792219600505078
1998-07-01,1998Q3,Mutual funds,Domestic financial,LM653061105,BOGZ1LM653061105Q,126400.0,126.4,3262.069,0.03874841396671867
1998-07-01,1998Q3,Noncorporate businesses,Domestic nonfinancial,LM113061003,BOGZ1LM113061003Q,37039.0,37.039,3262.069,0.011354450197098836
1998-07-01,1998Q3,Nonfinancial corporations,Domestic nonfinancial,LM103061103,BOGZ1LM103061103Q,20292.0,20.292,3262.069,0.0062205919004165765
1998-07-01,1998Q3,Other financial business,Domestic financial,FL503061123,BOGZ1FL503061123Q,0.0,0.0,3262.069,0.0
1998-07-01,1998Q3,Private pension funds,Domestic financial,LM573061105,BOGZ1LM573061105Q,107362.0,107.362,3262.069,0.03291224066688963
1998-07-01,1998Q3,Property-casualty insurers,Domestic financial,LM513061105,BOGZ1LM513061105Q,82459.0,82.459,3262.069,0.025278128696848534
1998-07-01,1998Q3,Rest of world,Foreign,LM263061105,ROWTSEQ027S,1121618.0,1121.618,3262.069,0.3438363811433786
1998-07-01,1998Q3,State and local governments,Domestic government,LM213061103,BOGZ1LM213061103Q,109507.0,109.507,3262.069,0.03356979879947359
1998-07-01,1998Q3,State and local pension funds,Domestic government,LM223061143,BOGZ1LM223061143Q,207823.0,207.823,3262.069,0.06370895281491594
1998-07-01,1998Q3,Total assets,Total,FL893061105,BOGZ1FL893061105Q,3262069.0,3262.069,3262.069,1.0
1998-07-01,1998Q3,U.S.-chartered banks,Domestic financial,LM763061100,BOGZ1LM763061100Q,139881.0,139.881,3262.069,0.04288106719998872
1998-10-01,1998Q4,ABS issuers,Domestic financial,FL673061103,BOGZ1FL673061103Q,0.0,0.0,3272.158,0.0
1998-10-01,1998Q4,Banks in U.S.-affiliated areas,Domestic financial,LM743061103,BOGZ1LM743061103Q,3555.0,3.555,3272.158,0.0010864389800248032
1998-10-01,1998Q4,Brokers and dealers,Domestic financial,LM663061105,BOGZ1LM663061105Q,53221.0,53.221,3272.158,0.01626480139406471
1998-10-01,1998Q4,Closed-end funds,Domestic financial,LM553061103,BOGZ1LM553061103Q,10140.0,10.14,3272.158,0.003098872364965262
1998-10-01,1998Q4,Credit unions,Domestic financial,LM473061105,BOGZ1LM473061105Q,13146.0,13.146,3272.158,0.00401753216073307
1998-10-01,1998Q4,Exchange-traded funds,Domestic financial,LM563061103,BOGZ1LM563061103Q,0.0,0.0,3272.158,0.0
1998-10-01,1998Q4,Federal Reserve,Domestic financial,LM713061103,BOGZ1LM713061103Q,452141.0,452.141,3272.158,0.13817822977985783
1998-10-01,1998Q4,Federal government pension funds,Domestic government,LM343061105,BOGZ1LM343061105Q,16240.0,16.24,3272.158,0.004963085523376316
1998-10-01,1998Q4,Foreign bank offices in U.S.,Domestic financial,LM753061103,BOGZ1LM753061103Q,84795.0,84.795,3272.158,0.02591409094548613
1998-10-01,1998Q4,Government-sponsored enterprises,Domestic financial,LM403061105,BOGZ1LM403061105Q,25158.0,25.158,3272.158,0.00768850403923038
1998-10-01,1998Q4,Holding companies,Domestic financial,LM733061103,BOGZ1LM733061103Q,928.0,0.928,3272.158,0.00028360488705007523
1998-10-01,1998Q4,Households and nonprofits,Domestic nonfinancial,LM153061105,BOGZ1LM153061105Q,429811.0,429.811,3272.158,0.13135398718521538
1998-10-01,1998Q4,Life insurers,Domestic financial,LM543061105,BOGZ1LM543061105Q,75705.0,75.705,3272.158,0.023136107730739163
1998-10-01,1998Q4,Money market funds,Domestic financial,FL633061105,BOGZ1FL633061105Q,110121.0,110.121,3272.158,0.03365393724875144
1998-10-01,1998Q4,Mutual funds,Domestic financial,LM653061105,BOGZ1LM653061105Q,121349.0,121.349,3272.158,0.03708531189508575
1998-10-01,1998Q4,Noncorporate businesses,Domestic nonfinancial,LM113061003,BOGZ1LM113061003Q,37974.0,37.974,3272.158,0.011605185324180556
1998-10-01,1998Q4,Nonfinancial corporations,Domestic nonfinancial,LM103061103,BOGZ1LM103061103Q,23615.0,23.615,3272.158,0.00721694979276673
1998-10-01,1998Q4,Other financial business,Domestic financial,FL503061123,BOGZ1FL503061123Q,0.0,0.0,3272.158,0.0
1998-10-01,1998Q4,Private pension funds,Domestic financial,LM573061105,BOGZ1LM573061105Q,103244.0,103.244,3272.158,0.03155226611917884
1998-10-01,1998Q4,Property-casualty insurers,Domestic financial,LM513061105,BOGZ1LM513061105Q,76766.0,76.766,3272.158,0.023460358576816893
1998-10-01,1998Q4,Rest of world,Foreign,LM263061105,ROWTSEQ027S,1166244.0,1166.244,3272.158,0.35641432962589215
1998-10-01,1998Q4,State and local governments,Domestic government,LM213061103,BOGZ1LM213061103Q,120421.0,120.421,3272.158,0.03680170700803568
1998-10-01,1998Q4,State and local pension funds,Domestic government,LM223061143,BOGZ1LM223061143Q,212576.0,212.576,3272.158,0.06496507809219482
1998-10-01,1998Q4,Total assets,Total,FL893061105,BOGZ1FL893061105Q,3272158.0,3272.158,3272.158,1.0
1998-10-01,1998Q4,U.S.-chartered banks,Domestic financial,LM763061100,BOGZ1LM763061100Q,135008.0,135.008,3272.158,0.04125962132635405
1999-01-01,1999Q1,ABS issuers,Domestic financial,FL673061103,BOGZ1FL673061103Q,0.0,0.0,3259.011,0.0
1999-01-01,1999Q1,Banks in U.S.-affiliated areas,Domestic financial,LM743061103,BOGZ1LM743061103Q,2987.0,2.987,3259.011,0.0009165357220334635
1999-01-01,1999Q1,Brokers and dealers,Domestic financial,LM663061105,BOGZ1LM663061105Q,60214.0,60.214,3259.011,0.018476157337302634
1999-01-01,1999Q1,Closed-end funds,Domestic financial,LM553061103,BOGZ1LM553061103Q,9911.0,9.911,3259.011,0.0030411066424752783
1999-01-01,1999Q1,Credit unions,Domestic financial,LM473061105,BOGZ1LM473061105Q,12157.0,12.157,3259.011,0.0037302727729363297
1999-01-01,1999Q1,Exchange-traded funds,Domestic financial,LM563061103,BOGZ1LM563061103Q,0.0,0.0,3259.011,0.0
1999-01-01,1999Q1,Federal Reserve,Domestic financial,LM713061103,BOGZ1LM713061103Q,465686.0,465.686,3259.011,0.14289181595275377
1999-01-01,1999Q1,Federal government pension funds,Domestic government,LM343061105,BOGZ1LM343061105Q,16225.0,16.225,3259.011,0.004978504214929008
1999-01-01,1999Q1,Foreign bank offices in U.S.,Domestic financial,LM753061103,BOGZ1LM753061103Q,85984.0,85.984,3259.011,0.026383464185914068
1999-01-01,1999Q1,Government-sponsored enterprises,Domestic financial,LM403061105,BOGZ1LM403061105Q,29837.0,29.837,3259.011,0.009155231449050033
1999-01-01,1999Q1,Holding companies,Domestic financial,LM733061103,BOGZ1LM733061103Q,1164.0,1.164,3259.011,0.0003571635689477574
1999-01-01,1999Q1,Households and nonprofits,Domestic nonfinancial,LM153061105,BOGZ1LM153061105Q,406476.0,406.476,3259.011,0.12472372753574627
1999-01-01,1999Q1,Life insurers,Domestic financial,LM543061105,BOGZ1LM543061105Q,73697.0,73.697,3259.011,0.022613302010947495
1999-01-01,1999Q1,Money market funds,Domestic financial,FL633061105,BOGZ1FL633061105Q,101036.0,101.036,3259.011,0.03100204325790861
1999-01-01,1999Q1,Mutual funds,Domestic financial,LM653061105,BOGZ1LM653061105Q,118031.0,118.031,3259.011,0.03621681546947832
1999-01-01,1999Q1,Noncorporate businesses,Domestic nonfinancial,LM113061003,BOGZ1LM113061003Q,37275.0,37.275,3259.011,0.011437518928288367
1999-01-01,1999Q1,Nonfinancial corporations,Domestic nonfinancial,LM103061103,BOGZ1LM103061103Q,22992.0,22.992,3259.011,0.007054901011380447
1999-01-01,1999Q1,Other financial business,Domestic financial,FL503061123,BOGZ1FL503061123Q,0.0,0.0,3259.011,0.0
1999-01-01,1999Q1,Private pension funds,Domestic financial,LM573061105,BOGZ1LM573061105Q,105128.0,105.128,3259.011,0.03225763889719918
1999-01-01,1999Q1,Property-casualty insurers,Domestic financial,LM513061105,BOGZ1LM513061105Q,73680.0,73.68,3259.011,0.022608085704528155
1999-01-01,1999Q1,Rest of world,Foreign,LM263061105,ROWTSEQ027S,1153717.0,1153.717,3259.011,0.3540083172471649
1999-01-01,1999Q1,State and local governments,Domestic government,LM213061103,BOGZ1LM213061103Q,126163.0,126.163,3259.011,0.03871205098724736
1999-01-01,1999Q1,State and local pension funds,Domestic government,LM223061143,BOGZ1LM223061143Q,211463.0,211.463,3259.011,0.0648856355501715
1999-01-01,1999Q1,Total assets,Total,FL893061105,BOGZ1FL893061105Q,3259011.0,3259.011,3259.011,1.0
1999-01-01,1999Q1,U.S.-chartered banks,Domestic financial,LM763061100,BOGZ1LM763061100Q,145188.0,145.188,3259.011,0.044549711553597084
1999-04-01,1999Q2,ABS issuers,Domestic financial,FL673061103,BOGZ1FL673061103Q,0.0,0.0,3133.387,0.0
1999-04-01,1999Q2,Banks in U.S.-affiliated areas,Domestic financial,LM743061103,BOGZ1LM743061103Q,3005.0,3.005,3133.387,0.0009590261273184575
1999-04-01,1999Q2,Brokers and dealers,Domestic financial,LM663061105,BOGZ1LM663061105Q,29376.0,29.376,3133.387,0.009375158574411652
1999-04-01,1999Q2,Closed-end funds,Domestic financial,LM553061103,BOGZ1LM553061103Q,9664.0,9.664,3133.387,0.00308420249397856
1999-04-01,1999Q2,Credit unions,Domestic financial,LM473061105,BOGZ1LM473061105Q,12536.0,12.536,3133.387,0.004000782539788414
1999-04-01,1999Q2,Exchange-traded funds,Domestic financial,LM563061103,BOGZ1LM563061103Q,0.0,0.0,3133.387,0.0
1999-04-01,1999Q2,Federal Reserve,Domestic financial,LM713061103,BOGZ1LM713061103Q,484866.0,484.866,3133.387,0.15474181771993054
1999-04-01,1999Q2,Federal government pension funds,Domestic government,LM343061105,BOGZ1LM343061105Q,16205.0,16.205,3133.387,0.005171719931179901
1999-04-01,1999Q2,Foreign bank offices in U.S.,Domestic financial,LM753061103,BOGZ1LM753061103Q,83161.0,83.161,3133.387,0.02654029010779709
1999-04-01,1999Q2,Government-sponsored enterprises,Domestic financial,LM403061105,BOGZ1LM403061105Q,27339.0,27.339,3133.387,0.008725063326043031
1999-04-01,1999Q2,Holding companies,Domestic financial,LM733061103,BOGZ1LM733061103Q,1174.0,1.174,3133.387,0.0003746744337676769
1999-04-01,1999Q2,Households and nonprofits,Domestic nonfinancial,LM153061105,BOGZ1LM153061105Q,331511.0,331.511,3133.387,0.10579957087969026
1999-04-01,1999Q2,Life insurers,Domestic financial,LM543061105,BOGZ1LM543061105Q,70452.0,70.452,3133.387,0.02248429574770049
1999-04-01,1999Q2,Money market funds,Domestic financial,FL633061105,BOGZ1FL633061105Q,85686.0,85.686,3133.387,0.027346127369520586
1999-04-01,1999Q2,Mutual funds,Domestic financial,LM653061105,BOGZ1LM653061105Q,115941.0,115.941,3133.387,0.03700181305405301
1999-04-01,1999Q2,Noncorporate businesses,Domestic nonfinancial,LM113061003,BOGZ1LM113061003Q,36826.0,36.826,3133.387,0.01175277742583345
1999-04-01,1999Q2,Nonfinancial corporations,Domestic nonfinancial,LM103061103,BOGZ1LM103061103Q,21103.0,21.103,3133.387,0.0067348846471884894
1999-04-01,1999Q2,Other financial business,Domestic financial,FL503061123,BOGZ1FL503061123Q,0.0,0.0,3133.387,0.0
1999-04-01,1999Q2,Private pension funds,Domestic financial,LM573061105,BOGZ1LM573061105Q,112405.0,112.405,3133.387,0.03587332174417013
1999-04-01,1999Q2,Property-casualty insurers,Domestic financial,LM513061105,BOGZ1LM513061105Q,70529.0,70.529,3133.387,0.02250886979488968
1999-04-01,1999Q2,Rest of world,Foreign,LM263061105,ROWTSEQ027S,1135597.0,1135.597,3133.387,0.36241836708967
1999-04-01,1999Q2,State and local governments,Domestic government,LM213061103,BOGZ1LM213061103Q,131435.0,131.435,3133.387,0.04194662197807037
1999-04-01,1999Q2,State and local pension funds,Domestic government,LM223061143,BOGZ1LM223061143Q,213790.0,213.79,3133.387,0.06822968244905592
1999-04-01,1999Q2,Total assets,Total,FL893061105,BOGZ1FL893061105Q,3133387.0,3133.387,3133.387,1.0
1999-04-01,1999Q2,U.S.-chartered banks,Domestic financial,LM763061100,BOGZ1LM763061100Q,140786.0,140.786,3133.387,0.044930932565942217
1999-07-01,1999Q3,ABS issuers,Domestic financial,FL673061103,BOGZ1FL673061103Q,0.0,0.0,3113.822,0.0
1999-07-01,1999Q3,Banks in U.S.-affiliated areas,Domestic financial,LM743061103,BOGZ1LM743061103Q,2641.0,2.641,3113.822,0.0008481538122603026
1999-07-01,1999Q3,Brokers and dealers,Domestic financial,LM663061105,BOGZ1LM663061105Q,31288.0,31.288,3113.822,0.010048101657705547
1999-07-01,1999Q3,Closed-end funds,Domestic financial,LM553061103,BOGZ1LM553061103Q,9540.0,9.54,3113.822,0.0030637589431894304
1999-07-01,1999Q3,Credit unions,Domestic financial,LM473061105,BOGZ1LM473061105Q,10821.0,10.821,3113.822,0.0034751504742403386
1999-07-01,1999Q3,Exchange-traded funds,Domestic financial,LM563061103,BOGZ1LM563061103Q,0.0,0.0,3113.822,0.0
1999-07-01,1999Q3,Federal Reserve,Domestic financial,LM713061103,BOGZ1LM713061103Q,489037.0,489.037,3113.822,0.15705361449691085
1999-07-01,1999Q3,Federal government pension funds,Domestic government,LM343061105,BOGZ1LM343061105Q,16182.0,16.182,3113.822,0.00519682884891943
1999-07-01,1999Q3,Foreign bank offices in U.S.,Domestic financial,LM753061103,BOGZ1LM753061103Q,92495.0,92.495,3113.822,0.029704652353281593
1999-07-01,1999Q3,Government-sponsored enterprises,Domestic financial,LM403061105,BOGZ1LM403061105Q,28188.0,28.188,3113.822,0.009052540575537072
1999-07-01,1999Q3,Holding companies,Domestic financial,LM733061103,BOGZ1LM733061103Q,896.0,0.896,3113.822,0.0002877492676203071
1999-07-01,1999Q3,Households and nonprofits,Domestic nonfinancial,LM153061105,BOGZ1LM153061105Q,294584.0,294.584,3113.822,0.09460527929984437
1999-07-01,1999Q3,Life insurers,Domestic financial,LM543061105,BOGZ1LM543061105Q,66907.0,66.907,3113.822,0.021487098491821302
1999-07-01,1999Q3,Money market funds,Domestic financial,FL633061105,BOGZ1FL633061105Q,89080.0,89.08,3113.822,0.028607929419215354
1999-07-01,1999Q3,Mutual funds,Domestic financial,LM653061105,BOGZ1LM653061105Q,108441.0,108.441,3113.822,0.03482569010046175
1999-07-01,1999Q3,Noncorporate businesses,Domestic nonfinancial,LM113061003,BOGZ1LM113061003Q,36878.0,36.878,3113.822,0.011843323092970632
1999-07-01,1999Q3,Nonfinancial corporations,Domestic nonfinancial,LM103061103,BOGZ1LM103061103Q,21191.0,21.191,3113.822,0.006805462868461973
1999-07-01,1999Q3,Other financial business,Domestic financial,FL503061123,BOGZ1FL503061123Q,0.0,0.0,3113.822,0.0
1999-07-01,1999Q3,Private pension funds,Domestic financial,LM573061105,BOGZ1LM573061105Q,119550.0,119.55,3113.822,0.038393331410722896
1999-07-01,1999Q3,Property-casualty insurers,Domestic financial,LM513061105,BOGZ1LM513061105Q,67873.0,67.873,3113.822,0.02179732817097445
1999-07-01,1999Q3,Rest of world,Foreign,LM263061105,ROWTSEQ027S,1152245.0,1152.245,3113.822,0.3700420255236169
1999-07-01,1999Q3,State and local governments,Domestic government,LM213061103,BOGZ1LM213061103Q,136789.0,136.789,3113.822,0.04392961447378815
1999-07-01,1999Q3,State and local pension funds,Domestic government,LM223061143,BOGZ1LM223061143Q,204790.0,204.79,3113.822,0.06576804968299407
1999-07-01,1999Q3,Total assets,Total,FL893061105,BOGZ1FL893061105Q,3113822.0,3113.822,3113.822,1.0
1999-07-01,1999Q3,U.S.-chartered banks,Domestic financial,LM763061100,BOGZ1LM763061100Q,134406.0,134.406,3113.822,0.04316431703546317
1999-10-01,1999Q4,ABS issuers,Domestic financial,FL673061103,BOGZ1FL673061103Q,6.0,0.006,3075.631,1.950819197751616e-06
1999-10-01,1999Q4,Banks in U.S.-affiliated areas,Domestic financial,LM743061103,BOGZ1LM743061103Q,2808.0,2.808,3075.631,0.0009129833845477562
1999-10-01,1999Q4,Brokers and dealers,Domestic financial,LM663061105,BOGZ1LM663061105Q,24324.0,24.324,3075.631,0.007908621027685052
1999-10-01,1999Q4,Closed-end funds,Domestic financial,LM553061103,BOGZ1LM553061103Q,8145.0,8.145,3075.631,0.0026482370609478183
1999-10-01,1999Q4,Credit unions,Domestic financial,LM473061105,BOGZ1LM473061105Q,9683.0,9.683,3075.631,0.0031482970486381495
1999-10-01,1999Q4,Exchange-traded funds,Domestic financial,LM563061103,BOGZ1LM563061103Q,0.0,0.0,3075.631,0.0
1999-10-01,1999Q4,Federal Reserve,Domestic financial,LM713061103,BOGZ1LM713061103Q,477963.0,477.963,3075.631,0.15540323270249262
1999-10-01,1999Q4,Federal government pension funds,Domestic government,LM343061105,BOGZ1LM343061105Q,16125.0,16.125,3075.631,0.005242826593957468
1999-10-01,1999Q4,Foreign bank offices in U.S.,Domestic financial,LM753061103,BOGZ1LM753061103Q,94503.0,94.503,3075.631,0.03072637777418683
1999-10-01,1999Q4,Government-sponsored enterprises,Domestic financial,LM403061105,BOGZ1LM403061105Q,30943.0,30.943,3075.631,0.010060699739338043
1999-10-01,1999Q4,Holding companies,Domestic financial,LM733061103,BOGZ1LM733061103Q,8861.0,8.861,3075.631,0.0028810348185461785
1999-10-01,1999Q4,Households and nonprofits,Domestic nonfinancial,LM153061105,BOGZ1LM153061105Q,353337.0,353.337,3075.631,0.11488276714599378
1999-10-01,1999Q4,Life insurers,Domestic financial,LM543061105,BOGZ1LM543061105Q,63483.0,63.483,3075.631,0.02064064252181097
1999-10-01,1999Q4,Money market funds,Domestic financial,FL633061105,BOGZ1FL633061105Q,106366.0,106.366,3075.631,0.03458347246467473
1999-10-01,1999Q4,Mutual funds,Domestic financial,LM653061105,BOGZ1LM653061105Q,100884.0,100.884,3075.631,0.03280107399099567
1999-10-01,1999Q4,Noncorporate businesses,Domestic nonfinancial,LM113061003,BOGZ1LM113061003Q,37179.0,37.179,3075.631,0.012088251158867889
1999-10-01,1999Q4,Nonfinancial corporations,Domestic nonfinancial,LM103061103,BOGZ1LM103061103Q,19420.0,19.42,3075.631,0.006314151470056064
1999-10-01,1999Q4,Other financial business,Domestic financial,FL503061123,BOGZ1FL503061123Q,0.0,0.0,3075.631,0.0
1999-10-01,1999Q4,Private pension funds,Domestic financial,LM573061105,BOGZ1LM573061105Q,120121.0,120.121,3075.631,0.03905572547552031
1999-10-01,1999Q4,Property-casualty insurers,Domestic financial,LM513061105,BOGZ1LM513061105Q,66509.0,66.509,3075.631,0.021624505670543703
1999-10-01,1999Q4,Rest of world,Foreign,LM263061105,ROWTSEQ027S,1058365.0,1058.365,3075.631,0.3441131267047315
1999-10-01,1999Q4,State and local governments,Domestic government,LM213061103,BOGZ1LM213061103Q,144801.0,144.801,3075.631,0.04708009510893862
1999-10-01,1999Q4,State and local pension funds,Domestic government,LM223061143,BOGZ1LM223061143Q,198824.0,198.824,3075.631,0.06464494602896122
1999-10-01,1999Q4,Total assets,Total,FL893061105,BOGZ1FL893061105Q,3075631.0,3075.631,3075.631,1.0
1999-10-01,1999Q4,U.S.-chartered banks,Domestic financial,LM763061100,BOGZ1LM763061100Q,132981.0,132.981,3075.631,0.04323698128936794
2000-01-01,2000Q1,ABS issuers,Domestic financial,FL673061103,BOGZ1FL673061103Q,10.0,0.01,3043.698,3.2854770742695235e-06
2000-01-01,2000Q1,Banks in U.S.-affiliated areas,Domestic financial,LM743061103,BOGZ1LM743061103Q,2498.0,2.498,3043.698,0.0008207121731525271
2000-01-01,2000Q1,Brokers and dealers,Domestic financial,LM663061105,BOGZ1LM663061105Q,16737.0,16.737,3043.698,0.005498902979204901
2000-01-01,2000Q1,Closed-end funds,Domestic financial,LM553061103,BOGZ1LM553061103Q,8187.0,8.187,3043.698,0.0026898200807044586
2000-01-01,2000Q1,Credit unions,Domestic financial,LM473061105,BOGZ1LM473061105Q,9427.0,9.427,3043.698,0.0030972192379138796
2000-01-01,2000Q1,Exchange-traded funds,Domestic financial,LM563061103,BOGZ1LM563061103Q,0.0,0.0,3043.698,0.0
2000-01-01,2000Q1,Federal Reserve,Domestic financial,LM713061103,BOGZ1LM713061103Q,501708.0,501.708,3043.698,0.16483501319776142
2000-01-01,2000Q1,Federal government pension funds,Domestic government,LM343061105,BOGZ1LM343061105Q,16091.0,16.091,3043.698,0.0052866611602070904
2000-01-01,2000Q1,Foreign bank offices in U.S.,Domestic financial,LM753061103,BOGZ1LM753061103Q,89739.0,89.739,3043.698,0.02948354271678728
2000-01-01,2000Q1,Government-sponsored enterprises,Domestic financial,LM403061105,BOGZ1LM403061105Q,25151.0,25.151,3043.698,0.00826330338949528
2000-01-01,2000Q1,Holding companies,Domestic financial,LM733061103,BOGZ1LM733061103Q,935.0,0.935,3043.698,0.0003071921064442005
2000-01-01,2000Q1,Households and nonprofits,Domestic nonfinancial,LM153061105,BOGZ1LM153061105Q,317993.0,317.993,3043.698,0.10447587112781886
2000-01-01,2000Q1,Life insurers,Domestic financial,LM543061105,BOGZ1LM543061105Q,63043.0,63.043,3043.698,0.020712633119317356
2000-01-01,2000Q1,Money market funds,Domestic financial,FL633061105,BOGZ1FL633061105Q,101397.0,101.397,3043.698,0.03331375188997069
2000-01-01,2000Q1,Mutual funds,Domestic financial,LM653061105,BOGZ1LM653061105Q,98517.0,98.517,3043.698,0.03236753449258106
2000-01-01,2000Q1,Noncorporate businesses,Domestic nonfinancial,LM113061003,BOGZ1LM113061003Q,37675.0,37.675,3043.698,0.012378034877310429
2000-01-01,2000Q1,Nonfinancial corporations,Domestic nonfinancial,LM103061103,BOGZ1LM103061103Q,21881.0,21.881,3043.698,0.007188952386209145
2000-01-01,2000Q1,Other financial business,Domestic financial,FL503061123,BOGZ1FL503061123Q,7526.0,7.526,3043.698,0.0024726500460952434
2000-01-01,2000Q1,Private pension funds,Domestic financial,LM573061105,BOGZ1LM573061105Q,117782.0,117.782,3043.698,0.0386970060761613
2000-01-01,2000Q1,Property-casualty insurers,Domestic financial,LM513061105,BOGZ1LM513061105Q,65276.0,65.276,3043.698,0.021446280150001742
2000-01-01,2000Q1,Rest of world,Foreign,LM263061105,ROWTSEQ027S,1059370.0,1059.37,3043.698,0.34805358481689047
2000-01-01,2000Q1,State and local governments,Domestic government,LM213061103,BOGZ1LM213061103Q,150648.0,150.648,3043.698,0.04949505502845552
2000-01-01,2000Q1,State and local pension funds,Domestic government,LM223061143,BOGZ1LM223061143Q,196900.0,196.9,3043.698,0.06469104359236692
2000-01-01,2000Q1,Total assets,Total,FL893061105,BOGZ1FL893061105Q,3043698.0,3043.698,3043.698,1.0
2000-01-01,2000Q1,U.S.-chartered banks,Domestic financial,LM763061100,BOGZ1LM763061100Q,135207.0,135.207,3043.698,0.04442194987807595
2000-04-01,2000Q2,ABS issuers,Domestic financial,FL673061103,BOGZ1FL673061103Q,84.0,0.084,2859.202,2.9378826679612005e-05
2000-04-01,2000Q2,Banks in U.S.-affiliated areas,Domestic financial,LM743061103,BOGZ1LM743061103Q,2366.0,2.366,2859.202,0.0008275036181424047
2000-04-01,2000Q2,Brokers and dealers,Domestic financial,LM663061105,BOGZ1LM663061105Q,5553.0,5.553,2859.202,0.0019421502922843505
2000-04-01,2000Q2,Closed-end funds,Domestic financial,LM553061103,BOGZ1LM553061103Q,8145.0,8.145,2859.202,0.0028486969441123776
2000-04-01,2000Q2,Credit unions,Domestic financial,LM473061105,BOGZ1LM473061105Q,8901.0,8.901,2859.202,0.0031131063842288857
2000-04-01,2000Q2,Exchange-traded funds,Domestic financial,LM563061103,BOGZ1LM563061103Q,0.0,0.0,2859.202,0.0
2000-04-01,2000Q2,Federal Reserve,Domestic financial,LM713061103,BOGZ1LM713061103Q,504950.0,504.95,2859.202,0.17660522061750095
2000-04-01,2000Q2,Federal government pension funds,Domestic government,LM343061105,BOGZ1LM343061105Q,16082.0,16.082,2859.202,0.00562464631739905
2000-04-01,2000Q2,Foreign bank offices in U.S.,Domestic financial,LM753061103,BOGZ1LM753061103Q,84355.0,84.355,2859.202,0.02950298719712703
2000-04-01,2000Q2,Government-sponsored enterprises,Domestic financial,LM403061105,BOGZ1LM403061105Q,20659.0,20.659,2859.202,0.007225442623501241
2000-04-01,2000Q2,Holding companies,Domestic financial,LM733061103,BOGZ1LM733061103Q,1086.0,1.086,2859.202,0.0003798262592149838
2000-04-01,2000Q2,Households and nonprofits,Domestic nonfinancial,LM153061105,BOGZ1LM153061105Q,206511.0,206.511,2859.202,0.07222679614801612
2000-04-01,2000Q2,Life insurers,Domestic financial,LM543061105,BOGZ1LM543061105Q,62351.0,62.351,2859.202,0.02180713359881533
2000-04-01,2000Q2,Money market funds,Domestic financial,FL633061105,BOGZ1FL633061105Q,80320.0,80.32,2859.202,0.028091754272695665
2000-04-01,2000Q2,Mutual funds,Domestic financial,LM653061105,BOGZ1LM653061105Q,100243.0,100.243,2859.202,0.03505978241481364
2000-04-01,2000Q2,Noncorporate businesses,Domestic nonfinancial,LM113061003,BOGZ1LM113061003Q,37921.0,37.921,2859.202,0.013262791506161508
2000-04-01,2000Q2,Nonfinancial corporations,Domestic nonfinancial,LM103061103,BOGZ1LM103061103Q,23978.0,23.978,2859.202,0.008386256025282578
2000-04-01,2000Q2,Other financial business,Domestic financial,FL503061123,BOGZ1FL503061123Q,7526.0,7.526,2859.202,0.0026322029713185704
2000-04-01,2000Q2,Private pension funds,Domestic financial,LM573061105,BOGZ1LM573061105Q,116398.0,116.398,2859.202,0.04070996033158902
2000-04-01,2000Q2,Property-casualty insurers,Domestic financial,LM513061105,BOGZ1LM513061105Q,63116.0,63.116,2859.202,0.0220746907703618
2000-04-01,2000Q2,Rest of world,Foreign,LM263061105,ROWTSEQ027S,1032891.0,1032.891,2859.202,0.36125149604679907
2000-04-01,2000Q2,State and local governments,Domestic government,LM213061103,BOGZ1LM213061103Q,155366.0,155.366,2859.202,0.054338937927435695
2000-04-01,2000Q2,State and local pension funds,Domestic government,LM223061143,BOGZ1LM223061143Q,194886.0,194.886,2859.202,0.06816097638431981
2000-04-01,2000Q2,Total assets,Total,FL893061105,BOGZ1FL893061105Q,2859202.0,2859.202,2859.202,1.0
2000-04-01,2000Q2,U.S.-chartered banks,Domestic financial,LM763061100,BOGZ1LM763061100Q,125514.0,125.514,2859.202,0.04389826252220025
2000-07-01,2000Q3,ABS issuers,Domestic financial,FL673061103,BOGZ1FL673061103Q,98.0,0.098,2818.76,3.4767060693354525e-05
2000-07-01,2000Q3,Banks in U.S.-affiliated areas,Domestic financial,LM743061103,BOGZ1LM743061103Q,2226.0,2.226,2818.76,0.000789708950034767
2000-07-01,2000Q3,Brokers and dealers,Domestic financial,LM663061105,BOGZ1LM663061105Q,17883.0,17.883,2818.76,0.006344279044686315
2000-07-01,2000Q3,Closed-end funds,Domestic financial,LM553061103,BOGZ1LM553061103Q,8221.0,8.221,2818.76,0.0029165306730619136
2000-07-01,2000Q3,Credit unions,Domestic financial,LM473061105,BOGZ1LM473061105Q,8631.0,8.631,2818.76,0.0030619847024932947
2000-07-01,2000Q3,Exchange-traded funds,Domestic financial,LM563061103,BOGZ1LM563061103Q,0.0,0.0,2818.76,0.0
2000-07-01,2000Q3,Federal Reserve,Domestic financial,LM713061103,BOGZ1LM713061103Q,511413.0,511.413,2818.76,0.18143190622827057
2000-07-01,2000Q3,Federal government pension funds,Domestic government,LM343061105,BOGZ1LM343061105Q,16107.0,16.107,2818.76,0.005714214761100625
2000-07-01,2000Q3,Foreign bank offices in U.S.,Domestic financial,LM753061103,BOGZ1LM753061103Q,91203.0,91.203,2818.76,0.03235571669812258
2000-07-01,2000Q3,Government-sponsored enterprises,Domestic financial,LM403061105,BOGZ1LM403061105Q,29023.0,29.023,2818.76,0.010296371454114574
2000-07-01,2000Q3,Holding companies,Domestic financial,LM733061103,BOGZ1LM733061103Q,1114.0,1.114,2818.76,0.0003952092409428259
2000-07-01,2000Q3,Households and nonprofits,Domestic nonfinancial,LM153061105,BOGZ1LM153061105Q,165012.0,165.012,2818.76,0.05854063488910017
2000-07-01,2000Q3,Life insurers,Domestic financial,LM543061105,BOGZ1LM543061105Q,61865.0,61.865,2818.76,0.02194759397749365
2000-07-01,2000Q3,Money market funds,Domestic financial,FL633061105,BOGZ1FL633061105Q,79918.0,79.918,2818.76,0.02835218322950517
2000-07-01,2000Q3,Mutual funds,Domestic financial,LM653061105,BOGZ1LM653061105Q,107279.0,107.279,2818.76,0.03805893371553449
2000-07-01,2000Q3,Noncorporate businesses,Domestic nonfinancial,LM113061003,BOGZ1LM113061003Q,38917.0,38.917,2818.76,0.013806425520441612
2000-07-01,2000Q3,Nonfinancial corporations,Domestic nonfinancial,LM103061103,BOGZ1LM103061103Q,23141.0,23.141,2818.76,0.008209638280662417
2000-07-01,2000Q3,Other financial business,Domestic financial,FL503061123,BOGZ1FL503061123Q,7526.0,7.526,2818.76,0.0026699683548794505
2000-07-01,2000Q3,Private pension funds,Domestic financial,LM573061105,BOGZ1LM573061105Q,114613.0,114.613,2818.76,0.040660787012728995
2000-07-01,2000Q3,Property-casualty insurers,Domestic financial,LM513061105,BOGZ1LM513061105Q,61578.0,61.578,2818.76,0.02184577615689168
2000-07-01,2000Q3,Rest of world,Foreign,LM263061105,ROWTSEQ027S,1008879.0,1008.879,2818.76,0.3579158920943961
2000-07-01,2000Q3,State and local governments,Domestic government,LM213061103,BOGZ1LM213061103Q,161263.0,161.263,2818.76,0.05721061743461664
2000-07-01,2000Q3,State and local pension funds,Domestic government,LM223061143,BOGZ1LM223061143Q,185471.0,185.471,2818.76,0.06579879095772609
2000-07-01,2000Q3,Total assets,Total,FL893061105,BOGZ1FL893061105Q,2818760.0,2818.76,2818.76,1.0
2000-07-01,2000Q3,U.S.-chartered banks,Domestic financial,LM763061100,BOGZ1LM763061100Q,117379.0,117.379,2818.76,0.04164206956250266
2000-10-01,2000Q4,ABS issuers,Domestic financial,FL673061103,BOGZ1FL673061103Q,128.0,0.128,2839.488,4.5078549372281205e-05
2000-10-01,2000Q4,Banks in U.S.-affiliated areas,Domestic financial,LM743061103,BOGZ1LM743061103Q,1806.0,1.806,2839.488,0.0006360301575495302
2000-10-01,2000Q4,Brokers and dealers,Domestic financial,LM663061105,BOGZ1LM663061105Q,6307.0,6.307,2839.488,0.0022211750850857624
2000-10-01,2000Q4,Closed-end funds,Domestic financial,LM553061103,BOGZ1LM553061103Q,7603.0,7.603,2839.488,0.0026775953974801092
2000-10-01,2000Q4,Credit unions,Domestic financial,LM473061105,BOGZ1LM473061105Q,8289.0,8.289,2839.488,0.002919188248022179
2000-10-01,2000Q4,Exchange-traded funds,Domestic financial,LM563061103,BOGZ1LM563061103Q,0.0,0.0,2839.488,0.0
2000-10-01,2000Q4,Federal Reserve,Domestic financial,LM713061103,BOGZ1LM713061103Q,511703.0,511.703,2839.488,0.18020960116753443
2000-10-01,2000Q4,Federal government pension funds,Domestic government,LM343061105,BOGZ1LM343061105Q,16209.0,16.209,2839.488,0.005708423490432078
2000-10-01,2000Q4,Foreign bank offices in U.S.,Domestic financial,LM753061103,BOGZ1LM753061103Q,94029.0,94.029,2839.488,0.03311477280411117
2000-10-01,2000Q4,Government-sponsored enterprises,Domestic financial,LM403061105,BOGZ1LM403061105Q,13262.0,13.262,2839.488,0.0046705603263686975
2000-10-01,2000Q4,Holding companies,Domestic financial,LM733061103,BOGZ1LM733061103Q,848.0,0.848,2839.488,0.00029864538959136297
2000-10-01,2000Q4,Households and nonprofits,Domestic nonfinancial,LM153061105,BOGZ1LM153061105Q,209903.0,209.903,2839.488,0.07392283397570266
2000-10-01,2000Q4,Life insurers,Domestic financial,LM543061105,BOGZ1LM543061105Q,61019.0,61.019,2839.488,0.021489437532400207
2000-10-01,2000Q4,Money market funds,Domestic financial,FL633061105,BOGZ1FL633061105Q,93821.0,93.821,2839.488,0.033041520161381205
2000-10-01,2000Q4,Mutual funds,Domestic financial,LM653061105,BOGZ1LM653061105Q,113057.0,113.057,2839.488,0.03981598090923434
2000-10-01,2000Q4,Noncorporate businesses,Domestic nonfinancial,LM113061003,BOGZ1LM113061003Q,40162.0,40.162,2839.488,0.014144099217887169
2000-10-01,2000Q4,Nonfinancial corporations,Domestic nonfinancial,LM103061103,BOGZ1LM103061103Q,18105.0,18.105,2839.488,0.006376149503008994
2000-10-01,2000Q4,Other financial business,Domestic financial,FL503061123,BOGZ1FL503061123Q,9591.0,9.591,2839.488,0.0033777216174183514
2000-10-01,2000Q4,Private pension funds,Domestic financial,LM573061105,BOGZ1LM573061105Q,110794.0,110.794,2839.488,0.03901900624337909
2000-10-01,2000Q4,Property-casualty insurers,Domestic financial,LM513061105,BOGZ1LM513061105Q,59856.0,59.856,2839.488,0.021079856650213
2000-10-01,2000Q4,Rest of world,Foreign,LM263061105,ROWTSEQ027S,1021426.0,1021.426,2839.488,0.35972189352446643
2000-10-01,2000Q4,State and local governments,Domestic government,LM213061103,BOGZ1LM213061103Q,165908.0,165.908,2839.488,0.05842884350981585
2000-10-01,2000Q4,State and local pension funds,Domestic government,LM223061143,BOGZ1LM223061143Q,179057.0,179.057,2839.488,0.06305960792931684
2000-10-01,2000Q4,Total assets,Total,FL893061105,BOGZ1FL893061105Q,2839488.0,2839.488,2839.488,1.0
2000-10-01,2000Q4,U.S.-chartered banks,Domestic financial,LM763061100,BOGZ1LM763061100Q,96605.0,96.605,2839.488,0.03402197861022833
2001-01-01,2001Q1,ABS issuers,Domestic financial,FL673061103,BOGZ1FL673061103Q,0.0,0.0,2862.963,0.0
2001-01-01,2001Q1,Banks in U.S.-affiliated areas,Domestic financial,LM743061103,BOGZ1LM743061103Q,1158.0,1.158,2862.963,0.0004044760620378258
2001-01-01,2001Q1,Brokers and dealers,Domestic financial,LM663061105,BOGZ1LM663061105Q,36331.0,36.331,2862.963,0.012689999835834414
2001-01-01,2001Q1,Closed-end funds,Domestic financial,LM553061103,BOGZ1LM553061103Q,6736.0,6.736,2862.963,0.0023528072140645896
2001-01-01,2001Q1,Credit unions,Domestic financial,LM473061105,BOGZ1LM473061105Q,8082.0,8.082,2862.963,0.0028229495106992302
2001-01-01,2001Q1,Exchange-traded funds,Domestic financial,LM563061103,BOGZ1LM563061103Q,0.0,0.0,2862.963,0.0
2001-01-01,2001Q1,Federal Reserve,Domestic financial,LM713061103,BOGZ1LM713061103Q,523862.0,523.862,2862.963,0.18297896270402375
2001-01-01,2001Q1,Federal government pension funds,Domestic government,LM343061105,BOGZ1LM343061105Q,16493.0,16.493,2862.963,0.005760814931942885
2001-01-01,2001Q1,Foreign bank offices in U.S.,Domestic financial,LM753061103,BOGZ1LM753061103Q,97915.0,97.915,2862.963,0.03420058170503775
2001-01-01,2001Q1,Government-sponsored enterprises,Domestic financial,LM403061105,BOGZ1LM403061105Q,11891.0,11.891,2862.963,0.004153389338248521
2001-01-01,2001Q1,Holding companies,Domestic financial,LM733061103,BOGZ1LM733061103Q,845.0,0.845,2862.963,0.00029514876720376754
2001-01-01,2001Q1,Households and nonprofits,Domestic nonfinancial,LM153061105,BOGZ1LM153061105Q,196538.0,196.538,2862.963,0.06864845965525926
2001-01-01,2001Q1,Life insurers,Domestic financial,LM543061105,BOGZ1LM543061105Q,60074.0,60.074,2862.963,0.020983156261537433
2001-01-01,2001Q1,Money market funds,Domestic financial,FL633061105,BOGZ1FL633061105Q,99846.0,99.846,2862.963,0.03487505776358269
2001-01-01,2001Q1,Mutual funds,Domestic financial,LM653061105,BOGZ1LM653061105Q,111893.0,111.893,2862.963,0.03908293610500729
2001-01-01,2001Q1,Noncorporate businesses,Domestic nonfinancial,LM113061003,BOGZ1LM113061003Q,41329.0,41.329,2862.963,0.014435743668360366
2001-01-01,2001Q1,Nonfinancial corporations,Domestic nonfinancial,LM103061103,BOGZ1LM103061103Q,16108.0,16.108,2862.963,0.0056263388664121745
2001-01-01,2001Q1,Other financial business,Domestic financial,FL503061123,BOGZ1FL503061123Q,10344.0,10.344,2862.963,0.003613040056752392
2001-01-01,2001Q1,Private pension funds,Domestic financial,LM573061105,BOGZ1LM573061105Q,116812.0,116.812,2862.963,0.040801086147463306
2001-01-01,2001Q1,Property-casualty insurers,Domestic financial,LM513061105,BOGZ1LM513061105Q,58252.0,58.252,2862.963,0.02034675264751937
2001-01-01,2001Q1,Rest of world,Foreign,LM263061105,ROWTSEQ027S,1019783.0,1019.783,2862.963,0.3561984559353369
2001-01-01,2001Q1,State and local governments,Domestic government,LM213061103,BOGZ1LM213061103Q,171169.0,171.169,2862.963,0.05978736015799017
2001-01-01,2001Q1,State and local pension funds,Domestic government,LM223061143,BOGZ1LM223061143Q,177342.0,177.342,2862.963,0.061943517956746214
2001-01-01,2001Q1,Total assets,Total,FL893061105,BOGZ1FL893061105Q,2862963.0,2862.963,2862.963,1.0
2001-01-01,2001Q1,U.S.-chartered banks,Domestic financial,LM763061100,BOGZ1LM763061100Q,80160.0,80.16,2862.963,0.02799896470893965
2001-04-01,2001Q2,ABS issuers,Domestic financial,FL673061103,BOGZ1FL673061103Q,0.0,0.0,2697.267,0.0
2001-04-01,2001Q2,Banks in U.S.-affiliated areas,Domestic financial,LM743061103,BOGZ1LM743061103Q,1037.0,1.037,2697.267,0.00038446323630548997
2001-04-01,2001Q2,Brokers and dealers,Domestic financial,LM663061105,BOGZ1LM663061105Q,12586.0,12.586,2697.267,0.004666204717590065
2001-04-01,2001Q2,Closed-end funds,Domestic financial,LM553061103,BOGZ1LM553061103Q,6704.0,6.704,2697.267,0.002485478819857285
2001-04-01,2001Q2,Credit unions,Domestic financial,LM473061105,BOGZ1LM473061105Q,6665.0,6.665,2697.267,0.0024710197396105023
2001-04-01,2001Q2,Exchange-traded funds,Domestic financial,LM563061103,BOGZ1LM563061103Q,0.0,0.0,2697.267,0.0
2001-04-01,2001Q2,Federal Reserve,Domestic financial,LM713061103,BOGZ1LM713061103Q,535110.0,535.11,2697.267,0.1983897033552852
2001-04-01,2001Q2,Federal government pension funds,Domestic government,LM343061105,BOGZ1LM343061105Q,16545.0,16.545,2697.267,0.00613398673546223
2001-04-01,2001Q2,Foreign bank offices in U.S.,Domestic financial,LM753061103,BOGZ1LM753061103Q,102192.0,102.192,2697.267,0.03788723919434005
2001-04-01,2001Q2,Government-sponsored enterprises,Domestic financial,LM403061105,BOGZ1LM403061105Q,12281.0,12.281,2697.267,0.0045531272951472735
2001-04-01,2001Q2,Holding companies,Domestic financial,LM733061103,BOGZ1LM733061103Q,942.0,0.942,2697.267,0.00034924239980691564
2001-04-01,2001Q2,Households and nonprofits,Domestic nonfinancial,LM153061105,BOGZ1LM153061105Q,70327.0,70.327,2697.267,0.026073429141423524
2001-04-01,2001Q2,Life insurers,Domestic financial,LM543061105,BOGZ1LM543061105Q,58985.0,58.985,2697.267,0.021868432009141105
2001-04-01,2001Q2,Money market funds,Domestic financial,FL633061105,BOGZ1FL633061105Q,96833.0,96.833,2697.267,0.035900413270173105
2001-04-01,2001Q2,Mutual funds,Domestic financial,LM653061105,BOGZ1LM653061105Q,110969.0,110.969,2697.267,0.04114127374116096
2001-04-01,2001Q2,Noncorporate businesses,Domestic nonfinancial,LM113061003,BOGZ1LM113061003Q,42246.0,42.246,2697.267,0.015662520618092316
2001-04-01,2001Q2,Nonfinancial corporations,Domestic nonfinancial,LM103061103,BOGZ1LM103061103Q,16063.0,16.063,2697.267,0.005955287333437883
2001-04-01,2001Q2,Other financial business,Domestic financial,FL503061123,BOGZ1FL503061123Q,10841.0,10.841,2697.267,0.004019253562958357
2001-04-01,2001Q2,Private pension funds,Domestic financial,LM573061105,BOGZ1LM573061105Q,111017.0,111.017,2697.267,0.04115906953223392
2001-04-01,2001Q2,Property-casualty insurers,Domestic financial,LM513061105,BOGZ1LM513061105Q,58227.0,58.227,2697.267,0.02158740680844722
2001-04-01,2001Q2,Rest of world,Foreign,LM263061105,ROWTSEQ027S,988301.0,988.301,2697.267,0.3664082940250261
2001-04-01,2001Q2,State and local governments,Domestic government,LM213061103,BOGZ1LM213061103Q,178926.0,178.926,2697.267,0.06633603569835689
2001-04-01,2001Q2,State and local pension funds,Domestic government,LM223061143,BOGZ1LM223061143Q,183128.0,183.128,2697.267,0.06789390890853593
2001-04-01,2001Q2,Total assets,Total,FL893061105,BOGZ1FL893061105Q,2697267.0,2697.267,2697.267,1.0
2001-04-01,2001Q2,U.S.-chartered banks,Domestic financial,LM763061100,BOGZ1LM763061100Q,77342.0,77.342,2697.267,0.02867420985760772
2001-07-01,2001Q3,ABS issuers,Domestic financial,FL673061103,BOGZ1FL673061103Q,0.0,0.0,2799.411,0.0
2001-07-01,2001Q3,Banks in U.S.-affiliated areas,Domestic financial,LM743061103,BOGZ1LM743061103Q,1415.0,1.415,2799.411,0.0005054634707086598
2001-07-01,2001Q3,Brokers and dealers,Domestic financial,LM663061105,BOGZ1LM663061105Q,38079.0,38.079,2799.411,0.013602504241070712
2001-07-01,2001Q3,Closed-end funds,Domestic financial,LM553061103,BOGZ1LM553061103Q,6956.0,6.956,2799.411,0.0024848084114837015
2001-07-01,2001Q3,Credit unions,Domestic financial,LM473061105,BOGZ1LM473061105Q,6507.0,6.507,2799.411,0.002324417529258833
2001-07-01,2001Q3,Exchange-traded funds,Domestic financial,LM563061103,BOGZ1LM563061103Q,0.0,0.0,2799.411,0.0
2001-07-01,2001Q3,Federal Reserve,Domestic financial,LM713061103,BOGZ1LM713061103Q,534136.0,534.136,2799.411,0.1908029939155058
2001-07-01,2001Q3,Federal government pension funds,Domestic government,LM343061105,BOGZ1LM343061105Q,16944.0,16.944,2799.411,0.006052701800485887
2001-07-01,2001Q3,Foreign bank offices in U.S.,Domestic financial,LM753061103,BOGZ1LM753061103Q,108594.0,108.594,2799.411,0.038791731546386
2001-07-01,2001Q3,Government-sponsored enterprises,Domestic financial,LM403061105,BOGZ1LM403061105Q,12581.0,12.581,2799.411,0.004494159664300812
2001-07-01,2001Q3,Holding companies,Domestic financial,LM733061103,BOGZ1LM733061103Q,856.0,0.856,2799.411,0.0003057786084287016
2001-07-01,2001Q3,Households and nonprofits,Domestic nonfinancial,LM153061105,BOGZ1LM153061105Q,141780.0,141.78,2799.411,0.05064636811100621
2001-07-01,2001Q3,Life insurers,Domestic financial,LM543061105,BOGZ1LM543061105Q,57968.0,57.968,2799.411,0.020707213053031512
2001-07-01,2001Q3,Money market funds,Domestic financial,FL633061105,BOGZ1FL633061105Q,118650.0,118.65,2799.411,0.04238391575942225
2001-07-01,2001Q3,Mutual funds,Domestic financial,LM653061105,BOGZ1LM653061105Q,100326.0,100.326,2799.411,0.03583825311824523
2001-07-01,2001Q3,Noncorporate businesses,Domestic nonfinancial,LM113061003,BOGZ1LM113061003Q,42412.0,42.412,2799.411,0.015150329837240762
2001-07-01,2001Q3,Nonfinancial corporations,Domestic nonfinancial,LM103061103,BOGZ1LM103061103Q,16864.0,16.864,2799.411,0.006024124360445822
2001-07-01,2001Q3,Other financial business,Domestic financial,FL503061123,BOGZ1FL503061123Q,10045.0,10.045,2799.411,0.0035882548150307334
2001-07-01,2001Q3,Private pension funds,Domestic financial,LM573061105,BOGZ1LM573061105Q,110361.0,110.361,2799.411,0.03942293575327096
2001-07-01,2001Q3,Property-casualty insurers,Domestic financial,LM513061105,BOGZ1LM513061105Q,58797.0,58.797,2799.411,0.021003346775446692
2001-07-01,2001Q3,Rest of world,Foreign,LM263061105,ROWTSEQ027S,995064.0,995.064,2799.411,0.35545477245034757
2001-07-01,2001Q3,State and local governments,Domestic government,LM213061103,BOGZ1LM213061103Q,182410.0,182.41,2799.411,0.0651601354713545
2001-07-01,2001Q3,State and local pension funds,Domestic government,LM223061143,BOGZ1LM223061143Q,166813.0,166.813,2799.411,0.05958860631754322
2001-07-01,2001Q3,Total assets,Total,FL893061105,BOGZ1FL893061105Q,2799411.0,2799.411,2799.411,1.0
2001-07-01,2001Q3,U.S.-chartered banks,Domestic financial,LM763061100,BOGZ1LM763061100Q,71853.0,71.853,2799.411,0.02566718498998539
2001-10-01,2001Q4,ABS issuers,Domestic financial,FL673061103,BOGZ1FL673061103Q,54.0,0.054,2893.757,1.8660861986683746e-05
2001-10-01,2001Q4,Banks in U.S.-affiliated areas,Domestic financial,LM743061103,BOGZ1LM743061103Q,1167.0,1.167,2893.757,0.0004032819618233321
2001-10-01,2001Q4,Brokers and dealers,Domestic financial,LM663061105,BOGZ1LM663061105Q,4213.0,4.213,2893.757,0.001455892806479604
2001-10-01,2001Q4,Closed-end funds,Domestic financial,LM553061103,BOGZ1LM553061103Q,7672.0,7.672,2893.757,0.0026512246881821794
2001-10-01,2001Q4,Credit unions,Domestic financial,LM473061105,BOGZ1LM473061105Q,7577.0,7.577,2893.757,0.0026183953939463473
2001-10-01,2001Q4,Exchange-traded funds,Domestic financial,LM563061103,BOGZ1LM563061103Q,0.0,0.0,2893.757,0.0
2001-10-01,2001Q4,Federal Reserve,Domestic financial,LM713061103,BOGZ1LM713061103Q,551675.0,551.675,2893.757,0.19064316734266212
2001-10-01,2001Q4,Federal government pension funds,Domestic government,LM343061105,BOGZ1LM343061105Q,16808.0,16.808,2893.757,0.005808366079114452
2001-10-01,2001Q4,Foreign bank offices in U.S.,Domestic financial,LM753061103,BOGZ1LM753061103Q,103830.0,103.83,2893.757,0.03588069074217358
2001-10-01,2001Q4,Government-sponsored enterprises,Domestic financial,LM403061105,BOGZ1LM403061105Q,13613.0,13.613,2893.757,0.004704265078235664
2001-10-01,2001Q4,Holding companies,Domestic financial,LM733061103,BOGZ1LM733061103Q,1214.0,1.214,2893.757,0.00041952382318211236
2001-10-01,2001Q4,Households and nonprofits,Domestic nonfinancial,LM153061105,BOGZ1LM153061105Q,131850.0,131.85,2893.757,0.04556360468415281
2001-10-01,2001Q4,Life insurers,Domestic financial,LM543061105,BOGZ1LM543061105Q,60771.0,60.771,2893.757,0.021000726736902925
2001-10-01,2001Q4,Money market funds,Domestic financial,FL633061105,BOGZ1FL633061105Q,142343.0,142.343,2893.757,0.04918968662538008
2001-10-01,2001Q4,Mutual funds,Domestic financial,LM653061105,BOGZ1LM653061105Q,105593.0,105.593,2893.757,0.03648993332888698
2001-10-01,2001Q4,Noncorporate businesses,Domestic nonfinancial,LM113061003,BOGZ1LM113061003Q,42829.0,42.829,2893.757,0.014800482556068115
2001-10-01,2001Q4,Nonfinancial corporations,Domestic nonfinancial,LM103061103,BOGZ1LM103061103Q,16852.0,16.852,2893.757,0.005823571225918416
2001-10-01,2001Q4,Other financial business,Domestic financial,FL503061123,BOGZ1FL503061123Q,12765.0,12.765,2893.757,0.004411220430741075
2001-10-01,2001Q4,Private pension funds,Domestic financial,LM573061105,BOGZ1LM573061105Q,103378.0,103.378,2893.757,0.035724492415914674
2001-10-01,2001Q4,Property-casualty insurers,Domestic financial,LM513061105,BOGZ1LM513061105Q,61234.0,61.234,2893.757,0.021160726349862824
2001-10-01,2001Q4,Rest of world,Foreign,LM263061105,ROWTSEQ027S,1095208.0,1095.208,2893.757,0.3784726913835543
2001-10-01,2001Q4,State and local governments,Domestic government,LM213061103,BOGZ1LM213061103Q,190171.0,190.171,2893.757,0.06571768120128953
2001-10-01,2001Q4,State and local pension funds,Domestic government,LM223061143,BOGZ1LM223061143Q,155099.0,155.099,2893.757,0.05359779691245671
2001-10-01,2001Q4,Total assets,Total,FL893061105,BOGZ1FL893061105Q,2893757.0,2893.757,2893.757,1.0
2001-10-01,2001Q4,U.S.-chartered banks,Domestic financial,LM763061100,BOGZ1LM763061100Q,67841.0,67.841,2893.757,0.023443917371085407
2002-01-01,2002Q1,ABS issuers,Domestic financial,FL673061103,BOGZ1FL673061103Q,714.0,0.714,2944.455,0.00024248969673504943
2002-01-01,2002Q1,Banks in U.S.-affiliated areas,Domestic financial,LM743061103,BOGZ1LM743061103Q,1999.0,1.999,2944.455,0.0006789032265733388
2002-01-01,2002Q1,Brokers and dealers,Domestic financial,LM663061105,BOGZ1LM663061105Q,4386.0,4.386,2944.455,0.001489579565658161
2002-01-01,2002Q1,Closed-end funds,Domestic financial,LM553061103,BOGZ1LM553061103Q,5715.0,5.715,2944.455,0.0019409364381523916
2002-01-01,2002Q1,Credit unions,Domestic financial,LM473061105,BOGZ1LM473061105Q,7792.0,7.792,2944.455,0.0026463301357976263
2002-01-01,2002Q1,Exchange-traded funds,Domestic financial,LM563061103,BOGZ1LM563061103Q,0.0,0.0,2944.455,0.0
2002-01-01,2002Q1,Federal Reserve,Domestic financial,LM713061103,BOGZ1LM713061103Q,575356.0,575.356,2944.455,0.19540322402617802
2002-01-01,2002Q1,Federal government pension funds,Domestic government,LM343061105,BOGZ1LM343061105Q,16746.0,16.746,2944.455,0.005687300366281706
2002-01-01,2002Q1,Foreign bank offices in U.S.,Domestic financial,LM753061103,BOGZ1LM753061103Q,94055.0,94.055,2944.455,0.031943093034194785
2002-01-01,2002Q1,Government-sponsored enterprises,Domestic financial,LM403061105,BOGZ1LM403061105Q,18049.0,18.049,2944.455,0.006129827081751971
2002-01-01,2002Q1,Holding companies,Domestic financial,LM733061103,BOGZ1LM733061103Q,1290.0,1.29,2944.455,0.00043811163695828265
2002-01-01,2002Q1,Households and nonprofits,Domestic nonfinancial,LM153061105,BOGZ1LM153061105Q,101546.0,101.546,2944.455,0.034487197121368815
2002-01-01,2002Q1,Life insurers,Domestic financial,LM543061105,BOGZ1LM543061105Q,69315.0,69.315,2944.455,0.02354085900446772
2002-01-01,2002Q1,Money market funds,Domestic financial,FL633061105,BOGZ1FL633061105Q,142746.0,142.746,2944.455,0.048479599790113966
2002-01-01,2002Q1,Mutual funds,Domestic financial,LM653061105,BOGZ1LM653061105Q,105656.0,105.656,2944.455,0.035883041174003344
2002-01-01,2002Q1,Noncorporate businesses,Domestic nonfinancial,LM113061003,BOGZ1LM113061003Q,42831.0,42.831,2944.455,0.01454632521128698
2002-01-01,2002Q1,Nonfinancial corporations,Domestic nonfinancial,LM103061103,BOGZ1LM103061103Q,20664.0,20.664,2944.455,0.00701793710550849
2002-01-01,2002Q1,Other financial business,Domestic financial,FL503061123,BOGZ1FL503061123Q,12915.0,12.915,2944.455,0.004386210690942806
2002-01-01,2002Q1,Private pension funds,Domestic financial,LM573061105,BOGZ1LM573061105Q,108018.0,108.018,2944.455,0.036685226977488196
2002-01-01,2002Q1,Property-casualty insurers,Domestic financial,LM513061105,BOGZ1LM513061105Q,63953.0,63.953,2944.455,0.02171980892898686
2002-01-01,2002Q1,Rest of world,Foreign,LM263061105,ROWTSEQ027S,1109955.0,1109.955,2944.455,0.3769644976744423
2002-01-01,2002Q1,State and local governments,Domestic government,LM213061103,BOGZ1LM213061103Q,194773.0,194.773,2944.455,0.0661490836164927
2002-01-01,2002Q1,State and local pension funds,Domestic government,LM223061143,BOGZ1LM223061143Q,163285.0,163.285,2944.455,0.055455084217622616
2002-01-01,2002Q1,Total assets,Total,FL893061105,BOGZ1FL893061105Q,2944455.0,2944.455,2944.455,1.0
2002-01-01,2002Q1,U.S.-chartered banks,Domestic financial,LM763061100,BOGZ1LM763061100Q,82696.0,82.696,2944.455,0.028085333278993905
2002-04-01,2002Q2,ABS issuers,Domestic financial,FL673061103,BOGZ1FL673061103Q,725.0,0.725,2975.465,0.00024365939441398234
2002-04-01,2002Q2,Banks in U.S.-affiliated areas,Domestic financial,LM743061103,BOGZ1LM743061103Q,1114.0,1.114,2975.465,0.00037439526258920876
2002-04-01,2002Q2,Brokers and dealers,Domestic financial,LM663061105,BOGZ1LM663061105Q,-3161.0,-3.161,2975.465,-0.001062354959644963
2002-04-01,2002Q2,Closed-end funds,Domestic financial,LM553061103,BOGZ1LM553061103Q,5681.0,5.681,2975.465,0.0019092814064356326
2002-04-01,2002Q2,Credit unions,Domestic financial,LM473061105,BOGZ1LM473061105Q,7829.0,7.829,2975.465,0.0026311853777476794
2002-04-01,2002Q2,Exchange-traded funds,Domestic financial,LM563061103,BOGZ1LM563061103Q,0.0,0.0,2975.465,0.0
2002-04-01,2002Q2,Federal Reserve,Domestic financial,LM713061103,BOGZ1LM713061103Q,590683.0,590.683,2975.465,0.19851787871811633
2002-04-01,2002Q2,Federal government pension funds,Domestic government,LM343061105,BOGZ1LM343061105Q,16875.0,16.875,2975.465,0.00567138245618752
2002-04-01,2002Q2,Foreign bank offices in U.S.,Domestic financial,LM753061103,BOGZ1LM753061103Q,105714.0,105.714,2975.465,0.035528564442868595
2002-04-01,2002Q2,Government-sponsored enterprises,Domestic financial,LM403061105,BOGZ1LM403061105Q,20635.0,20.635,2975.465,0.006935050487906933
2002-04-01,2002Q2,Holding companies,Domestic financial,LM733061103,BOGZ1LM733061103Q,1750.0,1.75,2975.465,0.0005881433658268539
2002-04-01,2002Q2,Households and nonprofits,Domestic nonfinancial,LM153061105,BOGZ1LM153061105Q,72481.0,72.481,2975.465,0.02435955388485497
2002-04-01,2002Q2,Life insurers,Domestic financial,LM543061105,BOGZ1LM543061105Q,77795.0,77.795,2975.465,0.02614549322542863
2002-04-01,2002Q2,Money market funds,Domestic financial,FL633061105,BOGZ1FL633061105Q,128379.0,128.379,2975.465,0.04314586123513467
2002-04-01,2002Q2,Mutual funds,Domestic financial,LM653061105,BOGZ1LM653061105Q,106098.0,106.098,2975.465,0.03565761990142717
2002-04-01,2002Q2,Noncorporate businesses,Domestic nonfinancial,LM113061003,BOGZ1LM113061003Q,42833.0,42.833,2975.465,0.014395397021978076
2002-04-01,2002Q2,Nonfinancial corporations,Domestic nonfinancial,LM103061103,BOGZ1LM103061103Q,25139.0,25.139,2975.465,0.00844876347058359
2002-04-01,2002Q2,Other financial business,Domestic financial,FL503061123,BOGZ1FL503061123Q,13806.0,13.806,2975.465,0.004639947033488883
2002-04-01,2002Q2,Private pension funds,Domestic financial,LM573061105,BOGZ1LM573061105Q,105255.0,105.255,2975.465,0.03537430284006029
2002-04-01,2002Q2,Property-casualty insurers,Domestic financial,LM513061105,BOGZ1LM513061105Q,67176.0,67.176,2975.465,0.02257663928159128
2002-04-01,2002Q2,Rest of world,Foreign,LM263061105,ROWTSEQ027S,1148159.0,1148.159,2975.465,0.3858754850082256
2002-04-01,2002Q2,State and local governments,Domestic government,LM213061103,BOGZ1LM213061103Q,199312.0,199.312,2975.465,0.06698516030267539
2002-04-01,2002Q2,State and local pension funds,Domestic government,LM223061143,BOGZ1LM223061143Q,153232.0,153.232,2975.465,0.05149850527564599
2002-04-01,2002Q2,Total assets,Total,FL893061105,BOGZ1FL893061105Q,2975465.0,2975.465,2975.465,1.0
2002-04-01,2002Q2,U.S.-chartered banks,Domestic financial,LM763061100,BOGZ1LM763061100Q,87955.0,87.955,2975.465,0.02956008556645768
2002-07-01,2002Q3,ABS issuers,Domestic financial,FL673061103,BOGZ1FL673061103Q,778.0,0.778,3076.324,0.00025289923948192713
2002-07-01,2002Q3,Banks in U.S.-affiliated areas,Domestic financial,LM743061103,BOGZ1LM743061103Q,1057.0,1.057,3076.324,0.00034359189734241253
2002-07-01,2002Q3,Brokers and dealers,Domestic financial,LM663061105,BOGZ1LM663061105Q,1802.0,1.802,3076.324,0.0005857640482601963
2002-07-01,2002Q3,Closed-end funds,Domestic financial,LM553061103,BOGZ1LM553061103Q,5949.0,5.949,3076.324,0.0019338015111542216
2002-07-01,2002Q3,Credit unions,Domestic financial,LM473061105,BOGZ1LM473061105Q,6895.0,6.895,3076.324,0.0022413113833263335
2002-07-01,2002Q3,Exchange-traded funds,Domestic financial,LM563061103,BOGZ1LM563061103Q,2209.0,2.209,3076.324,0.0007180648072179654
2002-07-01,2002Q3,Federal Reserve,Domestic financial,LM713061103,BOGZ1LM713061103Q,604191.0,604.191,3076.324,0.1964003141411633
2002-07-01,2002Q3,Federal government pension funds,Domestic government,LM343061105,BOGZ1LM343061105Q,17255.0,17.255,3076.324,0.005608967065887728
2002-07-01,2002Q3,Foreign bank offices in U.S.,Domestic financial,LM753061103,BOGZ1LM753061103Q,114976.0,114.976,3076.324,0.03737447681063503
2002-07-01,2002Q3,Government-sponsored enterprises,Domestic financial,LM403061105,BOGZ1LM403061105Q,25025.0,25.025,3076.324,0.008134708827808774
2002-07-01,2002Q3,Holding companies,Domestic financial,LM733061103,BOGZ1LM733061103Q,1423.0,1.423,3076.324,0.000462565061417458
2002-07-01,2002Q3,Households and nonprofits,Domestic nonfinancial,LM153061105,BOGZ1LM153061105Q,51737.0,51.737,3076.324,0.016817799425548154
2002-07-01,2002Q3,Life insurers,Domestic financial,LM543061105,BOGZ1LM543061105Q,87514.0,87.514,3076.324,0.028447588745528753
2002-07-01,2002Q3,Money market funds,Domestic financial,FL633061105,BOGZ1FL633061105Q,124965.0,124.965,3076.324,0.04062153401267227
2002-07-01,2002Q3,Mutual funds,Domestic financial,LM653061105,BOGZ1LM653061105Q,119239.0,119.239,3076.324,0.03876022161514847
2002-07-01,2002Q3,Noncorporate businesses,Domestic nonfinancial,LM113061003,BOGZ1LM113061003Q,42835.0,42.835,3076.324,0.013924086019548006
2002-07-01,2002Q3,Nonfinancial corporations,Domestic nonfinancial,LM103061103,BOGZ1LM103061103Q,28351.0,28.351,3076.324,0.009215869329758503
2002-07-01,2002Q3,Other financial business,Domestic financial,FL503061123,BOGZ1FL503061123Q,13772.0,13.772,3076.324,0.004476771627435862
2002-07-01,2002Q3,Private pension funds,Domestic financial,LM573061105,BOGZ1LM573061105Q,103439.0,103.439,3076.324,0.033624221635952516
2002-07-01,2002Q3,Property-casualty insurers,Domestic financial,LM513061105,BOGZ1LM513061105Q,72155.0,72.155,3076.324,0.02345494167714454
2002-07-01,2002Q3,Rest of world,Foreign,LM263061105,ROWTSEQ027S,1211343.0,1211.343,3076.324,0.3937631406834911
2002-07-01,2002Q3,State and local governments,Domestic government,LM213061103,BOGZ1LM213061103Q,202850.0,202.85,3076.324,0.06593908834049989
2002-07-01,2002Q3,State and local pension funds,Domestic government,LM223061143,BOGZ1LM223061143Q,151652.0,151.652,3076.324,0.04929649802816608
2002-07-01,2002Q3,Total assets,Total,FL893061105,BOGZ1FL893061105Q,3076324.0,3076.324,3076.324,1.0
2002-07-01,2002Q3,U.S.-chartered banks,Domestic financial,LM763061100,BOGZ1LM763061100Q,84912.0,84.912,3076.324,0.027601774065410537
2002-10-01,2002Q4,ABS issuers,Domestic financial,FL673061103,BOGZ1FL673061103Q,813.0,0.813,3185.154,0.00025524668508963773
2002-10-01,2002Q4,Banks in U.S.-affiliated areas,Domestic financial,LM743061103,BOGZ1LM743061103Q,1490.0,1.49,3185.154,0.00046779527771655626
2002-10-01,2002Q4,Brokers and dealers,Domestic financial,LM663061105,BOGZ1LM663061105Q,7065.0,7.065,3185.154,0.002218103112125819
2002-10-01,2002Q4,Closed-end funds,Domestic financial,LM553061103,BOGZ1LM553061103Q,5073.0,5.073,3185.154,0.0015927016401718725
2002-10-01,2002Q4,Credit unions,Domestic financial,LM473061105,BOGZ1LM473061105Q,7838.0,7.838,3185.154,0.0024607915347264215
2002-10-01,2002Q4,Exchange-traded funds,Domestic financial,LM563061103,BOGZ1LM563061103Q,2057.0,2.057,3185.154,0.0006458086484986283
2002-10-01,2002Q4,Federal Reserve,Domestic financial,LM713061103,BOGZ1LM713061103Q,629406.0,629.406,3185.154,0.19760614400434012
2002-10-01,2002Q4,Federal government pension funds,Domestic government,LM343061105,BOGZ1LM343061105Q,17430.0,17.43,3185.154,0.00547226287959703
2002-10-01,2002Q4,Foreign bank offices in U.S.,Domestic financial,LM753061103,BOGZ1LM753061103Q,116699.0,116.699,3185.154,0.03663841685519758
2002-10-01,2002Q4,Government-sponsored enterprises,Domestic financial,LM403061105,BOGZ1LM403061105Q,25729.0,25.729,3185.154,0.008077788389509582
2002-10-01,2002Q4,Holding companies,Domestic financial,LM733061103,BOGZ1LM733061103Q,1301.0,1.301,3185.154,0.00040845748745586553
2002-10-01,2002Q4,Households and nonprofits,Domestic nonfinancial,LM153061105,BOGZ1LM153061105Q,6226.0,6.226,3185.154,0.001954693556418308
2002-10-01,2002Q4,Life insurers,Domestic financial,LM543061105,BOGZ1LM543061105Q,95034.0,95.034,3185.154,0.029836547934573965
2002-10-01,2002Q4,Money market funds,Domestic financial,FL633061105,BOGZ1FL633061105Q,146058.0,146.058,3185.154,0.04585586756558709
2002-10-01,2002Q4,Mutual funds,Domestic financial,LM653061105,BOGZ1LM653061105Q,121054.0,121.054,3185.154,0.038005697683691275
2002-10-01,2002Q4,Noncorporate businesses,Domestic nonfinancial,LM113061003,BOGZ1LM113061003Q,42837.0,42.837,3185.154,0.01344895725606988
2002-10-01,2002Q4,Nonfinancial corporations,Domestic nonfinancial,LM103061103,BOGZ1LM103061103Q,31354.0,31.354,3185.154,0.009843794052030137
2002-10-01,2002Q4,Other financial business,Domestic financial,FL503061123,BOGZ1FL503061123Q,15081.0,15.081,3185.154,0.004734778914928446
2002-10-01,2002Q4,Private pension funds,Domestic financial,LM573061105,BOGZ1LM573061105Q,98904.0,98.904,3185.154,0.031051559830388105
2002-10-01,2002Q4,Property-casualty insurers,Domestic financial,LM513061105,BOGZ1LM513061105Q,77966.0,77.966,3185.154,0.0244779373305027
2002-10-01,2002Q4,Rest of world,Foreign,LM263061105,ROWTSEQ027S,1285498.0,1285.498,3185.154,0.40359053282824003
2002-10-01,2002Q4,State and local governments,Domestic government,LM213061103,BOGZ1LM213061103Q,210159.0,210.159,3185.154,0.06598079716082801
2002-10-01,2002Q4,State and local pension funds,Domestic government,LM223061143,BOGZ1LM223061143Q,144525.0,144.525,3185.154,0.04537457215569483
2002-10-01,2002Q4,Total assets,Total,FL893061105,BOGZ1FL893061105Q,3185154.0,3185.154,3185.154,1.0
2002-10-01,2002Q4,U.S.-chartered banks,Domestic financial,LM763061100,BOGZ1LM763061100Q,95557.0,95.557,3185.154,0.0300007472166181
2003-01-01,2003Q1,ABS issuers,Domestic financial,FL673061103,BOGZ1FL673061103Q,1087.0,1.087,3295.37,0.0003298567383935643
2003-01-01,2003Q1,Banks in U.S.-affiliated areas,Domestic financial,LM743061103,BOGZ1LM743061103Q,1621.0,1.621,3295.37,0.0004919022750100899
2003-01-01,2003Q1,Brokers and dealers,Domestic financial,LM663061105,BOGZ1LM663061105Q,11743.0,11.743,3295.37,0.0035634845252581655
2003-01-01,2003Q1,Closed-end funds,Domestic financial,LM553061103,BOGZ1LM553061103Q,5125.0,5.125,3295.37,0.0015552123130331344
2003-01-01,2003Q1,Credit unions,Domestic financial,LM473061105,BOGZ1LM473061105Q,8191.0,8.191,3295.37,0.0024856085963032987
2003-01-01,2003Q1,Exchange-traded funds,Domestic financial,LM563061103,BOGZ1LM563061103Q,1614.0,1.614,3295.37,0.0004897780825825325
2003-01-01,2003Q1,Federal Reserve,Domestic financial,LM713061103,BOGZ1LM713061103Q,641464.0,641.464,3295.37,0.19465613876438764
2003-01-01,2003Q1,Federal government pension funds,Domestic government,LM343061105,BOGZ1LM343061105Q,17663.0,17.663,3295.37,0.005359944406849611
2003-01-01,2003Q1,Foreign bank offices in U.S.,Domestic financial,LM753061103,BOGZ1LM753061103Q,44507.0,44.507,3295.37,0.013505918910471358
2003-01-01,2003Q1,Government-sponsored enterprises,Domestic financial,LM403061105,BOGZ1LM403061105Q,25256.0,25.256,3295.37,0.007664086278627287
2003-01-01,2003Q1,Holding companies,Domestic financial,LM733061103,BOGZ1LM733061103Q,1168.0,1.168,3295.37,0.00035443667934101483
2003-01-01,2003Q1,Households and nonprofits,Domestic nonfinancial,LM153061105,BOGZ1LM153061105Q,99147.0,99.147,3295.37,0.03008675808786267
2003-01-01,2003Q1,Life insurers,Domestic financial,LM543061105,BOGZ1LM543061105Q,95019.0,95.019,3295.37,0.028834091467725934
2003-01-01,2003Q1,Money market funds,Domestic financial,FL633061105,BOGZ1FL633061105Q,153646.0,153.646,3295.37,0.04662480996064174
2003-01-01,2003Q1,Mutual funds,Domestic financial,LM653061105,BOGZ1LM653061105Q,129128.0,129.128,3295.37,0.03918467425509123
2003-01-01,2003Q1,Noncorporate businesses,Domestic nonfinancial,LM113061003,BOGZ1LM113061003Q,43351.0,43.351,3295.37,0.013155123703863299
2003-01-01,2003Q1,Nonfinancial corporations,Domestic nonfinancial,LM103061103,BOGZ1LM103061103Q,34525.0,34.525,3295.37,0.010476820508774432
2003-01-01,2003Q1,Other financial business,Domestic financial,FL503061123,BOGZ1FL503061123Q,15067.0,15.067,3295.37,0.004572172472286876
2003-01-01,2003Q1,Private pension funds,Domestic financial,LM573061105,BOGZ1LM573061105Q,106624.0,106.624,3295.37,0.0323556990565551
2003-01-01,2003Q1,Property-casualty insurers,Domestic financial,LM513061105,BOGZ1LM513061105Q,79434.0,79.434,3295.37,0.024104728755799804
2003-01-01,2003Q1,Rest of world,Foreign,LM263061105,ROWTSEQ027S,1322878.0,1322.878,3295.37,0.40143534716890666
2003-01-01,2003Q1,State and local governments,Domestic government,LM213061103,BOGZ1LM213061103Q,210049.0,210.049,3295.37,0.06374064217371646
2003-01-01,2003Q1,State and local pension funds,Domestic government,LM223061143,BOGZ1LM223061143Q,148527.0,148.527,3295.37,0.04507141838397509
2003-01-01,2003Q1,Total assets,Total,FL893061105,BOGZ1FL893061105Q,3295370.0,3295.37,3295.37,1.0
2003-01-01,2003Q1,U.S.-chartered banks,Domestic financial,LM763061100,BOGZ1LM763061100Q,98536.0,98.536,3295.37,0.02990134643454301
2003-04-01,2003Q2,ABS issuers,Domestic financial,FL673061103,BOGZ1FL673061103Q,2062.0,2.062,3364.335,0.0006128997260974307
2003-04-01,2003Q2,Banks in U.S.-affiliated areas,Domestic financial,LM743061103,BOGZ1LM743061103Q,1972.0,1.972,3364.335,0.0005861485256373101
2003-04-01,2003Q2,Brokers and dealers,Domestic financial,LM663061105,BOGZ1LM663061105Q,-16696.0,-16.696,3364.335,-0.0049626449209130485
2003-04-01,2003Q2,Closed-end funds,Domestic financial,LM553061103,BOGZ1LM553061103Q,5304.0,5.304,3364.335,0.0015765374137831102
2003-04-01,2003Q2,Credit unions,Domestic financial,LM473061105,BOGZ1LM473061105Q,8926.0,8.926,3364.335,0.002653124614522632
2003-04-01,2003Q2,Exchange-traded funds,Domestic financial,LM563061103,BOGZ1LM563061103Q,1367.0,1.367,3364.335,0.00040632101143316584
2003-04-01,2003Q2,Federal Reserve,Domestic financial,LM713061103,BOGZ1LM713061103Q,652118.0,652.118,3364.335,0.19383265935169952
2003-04-01,2003Q2,Federal government pension funds,Domestic government,LM343061105,BOGZ1LM343061105Q,17695.0,17.695,3364.335,0.005259583246020387
2003-04-01,2003Q2,Foreign bank offices in U.S.,Domestic financial,LM753061103,BOGZ1LM753061103Q,44497.0,44.497,3364.335,0.013226090743044316
2003-04-01,2003Q2,Government-sponsored enterprises,Domestic financial,LM403061105,BOGZ1LM403061105Q,25477.0,25.477,3364.335,0.007572670379138819
2003-04-01,2003Q2,Holding companies,Domestic financial,LM733061103,BOGZ1LM733061103Q,2369.0,2.369,3364.335,0.0007041510432225091
2003-04-01,2003Q2,Households and nonprofits,Domestic nonfinancial,LM153061105,BOGZ1LM153061105Q,64741.0,64.741,3364.335,0.019243327433207454
2003-04-01,2003Q2,Life insurers,Domestic financial,LM543061105,BOGZ1LM543061105Q,92715.0,92.715,3364.335,0.027558195007334287
2003-04-01,2003Q2,Money market funds,Domestic financial,FL633061105,BOGZ1FL633061105Q,149295.0,149.295,3364.335,0.04437578302993013
2003-04-01,2003Q2,Mutual funds,Domestic financial,LM653061105,BOGZ1LM653061105Q,135224.0,135.224,3364.335,0.0401933814557706
2003-04-01,2003Q2,Noncorporate businesses,Domestic nonfinancial,LM113061003,BOGZ1LM113061003Q,43866.0,43.866,3364.335,0.013038535104262804
2003-04-01,2003Q2,Nonfinancial corporations,Domestic nonfinancial,LM103061103,BOGZ1LM103061103Q,36575.0,36.575,3364.335,0.010871390631432365
2003-04-01,2003Q2,Other financial business,Domestic financial,FL503061123,BOGZ1FL503061123Q,15221.0,15.221,3364.335,0.004524222468927737
2003-04-01,2003Q2,Private pension funds,Domestic financial,LM573061105,BOGZ1LM573061105Q,111418.0,111.418,3364.335,0.033117391698508025
2003-04-01,2003Q2,Property-casualty insurers,Domestic financial,LM513061105,BOGZ1LM513061105Q,83421.0,83.421,3364.335,0.024795687706485832
2003-04-01,2003Q2,Rest of world,Foreign,LM263061105,ROWTSEQ027S,1415263.0,1415.263,3364.335,0.42066649129768585
2003-04-01,2003Q2,State and local governments,Domestic government,LM213061103,BOGZ1LM213061103Q,222313.0,222.313,3364.335,0.06607932919878667
2003-04-01,2003Q2,State and local pension funds,Domestic government,LM223061143,BOGZ1LM223061143Q,161290.0,161.29,3364.335,0.04794112358014288
2003-04-01,2003Q2,Total assets,Total,FL893061105,BOGZ1FL893061105Q,3364335.0,3364.335,3364.335,1.0
2003-04-01,2003Q2,U.S.-chartered banks,Domestic financial,LM763061100,BOGZ1LM763061100Q,87902.0,87.902,3364.335,0.02612760025383917
2003-07-01,2003Q3,ABS issuers,Domestic financial,FL673061103,BOGZ1FL673061103Q,2451.0,2.451,3431.804,0.0007142016268994383
2003-07-01,2003Q3,Banks in U.S.-affiliated areas,Domestic financial,LM743061103,BOGZ1LM743061103Q,2337.0,2.337,3431.804,0.0006809829465785342
2003-07-01,2003Q3,Brokers and dealers,Domestic financial,LM663061105,BOGZ1LM663061105Q,-1186.0,-1.186,3431.804,-0.0003455908321104585
2003-07-01,2003Q3,Closed-end funds,Domestic financial,LM553061103,BOGZ1LM553061103Q,5463.0,5.463,3431.804,0.0015918741280096416
2003-07-01,2003Q3,Credit unions,Domestic financial,LM473061105,BOGZ1LM473061105Q,8919.0,8.919,3431.804,0.002598924647211787
2003-07-01,2003Q3,Exchange-traded funds,Domestic financial,LM563061103,BOGZ1LM563061103Q,1860.0,1.86,3431.804,0.000541988994709488
2003-07-01,2003Q3,Federal Reserve,Domestic financial,LM713061103,BOGZ1LM713061103Q,656116.0,656.116,3431.804,0.19118690927570456
2003-07-01,2003Q3,Federal government pension funds,Domestic government,LM343061105,BOGZ1LM343061105Q,18421.0,18.421,3431.804,0.005367730791152408
2003-07-01,2003Q3,Foreign bank offices in U.S.,Domestic financial,LM753061103,BOGZ1LM753061103Q,39872.0,39.872,3431.804,0.011618379138202531
2003-07-01,2003Q3,Government-sponsored enterprises,Domestic financial,LM403061105,BOGZ1LM403061105Q,23967.0,23.967,3431.804,0.006983790449571129
2003-07-01,2003Q3,Holding companies,Domestic financial,LM733061103,BOGZ1LM733061103Q,3010.0,3.01,3431.804,0.0008770897172449242
2003-07-01,2003Q3,Households and nonprofits,Domestic nonfinancial,LM153061105,BOGZ1LM153061105Q,66764.0,66.764,3431.804,0.019454490990744224
2003-07-01,2003Q3,Life insurers,Domestic financial,LM543061105,BOGZ1LM543061105Q,91036.0,91.036,3431.804,0.026527155979770407
2003-07-01,2003Q3,Money market funds,Domestic financial,FL633061105,BOGZ1FL633061105Q,138729.0,138.729,3431.804,0.04042451142314655
2003-07-01,2003Q3,Mutual funds,Domestic financial,LM653061105,BOGZ1LM653061105Q,131249.0,131.249,3431.804,0.03824489976700301
2003-07-01,2003Q3,Noncorporate businesses,Domestic nonfinancial,LM113061003,BOGZ1LM113061003Q,44380.0,44.38,3431.804,0.012931973970541442
2003-07-01,2003Q3,Nonfinancial corporations,Domestic nonfinancial,LM103061103,BOGZ1LM103061103Q,35355.0,35.355,3431.804,0.010302161778469866
2003-07-01,2003Q3,Other financial business,Domestic financial,FL503061123,BOGZ1FL503061123Q,15280.0,15.28,3431.804,0.004452468730731708
2003-07-01,2003Q3,Private pension funds,Domestic financial,LM573061105,BOGZ1LM573061105Q,108321.0,108.321,3431.804,0.03156386553544433
2003-07-01,2003Q3,Property-casualty insurers,Domestic financial,LM513061105,BOGZ1LM513061105Q,86829.0,86.829,3431.804,0.025301270119155988
2003-07-01,2003Q3,Rest of world,Foreign,LM263061105,ROWTSEQ027S,1484336.0,1484.336,3431.804,0.4325235357263993
2003-07-01,2003Q3,State and local governments,Domestic government,LM213061103,BOGZ1LM213061103Q,230283.0,230.283,3431.804,0.06710260842402421
2003-07-01,2003Q3,State and local pension funds,Domestic government,LM223061143,BOGZ1LM223061143Q,145602.0,145.602,3431.804,0.04242724817617789
2003-07-01,2003Q3,Total assets,Total,FL893061105,BOGZ1FL893061105Q,3431804.0,3431.804,3431.804,1.0
2003-07-01,2003Q3,U.S.-chartered banks,Domestic financial,LM763061100,BOGZ1LM763061100Q,92410.0,92.41,3431.804,0.026927528495217092
2003-10-01,2003Q4,ABS issuers,Domestic financial,FL673061103,BOGZ1FL673061103Q,2088.0,2.088,3485.482,0.0005990563141625749
2003-10-01,2003Q4,Banks in U.S.-affiliated areas,Domestic financial,LM743061103,BOGZ1LM743061103Q,2480.0,2.48,3485.482,0.0007115228252505679
2003-10-01,2003Q4,Brokers and dealers,Domestic financial,LM663061105,BOGZ1LM663061105Q,31718.0,31.718,3485.482,0.00910003264971674
2003-10-01,2003Q4,Closed-end funds,Domestic financial,LM553061103,BOGZ1LM553061103Q,5509.0,5.509,3485.482,0.0015805561468973303
2003-10-01,2003Q4,Credit unions,Domestic financial,LM473061105,BOGZ1LM473061105Q,9167.0,9.167,3485.482,0.0026300523141419177
2003-10-01,2003Q4,Exchange-traded funds,Domestic financial,LM563061103,BOGZ1LM563061103Q,2147.0,2.147,3485.482,0.0006159836716987779
2003-10-01,2003Q4,Federal Reserve,Domestic financial,LM713061103,BOGZ1LM713061103Q,666665.0,666.665,3485.482,0.19126909850631849
2003-10-01,2003Q4,Federal government pension funds,Domestic government,LM343061105,BOGZ1LM343061105Q,18438.0,18.438,3485.482,0.005289942682245956
2003-10-01,2003Q4,Foreign bank offices in U.S.,Domestic financial,LM753061103,BOGZ1LM753061103Q,33412.0,33.412,3485.482,0.00958604864406128
2003-10-01,2003Q4,Government-sponsored enterprises,Domestic financial,LM403061105,BOGZ1LM403061105Q,13462.0,13.462,3485.482,0.003862306561904494
2003-10-01,2003Q4,Holding companies,Domestic financial,LM733061103,BOGZ1LM733061103Q,2745.0,2.745,3485.482,0.0007875524819809714
2003-10-01,2003Q4,Households and nonprofits,Domestic nonfinancial,LM153061105,BOGZ1LM153061105Q,40761.0,40.761,3485.482,0.01169450882259613
2003-10-01,2003Q4,Life insurers,Domestic financial,LM543061105,BOGZ1LM543061105Q,84151.0,84.151,3485.482,0.024143289220830862
2003-10-01,2003Q4,Money market funds,Domestic financial,FL633061105,BOGZ1FL633061105Q,134678.0,134.678,3485.482,0.038639706072216125
2003-10-01,2003Q4,Mutual funds,Domestic financial,LM653061105,BOGZ1LM653061105Q,132725.0,132.725,3485.482,0.0380793818473313
2003-10-01,2003Q4,Noncorporate businesses,Domestic nonfinancial,LM113061003,BOGZ1LM113061003Q,44895.0,44.895,3485.482,0.012880571467590423
2003-10-01,2003Q4,Nonfinancial corporations,Domestic nonfinancial,LM103061103,BOGZ1LM103061103Q,33690.0,33.69,3485.482,0.009665808057536949
2003-10-01,2003Q4,Other financial business,Domestic financial,FL503061123,BOGZ1FL503061123Q,14556.0,14.556,3485.482,0.004176179937236801
2003-10-01,2003Q4,Private pension funds,Domestic financial,LM573061105,BOGZ1LM573061105Q,113112.0,113.112,3485.482,0.032452326536186384
2003-10-01,2003Q4,Property-casualty insurers,Domestic financial,LM513061105,BOGZ1LM513061105Q,90827.0,90.827,3485.482,0.02605866276170699
2003-10-01,2003Q4,Rest of world,Foreign,LM263061105,ROWTSEQ027S,1513524.0,1513.524,3485.482,0.4342366421631212
2003-10-01,2003Q4,State and local governments,Domestic government,LM213061103,BOGZ1LM213061103Q,247789.0,247.789,3485.482,0.07109174570403749
2003-10-01,2003Q4,State and local pension funds,Domestic government,LM223061143,BOGZ1LM223061143Q,141252.0,141.252,3485.482,0.04052581536786017
2003-10-01,2003Q4,Total assets,Total,FL893061105,BOGZ1FL893061105Q,3485482.0,3485.482,3485.482,1.0
2003-10-01,2003Q4,U.S.-chartered banks,Domestic financial,LM763061100,BOGZ1LM763061100Q,105691.0,105.691,3485.482,0.03032320924337007
2004-01-01,2004Q1,ABS issuers,Domestic financial,FL673061103,BOGZ1FL673061103Q,3310.0,3.31,3644.037,0.0009083332578675794
2004-01-01,2004Q1,Banks in U.S.-affiliated areas,Domestic financial,LM743061103,BOGZ1LM743061103Q,2796.0,2.796,3644.037,0.0007672809030204688
2004-01-01,2004Q1,Brokers and dealers,Domestic financial,LM663061105,BOGZ1LM663061105Q,6758.0,6.758,3644.037,0.0018545366032232933
2004-01-01,2004Q1,Closed-end funds,Domestic financial,LM553061103,BOGZ1LM553061103Q,6864.0,6.864,3644.037,0.001883625221148962
2004-01-01,2004Q1,Credit unions,Domestic financial,LM473061105,BOGZ1LM473061105Q,8798.0,8.798,3644.037,0.0024143552878305025
2004-01-01,2004Q1,Exchange-traded funds,Domestic financial,LM563061103,BOGZ1LM563061103Q,3108.0,3.108,3644.037,0.0008529002312545126
2004-01-01,2004Q1,Federal Reserve,Domestic financial,LM713061103,BOGZ1LM713061103Q,674084.0,674.084,3644.037,0.1849827540170421
2004-01-01,2004Q1,Federal government pension funds,Domestic government,LM343061105,BOGZ1LM343061105Q,18410.0,18.41,3644.037,0.005052089207656234
2004-01-01,2004Q1,Foreign bank offices in U.S.,Domestic financial,LM753061103,BOGZ1LM753061103Q,36540.0,36.54,3644.037,0.01002734055664089
2004-01-01,2004Q1,Government-sponsored enterprises,Domestic financial,LM403061105,BOGZ1LM403061105Q,13049.0,13.049,3644.037,0.003580918635019348
2004-01-01,2004Q1,Holding companies,Domestic financial,LM733061103,BOGZ1LM733061103Q,2163.0,2.163,3644.037,0.0005935724582379377
2004-01-01,2004Q1,Households and nonprofits,Domestic nonfinancial,LM153061105,BOGZ1LM153061105Q,58982.0,58.982,3644.037,0.016185894929167843
2004-01-01,2004Q1,Life insurers,Domestic financial,LM543061105,BOGZ1LM543061105Q,86076.0,86.076,3644.037,0.023621055439338293
2004-01-01,2004Q1,Money market funds,Domestic financial,FL633061105,BOGZ1FL633061105Q,128580.0,128.58,3644.037,0.03528504238568379
2004-01-01,2004Q1,Mutual funds,Domestic financial,LM653061105,BOGZ1LM653061105Q,116206.0,116.206,3644.037,0.03188935787424771
2004-01-01,2004Q1,Noncorporate businesses,Domestic nonfinancial,LM113061003,BOGZ1LM113061003Q,46220.0,46.22,3644.037,0.012683735099286863
2004-01-01,2004Q1,Nonfinancial corporations,Domestic nonfinancial,LM103061103,BOGZ1LM103061103Q,34925.0,34.925,3644.037,0.009584150764660184
2004-01-01,2004Q1,Other financial business,Domestic financial,FL503061123,BOGZ1FL503061123Q,14534.0,14.534,3644.037,0.003988433706902537
2004-01-01,2004Q1,Private pension funds,Domestic financial,LM573061105,BOGZ1LM573061105Q,110091.0,110.091,3644.037,0.030211273925045218
2004-01-01,2004Q1,Property-casualty insurers,Domestic financial,LM513061105,BOGZ1LM513061105Q,94991.0,94.991,3644.037,0.026067517975256565
2004-01-01,2004Q1,Rest of world,Foreign,LM263061105,ROWTSEQ027S,1658086.0,1658.086,3644.037,0.45501349190471996
2004-01-01,2004Q1,State and local governments,Domestic government,LM213061103,BOGZ1LM213061103Q,263192.0,263.192,3644.037,0.07222539178389244
2004-01-01,2004Q1,State and local pension funds,Domestic government,LM223061143,BOGZ1LM223061143Q,143710.0,143.71,3644.037,0.039437030963187264
2004-01-01,2004Q1,Total assets,Total,FL893061105,BOGZ1FL893061105Q,3644037.0,3644.037,3644.037,1.0
2004-01-01,2004Q1,U.S.-chartered banks,Domestic financial,LM763061100,BOGZ1LM763061100Q,112564.0,112.564,3644.037,0.030889916869669545
2004-04-01,2004Q2,ABS issuers,Domestic financial,FL673061103,BOGZ1FL673061103Q,4263.0,4.263,3650.539,0.0011677727590364052
2004-04-01,2004Q2,Banks in U.S.-affiliated areas,Domestic financial,LM743061103,BOGZ1LM743061103Q,3700.0,3.7,3650.539,0.001013548958112761
2004-04-01,2004Q2,Brokers and dealers,Domestic financial,LM663061105,BOGZ1LM663061105Q,-12033.0,-12.033,3650.539,-0.003296225571073203
2004-04-01,2004Q2,Closed-end funds,Domestic financial,LM553061103,BOGZ1LM553061103Q,7198.0,7.198,3650.539,0.001971763621755582
2004-04-01,2004Q2,Credit unions,Domestic financial,LM473061105,BOGZ1LM473061105Q,10266.0,10.266,3650.539,0.0028121874605366495
2004-04-01,2004Q2,Exchange-traded funds,Domestic financial,LM563061103,BOGZ1LM563061103Q,3740.0,3.74,3650.539,0.0010245062441464124
2004-04-01,2004Q2,Federal Reserve,Domestic financial,LM713061103,BOGZ1LM713061103Q,687391.0,687.391,3650.539,0.1882984950989429
2004-04-01,2004Q2,Federal government pension funds,Domestic government,LM343061105,BOGZ1LM343061105Q,18215.0,18.215,3650.539,0.004989674127574038
2004-04-01,2004Q2,Foreign bank offices in U.S.,Domestic financial,LM753061103,BOGZ1LM753061103Q,33488.0,33.488,3650.539,0.009173439867373009
2004-04-01,2004Q2,Government-sponsored enterprises,Domestic financial,LM403061105,BOGZ1LM403061105Q,13724.0,13.724,3650.539,0.003759444838145819
2004-04-01,2004Q2,Holding companies,Domestic financial,LM733061103,BOGZ1LM733061103Q,2425.0,2.425,3650.539,0.0006642854657901203
2004-04-01,2004Q2,Households and nonprofits,Domestic nonfinancial,LM153061105,BOGZ1LM153061105Q,-43078.0,-43.078,3650.539,-0.01180044919394095
2004-04-01,2004Q2,Life insurers,Domestic financial,LM543061105,BOGZ1LM543061105Q,86110.0,86.11,3650.539,0.023588297508943198
2004-04-01,2004Q2,Money market funds,Domestic financial,FL633061105,BOGZ1FL633061105Q,105120.0,105.12,3650.539,0.02879574769643606
2004-04-01,2004Q2,Mutual funds,Domestic financial,LM653061105,BOGZ1LM653061105Q,142725.0,142.725,3650.539,0.039096966228822645
2004-04-01,2004Q2,Noncorporate businesses,Domestic nonfinancial,LM113061003,BOGZ1LM113061003Q,47545.0,47.545,3650.539,0.013024104111748976
2004-04-01,2004Q2,Nonfinancial corporations,Domestic nonfinancial,LM103061103,BOGZ1LM103061103Q,34008.0,34.008,3650.539,0.00931588458581048
2004-04-01,2004Q2,Other financial business,Domestic financial,FL503061123,BOGZ1FL503061123Q,13752.0,13.752,3650.539,0.003767114938369375
2004-04-01,2004Q2,Private pension funds,Domestic financial,LM573061105,BOGZ1LM573061105Q,111054.0,111.054,3650.539,0.030421261079528254
2004-04-01,2004Q2,Property-casualty insurers,Domestic financial,LM513061105,BOGZ1LM513061105Q,97249.0,97.249,3650.539,0.02663962773716429
2004-04-01,2004Q2,Rest of world,Foreign,LM263061105,ROWTSEQ027S,1785766.0,1785.766,3650.539,0.4891787212792412
2004-04-01,2004Q2,State and local governments,Domestic government,LM213061103,BOGZ1LM213061103Q,252908.0,252.908,3650.539,0.06927963240496814
2004-04-01,2004Q2,State and local pension funds,Domestic government,LM223061143,BOGZ1LM223061143Q,134943.0,134.943,3650.539,0.036965226230975756
2004-04-01,2004Q2,Total assets,Total,FL893061105,BOGZ1FL893061105Q,3650539.0,3650.539,3650.539,1.0
2004-04-01,2004Q2,U.S.-chartered banks,Domestic financial,LM763061100,BOGZ1LM763061100Q,110060.0,110.06,3650.539,0.030148972521592016
2004-07-01,2004Q3,ABS issuers,Domestic financial,FL673061103,BOGZ1FL673061103Q,5298.0,5.298,3745.88,0.0014143539034886328
2004-07-01,2004Q3,Banks in U.S.-affiliated areas,Domestic financial,LM743061103,BOGZ1LM743061103Q,3217.0,3.217,3745.88,0.0008588102128204854
2004-07-01,2004Q3,Brokers and dealers,Domestic financial,LM663061105,BOGZ1LM663061105Q,4644.0,4.644,3745.88,0.0012397620852776917
2004-07-01,2004Q3,Closed-end funds,Domestic financial,LM553061103,BOGZ1LM553061103Q,7547.0,7.547,3745.88,0.0020147468685595906
2004-07-01,2004Q3,Credit unions,Domestic financial,LM473061105,BOGZ1LM473061105Q,9235.0,9.235,3745.88,0.0024653752923211635
2004-07-01,2004Q3,Exchange-traded funds,Domestic financial,LM563061103,BOGZ1LM563061103Q,4191.0,4.191,3745.88,0.0011188292203701132
2004-07-01,2004Q3,Federal Reserve,Domestic financial,LM713061103,BOGZ1LM713061103Q,700341.0,700.341,3745.88,0.18696301002701635
2004-07-01,2004Q3,Federal government pension funds,Domestic government,LM343061105,BOGZ1LM343061105Q,17635.0,17.635,3745.88,0.0047078390124616915
2004-07-01,2004Q3,Foreign bank offices in U.S.,Domestic financial,LM753061103,BOGZ1LM753061103Q,34385.0,34.385,3745.88,0.009179418454408577
2004-07-01,2004Q3,Government-sponsored enterprises,Domestic financial,LM403061105,BOGZ1LM403061105Q,13024.0,13.024,3745.88,0.0034768866060845512
2004-07-01,2004Q3,Holding companies,Domestic financial,LM733061103,BOGZ1LM733061103Q,1564.0,1.564,3745.88,0.0004175253878928316
2004-07-01,2004Q3,Households and nonprofits,Domestic nonfinancial,LM153061105,BOGZ1LM153061105Q,-53348.0,-53.348,3745.88,-0.014241780302625818
2004-07-01,2004Q3,Life insurers,Domestic financial,LM543061105,BOGZ1LM543061105Q,86957.0,86.957,3745.88,0.023214037822888077
2004-07-01,2004Q3,Money market funds,Domestic financial,FL633061105,BOGZ1FL633061105Q,102957.0,102.957,3745.88,0.027485397289822414
2004-07-01,2004Q3,Mutual funds,Domestic financial,LM653061105,BOGZ1LM653061105Q,148533.0,148.533,3745.88,0.03965236473138488
2004-07-01,2004Q3,Noncorporate businesses,Domestic nonfinancial,LM113061003,BOGZ1LM113061003Q,48870.0,48.87,3745.88,0.01304633357181757
2004-07-01,2004Q3,Nonfinancial corporations,Domestic nonfinancial,LM103061103,BOGZ1LM103061103Q,31880.0,31.88,3745.88,0.008510683737866669
2004-07-01,2004Q3,Other financial business,Domestic financial,FL503061123,BOGZ1FL503061123Q,13319.0,13.319,3745.88,0.0035556397962561537
2004-07-01,2004Q3,Private pension funds,Domestic financial,LM573061105,BOGZ1LM573061105Q,108814.0,108.814,3745.88,0.029048981814687066
2004-07-01,2004Q3,Property-casualty insurers,Domestic financial,LM513061105,BOGZ1LM513061105Q,104838.0,104.838,3745.88,0.027987548987153884
2004-07-01,2004Q3,Rest of world,Foreign,LM263061105,ROWTSEQ027S,1834957.0,1834.957,3745.88,0.4898600595854646
2004-07-01,2004Q3,State and local governments,Domestic government,LM213061103,BOGZ1LM213061103Q,282478.0,282.478,3745.88,0.07541031746879238
2004-07-01,2004Q3,State and local pension funds,Domestic government,LM223061143,BOGZ1LM223061143Q,143825.0,143.825,3745.88,0.03839551720823945
2004-07-01,2004Q3,Total assets,Total,FL893061105,BOGZ1FL893061105Q,3745880.0,3745.88,3745.88,1.0
2004-07-01,2004Q3,U.S.-chartered banks,Domestic financial,LM763061100,BOGZ1LM763061100Q,90719.0,90.719,3745.88,0.024218341217551013
2004-10-01,2004Q4,ABS issuers,Domestic financial,FL673061103,BOGZ1FL673061103Q,7554.0,7.554,3772.172,0.002002559798439732
2004-10-01,2004Q4,Banks in U.S.-affiliated areas,Domestic financial,LM743061103,BOGZ1LM743061103Q,3836.0,3.836,3772.172,0.0010169207554692628
2004-10-01,2004Q4,Brokers and dealers,Domestic financial,LM663061105,BOGZ1LM663061105Q,-14867.0,-14.867,3772.172,-0.003941230675589554
2004-10-01,2004Q4,Closed-end funds,Domestic financial,LM553061103,BOGZ1LM553061103Q,7661.0,7.661,3772.172,0.0020309254190954175
2004-10-01,2004Q4,Credit unions,Domestic financial,LM473061105,BOGZ1LM473061105Q,9283.0,9.283,3772.172,0.0024609164163246003
2004-10-01,2004Q4,Exchange-traded funds,Domestic financial,LM563061103,BOGZ1LM563061103Q,5005.0,5.005,3772.172,0.0013268217886140928
2004-10-01,2004Q4,Federal Reserve,Domestic financial,LM713061103,BOGZ1LM713061103Q,717819.0,717.819,3772.172,0.19029328461162429
2004-10-01,2004Q4,Federal government pension funds,Domestic government,LM343061105,BOGZ1LM343061105Q,17041.0,17.041,3772.172,0.0045175564634910605
2004-10-01,2004Q4,Foreign bank offices in U.S.,Domestic financial,LM753061103,BOGZ1LM753061103Q,27725.0,27.725,3772.172,0.007349876940924221
2004-10-01,2004Q4,Government-sponsored enterprises,Domestic financial,LM403061105,BOGZ1LM403061105Q,12860.0,12.86,3772.172,0.003409176463851595
2004-10-01,2004Q4,Holding companies,Domestic financial,LM733061103,BOGZ1LM733061103Q,1986.0,1.986,3772.172,0.0005264871273102075
2004-10-01,2004Q4,Households and nonprofits,Domestic nonfinancial,LM153061105,BOGZ1LM153061105Q,9271.0,9.271,3772.172,0.002457735225223028
2004-10-01,2004Q4,Life insurers,Domestic financial,LM543061105,BOGZ1LM543061105Q,86542.0,86.542,3772.172,0.022942220026022142
2004-10-01,2004Q4,Money market funds,Domestic financial,FL633061105,BOGZ1FL633061105Q,104984.0,104.984,3772.172,0.02783118055062176
2004-10-01,2004Q4,Mutual funds,Domestic financial,LM653061105,BOGZ1LM653061105Q,150732.0,150.732,3772.172,0.03995894142684904
2004-10-01,2004Q4,Noncorporate businesses,Domestic nonfinancial,LM113061003,BOGZ1LM113061003Q,50195.0,50.195,3772.172,0.01330665727861826
2004-10-01,2004Q4,Nonfinancial corporations,Domestic nonfinancial,LM103061103,BOGZ1LM103061103Q,34014.0,34.014,3772.172,0.009017086177406545
2004-10-01,2004Q4,Other financial business,Domestic financial,FL503061123,BOGZ1FL503061123Q,12947.0,12.947,3772.172,0.003432240099337994
2004-10-01,2004Q4,Private pension funds,Domestic financial,LM573061105,BOGZ1LM573061105Q,108228.0,108.228,3772.172,0.028691162545080126
2004-10-01,2004Q4,Property-casualty insurers,Domestic financial,LM513061105,BOGZ1LM513061105Q,110862.0,110.862,3772.172,0.029389433991875238
2004-10-01,2004Q4,Rest of world,Foreign,LM263061105,ROWTSEQ027S,1813553.0,1813.553,3772.172,0.480771555485805
2004-10-01,2004Q4,State and local governments,Domestic government,LM213061103,BOGZ1LM213061103Q,258506.0,258.506,3772.172,0.06852974890858635
2004-10-01,2004Q4,State and local pension funds,Domestic government,LM223061143,BOGZ1LM223061143Q,153823.0,153.823,3772.172,0.04077836323476236
2004-10-01,2004Q4,Total assets,Total,FL893061105,BOGZ1FL893061105Q,3772172.0,3772.172,3772.172,1.0
2004-10-01,2004Q4,U.S.-chartered banks,Domestic financial,LM763061100,BOGZ1LM763061100Q,82612.0,82.612,3772.172,0.02190037994025723
2005-01-01,2005Q1,ABS issuers,Domestic financial,FL673061103,BOGZ1FL673061103Q,11974.0,11.974,3905.149,0.0030662082291866457
2005-01-01,2005Q1,Banks in U.S.-affiliated areas,Domestic financial,LM743061103,BOGZ1LM743061103Q,4034.0,4.034,3905.149,0.0010329951558826565
2005-01-01,2005Q1,Brokers and dealers,Domestic financial,LM663061105,BOGZ1LM663061105Q,10579.0,10.579,3905.149,0.002708987544393313
2005-01-01,2005Q1,Closed-end funds,Domestic financial,LM553061103,BOGZ1LM553061103Q,7718.0,7.718,3905.149,0.001976365050347631
2005-01-01,2005Q1,Credit unions,Domestic financial,LM473061105,BOGZ1LM473061105Q,8789.0,8.789,3905.149,0.002250618350285738
2005-01-01,2005Q1,Exchange-traded funds,Domestic financial,LM563061103,BOGZ1LM563061103Q,7286.0,7.286,3905.149,0.001865741870540663
2005-01-01,2005Q1,Federal Reserve,Domestic financial,LM713061103,BOGZ1LM713061103Q,717326.0,717.326,3905.149,0.18368722934771503
2005-01-01,2005Q1,Federal government pension funds,Domestic government,LM343061105,BOGZ1LM343061105Q,16993.0,16.993,3905.149,0.004351434477916207
2005-01-01,2005Q1,Foreign bank offices in U.S.,Domestic financial,LM753061103,BOGZ1LM753061103Q,32173.0,32.173,3905.149,0.008238610101688823
2005-01-01,2005Q1,Government-sponsored enterprises,Domestic financial,LM403061105,BOGZ1LM403061105Q,13033.0,13.033,3905.149,0.003337388663019004
2005-01-01,2005Q1,Holding companies,Domestic financial,LM733061103,BOGZ1LM733061103Q,1588.0,1.588,3905.149,0.0004066426146607979
2005-01-01,2005Q1,Households and nonprofits,Domestic nonfinancial,LM153061105,BOGZ1LM153061105Q,-38811.0,-38.811,3905.149,-0.009938417202519034
2005-01-01,2005Q1,Life insurers,Domestic financial,LM543061105,BOGZ1LM543061105Q,90057.0,90.057,3905.149,0.023061091907120575
2005-01-01,2005Q1,Money market funds,Domestic financial,FL633061105,BOGZ1FL633061105Q,105476.0,105.476,3905.149,0.027009468780832692
2005-01-01,2005Q1,Mutual funds,Domestic financial,LM653061105,BOGZ1LM653061105Q,154161.0,154.161,3905.149,0.039476342644032276
2005-01-01,2005Q1,Noncorporate businesses,Domestic nonfinancial,LM113061003,BOGZ1LM113061003Q,51689.0,51.689,3905.149,0.013236114678338778
2005-01-01,2005Q1,Nonfinancial corporations,Domestic nonfinancial,LM103061103,BOGZ1LM103061103Q,49230.0,49.23,3905.149,0.012606433198835691
2005-01-01,2005Q1,Other financial business,Domestic financial,FL503061123,BOGZ1FL503061123Q,13232.0,13.232,3905.149,0.003388347025939343
2005-01-01,2005Q1,Private pension funds,Domestic financial,LM573061105,BOGZ1LM573061105Q,109570.0,109.57,3905.149,0.02805782826724409
2005-01-01,2005Q1,Property-casualty insurers,Domestic financial,LM513061105,BOGZ1LM513061105Q,112239.0,112.239,3905.149,0.02874128490359779
2005-01-01,2005Q1,Rest of world,Foreign,LM263061105,ROWTSEQ027S,1908080.0,1908.08,3905.149,0.4886061965881455
2005-01-01,2005Q1,State and local governments,Domestic government,LM213061103,BOGZ1LM213061103Q,256117.0,256.117,3905.149,0.06558443736717857
2005-01-01,2005Q1,State and local pension funds,Domestic government,LM223061143,BOGZ1LM223061143Q,166952.0,166.952,3905.149,0.042751761840585344
2005-01-01,2005Q1,Total assets,Total,FL893061105,BOGZ1FL893061105Q,3905149.0,3905.149,3905.149,1.0
2005-01-01,2005Q1,U.S.-chartered banks,Domestic financial,LM763061100,BOGZ1LM763061100Q,95664.0,95.664,3905.149,0.02449688859503184
2005-04-01,2005Q2,ABS issuers,Domestic financial,FL673061103,BOGZ1FL673061103Q,16444.0,16.444,3848.151,0.004273221087218251
2005-04-01,2005Q2,Banks in U.S.-affiliated areas,Domestic financial,LM743061103,BOGZ1LM743061103Q,3497.0,3.497,3848.151,0.0009087481234494177
2005-04-01,2005Q2,Brokers and dealers,Domestic financial,LM663061105,BOGZ1LM663061105Q,-19425.0,-19.425,3848.151,-0.005047878838434355
2005-04-01,2005Q2,Closed-end funds,Domestic financial,LM553061103,BOGZ1LM553061103Q,8134.0,8.134,3848.151,0.0021137424181119713
2005-04-01,2005Q2,Credit unions,Domestic financial,LM473061105,BOGZ1LM473061105Q,8630.0,8.63,3848.151,0.0022426354890959324
2005-04-01,2005Q2,Exchange-traded funds,Domestic financial,LM563061103,BOGZ1LM563061103Q,7946.0,7.946,3848.151,0.0020648877863680506
2005-04-01,2005Q2,Federal Reserve,Domestic financial,LM713061103,BOGZ1LM713061103Q,724722.0,724.722,3848.151,0.1883299278016897
2005-04-01,2005Q2,Federal government pension funds,Domestic government,LM343061105,BOGZ1LM343061105Q,17125.0,17.125,3848.151,0.004450189194758729
2005-04-01,2005Q2,Foreign bank offices in U.S.,Domestic financial,LM753061103,BOGZ1LM753061103Q,27352.0,27.352,3848.151,0.00710782918861552
2005-04-01,2005Q2,Government-sponsored enterprises,Domestic financial,LM403061105,BOGZ1LM403061105Q,12569.0,12.569,3848.151,0.0032662439701560573
2005-04-01,2005Q2,Holding companies,Domestic financial,LM733061103,BOGZ1LM733061103Q,2381.0,2.381,3848.151,0.0006187387137355057
2005-04-01,2005Q2,Households and nonprofits,Domestic nonfinancial,LM153061105,BOGZ1LM153061105Q,-95729.0,-95.729,3848.151,-0.024876622564966915
2005-04-01,2005Q2,Life insurers,Domestic financial,LM543061105,BOGZ1LM543061105Q,93522.0,93.522,3848.151,0.024303100372100785
2005-04-01,2005Q2,Money market funds,Domestic financial,FL633061105,BOGZ1FL633061105Q,90842.0,90.842,3848.151,0.023606662004687445
2005-04-01,2005Q2,Mutual funds,Domestic financial,LM653061105,BOGZ1LM653061105Q,155408.0,155.408,3848.151,0.04038510962797458
2005-04-01,2005Q2,Noncorporate businesses,Domestic nonfinancial,LM113061003,BOGZ1LM113061003Q,53184.0,53.184,3848.151,0.013820663482280192
2005-04-01,2005Q2,Nonfinancial corporations,Domestic nonfinancial,LM103061103,BOGZ1LM103061103Q,52929.0,52.929,3848.151,0.013754397891350939
2005-04-01,2005Q2,Other financial business,Domestic financial,FL503061123,BOGZ1FL503061123Q,13123.0,13.123,3848.151,0.003410209214763142
2005-04-01,2005Q2,Private pension funds,Domestic financial,LM573061105,BOGZ1LM573061105Q,110449.0,110.449,3848.151,0.028701836284490915
2005-04-01,2005Q2,Property-casualty insurers,Domestic financial,LM513061105,BOGZ1LM513061105Q,110515.0,110.515,3848.151,0.028718987378613784
2005-04-01,2005Q2,Rest of world,Foreign,LM263061105,ROWTSEQ027S,1918848.0,1918.848,3848.151,0.4986415553859503
2005-04-01,2005Q2,State and local governments,Domestic government,LM213061103,BOGZ1LM213061103Q,278906.0,278.906,3848.151,0.07247792511260603
2005-04-01,2005Q2,State and local pension funds,Domestic government,LM223061143,BOGZ1LM223061143Q,171517.0,171.517,3848.151,0.044571275919266164
2005-04-01,2005Q2,Total assets,Total,FL893061105,BOGZ1FL893061105Q,3848151.0,3848.151,3848.151,1.0
2005-04-01,2005Q2,U.S.-chartered banks,Domestic financial,LM763061100,BOGZ1LM763061100Q,85262.0,85.262,3848.151,0.022156614956117888
2005-07-01,2005Q3,ABS issuers,Domestic financial,FL673061103,BOGZ1FL673061103Q,22331.0,22.331,3889.634,0.005741157137149665
2005-07-01,2005Q3,Banks in U.S.-affiliated areas,Domestic financial,LM743061103,BOGZ1LM743061103Q,3335.0,3.335,3889.634,0.0008574071493616109
2005-07-01,2005Q3,Brokers and dealers,Domestic financial,LM663061105,BOGZ1LM663061105Q,-39443.0,-39.443,3889.634,-0.01014054278628786
2005-07-01,2005Q3,Closed-end funds,Domestic financial,LM553061103,BOGZ1LM553061103Q,7831.0,7.831,3889.634,0.0020132999660122265
2005-07-01,2005Q3,Credit unions,Domestic financial,LM473061105,BOGZ1LM473061105Q,7788.0,7.788,3889.634,0.002002244941297819
2005-07-01,2005Q3,Exchange-traded funds,Domestic financial,LM563061103,BOGZ1LM563061103Q,8952.0,8.952,3889.634,0.0023015018893808516
2005-07-01,2005Q3,Federal Reserve,Domestic financial,LM713061103,BOGZ1LM713061103Q,736360.0,736.36,3889.634,0.1893134418302596
2005-07-01,2005Q3,Federal government pension funds,Domestic government,LM343061105,BOGZ1LM343061105Q,17422.0,17.422,3889.634,0.004479084664521135
2005-07-01,2005Q3,Foreign bank offices in U.S.,Domestic financial,LM753061103,BOGZ1LM753061103Q,27529.0,27.529,3889.634,0.007077529659602935
2005-07-01,2005Q3,Government-sponsored enterprises,Domestic financial,LM403061105,BOGZ1LM403061105Q,12814.0,12.814,3889.634,0.003294397364893458
2005-07-01,2005Q3,Holding companies,Domestic financial,LM733061103,BOGZ1LM733061103Q,2410.0,2.41,3889.634,0.0006195955712028433
2005-07-01,2005Q3,Households and nonprofits,Domestic nonfinancial,LM153061105,BOGZ1LM153061105Q,-123998.0,-123.998,3889.634,-0.03187909196597932
2005-07-01,2005Q3,Life insurers,Domestic financial,LM543061105,BOGZ1LM543061105Q,97764.0,97.764,3889.634,0.02513449851579866
2005-07-01,2005Q3,Money market funds,Domestic financial,FL633061105,BOGZ1FL633061105Q,87188.0,87.188,3889.634,0.022415476623250413
2005-07-01,2005Q3,Mutual funds,Domestic financial,LM653061105,BOGZ1LM653061105Q,164423.0,164.423,3889.634,0.042272100665512485
2005-07-01,2005Q3,Noncorporate businesses,Domestic nonfinancial,LM113061003,BOGZ1LM113061003Q,54679.0,54.679,3889.634,0.014057620845560276
2005-07-01,2005Q3,Nonfinancial corporations,Domestic nonfinancial,LM103061103,BOGZ1LM103061103Q,48484.0,48.484,3889.634,0.012464926005891558
2005-07-01,2005Q3,Other financial business,Domestic financial,FL503061123,BOGZ1FL503061123Q,13214.0,13.214,3889.634,0.003397234804097249
2005-07-01,2005Q3,Private pension funds,Domestic financial,LM573061105,BOGZ1LM573061105Q,111797.0,111.797,3889.634,0.02874229297666567
2005-07-01,2005Q3,Property-casualty insurers,Domestic financial,LM513061105,BOGZ1LM513061105Q,112052.0,112.052,3889.634,0.02880785184415809
2005-07-01,2005Q3,Rest of world,Foreign,LM263061105,ROWTSEQ027S,1962575.0,1962.575,3889.634,0.5045654681134524
2005-07-01,2005Q3,State and local governments,Domestic government,LM213061103,BOGZ1LM213061103Q,312743.0,312.743,3889.634,0.08040422312227834
2005-07-01,2005Q3,State and local pension funds,Domestic government,LM223061143,BOGZ1LM223061143Q,157240.0,157.24,3889.634,0.0404253973510104
2005-07-01,2005Q3,Total assets,Total,FL893061105,BOGZ1FL893061105Q,3889634.0,3889.634,3889.634,1.0
2005-07-01,2005Q3,U.S.-chartered banks,Domestic financial,LM763061100,BOGZ1LM763061100Q,84144.0,84.144,3889.634,0.021632883710909562
2005-10-01,2005Q4,ABS issuers,Domestic financial,FL673061103,BOGZ1FL673061103Q,28748.0,28.748,3911.044,0.007350467036423012
2005-10-01,2005Q4,Banks in U.S.-affiliated areas,Domestic financial,LM743061103,BOGZ1LM743061103Q,3935.0,3.935,3911.044,0.001006125218739549
2005-10-01,2005Q4,Brokers and dealers,Domestic financial,LM663061105,BOGZ1LM663061105Q,-27945.0,-27.945,3911.044,-0.007145151013386707
2005-10-01,2005Q4,Closed-end funds,Domestic financial,LM553061103,BOGZ1LM553061103Q,7784.0,7.784,3911.044,0.001990261423803977
2005-10-01,2005Q4,Credit unions,Domestic financial,LM473061105,BOGZ1LM473061105Q,7979.0,7.979,3911.044,0.002040120233881286
2005-10-01,2005Q4,Exchange-traded funds,Domestic financial,LM563061103,BOGZ1LM563061103Q,9691.0,9.691,3911.044,0.0024778550177395092
2005-10-01,2005Q4,Federal Reserve,Domestic financial,LM713061103,BOGZ1LM713061103Q,744215.0,744.215,3911.044,0.19028550944453707
2005-10-01,2005Q4,Federal government pension funds,Domestic government,LM343061105,BOGZ1LM343061105Q,17506.0,17.506,3911.044,0.004476042713914751
2005-10-01,2005Q4,Foreign bank offices in U.S.,Domestic financial,LM753061103,BOGZ1LM753061103Q,27843.0,27.843,3911.044,0.007119071020423191
2005-10-01,2005Q4,Government-sponsored enterprises,Domestic financial,LM403061105,BOGZ1LM403061105Q,13069.0,13.069,3911.044,0.0033415630200018206
2005-10-01,2005Q4,Holding companies,Domestic financial,LM733061103,BOGZ1LM733061103Q,1121.0,1.121,3911.044,0.0002866242363931472
2005-10-01,2005Q4,Households and nonprofits,Domestic nonfinancial,LM153061105,BOGZ1LM153061105Q,-171700.0,-171.7,3911.044,-0.04390132148858463
2005-10-01,2005Q4,Life insurers,Domestic financial,LM543061105,BOGZ1LM543061105Q,100671.0,100.671,3911.044,0.02574018599637335
2005-10-01,2005Q4,Money market funds,Domestic financial,FL633061105,BOGZ1FL633061105Q,90359.0,90.359,3911.044,0.02310354984500302
2005-10-01,2005Q4,Mutual funds,Domestic financial,LM653061105,BOGZ1LM653061105Q,171557.0,171.557,3911.044,0.043864758361194606
2005-10-01,2005Q4,Noncorporate businesses,Domestic nonfinancial,LM113061003,BOGZ1LM113061003Q,56174.0,56.174,3911.044,0.01436291690914242
2005-10-01,2005Q4,Nonfinancial corporations,Domestic nonfinancial,LM103061103,BOGZ1LM103061103Q,52117.0,52.117,3911.044,0.01332559797332886
2005-10-01,2005Q4,Other financial business,Domestic financial,FL503061123,BOGZ1FL503061123Q,15157.0,15.157,3911.044,0.003875435817137317
2005-10-01,2005Q4,Private pension funds,Domestic financial,LM573061105,BOGZ1LM573061105Q,111423.0,111.423,3911.044,0.028489324078174526
2005-10-01,2005Q4,Property-casualty insurers,Domestic financial,LM513061105,BOGZ1LM513061105Q,110702.0,110.702,3911.044,0.02830497432399124
2005-10-01,2005Q4,Rest of world,Foreign,LM263061105,ROWTSEQ027S,1984391.0,1984.391,3911.044,0.5073814050672916
2005-10-01,2005Q4,State and local governments,Domestic government,LM213061103,BOGZ1LM213061103Q,317155.0,317.155,3911.044,0.08109215851317449
2005-10-01,2005Q4,State and local pension funds,Domestic government,LM223061143,BOGZ1LM223061143Q,162596.0,162.596,3911.044,0.041573554273488106
2005-10-01,2005Q4,Total assets,Total,FL893061105,BOGZ1FL893061105Q,3911044.0,3911.044,3911.044,1.0
2005-10-01,2005Q4,U.S.-chartered banks,Domestic financial,LM763061100,BOGZ1LM763061100Q,76496.0,76.496,3911.044,0.01955897197781462
2006-01-01,2006Q1,ABS issuers,Domestic financial,FL673061103,BOGZ1FL673061103Q,34416.0,34.416,4035.21,0.008528924145211772
2006-01-01,2006Q1,Banks in U.S.-affiliated areas,Domestic financial,LM743061103,BOGZ1LM743061103Q,4034.0,4.034,4035.21,0.0009997001395218588
2006-01-01,2006Q1,Brokers and dealers,Domestic financial,LM663061105,BOGZ1LM663061105Q,-34998.0,-34.998,4035.21,-0.008673154557011903
2006-01-01,2006Q1,Closed-end funds,Domestic financial,LM553061103,BOGZ1LM553061103Q,7196.0,7.196,4035.21,0.0017833024799204997
2006-01-01,2006Q1,Credit unions,Domestic financial,LM473061105,BOGZ1LM473061105Q,7860.0,7.86,4035.21,0.001947854015032675
2006-01-01,2006Q1,Exchange-traded funds,Domestic financial,LM563061103,BOGZ1LM563061103Q,9857.0,9.857,4035.21,0.0024427477132540807
2006-01-01,2006Q1,Federal Reserve,Domestic financial,LM713061103,BOGZ1LM713061103Q,758542.0,758.542,4035.21,0.1879807990166559
2006-01-01,2006Q1,Federal government pension funds,Domestic government,LM343061105,BOGZ1LM343061105Q,17464.0,17.464,4035.21,0.0043279036283117855
2006-01-01,2006Q1,Foreign bank offices in U.S.,Domestic financial,LM753061103,BOGZ1LM753061103Q,24043.0,24.043,4035.21,0.0059583020462379895
2006-01-01,2006Q1,Government-sponsored enterprises,Domestic financial,LM403061105,BOGZ1LM403061105Q,13435.0,13.435,4035.21,0.0033294425816748074
2006-01-01,2006Q1,Holding companies,Domestic financial,LM733061103,BOGZ1LM733061103Q,2675.0,2.675,4035.21,0.0006629146934112475
2006-01-01,2006Q1,Households and nonprofits,Domestic nonfinancial,LM153061105,BOGZ1LM153061105Q,-40015.0,-40.015,4035.21,-0.009916460357701334
2006-01-01,2006Q1,Life insurers,Domestic financial,LM543061105,BOGZ1LM543061105Q,99470.0,99.47,4035.21,0.02465051385181936
2006-01-01,2006Q1,Money market funds,Domestic financial,FL633061105,BOGZ1FL633061105Q,86503.0,86.503,4035.21,0.0214370503641694
2006-01-01,2006Q1,Mutual funds,Domestic financial,LM653061105,BOGZ1LM653061105Q,169426.0,169.426,4035.21,0.041986910222764115
2006-01-01,2006Q1,Noncorporate businesses,Domestic nonfinancial,LM113061003,BOGZ1LM113061003Q,56213.0,56.213,4035.21,0.013930625667561291
2006-01-01,2006Q1,Nonfinancial corporations,Domestic nonfinancial,LM103061103,BOGZ1LM103061103Q,50010.0,50.01,4035.21,0.012393407034578125
2006-01-01,2006Q1,Other financial business,Domestic financial,FL503061123,BOGZ1FL503061123Q,15150.0,15.15,4035.21,0.0037544514411889346
2006-01-01,2006Q1,Private pension funds,Domestic financial,LM573061105,BOGZ1LM573061105Q,125213.0,125.213,4035.21,0.031030107478916834
2006-01-01,2006Q1,Property-casualty insurers,Domestic financial,LM513061105,BOGZ1LM513061105Q,109233.0,109.233,4035.21,0.027069966618837683
2006-01-01,2006Q1,Rest of world,Foreign,LM263061105,ROWTSEQ027S,1994177.0,1994.177,4035.21,0.49419410637860234
2006-01-01,2006Q1,State and local governments,Domestic government,LM213061103,BOGZ1LM213061103Q,299279.0,299.279,4035.21,0.07416689589885037
2006-01-01,2006Q1,State and local pension funds,Domestic government,LM223061143,BOGZ1LM223061143Q,151826.0,151.826,4035.21,0.03762530326798357
2006-01-01,2006Q1,Total assets,Total,FL893061105,BOGZ1FL893061105Q,4035210.0,4035.21,4035.21,1.0
2006-01-01,2006Q1,U.S.-chartered banks,Domestic financial,LM763061100,BOGZ1LM763061100Q,74201.0,74.201,4035.21,0.018388386230208588
2006-04-01,2006Q2,ABS issuers,Domestic financial,FL673061103,BOGZ1FL673061103Q,39718.0,39.718,3922.559,0.010125532847307077
2006-04-01,2006Q2,Banks in U.S.-affiliated areas,Domestic financial,LM743061103,BOGZ1LM743061103Q,3726.0,3.726,3922.559,0.0009498901100021695
2006-04-01,2006Q2,Brokers and dealers,Domestic financial,LM663061105,BOGZ1LM663061105Q,-69427.0,-69.427,3922.559,-0.017699415101213267
2006-04-01,2006Q2,Closed-end funds,Domestic financial,LM553061103,BOGZ1LM553061103Q,7526.0,7.526,3922.559,0.0019186454556833943
2006-04-01,2006Q2,Credit unions,Domestic financial,LM473061105,BOGZ1LM473061105Q,7829.0,7.829,3922.559,0.001995890947720608
2006-04-01,2006Q2,Exchange-traded funds,Domestic financial,LM563061103,BOGZ1LM563061103Q,11517.0,11.517,3922.559,0.002936093504265965
2006-04-01,2006Q2,Federal Reserve,Domestic financial,LM713061103,BOGZ1LM713061103Q,766364.0,766.364,3922.559,0.19537347940464375
2006-04-01,2006Q2,Federal government pension funds,Domestic government,LM343061105,BOGZ1LM343061105Q,17404.0,17.404,3922.559,0.00443689948322001
2006-04-01,2006Q2,Foreign bank offices in U.S.,Domestic financial,LM753061103,BOGZ1LM753061103Q,26992.0,26.992,3922.559,0.006881222181744111
2006-04-01,2006Q2,Government-sponsored enterprises,Domestic financial,LM403061105,BOGZ1LM403061105Q,13758.0,13.758,3922.559,0.003507404222600603
2006-04-01,2006Q2,Holding companies,Domestic financial,LM733061103,BOGZ1LM733061103Q,2689.0,2.689,3922.559,0.0006855218748781089
2006-04-01,2006Q2,Households and nonprofits,Domestic nonfinancial,LM153061105,BOGZ1LM153061105Q,-115642.0,-115.642,3922.559,-0.029481264654017948
2006-04-01,2006Q2,Life insurers,Domestic financial,LM543061105,BOGZ1LM543061105Q,97229.0,97.229,3922.559,0.024787135132957844
2006-04-01,2006Q2,Money market funds,Domestic financial,FL633061105,BOGZ1FL633061105Q,81491.0,81.491,3922.559,0.02077495838813387
2006-04-01,2006Q2,Mutual funds,Domestic financial,LM653061105,BOGZ1LM653061105Q,162940.0,162.94,3922.559,0.04153920948034179
2006-04-01,2006Q2,Noncorporate businesses,Domestic nonfinancial,LM113061003,BOGZ1LM113061003Q,56252.0,56.252,3922.559,0.014340638343489543
2006-04-01,2006Q2,Nonfinancial corporations,Domestic nonfinancial,LM103061103,BOGZ1LM103061103Q,44880.0,44.88,3922.559,0.011441510503729836
2006-04-01,2006Q2,Other financial business,Domestic financial,FL503061123,BOGZ1FL503061123Q,15102.0,15.102,3922.559,0.0038500376922310153
2006-04-01,2006Q2,Private pension funds,Domestic financial,LM573061105,BOGZ1LM573061105Q,125483.0,125.483,3922.559,0.03199008606371504
2006-04-01,2006Q2,Property-casualty insurers,Domestic financial,LM513061105,BOGZ1LM513061105Q,106484.0,106.484,3922.559,0.027146564270926196
2006-04-01,2006Q2,Rest of world,Foreign,LM263061105,ROWTSEQ027S,1980211.0,1980.211,3922.559,0.5048263136386221
2006-04-01,2006Q2,State and local governments,Domestic government,LM213061103,BOGZ1LM213061103Q,312678.0,312.678,3922.559,0.07971275894129316
2006-04-01,2006Q2,State and local pension funds,Domestic government,LM223061143,BOGZ1LM223061143Q,148982.0,148.982,3922.559,0.03798081813428428
2006-04-01,2006Q2,Total assets,Total,FL893061105,BOGZ1FL893061105Q,3922559.0,3922.559,3922.559,1.0
2006-04-01,2006Q2,U.S.-chartered banks,Domestic financial,LM763061100,BOGZ1LM763061100Q,78373.0,78.373,3922.559,0.019980069133440696
2006-07-01,2006Q3,ABS issuers,Domestic financial,FL673061103,BOGZ1FL673061103Q,47036.0,47.036,4019.127,0.011703038993293818
2006-07-01,2006Q3,Banks in U.S.-affiliated areas,Domestic financial,LM743061103,BOGZ1LM743061103Q,3298.0,3.298,4019.127,0.0008205762097092229
2006-07-01,2006Q3,Brokers and dealers,Domestic financial,LM663061105,BOGZ1LM663061105Q,-66242.0,-66.242,4019.127,-0.01648168868512988
2006-07-01,2006Q3,Closed-end funds,Domestic financial,LM553061103,BOGZ1LM553061103Q,7728.0,7.728,4019.127,0.0019228056242064507
2006-07-01,2006Q3,Credit unions,Domestic financial,LM473061105,BOGZ1LM473061105Q,7820.0,7.82,4019.127,0.0019456961673517657
2006-07-01,2006Q3,Exchange-traded funds,Domestic financial,LM563061103,BOGZ1LM563061103Q,12045.0,12.045,4019.127,0.002996919480275194
2006-07-01,2006Q3,Federal Reserve,Domestic financial,LM713061103,BOGZ1LM713061103Q,768924.0,768.924,4019.127,0.1913161738855229
2006-07-01,2006Q3,Federal government pension funds,Domestic government,LM343061105,BOGZ1LM343061105Q,17383.0,17.383,4019.127,0.004325068603206616
2006-07-01,2006Q3,Foreign bank offices in U.S.,Domestic financial,LM753061103,BOGZ1LM753061103Q,29877.0,29.877,4019.127,0.007433703886441011
2006-07-01,2006Q3,Government-sponsored enterprises,Domestic financial,LM403061105,BOGZ1LM403061105Q,13971.0,13.971,4019.127,0.00347612802481733
2006-07-01,2006Q3,Holding companies,Domestic financial,LM733061103,BOGZ1LM733061103Q,2323.0,2.323,4019.127,0.000577986214419201
2006-07-01,2006Q3,Households and nonprofits,Domestic nonfinancial,LM153061105,BOGZ1LM153061105Q,-133659.0,-133.659,4019.127,-0.03325572941586568
2006-07-01,2006Q3,Life insurers,Domestic financial,LM543061105,BOGZ1LM543061105Q,95195.0,95.195,4019.127,0.023685491899111424
2006-07-01,2006Q3,Money market funds,Domestic financial,FL633061105,BOGZ1FL633061105Q,73141.0,73.141,4019.127,0.018198230610776918
2006-07-01,2006Q3,Mutual funds,Domestic financial,LM653061105,BOGZ1LM653061105Q,168127.0,168.127,4019.127,0.041831721167308225
2006-07-01,2006Q3,Noncorporate businesses,Domestic nonfinancial,LM113061003,BOGZ1LM113061003Q,56291.0,56.291,4019.127,0.014005777871662179
2006-07-01,2006Q3,Nonfinancial corporations,Domestic nonfinancial,LM103061103,BOGZ1LM103061103Q,44794.0,44.794,4019.127,0.011145206409252557
2006-07-01,2006Q3,Other financial business,Domestic financial,FL503061123,BOGZ1FL503061123Q,15155.0,15.155,4019.127,0.003770719362687469
2006-07-01,2006Q3,Private pension funds,Domestic financial,LM573061105,BOGZ1LM573061105Q,130414.0,130.414,4019.127,0.03244834014949017
2006-07-01,2006Q3,Property-casualty insurers,Domestic financial,LM513061105,BOGZ1LM513061105Q,108582.0,108.582,4019.127,0.02701631473700632
2006-07-01,2006Q3,Rest of world,Foreign,LM263061105,ROWTSEQ027S,2056542.0,2056.542,4019.127,0.511688732403828
2006-07-01,2006Q3,State and local governments,Domestic government,LM213061103,BOGZ1LM213061103Q,336228.0,336.228,4019.127,0.08365697326807538
2006-07-01,2006Q3,State and local pension funds,Domestic government,LM223061143,BOGZ1LM223061143Q,153858.0,153.858,4019.127,0.038281447687520204
2006-07-01,2006Q3,Total assets,Total,FL893061105,BOGZ1FL893061105Q,4019127.0,4019.127,4019.127,1.0
2006-07-01,2006Q3,U.S.-chartered banks,Domestic financial,LM763061100,BOGZ1LM763061100Q,70296.0,70.296,4019.127,0.017490365445033216
2006-10-01,2006Q4,ABS issuers,Domestic financial,FL673061103,BOGZ1FL673061103Q,52455.0,52.455,4057.909,0.012926608260559809
2006-10-01,2006Q4,Banks in U.S.-affiliated areas,Domestic financial,LM743061103,BOGZ1LM743061103Q,3687.0,3.687,4057.909,0.0009085960281514444
2006-10-01,2006Q4,Brokers and dealers,Domestic financial,LM663061105,BOGZ1LM663061105Q,-49266.0,-49.266,4057.909,-0.012140735536454858
2006-10-01,2006Q4,Closed-end funds,Domestic financial,LM553061103,BOGZ1LM553061103Q,7809.0,7.809,4057.909,0.0019243901230904883
2006-10-01,2006Q4,Credit unions,Domestic financial,LM473061105,BOGZ1LM473061105Q,7602.0,7.602,4057.909,0.0018733786292398375
2006-10-01,2006Q4,Exchange-traded funds,Domestic financial,LM563061103,BOGZ1LM563061103Q,12883.0,12.883,4057.909,0.003174787803275036
2006-10-01,2006Q4,Federal Reserve,Domestic financial,LM713061103,BOGZ1LM713061103Q,778915.0,778.915,4057.909,0.19194984411922494
2006-10-01,2006Q4,Federal government pension funds,Domestic government,LM343061105,BOGZ1LM343061105Q,17508.0,17.508,4057.909,0.004314537363947786
2006-10-01,2006Q4,Foreign bank offices in U.S.,Domestic financial,LM753061103,BOGZ1LM753061103Q,26795.0,26.795,4057.909,0.00660315448177867
2006-10-01,2006Q4,Government-sponsored enterprises,Domestic financial,LM403061105,BOGZ1LM403061105Q,14247.0,14.247,4057.909,0.003510921511546957
2006-10-01,2006Q4,Holding companies,Domestic financial,LM733061103,BOGZ1LM733061103Q,2566.0,2.566,4057.909,0.000632345377878114
2006-10-01,2006Q4,Households and nonprofits,Domestic nonfinancial,LM153061105,BOGZ1LM153061105Q,-239033.0,-239.033,4057.909,-0.05890546091595449
2006-10-01,2006Q4,Life insurers,Domestic financial,LM543061105,BOGZ1LM543061105Q,91557.0,91.557,4057.909,0.02256260551924649
2006-10-01,2006Q4,Money market funds,Domestic financial,FL633061105,BOGZ1FL633061105Q,84451.0,84.451,4057.909,0.020811457329378256
2006-10-01,2006Q4,Mutual funds,Domestic financial,LM653061105,BOGZ1LM653061105Q,173246.0,173.246,4057.909,0.042693416732607854
2006-10-01,2006Q4,Noncorporate businesses,Domestic nonfinancial,LM113061003,BOGZ1LM113061003Q,56329.0,56.329,4057.909,0.013881287135813051
2006-10-01,2006Q4,Nonfinancial corporations,Domestic nonfinancial,LM103061103,BOGZ1LM103061103Q,45463.0,45.463,4057.909,0.011203553357160055
2006-10-01,2006Q4,Other financial business,Domestic financial,FL503061123,BOGZ1FL503061123Q,17706.0,17.706,4057.909,0.0043633309667614525
2006-10-01,2006Q4,Private pension funds,Domestic financial,LM573061105,BOGZ1LM573061105Q,131590.0,131.59,4057.909,0.03242803128409237
2006-10-01,2006Q4,Property-casualty insurers,Domestic financial,LM513061105,BOGZ1LM513061105Q,112564.0,112.564,4057.909,0.027739409631906478
2006-10-01,2006Q4,Rest of world,Foreign,LM263061105,ROWTSEQ027S,2126178.0,2126.178,4057.909,0.5239590143593659
2006-10-01,2006Q4,State and local governments,Domestic government,LM213061103,BOGZ1LM213061103Q,351018.0,351.018,4057.909,0.08650218622448161
2006-10-01,2006Q4,State and local pension funds,Domestic government,LM223061143,BOGZ1LM223061143Q,157228.0,157.228,4057.909,0.03874606355144977
2006-10-01,2006Q4,Total assets,Total,FL893061105,BOGZ1FL893061105Q,4057909.0,4057.909,4057.909,1.0
2006-10-01,2006Q4,U.S.-chartered banks,Domestic financial,LM763061100,BOGZ1LM763061100Q,74411.0,74.411,4057.909,0.01833727666145298
2007-01-01,2007Q1,ABS issuers,Domestic financial,FL673061103,BOGZ1FL673061103Q,60362.0,60.362,4198.749,0.014376186811833716
2007-01-01,2007Q1,Banks in U.S.-affiliated areas,Domestic financial,LM743061103,BOGZ1LM743061103Q,3147.0,3.147,4198.749,0.0007495089608833488
2007-01-01,2007Q1,Brokers and dealers,Domestic financial,LM663061105,BOGZ1LM663061105Q,-51832.0,-51.832,4198.749,-0.012344629316970364
2007-01-01,2007Q1,Closed-end funds,Domestic financial,LM553061103,BOGZ1LM553061103Q,7637.0,7.637,4198.749,0.001818875098273319
2007-01-01,2007Q1,Credit unions,Domestic financial,LM473061105,BOGZ1LM473061105Q,7434.0,7.434,4198.749,0.0017705273642220577
2007-01-01,2007Q1,Exchange-traded funds,Domestic financial,LM563061103,BOGZ1LM563061103Q,13832.0,13.832,4198.749,0.003294314568458367
2007-01-01,2007Q1,Federal Reserve,Domestic financial,LM713061103,BOGZ1LM713061103Q,780901.0,780.901,4198.749,0.18598420624809914
2007-01-01,2007Q1,Federal government pension funds,Domestic government,LM343061105,BOGZ1LM343061105Q,17587.0,17.587,4198.749,0.004188628565317908
2007-01-01,2007Q1,Foreign bank offices in U.S.,Domestic financial,LM753061103,BOGZ1LM753061103Q,31250.0,31.25,4198.749,0.007442693049763156
2007-01-01,2007Q1,Government-sponsored enterprises,Domestic financial,LM403061105,BOGZ1LM403061105Q,14526.0,14.526,4198.749,0.0034596018957075074
2007-01-01,2007Q1,Holding companies,Domestic financial,LM733061103,BOGZ1LM733061103Q,766.0,0.766,4198.749,0.00018243529203579447
2007-01-01,2007Q1,Households and nonprofits,Domestic nonfinancial,LM153061105,BOGZ1LM153061105Q,-223955.0,-223.955,4198.749,-0.05333850630271065
2007-01-01,2007Q1,Life insurers,Domestic financial,LM543061105,BOGZ1LM543061105Q,87854.0,87.854,4198.749,0.020923851366204553
2007-01-01,2007Q1,Money market funds,Domestic financial,FL633061105,BOGZ1FL633061105Q,93210.0,93.21,4198.749,0.022199469413389558
2007-01-01,2007Q1,Mutual funds,Domestic financial,LM653061105,BOGZ1LM653061105Q,180427.0,180.427,4198.749,0.04297160892446774
2007-01-01,2007Q1,Noncorporate businesses,Domestic nonfinancial,LM113061003,BOGZ1LM113061003Q,57082.0,57.082,4198.749,0.013595001749330576
2007-01-01,2007Q1,Nonfinancial corporations,Domestic nonfinancial,LM103061103,BOGZ1LM103061103Q,39167.0,39.167,4198.749,0.009328254677762353
2007-01-01,2007Q1,Other financial business,Domestic financial,FL503061123,BOGZ1FL503061123Q,18111.0,18.111,4198.749,0.004313427642376337
2007-01-01,2007Q1,Private pension funds,Domestic financial,LM573061105,BOGZ1LM573061105Q,132726.0,132.726,4198.749,0.03161084408713167
2007-01-01,2007Q1,Property-casualty insurers,Domestic financial,LM513061105,BOGZ1LM513061105Q,104479.0,104.479,4198.749,0.024883364068678554
2007-01-01,2007Q1,Rest of world,Foreign,LM263061105,ROWTSEQ027S,2221996.0,2221.996,4198.749,0.529204293945649
2007-01-01,2007Q1,State and local governments,Domestic government,LM213061103,BOGZ1LM213061103Q,378104.0,378.104,4198.749,0.09005158441240474
2007-01-01,2007Q1,State and local pension funds,Domestic government,LM223061143,BOGZ1LM223061143Q,146314.0,146.314,4198.749,0.034847046108257486
2007-01-01,2007Q1,Total assets,Total,FL893061105,BOGZ1FL893061105Q,4198749.0,4198.749,4198.749,1.0
2007-01-01,2007Q1,U.S.-chartered banks,Domestic financial,LM763061100,BOGZ1LM763061100Q,77624.0,77.624,4198.749,0.018487411369434086
2007-04-01,2007Q2,ABS issuers,Domestic financial,FL673061103,BOGZ1FL673061103Q,69872.0,69.872,4042.956,0.017282404260644934
2007-04-01,2007Q2,Banks in U.S.-affiliated areas,Domestic financial,LM743061103,BOGZ1LM743061103Q,3161.0,3.161,4042.956,0.0007818536734013429
2007-04-01,2007Q2,Brokers and dealers,Domestic financial,LM663061105,BOGZ1LM663061105Q,-111030.0,-111.03,4042.956,-0.02746257936025027
2007-04-01,2007Q2,Closed-end funds,Domestic financial,LM553061103,BOGZ1LM553061103Q,6995.0,6.995,4042.956,0.0017301697075110388
2007-04-01,2007Q2,Credit unions,Domestic financial,LM473061105,BOGZ1LM473061105Q,7369.0,7.369,4042.956,0.0018226762794351459
2007-04-01,2007Q2,Exchange-traded funds,Domestic financial,LM563061103,BOGZ1LM563061103Q,15794.0,15.794,4042.956,0.003906547585479535
2007-04-01,2007Q2,Federal Reserve,Domestic financial,LM713061103,BOGZ1LM713061103Q,790522.0,790.522,4042.956,0.19553069585718966
2007-04-01,2007Q2,Federal government pension funds,Domestic government,LM343061105,BOGZ1LM343061105Q,17575.0,17.575,4042.956,0.004347066849107435
2007-04-01,2007Q2,Foreign bank offices in U.S.,Domestic financial,LM753061103,BOGZ1LM753061103Q,23261.0,23.261,4042.956,0.005753463554884099
2007-04-01,2007Q2,Government-sponsored enterprises,Domestic financial,LM403061105,BOGZ1LM403061105Q,14837.0,14.837,4042.956,0.0036698395926149084
2007-04-01,2007Q2,Holding companies,Domestic financial,LM733061103,BOGZ1LM733061103Q,848.0,0.848,4042.956,0.00020974752136802873
2007-04-01,2007Q2,Households and nonprofits,Domestic nonfinancial,LM153061105,BOGZ1LM153061105Q,-274296.0,-274.296,4042.956,-0.06784540816175096
2007-04-01,2007Q2,Life insurers,Domestic financial,LM543061105,BOGZ1LM543061105Q,84091.0,84.091,4042.956,0.020799385400187387
2007-04-01,2007Q2,Money market funds,Domestic financial,FL633061105,BOGZ1FL633061105Q,91642.0,91.642,4042.956,0.022667078246708595
2007-04-01,2007Q2,Mutual funds,Domestic financial,LM653061105,BOGZ1LM653061105Q,179473.0,179.473,4042.956,0.04439152936613706
2007-04-01,2007Q2,Noncorporate businesses,Domestic nonfinancial,LM113061003,BOGZ1LM113061003Q,57834.0,57.834,4042.956,0.014304879894809639
2007-04-01,2007Q2,Nonfinancial corporations,Domestic nonfinancial,LM103061103,BOGZ1LM103061103Q,33119.0,33.119,4042.956,0.008191778490787434
2007-04-01,2007Q2,Other financial business,Domestic financial,FL503061123,BOGZ1FL503061123Q,18159.0,18.159,4042.956,0.004491515613823153
2007-04-01,2007Q2,Private pension funds,Domestic financial,LM573061105,BOGZ1LM573061105Q,131281.0,131.281,4042.956,0.03247153815178795
2007-04-01,2007Q2,Property-casualty insurers,Domestic financial,LM513061105,BOGZ1LM513061105Q,92294.0,92.294,4042.956,0.022828346388137785
2007-04-01,2007Q2,Rest of world,Foreign,LM263061105,ROWTSEQ027S,2193645.0,2193.645,4042.956,0.5425844357445394
2007-04-01,2007Q2,State and local governments,Domestic government,LM213061103,BOGZ1LM213061103Q,358174.0,358.174,4042.956,0.08859210933782113
2007-04-01,2007Q2,State and local pension funds,Domestic government,LM223061143,BOGZ1LM223061143Q,162417.0,162.417,4042.956,0.040172833936357455
2007-04-01,2007Q2,Total assets,Total,FL893061105,BOGZ1FL893061105Q,4042956.0,4042.956,4042.956,1.0
2007-04-01,2007Q2,U.S.-chartered banks,Domestic financial,LM763061100,BOGZ1LM763061100Q,75919.0,75.919,4042.956,0.01877809206926813
2007-07-01,2007Q3,ABS issuers,Domestic financial,FL673061103,BOGZ1FL673061103Q,78632.0,78.632,4208.023,0.018686209652371197
2007-07-01,2007Q3,Banks in U.S.-affiliated areas,Domestic financial,LM743061103,BOGZ1LM743061103Q,2211.0,2.211,4208.023,0.0005254248847974452
2007-07-01,2007Q3,Brokers and dealers,Domestic financial,LM663061105,BOGZ1LM663061105Q,-43674.0,-43.674,4208.023,-0.010378745553434475
2007-07-01,2007Q3,Closed-end funds,Domestic financial,LM553061103,BOGZ1LM553061103Q,7002.0,7.002,4208.023,0.0016639642891685714
2007-07-01,2007Q3,Credit unions,Domestic financial,LM473061105,BOGZ1LM473061105Q,7165.0,7.165,4208.023,0.0017026998188935754
2007-07-01,2007Q3,Exchange-traded funds,Domestic financial,LM563061103,BOGZ1LM563061103Q,17664.0,17.664,4208.023,0.0041976956874998075
2007-07-01,2007Q3,Federal Reserve,Domestic financial,LM713061103,BOGZ1LM713061103Q,779632.0,779.632,4208.023,0.1852727515985535
2007-07-01,2007Q3,Federal government pension funds,Domestic government,LM343061105,BOGZ1LM343061105Q,18755.0,18.755,4208.023,0.0044569623312420105
2007-07-01,2007Q3,Foreign bank offices in U.S.,Domestic financial,LM753061103,BOGZ1LM753061103Q,30131.0,30.131,4208.023,0.007160369608245962
2007-07-01,2007Q3,Government-sponsored enterprises,Domestic financial,LM403061105,BOGZ1LM403061105Q,15050.0,15.05,4208.023,0.0035765013641798063
2007-07-01,2007Q3,Holding companies,Domestic financial,LM733061103,BOGZ1LM733061103Q,721.0,0.721,4208.023,0.00017133936767931162
2007-07-01,2007Q3,Households and nonprofits,Domestic nonfinancial,LM153061105,BOGZ1LM153061105Q,-311410.0,-311.41,4208.023,-0.07400387307768994
2007-07-01,2007Q3,Life insurers,Domestic financial,LM543061105,BOGZ1LM543061105Q,80115.0,80.115,4208.023,0.019038631680482733
2007-07-01,2007Q3,Money market funds,Domestic financial,FL633061105,BOGZ1FL633061105Q,130326.0,130.326,4208.023,0.03097083832479052
2007-07-01,2007Q3,Mutual funds,Domestic financial,LM653061105,BOGZ1LM653061105Q,176449.0,176.449,4208.023,0.041931567389246686
2007-07-01,2007Q3,Noncorporate businesses,Domestic nonfinancial,LM113061003,BOGZ1LM113061003Q,58587.0,58.587,4208.023,0.013922690061342346
2007-07-01,2007Q3,Nonfinancial corporations,Domestic nonfinancial,LM103061103,BOGZ1LM103061103Q,38968.0,38.968,4208.023,0.009260405658429149
2007-07-01,2007Q3,Other financial business,Domestic financial,FL503061123,BOGZ1FL503061123Q,17878.0,17.878,4208.023,0.004248550922844291
2007-07-01,2007Q3,Private pension funds,Domestic financial,LM573061105,BOGZ1LM573061105Q,135527.0,135.527,4208.023,0.0322068106566908
2007-07-01,2007Q3,Property-casualty insurers,Domestic financial,LM513061105,BOGZ1LM513061105Q,82978.0,82.978,4208.023,0.019718998684180193
2007-07-01,2007Q3,Rest of world,Foreign,LM263061105,ROWTSEQ027S,2248372.0,2248.372,4208.023,0.5343060149623706
2007-07-01,2007Q3,State and local governments,Domestic government,LM213061103,BOGZ1LM213061103Q,397980.0,397.98,4208.023,0.09457647926354015
2007-07-01,2007Q3,State and local pension funds,Domestic government,LM223061143,BOGZ1LM223061143Q,160898.0,160.898,4208.023,0.03823600774045199
2007-07-01,2007Q3,Total assets,Total,FL893061105,BOGZ1FL893061105Q,4208023.0,4208.023,4208.023,1.0
2007-07-01,2007Q3,U.S.-chartered banks,Domestic financial,LM763061100,BOGZ1LM763061100Q,78066.0,78.066,4208.023,0.01855170468412364
2007-10-01,2007Q4,ABS issuers,Domestic financial,FL673061103,BOGZ1FL673061103Q,80024.0,80.024,4362.832,0.018342214414857137
2007-10-01,2007Q4,Banks in U.S.-affiliated areas,Domestic financial,LM743061103,BOGZ1LM743061103Q,1834.0,1.834,4362.832,0.0004203691547141856
2007-10-01,2007Q4,Brokers and dealers,Domestic financial,LM663061105,BOGZ1LM663061105Q,-43174.0,-43.174,4362.832,-0.009895865804596646
2007-10-01,2007Q4,Closed-end funds,Domestic financial,LM553061103,BOGZ1LM553061103Q,6355.0,6.355,4362.832,0.0014566226707789802
2007-10-01,2007Q4,Credit unions,Domestic financial,LM473061105,BOGZ1LM473061105Q,10531.0,10.531,4362.832,0.0024137991103026658
2007-10-01,2007Q4,Exchange-traded funds,Domestic financial,LM563061103,BOGZ1LM563061103Q,20789.0,20.789,4362.832,0.004765024186124975
2007-10-01,2007Q4,Federal Reserve,Domestic financial,LM713061103,BOGZ1LM713061103Q,740611.0,740.611,4362.832,0.1697546456063401
2007-10-01,2007Q4,Federal government pension funds,Domestic government,LM343061105,BOGZ1LM343061105Q,18824.0,18.824,4362.832,0.00431462866321692
2007-10-01,2007Q4,Foreign bank offices in U.S.,Domestic financial,LM753061103,BOGZ1LM753061103Q,30403.0,30.403,4362.832,0.006968638719070548
2007-10-01,2007Q4,Government-sponsored enterprises,Domestic financial,LM403061105,BOGZ1LM403061105Q,15547.0,15.547,4362.832,0.0035635110405351387
2007-10-01,2007Q4,Holding companies,Domestic financial,LM733061103,BOGZ1LM733061103Q,7177.0,7.177,4362.832,0.001645032400972579
2007-10-01,2007Q4,Households and nonprofits,Domestic nonfinancial,LM153061105,BOGZ1LM153061105Q,-317699.0,-317.699,4362.832,-0.07281944388415598
2007-10-01,2007Q4,Life insurers,Domestic financial,LM543061105,BOGZ1LM543061105Q,75683.0,75.683,4362.832,0.017347218503944228
2007-10-01,2007Q4,Money market funds,Domestic financial,FL633061105,BOGZ1FL633061105Q,181813.0,181.813,4362.832,0.04167316091932946
2007-10-01,2007Q4,Mutual funds,Domestic financial,LM653061105,BOGZ1LM653061105Q,185444.0,185.444,4362.832,0.04250541849880994
2007-10-01,2007Q4,Noncorporate businesses,Domestic nonfinancial,LM113061003,BOGZ1LM113061003Q,59339.0,59.339,4362.832,0.01360102795615325
2007-10-01,2007Q4,Nonfinancial corporations,Domestic nonfinancial,LM103061103,BOGZ1LM103061103Q,38319.0,38.319,4362.832,0.008783056510083358
2007-10-01,2007Q4,Other financial business,Domestic financial,FL503061123,BOGZ1FL503061123Q,22848.0,22.848,4362.832,0.005236965347279014
2007-10-01,2007Q4,Private pension funds,Domestic financial,LM573061105,BOGZ1LM573061105Q,140096.0,140.096,4362.832,0.032111252507545554
2007-10-01,2007Q4,Property-casualty insurers,Domestic financial,LM513061105,BOGZ1LM513061105Q,74536.0,74.536,4362.832,0.017084315875559728
2007-10-01,2007Q4,Rest of world,Foreign,LM263061105,ROWTSEQ027S,2376442.0,2376.442,4362.832,0.5447016983463951
2007-10-01,2007Q4,State and local governments,Domestic government,LM213061103,BOGZ1LM213061103Q,408232.0,408.232,4362.832,0.09357041481313055
2007-10-01,2007Q4,State and local pension funds,Domestic government,LM223061143,BOGZ1LM223061143Q,148802.0,148.802,4362.832,0.03410674534339163
2007-10-01,2007Q4,Total assets,Total,FL893061105,BOGZ1FL893061105Q,4362832.0,4362.832,4362.832,1.0
2007-10-01,2007Q4,U.S.-chartered banks,Domestic financial,LM763061100,BOGZ1LM763061100Q,80056.0,80.056,4362.832,0.018349549100217473
2008-01-01,2008Q1,ABS issuers,Domestic financial,FL673061103,BOGZ1FL673061103Q,79286.0,79.286,4642.36,0.017078813362169244
2008-01-01,2008Q1,Banks in U.S.-affiliated areas,Domestic financial,LM743061103,BOGZ1LM743061103Q,1405.0,1.405,4642.36,0.0003026477912096434
2008-01-01,2008Q1,Brokers and dealers,Domestic financial,LM663061105,BOGZ1LM663061105Q,-20874.0,-20.874,4642.36,-0.004496419924348823
2008-01-01,2008Q1,Closed-end funds,Domestic financial,LM553061103,BOGZ1LM553061103Q,6295.0,6.295,4642.36,0.001355991349227548
2008-01-01,2008Q1,Credit unions,Domestic financial,LM473061105,BOGZ1LM473061105Q,11376.0,11.376,4642.36,0.002450477774235518
2008-01-01,2008Q1,Exchange-traded funds,Domestic financial,LM563061103,BOGZ1LM563061103Q,22318.0,22.318,4642.36,0.00480746861510094
2008-01-01,2008Q1,Federal Reserve,Domestic financial,LM713061103,BOGZ1LM713061103Q,591234.0,591.234,4642.36,0.12735634461782372
2008-01-01,2008Q1,Federal government pension funds,Domestic government,LM343061105,BOGZ1LM343061105Q,19267.0,19.267,4642.36,0.004150259781662775
2008-01-01,2008Q1,Foreign bank offices in U.S.,Domestic financial,LM753061103,BOGZ1LM753061103Q,37557.0,37.557,4642.36,0.008090066259402546
2008-01-01,2008Q1,Government-sponsored enterprises,Domestic financial,LM403061105,BOGZ1LM403061105Q,15716.0,15.716,4642.36,0.003385347107936481
2008-01-01,2008Q1,Holding companies,Domestic financial,LM733061103,BOGZ1LM733061103Q,6424.0,6.424,4642.36,0.0013837789400218856
2008-01-01,2008Q1,Households and nonprofits,Domestic nonfinancial,LM153061105,BOGZ1LM153061105Q,-214488.0,-214.488,4642.36,-0.04620236259144057
2008-01-01,2008Q1,Life insurers,Domestic financial,LM543061105,BOGZ1LM543061105Q,87166.0,87.166,4642.36,0.01877622588511016
2008-01-01,2008Q1,Money market funds,Domestic financial,FL633061105,BOGZ1FL633061105Q,302500.0,302.5,4642.36,0.06516082337431824
2008-01-01,2008Q1,Mutual funds,Domestic financial,LM653061105,BOGZ1LM653061105Q,190110.0,190.11,4642.36,0.040951154154352534
2008-01-01,2008Q1,Noncorporate businesses,Domestic nonfinancial,LM113061003,BOGZ1LM113061003Q,57456.0,57.456,4642.36,0.012376463695189518
2008-01-01,2008Q1,Nonfinancial corporations,Domestic nonfinancial,LM103061103,BOGZ1LM103061103Q,27239.0,27.239,4642.36,0.005867489811216709
2008-01-01,2008Q1,Other financial business,Domestic financial,FL503061123,BOGZ1FL503061123Q,23625.0,23.625,4642.36,0.005089006453614111
2008-01-01,2008Q1,Private pension funds,Domestic financial,LM573061105,BOGZ1LM573061105Q,143945.0,143.945,4642.36,0.031006858580549548
2008-01-01,2008Q1,Property-casualty insurers,Domestic financial,LM513061105,BOGZ1LM513061105Q,75784.0,75.784,4642.36,0.016324455664791186
2008-01-01,2008Q1,Rest of world,Foreign,LM263061105,ROWTSEQ027S,2556533.0,2556.533,4642.36,0.5506968438466642
2008-01-01,2008Q1,State and local governments,Domestic government,LM213061103,BOGZ1LM213061103Q,405689.0,405.689,4642.36,0.0873885265253018
2008-01-01,2008Q1,State and local pension funds,Domestic government,LM223061143,BOGZ1LM223061143Q,146695.0,146.695,4642.36,0.03159922970213426
2008-01-01,2008Q1,Total assets,Total,FL893061105,BOGZ1FL893061105Q,4642360.0,4642.36,4642.36,1.0
2008-01-01,2008Q1,U.S.-chartered banks,Domestic financial,LM763061100,BOGZ1LM763061100Q,70102.0,70.102,4642.36,0.015100509223756884
2008-04-01,2008Q2,ABS issuers,Domestic financial,FL673061103,BOGZ1FL673061103Q,74828.0,74.828,4515.534,0.016571240522161943
2008-04-01,2008Q2,Banks in U.S.-affiliated areas,Domestic financial,LM743061103,BOGZ1LM743061103Q,1207.0,1.207,4515.534,0.0002672995043332638
2008-04-01,2008Q2,Brokers and dealers,Domestic financial,LM663061105,BOGZ1LM663061105Q,-47335.0,-47.335,4515.534,-0.010482702599515363
2008-04-01,2008Q2,Closed-end funds,Domestic financial,LM553061103,BOGZ1LM553061103Q,5887.0,5.887,4515.534,0.0013037217746561093
2008-04-01,2008Q2,Credit unions,Domestic financial,LM473061105,BOGZ1LM473061105Q,10557.0,10.557,4515.534,0.002337929467478265
2008-04-01,2008Q2,Exchange-traded funds,Domestic financial,LM563061103,BOGZ1LM563061103Q,23387.0,23.387,4515.534,0.005179232400863331
2008-04-01,2008Q2,Federal Reserve,Domestic financial,LM713061103,BOGZ1LM713061103Q,478841.0,478.841,4515.534,0.10604305050078242
2008-04-01,2008Q2,Federal government pension funds,Domestic government,LM343061105,BOGZ1LM343061105Q,19046.0,19.046,4515.534,0.0042178843078138715
2008-04-01,2008Q2,Foreign bank offices in U.S.,Domestic financial,LM753061103,BOGZ1LM753061103Q,35024.0,35.024,4515.534,0.007756336238416099
2008-04-01,2008Q2,Government-sponsored enterprises,Domestic financial,LM403061105,BOGZ1LM403061105Q,24046.0,24.046,4515.534,0.005325173058158792
2008-04-01,2008Q2,Holding companies,Domestic financial,LM733061103,BOGZ1LM733061103Q,11960.0,11.96,4515.534,0.00264863469082505
2008-04-01,2008Q2,Households and nonprofits,Domestic nonfinancial,LM153061105,BOGZ1LM153061105Q,-180487.0,-180.487,4515.534,-0.03997024493670073
2008-04-01,2008Q2,Life insurers,Domestic financial,LM543061105,BOGZ1LM543061105Q,99184.0,99.184,4515.534,0.02196506548284212
2008-04-01,2008Q2,Money market funds,Domestic financial,FL633061105,BOGZ1FL633061105Q,289666.0,289.666,4515.534,0.06414878063148235
2008-04-01,2008Q2,Mutual funds,Domestic financial,LM653061105,BOGZ1LM653061105Q,172832.0,172.832,4515.534,0.03827498585992266
2008-04-01,2008Q2,Noncorporate businesses,Domestic nonfinancial,LM113061003,BOGZ1LM113061003Q,55572.0,55.572,4515.534,0.012306850086833585
2008-04-01,2008Q2,Nonfinancial corporations,Domestic nonfinancial,LM103061103,BOGZ1LM103061103Q,28797.0,28.797,4515.534,0.006377318828736536
2008-04-01,2008Q2,Other financial business,Domestic financial,FL503061123,BOGZ1FL503061123Q,22986.0,22.986,4515.534,0.005090427843085669
2008-04-01,2008Q2,Private pension funds,Domestic financial,LM573061105,BOGZ1LM573061105Q,138548.0,138.548,4515.534,0.03068252835655761
2008-04-01,2008Q2,Property-casualty insurers,Domestic financial,LM513061105,BOGZ1LM513061105Q,73764.0,73.764,4515.534,0.01633560947608854
2008-04-01,2008Q2,Rest of world,Foreign,LM263061105,ROWTSEQ027S,2587500.0,2587.5,4515.534,0.5730219283034964
2008-04-01,2008Q2,State and local governments,Domestic government,LM213061103,BOGZ1LM213061103Q,393304.0,393.304,4515.534,0.08710021893313172
2008-04-01,2008Q2,State and local pension funds,Domestic government,LM223061143,BOGZ1LM223061143Q,142011.0,142.011,4515.534,0.0314494365450465
2008-04-01,2008Q2,Total assets,Total,FL893061105,BOGZ1FL893061105Q,4515534.0,4515.534,4515.534,1.0
2008-04-01,2008Q2,U.S.-chartered banks,Domestic financial,LM763061100,BOGZ1LM763061100Q,54409.0,54.409,4515.534,0.012049294723503357
2008-07-01,2008Q3,ABS issuers,Domestic financial,FL673061103,BOGZ1FL673061103Q,72196.0,72.196,5099.441,0.014157630218684754
2008-07-01,2008Q3,Banks in U.S.-affiliated areas,Domestic financial,LM743061103,BOGZ1LM743061103Q,1192.0,1.192,5099.441,0.00023375111115120264
2008-07-01,2008Q3,Brokers and dealers,Domestic financial,LM663061105,BOGZ1LM663061105Q,-36489.0,-36.489,5099.441,-0.007155490180198182
2008-07-01,2008Q3,Closed-end funds,Domestic financial,LM553061103,BOGZ1LM553061103Q,5479.0,5.479,5099.441,0.00107443149160859
2008-07-01,2008Q3,Credit unions,Domestic financial,LM473061105,BOGZ1LM473061105Q,10270.0,10.27,5099.441,0.0020139462344990365
2008-07-01,2008Q3,Exchange-traded funds,Domestic financial,LM563061103,BOGZ1LM563061103Q,27033.0,27.033,5099.441,0.005301169285025555
2008-07-01,2008Q3,Federal Reserve,Domestic financial,LM713061103,BOGZ1LM713061103Q,476627.0,476.627,5099.441,0.09346651917337606
2008-07-01,2008Q3,Federal government pension funds,Domestic government,LM343061105,BOGZ1LM343061105Q,19557.0,19.557,5099.441,0.003835126242268515
2008-07-01,2008Q3,Foreign bank offices in U.S.,Domestic financial,LM753061103,BOGZ1LM753061103Q,30819.0,30.819,5099.441,0.0060436036028262705
2008-07-01,2008Q3,Government-sponsored enterprises,Domestic financial,LM403061105,BOGZ1LM403061105Q,24580.0,24.58,5099.441,0.004820136167866243
2008-07-01,2008Q3,Holding companies,Domestic financial,LM733061103,BOGZ1LM733061103Q,13796.0,13.796,5099.441,0.0027053945716795235
2008-07-01,2008Q3,Households and nonprofits,Domestic nonfinancial,LM153061105,BOGZ1LM153061105Q,-70117.0,-70.117,5099.441,-0.013749938473648388
2008-07-01,2008Q3,Life insurers,Domestic financial,LM543061105,BOGZ1LM543061105Q,109168.0,109.168,5099.441,0.021407836662881288
2008-07-01,2008Q3,Money market funds,Domestic financial,FL633061105,BOGZ1FL633061105Q,470378.0,470.378,5099.441,0.09224109073916141
2008-07-01,2008Q3,Mutual funds,Domestic financial,LM653061105,BOGZ1LM653061105Q,192794.0,192.794,5099.441,0.037806889029601484
2008-07-01,2008Q3,Noncorporate businesses,Domestic nonfinancial,LM113061003,BOGZ1LM113061003Q,53689.0,53.689,5099.441,0.010528408898151778
2008-07-01,2008Q3,Nonfinancial corporations,Domestic nonfinancial,LM103061103,BOGZ1LM103061103Q,25505.0,25.505,5099.441,0.005001528598918979
2008-07-01,2008Q3,Other financial business,Domestic financial,FL503061123,BOGZ1FL503061123Q,29521.0,29.521,5099.441,0.005789065899576052
2008-07-01,2008Q3,Private pension funds,Domestic financial,LM573061105,BOGZ1LM573061105Q,139402.0,139.402,5099.441,0.02733672180931204
2008-07-01,2008Q3,Property-casualty insurers,Domestic financial,LM513061105,BOGZ1LM513061105Q,70855.0,70.855,5099.441,0.013894660218639653
2008-07-01,2008Q3,Rest of world,Foreign,LM263061105,ROWTSEQ027S,2833879.0,2833.879,5099.441,0.5557234606695126
2008-07-01,2008Q3,State and local governments,Domestic government,LM213061103,BOGZ1LM213061103Q,384135.0,384.135,5099.441,0.07532884486750607
2008-07-01,2008Q3,State and local pension funds,Domestic government,LM223061143,BOGZ1LM223061143Q,140704.0,140.704,5099.441,0.02759204391226411
2008-07-01,2008Q3,Total assets,Total,FL893061105,BOGZ1FL893061105Q,5099441.0,5099.441,5099.441,1.0
2008-07-01,2008Q3,U.S.-chartered banks,Domestic financial,LM763061100,BOGZ1LM763061100Q,74468.0,74.468,5099.441,0.01460316924933537
2008-10-01,2008Q4,ABS issuers,Domestic financial,FL673061103,BOGZ1FL673061103Q,69366.0,69.366,5869.029,0.01181899084158555
2008-10-01,2008Q4,Banks in U.S.-affiliated areas,Domestic financial,LM743061103,BOGZ1LM743061103Q,1190.0,1.19,5869.029,0.0002027592639259407
2008-10-01,2008Q4,Brokers and dealers,Domestic financial,LM663061105,BOGZ1LM663061105Q,30708.0,30.708,5869.029,0.0052322113249057035
2008-10-01,2008Q4,Closed-end funds,Domestic financial,LM553061103,BOGZ1LM553061103Q,4310.0,4.31,5869.029,0.0007343633844712642
2008-10-01,2008Q4,Credit unions,Domestic financial,LM473061105,BOGZ1LM473061105Q,9218.0,9.218,5869.029,0.0015706175587137155
2008-10-01,2008Q4,Exchange-traded funds,Domestic financial,LM563061103,BOGZ1LM563061103Q,27785.0,27.785,5869.029,0.004734173233766607
2008-10-01,2008Q4,Federal Reserve,Domestic financial,LM713061103,BOGZ1LM713061103Q,475921.0,475.921,5869.029,0.08109024508142658
2008-10-01,2008Q4,Federal government pension funds,Domestic government,LM343061105,BOGZ1LM343061105Q,19351.0,19.351,5869.029,0.0032971382489335116
2008-10-01,2008Q4,Foreign bank offices in U.S.,Domestic financial,LM753061103,BOGZ1LM753061103Q,35508.0,35.508,5869.029,0.0060500638180523555
2008-10-01,2008Q4,Government-sponsored enterprises,Domestic financial,LM403061105,BOGZ1LM403061105Q,25092.0,25.092,5869.029,0.0042753239079241214
2008-10-01,2008Q4,Holding companies,Domestic financial,LM733061103,BOGZ1LM733061103Q,3127.0,3.127,5869.029,0.000532796822097829
2008-10-01,2008Q4,Households and nonprofits,Domestic nonfinancial,LM153061105,BOGZ1LM153061105Q,78316.0,78.316,5869.029,0.01334394496943191
2008-10-01,2008Q4,Life insurers,Domestic financial,LM543061105,BOGZ1LM543061105Q,120032.0,120.032,5869.029,0.0204517646786206
2008-10-01,2008Q4,Money market funds,Domestic financial,FL633061105,BOGZ1FL633061105Q,590959.0,590.959,5869.029,0.10069110239530252
2008-10-01,2008Q4,Mutual funds,Domestic financial,LM653061105,BOGZ1LM653061105Q,200790.0,200.79,5869.029,0.03421179210394087
2008-10-01,2008Q4,Noncorporate businesses,Domestic nonfinancial,LM113061003,BOGZ1LM113061003Q,51806.0,51.806,5869.029,0.008827013804157381
2008-10-01,2008Q4,Nonfinancial corporations,Domestic nonfinancial,LM103061103,BOGZ1LM103061103Q,30455.0,30.455,5869.029,0.005189103683079432
2008-10-01,2008Q4,Other financial business,Domestic financial,FL503061123,BOGZ1FL503061123Q,52334.0,52.334,5869.029,0.008916977578403514
2008-10-01,2008Q4,Private pension funds,Domestic financial,LM573061105,BOGZ1LM573061105Q,148919.0,148.919,5869.029,0.025373703213938795
2008-10-01,2008Q4,Property-casualty insurers,Domestic financial,LM513061105,BOGZ1LM513061105Q,71100.0,71.1,5869.029,0.012114440054734776
2008-10-01,2008Q4,Rest of world,Foreign,LM263061105,ROWTSEQ027S,3252974.0,3252.974,5869.029,0.5542610200085909
2008-10-01,2008Q4,State and local governments,Domestic government,LM213061103,BOGZ1LM213061103Q,369655.0,369.655,5869.029,0.06298401319877614
2008-10-01,2008Q4,State and local pension funds,Domestic government,LM223061143,BOGZ1LM223061143Q,143751.0,143.751,5869.029,0.024493148696317565
2008-10-01,2008Q4,Total assets,Total,FL893061105,BOGZ1FL893061105Q,5869029.0,5869.029,5869.029,1.0
2008-10-01,2008Q4,U.S.-chartered banks,Domestic financial,LM763061100,BOGZ1LM763061100Q,56362.0,56.362,5869.029,0.009603292128902412
2009-01-01,2009Q1,ABS issuers,Domestic financial,FL673061103,BOGZ1FL673061103Q,65841.0,65.841,6263.23,0.010512307547383698
2009-01-01,2009Q1,Banks in U.S.-affiliated areas,Domestic financial,LM743061103,BOGZ1LM743061103Q,847.0,0.847,6263.23,0.00013523373722504204
2009-01-01,2009Q1,Brokers and dealers,Domestic financial,LM663061105,BOGZ1LM663061105Q,67869.0,67.869,6263.23,0.010836102138992183
2009-01-01,2009Q1,Closed-end funds,Domestic financial,LM553061103,BOGZ1LM553061103Q,4261.0,4.261,6263.23,0.0006803198988381395
2009-01-01,2009Q1,Credit unions,Domestic financial,LM473061105,BOGZ1LM473061105Q,8859.0,8.859,6263.23,0.0014144459009169392
2009-01-01,2009Q1,Exchange-traded funds,Domestic financial,LM563061103,BOGZ1LM563061103Q,32941.0,32.941,6263.23,0.005259426845253967
2009-01-01,2009Q1,Federal Reserve,Domestic financial,LM713061103,BOGZ1LM713061103Q,492323.0,492.323,6263.23,0.07860528832567222
2009-01-01,2009Q1,Federal government pension funds,Domestic government,LM343061105,BOGZ1LM343061105Q,19038.0,19.038,6263.23,0.003039645678028749
2009-01-01,2009Q1,Foreign bank offices in U.S.,Domestic financial,LM753061103,BOGZ1LM753061103Q,41281.0,41.281,6263.23,0.006591008153939741
2009-01-01,2009Q1,Government-sponsored enterprises,Domestic financial,LM403061105,BOGZ1LM403061105Q,29184.0,29.184,6263.23,0.004659576608235687
2009-01-01,2009Q1,Holding companies,Domestic financial,LM733061103,BOGZ1LM733061103Q,565.0,0.565,6263.23,9.020904549250147e-05
2009-01-01,2009Q1,Households and nonprofits,Domestic nonfinancial,LM153061105,BOGZ1LM153061105Q,256317.0,256.317,6263.23,0.040924091882303545
2009-01-01,2009Q1,Life insurers,Domestic financial,LM543061105,BOGZ1LM543061105Q,132570.0,132.57,6263.23,0.021166394975116673
2009-01-01,2009Q1,Money market funds,Domestic financial,FL633061105,BOGZ1FL633061105Q,532664.0,532.664,6263.23,0.08504621417383683
2009-01-01,2009Q1,Mutual funds,Domestic financial,LM653061105,BOGZ1LM653061105Q,231114.0,231.114,6263.23,0.0369001298052283
2009-01-01,2009Q1,Noncorporate businesses,Domestic nonfinancial,LM113061003,BOGZ1LM113061003Q,50390.0,50.39,6263.23,0.00804536956171177
2009-01-01,2009Q1,Nonfinancial corporations,Domestic nonfinancial,LM103061103,BOGZ1LM103061103Q,41105.0,41.105,6263.23,0.006562907637113757
2009-01-01,2009Q1,Other financial business,Domestic financial,FL503061123,BOGZ1FL503061123Q,44446.0,44.446,6263.23,0.0070963384707251696
2009-01-01,2009Q1,Private pension funds,Domestic financial,LM573061105,BOGZ1LM573061105Q,149354.0,149.354,6263.23,0.023846162443339942
2009-01-01,2009Q1,Property-casualty insurers,Domestic financial,LM513061105,BOGZ1LM513061105Q,76609.0,76.609,6263.23,0.012231548258646098
2009-01-01,2009Q1,Rest of world,Foreign,LM263061105,ROWTSEQ027S,3417839.0,3417.839,6263.23,0.5456991041363641
2009-01-01,2009Q1,State and local governments,Domestic government,LM213061103,BOGZ1LM213061103Q,348621.0,348.621,6263.23,0.055661535661312135
2009-01-01,2009Q1,State and local pension funds,Domestic government,LM223061143,BOGZ1LM223061143Q,144548.0,144.548,6263.23,0.023078826739557707
2009-01-01,2009Q1,Total assets,Total,FL893061105,BOGZ1FL893061105Q,6263230.0,6263.23,6263.23,1.0
2009-01-01,2009Q1,U.S.-chartered banks,Domestic financial,LM763061100,BOGZ1LM763061100Q,74644.0,74.644,6263.23,0.011917812374765099
2009-04-01,2009Q2,ABS issuers,Domestic financial,FL673061103,BOGZ1FL673061103Q,61151.0,61.151,6465.448,0.009458122623521217
2009-04-01,2009Q2,Banks in U.S.-affiliated areas,Domestic financial,LM743061103,BOGZ1LM743061103Q,768.0,0.768,6465.448,0.00011878527211107412
2009-04-01,2009Q2,Brokers and dealers,Domestic financial,LM663061105,BOGZ1LM663061105Q,71358.0,71.358,6465.448,0.01103682219700785
2009-04-01,2009Q2,Closed-end funds,Domestic financial,LM553061103,BOGZ1LM553061103Q,4502.0,4.502,6465.448,0.0006963167904219475
2009-04-01,2009Q2,Credit unions,Domestic financial,LM473061105,BOGZ1LM473061105Q,12988.0,12.988,6465.448,0.002008832179920092
2009-04-01,2009Q2,Exchange-traded funds,Domestic financial,LM563061103,BOGZ1LM563061103Q,36921.0,36.921,6465.448,0.005710509155746051
2009-04-01,2009Q2,Federal Reserve,Domestic financial,LM713061103,BOGZ1LM713061103Q,656466.0,656.466,6465.448,0.10153449536675571
2009-04-01,2009Q2,Federal government pension funds,Domestic government,LM343061105,BOGZ1LM343061105Q,16973.0,16.973,6465.448,0.0026251854473193503
2009-04-01,2009Q2,Foreign bank offices in U.S.,Domestic financial,LM753061103,BOGZ1LM753061103Q,33226.0,33.226,6465.448,0.0051390097020345684
2009-04-01,2009Q2,Government-sponsored enterprises,Domestic financial,LM403061105,BOGZ1LM403061105Q,38460.0,38.46,6465.448,0.005948543704937384
2009-04-01,2009Q2,Holding companies,Domestic financial,LM733061103,BOGZ1LM733061103Q,7080.0,7.08,6465.448,0.0010950517272739647
2009-04-01,2009Q2,Households and nonprofits,Domestic nonfinancial,LM153061105,BOGZ1LM153061105Q,185497.0,185.497,6465.448,0.028690509922900936
2009-04-01,2009Q2,Life insurers,Domestic financial,LM543061105,BOGZ1LM543061105Q,134572.0,134.572,6465.448,0.020814025571004514
2009-04-01,2009Q2,Money market funds,Domestic financial,FL633061105,BOGZ1FL633061105Q,500464.0,500.464,6465.448,0.07740592763254765
2009-04-01,2009Q2,Mutual funds,Domestic financial,LM653061105,BOGZ1LM653061105Q,251445.0,251.445,6465.448,0.03889057649214718
2009-04-01,2009Q2,Noncorporate businesses,Domestic nonfinancial,LM113061003,BOGZ1LM113061003Q,48975.0,48.975,6465.448,0.007574881121926895
2009-04-01,2009Q2,Nonfinancial corporations,Domestic nonfinancial,LM103061103,BOGZ1LM103061103Q,41890.0,41.89,6465.448,0.006479056053037624
2009-04-01,2009Q2,Other financial business,Domestic financial,FL503061123,BOGZ1FL503061123Q,43219.0,43.219,6465.448,0.006684610254386084
2009-04-01,2009Q2,Private pension funds,Domestic financial,LM573061105,BOGZ1LM573061105Q,147669.0,147.669,6465.448,0.02283971659813829
2009-04-01,2009Q2,Property-casualty insurers,Domestic financial,LM513061105,BOGZ1LM513061105Q,80633.0,80.633,6465.448,0.012471370893401354
2009-04-01,2009Q2,Rest of world,Foreign,LM263061105,ROWTSEQ027S,3461983.0,3461.983,6465.448,0.5354591050767094
2009-04-01,2009Q2,State and local governments,Domestic government,LM213061103,BOGZ1LM213061103Q,393829.0,393.829,6465.448,0.06091287100290652
2009-04-01,2009Q2,State and local pension funds,Domestic government,LM223061143,BOGZ1LM223061143Q,148094.0,148.094,6465.448,0.022905450635439337
2009-04-01,2009Q2,Total assets,Total,FL893061105,BOGZ1FL893061105Q,6465448.0,6465.448,6465.448,1.0
2009-04-01,2009Q2,U.S.-chartered banks,Domestic financial,LM763061100,BOGZ1LM763061100Q,87285.0,87.285,6465.448,0.013500224578405084
2009-07-01,2009Q3,ABS issuers,Domestic financial,FL673061103,BOGZ1FL673061103Q,57192.0,57.192,6889.483,0.008301348591759352
2009-07-01,2009Q3,Banks in U.S.-affiliated areas,Domestic financial,LM743061103,BOGZ1LM743061103Q,689.0,0.689,6889.483,0.00010000750419153366
2009-07-01,2009Q3,Brokers and dealers,Domestic financial,LM663061105,BOGZ1LM663061105Q,22428.0,22.428,6889.483,0.003255396667645453
2009-07-01,2009Q3,Closed-end funds,Domestic financial,LM553061103,BOGZ1LM553061103Q,4748.0,4.748,6889.483,0.0006891663714098721
2009-07-01,2009Q3,Credit unions,Domestic financial,LM473061105,BOGZ1LM473061105Q,13537.0,13.537,6889.483,0.0019648789321346756
2009-07-01,2009Q3,Exchange-traded funds,Domestic financial,LM563061103,BOGZ1LM563061103Q,39843.0,39.843,6889.483,0.005783162539191983
2009-07-01,2009Q3,Federal Reserve,Domestic financial,LM713061103,BOGZ1LM713061103Q,769160.0,769.16,6889.483,0.1116426297880407
2009-07-01,2009Q3,Federal government pension funds,Domestic government,LM343061105,BOGZ1LM343061105Q,18608.0,18.608,6889.483,0.0027009283570334666
2009-07-01,2009Q3,Foreign bank offices in U.S.,Domestic financial,LM753061103,BOGZ1LM753061103Q,55258.0,55.258,6889.483,0.008020630865915482
2009-07-01,2009Q3,Government-sponsored enterprises,Domestic financial,LM403061105,BOGZ1LM403061105Q,41827.0,41.827,6889.483,0.006071137703656428
2009-07-01,2009Q3,Holding companies,Domestic financial,LM733061103,BOGZ1LM733061103Q,4196.0,4.196,6889.483,0.000609044249038716
2009-07-01,2009Q3,Households and nonprofits,Domestic nonfinancial,LM153061105,BOGZ1LM153061105Q,356436.0,356.436,6889.483,0.051736247843270675
2009-07-01,2009Q3,Life insurers,Domestic financial,LM543061105,BOGZ1LM543061105Q,135998.0,135.998,6889.483,0.019739942750421183
2009-07-01,2009Q3,Money market funds,Domestic financial,FL633061105,BOGZ1FL633061105Q,435474.0,435.474,6889.483,0.06320851651713198
2009-07-01,2009Q3,Mutual funds,Domestic financial,LM653061105,BOGZ1LM653061105Q,282798.0,282.798,6889.483,0.04104778254043155
2009-07-01,2009Q3,Noncorporate businesses,Domestic nonfinancial,LM113061003,BOGZ1LM113061003Q,47560.0,47.56,6889.483,0.006903275615891643
2009-07-01,2009Q3,Nonfinancial corporations,Domestic nonfinancial,LM103061103,BOGZ1LM103061103Q,40835.0,40.835,6889.483,0.005927150121424206
2009-07-01,2009Q3,Other financial business,Domestic financial,FL503061123,BOGZ1FL503061123Q,41505.0,41.505,6889.483,0.006024399798939921
2009-07-01,2009Q3,Private pension funds,Domestic financial,LM573061105,BOGZ1LM573061105Q,154098.0,154.098,6889.483,0.022367135531069605
2009-07-01,2009Q3,Property-casualty insurers,Domestic financial,LM513061105,BOGZ1LM513061105Q,85931.0,85.931,6889.483,0.012472779162093875
2009-07-01,2009Q3,Rest of world,Foreign,LM263061105,ROWTSEQ027S,3585857.0,3585.857,6889.483,0.520482741593237
2009-07-01,2009Q3,State and local governments,Domestic government,LM213061103,BOGZ1LM213061103Q,422986.0,422.986,6889.483,0.06139589864725698
2009-07-01,2009Q3,State and local pension funds,Domestic government,LM223061143,BOGZ1LM223061143Q,147530.0,147.53,6889.483,0.021413798393870774
2009-07-01,2009Q3,Total assets,Total,FL893061105,BOGZ1FL893061105Q,6889483.0,6889.483,6889.483,1.0
2009-07-01,2009Q3,U.S.-chartered banks,Domestic financial,LM763061100,BOGZ1LM763061100Q,124989.0,124.989,6889.483,0.01814199991494282
2009-10-01,2009Q4,ABS issuers,Domestic financial,FL673061103,BOGZ1FL673061103Q,53463.0,53.463,7069.562,0.00756242041586169
2009-10-01,2009Q4,Banks in U.S.-affiliated areas,Domestic financial,LM743061103,BOGZ1LM743061103Q,496.0,0.496,7069.562,7.015993352912105e-05
2009-10-01,2009Q4,Brokers and dealers,Domestic financial,LM663061105,BOGZ1LM663061105Q,42183.0,42.183,7069.562,0.005966847733989744
2009-10-01,2009Q4,Closed-end funds,Domestic financial,LM553061103,BOGZ1LM553061103Q,5151.0,5.151,7069.562,0.0007286165677590776
2009-10-01,2009Q4,Credit unions,Domestic financial,LM473061105,BOGZ1LM473061105Q,14699.0,14.699,7069.562,0.0020791952881946576
2009-10-01,2009Q4,Exchange-traded funds,Domestic financial,LM563061103,BOGZ1LM563061103Q,43267.0,43.267,7069.562,0.006120181137105807
2009-10-01,2009Q4,Federal Reserve,Domestic financial,LM713061103,BOGZ1LM713061103Q,776588.0,776.588,7069.562,0.10984952108772793
2009-10-01,2009Q4,Federal government pension funds,Domestic government,LM343061105,BOGZ1LM343061105Q,19643.0,19.643,7069.562,0.0027785313998236385
2009-10-01,2009Q4,Foreign bank offices in U.S.,Domestic financial,LM753061103,BOGZ1LM753061103Q,57468.0,57.468,7069.562,0.008128933588813565
2009-10-01,2009Q4,Government-sponsored enterprises,Domestic financial,LM403061105,BOGZ1LM403061105Q,44730.0,44.73,7069.562,0.006327124650720935
2009-10-01,2009Q4,Holding companies,Domestic financial,LM733061103,BOGZ1LM733061103Q,5846.0,5.846,7069.562,0.0008269253455871807
2009-10-01,2009Q4,Households and nonprofits,Domestic nonfinancial,LM153061105,BOGZ1LM153061105Q,431973.0,431.973,7069.562,0.06110321969027219
2009-10-01,2009Q4,Life insurers,Domestic financial,LM543061105,BOGZ1LM543061105Q,137207.0,137.207,7069.562,0.019408133063971995
2009-10-01,2009Q4,Money market funds,Domestic financial,FL633061105,BOGZ1FL633061105Q,414572.0,414.572,7069.562,0.058641822506118484
2009-10-01,2009Q4,Mutual funds,Domestic financial,LM653061105,BOGZ1LM653061105Q,286678.0,286.678,7069.562,0.040551027065043065
2009-10-01,2009Q4,Noncorporate businesses,Domestic nonfinancial,LM113061003,BOGZ1LM113061003Q,46145.0,46.145,7069.562,0.006527278493349376
2009-10-01,2009Q4,Nonfinancial corporations,Domestic nonfinancial,LM103061103,BOGZ1LM103061103Q,42964.0,42.964,7069.562,0.0060773213390023315
2009-10-01,2009Q4,Other financial business,Domestic financial,FL503061123,BOGZ1FL503061123Q,30264.0,30.264,7069.562,0.004280887557107498
2009-10-01,2009Q4,Private pension funds,Domestic financial,LM573061105,BOGZ1LM573061105Q,155555.0,155.555,7069.562,0.02200348479863392
2009-10-01,2009Q4,Property-casualty insurers,Domestic financial,LM513061105,BOGZ1LM513061105Q,92611.0,92.611,7069.562,0.013099962911422236
2009-10-01,2009Q4,Rest of world,Foreign,LM263061105,ROWTSEQ027S,3670597.0,3670.597,7069.562,0.5192113740568369
2009-10-01,2009Q4,State and local governments,Domestic government,LM213061103,BOGZ1LM213061103Q,424282.0,424.282,7069.562,0.060015316366134136
2009-10-01,2009Q4,State and local pension funds,Domestic government,LM223061143,BOGZ1LM223061143Q,148707.0,148.707,7069.562,0.021034825071199602
2009-10-01,2009Q4,Total assets,Total,FL893061105,BOGZ1FL893061105Q,7069562.0,7069.562,7069.562,1.0
2009-10-01,2009Q4,U.S.-chartered banks,Domestic financial,LM763061100,BOGZ1LM763061100Q,124473.0,124.473,7069.562,0.017606889931794927
2010-01-01,2010Q1,ABS issuers,Domestic financial,FL673061103,BOGZ1FL673061103Q,51401.0,51.401,7555.259,0.0068033405605287655
2010-01-01,2010Q1,Banks in U.S.-affiliated areas,Domestic financial,LM743061103,BOGZ1LM743061103Q,904.0,0.904,7555.259,0.00011965175515491925
2010-01-01,2010Q1,Brokers and dealers,Domestic financial,LM663061105,BOGZ1LM663061105Q,71534.0,71.534,7555.259,0.009468106917314152
2010-01-01,2010Q1,Closed-end funds,Domestic financial,LM553061103,BOGZ1LM553061103Q,5767.0,5.767,7555.259,0.0007633093716575435
2010-01-01,2010Q1,Credit unions,Domestic financial,LM473061105,BOGZ1LM473061105Q,16249.0,16.249,7555.259,0.00215068735565518
2010-01-01,2010Q1,Exchange-traded funds,Domestic financial,LM563061103,BOGZ1LM563061103Q,47878.0,47.878,7555.259,0.006337042846578787
2010-01-01,2010Q1,Federal Reserve,Domestic financial,LM713061103,BOGZ1LM713061103Q,776705.0,776.705,7555.259,0.10280322620309906
2010-01-01,2010Q1,Federal government pension funds,Domestic government,LM343061105,BOGZ1LM343061105Q,19850.0,19.85,7555.259,0.0026273090042313574
2010-01-01,2010Q1,Foreign bank offices in U.S.,Domestic financial,LM753061103,BOGZ1LM753061103Q,58044.0,58.044,7555.259,0.007682595659526695
2010-01-01,2010Q1,Government-sponsored enterprises,Domestic financial,LM403061105,BOGZ1LM403061105Q,98119.0,98.119,7555.259,0.012986847969076903
2010-01-01,2010Q1,Holding companies,Domestic financial,LM733061103,BOGZ1LM733061103Q,5821.0,5.821,7555.259,0.0007704567110141425
2010-01-01,2010Q1,Households and nonprofits,Domestic nonfinancial,LM153061105,BOGZ1LM153061105Q,523689.0,523.689,7555.259,0.06931450000588993
2010-01-01,2010Q1,Life insurers,Domestic financial,LM543061105,BOGZ1LM543061105Q,143392.0,143.392,7555.259,0.0189790978707679
2010-01-01,2010Q1,Money market funds,Domestic financial,FL633061105,BOGZ1FL633061105Q,379203.0,379.203,7555.259,0.05019060233408278
2010-01-01,2010Q1,Mutual funds,Domestic financial,LM653061105,BOGZ1LM653061105Q,336521.0,336.521,7555.259,0.04454129236337232
2010-01-01,2010Q1,Noncorporate businesses,Domestic nonfinancial,LM113061003,BOGZ1LM113061003Q,46624.0,46.624,7555.259,0.006171065743742207
2010-01-01,2010Q1,Nonfinancial corporations,Domestic nonfinancial,LM103061103,BOGZ1LM103061103Q,42376.0,42.376,7555.259,0.005608808381023072
2010-01-01,2010Q1,Other financial business,Domestic financial,FL503061123,BOGZ1FL503061123Q,28792.0,28.792,7555.259,0.0038108554584296845
2010-01-01,2010Q1,Private pension funds,Domestic financial,LM573061105,BOGZ1LM573061105Q,166612.0,166.612,7555.259,0.022052453794105534
2010-01-01,2010Q1,Property-casualty insurers,Domestic financial,LM513061105,BOGZ1LM513061105Q,91372.0,91.372,7555.259,0.01209382762391071
2010-01-01,2010Q1,Rest of world,Foreign,LM263061105,ROWTSEQ027S,3861702.0,3861.702,7555.259,0.5111276794084756
2010-01-01,2010Q1,State and local governments,Domestic government,LM213061103,BOGZ1LM213061103Q,438297.0,438.297,7555.259,0.05801217403665447
2010-01-01,2010Q1,State and local pension funds,Domestic government,LM223061143,BOGZ1LM223061143Q,155670.0,155.67,7555.259,0.02060419106744057
2010-01-01,2010Q1,Total assets,Total,FL893061105,BOGZ1FL893061105Q,7555259.0,7555.259,7555.259,1.0
2010-01-01,2010Q1,U.S.-chartered banks,Domestic financial,LM763061100,BOGZ1LM763061100Q,188737.0,188.737,7555.259,0.02498087755826769
2010-04-01,2010Q2,ABS issuers,Domestic financial,FL673061103,BOGZ1FL673061103Q,46346.0,46.346,8059.34,0.005750594961870326
2010-04-01,2010Q2,Banks in U.S.-affiliated areas,Domestic financial,LM743061103,BOGZ1LM743061103Q,1284.0,1.284,8059.34,0.00015931825682996374
2010-04-01,2010Q2,Brokers and dealers,Domestic financial,LM663061105,BOGZ1LM663061105Q,54541.0,54.541,8059.34,0.006767427605734464
2010-04-01,2010Q2,Closed-end funds,Domestic financial,LM553061103,BOGZ1LM553061103Q,5821.0,5.821,8059.34,0.0007222675802236908
2010-04-01,2010Q2,Credit unions,Domestic financial,LM473061105,BOGZ1LM473061105Q,17369.0,17.369,8059.34,0.002155139254579159
2010-04-01,2010Q2,Exchange-traded funds,Domestic financial,LM563061103,BOGZ1LM563061103Q,52999.0,52.999,8059.34,0.006576096801971377
2010-04-01,2010Q2,Federal Reserve,Domestic financial,LM713061103,BOGZ1LM713061103Q,776989.0,776.989,8059.34,0.09640851484116565
2010-04-01,2010Q2,Federal government pension funds,Domestic government,LM343061105,BOGZ1LM343061105Q,18271.0,18.271,8059.34,0.002267059089205816
2010-04-01,2010Q2,Foreign bank offices in U.S.,Domestic financial,LM753061103,BOGZ1LM753061103Q,54654.0,54.654,8059.34,0.006781448604972616
2010-04-01,2010Q2,Government-sponsored enterprises,Domestic financial,LM403061105,BOGZ1LM403061105Q,108089.0,108.089,8059.34,0.013411644129668186
2010-04-01,2010Q2,Holding companies,Domestic financial,LM733061103,BOGZ1LM733061103Q,5039.0,5.039,8059.34,0.0006252373023101147
2010-04-01,2010Q2,Households and nonprofits,Domestic nonfinancial,LM153061105,BOGZ1LM153061105Q,778573.0,778.573,8059.34,0.09660505698977831
2010-04-01,2010Q2,Life insurers,Domestic financial,LM543061105,BOGZ1LM543061105Q,150112.0,150.112,8059.34,0.01862584281094978
2010-04-01,2010Q2,Money market funds,Domestic financial,FL633061105,BOGZ1FL633061105Q,356585.0,356.585,8059.34,0.044244938171115744
2010-04-01,2010Q2,Mutual funds,Domestic financial,LM653061105,BOGZ1LM653061105Q,394772.0,394.772,8059.34,0.04898316735613586
2010-04-01,2010Q2,Noncorporate businesses,Domestic nonfinancial,LM113061003,BOGZ1LM113061003Q,47104.0,47.104,8059.34,0.005844647328441287
2010-04-01,2010Q2,Nonfinancial corporations,Domestic nonfinancial,LM103061103,BOGZ1LM103061103Q,45011.0,45.011,8059.34,0.0055849486434373045
2010-04-01,2010Q2,Other financial business,Domestic financial,FL503061123,BOGZ1FL503061123Q,28040.0,28.04,8059.34,0.003479193085289862
2010-04-01,2010Q2,Private pension funds,Domestic financial,LM573061105,BOGZ1LM573061105Q,183910.0,183.91,8059.34,0.022819486459188965
2010-04-01,2010Q2,Property-casualty insurers,Domestic financial,LM513061105,BOGZ1LM513061105Q,92198.0,92.198,8059.34,0.01143989458193847
2010-04-01,2010Q2,Rest of world,Foreign,LM263061105,ROWTSEQ027S,4069735.0,4069.735,8059.34,0.5049712507475799
2010-04-01,2010Q2,State and local governments,Domestic government,LM213061103,BOGZ1LM213061103Q,428087.0,428.087,8059.34,0.053116880538604895
2010-04-01,2010Q2,State and local pension funds,Domestic government,LM223061143,BOGZ1LM223061143Q,155945.0,155.945,8059.34,0.019349599346844777
2010-04-01,2010Q2,Total assets,Total,FL893061105,BOGZ1FL893061105Q,8059340.0,8059.34,8059.34,1.0
2010-04-01,2010Q2,U.S.-chartered banks,Domestic financial,LM763061100,BOGZ1LM763061100Q,187866.0,187.866,8059.34,0.02331034551216353
2010-07-01,2010Q3,ABS issuers,Domestic financial,FL673061103,BOGZ1FL673061103Q,43746.0,43.746,8533.327,0.005126488179815447
2010-07-01,2010Q3,Banks in U.S.-affiliated areas,Domestic financial,LM743061103,BOGZ1LM743061103Q,1118.0,1.118,8533.327,0.00013101572223823138
2010-07-01,2010Q3,Brokers and dealers,Domestic financial,LM663061105,BOGZ1LM663061105Q,71618.0,71.618,8533.327,0.008392740603987167
2010-07-01,2010Q3,Closed-end funds,Domestic financial,LM553061103,BOGZ1LM553061103Q,6028.0,6.028,8533.327,0.0007064067742862778
2010-07-01,2010Q3,Credit unions,Domestic financial,LM473061105,BOGZ1LM473061105Q,11839.0,11.839,8533.327,0.0013873838421989456
2010-07-01,2010Q3,Exchange-traded funds,Domestic financial,LM563061103,BOGZ1LM563061103Q,52991.0,52.991,8533.327,0.006209887421400821
2010-07-01,2010Q3,Federal Reserve,Domestic financial,LM713061103,BOGZ1LM713061103Q,811669.0,811.669,8533.327,0.09511753153254295
2010-07-01,2010Q3,Federal government pension funds,Domestic government,LM343061105,BOGZ1LM343061105Q,18754.0,18.754,8533.327,0.0021977360061321925
2010-07-01,2010Q3,Foreign bank offices in U.S.,Domestic financial,LM753061103,BOGZ1LM753061103Q,67534.0,67.534,8533.327,0.007914146498780606
2010-07-01,2010Q3,Government-sponsored enterprises,Domestic financial,LM403061105,BOGZ1LM403061105Q,107868.0,107.868,8533.327,0.012640790631836797
2010-07-01,2010Q3,Holding companies,Domestic financial,LM733061103,BOGZ1LM733061103Q,17264.0,17.264,8533.327,0.0020231265015392005
2010-07-01,2010Q3,Households and nonprofits,Domestic nonfinancial,LM153061105,BOGZ1LM153061105Q,777589.0,777.589,8533.327,0.09112377856842942
2010-07-01,2010Q3,Life insurers,Domestic financial,LM543061105,BOGZ1LM543061105Q,157399.0,157.399,8533.327,0.018445209002303557
2010-07-01,2010Q3,Money market funds,Domestic financial,FL633061105,BOGZ1FL633061105Q,314578.0,314.578,8533.327,0.03686463673547258
2010-07-01,2010Q3,Mutual funds,Domestic financial,LM653061105,BOGZ1LM653061105Q,414248.0,414.248,8533.327,0.048544723529286994
2010-07-01,2010Q3,Noncorporate businesses,Domestic nonfinancial,LM113061003,BOGZ1LM113061003Q,47583.0,47.583,8533.327,0.005576136951039144
2010-07-01,2010Q3,Nonfinancial corporations,Domestic nonfinancial,LM103061103,BOGZ1LM103061103Q,46889.0,46.889,8533.327,0.005494808765678381
2010-07-01,2010Q3,Other financial business,Domestic financial,FL503061123,BOGZ1FL503061123Q,27278.0,27.278,8533.327,0.0031966429975084747
2010-07-01,2010Q3,Private pension funds,Domestic financial,LM573061105,BOGZ1LM573061105Q,198338.0,198.338,8533.327,0.023242751625479723
2010-07-01,2010Q3,Property-casualty insurers,Domestic financial,LM513061105,BOGZ1LM513061105Q,95107.0,95.107,8533.327,0.011145359834446754
2010-07-01,2010Q3,Rest of world,Foreign,LM263061105,ROWTSEQ027S,4409180.0,4409.18,8533.327,0.5167011647391457
2010-07-01,2010Q3,State and local governments,Domestic government,LM213061103,BOGZ1LM213061103Q,457422.0,457.422,8533.327,0.05360418040935266
2010-07-01,2010Q3,State and local pension funds,Domestic government,LM223061143,BOGZ1LM223061143Q,151059.0,151.059,8533.327,0.01770223970088103
2010-07-01,2010Q3,Total assets,Total,FL893061105,BOGZ1FL893061105Q,8533327.0,8533.327,8533.327,1.0
2010-07-01,2010Q3,U.S.-chartered banks,Domestic financial,LM763061100,BOGZ1LM763061100Q,226228.0,226.228,8533.327,0.026511113426217
2010-10-01,2010Q4,ABS issuers,Domestic financial,FL673061103,BOGZ1FL673061103Q,40057.0,40.057,8720.622,0.004593365014559742
2010-10-01,2010Q4,Banks in U.S.-affiliated areas,Domestic financial,LM743061103,BOGZ1LM743061103Q,1062.0,1.062,8720.622,0.00012178030420307177
2010-10-01,2010Q4,Brokers and dealers,Domestic financial,LM663061105,BOGZ1LM663061105Q,51931.0,51.931,8720.622,0.005954965138954538
2010-10-01,2010Q4,Closed-end funds,Domestic financial,LM553061103,BOGZ1LM553061103Q,5931.0,5.931,8720.622,0.0006801120378798669
2010-10-01,2010Q4,Credit unions,Domestic financial,LM473061105,BOGZ1LM473061105Q,20024.0,20.024,8720.622,0.002296166489041722
2010-10-01,2010Q4,Exchange-traded funds,Domestic financial,LM563061103,BOGZ1LM563061103Q,52070.0,52.07,8720.622,0.005970904368977351
2010-10-01,2010Q4,Federal Reserve,Domestic financial,LM713061103,BOGZ1LM713061103Q,1021493.0,1021.493,8720.622,0.11713533736469717
2010-10-01,2010Q4,Federal government pension funds,Domestic government,LM343061105,BOGZ1LM343061105Q,19660.0,19.66,8720.622,0.0022544263471114792
2010-10-01,2010Q4,Foreign bank offices in U.S.,Domestic financial,LM753061103,BOGZ1LM753061103Q,60943.0,60.943,8720.622,0.006988377663886819
2010-10-01,2010Q4,Government-sponsored enterprises,Domestic financial,LM403061105,BOGZ1LM403061105Q,91551.0,91.551,8720.622,0.010498219049054071
2010-10-01,2010Q4,Holding companies,Domestic financial,LM733061103,BOGZ1LM733061103Q,19700.0,19.7,8720.622,0.0022590131758950223
2010-10-01,2010Q4,Households and nonprofits,Domestic nonfinancial,LM153061105,BOGZ1LM153061105Q,653847.0,653.847,8720.622,0.07497710599083414
2010-10-01,2010Q4,Life insurers,Domestic financial,LM543061105,BOGZ1LM543061105Q,165319.0,165.319,8720.622,0.018957248691664427
2010-10-01,2010Q4,Money market funds,Domestic financial,FL633061105,BOGZ1FL633061105Q,380546.0,380.546,8720.622,0.04363748365655569
2010-10-01,2010Q4,Mutual funds,Domestic financial,LM653061105,BOGZ1LM653061105Q,417386.0,417.386,8720.622,0.047861952966198974
2010-10-01,2010Q4,Noncorporate businesses,Domestic nonfinancial,LM113061003,BOGZ1LM113061003Q,48062.0,48.062,8720.622,0.005511304124866323
2010-10-01,2010Q4,Nonfinancial corporations,Domestic nonfinancial,LM103061103,BOGZ1LM103061103Q,48024.0,48.024,8720.622,0.005506946637521957
2010-10-01,2010Q4,Other financial business,Domestic financial,FL503061123,BOGZ1FL503061123Q,25145.0,25.145,8720.622,0.0028833952440548392
2010-10-01,2010Q4,Private pension funds,Domestic financial,LM573061105,BOGZ1LM573061105Q,202198.0,202.198,8720.622,0.02318619015937166
2010-10-01,2010Q4,Property-casualty insurers,Domestic financial,LM513061105,BOGZ1LM513061105Q,96734.0,96.734,8720.622,0.011092557388681678
2010-10-01,2010Q4,Rest of world,Foreign,LM263061105,ROWTSEQ027S,4458824.0,4458.824,8720.622,0.5112965565988298
2010-10-01,2010Q4,State and local governments,Domestic government,LM213061103,BOGZ1LM213061103Q,468866.0,468.866,8720.622,0.05376520161061906
2010-10-01,2010Q4,State and local pension funds,Domestic government,LM223061143,BOGZ1LM223061143Q,153738.0,153.738,8720.622,0.017629247088109083
2010-10-01,2010Q4,Total assets,Total,FL893061105,BOGZ1FL893061105Q,8720622.0,8720.622,8720.622,1.0
2010-10-01,2010Q4,U.S.-chartered banks,Domestic financial,LM763061100,BOGZ1LM763061100Q,217511.0,217.511,8720.622,0.024942142888431582
2011-01-01,2011Q1,ABS issuers,Domestic financial,FL673061103,BOGZ1FL673061103Q,35243.0,35.243,8941.847,0.003941355740038943
2011-01-01,2011Q1,Banks in U.S.-affiliated areas,Domestic financial,LM743061103,BOGZ1LM743061103Q,1063.0,1.063,8941.847,0.0001188792427336321
2011-01-01,2011Q1,Brokers and dealers,Domestic financial,LM663061105,BOGZ1LM663061105Q,61912.0,61.912,8941.847,0.006923849177915927
2011-01-01,2011Q1,Closed-end funds,Domestic financial,LM553061103,BOGZ1LM553061103Q,6012.0,6.012,8941.847,0.000672344315441765
2011-01-01,2011Q1,Credit unions,Domestic financial,LM473061105,BOGZ1LM473061105Q,21360.0,21.36,8941.847,0.002388768226519644
2011-01-01,2011Q1,Exchange-traded funds,Domestic financial,LM563061103,BOGZ1LM563061103Q,54049.0,54.049,8941.847,0.0060445006495861535
2011-01-01,2011Q1,Federal Reserve,Domestic financial,LM713061103,BOGZ1LM713061103Q,1340446.0,1340.446,8941.847,0.14990706058826547
2011-01-01,2011Q1,Federal government pension funds,Domestic government,LM343061105,BOGZ1LM343061105Q,19563.0,19.563,8941.847,0.002187803034429017
2011-01-01,2011Q1,Foreign bank offices in U.S.,Domestic financial,LM753061103,BOGZ1LM753061103Q,66145.0,66.145,8941.847,0.007397241308199525
2011-01-01,2011Q1,Government-sponsored enterprises,Domestic financial,LM403061105,BOGZ1LM403061105Q,96369.0,96.369,8941.847,0.010777303615237434
2011-01-01,2011Q1,Holding companies,Domestic financial,LM733061103,BOGZ1LM733061103Q,16133.0,16.133,8941.847,0.0018042133800768455
2011-01-01,2011Q1,Households and nonprofits,Domestic nonfinancial,LM153061105,BOGZ1LM153061105Q,487290.0,487.29,8941.847,0.054495452673256436
2011-01-01,2011Q1,Life insurers,Domestic financial,LM543061105,BOGZ1LM543061105Q,173175.0,173.175,8941.847,0.01936680419604585
2011-01-01,2011Q1,Money market funds,Domestic financial,FL633061105,BOGZ1FL633061105Q,369324.0,369.324,8941.847,0.04130287624022196
2011-01-01,2011Q1,Mutual funds,Domestic financial,LM653061105,BOGZ1LM653061105Q,399064.0,399.064,8941.847,0.04462881102752038
2011-01-01,2011Q1,Noncorporate businesses,Domestic nonfinancial,LM113061003,BOGZ1LM113061003Q,48273.0,48.273,8941.847,0.005398549091703314
2011-01-01,2011Q1,Nonfinancial corporations,Domestic nonfinancial,LM103061103,BOGZ1LM103061103Q,41312.0,41.312,8941.847,0.004620074577433499
2011-01-01,2011Q1,Other financial business,Domestic financial,FL503061123,BOGZ1FL503061123Q,24430.0,24.43,8941.847,0.0027320977422226078
2011-01-01,2011Q1,Private pension funds,Domestic financial,LM573061105,BOGZ1LM573061105Q,209176.0,209.176,8941.847,0.02339292989468507
2011-01-01,2011Q1,Property-casualty insurers,Domestic financial,LM513061105,BOGZ1LM513061105Q,98999.0,98.999,8941.847,0.011071426294813587
2011-01-01,2011Q1,Rest of world,Foreign,LM263061105,ROWTSEQ027S,4540880.0,4540.88,8941.847,0.507823495526148
2011-01-01,2011Q1,State and local governments,Domestic government,LM213061103,BOGZ1LM213061103Q,458477.0,458.477,8941.847,0.051273187742979724
2011-01-01,2011Q1,State and local pension funds,Domestic government,LM223061143,BOGZ1LM223061143Q,157095.0,157.095,8941.847,0.017568518003047918
2011-01-01,2011Q1,Total assets,Total,FL893061105,BOGZ1FL893061105Q,8941847.0,8941.847,8941.847,1.0
2011-01-01,2011Q1,U.S.-chartered banks,Domestic financial,LM763061100,BOGZ1LM763061100Q,216057.0,216.057,8941.847,0.02416245771147728
2011-04-01,2011Q2,ABS issuers,Domestic financial,FL673061103,BOGZ1FL673061103Q,33184.0,33.184,9228.325,0.003595885493846391
2011-04-01,2011Q2,Banks in U.S.-affiliated areas,Domestic financial,LM743061103,BOGZ1LM743061103Q,1587.0,1.587,9228.325,0.0001719705363649416
2011-04-01,2011Q2,Brokers and dealers,Domestic financial,LM663061105,BOGZ1LM663061105Q,71088.0,71.088,9228.325,0.007703239753693112
2011-04-01,2011Q2,Closed-end funds,Domestic financial,LM553061103,BOGZ1LM553061103Q,6079.0,6.079,9228.325,0.0006587327602788154
2011-04-01,2011Q2,Credit unions,Domestic financial,LM473061105,BOGZ1LM473061105Q,21811.0,21.811,9228.325,0.0023634841642443238
2011-04-01,2011Q2,Exchange-traded funds,Domestic financial,LM563061103,BOGZ1LM563061103Q,57891.0,57.891,9228.325,0.006273186087399392
2011-04-01,2011Q2,Federal Reserve,Domestic financial,LM713061103,BOGZ1LM713061103Q,1619538.0,1619.538,9228.325,0.17549641998954305
2011-04-01,2011Q2,Federal government pension funds,Domestic government,LM343061105,BOGZ1LM343061105Q,18128.0,18.128,9228.325,0.0019643868199266928
2011-04-01,2011Q2,Foreign bank offices in U.S.,Domestic financial,LM753061103,BOGZ1LM753061103Q,63637.0,63.637,9228.325,0.006895834292788778
2011-04-01,2011Q2,Government-sponsored enterprises,Domestic financial,LM403061105,BOGZ1LM403061105Q,93663.0,93.663,9228.325,0.010149512506332404
2011-04-01,2011Q2,Holding companies,Domestic financial,LM733061103,BOGZ1LM733061103Q,8991.0,8.991,9228.325,0.0009742829820146125
2011-04-01,2011Q2,Households and nonprofits,Domestic nonfinancial,LM153061105,BOGZ1LM153061105Q,355466.0,355.466,9228.325,0.03851901618115963
2011-04-01,2011Q2,Life insurers,Domestic financial,LM543061105,BOGZ1LM543061105Q,180211.0,180.211,9228.325,0.01952802919272999
2011-04-01,2011Q2,Money market funds,Domestic financial,FL633061105,BOGZ1FL633061105Q,363175.0,363.175,9228.325,0.039354379044951274
2011-04-01,2011Q2,Mutual funds,Domestic financial,LM653061105,BOGZ1LM653061105Q,400045.0,400.045,9228.325,0.04334968696919538
2011-04-01,2011Q2,Noncorporate businesses,Domestic nonfinancial,LM113061003,BOGZ1LM113061003Q,48484.0,48.484,9228.325,0.005253824502279666
2011-04-01,2011Q2,Nonfinancial corporations,Domestic nonfinancial,LM103061103,BOGZ1LM103061103Q,48750.0,48.75,9228.325,0.005282648801380531
2011-04-01,2011Q2,Other financial business,Domestic financial,FL503061123,BOGZ1FL503061123Q,25348.0,25.348,9228.325,0.0027467606526644863
2011-04-01,2011Q2,Private pension funds,Domestic financial,LM573061105,BOGZ1LM573061105Q,221475.0,221.475,9228.325,0.023999479862271862
2011-04-01,2011Q2,Property-casualty insurers,Domestic financial,LM513061105,BOGZ1LM513061105Q,98391.0,98.391,9228.325,0.010661848168546297
2011-04-01,2011Q2,Rest of world,Foreign,LM263061105,ROWTSEQ027S,4690562.0,4690.562,9228.325,0.5082788046584835
2011-04-01,2011Q2,State and local governments,Domestic government,LM213061103,BOGZ1LM213061103Q,450551.0,450.551,9228.325,0.0488226194894523
2011-04-01,2011Q2,State and local pension funds,Domestic government,LM223061143,BOGZ1LM223061143Q,166981.0,166.981,9228.325,0.018094399579555335
2011-04-01,2011Q2,Total assets,Total,FL893061105,BOGZ1FL893061105Q,9228325.0,9228.325,9228.325,1.0
2011-04-01,2011Q2,U.S.-chartered banks,Domestic financial,LM763061100,BOGZ1LM763061100Q,183289.0,183.289,9228.325,0.019861567510897155
2011-07-01,2011Q3,ABS issuers,Domestic financial,FL673061103,BOGZ1FL673061103Q,31021.0,31.021,9797.738,0.0031661389598292996
2011-07-01,2011Q3,Banks in U.S.-affiliated areas,Domestic financial,LM743061103,BOGZ1LM743061103Q,935.0,0.935,9797.738,9.543019011122773e-05
2011-07-01,2011Q3,Brokers and dealers,Domestic financial,LM663061105,BOGZ1LM663061105Q,79315.0,79.315,9797.738,0.008095235859542273
2011-07-01,2011Q3,Closed-end funds,Domestic financial,LM553061103,BOGZ1LM553061103Q,5998.0,5.998,9797.738,0.0006121821179541646
2011-07-01,2011Q3,Credit unions,Domestic financial,LM473061105,BOGZ1LM473061105Q,22539.0,22.539,9797.738,0.002300428935740066
2011-07-01,2011Q3,Exchange-traded funds,Domestic financial,LM563061103,BOGZ1LM563061103Q,60915.0,60.915,9797.738,0.0062172513696528734
2011-07-01,2011Q3,Federal Reserve,Domestic financial,LM713061103,BOGZ1LM713061103Q,1664660.0,1664.66,9797.738,0.16990248157278753
2011-07-01,2011Q3,Federal government pension funds,Domestic government,LM343061105,BOGZ1LM343061105Q,18116.0,18.116,9797.738,0.001848998207545456
2011-07-01,2011Q3,Foreign bank offices in U.S.,Domestic financial,LM753061103,BOGZ1LM753061103Q,58148.0,58.148,9797.738,0.00593483924554831
2011-07-01,2011Q3,Government-sponsored enterprises,Domestic financial,LM403061105,BOGZ1LM403061105Q,99527.0,99.527,9797.738,0.010158160995936001
2011-07-01,2011Q3,Holding companies,Domestic financial,LM733061103,BOGZ1LM733061103Q,20434.0,20.434,9797.738,0.0020855834275217405
2011-07-01,2011Q3,Households and nonprofits,Domestic nonfinancial,LM153061105,BOGZ1LM153061105Q,518307.0,518.307,9797.738,0.05290067972832097
2011-07-01,2011Q3,Life insurers,Domestic financial,LM543061105,BOGZ1LM543061105Q,190922.0,190.922,9797.738,0.01948633449884045
2011-07-01,2011Q3,Money market funds,Domestic financial,FL633061105,BOGZ1FL633061105Q,402652.0,402.652,9797.738,0.04109642450124713
2011-07-01,2011Q3,Mutual funds,Domestic financial,LM653061105,BOGZ1LM653061105Q,400788.0,400.788,9797.738,0.04090617650727137
2011-07-01,2011Q3,Noncorporate businesses,Domestic nonfinancial,LM113061003,BOGZ1LM113061003Q,48695.0,48.695,9797.738,0.00497002471386763
2011-07-01,2011Q3,Nonfinancial corporations,Domestic nonfinancial,LM103061103,BOGZ1LM103061103Q,40857.0,40.857,9797.738,0.004170044146924525
2011-07-01,2011Q3,Other financial business,Domestic financial,FL503061123,BOGZ1FL503061123Q,28784.0,28.784,9797.738,0.0029378209541835064
2011-07-01,2011Q3,Private pension funds,Domestic financial,LM573061105,BOGZ1LM573061105Q,242590.0,242.59,9797.738,0.024759796597949447
2011-07-01,2011Q3,Property-casualty insurers,Domestic financial,LM513061105,BOGZ1LM513061105Q,98025.0,98.025,9797.738,0.010004860305511334
2011-07-01,2011Q3,Rest of world,Foreign,LM263061105,ROWTSEQ027S,4974399.0,4974.399,9797.738,0.5077089222022472
2011-07-01,2011Q3,State and local governments,Domestic government,LM213061103,BOGZ1LM213061103Q,446326.0,446.326,9797.738,0.04555398399099874
2011-07-01,2011Q3,State and local pension funds,Domestic government,LM223061143,BOGZ1LM223061143Q,152056.0,152.056,9797.738,0.015519500521446891
2011-07-01,2011Q3,Total assets,Total,FL893061105,BOGZ1FL893061105Q,9797738.0,9797.738,9797.738,1.0
2011-07-01,2011Q3,U.S.-chartered banks,Domestic financial,LM763061100,BOGZ1LM763061100Q,191729.0,191.729,9797.738,0.019568700449022012
2011-10-01,2011Q4,ABS issuers,Domestic financial,FL673061103,BOGZ1FL673061103Q,29879.0,29.879,10128.62,0.0029499576447729304
2011-10-01,2011Q4,Banks in U.S.-affiliated areas,Domestic financial,LM743061103,BOGZ1LM743061103Q,1031.0,1.031,10128.62,0.00010179076715287965
2011-10-01,2011Q4,Brokers and dealers,Domestic financial,LM663061105,BOGZ1LM663061105Q,157679.0,157.679,10128.62,0.015567668645876732
2011-10-01,2011Q4,Closed-end funds,Domestic financial,LM553061103,BOGZ1LM553061103Q,5988.0,5.988,10128.62,0.0005911960365775397
2011-10-01,2011Q4,Credit unions,Domestic financial,LM473061105,BOGZ1LM473061105Q,17405.0,17.405,10128.62,0.0017183979653694185
2011-10-01,2011Q4,Exchange-traded funds,Domestic financial,LM563061103,BOGZ1LM563061103Q,62397.0,62.397,10128.62,0.006160464110609342
2011-10-01,2011Q4,Federal Reserve,Domestic financial,LM713061103,BOGZ1LM713061103Q,1663446.0,1663.446,10128.62,0.1642322448665267
2011-10-01,2011Q4,Federal government pension funds,Domestic government,LM343061105,BOGZ1LM343061105Q,19057.0,19.057,10128.62,0.0018815001451332953
2011-10-01,2011Q4,Foreign bank offices in U.S.,Domestic financial,LM753061103,BOGZ1LM753061103Q,60481.0,60.481,10128.62,0.0059712971757258145
2011-10-01,2011Q4,Government-sponsored enterprises,Domestic financial,LM403061105,BOGZ1LM403061105Q,113279.0,113.279,10128.62,0.011184050739389965
2011-10-01,2011Q4,Holding companies,Domestic financial,LM733061103,BOGZ1LM733061103Q,26848.0,26.848,10128.62,0.002650706611562088
2011-10-01,2011Q4,Households and nonprofits,Domestic nonfinancial,LM153061105,BOGZ1LM153061105Q,540699.0,540.699,10128.62,0.053383284198637124
2011-10-01,2011Q4,Life insurers,Domestic financial,LM543061105,BOGZ1LM543061105Q,204384.0,204.384,10128.62,0.0201788595089953
2011-10-01,2011Q4,Money market funds,Domestic financial,FL633061105,BOGZ1FL633061105Q,496874.0,496.874,10128.62,0.04905643611864202
2011-10-01,2011Q4,Mutual funds,Domestic financial,LM653061105,BOGZ1LM653061105Q,469317.0,469.317,10128.62,0.04633572984276239
2011-10-01,2011Q4,Noncorporate businesses,Domestic nonfinancial,LM113061003,BOGZ1LM113061003Q,48906.0,48.906,10128.62,0.004828495885915356
2011-10-01,2011Q4,Nonfinancial corporations,Domestic nonfinancial,LM103061103,BOGZ1LM103061103Q,42968.0,42.968,10128.62,0.004242236355989266
2011-10-01,2011Q4,Other financial business,Domestic financial,FL503061123,BOGZ1FL503061123Q,21178.0,21.178,10128.62,0.0020909067572877646
2011-10-01,2011Q4,Private pension funds,Domestic financial,LM573061105,BOGZ1LM573061105Q,251646.0,251.646,10128.62,0.024845043056211012
2011-10-01,2011Q4,Property-casualty insurers,Domestic financial,LM513061105,BOGZ1LM513061105Q,105439.0,105.439,10128.62,0.010410006496442753
2011-10-01,2011Q4,Rest of world,Foreign,LM263061105,ROWTSEQ027S,5004354.0,5004.354,10128.62,0.4940805361441144
2011-10-01,2011Q4,State and local governments,Domestic government,LM213061103,BOGZ1LM213061103Q,469297.0,469.297,10128.62,0.04633375524010181
2011-10-01,2011Q4,State and local pension funds,Domestic government,LM223061143,BOGZ1LM223061143Q,142217.0,142.217,10128.62,0.014041103328982625
2011-10-01,2011Q4,Total assets,Total,FL893061105,BOGZ1FL893061105Q,10128620.0,10128.62,10128.62,1.0
2011-10-01,2011Q4,U.S.-chartered banks,Domestic financial,LM763061100,BOGZ1LM763061100Q,173851.0,173.851,10128.62,0.017164332357221417
2012-01-01,2012Q1,ABS issuers,Domestic financial,FL673061103,BOGZ1FL673061103Q,27618.0,27.618,10627.784,0.002598660266335861
2012-01-01,2012Q1,Banks in U.S.-affiliated areas,Domestic financial,LM743061103,BOGZ1LM743061103Q,606.0,0.606,10627.784,5.702035344338952e-05
2012-01-01,2012Q1,Brokers and dealers,Domestic financial,LM663061105,BOGZ1LM663061105Q,158672.0,158.672,10627.784,0.01492992330291997
2012-01-01,2012Q1,Closed-end funds,Domestic financial,LM553061103,BOGZ1LM553061103Q,6146.0,6.146,10627.784,0.0005782955317872474
2012-01-01,2012Q1,Credit unions,Domestic financial,LM473061105,BOGZ1LM473061105Q,20254.0,20.254,10627.784,0.0019057594697069495
2012-01-01,2012Q1,Exchange-traded funds,Domestic financial,LM563061103,BOGZ1LM563061103Q,62156.0,62.156,10627.784,0.00584844404063914
2012-01-01,2012Q1,Federal Reserve,Domestic financial,LM713061103,BOGZ1LM713061103Q,1892042.0,1892.042,10627.784,0.17802789367943495
2012-01-01,2012Q1,Federal government pension funds,Domestic government,LM343061105,BOGZ1LM343061105Q,19488.0,19.488,10627.784,0.0018336842374666253
2012-01-01,2012Q1,Foreign bank offices in U.S.,Domestic financial,LM753061103,BOGZ1LM753061103Q,71572.0,71.572,10627.784,0.006734423657838737
2012-01-01,2012Q1,Government-sponsored enterprises,Domestic financial,LM403061105,BOGZ1LM403061105Q,117165.0,117.165,10627.784,0.01102440546401771
2012-01-01,2012Q1,Holding companies,Domestic financial,LM733061103,BOGZ1LM733061103Q,31423.0,31.423,10627.784,0.00295668410272546
2012-01-01,2012Q1,Households and nonprofits,Domestic nonfinancial,LM153061105,BOGZ1LM153061105Q,498455.0,498.455,10627.784,0.0469011225670375
2012-01-01,2012Q1,Life insurers,Domestic financial,LM543061105,BOGZ1LM543061105Q,205372.0,205.372,10627.784,0.019324066051775234
2012-01-01,2012Q1,Money market funds,Domestic financial,FL633061105,BOGZ1FL633061105Q,544720.0,544.72,10627.784,0.05125433486416359
2012-01-01,2012Q1,Mutual funds,Domestic financial,LM653061105,BOGZ1LM653061105Q,525623.0,525.623,10627.784,0.04945744098675698
2012-01-01,2012Q1,Noncorporate businesses,Domestic nonfinancial,LM113061003,BOGZ1LM113061003Q,49910.0,49.91,10627.784,0.004696181254718763
2012-01-01,2012Q1,Nonfinancial corporations,Domestic nonfinancial,LM103061103,BOGZ1LM103061103Q,38931.0,38.931,10627.784,0.0036631342902716125
2012-01-01,2012Q1,Other financial business,Domestic financial,FL503061123,BOGZ1FL503061123Q,19582.0,19.582,10627.784,0.0018425289787598245
2012-01-01,2012Q1,Private pension funds,Domestic financial,LM573061105,BOGZ1LM573061105Q,258532.0,258.532,10627.784,0.024326049532056727
2012-01-01,2012Q1,Property-casualty insurers,Domestic financial,LM513061105,BOGZ1LM513061105Q,102628.0,102.628,10627.784,0.009656575632323729
2012-01-01,2012Q1,Rest of world,Foreign,LM263061105,ROWTSEQ027S,5145060.0,5145.06,10627.784,0.48411409189347476
2012-01-01,2012Q1,State and local governments,Domestic government,LM213061103,BOGZ1LM213061103Q,461005.0,461.005,10627.784,0.043377339998630006
2012-01-01,2012Q1,State and local pension funds,Domestic government,LM223061143,BOGZ1LM223061143Q,181555.0,181.555,10627.784,0.01708305324985905
2012-01-01,2012Q1,Total assets,Total,FL893061105,BOGZ1FL893061105Q,10627784.0,10627.784,10627.784,1.0
2012-01-01,2012Q1,U.S.-chartered banks,Domestic financial,LM763061100,BOGZ1LM763061100Q,189269.0,189.269,10627.784,0.017808886593856255
2012-04-01,2012Q2,ABS issuers,Domestic financial,FL673061103,BOGZ1FL673061103Q,26288.0,26.288,10997.303,0.0023904042654821823
2012-04-01,2012Q2,Banks in U.S.-affiliated areas,Domestic financial,LM743061103,BOGZ1LM743061103Q,1075.0,1.075,10997.303,9.775123955391608e-05
2012-04-01,2012Q2,Brokers and dealers,Domestic financial,LM663061105,BOGZ1LM663061105Q,171910.0,171.91,10997.303,0.015632014503919732
2012-04-01,2012Q2,Closed-end funds,Domestic financial,LM553061103,BOGZ1LM553061103Q,6154.0,6.154,10997.303,0.0005595917471765577
2012-04-01,2012Q2,Credit unions,Domestic financial,LM473061105,BOGZ1LM473061105Q,19831.0,19.831,10997.303,0.001803260308459265
2012-04-01,2012Q2,Exchange-traded funds,Domestic financial,LM563061103,BOGZ1LM563061103Q,67485.0,67.485,10997.303,0.0061365045593451415
2012-04-01,2012Q2,Federal Reserve,Domestic financial,LM713061103,BOGZ1LM713061103Q,1964773.0,1964.773,10997.303,0.17865953134145707
2012-04-01,2012Q2,Federal government pension funds,Domestic government,LM343061105,BOGZ1LM343061105Q,18762.0,18.762,10997.303,0.0017060546572191383
2012-04-01,2012Q2,Foreign bank offices in U.S.,Domestic financial,LM753061103,BOGZ1LM753061103Q,60925.0,60.925,10997.303,0.005539994669602174
2012-04-01,2012Q2,Government-sponsored enterprises,Domestic financial,LM403061105,BOGZ1LM403061105Q,89445.0,89.445,10997.303,0.008133357787813975
2012-04-01,2012Q2,Holding companies,Domestic financial,LM733061103,BOGZ1LM733061103Q,7296.0,7.296,10997.303,0.0006634353895677877
2012-04-01,2012Q2,Households and nonprofits,Domestic nonfinancial,LM153061105,BOGZ1LM153061105Q,666429.0,666.429,10997.303,0.06059931239504813
2012-04-01,2012Q2,Life insurers,Domestic financial,LM543061105,BOGZ1LM543061105Q,203903.0,203.903,10997.303,0.018541182324429906
2012-04-01,2012Q2,Money market funds,Domestic financial,FL633061105,BOGZ1FL633061105Q,489640.0,489.64,10997.303,0.044523643660632065
2012-04-01,2012Q2,Mutual funds,Domestic financial,LM653061105,BOGZ1LM653061105Q,537758.0,537.758,10997.303,0.048899080074450985
2012-04-01,2012Q2,Noncorporate businesses,Domestic nonfinancial,LM113061003,BOGZ1LM113061003Q,50914.0,50.914,10997.303,0.004629680568044729
2012-04-01,2012Q2,Nonfinancial corporations,Domestic nonfinancial,LM103061103,BOGZ1LM103061103Q,38547.0,38.547,10997.303,0.0035051321219393516
2012-04-01,2012Q2,Other financial business,Domestic financial,FL503061123,BOGZ1FL503061123Q,18252.0,18.252,10997.303,0.0016596796505470477
2012-04-01,2012Q2,Private pension funds,Domestic financial,LM573061105,BOGZ1LM573061105Q,276545.0,276.545,10997.303,0.025146620039476954
2012-04-01,2012Q2,Property-casualty insurers,Domestic financial,LM513061105,BOGZ1LM513061105Q,99840.0,99.84,10997.303,0.009078589541453937
2012-04-01,2012Q2,Rest of world,Foreign,LM263061105,ROWTSEQ027S,5310871.0,5310.871,10997.303,0.48292485894041476
2012-04-01,2012Q2,State and local governments,Domestic government,LM213061103,BOGZ1LM213061103Q,464164.0,464.164,10997.303,0.0422070756802827
2012-04-01,2012Q2,State and local pension funds,Domestic government,LM223061143,BOGZ1LM223061143Q,191115.0,191.115,10997.303,0.01737835176497365
2012-04-01,2012Q2,Total assets,Total,FL893061105,BOGZ1FL893061105Q,10997303.0,10997.303,10997.303,1.0
2012-04-01,2012Q2,U.S.-chartered banks,Domestic financial,LM763061100,BOGZ1LM763061100Q,215381.0,215.381,10997.303,0.019584892768708836
2012-07-01,2012Q3,ABS issuers,Domestic financial,FL673061103,BOGZ1FL673061103Q,24307.0,24.307,11221.631,0.002166084413219433
2012-07-01,2012Q3,Banks in U.S.-affiliated areas,Domestic financial,LM743061103,BOGZ1LM743061103Q,709.0,0.709,11221.631,6.318154642582705e-05
2012-07-01,2012Q3,Brokers and dealers,Domestic financial,LM663061105,BOGZ1LM663061105Q,153986.0,153.986,11221.631,0.013722247683959667
2012-07-01,2012Q3,Closed-end funds,Domestic financial,LM553061103,BOGZ1LM553061103Q,6331.0,6.331,11221.631,0.0005641782375485347
2012-07-01,2012Q3,Credit unions,Domestic financial,LM473061105,BOGZ1LM473061105Q,20965.0,20.965,11221.631,0.0018682667430429678
2012-07-01,2012Q3,Exchange-traded funds,Domestic financial,LM563061103,BOGZ1LM563061103Q,63442.0,63.442,11221.631,0.005653545371434866
2012-07-01,2012Q3,Federal Reserve,Domestic financial,LM713061103,BOGZ1LM713061103Q,1967526.0,1967.526,11221.631,0.17533333612555965
2012-07-01,2012Q3,Federal government pension funds,Domestic government,LM343061105,BOGZ1LM343061105Q,18776.0,18.776,11221.631,0.0016731970602134397
2012-07-01,2012Q3,Foreign bank offices in U.S.,Domestic financial,LM753061103,BOGZ1LM753061103Q,77911.0,77.911,11221.631,0.0069429301319924
2012-07-01,2012Q3,Government-sponsored enterprises,Domestic financial,LM403061105,BOGZ1LM403061105Q,85032.0,85.032,11221.631,0.007577508118026694
2012-07-01,2012Q3,Holding companies,Domestic financial,LM733061103,BOGZ1LM733061103Q,10776.0,10.776,11221.631,0.0009602882147880286
2012-07-01,2012Q3,Households and nonprofits,Domestic nonfinancial,LM153061105,BOGZ1LM153061105Q,584341.0,584.341,11221.631,0.05207273345559126
2012-07-01,2012Q3,Life insurers,Domestic financial,LM543061105,BOGZ1LM543061105Q,205488.0,205.488,11221.631,0.018311776603597108
2012-07-01,2012Q3,Money market funds,Domestic financial,FL633061105,BOGZ1FL633061105Q,513720.0,513.72,11221.631,0.04577944150899277
2012-07-01,2012Q3,Mutual funds,Domestic financial,LM653061105,BOGZ1LM653061105Q,609054.0,609.054,11221.631,0.05427499799271603
2012-07-01,2012Q3,Noncorporate businesses,Domestic nonfinancial,LM113061003,BOGZ1LM113061003Q,51918.0,51.918,11221.631,0.004626600179599561
2012-07-01,2012Q3,Nonfinancial corporations,Domestic nonfinancial,LM103061103,BOGZ1LM103061103Q,39439.0,39.439,11221.631,0.0035145514943415983
2012-07-01,2012Q3,Other financial business,Domestic financial,FL503061123,BOGZ1FL503061123Q,19240.0,19.24,11221.631,0.0017145457732481134
2012-07-01,2012Q3,Private pension funds,Domestic financial,LM573061105,BOGZ1LM573061105Q,288307.0,288.307,11221.631,0.025692076312258
2012-07-01,2012Q3,Property-casualty insurers,Domestic financial,LM513061105,BOGZ1LM513061105Q,97342.0,97.342,11221.631,0.008674496603925044
2012-07-01,2012Q3,Rest of world,Foreign,LM263061105,ROWTSEQ027S,5472716.0,5472.716,11221.631,0.48769345561264676
2012-07-01,2012Q3,State and local governments,Domestic government,LM213061103,BOGZ1LM213061103Q,497027.0,497.027,11221.631,0.044291868089406966
2012-07-01,2012Q3,State and local pension funds,Domestic government,LM223061143,BOGZ1LM223061143Q,182197.0,182.197,11221.631,0.016236231613746703
2012-07-01,2012Q3,Total assets,Total,FL893061105,BOGZ1FL893061105Q,11221631.0,11221.631,11221.631,1.0
2012-07-01,2012Q3,U.S.-chartered banks,Domestic financial,LM763061100,BOGZ1LM763061100Q,231081.0,231.081,11221.631,0.020592461113718673
2012-10-01,2012Q4,ABS issuers,Domestic financial,FL673061103,BOGZ1FL673061103Q,23491.0,23.491,11446.631,0.002052219557003279
2012-10-01,2012Q4,Banks in U.S.-affiliated areas,Domestic financial,LM743061103,BOGZ1LM743061103Q,206.0,0.206,11446.631,1.7996561608389403e-05
2012-10-01,2012Q4,Brokers and dealers,Domestic financial,LM663061105,BOGZ1LM663061105Q,220902.0,220.902,11446.631,0.01929842938066231
2012-10-01,2012Q4,Closed-end funds,Domestic financial,LM553061103,BOGZ1LM553061103Q,6231.0,6.231,11446.631,0.0005443523076790019
2012-10-01,2012Q4,Credit unions,Domestic financial,LM473061105,BOGZ1LM473061105Q,19288.0,19.288,11446.631,0.001685037283022402
2012-10-01,2012Q4,Exchange-traded funds,Domestic financial,LM563061103,BOGZ1LM563061103Q,64042.0,64.042,11446.631,0.0055948339734197775
2012-10-01,2012Q4,Federal Reserve,Domestic financial,LM713061103,BOGZ1LM713061103Q,1974315.0,1974.315,11446.631,0.17248000743624917
2012-10-01,2012Q4,Federal government pension funds,Domestic government,LM343061105,BOGZ1LM343061105Q,18759.0,18.759,11446.631,0.0016388228117076545
2012-10-01,2012Q4,Foreign bank offices in U.S.,Domestic financial,LM753061103,BOGZ1LM753061103Q,76601.0,76.601,11446.631,0.006692012697884644
2012-10-01,2012Q4,Government-sponsored enterprises,Domestic financial,LM403061105,BOGZ1LM403061105Q,82016.0,82.016,11446.631,0.007165077654726531
2012-10-01,2012Q4,Holding companies,Domestic financial,LM733061103,BOGZ1LM733061103Q,7953.0,7.953,11446.631,0.0006947895848132084
2012-10-01,2012Q4,Households and nonprofits,Domestic nonfinancial,LM153061105,BOGZ1LM153061105Q,677704.0,677.704,11446.631,0.05920554266141714
2012-10-01,2012Q4,Life insurers,Domestic financial,LM543061105,BOGZ1LM543061105Q,208410.0,208.41,11446.631,0.018207103906817648
2012-10-01,2012Q4,Money market funds,Domestic financial,FL633061105,BOGZ1FL633061105Q,510255.0,510.255,11446.631,0.044576871570333666
2012-10-01,2012Q4,Mutual funds,Domestic financial,LM653061105,BOGZ1LM653061105Q,559231.0,559.231,11446.631,0.04885551041175347
2012-10-01,2012Q4,Noncorporate businesses,Domestic nonfinancial,LM113061003,BOGZ1LM113061003Q,52922.0,52.922,11446.631,0.004623369094364971
2012-10-01,2012Q4,Nonfinancial corporations,Domestic nonfinancial,LM103061103,BOGZ1LM103061103Q,39437.0,39.437,11446.631,0.003445293204611907
2012-10-01,2012Q4,Other financial business,Domestic financial,FL503061123,BOGZ1FL503061123Q,17732.0,17.732,11446.631,0.0015491020895143732
2012-10-01,2012Q4,Private pension funds,Domestic financial,LM573061105,BOGZ1LM573061105Q,297816.0,297.816,11446.631,0.026017786368757758
2012-10-01,2012Q4,Property-casualty insurers,Domestic financial,LM513061105,BOGZ1LM513061105Q,94817.0,94.817,11446.631,0.008283397970983777
2012-10-01,2012Q4,Rest of world,Foreign,LM263061105,ROWTSEQ027S,5571482.0,5571.482,11446.631,0.48673552943219717
2012-10-01,2012Q4,State and local governments,Domestic government,LM213061103,BOGZ1LM213061103Q,491333.0,491.333,11446.631,0.0429238087608485
2012-10-01,2012Q4,State and local pension funds,Domestic government,LM223061143,BOGZ1LM223061143Q,185479.0,185.479,11446.631,0.01620380704156533
2012-10-01,2012Q4,Total assets,Total,FL893061105,BOGZ1FL893061105Q,11446631.0,11446.631,11446.631,1.0
2012-10-01,2012Q4,U.S.-chartered banks,Domestic financial,LM763061100,BOGZ1LM763061100Q,246209.0,246.209,11446.631,0.021509298238057993
2013-01-01,2013Q1,ABS issuers,Domestic financial,FL673061103,BOGZ1FL673061103Q,21561.0,21.561,11725.972,0.0018387388269390376
2013-01-01,2013Q1,Banks in U.S.-affiliated areas,Domestic financial,LM743061103,BOGZ1LM743061103Q,172.0,0.172,11725.972,1.466829359647115e-05
2013-01-01,2013Q1,Brokers and dealers,Domestic financial,LM663061105,BOGZ1LM663061105Q,185084.0,185.084,11725.972,0.015784107279123643
2013-01-01,2013Q1,Closed-end funds,Domestic financial,LM553061103,BOGZ1LM553061103Q,6702.0,6.702,11725.972,0.0005715517656020328
2013-01-01,2013Q1,Credit unions,Domestic financial,LM473061105,BOGZ1LM473061105Q,19210.0,19.21,11725.972,0.0016382437208616908
2013-01-01,2013Q1,Exchange-traded funds,Domestic financial,LM563061103,BOGZ1LM563061103Q,63292.0,63.292,11725.972,0.005397590920394489
2013-01-01,2013Q1,Federal Reserve,Domestic financial,LM713061103,BOGZ1LM713061103Q,2098312.0,2098.312,11725.972,0.17894567716859633
2013-01-01,2013Q1,Federal government pension funds,Domestic government,LM343061105,BOGZ1LM343061105Q,18226.0,18.226,11725.972,0.0015543274365655997
2013-01-01,2013Q1,Foreign bank offices in U.S.,Domestic financial,LM753061103,BOGZ1LM753061103Q,79539.0,79.539,11725.972,0.006783147699823947
2013-01-01,2013Q1,Government-sponsored enterprises,Domestic financial,LM403061105,BOGZ1LM403061105Q,83397.0,83.397,11725.972,0.007112160936423864
2013-01-01,2013Q1,Holding companies,Domestic financial,LM733061103,BOGZ1LM733061103Q,9094.0,9.094,11725.972,0.0007755433835250502
2013-01-01,2013Q1,Households and nonprofits,Domestic nonfinancial,LM153061105,BOGZ1LM153061105Q,683487.0,683.487,11725.972,0.05828830224053068
2013-01-01,2013Q1,Life insurers,Domestic financial,LM543061105,BOGZ1LM543061105Q,199170.0,199.17,11725.972,0.016985372300053248
2013-01-01,2013Q1,Money market funds,Domestic financial,FL633061105,BOGZ1FL633061105Q,531816.0,531.816,11725.972,0.04535368155407501
2013-01-01,2013Q1,Mutual funds,Domestic financial,LM653061105,BOGZ1LM653061105Q,581226.0,581.226,11725.972,0.04956740473199152
2013-01-01,2013Q1,Noncorporate businesses,Domestic nonfinancial,LM113061003,BOGZ1LM113061003Q,53481.0,53.481,11725.972,0.004560901219958567
2013-01-01,2013Q1,Nonfinancial corporations,Domestic nonfinancial,LM103061103,BOGZ1LM103061103Q,32639.0,32.639,11725.972,0.002783479271483848
2013-01-01,2013Q1,Other financial business,Domestic financial,FL503061123,BOGZ1FL503061123Q,21059.0,21.059,11725.972,0.0017959278770237556
2013-01-01,2013Q1,Private pension funds,Domestic financial,LM573061105,BOGZ1LM573061105Q,295615.0,295.615,11725.972,0.025210276811167553
2013-01-01,2013Q1,Property-casualty insurers,Domestic financial,LM513061105,BOGZ1LM513061105Q,95353.0,95.353,11725.972,0.008131777902932055
2013-01-01,2013Q1,Rest of world,Foreign,LM263061105,ROWTSEQ027S,5721311.0,5721.311,11725.972,0.4879178459576741
2013-01-01,2013Q1,State and local governments,Domestic government,LM213061103,BOGZ1LM213061103Q,496671.0,496.671,11725.972,0.04235648865612164
2013-01-01,2013Q1,State and local pension funds,Domestic government,LM223061143,BOGZ1LM223061143Q,196704.0,196.704,11725.972,0.016775069904652683
2013-01-01,2013Q1,Total assets,Total,FL893061105,BOGZ1FL893061105Q,11725972.0,11725.972,11725.972,1.0
2013-01-01,2013Q1,U.S.-chartered banks,Domestic financial,LM763061100,BOGZ1LM763061100Q,232851.0,232.851,11725.972,0.01985771414088316
2013-04-01,2013Q2,ABS issuers,Domestic financial,FL673061103,BOGZ1FL673061103Q,21656.0,21.656,11414.427,0.0018972481054020495
2013-04-01,2013Q2,Banks in U.S.-affiliated areas,Domestic financial,LM743061103,BOGZ1LM743061103Q,62.0,0.062,11414.427,5.431722503459876e-06
2013-04-01,2013Q2,Brokers and dealers,Domestic financial,LM663061105,BOGZ1LM663061105Q,169160.0,169.16,11414.427,0.014819841591697944
2013-04-01,2013Q2,Closed-end funds,Domestic financial,LM553061103,BOGZ1LM553061103Q,6621.0,6.621,11414.427,0.0005800553983130297
2013-04-01,2013Q2,Credit unions,Domestic financial,LM473061105,BOGZ1LM473061105Q,20011.0,20.011,11414.427,0.0017531322422054125
2013-04-01,2013Q2,Exchange-traded funds,Domestic financial,LM563061103,BOGZ1LM563061103Q,62675.0,62.675,11414.427,0.005490858192005608
2013-04-01,2013Q2,Federal Reserve,Domestic financial,LM713061103,BOGZ1LM713061103Q,2143888.0,2143.888,11414.427,0.1878226563628643
2013-04-01,2013Q2,Federal government pension funds,Domestic government,LM343061105,BOGZ1LM343061105Q,16070.0,16.07,11414.427,0.0014078674295258098
2013-04-01,2013Q2,Foreign bank offices in U.S.,Domestic financial,LM753061103,BOGZ1LM753061103Q,68763.0,68.763,11414.427,0.0060242182984743785
2013-04-01,2013Q2,Government-sponsored enterprises,Domestic financial,LM403061105,BOGZ1LM403061105Q,84463.0,84.463,11414.427,0.007399670609834379
2013-04-01,2013Q2,Holding companies,Domestic financial,LM733061103,BOGZ1LM733061103Q,18072.0,18.072,11414.427,0.0015832595013310787
2013-04-01,2013Q2,Households and nonprofits,Domestic nonfinancial,LM153061105,BOGZ1LM153061105Q,602056.0,602.056,11414.427,0.052745179411984505
2013-04-01,2013Q2,Life insurers,Domestic financial,LM543061105,BOGZ1LM543061105Q,191809.0,191.809,11414.427,0.016804084865582828
2013-04-01,2013Q2,Money market funds,Domestic financial,FL633061105,BOGZ1FL633061105Q,498739.0,498.739,11414.427,0.043693739510533465
2013-04-01,2013Q2,Mutual funds,Domestic financial,LM653061105,BOGZ1LM653061105Q,536196.0,536.196,11414.427,0.046975288378470516
2013-04-01,2013Q2,Noncorporate businesses,Domestic nonfinancial,LM113061003,BOGZ1LM113061003Q,54041.0,54.041,11414.427,0.004734447029185083
2013-04-01,2013Q2,Nonfinancial corporations,Domestic nonfinancial,LM103061103,BOGZ1LM103061103Q,37330.0,37.33,11414.427,0.0032704225976476963
2013-04-01,2013Q2,Other financial business,Domestic financial,FL503061123,BOGZ1FL503061123Q,25423.0,25.423,11414.427,0.0022272690517009743
2013-04-01,2013Q2,Private pension funds,Domestic financial,LM573061105,BOGZ1LM573061105Q,287120.0,287.12,11414.427,0.025154131696667737
2013-04-01,2013Q2,Property-casualty insurers,Domestic financial,LM513061105,BOGZ1LM513061105Q,94414.0,94.414,11414.427,0.00827146207163969
2013-04-01,2013Q2,Rest of world,Foreign,LM263061105,ROWTSEQ027S,5595017.0,5595.017,11414.427,0.49017064106678326
2013-04-01,2013Q2,State and local governments,Domestic government,LM213061103,BOGZ1LM213061103Q,493599.0,493.599,11414.427,0.04324343219331115
2013-04-01,2013Q2,State and local pension funds,Domestic government,LM223061143,BOGZ1LM223061143Q,192468.0,192.468,11414.427,0.016861818819288957
2013-04-01,2013Q2,Total assets,Total,FL893061105,BOGZ1FL893061105Q,11414427.0,11414.427,11414.427,1.0
2013-04-01,2013Q2,U.S.-chartered banks,Domestic financial,LM763061100,BOGZ1LM763061100Q,194774.0,194.774,11414.427,0.017063843853046677
2013-07-01,2013Q3,ABS issuers,Domestic financial,FL673061103,BOGZ1FL673061103Q,20900.0,20.9,11560.742,0.0018078424377950826
2013-07-01,2013Q3,Banks in U.S.-affiliated areas,Domestic financial,LM743061103,BOGZ1LM743061103Q,261.0,0.261,11560.742,2.257640556289553e-05
2013-07-01,2013Q3,Brokers and dealers,Domestic financial,LM663061105,BOGZ1LM663061105Q,216452.0,216.452,11560.742,0.018723019681608673
2013-07-01,2013Q3,Closed-end funds,Domestic financial,LM553061103,BOGZ1LM553061103Q,6516.0,6.516,11560.742,0.0005636316423288402
2013-07-01,2013Q3,Credit unions,Domestic financial,LM473061105,BOGZ1LM473061105Q,19445.0,19.445,11560.742,0.001681985464254803
2013-07-01,2013Q3,Exchange-traded funds,Domestic financial,LM563061103,BOGZ1LM563061103Q,62798.0,62.798,11560.742,0.0054320042779261056
2013-07-01,2013Q3,Federal Reserve,Domestic financial,LM713061103,BOGZ1LM713061103Q,2262042.0,2262.042,11560.742,0.1956658145298978
2013-07-01,2013Q3,Federal government pension funds,Domestic government,LM343061105,BOGZ1LM343061105Q,15557.0,15.557,11560.742,0.0013456748710420144
2013-07-01,2013Q3,Foreign bank offices in U.S.,Domestic financial,LM753061103,BOGZ1LM753061103Q,70812.0,70.812,11560.742,0.006125212378236621
2013-07-01,2013Q3,Government-sponsored enterprises,Domestic financial,LM403061105,BOGZ1LM403061105Q,91779.0,91.779,11560.742,0.007938850291789229
2013-07-01,2013Q3,Holding companies,Domestic financial,LM733061103,BOGZ1LM733061103Q,16541.0,16.541,11560.742,0.0014307905150032758
2013-07-01,2013Q3,Households and nonprofits,Domestic nonfinancial,LM153061105,BOGZ1LM153061105Q,530136.0,530.136,11560.742,0.04585657218195856
2013-07-01,2013Q3,Life insurers,Domestic financial,LM543061105,BOGZ1LM543061105Q,185253.0,185.253,11560.742,0.01602431747028002
2013-07-01,2013Q3,Money market funds,Domestic financial,FL633061105,BOGZ1FL633061105Q,526649.0,526.649,11560.742,0.04555494794365275
2013-07-01,2013Q3,Mutual funds,Domestic financial,LM653061105,BOGZ1LM653061105Q,495211.0,495.211,11560.742,0.04283557231880099
2013-07-01,2013Q3,Noncorporate businesses,Domestic nonfinancial,LM113061003,BOGZ1LM113061003Q,54600.0,54.6,11560.742,0.004722880244191939
2013-07-01,2013Q3,Nonfinancial corporations,Domestic nonfinancial,LM103061103,BOGZ1LM103061103Q,37376.0,37.376,11560.742,0.0032330104763171772
2013-07-01,2013Q3,Other financial business,Domestic financial,FL503061123,BOGZ1FL503061123Q,27340.0,27.34,11560.742,0.00236490010762285
2013-07-01,2013Q3,Private pension funds,Domestic financial,LM573061105,BOGZ1LM573061105Q,285496.0,285.496,11560.742,0.024695300699557172
2013-07-01,2013Q3,Property-casualty insurers,Domestic financial,LM513061105,BOGZ1LM513061105Q,96145.0,96.145,11560.742,0.00831650771204824
2013-07-01,2013Q3,Rest of world,Foreign,LM263061105,ROWTSEQ027S,5652820.0,5652.82,11560.742,0.4889668846515215
2013-07-01,2013Q3,State and local governments,Domestic government,LM213061103,BOGZ1LM213061103Q,511945.0,511.945,11560.742,0.04428305726397146
2013-07-01,2013Q3,State and local pension funds,Domestic government,LM223061143,BOGZ1LM223061143Q,187458.0,187.458,11560.742,0.01621504917244931
2013-07-01,2013Q3,Total assets,Total,FL893061105,BOGZ1FL893061105Q,11560742.0,11560.742,11560.742,1.0
2013-07-01,2013Q3,U.S.-chartered banks,Domestic financial,LM763061100,BOGZ1LM763061100Q,187210.0,187.21,11560.742,0.01619359726218265
2013-10-01,2013Q4,ABS issuers,Domestic financial,FL673061103,BOGZ1FL673061103Q,22297.0,22.297,11675.278,0.0019097618061000346
2013-10-01,2013Q4,Banks in U.S.-affiliated areas,Domestic financial,LM743061103,BOGZ1LM743061103Q,785.0,0.785,11675.278,6.723608636984918e-05
2013-10-01,2013Q4,Brokers and dealers,Domestic financial,LM663061105,BOGZ1LM663061105Q,181190.0,181.19,11675.278,0.015519116546946462
2013-10-01,2013Q4,Closed-end funds,Domestic financial,LM553061103,BOGZ1LM553061103Q,6404.0,6.404,11675.278,0.0005485094230732664
2013-10-01,2013Q4,Credit unions,Domestic financial,LM473061105,BOGZ1LM473061105Q,18901.0,18.901,11675.278,0.0016188907878681774
2013-10-01,2013Q4,Exchange-traded funds,Domestic financial,LM563061103,BOGZ1LM563061103Q,55716.0,55.716,11675.278,0.004772134762015945
2013-10-01,2013Q4,Federal Reserve,Domestic financial,LM713061103,BOGZ1LM713061103Q,2341336.0,2341.336,11675.278,0.20053792295138495
2013-10-01,2013Q4,Federal government pension funds,Domestic government,LM343061105,BOGZ1LM343061105Q,25774.0,25.774,11675.278,0.0022075705606324748
2013-10-01,2013Q4,Foreign bank offices in U.S.,Domestic financial,LM753061103,BOGZ1LM753061103Q,68553.0,68.553,11675.278,0.0058716374890602175
2013-10-01,2013Q4,Government-sponsored enterprises,Domestic financial,LM403061105,BOGZ1LM403061105Q,68434.0,68.434,11675.278,0.005861445012272941
2013-10-01,2013Q4,Holding companies,Domestic financial,LM733061103,BOGZ1LM733061103Q,15908.0,15.908,11675.278,0.0013625371490083576
2013-10-01,2013Q4,Households and nonprofits,Domestic nonfinancial,LM153061105,BOGZ1LM153061105Q,425403.0,425.403,11675.278,0.03643622019107382
2013-10-01,2013Q4,Life insurers,Domestic financial,LM543061105,BOGZ1LM543061105Q,178422.0,178.422,11675.278,0.015282034397810484
2013-10-01,2013Q4,Money market funds,Domestic financial,FL633061105,BOGZ1FL633061105Q,547316.0,547.316,11675.278,0.046878198531975
2013-10-01,2013Q4,Mutual funds,Domestic financial,LM653061105,BOGZ1LM653061105Q,472816.0,472.816,11675.278,0.04049719415674727
2013-10-01,2013Q4,Noncorporate businesses,Domestic nonfinancial,LM113061003,BOGZ1LM113061003Q,55159.0,55.159,11675.278,0.0047244271185662556
2013-10-01,2013Q4,Nonfinancial corporations,Domestic nonfinancial,LM103061103,BOGZ1LM103061103Q,38822.0,38.822,11675.278,0.0033251456624844395
2013-10-01,2013Q4,Other financial business,Domestic financial,FL503061123,BOGZ1FL503061123Q,33577.0,33.577,11675.278,0.0028759058242553196
2013-10-01,2013Q4,Private pension funds,Domestic financial,LM573061105,BOGZ1LM573061105Q,281413.0,281.413,11675.278,0.024103323278469257
2013-10-01,2013Q4,Property-casualty insurers,Domestic financial,LM513061105,BOGZ1LM513061105Q,100831.0,100.831,11675.278,0.008636282579309889
2013-10-01,2013Q4,Rest of world,Foreign,LM263061105,ROWTSEQ027S,5792616.0,5792.616,11675.278,0.4961437320807265
2013-10-01,2013Q4,State and local governments,Domestic government,LM213061103,BOGZ1LM213061103Q,545423.0,545.423,11675.278,0.04671606106509841
2013-10-01,2013Q4,State and local pension funds,Domestic government,LM223061143,BOGZ1LM223061143Q,181275.0,181.275,11675.278,0.015526396887508802
2013-10-01,2013Q4,Total assets,Total,FL893061105,BOGZ1FL893061105Q,11675278.0,11675.278,11675.278,1.0
2013-10-01,2013Q4,U.S.-chartered banks,Domestic financial,LM763061100,BOGZ1LM763061100Q,216907.0,216.907,11675.278,0.01857831565124188
2014-01-01,2014Q1,ABS issuers,Domestic financial,FL673061103,BOGZ1FL673061103Q,22379.0,22.379,12040.95,0.0018585742819295819
2014-01-01,2014Q1,Banks in U.S.-affiliated areas,Domestic financial,LM743061103,BOGZ1LM743061103Q,931.0,0.931,12040.95,7.731948060576616e-05
2014-01-01,2014Q1,Brokers and dealers,Domestic financial,LM663061105,BOGZ1LM663061105Q,180058.0,180.058,12040.95,0.014953803478961376
2014-01-01,2014Q1,Closed-end funds,Domestic financial,LM553061103,BOGZ1LM553061103Q,6532.0,6.532,12040.95,0.0005424821131223035
2014-01-01,2014Q1,Credit unions,Domestic financial,LM473061105,BOGZ1LM473061105Q,20289.0,20.289,12040.95,0.001684999937712556
2014-01-01,2014Q1,Exchange-traded funds,Domestic financial,LM563061103,BOGZ1LM563061103Q,57484.0,57.484,12040.95,0.004774041915297381
2014-01-01,2014Q1,Federal Reserve,Domestic financial,LM713061103,BOGZ1LM713061103Q,2494381.0,2494.381,12040.95,0.20715815612555485
2014-01-01,2014Q1,Federal government pension funds,Domestic government,LM343061105,BOGZ1LM343061105Q,25082.0,25.082,12040.95,0.0020830582304552383
2014-01-01,2014Q1,Foreign bank offices in U.S.,Domestic financial,LM753061103,BOGZ1LM753061103Q,67722.0,67.722,12040.95,0.00562430705218442
2014-01-01,2014Q1,Government-sponsored enterprises,Domestic financial,LM403061105,BOGZ1LM403061105Q,74835.0,74.835,12040.95,0.006215041172000548
2014-01-01,2014Q1,Holding companies,Domestic financial,LM733061103,BOGZ1LM733061103Q,15650.0,15.65,12040.95,0.001299731333491128
2014-01-01,2014Q1,Households and nonprofits,Domestic nonfinancial,LM153061105,BOGZ1LM153061105Q,323595.0,323.595,12040.95,0.026874540630099784
2014-01-01,2014Q1,Life insurers,Domestic financial,LM543061105,BOGZ1LM543061105Q,185171.0,185.171,12040.95,0.01537843774785212
2014-01-01,2014Q1,Money market funds,Domestic financial,FL633061105,BOGZ1FL633061105Q,525350.0,525.35,12040.95,0.04363027834182519
2014-01-01,2014Q1,Mutual funds,Domestic financial,LM653061105,BOGZ1LM653061105Q,579551.0,579.551,12040.95,0.048131667351828555
2014-01-01,2014Q1,Noncorporate businesses,Domestic nonfinancial,LM113061003,BOGZ1LM113061003Q,55668.0,55.668,12040.95,0.004623223250657132
2014-01-01,2014Q1,Nonfinancial corporations,Domestic nonfinancial,LM103061103,BOGZ1LM103061103Q,38909.0,38.909,12040.95,0.003231389549827879
2014-01-01,2014Q1,Other financial business,Domestic financial,FL503061123,BOGZ1FL503061123Q,33881.0,33.881,12040.95,0.002813814524601464
2014-01-01,2014Q1,Private pension funds,Domestic financial,LM573061105,BOGZ1LM573061105Q,287664.0,287.664,12040.95,0.0238904737582998
2014-01-01,2014Q1,Property-casualty insurers,Domestic financial,LM513061105,BOGZ1LM513061105Q,99766.0,99.766,12040.95,0.008285558863710919
2014-01-01,2014Q1,Rest of world,Foreign,LM263061105,ROWTSEQ027S,5948311.0,5948.311,12040.95,0.4940067851789102
2014-01-01,2014Q1,State and local governments,Domestic government,LM213061103,BOGZ1LM213061103Q,549617.0,549.617,12040.95,0.04564565088302833
2014-01-01,2014Q1,State and local pension funds,Domestic government,LM223061143,BOGZ1LM223061143Q,184304.0,184.304,12040.95,0.015306433462475967
2014-01-01,2014Q1,Total assets,Total,FL893061105,BOGZ1FL893061105Q,12040950.0,12040.95,12040.95,1.0
2014-01-01,2014Q1,U.S.-chartered banks,Domestic financial,LM763061100,BOGZ1LM763061100Q,263820.0,263.82,12040.95,0.021910231335567375
2014-04-01,2014Q2,ABS issuers,Domestic financial,FL673061103,BOGZ1FL673061103Q,22579.0,22.579,12102.799,0.001865601502594565
2014-04-01,2014Q2,Banks in U.S.-affiliated areas,Domestic financial,LM743061103,BOGZ1LM743061103Q,449.0,0.449,12102.799,3.709885622325877e-05
2014-04-01,2014Q2,Brokers and dealers,Domestic financial,LM663061105,BOGZ1LM663061105Q,154273.0,154.273,12102.799,0.012746886071560801
2014-04-01,2014Q2,Closed-end funds,Domestic financial,LM553061103,BOGZ1LM553061103Q,6671.0,6.671,12102.799,0.0005511948103905551
2014-04-01,2014Q2,Credit unions,Domestic financial,LM473061105,BOGZ1LM473061105Q,20876.0,20.876,12102.799,0.0017248902505940982
2014-04-01,2014Q2,Exchange-traded funds,Domestic financial,LM563061103,BOGZ1LM563061103Q,61570.0,61.57,12102.799,0.00508725295693996
2014-04-01,2014Q2,Federal Reserve,Domestic financial,LM713061103,BOGZ1LM713061103Q,2614159.0,2614.159,12102.799,0.21599623359852543
2014-04-01,2014Q2,Federal government pension funds,Domestic government,LM343061105,BOGZ1LM343061105Q,24006.0,24.006,12102.799,0.0019835081124622493
2014-04-01,2014Q2,Foreign bank offices in U.S.,Domestic financial,LM753061103,BOGZ1LM753061103Q,66959.0,66.959,12102.799,0.005532521857134039
2014-04-01,2014Q2,Government-sponsored enterprises,Domestic financial,LM403061105,BOGZ1LM403061105Q,74363.0,74.363,12102.799,0.006144281170000427
2014-04-01,2014Q2,Holding companies,Domestic financial,LM733061103,BOGZ1LM733061103Q,20667.0,20.667,12102.799,0.0017076215179645635
2014-04-01,2014Q2,Households and nonprofits,Domestic nonfinancial,LM153061105,BOGZ1LM153061105Q,240317.0,240.317,12102.799,0.019856315881970774
2014-04-01,2014Q2,Life insurers,Domestic financial,LM543061105,BOGZ1LM543061105Q,192604.0,192.604,12102.799,0.015914004686023456
2014-04-01,2014Q2,Money market funds,Domestic financial,FL633061105,BOGZ1FL633061105Q,427503.0,427.503,12102.799,0.035322655527865905
2014-04-01,2014Q2,Mutual funds,Domestic financial,LM653061105,BOGZ1LM653061105Q,592685.0,592.685,12102.799,0.04897090334227643
2014-04-01,2014Q2,Noncorporate businesses,Domestic nonfinancial,LM113061003,BOGZ1LM113061003Q,56178.0,56.178,12102.799,0.00464173618020096
2014-04-01,2014Q2,Nonfinancial corporations,Domestic nonfinancial,LM103061103,BOGZ1LM103061103Q,40664.0,40.664,12102.799,0.003359883940896647
2014-04-01,2014Q2,Other financial business,Domestic financial,FL503061123,BOGZ1FL503061123Q,32312.0,32.312,12102.799,0.0026697956398350495
2014-04-01,2014Q2,Private pension funds,Domestic financial,LM573061105,BOGZ1LM573061105Q,293805.0,293.805,12102.799,0.024275789426892076
2014-04-01,2014Q2,Property-casualty insurers,Domestic financial,LM513061105,BOGZ1LM513061105Q,103453.0,103.453,12102.799,0.00854785740058973
2014-04-01,2014Q2,Rest of world,Foreign,LM263061105,ROWTSEQ027S,6018693.0,6018.693,12102.799,0.4972976085945077
2014-04-01,2014Q2,State and local governments,Domestic government,LM213061103,BOGZ1LM213061103Q,540705.0,540.705,12102.799,0.044676029073935704
2014-04-01,2014Q2,State and local pension funds,Domestic government,LM223061143,BOGZ1LM223061143Q,198331.0,198.331,12102.799,0.016387201010278695
2014-04-01,2014Q2,Total assets,Total,FL893061105,BOGZ1FL893061105Q,12102799.0,12102.799,12102.799,1.0
2014-04-01,2014Q2,U.S.-chartered banks,Domestic financial,LM763061100,BOGZ1LM763061100Q,298977.0,298.977,12102.799,0.024703128590336826
2014-07-01,2014Q3,ABS issuers,Domestic financial,FL673061103,BOGZ1FL673061103Q,25471.0,25.471,12287.35,0.002072944939307499
2014-07-01,2014Q3,Banks in U.S.-affiliated areas,Domestic financial,LM743061103,BOGZ1LM743061103Q,886.0,0.886,12287.35,7.210667882008733e-05
2014-07-01,2014Q3,Brokers and dealers,Domestic financial,LM663061105,BOGZ1LM663061105Q,120853.0,120.853,12287.35,0.009835562590794596
2014-07-01,2014Q3,Closed-end funds,Domestic financial,LM553061103,BOGZ1LM553061103Q,6537.0,6.537,12287.35,0.0005320105637098316
2014-07-01,2014Q3,Credit unions,Domestic financial,LM473061105,BOGZ1LM473061105Q,26083.0,26.083,12287.35,0.002122752261472164
2014-07-01,2014Q3,Exchange-traded funds,Domestic financial,LM563061103,BOGZ1LM563061103Q,62050.0,62.05,12287.35,0.005049909052806341
2014-07-01,2014Q3,Federal Reserve,Domestic financial,LM713061103,BOGZ1LM713061103Q,2662378.0,2662.378,12287.35,0.2166763378596687
2014-07-01,2014Q3,Federal government pension funds,Domestic government,LM343061105,BOGZ1LM343061105Q,24053.0,24.053,12287.35,0.001957541699390023
2014-07-01,2014Q3,Foreign bank offices in U.S.,Domestic financial,LM753061103,BOGZ1LM753061103Q,61707.0,61.707,12287.35,0.0050219941647303935
2014-07-01,2014Q3,Government-sponsored enterprises,Domestic financial,LM403061105,BOGZ1LM403061105Q,75065.0,75.065,12287.35,0.006109128493938888
2014-07-01,2014Q3,Holding companies,Domestic financial,LM733061103,BOGZ1LM733061103Q,21681.0,21.681,12287.35,0.0017644976337452746
2014-07-01,2014Q3,Households and nonprofits,Domestic nonfinancial,LM153061105,BOGZ1LM153061105Q,201676.0,201.676,12287.35,0.016413303112550712
2014-07-01,2014Q3,Life insurers,Domestic financial,LM543061105,BOGZ1LM543061105Q,200011.0,200.011,12287.35,0.01627779789783802
2014-07-01,2014Q3,Money market funds,Domestic financial,FL633061105,BOGZ1FL633061105Q,446312.0,446.312,12287.35,0.03632288491822891
2014-07-01,2014Q3,Mutual funds,Domestic financial,LM653061105,BOGZ1LM653061105Q,660802.0,660.802,12287.35,0.053779049184730636
2014-07-01,2014Q3,Noncorporate businesses,Domestic nonfinancial,LM113061003,BOGZ1LM113061003Q,56688.0,56.688,12287.35,0.004613525292272134
2014-07-01,2014Q3,Nonfinancial corporations,Domestic nonfinancial,LM103061103,BOGZ1LM103061103Q,41380.0,41.38,12287.35,0.003367691162048774
2014-07-01,2014Q3,Other financial business,Domestic financial,FL503061123,BOGZ1FL503061123Q,44607.0,44.607,12287.35,0.0036303189866000395
2014-07-01,2014Q3,Private pension funds,Domestic financial,LM573061105,BOGZ1LM573061105Q,296560.0,296.56,12287.35,0.024135391276394014
2014-07-01,2014Q3,Property-casualty insurers,Domestic financial,LM513061105,BOGZ1LM513061105Q,106597.0,106.597,12287.35,0.008675344968605923
2014-07-01,2014Q3,Rest of world,Foreign,LM263061105,ROWTSEQ027S,6069151.0,6069.151,12287.35,0.49393490052777855
2014-07-01,2014Q3,State and local governments,Domestic government,LM213061103,BOGZ1LM213061103Q,518529.0,518.529,12287.35,0.04220023031817275
2014-07-01,2014Q3,State and local pension funds,Domestic government,LM223061143,BOGZ1LM223061143Q,198738.0,198.738,12287.35,0.016174195412354982
2014-07-01,2014Q3,Total assets,Total,FL893061105,BOGZ1FL893061105Q,12287350.0,12287.35,12287.35,1.0
2014-07-01,2014Q3,U.S.-chartered banks,Domestic financial,LM763061100,BOGZ1LM763061100Q,359535.0,359.535,12287.35,0.02926058100404074
2014-10-01,2014Q4,ABS issuers,Domestic financial,FL673061103,BOGZ1FL673061103Q,27628.0,27.628,12620.703,0.002189101510430917
2014-10-01,2014Q4,Banks in U.S.-affiliated areas,Domestic financial,LM743061103,BOGZ1LM743061103Q,988.0,0.988,12620.703,7.82840702296853e-05
2014-10-01,2014Q4,Brokers and dealers,Domestic financial,LM663061105,BOGZ1LM663061105Q,118741.0,118.741,12620.703,0.009408429942452492
2014-10-01,2014Q4,Closed-end funds,Domestic financial,LM553061103,BOGZ1LM553061103Q,6391.0,6.391,12620.703,0.0005063901749371648
2014-10-01,2014Q4,Credit unions,Domestic financial,LM473061105,BOGZ1LM473061105Q,21455.0,21.455,12620.703,0.0016999845412731763
2014-10-01,2014Q4,Exchange-traded funds,Domestic financial,LM563061103,BOGZ1LM563061103Q,67498.0,67.498,12620.703,0.0053481965307320845
2014-10-01,2014Q4,Federal Reserve,Domestic financial,LM713061103,BOGZ1LM713061103Q,2736293.0,2736.293,12620.703,0.21680987184311368
2014-10-01,2014Q4,Federal government pension funds,Domestic government,LM343061105,BOGZ1LM343061105Q,24600.0,24.6,12620.703,0.0019491782668524884
2014-10-01,2014Q4,Foreign bank offices in U.S.,Domestic financial,LM753061103,BOGZ1LM753061103Q,57799.0,57.799,12620.703,0.004579697343325487
2014-10-01,2014Q4,Government-sponsored enterprises,Domestic financial,LM403061105,BOGZ1LM403061105Q,74538.0,74.538,12620.703,0.005906010148563039
2014-10-01,2014Q4,Holding companies,Domestic financial,LM733061103,BOGZ1LM733061103Q,13125.0,13.125,12620.703,0.0010399579167658093
2014-10-01,2014Q4,Households and nonprofits,Domestic nonfinancial,LM153061105,BOGZ1LM153061105Q,208221.0,208.221,12620.703,0.016498367800906178
2014-10-01,2014Q4,Life insurers,Domestic financial,LM543061105,BOGZ1LM543061105Q,207502.0,207.502,12620.703,0.01644139791578964
2014-10-01,2014Q4,Money market funds,Domestic financial,FL633061105,BOGZ1FL633061105Q,484687.0,484.687,12620.703,0.03840412059455008
2014-10-01,2014Q4,Mutual funds,Domestic financial,LM653061105,BOGZ1LM653061105Q,682894.0,682.894,12620.703,0.054109030218047284
2014-10-01,2014Q4,Noncorporate businesses,Domestic nonfinancial,LM113061003,BOGZ1LM113061003Q,57197.0,57.197,12620.703,0.004531997940209829
2014-10-01,2014Q4,Nonfinancial corporations,Domestic nonfinancial,LM103061103,BOGZ1LM103061103Q,41679.0,41.679,12620.703,0.003302430934314832
2014-10-01,2014Q4,Other financial business,Domestic financial,FL503061123,BOGZ1FL503061123Q,55157.0,55.157,12620.703,0.0043703587668610855
2014-10-01,2014Q4,Private pension funds,Domestic financial,LM573061105,BOGZ1LM573061105Q,304867.0,304.867,12620.703,0.024156102873191775
2014-10-01,2014Q4,Property-casualty insurers,Domestic financial,LM513061105,BOGZ1LM513061105Q,108314.0,108.314,12620.703,0.008582247755929286
2014-10-01,2014Q4,Rest of world,Foreign,LM263061105,ROWTSEQ027S,6157966.0,6157.966,12620.703,0.4879257518380712
2014-10-01,2014Q4,State and local governments,Domestic government,LM213061103,BOGZ1LM213061103Q,541351.0,541.351,12620.703,0.04289388633897811
2014-10-01,2014Q4,State and local pension funds,Domestic government,LM223061143,BOGZ1LM223061143Q,199249.0,199.249,12620.703,0.015787472377727294
2014-10-01,2014Q4,Total assets,Total,FL893061105,BOGZ1FL893061105Q,12620703.0,12620.703,12620.703,1.0
2014-10-01,2014Q4,U.S.-chartered banks,Domestic financial,LM763061100,BOGZ1LM763061100Q,422563.0,422.563,12620.703,0.03348173235674748
2015-01-01,2015Q1,ABS issuers,Domestic financial,FL673061103,BOGZ1FL673061103Q,28234.0,28.234,12865.296,0.0021945861175677577
2015-01-01,2015Q1,Banks in U.S.-affiliated areas,Domestic financial,LM743061103,BOGZ1LM743061103Q,1126.0,1.126,12865.296,8.752227698453265e-05
2015-01-01,2015Q1,Brokers and dealers,Domestic financial,LM663061105,BOGZ1LM663061105Q,133216.0,133.216,12865.296,0.010354678197843253
2015-01-01,2015Q1,Closed-end funds,Domestic financial,LM553061103,BOGZ1LM553061103Q,6369.0,6.369,12865.296,0.0004950527372242348
2015-01-01,2015Q1,Credit unions,Domestic financial,LM473061105,BOGZ1LM473061105Q,22811.0,22.811,12865.296,0.0017730645295685385
2015-01-01,2015Q1,Exchange-traded funds,Domestic financial,LM563061103,BOGZ1LM563061103Q,70784.0,70.784,12865.296,0.005501933262942416
2015-01-01,2015Q1,Federal Reserve,Domestic financial,LM713061103,BOGZ1LM713061103Q,2773131.0,2773.131,12865.296,0.21555127841598046
2015-01-01,2015Q1,Federal government pension funds,Domestic government,LM343061105,BOGZ1LM343061105Q,24832.0,24.832,12865.296,0.0019301538029128907
2015-01-01,2015Q1,Foreign bank offices in U.S.,Domestic financial,LM753061103,BOGZ1LM753061103Q,56965.0,56.965,12865.296,0.004427803293449292
2015-01-01,2015Q1,Government-sponsored enterprises,Domestic financial,LM403061105,BOGZ1LM403061105Q,80222.0,80.222,12865.296,0.0062355347284664105
2015-01-01,2015Q1,Holding companies,Domestic financial,LM733061103,BOGZ1LM733061103Q,9612.0,9.612,12865.296,0.0007471262223581952
2015-01-01,2015Q1,Households and nonprofits,Domestic nonfinancial,LM153061105,BOGZ1LM153061105Q,329732.0,329.732,12865.296,0.025629569657783235
2015-01-01,2015Q1,Life insurers,Domestic financial,LM543061105,BOGZ1LM543061105Q,207410.0,207.41,12865.296,0.016121665603340957
2015-01-01,2015Q1,Money market funds,Domestic financial,FL633061105,BOGZ1FL633061105Q,508750.0,508.75,12865.296,0.03954436804252308
2015-01-01,2015Q1,Mutual funds,Domestic financial,LM653061105,BOGZ1LM653061105Q,709433.0,709.433,12865.296,0.05514315411009587
2015-01-01,2015Q1,Noncorporate businesses,Domestic nonfinancial,LM113061003,BOGZ1LM113061003Q,58363.0,58.363,12865.296,0.004536467719048205
2015-01-01,2015Q1,Nonfinancial corporations,Domestic nonfinancial,LM103061103,BOGZ1LM103061103Q,34613.0,34.613,12865.296,0.0026904161396675208
2015-01-01,2015Q1,Other financial business,Domestic financial,FL503061123,BOGZ1FL503061123Q,60382.0,60.382,12865.296,0.0046934015354174515
2015-01-01,2015Q1,Private pension funds,Domestic financial,LM573061105,BOGZ1LM573061105Q,304967.0,304.967,12865.296,0.023704623663536383
2015-01-01,2015Q1,Property-casualty insurers,Domestic financial,LM513061105,BOGZ1LM513061105Q,106520.0,106.52,12865.296,0.008279638494131809
2015-01-01,2015Q1,Rest of world,Foreign,LM263061105,ROWTSEQ027S,6172631.0,6172.631,12865.296,0.4797892718519652
2015-01-01,2015Q1,State and local governments,Domestic government,LM213061103,BOGZ1LM213061103Q,561641.0,561.641,12865.296,0.04365550547768197
2015-01-01,2015Q1,State and local pension funds,Domestic government,LM223061143,BOGZ1LM223061143Q,176744.0,176.744,12865.296,0.013738043804044617
2015-01-01,2015Q1,Total assets,Total,FL893061105,BOGZ1FL893061105Q,12865296.0,12865.296,12865.296,1.0
2015-01-01,2015Q1,U.S.-chartered banks,Domestic financial,LM763061100,BOGZ1LM763061100Q,426808.0,426.808,12865.296,0.03317514031546573
2015-04-01,2015Q2,ABS issuers,Domestic financial,FL673061103,BOGZ1FL673061103Q,29197.0,29.197,12690.765,0.002300649330438315
2015-04-01,2015Q2,Banks in U.S.-affiliated areas,Domestic financial,LM743061103,BOGZ1LM743061103Q,1484.0,1.484,12690.765,0.00011693542509060722
2015-04-01,2015Q2,Brokers and dealers,Domestic financial,LM663061105,BOGZ1LM663061105Q,125631.0,125.631,12690.765,0.009899403227465011
2015-04-01,2015Q2,Closed-end funds,Domestic financial,LM553061103,BOGZ1LM553061103Q,6215.0,6.215,12690.765,0.0004897261906591132
2015-04-01,2015Q2,Credit unions,Domestic financial,LM473061105,BOGZ1LM473061105Q,23127.0,23.127,12690.765,0.0018223487709369767
2015-04-01,2015Q2,Exchange-traded funds,Domestic financial,LM563061103,BOGZ1LM563061103Q,70774.0,70.774,12690.765,0.005576811169381831
2015-04-01,2015Q2,Federal Reserve,Domestic financial,LM713061103,BOGZ1LM713061103Q,2682775.0,2682.775,12690.765,0.2113958457193085
2015-04-01,2015Q2,Federal government pension funds,Domestic government,LM343061105,BOGZ1LM343061105Q,23399.0,23.399,12690.765,0.0018437816790398374
2015-04-01,2015Q2,Foreign bank offices in U.S.,Domestic financial,LM753061103,BOGZ1LM753061103Q,58466.0,58.466,12690.765,0.004606972077727387
2015-04-01,2015Q2,Government-sponsored enterprises,Domestic financial,LM403061105,BOGZ1LM403061105Q,79327.0,79.327,12690.765,0.006250765812778032
2015-04-01,2015Q2,Holding companies,Domestic financial,LM733061103,BOGZ1LM733061103Q,8409.0,8.409,12690.765,0.0006626078096946876
2015-04-01,2015Q2,Households and nonprofits,Domestic nonfinancial,LM153061105,BOGZ1LM153061105Q,340446.0,340.446,12690.765,0.026826278794067973
2015-04-01,2015Q2,Life insurers,Domestic financial,LM543061105,BOGZ1LM543061105Q,207511.0,207.511,12690.765,0.016351338946076144
2015-04-01,2015Q2,Money market funds,Domestic financial,FL633061105,BOGZ1FL633061105Q,444548.0,444.548,12690.765,0.03502925158570031
2015-04-01,2015Q2,Mutual funds,Domestic financial,LM653061105,BOGZ1LM653061105Q,725560.0,725.56,12690.765,0.05717228236438071
2015-04-01,2015Q2,Noncorporate businesses,Domestic nonfinancial,LM113061003,BOGZ1LM113061003Q,59529.0,59.529,12690.765,0.004690733773732317
2015-04-01,2015Q2,Nonfinancial corporations,Domestic nonfinancial,LM103061103,BOGZ1LM103061103Q,32123.0,32.123,12690.765,0.0025312106874565876
2015-04-01,2015Q2,Other financial business,Domestic financial,FL503061123,BOGZ1FL503061123Q,58125.0,58.125,12690.765,0.004580102145142551
2015-04-01,2015Q2,Private pension funds,Domestic financial,LM573061105,BOGZ1LM573061105Q,294125.0,294.125,12690.765,0.023176301822624562
2015-04-01,2015Q2,Property-casualty insurers,Domestic financial,LM513061105,BOGZ1LM513061105Q,105629.0,105.629,12690.765,0.00832329650734215
2015-04-01,2015Q2,Rest of world,Foreign,LM263061105,ROWTSEQ027S,6163141.0,6163.141,12690.765,0.48563983337489897
2015-04-01,2015Q2,State and local governments,Domestic government,LM213061103,BOGZ1LM213061103Q,539145.0,539.145,12690.765,0.04248325455557644
2015-04-01,2015Q2,State and local pension funds,Domestic government,LM223061143,BOGZ1LM223061143Q,185671.0,185.671,12690.765,0.014630402501346451
2015-04-01,2015Q2,Total assets,Total,FL893061105,BOGZ1FL893061105Q,12690765.0,12690.765,12690.765,1.0
2015-04-01,2015Q2,U.S.-chartered banks,Domestic financial,LM763061100,BOGZ1LM763061100Q,426408.0,426.408,12690.765,0.03359986572913454
2015-07-01,2015Q3,ABS issuers,Domestic financial,FL673061103,BOGZ1FL673061103Q,28900.0,28.9,12960.268,0.0022298921596374394
2015-07-01,2015Q3,Banks in U.S.-affiliated areas,Domestic financial,LM743061103,BOGZ1LM743061103Q,1847.0,1.847,12960.268,0.00014251248508132701
2015-07-01,2015Q3,Brokers and dealers,Domestic financial,LM663061105,BOGZ1LM663061105Q,116897.0,116.897,12960.268,0.009019643729589542
2015-07-01,2015Q3,Closed-end funds,Domestic financial,LM553061103,BOGZ1LM553061103Q,6103.0,6.103,12960.268,0.00047090075606461224
2015-07-01,2015Q3,Credit unions,Domestic financial,LM473061105,BOGZ1LM473061105Q,22614.0,22.614,12960.268,0.001744871325191732
2015-07-01,2015Q3,Exchange-traded funds,Domestic financial,LM563061103,BOGZ1LM563061103Q,85189.0,85.189,12960.268,0.006573089383645461
2015-07-01,2015Q3,Federal Reserve,Domestic financial,LM713061103,BOGZ1LM713061103Q,2720453.0,2720.453,12960.268,0.2099071562409049
2015-07-01,2015Q3,Federal government pension funds,Domestic government,LM343061105,BOGZ1LM343061105Q,23072.0,23.072,12960.268,0.0017802101005935987
2015-07-01,2015Q3,Foreign bank offices in U.S.,Domestic financial,LM753061103,BOGZ1LM753061103Q,55855.0,55.855,12960.268,0.0043097102621643315
2015-07-01,2015Q3,Government-sponsored enterprises,Domestic financial,LM403061105,BOGZ1LM403061105Q,86443.0,86.443,12960.268,0.0066698466420601794
2015-07-01,2015Q3,Holding companies,Domestic financial,LM733061103,BOGZ1LM733061103Q,12270.0,12.27,12960.268,0.000946739681617695
2015-07-01,2015Q3,Households and nonprofits,Domestic nonfinancial,LM153061105,BOGZ1LM153061105Q,589924.0,589.924,12960.268,0.04551788589556944
2015-07-01,2015Q3,Life insurers,Domestic financial,LM543061105,BOGZ1LM543061105Q,210583.0,210.583,12960.268,0.016248352271727714
2015-07-01,2015Q3,Money market funds,Domestic financial,FL633061105,BOGZ1FL633061105Q,435774.0,435.774,12960.268,0.03362384172919881
2015-07-01,2015Q3,Mutual funds,Domestic financial,LM653061105,BOGZ1LM653061105Q,789089.0,789.089,12960.268,0.06088523786699473
2015-07-01,2015Q3,Noncorporate businesses,Domestic nonfinancial,LM113061003,BOGZ1LM113061003Q,60694.0,60.694,12960.268,0.0046830821708316525
2015-07-01,2015Q3,Nonfinancial corporations,Domestic nonfinancial,LM103061103,BOGZ1LM103061103Q,31503.0,31.503,12960.268,0.002430736771801324
2015-07-01,2015Q3,Other financial business,Domestic financial,FL503061123,BOGZ1FL503061123Q,64145.0,64.145,12960.268,0.00494935752871777
2015-07-01,2015Q3,Private pension funds,Domestic financial,LM573061105,BOGZ1LM573061105Q,294529.0,294.529,12960.268,0.02272553314483929
2015-07-01,2015Q3,Property-casualty insurers,Domestic financial,LM513061105,BOGZ1LM513061105Q,104944.0,104.944,12960.268,0.008097363418719429
2015-07-01,2015Q3,Rest of world,Foreign,LM263061105,ROWTSEQ027S,6105885.0,6105.885,12960.268,0.4711233594860847
2015-07-01,2015Q3,State and local governments,Domestic government,LM213061103,BOGZ1LM213061103Q,517000.0,517.0,12960.268,0.03989115039905039
2015-07-01,2015Q3,State and local pension funds,Domestic government,LM223061143,BOGZ1LM223061143Q,170999.0,170.999,12960.268,0.013194094443108737
2015-07-01,2015Q3,Total assets,Total,FL893061105,BOGZ1FL893061105Q,12960268.0,12960.268,12960.268,1.0
2015-07-01,2015Q3,U.S.-chartered banks,Domestic financial,LM763061100,BOGZ1LM763061100Q,425556.0,425.556,12960.268,0.032835432106805194
2015-10-01,2015Q4,ABS issuers,Domestic financial,FL673061103,BOGZ1FL673061103Q,28866.0,28.866,13152.6,0.002194699146936727
2015-10-01,2015Q4,Banks in U.S.-affiliated areas,Domestic financial,LM743061103,BOGZ1LM743061103Q,2036.0,2.036,13152.6,0.00015479829083223087
2015-10-01,2015Q4,Brokers and dealers,Domestic financial,LM663061105,BOGZ1LM663061105Q,120897.0,120.897,13152.6,0.009191870808813467
2015-10-01,2015Q4,Closed-end funds,Domestic financial,LM553061103,BOGZ1LM553061103Q,5834.0,5.834,13152.6,0.00044356248954579316
2015-10-01,2015Q4,Credit unions,Domestic financial,LM473061105,BOGZ1LM473061105Q,29252.0,29.252,13152.6,0.0022240469564952935
2015-10-01,2015Q4,Exchange-traded funds,Domestic financial,LM563061103,BOGZ1LM563061103Q,80254.0,80.254,13152.6,0.00610175934796162
2015-10-01,2015Q4,Federal Reserve,Domestic financial,LM713061103,BOGZ1LM713061103Q,2675909.0,2675.909,13152.6,0.20345095266335173
2015-10-01,2015Q4,Federal government pension funds,Domestic government,LM343061105,BOGZ1LM343061105Q,26041.0,26.041,13152.6,0.0019799127168772714
2015-10-01,2015Q4,Foreign bank offices in U.S.,Domestic financial,LM753061103,BOGZ1LM753061103Q,70949.0,70.949,13152.6,0.0053942946641728625
2015-10-01,2015Q4,Government-sponsored enterprises,Domestic financial,LM403061105,BOGZ1LM403061105Q,96384.0,96.384,13152.6,0.00732813284065508
2015-10-01,2015Q4,Holding companies,Domestic financial,LM733061103,BOGZ1LM733061103Q,9425.0,9.425,13152.6,0.000716588355154114
2015-10-01,2015Q4,Households and nonprofits,Domestic nonfinancial,LM153061105,BOGZ1LM153061105Q,613334.0,613.334,13152.6,0.04663214877666773
2015-10-01,2015Q4,Life insurers,Domestic financial,LM543061105,BOGZ1LM543061105Q,211556.0,211.556,13152.6,0.016084728494746285
2015-10-01,2015Q4,Money market funds,Domestic financial,FL633061105,BOGZ1FL633061105Q,530292.0,530.292,13152.6,0.04031841613065097
2015-10-01,2015Q4,Mutual funds,Domestic financial,LM653061105,BOGZ1LM653061105Q,826586.0,826.586,13152.6,0.0628458251600444
2015-10-01,2015Q4,Noncorporate businesses,Domestic nonfinancial,LM113061003,BOGZ1LM113061003Q,61860.0,61.86,13152.6,0.0047032525888417494
2015-10-01,2015Q4,Nonfinancial corporations,Domestic nonfinancial,LM103061103,BOGZ1LM103061103Q,37425.0,37.425,13152.6,0.002845445007070845
2015-10-01,2015Q4,Other financial business,Domestic financial,FL503061123,BOGZ1FL503061123Q,50188.0,50.188,13152.6,0.003815823487371318
2015-10-01,2015Q4,Private pension funds,Domestic financial,LM573061105,BOGZ1LM573061105Q,286719.0,286.719,13152.6,0.021799416085032615
2015-10-01,2015Q4,Property-casualty insurers,Domestic financial,LM513061105,BOGZ1LM513061105Q,104148.0,104.148,13152.6,0.007918434377993704
2015-10-01,2015Q4,Rest of world,Foreign,LM263061105,ROWTSEQ027S,6146221.0,6146.221,13152.6,0.46730083785715365
2015-10-01,2015Q4,State and local governments,Domestic government,LM213061103,BOGZ1LM213061103Q,528852.0,528.852,13152.6,0.04020893207426668
2015-10-01,2015Q4,State and local pension funds,Domestic government,LM223061143,BOGZ1LM223061143Q,174546.0,174.546,13152.6,0.013270836184480633
2015-10-01,2015Q4,Total assets,Total,FL893061105,BOGZ1FL893061105Q,13152600.0,13152.6,13152.6,1.0
2015-10-01,2015Q4,U.S.-chartered banks,Domestic financial,LM763061100,BOGZ1LM763061100Q,435026.0,435.026,13152.6,0.033075285494883144
2016-01-01,2016Q1,ABS issuers,Domestic financial,FL673061103,BOGZ1FL673061103Q,27860.0,27.86,13676.289,0.002037102316278926
2016-01-01,2016Q1,Banks in U.S.-affiliated areas,Domestic financial,LM743061103,BOGZ1LM743061103Q,2102.0,2.102,13676.289,0.00015369666435097998
2016-01-01,2016Q1,Brokers and dealers,Domestic financial,LM663061105,BOGZ1LM663061105Q,134869.0,134.869,13676.289,0.009861520182850771
2016-01-01,2016Q1,Closed-end funds,Domestic financial,LM553061103,BOGZ1LM553061103Q,5839.0,5.839,13676.289,0.00042694330311387834
2016-01-01,2016Q1,Credit unions,Domestic financial,LM473061105,BOGZ1LM473061105Q,23551.0,23.551,13676.289,0.0017220314662844576
2016-01-01,2016Q1,Exchange-traded funds,Domestic financial,LM563061103,BOGZ1LM563061103Q,92311.0,92.311,13676.289,0.006749711124121463
2016-01-01,2016Q1,Federal Reserve,Domestic financial,LM713061103,BOGZ1LM713061103Q,2757311.0,2757.311,13676.289,0.20161251345302808
2016-01-01,2016Q1,Federal government pension funds,Domestic government,LM343061105,BOGZ1LM343061105Q,26320.0,26.32,13676.289,0.001924498670655468
2016-01-01,2016Q1,Foreign bank offices in U.S.,Domestic financial,LM753061103,BOGZ1LM753061103Q,80296.0,80.296,13676.289,0.005871183330507275
2016-01-01,2016Q1,Government-sponsored enterprises,Domestic financial,LM403061105,BOGZ1LM403061105Q,98091.0,98.091,13676.289,0.0071723403914614545
2016-01-01,2016Q1,Holding companies,Domestic financial,LM733061103,BOGZ1LM733061103Q,9195.0,9.195,13676.289,0.0006723315074725314
2016-01-01,2016Q1,Households and nonprofits,Domestic nonfinancial,LM153061105,BOGZ1LM153061105Q,761211.0,761.211,13676.289,0.05565917771992095
2016-01-01,2016Q1,Life insurers,Domestic financial,LM543061105,BOGZ1LM543061105Q,217140.0,217.14,13676.289,0.01587711403290761
2016-01-01,2016Q1,Money market funds,Domestic financial,FL633061105,BOGZ1FL633061105Q,606063.0,606.063,13676.289,0.044314872258110365
2016-01-01,2016Q1,Mutual funds,Domestic financial,LM653061105,BOGZ1LM653061105Q,844046.0,844.046,13676.289,0.061716010827206125
2016-01-01,2016Q1,Noncorporate businesses,Domestic nonfinancial,LM113061003,BOGZ1LM113061003Q,62137.0,62.137,13676.289,0.00454341086240573
2016-01-01,2016Q1,Nonfinancial corporations,Domestic nonfinancial,LM103061103,BOGZ1LM103061103Q,45979.0,45.979,13676.289,0.0033619500143642765
2016-01-01,2016Q1,Other financial business,Domestic financial,FL503061123,BOGZ1FL503061123Q,53556.0,53.556,13676.289,0.003915974574681772
2016-01-01,2016Q1,Private pension funds,Domestic financial,LM573061105,BOGZ1LM573061105Q,300117.0,300.117,13676.289,0.02194433007375027
2016-01-01,2016Q1,Property-casualty insurers,Domestic financial,LM513061105,BOGZ1LM513061105Q,107587.0,107.587,13676.289,0.007866680793305846
2016-01-01,2016Q1,Rest of world,Foreign,LM263061105,ROWTSEQ027S,6284434.0,6284.434,13676.289,0.45951310329870915
2016-01-01,2016Q1,State and local governments,Domestic government,LM213061103,BOGZ1LM213061103Q,523906.0,523.906,13676.289,0.038307614002599674
2016-01-01,2016Q1,State and local pension funds,Domestic government,LM223061143,BOGZ1LM223061143Q,170358.0,170.358,13676.289,0.012456449260468246
2016-01-01,2016Q1,Total assets,Total,FL893061105,BOGZ1FL893061105Q,13676289.0,13676.289,13676.289,1.0
2016-01-01,2016Q1,U.S.-chartered banks,Domestic financial,LM763061100,BOGZ1LM763061100Q,442010.0,442.01,13676.289,0.03231943987144466
2016-04-01,2016Q2,ABS issuers,Domestic financial,FL673061103,BOGZ1FL673061103Q,25566.0,25.566,13847.889,0.0018462019734560265
2016-04-01,2016Q2,Banks in U.S.-affiliated areas,Domestic financial,LM743061103,BOGZ1LM743061103Q,2451.0,2.451,13847.889,0.00017699448630762422
2016-04-01,2016Q2,Brokers and dealers,Domestic financial,LM663061105,BOGZ1LM663061105Q,140879.0,140.879,13847.889,0.010173319557948507
2016-04-01,2016Q2,Closed-end funds,Domestic financial,LM553061103,BOGZ1LM553061103Q,4205.0,4.205,13847.889,0.0003036563912376825
2016-04-01,2016Q2,Credit unions,Domestic financial,LM473061105,BOGZ1LM473061105Q,23539.0,23.539,13847.889,0.001699825872376649
2016-04-01,2016Q2,Exchange-traded funds,Domestic financial,LM563061103,BOGZ1LM563061103Q,92180.0,92.18,13847.889,0.006656610260235334
2016-04-01,2016Q2,Federal Reserve,Domestic financial,LM713061103,BOGZ1LM713061103Q,2806334.0,2806.334,13847.889,0.20265428181869452
2016-04-01,2016Q2,Federal government pension funds,Domestic government,LM343061105,BOGZ1LM343061105Q,24772.0,24.772,13847.889,0.001788864714325772
2016-04-01,2016Q2,Foreign bank offices in U.S.,Domestic financial,LM753061103,BOGZ1LM753061103Q,90299.0,90.299,13847.889,0.006520777282371343
2016-04-01,2016Q2,Government-sponsored enterprises,Domestic financial,LM403061105,BOGZ1LM403061105Q,97967.0,97.967,13847.889,0.007074507890697275
2016-04-01,2016Q2,Holding companies,Domestic financial,LM733061103,BOGZ1LM733061103Q,8232.0,8.232,13847.889,0.000594458837733318
2016-04-01,2016Q2,Households and nonprofits,Domestic nonfinancial,LM153061105,BOGZ1LM153061105Q,818995.0,818.995,13847.889,0.059142227382094126
2016-04-01,2016Q2,Life insurers,Domestic financial,LM543061105,BOGZ1LM543061105Q,228626.0,228.626,13847.889,0.016509808823568707
2016-04-01,2016Q2,Money market funds,Domestic financial,FL633061105,BOGZ1FL633061105Q,555988.0,555.988,13847.889,0.04014965746764724
2016-04-01,2016Q2,Mutual funds,Domestic financial,LM653061105,BOGZ1LM653061105Q,913024.0,913.024,13847.889,0.0659323597986668
2016-04-01,2016Q2,Noncorporate businesses,Domestic nonfinancial,LM113061003,BOGZ1LM113061003Q,62415.0,62.415,13847.889,0.0045071851745778725
2016-04-01,2016Q2,Nonfinancial corporations,Domestic nonfinancial,LM103061103,BOGZ1LM103061103Q,35391.0,35.391,13847.889,0.002555696395313394
2016-04-01,2016Q2,Other financial business,Domestic financial,FL503061123,BOGZ1FL503061123Q,54797.0,54.797,13847.889,0.003957065224887346
2016-04-01,2016Q2,Private pension funds,Domestic financial,LM573061105,BOGZ1LM573061105Q,310075.0,310.075,13847.889,0.022391499527473106
2016-04-01,2016Q2,Property-casualty insurers,Domestic financial,LM513061105,BOGZ1LM513061105Q,110845.0,110.845,13847.889,0.008004469128832561
2016-04-01,2016Q2,Rest of world,Foreign,LM263061105,ROWTSEQ027S,6279053.0,6279.053,13847.889,0.4534303387324956
2016-04-01,2016Q2,State and local governments,Domestic government,LM213061103,BOGZ1LM213061103Q,521736.0,521.736,13847.889,0.0376762118760484
2016-04-01,2016Q2,State and local pension funds,Domestic government,LM223061143,BOGZ1LM223061143Q,184977.0,184.977,13847.889,0.013357776048031582
2016-04-01,2016Q2,Total assets,Total,FL893061105,BOGZ1FL893061105Q,13847889.0,13847.889,13847.889,1.0
2016-04-01,2016Q2,U.S.-chartered banks,Domestic financial,LM763061100,BOGZ1LM763061100Q,455543.0,455.543,13847.889,0.032896205334979216
2016-07-01,2016Q3,ABS issuers,Domestic financial,FL673061103,BOGZ1FL673061103Q,21784.0,21.784,13976.759,0.0015585873663558195
2016-07-01,2016Q3,Banks in U.S.-affiliated areas,Domestic financial,LM743061103,BOGZ1LM743061103Q,2276.0,2.276,13976.759,0.00016284175752046665
2016-07-01,2016Q3,Brokers and dealers,Domestic financial,LM663061105,BOGZ1LM663061105Q,143078.0,143.078,13976.759,0.010236851046798475
2016-07-01,2016Q3,Closed-end funds,Domestic financial,LM553061103,BOGZ1LM553061103Q,4229.0,4.229,13976.759,0.0003025737225632924
2016-07-01,2016Q3,Credit unions,Domestic financial,LM473061105,BOGZ1LM473061105Q,23011.0,23.011,13976.759,0.0016463759588328023
2016-07-01,2016Q3,Exchange-traded funds,Domestic financial,LM563061103,BOGZ1LM563061103Q,92529.0,92.529,13976.759,0.006620204297720237
2016-07-01,2016Q3,Federal Reserve,Domestic financial,LM713061103,BOGZ1LM713061103Q,2780236.0,2780.236,13976.759,0.19891850464045346
2016-07-01,2016Q3,Federal government pension funds,Domestic government,LM343061105,BOGZ1LM343061105Q,24996.0,24.996,13976.759,0.0017883974389198525
2016-07-01,2016Q3,Foreign bank offices in U.S.,Domestic financial,LM753061103,BOGZ1LM753061103Q,99043.0,99.043,13976.759,0.007086263703910184
2016-07-01,2016Q3,Government-sponsored enterprises,Domestic financial,LM403061105,BOGZ1LM403061105Q,111354.0,111.354,13976.759,0.007967083069830424
2016-07-01,2016Q3,Holding companies,Domestic financial,LM733061103,BOGZ1LM733061103Q,6944.0,6.944,13976.759,0.0004968247645967137
2016-07-01,2016Q3,Households and nonprofits,Domestic nonfinancial,LM153061105,BOGZ1LM153061105Q,810056.0,810.056,13976.759,0.05795735620825973
2016-07-01,2016Q3,Life insurers,Domestic financial,LM543061105,BOGZ1LM543061105Q,233297.0,233.297,13976.759,0.016691780977263756
2016-07-01,2016Q3,Money market funds,Domestic financial,FL633061105,BOGZ1FL633061105Q,709170.0,709.17,13976.759,0.050739230747271234
2016-07-01,2016Q3,Mutual funds,Domestic financial,LM653061105,BOGZ1LM653061105Q,943016.0,943.016,13976.759,0.06747029121701247
2016-07-01,2016Q3,Noncorporate businesses,Domestic nonfinancial,LM113061003,BOGZ1LM113061003Q,62692.0,62.692,13976.759,0.004485446161016299
2016-07-01,2016Q3,Nonfinancial corporations,Domestic nonfinancial,LM103061103,BOGZ1LM103061103Q,39201.0,39.201,13976.759,0.002804727476520129
2016-07-01,2016Q3,Other financial business,Domestic financial,FL503061123,BOGZ1FL503061123Q,49176.0,49.176,13976.759,0.0035184122442119808
2016-07-01,2016Q3,Private pension funds,Domestic financial,LM573061105,BOGZ1LM573061105Q,312739.0,312.739,13976.759,0.022375645169241308
2016-07-01,2016Q3,Property-casualty insurers,Domestic financial,LM513061105,BOGZ1LM513061105Q,117808.0,117.808,13976.759,0.00842884963531245
2016-07-01,2016Q3,Rest of world,Foreign,LM263061105,ROWTSEQ027S,6155875.0,6155.875,13976.759,0.44043651321454425
2016-07-01,2016Q3,State and local governments,Domestic government,LM213061103,BOGZ1LM213061103Q,535106.0,535.106,13976.759,0.03828541366421214
2016-07-01,2016Q3,State and local pension funds,Domestic government,LM223061143,BOGZ1LM223061143Q,203821.0,203.821,13976.759,0.014582851432152476
2016-07-01,2016Q3,Total assets,Total,FL893061105,BOGZ1FL893061105Q,13976759.0,13976.759,13976.759,1.0
2016-07-01,2016Q3,U.S.-chartered banks,Domestic financial,LM763061100,BOGZ1LM763061100Q,495322.0,495.322,13976.759,0.035438974085480045
2016-10-01,2016Q4,ABS issuers,Domestic financial,FL673061103,BOGZ1FL673061103Q,20462.0,20.462,13738.248,0.0014894184469518967
2016-10-01,2016Q4,Banks in U.S.-affiliated areas,Domestic financial,LM743061103,BOGZ1LM743061103Q,3052.0,3.052,13738.248,0.000222153508948157
2016-10-01,2016Q4,Brokers and dealers,Domestic financial,LM663061105,BOGZ1LM663061105Q,123967.0,123.967,13738.248,0.009023494116571487
2016-10-01,2016Q4,Closed-end funds,Domestic financial,LM553061103,BOGZ1LM553061103Q,3620.0,3.62,13738.248,0.0002634979365636725
2016-10-01,2016Q4,Credit unions,Domestic financial,LM473061105,BOGZ1LM473061105Q,28570.0,28.57,13738.248,0.002079595593266332
2016-10-01,2016Q4,Exchange-traded funds,Domestic financial,LM563061103,BOGZ1LM563061103Q,92939.0,92.939,13738.248,0.006764981968588717
2016-10-01,2016Q4,Federal Reserve,Domestic financial,LM713061103,BOGZ1LM713061103Q,2640706.0,2640.706,13738.248,0.19221563040643902
2016-10-01,2016Q4,Federal government pension funds,Domestic government,LM343061105,BOGZ1LM343061105Q,24556.0,24.556,13738.248,0.0017874185995186578
2016-10-01,2016Q4,Foreign bank offices in U.S.,Domestic financial,LM753061103,BOGZ1LM753061103Q,94049.0,94.049,13738.248,0.006845778297203545
2016-10-01,2016Q4,Government-sponsored enterprises,Domestic financial,LM403061105,BOGZ1LM403061105Q,109842.0,109.842,13738.248,0.007995342637576494
2016-10-01,2016Q4,Holding companies,Domestic financial,LM733061103,BOGZ1LM733061103Q,9033.0,9.033,13738.248,0.0006575074201601252
2016-10-01,2016Q4,Households and nonprofits,Domestic nonfinancial,LM153061105,BOGZ1LM153061105Q,754023.0,754.023,13738.248,0.05488494602805249
2016-10-01,2016Q4,Life insurers,Domestic financial,LM543061105,BOGZ1LM543061105Q,225422.0,225.422,13738.248,0.016408351341451983
2016-10-01,2016Q4,Money market funds,Domestic financial,FL633061105,BOGZ1FL633061105Q,850977.0,850.977,13738.248,0.06194217777987412
2016-10-01,2016Q4,Mutual funds,Domestic financial,LM653061105,BOGZ1LM653061105Q,904100.0,904.1,13738.248,0.06580897360420339
2016-10-01,2016Q4,Noncorporate businesses,Domestic nonfinancial,LM113061003,BOGZ1LM113061003Q,62970.0,62.97,13738.248,0.0045835538854736065
2016-10-01,2016Q4,Nonfinancial corporations,Domestic nonfinancial,LM103061103,BOGZ1LM103061103Q,41185.0,41.185,13738.248,0.0029978349495510636
2016-10-01,2016Q4,Other financial business,Domestic financial,FL503061123,BOGZ1FL503061123Q,49771.0,49.771,13738.248,0.003622805469809542
2016-10-01,2016Q4,Private pension funds,Domestic financial,LM573061105,BOGZ1LM573061105Q,304124.0,304.124,13738.248,0.022137029408698987
2016-10-01,2016Q4,Property-casualty insurers,Domestic financial,LM513061105,BOGZ1LM513061105Q,114900.0,114.9,13738.248,0.008363511853913251
2016-10-01,2016Q4,Rest of world,Foreign,LM263061105,ROWTSEQ027S,6002797.0,6002.797,13738.248,0.4369405036217136
2016-10-01,2016Q4,State and local governments,Domestic government,LM213061103,BOGZ1LM213061103Q,530041.0,530.041,13738.248,0.03858141154534407
2016-10-01,2016Q4,State and local pension funds,Domestic government,LM223061143,BOGZ1LM223061143Q,218760.0,218.76,13738.248,0.015923427790792536
2016-10-01,2016Q4,Total assets,Total,FL893061105,BOGZ1FL893061105Q,13738248.0,13738.248,13738.248,1.0
2016-10-01,2016Q4,U.S.-chartered banks,Domestic financial,LM763061100,BOGZ1LM763061100Q,528382.0,528.382,13738.248,0.03846065378933325
2017-01-01,2017Q1,ABS issuers,Domestic financial,FL673061103,BOGZ1FL673061103Q,15903.0,15.903,13782.524,0.0011538525164186183
2017-01-01,2017Q1,Banks in U.S.-affiliated areas,Domestic financial,LM743061103,BOGZ1LM743061103Q,3813.0,3.813,13782.524,0.00027665469691908395
2017-01-01,2017Q1,Brokers and dealers,Domestic financial,LM663061105,BOGZ1LM663061105Q,143078.0,143.078,13782.524,0.010381117420872985
2017-01-01,2017Q1,Closed-end funds,Domestic financial,LM553061103,BOGZ1LM553061103Q,3661.0,3.661,13782.524,0.00026562623798079363
2017-01-01,2017Q1,Credit unions,Domestic financial,LM473061105,BOGZ1LM473061105Q,28265.0,28.265,13782.524,0.0020507854729656196
2017-01-01,2017Q1,Exchange-traded funds,Domestic financial,LM563061103,BOGZ1LM563061103Q,102330.0,102.33,13782.524,0.007424619757600277
2017-01-01,2017Q1,Federal Reserve,Domestic financial,LM713061103,BOGZ1LM713061103Q,2643568.0,2643.568,13782.524,0.19180579696432964
2017-01-01,2017Q1,Federal government pension funds,Domestic government,LM343061105,BOGZ1LM343061105Q,24640.0,24.64,13782.524,0.0017877712384175787
2017-01-01,2017Q1,Foreign bank offices in U.S.,Domestic financial,LM753061103,BOGZ1LM753061103Q,88429.0,88.429,13782.524,0.006416023654303087
2017-01-01,2017Q1,Government-sponsored enterprises,Domestic financial,LM403061105,BOGZ1LM403061105Q,105835.0,105.835,13782.524,0.007678927314039141
2017-01-01,2017Q1,Holding companies,Domestic financial,LM733061103,BOGZ1LM733061103Q,11727.0,11.727,13782.524,0.0008508601182192755
2017-01-01,2017Q1,Households and nonprofits,Domestic nonfinancial,LM153061105,BOGZ1LM153061105Q,723671.0,723.671,13782.524,0.052506420449549014
2017-01-01,2017Q1,Life insurers,Domestic financial,LM543061105,BOGZ1LM543061105Q,228881.0,228.881,13782.524,0.016606609935886925
2017-01-01,2017Q1,Money market funds,Domestic financial,FL633061105,BOGZ1FL633061105Q,786773.0,786.773,13782.524,0.057084827133259484
2017-01-01,2017Q1,Mutual funds,Domestic financial,LM653061105,BOGZ1LM653061105Q,924723.0,924.723,13782.524,0.06709387917626698
2017-01-01,2017Q1,Noncorporate businesses,Domestic nonfinancial,LM113061003,BOGZ1LM113061003Q,64482.0,64.482,13782.524,0.004678533481966003
2017-01-01,2017Q1,Nonfinancial corporations,Domestic nonfinancial,LM103061103,BOGZ1LM103061103Q,38683.0,38.683,13782.524,0.002806670244143961
2017-01-01,2017Q1,Other financial business,Domestic financial,FL503061123,BOGZ1FL503061123Q,26062.0,26.062,13782.524,0.0018909453740113206
2017-01-01,2017Q1,Private pension funds,Domestic financial,LM573061105,BOGZ1LM573061105Q,316008.0,316.008,13782.524,0.022928166132705447
2017-01-01,2017Q1,Property-casualty insurers,Domestic financial,LM513061105,BOGZ1LM513061105Q,119869.0,119.869,13782.524,0.008697173318907335
2017-01-01,2017Q1,Rest of world,Foreign,LM263061105,ROWTSEQ027S,6075334.0,6075.334,13782.524,0.4407998128644652
2017-01-01,2017Q1,State and local governments,Domestic government,LM213061103,BOGZ1LM213061103Q,542059.0,542.059,13782.524,0.039329443576517624
2017-01-01,2017Q1,State and local pension funds,Domestic government,LM223061143,BOGZ1LM223061143Q,239543.0,239.543,13782.524,0.01738019828588726
2017-01-01,2017Q1,Total assets,Total,FL893061105,BOGZ1FL893061105Q,13782524.0,13782.524,13782.524,1.0
2017-01-01,2017Q1,U.S.-chartered banks,Domestic financial,LM763061100,BOGZ1LM763061100Q,525187.0,525.187,13782.524,0.03810528463436741
2017-04-01,2017Q2,ABS issuers,Domestic financial,FL673061103,BOGZ1FL673061103Q,12065.0,12.065,13886.649,0.0008688201163578053
2017-04-01,2017Q2,Banks in U.S.-affiliated areas,Domestic financial,LM743061103,BOGZ1LM743061103Q,4159.0,4.159,13886.649,0.00029949630036735285
2017-04-01,2017Q2,Brokers and dealers,Domestic financial,LM663061105,BOGZ1LM663061105Q,164612.0,164.612,13886.649,0.011853975714371408
2017-04-01,2017Q2,Closed-end funds,Domestic financial,LM553061103,BOGZ1LM553061103Q,3677.0,3.677,13886.649,0.00026478670268111483
2017-04-01,2017Q2,Credit unions,Domestic financial,LM473061105,BOGZ1LM473061105Q,28223.0,28.223,13886.649,0.0020323837665948063
2017-04-01,2017Q2,Exchange-traded funds,Domestic financial,LM563061103,BOGZ1LM563061103Q,107952.0,107.952,13886.649,0.007773797695902014
2017-04-01,2017Q2,Federal Reserve,Domestic financial,LM713061103,BOGZ1LM713061103Q,2657025.0,2657.025,13886.649,0.1913366572453873
2017-04-01,2017Q2,Federal government pension funds,Domestic government,LM343061105,BOGZ1LM343061105Q,23254.0,23.254,13886.649,0.001674558059327344
2017-04-01,2017Q2,Foreign bank offices in U.S.,Domestic financial,LM753061103,BOGZ1LM753061103Q,91364.0,91.364,13886.649,0.006579269051878535
2017-04-01,2017Q2,Government-sponsored enterprises,Domestic financial,LM403061105,BOGZ1LM403061105Q,102384.0,102.384,13886.649,0.007372837032173853
2017-04-01,2017Q2,Holding companies,Domestic financial,LM733061103,BOGZ1LM733061103Q,18435.0,18.435,13886.649,0.0013275340940784202
2017-04-01,2017Q2,Households and nonprofits,Domestic nonfinancial,LM153061105,BOGZ1LM153061105Q,766163.0,766.163,13886.649,0.05517263380099836
2017-04-01,2017Q2,Life insurers,Domestic financial,LM543061105,BOGZ1LM543061105Q,232135.0,232.135,13886.649,0.016716415889823383
2017-04-01,2017Q2,Money market funds,Domestic financial,FL633061105,BOGZ1FL633061105Q,662297.0,662.297,13886.649,0.04769307555768134
2017-04-01,2017Q2,Mutual funds,Domestic financial,LM653061105,BOGZ1LM653061105Q,979828.0,979.828,13886.649,0.07055899519027233
2017-04-01,2017Q2,Noncorporate businesses,Domestic nonfinancial,LM113061003,BOGZ1LM113061003Q,65994.0,65.994,13886.649,0.0047523344184763365
2017-04-01,2017Q2,Nonfinancial corporations,Domestic nonfinancial,LM103061103,BOGZ1LM103061103Q,42263.0,42.263,13886.649,0.0030434268195300394
2017-04-01,2017Q2,Other financial business,Domestic financial,FL503061123,BOGZ1FL503061123Q,26639.0,26.639,13886.649,0.0019183173708790364
2017-04-01,2017Q2,Private pension funds,Domestic financial,LM573061105,BOGZ1LM573061105Q,329745.0,329.745,13886.649,0.023745469479353874
2017-04-01,2017Q2,Property-casualty insurers,Domestic financial,LM513061105,BOGZ1LM513061105Q,127018.0,127.018,13886.649,0.009146771118071753
2017-04-01,2017Q2,Rest of world,Foreign,LM263061105,ROWTSEQ027S,6151906.0,6151.906,13886.649,0.4430086768953403
2017-04-01,2017Q2,State and local governments,Domestic government,LM213061103,BOGZ1LM213061103Q,548326.0,548.326,13886.649,0.039485839960382095
2017-04-01,2017Q2,State and local pension funds,Domestic government,LM223061143,BOGZ1LM223061143Q,262833.0,262.833,13886.649,0.018927028399724082
2017-04-01,2017Q2,Total assets,Total,FL893061105,BOGZ1FL893061105Q,13886649.0,13886.649,13886.649,1.0
2017-04-01,2017Q2,U.S.-chartered banks,Domestic financial,LM763061100,BOGZ1LM763061100Q,478352.0,478.352,13886.649,0.03444689932034719
2017-07-01,2017Q3,ABS issuers,Domestic financial,FL673061103,BOGZ1FL673061103Q,11474.0,11.474,14058.873,0.0008161393875597284
2017-07-01,2017Q3,Banks in U.S.-affiliated areas,Domestic financial,LM743061103,BOGZ1LM743061103Q,3770.0,3.77,14058.873,0.0002681580522137159
2017-07-01,2017Q3,Brokers and dealers,Domestic financial,LM663061105,BOGZ1LM663061105Q,149038.0,149.038,14058.873,0.010600991985630713
2017-07-01,2017Q3,Closed-end funds,Domestic financial,LM553061103,BOGZ1LM553061103Q,3697.0,3.697,14058.873,0.00026296560186581103
2017-07-01,2017Q3,Credit unions,Domestic financial,LM473061105,BOGZ1LM473061105Q,27810.0,27.81,14058.873,0.0019781101941812834
2017-07-01,2017Q3,Exchange-traded funds,Domestic financial,LM563061103,BOGZ1LM563061103Q,116995.0,116.995,14058.873,0.008321790800727768
2017-07-01,2017Q3,Federal Reserve,Domestic financial,LM713061103,BOGZ1LM713061103Q,2651193.0,2651.193,14058.873,0.18857791801661486
2017-07-01,2017Q3,Federal government pension funds,Domestic government,LM343061105,BOGZ1LM343061105Q,23493.0,23.493,14058.873,0.0016710443290866913
2017-07-01,2017Q3,Foreign bank offices in U.S.,Domestic financial,LM753061103,BOGZ1LM753061103Q,84293.0,84.293,14058.873,0.005995715303780041
2017-07-01,2017Q3,Government-sponsored enterprises,Domestic financial,LM403061105,BOGZ1LM403061105Q,96869.0,96.869,14058.873,0.006890239352756085
2017-07-01,2017Q3,Holding companies,Domestic financial,LM733061103,BOGZ1LM733061103Q,13819.0,13.819,14058.873,0.0009829379638040688
2017-07-01,2017Q3,Households and nonprofits,Domestic nonfinancial,LM153061105,BOGZ1LM153061105Q,689147.0,689.147,14058.873,0.049018651779555875
2017-07-01,2017Q3,Life insurers,Domestic financial,LM543061105,BOGZ1LM543061105Q,234433.0,234.433,14058.873,0.01667509195082707
2017-07-01,2017Q3,Money market funds,Domestic financial,FL633061105,BOGZ1FL633061105Q,695020.0,695.02,14058.873,0.04943639507946334
2017-07-01,2017Q3,Mutual funds,Domestic financial,LM653061105,BOGZ1LM653061105Q,1040876.0,1040.876,14058.873,0.07403694449761371
2017-07-01,2017Q3,Noncorporate businesses,Domestic nonfinancial,LM113061003,BOGZ1LM113061003Q,67507.0,67.507,14058.873,0.004801736241589209
2017-07-01,2017Q3,Nonfinancial corporations,Domestic nonfinancial,LM103061103,BOGZ1LM103061103Q,42195.0,42.195,14058.873,0.00300130743054582
2017-07-01,2017Q3,Other financial business,Domestic financial,FL503061123,BOGZ1FL503061123Q,26455.0,26.455,14058.873,0.0018817297801893508
2017-07-01,2017Q3,Private pension funds,Domestic financial,LM573061105,BOGZ1LM573061105Q,340841.0,340.841,14058.873,0.024243835192194994
2017-07-01,2017Q3,Property-casualty insurers,Domestic financial,LM513061105,BOGZ1LM513061105Q,136316.0,136.316,14058.873,0.009696083035958857
2017-07-01,2017Q3,Rest of world,Foreign,LM263061105,ROWTSEQ027S,6301939.0,6301.939,14058.873,0.4482534979866452
2017-07-01,2017Q3,State and local governments,Domestic government,LM213061103,BOGZ1LM213061103Q,554613.0,554.613,14058.873,0.03944932143565136
2017-07-01,2017Q3,State and local pension funds,Domestic government,LM223061143,BOGZ1LM223061143Q,266534.0,266.534,14058.873,0.018958418644225608
2017-07-01,2017Q3,Total assets,Total,FL893061105,BOGZ1FL893061105Q,14058873.0,14058.873,14058.873,1.0
2017-07-01,2017Q3,U.S.-chartered banks,Domestic financial,LM763061100,BOGZ1LM763061100Q,480546.0,480.546,14058.873,0.034180975957318914
2017-10-01,2017Q4,ABS issuers,Domestic financial,FL673061103,BOGZ1FL673061103Q,12290.0,12.29,14207.406,0.00086504179580706
2017-10-01,2017Q4,Banks in U.S.-affiliated areas,Domestic financial,LM743061103,BOGZ1LM743061103Q,4953.0,4.953,14207.406,0.0003486209938675646
2017-10-01,2017Q4,Brokers and dealers,Domestic financial,LM663061105,BOGZ1LM663061105Q,136275.0,136.275,14207.406,0.009591828374581538
2017-10-01,2017Q4,Closed-end funds,Domestic financial,LM553061103,BOGZ1LM553061103Q,3735.0,3.735,14207.406,0.00026289105836772733
2017-10-01,2017Q4,Credit unions,Domestic financial,LM473061105,BOGZ1LM473061105Q,29260.0,29.26,14207.406,0.0020594892551110315
2017-10-01,2017Q4,Exchange-traded funds,Domestic financial,LM563061103,BOGZ1LM563061103Q,119572.0,119.572,14207.406,0.008416173930695018
2017-10-01,2017Q4,Federal Reserve,Domestic financial,LM713061103,BOGZ1LM713061103Q,2633008.0,2633.008,14207.406,0.18532644171638368
2017-10-01,2017Q4,Federal government pension funds,Domestic government,LM343061105,BOGZ1LM343061105Q,23955.0,23.955,14207.406,0.0016860924506556648
2017-10-01,2017Q4,Foreign bank offices in U.S.,Domestic financial,LM753061103,BOGZ1LM753061103Q,97401.0,97.401,14207.406,0.006855649792791168
2017-10-01,2017Q4,Government-sponsored enterprises,Domestic financial,LM403061105,BOGZ1LM403061105Q,100332.0,100.332,14207.406,0.007061950647429938
2017-10-01,2017Q4,Holding companies,Domestic financial,LM733061103,BOGZ1LM733061103Q,20632.0,20.632,14207.406,0.0014522003524077513
2017-10-01,2017Q4,Households and nonprofits,Domestic nonfinancial,LM153061105,BOGZ1LM153061105Q,703622.0,703.622,14207.406,0.04952501533355209
2017-10-01,2017Q4,Life insurers,Domestic financial,LM543061105,BOGZ1LM543061105Q,234799.0,234.799,14207.406,0.016526521449446857
2017-10-01,2017Q4,Money market funds,Domestic financial,FL633061105,BOGZ1FL633061105Q,756197.0,756.197,14207.406,0.05322555011097733
2017-10-01,2017Q4,Mutual funds,Domestic financial,LM653061105,BOGZ1LM653061105Q,1090830.0,1090.83,14207.406,0.07677897006673842
2017-10-01,2017Q4,Noncorporate businesses,Domestic nonfinancial,LM113061003,BOGZ1LM113061003Q,69019.0,69.019,14207.406,0.004857959292498574
2017-10-01,2017Q4,Nonfinancial corporations,Domestic nonfinancial,LM103061103,BOGZ1LM103061103Q,71295.0,71.295,14207.406,0.005018157431412884
2017-10-01,2017Q4,Other financial business,Domestic financial,FL503061123,BOGZ1FL503061123Q,35347.0,35.347,14207.406,0.002487927775133617
2017-10-01,2017Q4,Private pension funds,Domestic financial,LM573061105,BOGZ1LM573061105Q,350889.0,350.889,14207.406,0.024697611935634134
2017-10-01,2017Q4,Property-casualty insurers,Domestic financial,LM513061105,BOGZ1LM513061105Q,149607.0,149.607,14207.406,0.010530212200594535
2017-10-01,2017Q4,Rest of world,Foreign,LM263061105,ROWTSEQ027S,6211279.0,6211.279,14207.406,0.43718600003406677
2017-10-01,2017Q4,State and local governments,Domestic government,LM213061103,BOGZ1LM213061103Q,579287.0,579.287,14207.406,0.040773593715840876
2017-10-01,2017Q4,State and local pension funds,Domestic government,LM223061143,BOGZ1LM223061143Q,289412.0,289.412,14207.406,0.020370502539309426
2017-10-01,2017Q4,Total assets,Total,FL893061105,BOGZ1FL893061105Q,14207406.0,14207.406,14207.406,1.0
2017-10-01,2017Q4,U.S.-chartered banks,Domestic financial,LM763061100,BOGZ1LM763061100Q,484410.0,484.41,14207.406,0.034095597746696335
2018-01-01,2018Q1,ABS issuers,Domestic financial,FL673061103,BOGZ1FL673061103Q,13631.0,13.631,14476.755,0.0009415784131181332
2018-01-01,2018Q1,Banks in U.S.-affiliated areas,Domestic financial,LM743061103,BOGZ1LM743061103Q,6121.0,6.121,14476.755,0.0004228157484187583
2018-01-01,2018Q1,Brokers and dealers,Domestic financial,LM663061105,BOGZ1LM663061105Q,122712.0,122.712,14476.755,0.008476485234432717
2018-01-01,2018Q1,Closed-end funds,Domestic financial,LM553061103,BOGZ1LM553061103Q,3650.0,3.65,14476.755,0.0002521283257194033
2018-01-01,2018Q1,Credit unions,Domestic financial,LM473061105,BOGZ1LM473061105Q,29669.0,29.669,14476.755,0.002049423368703829
2018-01-01,2018Q1,Exchange-traded funds,Domestic financial,LM563061103,BOGZ1LM563061103Q,128720.0,128.72,14476.755,0.008891495366192216
2018-01-01,2018Q1,Federal Reserve,Domestic financial,LM713061103,BOGZ1LM713061103Q,2555722.0,2555.722,14476.755,0.17653970105869723
2018-01-01,2018Q1,Federal government pension funds,Domestic government,LM343061105,BOGZ1LM343061105Q,23595.0,23.595,14476.755,0.0016298542042052933
2018-01-01,2018Q1,Foreign bank offices in U.S.,Domestic financial,LM753061103,BOGZ1LM753061103Q,97045.0,97.045,14476.755,0.006703505032723149
2018-01-01,2018Q1,Government-sponsored enterprises,Domestic financial,LM403061105,BOGZ1LM403061105Q,110351.0,110.351,14476.755,0.007622633663414212
2018-01-01,2018Q1,Holding companies,Domestic financial,LM733061103,BOGZ1LM733061103Q,25024.0,25.024,14476.755,0.0017285641706307803
2018-01-01,2018Q1,Households and nonprofits,Domestic nonfinancial,LM153061105,BOGZ1LM153061105Q,861772.0,861.772,14476.755,0.05952798123612647
2018-01-01,2018Q1,Life insurers,Domestic financial,LM543061105,BOGZ1LM543061105Q,233244.0,233.244,14476.755,0.016111621699752467
2018-01-01,2018Q1,Money market funds,Domestic financial,FL633061105,BOGZ1FL633061105Q,951188.0,951.188,14476.755,0.06570450352996926
2018-01-01,2018Q1,Mutual funds,Domestic financial,LM653061105,BOGZ1LM653061105Q,1093359.0,1093.359,14476.755,0.07552514358362768
2018-01-01,2018Q1,Noncorporate businesses,Domestic nonfinancial,LM113061003,BOGZ1LM113061003Q,69311.0,69.311,14476.755,0.004787744214777415
2018-01-01,2018Q1,Nonfinancial corporations,Domestic nonfinancial,LM103061103,BOGZ1LM103061103Q,67136.0,67.136,14476.755,0.004637503363150098
2018-01-01,2018Q1,Other financial business,Domestic financial,FL503061123,BOGZ1FL503061123Q,33448.0,33.448,14476.755,0.0023104625311404386
2018-01-01,2018Q1,Private pension funds,Domestic financial,LM573061105,BOGZ1LM573061105Q,351012.0,351.012,14476.755,0.024246593936279228
2018-01-01,2018Q1,Property-casualty insurers,Domestic financial,LM513061105,BOGZ1LM513061105Q,140209.0,140.209,14476.755,0.009685112444052553
2018-01-01,2018Q1,Rest of world,Foreign,LM263061105,ROWTSEQ027S,6223434.0,6223.434,14476.755,0.429891505382249
2018-01-01,2018Q1,State and local governments,Domestic government,LM213061103,BOGZ1LM213061103Q,556354.0,556.354,14476.755,0.03843085000747751
2018-01-01,2018Q1,State and local pension funds,Domestic government,LM223061143,BOGZ1LM223061143Q,300086.0,300.086,14476.755,0.02072881664433777
2018-01-01,2018Q1,Total assets,Total,FL893061105,BOGZ1FL893061105Q,14476755.0,14476.755,14476.755,1.0
2018-01-01,2018Q1,U.S.-chartered banks,Domestic financial,LM763061100,BOGZ1LM763061100Q,479962.0,479.962,14476.755,0.03315397684080445
2018-04-01,2018Q2,ABS issuers,Domestic financial,FL673061103,BOGZ1FL673061103Q,14669.0,14.669,14474.895,0.0010134097691209504
2018-04-01,2018Q2,Banks in U.S.-affiliated areas,Domestic financial,LM743061103,BOGZ1LM743061103Q,6577.0,6.577,14474.895,0.00045437289873259874
2018-04-01,2018Q2,Brokers and dealers,Domestic financial,LM663061105,BOGZ1LM663061105Q,164694.0,164.694,14474.895,0.011377906368232722
2018-04-01,2018Q2,Closed-end funds,Domestic financial,LM553061103,BOGZ1LM553061103Q,3634.0,3.634,14474.895,0.0002510553617141955
2018-04-01,2018Q2,Credit unions,Domestic financial,LM473061105,BOGZ1LM473061105Q,29865.0,29.865,14474.895,0.0020632274016495456
2018-04-01,2018Q2,Exchange-traded funds,Domestic financial,LM563061103,BOGZ1LM563061103Q,145298.0,145.298,14474.895,0.010037931190519862
2018-04-01,2018Q2,Federal Reserve,Domestic financial,LM713061103,BOGZ1LM713061103Q,2495040.0,2495.04,14474.895,0.17237016227060714
2018-04-01,2018Q2,Federal government pension funds,Domestic government,LM343061105,BOGZ1LM343061105Q,22439.0,22.439,14474.895,0.0015502012277118418
2018-04-01,2018Q2,Foreign bank offices in U.S.,Domestic financial,LM753061103,BOGZ1LM753061103Q,107764.0,107.764,14474.895,0.007444889928389808
2018-04-01,2018Q2,Government-sponsored enterprises,Domestic financial,LM403061105,BOGZ1LM403061105Q,120827.0,120.827,14474.895,0.00834734897904268
2018-04-01,2018Q2,Holding companies,Domestic financial,LM733061103,BOGZ1LM733061103Q,30930.0,30.93,14474.895,0.0021368030648926985
2018-04-01,2018Q2,Households and nonprofits,Domestic nonfinancial,LM153061105,BOGZ1LM153061105Q,949208.0,949.208,14474.895,0.06557615789268247
2018-04-01,2018Q2,Life insurers,Domestic financial,LM543061105,BOGZ1LM543061105Q,232076.0,232.076,14474.895,0.016033000584805623
2018-04-01,2018Q2,Money market funds,Domestic financial,FL633061105,BOGZ1FL633061105Q,788105.0,788.105,14474.895,0.054446336225582294
2018-04-01,2018Q2,Mutual funds,Domestic financial,LM653061105,BOGZ1LM653061105Q,1111114.0,1111.114,14474.895,0.07676145491901669
2018-04-01,2018Q2,Noncorporate businesses,Domestic nonfinancial,LM113061003,BOGZ1LM113061003Q,69604.0,69.604,14474.895,0.004808601375001338
2018-04-01,2018Q2,Nonfinancial corporations,Domestic nonfinancial,LM103061103,BOGZ1LM103061103Q,60598.0,60.598,14474.895,0.004186420695970506
2018-04-01,2018Q2,Other financial business,Domestic financial,FL503061123,BOGZ1FL503061123Q,38271.0,38.271,14474.895,0.0026439570027969113
2018-04-01,2018Q2,Private pension funds,Domestic financial,LM573061105,BOGZ1LM573061105Q,355964.0,355.964,14474.895,0.024591819146183788
2018-04-01,2018Q2,Property-casualty insurers,Domestic financial,LM513061105,BOGZ1LM513061105Q,134635.0,134.635,14474.895,0.009301276451400855
2018-04-01,2018Q2,Rest of world,Foreign,LM263061105,ROWTSEQ027S,6225015.0,6225.015,14474.895,0.4300559693179122
2018-04-01,2018Q2,State and local governments,Domestic government,LM213061103,BOGZ1LM213061103Q,573493.0,573.493,14474.895,0.03961983834770477
2018-04-01,2018Q2,State and local pension funds,Domestic government,LM223061143,BOGZ1LM223061143Q,307321.0,307.321,14474.895,0.021231311177041353
2018-04-01,2018Q2,Total assets,Total,FL893061105,BOGZ1FL893061105Q,14474895.0,14474.895,14474.895,1.0
2018-04-01,2018Q2,U.S.-chartered banks,Domestic financial,LM763061100,BOGZ1LM763061100Q,487754.0,487.754,14474.895,0.03369654840328721
2018-07-01,2018Q3,ABS issuers,Domestic financial,FL673061103,BOGZ1FL673061103Q,18638.0,18.638,14623.625,0.001274512988400619
2018-07-01,2018Q3,Banks in U.S.-affiliated areas,Domestic financial,LM743061103,BOGZ1LM743061103Q,9471.0,9.471,14623.625,0.0006476506338202737
2018-07-01,2018Q3,Brokers and dealers,Domestic financial,LM663061105,BOGZ1LM663061105Q,138529.0,138.529,14623.625,0.009472958996144936
2018-07-01,2018Q3,Closed-end funds,Domestic financial,LM553061103,BOGZ1LM553061103Q,3608.0,3.608,14623.625,0.00024672405097915187
2018-07-01,2018Q3,Credit unions,Domestic financial,LM473061105,BOGZ1LM473061105Q,30046.0,30.046,14623.625,0.002054620519877937
2018-07-01,2018Q3,Exchange-traded funds,Domestic financial,LM563061103,BOGZ1LM563061103Q,150500.0,150.5,14623.625,0.010291565873714622
2018-07-01,2018Q3,Federal Reserve,Domestic financial,LM713061103,BOGZ1LM713061103Q,2395142.0,2395.142,14623.625,0.16378579182658198
2018-07-01,2018Q3,Federal government pension funds,Domestic government,LM343061105,BOGZ1LM343061105Q,22146.0,22.146,14623.625,0.0015143987896297944
2018-07-01,2018Q3,Foreign bank offices in U.S.,Domestic financial,LM753061103,BOGZ1LM753061103Q,113414.0,113.414,14623.625,0.00775553257143834
2018-07-01,2018Q3,Government-sponsored enterprises,Domestic financial,LM403061105,BOGZ1LM403061105Q,124828.0,124.828,14623.625,0.008536050397900657
2018-07-01,2018Q3,Holding companies,Domestic financial,LM733061103,BOGZ1LM733061103Q,32541.0,32.541,14623.625,0.0022252348511398504
2018-07-01,2018Q3,Households and nonprofits,Domestic nonfinancial,LM153061105,BOGZ1LM153061105Q,1122040.0,1122.04,14623.625,0.07672789749463625
2018-07-01,2018Q3,Life insurers,Domestic financial,LM543061105,BOGZ1LM543061105Q,232361.0,232.361,14623.625,0.01588942550154288
2018-07-01,2018Q3,Money market funds,Domestic financial,FL633061105,BOGZ1FL633061105Q,826306.0,826.306,14623.625,0.056504867979040765
2018-07-01,2018Q3,Mutual funds,Domestic financial,LM653061105,BOGZ1LM653061105Q,1127290.0,1127.29,14623.625,0.07708690560651
2018-07-01,2018Q3,Noncorporate businesses,Domestic nonfinancial,LM113061003,BOGZ1LM113061003Q,69896.0,69.896,14623.625,0.00477966304524357
2018-07-01,2018Q3,Nonfinancial corporations,Domestic nonfinancial,LM103061103,BOGZ1LM103061103Q,52529.0,52.529,14623.625,0.0035920642111651525
2018-07-01,2018Q3,Other financial business,Domestic financial,FL503061123,BOGZ1FL503061123Q,42017.0,42.017,14623.625,0.0028732273974476233
2018-07-01,2018Q3,Private pension funds,Domestic financial,LM573061105,BOGZ1LM573061105Q,358044.0,358.044,14623.625,0.024483942934805835
2018-07-01,2018Q3,Property-casualty insurers,Domestic financial,LM513061105,BOGZ1LM513061105Q,135415.0,135.415,14623.625,0.009260015898930668
2018-07-01,2018Q3,Rest of world,Foreign,LM263061105,ROWTSEQ027S,6225896.0,6225.896,14623.625,0.4257423176537965
2018-07-01,2018Q3,State and local governments,Domestic government,LM213061103,BOGZ1LM213061103Q,594835.0,594.835,14623.625,0.04067630290027268
2018-07-01,2018Q3,State and local pension funds,Domestic government,LM223061143,BOGZ1LM223061143Q,301734.0,301.734,14623.625,0.02063332450059407
2018-07-01,2018Q3,Total assets,Total,FL893061105,BOGZ1FL893061105Q,14623625.0,14623.625,14623.625,1.0
2018-07-01,2018Q3,U.S.-chartered banks,Domestic financial,LM763061100,BOGZ1LM763061100Q,496399.0,496.399,14623.625,0.03394500337638581
2018-10-01,2018Q4,ABS issuers,Domestic financial,FL673061103,BOGZ1FL673061103Q,20423.0,20.423,15185.239,0.00134492450201146
2018-10-01,2018Q4,Banks in U.S.-affiliated areas,Domestic financial,LM743061103,BOGZ1LM743061103Q,10243.0,10.243,15185.239,0.0006745366338982219
2018-10-01,2018Q4,Brokers and dealers,Domestic financial,LM663061105,BOGZ1LM663061105Q,255063.0,255.063,15185.239,0.01679677218119517
2018-10-01,2018Q4,Closed-end funds,Domestic financial,LM553061103,BOGZ1LM553061103Q,3471.0,3.471,15185.239,0.00022857723872505398
2018-10-01,2018Q4,Credit unions,Domestic financial,LM473061105,BOGZ1LM473061105Q,31435.0,31.435,15185.239,0.002070102419856546
2018-10-01,2018Q4,Exchange-traded funds,Domestic financial,LM563061103,BOGZ1LM563061103Q,176141.0,176.141,15185.239,0.011599488160838297
2018-10-01,2018Q4,Federal Reserve,Domestic financial,LM713061103,BOGZ1LM713061103Q,2337994.0,2337.994,15185.239,0.15396491289995504
2018-10-01,2018Q4,Federal government pension funds,Domestic government,LM343061105,BOGZ1LM343061105Q,22326.0,22.326,15185.239,0.001470243570088031
2018-10-01,2018Q4,Foreign bank offices in U.S.,Domestic financial,LM753061103,BOGZ1LM753061103Q,125581.0,125.581,15185.239,0.008269938984825989
2018-10-01,2018Q4,Government-sponsored enterprises,Domestic financial,LM403061105,BOGZ1LM403061105Q,120042.0,120.042,15185.239,0.007905176862873215
2018-10-01,2018Q4,Holding companies,Domestic financial,LM733061103,BOGZ1LM733061103Q,32993.0,32.993,15185.239,0.002172702056253445
2018-10-01,2018Q4,Households and nonprofits,Domestic nonfinancial,LM153061105,BOGZ1LM153061105Q,1259326.0,1259.326,15185.239,0.08293093049111706
2018-10-01,2018Q4,Life insurers,Domestic financial,LM543061105,BOGZ1LM543061105Q,209382.0,209.382,15185.239,0.013788521866531045
2018-10-01,2018Q4,Money market funds,Domestic financial,FL633061105,BOGZ1FL633061105Q,945064.0,945.064,15185.239,0.062235701393965545
2018-10-01,2018Q4,Mutual funds,Domestic financial,LM653061105,BOGZ1LM653061105Q,1146356.0,1146.356,15185.239,0.07549146905096456
2018-10-01,2018Q4,Noncorporate businesses,Domestic nonfinancial,LM113061003,BOGZ1LM113061003Q,70188.0,70.188,15185.239,0.004622120205022786
2018-10-01,2018Q4,Nonfinancial corporations,Domestic nonfinancial,LM103061103,BOGZ1LM103061103Q,54404.0,54.404,15185.239,0.0035826897423214747
2018-10-01,2018Q4,Other financial business,Domestic financial,FL503061123,BOGZ1FL503061123Q,39199.0,39.199,15185.239,0.0025813884127869175
2018-10-01,2018Q4,Private pension funds,Domestic financial,LM573061105,BOGZ1LM573061105Q,371912.0,371.912,15185.239,0.024491679057537387
2018-10-01,2018Q4,Property-casualty insurers,Domestic financial,LM513061105,BOGZ1LM513061105Q,156818.0,156.818,15185.239,0.010327002426501157
2018-10-01,2018Q4,Rest of world,Foreign,LM263061105,ROWTSEQ027S,6270130.0,6270.13,15185.239,0.41290953668888586
2018-10-01,2018Q4,State and local governments,Domestic government,LM213061103,BOGZ1LM213061103Q,589110.0,589.11,15185.239,0.038794911295107044
2018-10-01,2018Q4,State and local pension funds,Domestic government,LM223061143,BOGZ1LM223061143Q,367854.0,367.854,15185.239,0.024224445858244313
2018-10-01,2018Q4,Total assets,Total,FL893061105,BOGZ1FL893061105Q,15185239.0,15185.239,15185.239,1.0
2018-10-01,2018Q4,U.S.-chartered banks,Domestic financial,LM763061100,BOGZ1LM763061100Q,569784.0,569.784,15185.239,0.03752222800049443
2019-01-01,2019Q1,ABS issuers,Domestic financial,FL673061103,BOGZ1FL673061103Q,24301.0,24.301,15697.168,0.0015481136469967067
2019-01-01,2019Q1,Banks in U.S.-affiliated areas,Domestic financial,LM743061103,BOGZ1LM743061103Q,11299.0,11.299,15697.168,0.0007198113697961313
2019-01-01,2019Q1,Brokers and dealers,Domestic financial,LM663061105,BOGZ1LM663061105Q,252870.0,252.87,15697.168,0.016109275252708007
2019-01-01,2019Q1,Closed-end funds,Domestic financial,LM553061103,BOGZ1LM553061103Q,3593.0,3.593,15697.168,0.00022889479172294008
2019-01-01,2019Q1,Credit unions,Domestic financial,LM473061105,BOGZ1LM473061105Q,33564.0,33.564,15697.168,0.0021382200916751355
2019-01-01,2019Q1,Exchange-traded funds,Domestic financial,LM563061103,BOGZ1LM563061103Q,190324.0,190.324,15697.168,0.012124734856631465
2019-01-01,2019Q1,Federal Reserve,Domestic financial,LM713061103,BOGZ1LM713061103Q,2330158.0,2330.158,15697.168,0.14844448374381927
2019-01-01,2019Q1,Federal government pension funds,Domestic government,LM343061105,BOGZ1LM343061105Q,22897.0,22.897,15697.168,0.0014586707615029666
2019-01-01,2019Q1,Foreign bank offices in U.S.,Domestic financial,LM753061103,BOGZ1LM753061103Q,128036.0,128.036,15697.168,0.008156630546350782
2019-01-01,2019Q1,Government-sponsored enterprises,Domestic financial,LM403061105,BOGZ1LM403061105Q,128778.0,128.778,15697.168,0.008203900219453598
2019-01-01,2019Q1,Holding companies,Domestic financial,LM733061103,BOGZ1LM733061103Q,32485.0,32.485,15697.168,0.0020694815778234646
2019-01-01,2019Q1,Households and nonprofits,Domestic nonfinancial,LM153061105,BOGZ1LM153061105Q,1428322.0,1428.322,15697.168,0.0909923369616736
2019-01-01,2019Q1,Life insurers,Domestic financial,LM543061105,BOGZ1LM543061105Q,209461.0,209.461,15697.168,0.013343871964675413
2019-01-01,2019Q1,Money market funds,Domestic financial,FL633061105,BOGZ1FL633061105Q,1010338.0,1010.338,15697.168,0.06436434903416972
2019-01-01,2019Q1,Mutual funds,Domestic financial,LM653061105,BOGZ1LM653061105Q,1175247.0,1175.247,15697.168,0.07487000202839136
2019-01-01,2019Q1,Noncorporate businesses,Domestic nonfinancial,LM113061003,BOGZ1LM113061003Q,70658.0,70.658,15697.168,0.004501321512262594
2019-01-01,2019Q1,Nonfinancial corporations,Domestic nonfinancial,LM103061103,BOGZ1LM103061103Q,62347.0,62.347,15697.168,0.003971862950055705
2019-01-01,2019Q1,Other financial business,Domestic financial,FL503061123,BOGZ1FL503061123Q,36589.0,36.589,15697.168,0.002330930012343628
2019-01-01,2019Q1,Private pension funds,Domestic financial,LM573061105,BOGZ1LM573061105Q,390904.0,390.904,15697.168,0.024902835976527742
2019-01-01,2019Q1,Property-casualty insurers,Domestic financial,LM513061105,BOGZ1LM513061105Q,157367.0,157.367,15697.168,0.010025184160607823
2019-01-01,2019Q1,Rest of world,Foreign,LM263061105,ROWTSEQ027S,6473999.0,6473.999,15697.168,0.4124310194042645
2019-01-01,2019Q1,State and local governments,Domestic government,LM213061103,BOGZ1LM213061103Q,602173.0,602.173,15697.168,0.03836188795329196
2019-01-01,2019Q1,State and local pension funds,Domestic government,LM223061143,BOGZ1LM223061143Q,357618.0,357.618,15697.168,0.02278232608582644
2019-01-01,2019Q1,Total assets,Total,FL893061105,BOGZ1FL893061105Q,15697168.0,15697.168,15697.168,1.0
2019-01-01,2019Q1,U.S.-chartered banks,Domestic financial,LM763061100,BOGZ1LM763061100Q,563840.0,563.84,15697.168,0.035919855097429045
2019-04-01,2019Q2,ABS issuers,Domestic financial,FL673061103,BOGZ1FL673061103Q,26530.0,26.53,15993.646,0.0016587837444945325
2019-04-01,2019Q2,Banks in U.S.-affiliated areas,Domestic financial,LM743061103,BOGZ1LM743061103Q,14426.0,14.426,15993.646,0.000901983200078331
2019-04-01,2019Q2,Brokers and dealers,Domestic financial,LM663061105,BOGZ1LM663061105Q,280077.0,280.077,15993.646,0.017511766860414443
2019-04-01,2019Q2,Closed-end funds,Domestic financial,LM553061103,BOGZ1LM553061103Q,3650.0,3.65,15993.646,0.0002282156301321162
2019-04-01,2019Q2,Credit unions,Domestic financial,LM473061105,BOGZ1LM473061105Q,33956.0,33.956,15993.646,0.002123093133360586
2019-04-01,2019Q2,Exchange-traded funds,Domestic financial,LM563061103,BOGZ1LM563061103Q,211366.0,211.366,15993.646,0.013215623254384898
2019-04-01,2019Q2,Federal Reserve,Domestic financial,LM713061103,BOGZ1LM713061103Q,2315006.0,2315.006,15993.646,0.14474535699989857
2019-04-01,2019Q2,Federal government pension funds,Domestic government,LM343061105,BOGZ1LM343061105Q,22066.0,22.066,15993.646,0.0013796729026014454
2019-04-01,2019Q2,Foreign bank offices in U.S.,Domestic financial,LM753061103,BOGZ1LM753061103Q,129624.0,129.624,15993.646,0.00810471858636861
2019-04-01,2019Q2,Government-sponsored enterprises,Domestic financial,LM403061105,BOGZ1LM403061105Q,144310.0,144.31,15993.646,0.00902295824229197
2019-04-01,2019Q2,Holding companies,Domestic financial,LM733061103,BOGZ1LM733061103Q,37746.0,37.746,15993.646,0.0023600622397169477
2019-04-01,2019Q2,Households and nonprofits,Domestic nonfinancial,LM153061105,BOGZ1LM153061105Q,1571577.0,1571.577,15993.646,0.09826258502907967
2019-04-01,2019Q2,Life insurers,Domestic financial,LM543061105,BOGZ1LM543061105Q,212370.0,212.37,15993.646,0.013278398183878772
2019-04-01,2019Q2,Money market funds,Domestic financial,FL633061105,BOGZ1FL633061105Q,829281.0,829.281,15993.646,0.05185065369084697
2019-04-01,2019Q2,Mutual funds,Domestic financial,LM653061105,BOGZ1LM653061105Q,1204069.0,1204.069,15993.646,0.0752842097417937
2019-04-01,2019Q2,Noncorporate businesses,Domestic nonfinancial,LM113061003,BOGZ1LM113061003Q,71128.0,71.128,15993.646,0.004447266120558126
2019-04-01,2019Q2,Nonfinancial corporations,Domestic nonfinancial,LM103061103,BOGZ1LM103061103Q,56379.0,56.379,15993.646,0.0035250874003338573
2019-04-01,2019Q2,Other financial business,Domestic financial,FL503061123,BOGZ1FL503061123Q,38311.0,38.311,15993.646,0.0023953887687647958
2019-04-01,2019Q2,Private pension funds,Domestic financial,LM573061105,BOGZ1LM573061105Q,413608.0,413.608,15993.646,0.025860769958269678
2019-04-01,2019Q2,Property-casualty insurers,Domestic financial,LM513061105,BOGZ1LM513061105Q,156967.0,156.967,15993.646,0.009814335017793942
2019-04-01,2019Q2,Rest of world,Foreign,LM263061105,ROWTSEQ027S,6625860.0,6625.86,15993.646,0.41428077125128315
2019-04-01,2019Q2,State and local governments,Domestic government,LM213061103,BOGZ1LM213061103Q,616696.0,616.696,15993.646,0.03855881266848097
2019-04-01,2019Q2,State and local pension funds,Domestic government,LM223061143,BOGZ1LM223061143Q,386490.0,386.49,15993.646,0.024165221613633315
2019-04-01,2019Q2,Total assets,Total,FL893061105,BOGZ1FL893061105Q,15993646.0,15993.646,15993.646,1.0
2019-04-01,2019Q2,U.S.-chartered banks,Domestic financial,LM763061100,BOGZ1LM763061100Q,592153.0,592.153,15993.646,0.037024265761540553
2019-07-01,2019Q3,ABS issuers,Domestic financial,FL673061103,BOGZ1FL673061103Q,29094.0,29.094,16793.18,0.0017324890223293027
2019-07-01,2019Q3,Banks in U.S.-affiliated areas,Domestic financial,LM743061103,BOGZ1LM743061103Q,14042.0,14.042,16793.18,0.0008361727796641255
2019-07-01,2019Q3,Brokers and dealers,Domestic financial,LM663061105,BOGZ1LM663061105Q,242590.0,242.59,16793.18,0.014445745237054566
2019-07-01,2019Q3,Closed-end funds,Domestic financial,LM553061103,BOGZ1LM553061103Q,3503.0,3.503,16793.18,0.0002085965850422612
2019-07-01,2019Q3,Credit unions,Domestic financial,LM473061105,BOGZ1LM473061105Q,34938.0,34.938,16793.18,0.002080487435971031
2019-07-01,2019Q3,Exchange-traded funds,Domestic financial,LM563061103,BOGZ1LM563061103Q,222946.0,222.946,16793.18,0.013275984655675697
2019-07-01,2019Q3,Federal Reserve,Domestic financial,LM713061103,BOGZ1LM713061103Q,2366457.0,2366.457,16793.18,0.1409177416070095
2019-07-01,2019Q3,Federal government pension funds,Domestic government,LM343061105,BOGZ1LM343061105Q,22562.0,22.562,16793.18,0.001343521596267056
2019-07-01,2019Q3,Foreign bank offices in U.S.,Domestic financial,LM753061103,BOGZ1LM753061103Q,132339.0,132.339,16793.18,0.007880520544649673
2019-07-01,2019Q3,Government-sponsored enterprises,Domestic financial,LM403061105,BOGZ1LM403061105Q,159283.0,159.283,16793.18,0.009484981403164856
2019-07-01,2019Q3,Holding companies,Domestic financial,LM733061103,BOGZ1LM733061103Q,53560.0,53.56,16793.18,0.0031893899785508167
2019-07-01,2019Q3,Households and nonprofits,Domestic nonfinancial,LM153061105,BOGZ1LM153061105Q,1636111.0,1636.111,16793.18,0.09742711029120155
2019-07-01,2019Q3,Life insurers,Domestic financial,LM543061105,BOGZ1LM543061105Q,220306.0,220.306,16793.18,0.013118777980108591
2019-07-01,2019Q3,Money market funds,Domestic financial,FL633061105,BOGZ1FL633061105Q,1048004.0,1048.004,16793.18,0.06240652455341989
2019-07-01,2019Q3,Mutual funds,Domestic financial,LM653061105,BOGZ1LM653061105Q,1268218.0,1268.218,16793.18,0.07551982411907691
2019-07-01,2019Q3,Noncorporate businesses,Domestic nonfinancial,LM113061003,BOGZ1LM113061003Q,71597.0,71.597,16793.18,0.004263456950976527
2019-07-01,2019Q3,Nonfinancial corporations,Domestic nonfinancial,LM103061103,BOGZ1LM103061103Q,56134.0,56.134,16793.18,0.003342666487228744
2019-07-01,2019Q3,Other financial business,Domestic financial,FL503061123,BOGZ1FL503061123Q,38259.0,38.259,16793.18,0.002278246288076469
2019-07-01,2019Q3,Private pension funds,Domestic financial,LM573061105,BOGZ1LM573061105Q,434030.0,434.03,16793.18,0.025845611134996466
2019-07-01,2019Q3,Property-casualty insurers,Domestic financial,LM513061105,BOGZ1LM513061105Q,152370.0,152.37,16793.18,0.009073326195515085
2019-07-01,2019Q3,Rest of world,Foreign,LM263061105,ROWTSEQ027S,6960290.0,6960.29,16793.18,0.41447123177385103
2019-07-01,2019Q3,State and local governments,Domestic government,LM213061103,BOGZ1LM213061103Q,609134.0,609.134,16793.18,0.03627270117988374
2019-07-01,2019Q3,State and local pension funds,Domestic government,LM223061143,BOGZ1LM223061143Q,342918.0,342.918,16793.18,0.02042007529246992
2019-07-01,2019Q3,Total assets,Total,FL893061105,BOGZ1FL893061105Q,16793180.0,16793.18,16793.18,1.0
2019-07-01,2019Q3,U.S.-chartered banks,Domestic financial,LM763061100,BOGZ1LM763061100Q,674495.0,674.495,16793.18,0.04016481690781615
2019-10-01,2019Q4,ABS issuers,Domestic financial,FL673061103,BOGZ1FL673061103Q,33034.0,33.034,16930.458,0.0019511580844416613
2019-10-01,2019Q4,Banks in U.S.-affiliated areas,Domestic financial,LM743061103,BOGZ1LM743061103Q,16604.0,16.604,16930.458,0.0009807177100584047
2019-10-01,2019Q4,Brokers and dealers,Domestic financial,LM663061105,BOGZ1LM663061105Q,227675.0,227.675,16930.458,0.013447657470341323
2019-10-01,2019Q4,Closed-end funds,Domestic financial,LM553061103,BOGZ1LM553061103Q,3171.0,3.171,16930.458,0.0001872955829074441
2019-10-01,2019Q4,Credit unions,Domestic financial,LM473061105,BOGZ1LM473061105Q,37497.0,37.497,16930.458,0.0022147658379944595
2019-10-01,2019Q4,Exchange-traded funds,Domestic financial,LM563061103,BOGZ1LM563061103Q,227645.0,227.645,16930.458,0.013445885515914574
2019-10-01,2019Q4,Federal Reserve,Domestic financial,LM713061103,BOGZ1LM713061103Q,2540730.0,2540.73,16930.458,0.15006859235585948
2019-10-01,2019Q4,Federal government pension funds,Domestic government,LM343061105,BOGZ1LM343061105Q,23262.0,23.262,16930.458,0.0013739734625017235
2019-10-01,2019Q4,Foreign bank offices in U.S.,Domestic financial,LM753061103,BOGZ1LM753061103Q,121077.0,121.077,16930.458,0.007151430870919145
2019-10-01,2019Q4,Government-sponsored enterprises,Domestic financial,LM403061105,BOGZ1LM403061105Q,175753.0,175.753,16930.458,0.010380876878818045
2019-10-01,2019Q4,Holding companies,Domestic financial,LM733061103,BOGZ1LM733061103Q,55810.0,55.81,16930.458,0.00329642588523004
2019-10-01,2019Q4,Households and nonprofits,Domestic nonfinancial,LM153061105,BOGZ1LM153061105Q,1498818.0,1498.818,16930.458,0.08852790633307145
2019-10-01,2019Q4,Life insurers,Domestic financial,LM543061105,BOGZ1LM543061105Q,221364.0,221.364,16930.458,0.013074897324100743
2019-10-01,2019Q4,Money market funds,Domestic financial,FL633061105,BOGZ1FL633061105Q,1122598.0,1122.598,16930.458,0.06630641651867894
2019-10-01,2019Q4,Mutual funds,Domestic financial,LM653061105,BOGZ1LM653061105Q,1287015.0,1287.015,16930.458,0.07601773088477584
2019-10-01,2019Q4,Noncorporate businesses,Domestic nonfinancial,LM113061003,BOGZ1LM113061003Q,72067.0,72.067,16930.458,0.004256647989085705
2019-10-01,2019Q4,Nonfinancial corporations,Domestic nonfinancial,LM103061103,BOGZ1LM103061103Q,63629.0,63.629,16930.458,0.0037582562739885716
2019-10-01,2019Q4,Other financial business,Domestic financial,FL503061123,BOGZ1FL503061123Q,43455.0,43.455,16930.458,0.0025666759871469515
2019-10-01,2019Q4,Private pension funds,Domestic financial,LM573061105,BOGZ1LM573061105Q,440034.0,440.034,16930.458,0.025990673140679363
2019-10-01,2019Q4,Property-casualty insurers,Domestic financial,LM513061105,BOGZ1LM513061105Q,153395.0,153.395,16930.458,0.009060298309709048
2019-10-01,2019Q4,Rest of world,Foreign,LM263061105,ROWTSEQ027S,6917822.0,6917.822,16930.458,0.4086021772122172
2019-10-01,2019Q4,State and local governments,Domestic government,LM213061103,BOGZ1LM213061103Q,610503.0,610.503,16930.458,0.036059449779799226
2019-10-01,2019Q4,State and local pension funds,Domestic government,LM223061143,BOGZ1LM223061143Q,333411.0,333.411,16930.458,0.019692969912568227
2019-10-01,2019Q4,Total assets,Total,FL893061105,BOGZ1FL893061105Q,16930458.0,16930.458,16930.458,1.0
2019-10-01,2019Q4,U.S.-chartered banks,Domestic financial,LM763061100,BOGZ1LM763061100Q,704089.0,704.089,16930.458,0.0415871206791925
2020-01-01,2020Q1,ABS issuers,Domestic financial,FL673061103,BOGZ1FL673061103Q,32025.0,32.025,18443.407,0.0017363928475904696
2020-01-01,2020Q1,Banks in U.S.-affiliated areas,Domestic financial,LM743061103,BOGZ1LM743061103Q,14679.0,14.679,18443.407,0.0007958941642398284
2020-01-01,2020Q1,Brokers and dealers,Domestic financial,LM663061105,BOGZ1LM663061105Q,241108.0,241.108,18443.407,0.013072855790689866
2020-01-01,2020Q1,Closed-end funds,Domestic financial,LM553061103,BOGZ1LM553061103Q,2672.0,2.672,18443.407,0.00014487561869669743
2020-01-01,2020Q1,Credit unions,Domestic financial,LM473061105,BOGZ1LM473061105Q,38657.0,38.657,18443.407,0.0020959793383077217
2020-01-01,2020Q1,Exchange-traded funds,Domestic financial,LM563061103,BOGZ1LM563061103Q,258336.0,258.336,18443.407,0.014006956523813632
2020-01-01,2020Q1,Federal Reserve,Domestic financial,LM713061103,BOGZ1LM713061103Q,3757408.0,3757.408,18443.407,0.20372635055985047
2020-01-01,2020Q1,Federal government pension funds,Domestic government,LM343061105,BOGZ1LM343061105Q,23379.0,23.379,18443.407,0.0012676074436789257
2020-01-01,2020Q1,Foreign bank offices in U.S.,Domestic financial,LM753061103,BOGZ1LM753061103Q,116448.0,116.448,18443.407,0.0063138009154165495
2020-01-01,2020Q1,Government-sponsored enterprises,Domestic financial,LM403061105,BOGZ1LM403061105Q,194456.0,194.456,18443.407,0.010543388214552767
2020-01-01,2020Q1,Holding companies,Domestic financial,LM733061103,BOGZ1LM733061103Q,53359.0,53.359,18443.407,0.002893120560642619
2020-01-01,2020Q1,Households and nonprofits,Domestic nonfinancial,LM153061105,BOGZ1LM153061105Q,1391978.0,1391.978,18443.407,0.07547293187207765
2020-01-01,2020Q1,Life insurers,Domestic financial,LM543061105,BOGZ1LM543061105Q,238930.0,238.93,18443.407,0.01295476481107856
2020-01-01,2020Q1,Money market funds,Domestic financial,FL633061105,BOGZ1FL633061105Q,1358143.0,1358.143,18443.407,0.07363840097439699
2020-01-01,2020Q1,Mutual funds,Domestic financial,LM653061105,BOGZ1LM653061105Q,1140897.0,1140.897,18443.407,0.06185934084738248
2020-01-01,2020Q1,Noncorporate businesses,Domestic nonfinancial,LM113061003,BOGZ1LM113061003Q,72356.0,72.356,18443.407,0.003923136327252334
2020-01-01,2020Q1,Nonfinancial corporations,Domestic nonfinancial,LM103061103,BOGZ1LM103061103Q,91502.0,91.502,18443.407,0.004961230861521409
2020-01-01,2020Q1,Other financial business,Domestic financial,FL503061123,BOGZ1FL503061123Q,50109.0,50.109,18443.407,0.002716905829817669
2020-01-01,2020Q1,Private pension funds,Domestic financial,LM573061105,BOGZ1LM573061105Q,476895.0,476.895,18443.407,0.025857207402081406
2020-01-01,2020Q1,Property-casualty insurers,Domestic financial,LM513061105,BOGZ1LM513061105Q,163817.0,163.817,18443.407,0.008882144172169492
2020-01-01,2020Q1,Rest of world,Foreign,LM263061105,ROWTSEQ027S,7059898.0,7059.898,18443.407,0.38278708483741647
2020-01-01,2020Q1,State and local governments,Domestic government,LM213061103,BOGZ1LM213061103Q,611564.0,611.564,18443.407,0.03315894942837839
2020-01-01,2020Q1,State and local pension funds,Domestic government,LM223061143,BOGZ1LM223061143Q,330394.0,330.394,18443.407,0.01791393531574725
2020-01-01,2020Q1,Total assets,Total,FL893061105,BOGZ1FL893061105Q,18443407.0,18443.407,18443.407,1.0
2020-01-01,2020Q1,U.S.-chartered banks,Domestic financial,LM763061100,BOGZ1LM763061100Q,724397.0,724.397,18443.407,0.03927674534320042
2020-04-01,2020Q2,ABS issuers,Domestic financial,FL673061103,BOGZ1FL673061103Q,30568.0,30.568,21163.796,0.001444353366475466
2020-04-01,2020Q2,Banks in U.S.-affiliated areas,Domestic financial,LM743061103,BOGZ1LM743061103Q,17602.0,17.602,21163.796,0.0008317033484919247
2020-04-01,2020Q2,Brokers and dealers,Domestic financial,LM663061105,BOGZ1LM663061105Q,305105.0,305.105,21163.796,0.014416364625703254
2020-04-01,2020Q2,Closed-end funds,Domestic financial,LM553061103,BOGZ1LM553061103Q,2784.0,2.784,21163.796,0.0001315453995115054
2020-04-01,2020Q2,Credit unions,Domestic financial,LM473061105,BOGZ1LM473061105Q,42141.0,42.141,21163.796,0.0019911834342005567
2020-04-01,2020Q2,Exchange-traded funds,Domestic financial,LM563061103,BOGZ1LM563061103Q,265135.0,265.135,21163.796,0.012527762032860268
2020-04-01,2020Q2,Federal Reserve,Domestic financial,LM713061103,BOGZ1LM713061103Q,4807860.0,4807.86,21163.796,0.22717380190207845
2020-04-01,2020Q2,Federal government pension funds,Domestic government,LM343061105,BOGZ1LM343061105Q,22708.0,22.708,21163.796,0.001072964415268414
2020-04-01,2020Q2,Foreign bank offices in U.S.,Domestic financial,LM753061103,BOGZ1LM753061103Q,117089.0,117.089,21163.796,0.005532514110417621
2020-04-01,2020Q2,Government-sponsored enterprises,Domestic financial,LM403061105,BOGZ1LM403061105Q,257003.0,257.003,21163.796,0.012143520944919333
2020-04-01,2020Q2,Holding companies,Domestic financial,LM733061103,BOGZ1LM733061103Q,54426.0,54.426,21163.796,0.0025716558598466934
2020-04-01,2020Q2,Households and nonprofits,Domestic nonfinancial,LM153061105,BOGZ1LM153061105Q,1221306.0,1221.306,21163.796,0.057707322448203535
2020-04-01,2020Q2,Life insurers,Domestic financial,LM543061105,BOGZ1LM543061105Q,240032.0,240.032,21163.796,0.01134163266362991
2020-04-01,2020Q2,Money market funds,Domestic financial,FL633061105,BOGZ1FL633061105Q,2564674.0,2564.674,21163.796,0.12118213575674232
2020-04-01,2020Q2,Mutual funds,Domestic financial,LM653061105,BOGZ1LM653061105Q,1127893.0,1127.893,21163.796,0.05329351123966609
2020-04-01,2020Q2,Noncorporate businesses,Domestic nonfinancial,LM113061003,BOGZ1LM113061003Q,72645.0,72.645,21163.796,0.0034325127685033443
2020-04-01,2020Q2,Nonfinancial corporations,Domestic nonfinancial,LM103061103,BOGZ1LM103061103Q,111208.0,111.208,21163.796,0.0052546339040501055
2020-04-01,2020Q2,Other financial business,Domestic financial,FL503061123,BOGZ1FL503061123Q,62266.0,62.266,21163.796,0.002942099800999783
2020-04-01,2020Q2,Private pension funds,Domestic financial,LM573061105,BOGZ1LM573061105Q,473282.0,473.282,21163.796,0.022362812417961314
2020-04-01,2020Q2,Property-casualty insurers,Domestic financial,LM513061105,BOGZ1LM513061105Q,168632.0,168.632,21163.796,0.007967946770985697
2020-04-01,2020Q2,Rest of world,Foreign,LM263061105,ROWTSEQ027S,7199344.0,7199.344,21163.796,0.3401726230965372
2020-04-01,2020Q2,State and local governments,Domestic government,LM213061103,BOGZ1LM213061103Q,783419.0,783.419,21163.796,0.037016941573241396
2020-04-01,2020Q2,State and local pension funds,Domestic government,LM223061143,BOGZ1LM223061143Q,290023.0,290.023,21163.796,0.013703732544010538
2020-04-01,2020Q2,Total assets,Total,FL893061105,BOGZ1FL893061105Q,21163796.0,21163.796,21163.796,1.0
2020-04-01,2020Q2,U.S.-chartered banks,Domestic financial,LM763061100,BOGZ1LM763061100Q,926651.0,926.651,21163.796,0.0437847255756954
2020-07-01,2020Q3,ABS issuers,Domestic financial,FL673061103,BOGZ1FL673061103Q,29531.0,29.531,21568.836,0.0013691513070060897
2020-07-01,2020Q3,Banks in U.S.-affiliated areas,Domestic financial,LM743061103,BOGZ1LM743061103Q,15115.0,15.115,21568.836,0.0007007795877348226
2020-07-01,2020Q3,Brokers and dealers,Domestic financial,LM663061105,BOGZ1LM663061105Q,227271.0,227.271,21568.836,0.010537008116710609
2020-07-01,2020Q3,Closed-end funds,Domestic financial,LM553061103,BOGZ1LM553061103Q,2873.0,2.873,21568.836,0.00013320143933590113
2020-07-01,2020Q3,Credit unions,Domestic financial,LM473061105,BOGZ1LM473061105Q,42987.0,42.987,21568.836,0.001993014365726551
2020-07-01,2020Q3,Exchange-traded funds,Domestic financial,LM563061103,BOGZ1LM563061103Q,269829.0,269.829,21568.836,0.01251013267475352
2020-07-01,2020Q3,Federal Reserve,Domestic financial,LM713061103,BOGZ1LM713061103Q,5055969.0,5055.969,21568.836,0.2344108416420803
2020-07-01,2020Q3,Federal government pension funds,Domestic government,LM343061105,BOGZ1LM343061105Q,23167.0,23.167,21568.836,0.0010740959781047063
2020-07-01,2020Q3,Foreign bank offices in U.S.,Domestic financial,LM753061103,BOGZ1LM753061103Q,108981.0,108.981,21568.836,0.005052706599466007
2020-07-01,2020Q3,Government-sponsored enterprises,Domestic financial,LM403061105,BOGZ1LM403061105Q,279059.0,279.059,21568.836,0.01293806490067429
2020-07-01,2020Q3,Holding companies,Domestic financial,LM733061103,BOGZ1LM733061103Q,53941.0,53.941,21568.836,0.002500876727886475
2020-07-01,2020Q3,Households and nonprofits,Domestic nonfinancial,LM153061105,BOGZ1LM153061105Q,1198982.0,1198.982,21568.836,0.05558862796304817
2020-07-01,2020Q3,Life insurers,Domestic financial,LM543061105,BOGZ1LM543061105Q,246735.0,246.735,21568.836,0.011439421209378199
2020-07-01,2020Q3,Money market funds,Domestic financial,FL633061105,BOGZ1FL633061105Q,2493606.0,2493.606,21568.836,0.11561152395984653
2020-07-01,2020Q3,Mutual funds,Domestic financial,LM653061105,BOGZ1LM653061105Q,1228371.0,1228.371,21568.836,0.056951195697347794
2020-07-01,2020Q3,Noncorporate businesses,Domestic nonfinancial,LM113061003,BOGZ1LM113061003Q,72933.0,72.933,21568.836,0.00338140639578325
2020-07-01,2020Q3,Nonfinancial corporations,Domestic nonfinancial,LM103061103,BOGZ1LM103061103Q,94063.0,94.063,21568.836,0.004361060559781715
2020-07-01,2020Q3,Other financial business,Domestic financial,FL503061123,BOGZ1FL503061123Q,55265.0,55.265,21568.836,0.0025622615888961277
2020-07-01,2020Q3,Private pension funds,Domestic financial,LM573061105,BOGZ1LM573061105Q,469582.0,469.582,21568.836,0.02177131858205051
2020-07-01,2020Q3,Property-casualty insurers,Domestic financial,LM513061105,BOGZ1LM513061105Q,172900.0,172.9,21568.836,0.00801619521795242
2020-07-01,2020Q3,Rest of world,Foreign,LM263061105,ROWTSEQ027S,7253228.0,7253.228,21568.836,0.3362827739058334
2020-07-01,2020Q3,State and local governments,Domestic government,LM213061103,BOGZ1LM213061103Q,836663.0,836.663,21568.836,0.03879036402335295
2020-07-01,2020Q3,State and local pension funds,Domestic government,LM223061143,BOGZ1LM223061143Q,318067.0,318.067,21568.836,0.014746600141055364
2020-07-01,2020Q3,Total assets,Total,FL893061105,BOGZ1FL893061105Q,21568836.0,21568.836,21568.836,1.0
2020-07-01,2020Q3,U.S.-chartered banks,Domestic financial,LM763061100,BOGZ1LM763061100Q,1019718.0,1019.718,21568.836,0.047277377416194366
2020-10-01,2020Q4,ABS issuers,Domestic financial,FL673061103,BOGZ1FL673061103Q,30315.0,30.315,21961.626,0.0013803622737223555
2020-10-01,2020Q4,Banks in U.S.-affiliated areas,Domestic financial,LM743061103,BOGZ1LM743061103Q,13798.0,13.798,21961.626,0.0006282777058492845
2020-10-01,2020Q4,Brokers and dealers,Domestic financial,LM663061105,BOGZ1LM663061105Q,211955.0,211.955,21961.626,0.00965115242377773
2020-10-01,2020Q4,Closed-end funds,Domestic financial,LM553061103,BOGZ1LM553061103Q,2908.0,2.908,21961.626,0.00013241278218652843
2020-10-01,2020Q4,Credit unions,Domestic financial,LM473061105,BOGZ1LM473061105Q,45073.0,45.073,21961.626,0.002052352589922076
2020-10-01,2020Q4,Exchange-traded funds,Domestic financial,LM563061103,BOGZ1LM563061103Q,270617.0,270.617,21961.626,0.012322266120004048
2020-10-01,2020Q4,Federal Reserve,Domestic financial,LM713061103,BOGZ1LM713061103Q,5254556.0,5254.556,21961.626,0.23926079061723388
2020-10-01,2020Q4,Federal government pension funds,Domestic government,LM343061105,BOGZ1LM343061105Q,23939.0,23.939,21961.626,0.0010900376866448778
2020-10-01,2020Q4,Foreign bank offices in U.S.,Domestic financial,LM753061103,BOGZ1LM753061103Q,99845.0,99.845,21961.626,0.004546339146290899
2020-10-01,2020Q4,Government-sponsored enterprises,Domestic financial,LM403061105,BOGZ1LM403061105Q,259236.0,259.236,21961.626,0.011804044017505807
2020-10-01,2020Q4,Holding companies,Domestic financial,LM733061103,BOGZ1LM733061103Q,61639.0,61.639,21961.626,0.0028066683222817837
2020-10-01,2020Q4,Households and nonprofits,Domestic nonfinancial,LM153061105,BOGZ1LM153061105Q,1280455.0,1280.455,21961.626,0.05830419842319507
2020-10-01,2020Q4,Life insurers,Domestic financial,LM543061105,BOGZ1LM543061105Q,245461.0,245.461,21961.626,0.011176813592946169
2020-10-01,2020Q4,Money market funds,Domestic financial,FL633061105,BOGZ1FL633061105Q,2465928.0,2465.928,21961.626,0.11228348939190567
2020-10-01,2020Q4,Mutual funds,Domestic financial,LM653061105,BOGZ1LM653061105Q,1315725.0,1315.725,21961.626,0.059910181513882436
2020-10-01,2020Q4,Noncorporate businesses,Domestic nonfinancial,LM113061003,BOGZ1LM113061003Q,73222.0,73.222,21961.626,0.00333408828654126
2020-10-01,2020Q4,Nonfinancial corporations,Domestic nonfinancial,LM103061103,BOGZ1LM103061103Q,72901.0,72.901,21961.626,0.0033194718824553337
2020-10-01,2020Q4,Other financial business,Domestic financial,FL503061123,BOGZ1FL503061123Q,47329.0,47.329,21961.626,0.0021550772242456
2020-10-01,2020Q4,Private pension funds,Domestic financial,LM573061105,BOGZ1LM573061105Q,461231.0,461.231,21961.626,0.021001678108897765
2020-10-01,2020Q4,Property-casualty insurers,Domestic financial,LM513061105,BOGZ1LM513061105Q,159282.0,159.282,21961.626,0.007252741668581371
2020-10-01,2020Q4,Rest of world,Foreign,LM263061105,ROWTSEQ027S,7291566.0,7291.566,21961.626,0.332013941044256
2020-10-01,2020Q4,State and local governments,Domestic government,LM213061103,BOGZ1LM213061103Q,875500.0,875.5,21961.626,0.03986498996021515
2020-10-01,2020Q4,State and local pension funds,Domestic government,LM223061143,BOGZ1LM223061143Q,354700.0,354.7,21961.626,0.016150898845103727
2020-10-01,2020Q4,Total assets,Total,FL893061105,BOGZ1FL893061105Q,21961626.0,21961.626,21961.626,1.0
2020-10-01,2020Q4,U.S.-chartered banks,Domestic financial,LM763061100,BOGZ1LM763061100Q,1044445.0,1044.445,21961.626,0.04755772637235512
2021-01-01,2021Q1,ABS issuers,Domestic financial,FL673061103,BOGZ1FL673061103Q,28571.0,28.571,21584.206,0.0013236993753673405
2021-01-01,2021Q1,Banks in U.S.-affiliated areas,Domestic financial,LM743061103,BOGZ1LM743061103Q,15334.0,15.334,21584.206,0.0007104268741690105
2021-01-01,2021Q1,Brokers and dealers,Domestic financial,LM663061105,BOGZ1LM663061105Q,130587.0,130.587,21584.206,0.0060501183133630215
2021-01-01,2021Q1,Closed-end funds,Domestic financial,LM553061103,BOGZ1LM553061103Q,2900.0,2.9,21584.206,0.00013435750196231448
2021-01-01,2021Q1,Credit unions,Domestic financial,LM473061105,BOGZ1LM473061105Q,44607.0,44.607,21584.206,0.0020666500310458492
2021-01-01,2021Q1,Exchange-traded funds,Domestic financial,LM563061103,BOGZ1LM563061103Q,274577.0,274.577,21584.206,0.012721199936657388
2021-01-01,2021Q1,Federal Reserve,Domestic financial,LM713061103,BOGZ1LM713061103Q,5273242.0,5273.242,21584.206,0.24431021460784802
2021-01-01,2021Q1,Federal government pension funds,Domestic government,LM343061105,BOGZ1LM343061105Q,22858.0,22.858,21584.206,0.001059015096501581
2021-01-01,2021Q1,Foreign bank offices in U.S.,Domestic financial,LM753061103,BOGZ1LM753061103Q,86238.0,86.238,21584.206,0.003995421466974509
2021-01-01,2021Q1,Government-sponsored enterprises,Domestic financial,LM403061105,BOGZ1LM403061105Q,224867.0,224.867,21584.206,0.010418127032330955
2021-01-01,2021Q1,Holding companies,Domestic financial,LM733061103,BOGZ1LM733061103Q,84232.0,84.232,21584.206,0.00390248313975506
2021-01-01,2021Q1,Households and nonprofits,Domestic nonfinancial,LM153061105,BOGZ1LM153061105Q,783238.0,783.238,21584.206,0.036287552111020444
2021-01-01,2021Q1,Life insurers,Domestic financial,LM543061105,BOGZ1LM543061105Q,232499.0,232.499,21584.206,0.010771718913357296
2021-01-01,2021Q1,Money market funds,Domestic financial,FL633061105,BOGZ1FL633061105Q,2583204.0,2583.204,21584.206,0.11968028844795127
2021-01-01,2021Q1,Mutual funds,Domestic financial,LM653061105,BOGZ1LM653061105Q,1365256.0,1365.256,21584.206,0.06325254679277988
2021-01-01,2021Q1,Noncorporate businesses,Domestic nonfinancial,LM113061003,BOGZ1LM113061003Q,70527.0,70.527,21584.206,0.0032675281175503982
2021-01-01,2021Q1,Nonfinancial corporations,Domestic nonfinancial,LM103061103,BOGZ1LM103061103Q,60954.0,60.954,21584.206,0.002824009370555489
2021-01-01,2021Q1,Other financial business,Domestic financial,FL503061123,BOGZ1FL503061123Q,55216.0,55.216,21584.206,0.002558166837362468
2021-01-01,2021Q1,Private pension funds,Domestic financial,LM573061105,BOGZ1LM573061105Q,453311.0,453.311,21584.206,0.021001977093806464
2021-01-01,2021Q1,Property-casualty insurers,Domestic financial,LM513061105,BOGZ1LM513061105Q,166213.0,166.213,21584.206,0.00770067705988351
2021-01-01,2021Q1,Rest of world,Foreign,LM263061105,ROWTSEQ027S,7295920.0,7295.92,21584.206,0.33802123645409987
2021-01-01,2021Q1,State and local governments,Domestic government,LM213061103,BOGZ1LM213061103Q,872263.0,872.263,21584.206,0.040412095770398046
2021-01-01,2021Q1,State and local pension funds,Domestic government,LM223061143,BOGZ1LM223061143Q,346261.0,346.261,21584.206,0.016042332064473443
2021-01-01,2021Q1,Total assets,Total,FL893061105,BOGZ1FL893061105Q,21584206.0,21584.206,21584.206,1.0
2021-01-01,2021Q1,U.S.-chartered banks,Domestic financial,LM763061100,BOGZ1LM763061100Q,1111331.0,1111.331,21584.206,0.051488157590786524
2021-04-01,2021Q2,ABS issuers,Domestic financial,FL673061103,BOGZ1FL673061103Q,27427.0,27.427,22178.052,0.0012366730856253742
2021-04-01,2021Q2,Banks in U.S.-affiliated areas,Domestic financial,LM743061103,BOGZ1LM743061103Q,15521.0,15.521,22178.052,0.0006998360360955056
2021-04-01,2021Q2,Brokers and dealers,Domestic financial,LM663061105,BOGZ1LM663061105Q,157157.0,157.157,22178.052,0.007086149856624018
2021-04-01,2021Q2,Closed-end funds,Domestic financial,LM553061103,BOGZ1LM553061103Q,3023.0,3.023,22178.052,0.00013630592984451476
2021-04-01,2021Q2,Credit unions,Domestic financial,LM473061105,BOGZ1LM473061105Q,51557.0,51.557,22178.052,0.0023246856847481466
2021-04-01,2021Q2,Exchange-traded funds,Domestic financial,LM563061103,BOGZ1LM563061103Q,293253.0,293.253,22178.052,0.013222667166620404
2021-04-01,2021Q2,Federal Reserve,Domestic financial,LM713061103,BOGZ1LM713061103Q,5596511.0,5596.511,22178.052,0.2523445702084205
2021-04-01,2021Q2,Federal government pension funds,Domestic government,LM343061105,BOGZ1LM343061105Q,21715.0,21.715,22178.052,0.0009791211599648156
2021-04-01,2021Q2,Foreign bank offices in U.S.,Domestic financial,LM753061103,BOGZ1LM753061103Q,83821.0,83.821,22178.052,0.0037794572760493123
2021-04-01,2021Q2,Government-sponsored enterprises,Domestic financial,LM403061105,BOGZ1LM403061105Q,210861.0,210.861,22178.052,0.009507642961609072
2021-04-01,2021Q2,Holding companies,Domestic financial,LM733061103,BOGZ1LM733061103Q,86512.0,86.512,22178.052,0.0039007934511110353
2021-04-01,2021Q2,Households and nonprofits,Domestic nonfinancial,LM153061105,BOGZ1LM153061105Q,489215.0,489.215,22178.052,0.022058519837540286
2021-04-01,2021Q2,Life insurers,Domestic financial,LM543061105,BOGZ1LM543061105Q,236392.0,236.392,22178.052,0.01065882612233031
2021-04-01,2021Q2,Money market funds,Domestic financial,FL633061105,BOGZ1FL633061105Q,2288119.0,2288.119,22178.052,0.10317042272242848
2021-04-01,2021Q2,Mutual funds,Domestic financial,LM653061105,BOGZ1LM653061105Q,1487334.0,1487.334,22178.052,0.06706332909671238
2021-04-01,2021Q2,Noncorporate businesses,Domestic nonfinancial,LM113061003,BOGZ1LM113061003Q,70698.0,70.698,22178.052,0.0031877461555234877
2021-04-01,2021Q2,Nonfinancial corporations,Domestic nonfinancial,LM103061103,BOGZ1LM103061103Q,55627.0,55.627,22178.052,0.0025082004497058623
2021-04-01,2021Q2,Other financial business,Domestic financial,FL503061123,BOGZ1FL503061123Q,45469.0,45.469,22178.052,0.002050180060899848
2021-04-01,2021Q2,Private pension funds,Domestic financial,LM573061105,BOGZ1LM573061105Q,476849.0,476.849,22178.052,0.021500941561504137
2021-04-01,2021Q2,Property-casualty insurers,Domestic financial,LM513061105,BOGZ1LM513061105Q,188222.0,188.222,22178.052,0.008486858990140343
2021-04-01,2021Q2,Rest of world,Foreign,LM263061105,ROWTSEQ027S,7518880.0,7518.88,22178.052,0.3390234633772164
2021-04-01,2021Q2,State and local governments,Domestic government,LM213061103,BOGZ1LM213061103Q,1181841.0,1181.841,22178.052,0.053288764946533625
2021-04-01,2021Q2,State and local pension funds,Domestic government,LM223061143,BOGZ1LM223061143Q,396239.0,396.239,22178.052,0.01786626706439321
2021-04-01,2021Q2,Total assets,Total,FL893061105,BOGZ1FL893061105Q,22178052.0,22178.052,22178.052,1.0
2021-04-01,2021Q2,U.S.-chartered banks,Domestic financial,LM763061100,BOGZ1LM763061100Q,1195809.0,1195.809,22178.052,0.05391857679835903
2021-07-01,2021Q3,ABS issuers,Domestic financial,FL673061103,BOGZ1FL673061103Q,28736.0,28.736,22249.173,0.0012915536231391613
2021-07-01,2021Q3,Banks in U.S.-affiliated areas,Domestic financial,LM743061103,BOGZ1LM743061103Q,18351.0,18.351,22249.173,0.0008247947013581134
2021-07-01,2021Q3,Brokers and dealers,Domestic financial,LM663061105,BOGZ1LM663061105Q,141750.0,141.75,22249.173,0.006371023318484692
2021-07-01,2021Q3,Closed-end funds,Domestic financial,LM553061103,BOGZ1LM553061103Q,3030.0,3.03,22249.173,0.00013618483707237118
2021-07-01,2021Q3,Credit unions,Domestic financial,LM473061105,BOGZ1LM473061105Q,54778.0,54.778,22249.173,0.002462024094109026
2021-07-01,2021Q3,Exchange-traded funds,Domestic financial,LM563061103,BOGZ1LM563061103Q,305776.0,305.776,22249.173,0.013743252389650618
2021-07-01,2021Q3,Federal Reserve,Domestic financial,LM713061103,BOGZ1LM713061103Q,5831294.0,5831.294,22249.173,0.26209037072973457
2021-07-01,2021Q3,Federal government pension funds,Domestic government,LM343061105,BOGZ1LM343061105Q,21305.0,21.305,22249.173,0.0009575636811309796
2021-07-01,2021Q3,Foreign bank offices in U.S.,Domestic financial,LM753061103,BOGZ1LM753061103Q,85544.0,85.544,22249.173,0.0038448170635375974
2021-07-01,2021Q3,Government-sponsored enterprises,Domestic financial,LM403061105,BOGZ1LM403061105Q,205097.0,205.097,22249.173,0.00921818532311291
2021-07-01,2021Q3,Holding companies,Domestic financial,LM733061103,BOGZ1LM733061103Q,83824.0,83.824,22249.173,0.003767510819390905
2021-07-01,2021Q3,Households and nonprofits,Domestic nonfinancial,LM153061105,BOGZ1LM153061105Q,648657.0,648.657,22249.173,0.029154207214803
2021-07-01,2021Q3,Life insurers,Domestic financial,LM543061105,BOGZ1LM543061105Q,238617.0,238.617,22249.173,0.010724758174157753
2021-07-01,2021Q3,Money market funds,Domestic financial,FL633061105,BOGZ1FL633061105Q,1694672.0,1694.672,22249.173,0.07616786475614173
2021-07-01,2021Q3,Mutual funds,Domestic financial,LM653061105,BOGZ1LM653061105Q,1540207.0,1540.207,22249.173,0.06922535952235169
2021-07-01,2021Q3,Noncorporate businesses,Domestic nonfinancial,LM113061003,BOGZ1LM113061003Q,69856.0,69.856,22249.173,0.0031397122041345086
2021-07-01,2021Q3,Nonfinancial corporations,Domestic nonfinancial,LM103061103,BOGZ1LM103061103Q,73636.0,73.636,22249.173,0.0033096061592941006
2021-07-01,2021Q3,Other financial business,Domestic financial,FL503061123,BOGZ1FL503061123Q,44992.0,44.992,22249.173,0.0020221875213069715
2021-07-01,2021Q3,Private pension funds,Domestic financial,LM573061105,BOGZ1LM573061105Q,491405.0,491.405,22249.173,0.022086438898200847
2021-07-01,2021Q3,Property-casualty insurers,Domestic financial,LM513061105,BOGZ1LM513061105Q,187850.0,187.85,22249.173,0.008443010443579185
2021-07-01,2021Q3,Rest of world,Foreign,LM263061105,ROWTSEQ027S,7570896.0,7570.896,22249.173,0.3402776363867547
2021-07-01,2021Q3,State and local governments,Domestic government,LM213061103,BOGZ1LM213061103Q,1220254.0,1220.254,22249.173,0.05484491490987103
2021-07-01,2021Q3,State and local pension funds,Domestic government,LM223061143,BOGZ1LM223061143Q,391046.0,391.046,22249.173,0.017575754388713685
2021-07-01,2021Q3,Total assets,Total,FL893061105,BOGZ1FL893061105Q,22249173.0,22249.173,22249.173,1.0
2021-07-01,2021Q3,U.S.-chartered banks,Domestic financial,LM763061100,BOGZ1LM763061100Q,1297600.0,1297.6,22249.173,0.058321268839969916
2021-10-01,2021Q4,ABS issuers,Domestic financial,FL673061103,BOGZ1FL673061103Q,31856.0,31.856,22940.933,0.001388609608859413
2021-10-01,2021Q4,Banks in U.S.-affiliated areas,Domestic financial,LM743061103,BOGZ1LM743061103Q,19602.0,19.602,22940.933,0.0008544552220260614
2021-10-01,2021Q4,Brokers and dealers,Domestic financial,LM663061105,BOGZ1LM663061105Q,199700.0,199.7,22940.933,0.008704964179094197
2021-10-01,2021Q4,Closed-end funds,Domestic financial,LM553061103,BOGZ1LM553061103Q,3028.0,3.028,22940.933,0.00013199114438806826
2021-10-01,2021Q4,Credit unions,Domestic financial,LM473061105,BOGZ1LM473061105Q,62397.0,62.397,22940.933,0.0027198980965595426
2021-10-01,2021Q4,Exchange-traded funds,Domestic financial,LM563061103,BOGZ1LM563061103Q,332052.0,332.052,22940.933,0.014474215150708998
2021-10-01,2021Q4,Federal Reserve,Domestic financial,LM713061103,BOGZ1LM713061103Q,6052055.0,6052.055,22940.933,0.2638103254126587
2021-10-01,2021Q4,Federal government pension funds,Domestic government,LM343061105,BOGZ1LM343061105Q,22166.0,22.166,22940.933,0.0009662205107351127
2021-10-01,2021Q4,Foreign bank offices in U.S.,Domestic financial,LM753061103,BOGZ1LM753061103Q,86906.0,86.906,22940.933,0.003788250460432451
2021-10-01,2021Q4,Government-sponsored enterprises,Domestic financial,LM403061105,BOGZ1LM403061105Q,202365.0,202.365,22940.933,0.008821132078629931
2021-10-01,2021Q4,Holding companies,Domestic financial,LM733061103,BOGZ1LM733061103Q,92611.0,92.611,22940.933,0.00403693258683071
2021-10-01,2021Q4,Households and nonprofits,Domestic nonfinancial,LM153061105,BOGZ1LM153061105Q,400490.0,400.49,22940.933,0.017457441682951606
2021-10-01,2021Q4,Life insurers,Domestic financial,LM543061105,BOGZ1LM543061105Q,233008.0,233.008,22940.933,0.01015686676736295
2021-10-01,2021Q4,Money market funds,Domestic financial,FL633061105,BOGZ1FL633061105Q,1814671.0,1814.671,22940.933,0.07910188308383098
2021-10-01,2021Q4,Mutual funds,Domestic financial,LM653061105,BOGZ1LM653061105Q,1593978.0,1593.978,22940.933,0.06948182970587988
2021-10-01,2021Q4,Noncorporate businesses,Domestic nonfinancial,LM113061003,BOGZ1LM113061003Q,71280.0,71.28,22940.933,0.003107109898276587
2021-10-01,2021Q4,Nonfinancial corporations,Domestic nonfinancial,LM103061103,BOGZ1LM103061103Q,79668.0,79.668,22940.933,0.0034727445479222664
2021-10-01,2021Q4,Other financial business,Domestic financial,FL503061123,BOGZ1FL503061123Q,45494.0,45.494,22940.933,0.0019830928410801774
2021-10-01,2021Q4,Private pension funds,Domestic financial,LM573061105,BOGZ1LM573061105Q,507815.0,507.815,22940.933,0.02213576056387942
2021-10-01,2021Q4,Property-casualty insurers,Domestic financial,LM513061105,BOGZ1LM513061105Q,189413.0,189.413,22940.933,0.008256551727865645
2021-10-01,2021Q4,Rest of world,Foreign,LM263061105,ROWTSEQ027S,7740370.0,7740.37,22940.933,0.3374043244012787
2021-10-01,2021Q4,State and local governments,Domestic government,LM213061103,BOGZ1LM213061103Q,1273633.0,1273.633,22940.933,0.05551792509921022
2021-10-01,2021Q4,State and local pension funds,Domestic government,LM223061143,BOGZ1LM223061143Q,414086.0,414.086,22940.933,0.01805009412651177
2021-10-01,2021Q4,Total assets,Total,FL893061105,BOGZ1FL893061105Q,22940933.0,22940.933,22940.933,1.0
2021-10-01,2021Q4,U.S.-chartered banks,Domestic financial,LM763061100,BOGZ1LM763061100Q,1472289.0,1472.289,22940.933,0.06417738110302662
2022-01-01,2022Q1,ABS issuers,Domestic financial,FL673061103,BOGZ1FL673061103Q,34483.0,34.483,22593.215,0.0015262546742462282
2022-01-01,2022Q1,Banks in U.S.-affiliated areas,Domestic financial,LM743061103,BOGZ1LM743061103Q,19589.0,19.589,22593.215,0.0008670302123889848
2022-01-01,2022Q1,Brokers and dealers,Domestic financial,LM663061105,BOGZ1LM663061105Q,227898.0,227.898,22593.215,0.010087010635715191
2022-01-01,2022Q1,Closed-end funds,Domestic financial,LM553061103,BOGZ1LM553061103Q,2845.0,2.845,22593.215,0.000125922760439362
2022-01-01,2022Q1,Credit unions,Domestic financial,LM473061105,BOGZ1LM473061105Q,73420.0,73.42,22593.215,0.003249648179774326
2022-01-01,2022Q1,Exchange-traded funds,Domestic financial,LM563061103,BOGZ1LM563061103Q,336120.0,336.12,22593.215,0.014877032772892216
2022-01-01,2022Q1,Federal Reserve,Domestic financial,LM713061103,BOGZ1LM713061103Q,5851446.0,5851.446,22593.215,0.2589912945103209
2022-01-01,2022Q1,Federal government pension funds,Domestic government,LM343061105,BOGZ1LM343061105Q,21013.0,21.013,22593.215,0.0009300579842222545
2022-01-01,2022Q1,Foreign bank offices in U.S.,Domestic financial,LM753061103,BOGZ1LM753061103Q,89394.0,89.394,22593.215,0.003956674603415229
2022-01-01,2022Q1,Government-sponsored enterprises,Domestic financial,LM403061105,BOGZ1LM403061105Q,210412.0,210.412,22593.215,0.009313061465577166
2022-01-01,2022Q1,Holding companies,Domestic financial,LM733061103,BOGZ1LM733061103Q,99788.0,99.788,22593.215,0.004416724224507225
2022-01-01,2022Q1,Households and nonprofits,Domestic nonfinancial,LM153061105,BOGZ1LM153061105Q,585744.0,585.744,22593.215,0.025925659539822024
2022-01-01,2022Q1,Life insurers,Domestic financial,LM543061105,BOGZ1LM543061105Q,210345.0,210.345,22593.215,0.00931009597350355
2022-01-01,2022Q1,Money market funds,Domestic financial,FL633061105,BOGZ1FL633061105Q,1759444.0,1759.444,22593.215,0.07787488411897112
2022-01-01,2022Q1,Mutual funds,Domestic financial,LM653061105,BOGZ1LM653061105Q,1528334.0,1528.334,22593.215,0.06764570690802527
2022-01-01,2022Q1,Noncorporate businesses,Domestic nonfinancial,LM113061003,BOGZ1LM113061003Q,74087.0,74.087,22593.215,0.0032791703172833082
2022-01-01,2022Q1,Nonfinancial corporations,Domestic nonfinancial,LM103061103,BOGZ1LM103061103Q,74676.0,74.676,22593.215,0.003305240090885693
2022-01-01,2022Q1,Other financial business,Domestic financial,FL503061123,BOGZ1FL503061123Q,42911.0,42.911,22593.215,0.001899287020461674
2022-01-01,2022Q1,Private pension funds,Domestic financial,LM573061105,BOGZ1LM573061105Q,475223.0,475.223,22593.215,0.02103388118955182
2022-01-01,2022Q1,Property-casualty insurers,Domestic financial,LM513061105,BOGZ1LM513061105Q,165996.0,165.996,22593.215,0.007347161526148448
2022-01-01,2022Q1,Rest of world,Foreign,LM263061105,ROWTSEQ027S,7604400.0,7604.4,22593.215,0.3365789242478328
2022-01-01,2022Q1,State and local governments,Domestic government,LM213061103,BOGZ1LM213061103Q,1252173.0,1252.173,22593.215,0.05542252397456493
2022-01-01,2022Q1,State and local pension funds,Domestic government,LM223061143,BOGZ1LM223061143Q,382182.0,382.182,22593.215,0.016915786442965288
2022-01-01,2022Q1,Total assets,Total,FL893061105,BOGZ1FL893061105Q,22593215.0,22593.215,22593.215,1.0
2022-01-01,2022Q1,U.S.-chartered banks,Domestic financial,LM763061100,BOGZ1LM763061100Q,1471292.0,1471.292,22593.215,0.06512096662648498
2022-04-01,2022Q2,ABS issuers,Domestic financial,FL673061103,BOGZ1FL673061103Q,35695.0,35.695,21859.741,0.001632910472269548
2022-04-01,2022Q2,Banks in U.S.-affiliated areas,Domestic financial,LM743061103,BOGZ1LM743061103Q,23045.0,23.045,21859.741,0.0010542210907256403
2022-04-01,2022Q2,Brokers and dealers,Domestic financial,LM663061105,BOGZ1LM663061105Q,216847.0,216.847,21859.741,0.009919925400762981
2022-04-01,2022Q2,Closed-end funds,Domestic financial,LM553061103,BOGZ1LM553061103Q,3463.0,3.463,21859.741,0.00015841907733490527
2022-04-01,2022Q2,Credit unions,Domestic financial,LM473061105,BOGZ1LM473061105Q,79091.0,79.091,21859.741,0.003618112401240252
2022-04-01,2022Q2,Exchange-traded funds,Domestic financial,LM563061103,BOGZ1LM563061103Q,362468.0,362.468,21859.741,0.016581532233158662
2022-04-01,2022Q2,Federal Reserve,Domestic financial,LM713061103,BOGZ1LM713061103Q,5563801.0,5563.801,21859.741,0.25452273199394265
2022-04-01,2022Q2,Federal government pension funds,Domestic government,LM343061105,BOGZ1LM343061105Q,18400.0,18.4,21859.741,0.0008417300095184109
2022-04-01,2022Q2,Foreign bank offices in U.S.,Domestic financial,LM753061103,BOGZ1LM753061103Q,95983.0,95.983,21859.741,0.00439085714693509
2022-04-01,2022Q2,Government-sponsored enterprises,Domestic financial,LM403061105,BOGZ1LM403061105Q,180578.0,180.578,21859.741,0.008260756611892153
2022-04-01,2022Q2,Holding companies,Domestic financial,LM733061103,BOGZ1LM733061103Q,120585.0,120.585,21859.741,0.005516305065096608
2022-04-01,2022Q2,Households and nonprofits,Domestic nonfinancial,LM153061105,BOGZ1LM153061105Q,682999.0,682.999,21859.741,0.03124460623755789
2022-04-01,2022Q2,Life insurers,Domestic financial,LM543061105,BOGZ1LM543061105Q,193748.0,193.748,21859.741,0.008863234015444189
2022-04-01,2022Q2,Money market funds,Domestic financial,FL633061105,BOGZ1FL633061105Q,1458999.0,1458.999,21859.741,0.06674365446507348
2022-04-01,2022Q2,Mutual funds,Domestic financial,LM653061105,BOGZ1LM653061105Q,1427826.0,1427.826,21859.741,0.06531760829188232
2022-04-01,2022Q2,Noncorporate businesses,Domestic nonfinancial,LM113061003,BOGZ1LM113061003Q,76893.0,76.893,21859.741,0.0035175622620597377
2022-04-01,2022Q2,Nonfinancial corporations,Domestic nonfinancial,LM103061103,BOGZ1LM103061103Q,80177.0,80.177,21859.741,0.0036677927702803066
2022-04-01,2022Q2,Other financial business,Domestic financial,FL503061123,BOGZ1FL503061123Q,38073.0,38.073,21859.741,0.0017416949267605685
2022-04-01,2022Q2,Private pension funds,Domestic financial,LM573061105,BOGZ1LM573061105Q,453189.0,453.189,21859.741,0.020731672895849956
2022-04-01,2022Q2,Property-casualty insurers,Domestic financial,LM513061105,BOGZ1LM513061105Q,173460.0,173.46,21859.741,0.007935135187557802
2022-04-01,2022Q2,Rest of world,Foreign,LM263061105,ROWTSEQ027S,7416943.0,7416.943,21859.741,0.33929692945584305
2022-04-01,2022Q2,State and local governments,Domestic government,LM213061103,BOGZ1LM213061103Q,1300370.0,1300.37,21859.741,0.059486981112905214
2022-04-01,2022Q2,State and local pension funds,Domestic government,LM223061143,BOGZ1LM223061143Q,368585.0,368.585,21859.741,0.016861361715127362
2022-04-01,2022Q2,Total assets,Total,FL893061105,BOGZ1FL893061105Q,21859741.0,21859.741,21859.741,1.0
2022-04-01,2022Q2,U.S.-chartered banks,Domestic financial,LM763061100,BOGZ1LM763061100Q,1488523.0,1488.523,21859.741,0.06809426516078117
2022-07-01,2022Q3,ABS issuers,Domestic financial,FL673061103,BOGZ1FL673061103Q,36312.0,36.312,21340.082,0.001701586713678045
2022-07-01,2022Q3,Banks in U.S.-affiliated areas,Domestic financial,LM743061103,BOGZ1LM743061103Q,26775.0,26.775,21340.082,0.0012546812144395697
2022-07-01,2022Q3,Brokers and dealers,Domestic financial,LM663061105,BOGZ1LM663061105Q,226282.0,226.282,21340.082,0.010603614362868897
2022-07-01,2022Q3,Closed-end funds,Domestic financial,LM553061103,BOGZ1LM553061103Q,2329.0,2.329,21340.082,0.0001091373500814102
2022-07-01,2022Q3,Credit unions,Domestic financial,LM473061105,BOGZ1LM473061105Q,78645.0,78.645,21340.082,0.003685318547510736
2022-07-01,2022Q3,Exchange-traded funds,Domestic financial,LM563061103,BOGZ1LM563061103Q,381432.0,381.432,21340.082,0.017873970681087356
2022-07-01,2022Q3,Federal Reserve,Domestic financial,LM713061103,BOGZ1LM713061103Q,5186546.0,5186.546,21340.082,0.24304245878717806
2022-07-01,2022Q3,Federal government pension funds,Domestic government,LM343061105,BOGZ1LM343061105Q,17226.0,17.226,21340.082,0.0008072133930881803
2022-07-01,2022Q3,Foreign bank offices in U.S.,Domestic financial,LM753061103,BOGZ1LM753061103Q,92545.0,92.545,21340.082,0.00433667499496956
2022-07-01,2022Q3,Government-sponsored enterprises,Domestic financial,LM403061105,BOGZ1LM403061105Q,168255.0,168.255,21340.082,0.007884458925696725
2022-07-01,2022Q3,Holding companies,Domestic financial,LM733061103,BOGZ1LM733061103Q,130572.0,130.572,21340.082,0.006118626910618244
2022-07-01,2022Q3,Households and nonprofits,Domestic nonfinancial,LM153061105,BOGZ1LM153061105Q,1108280.0,1108.28,21340.082,0.05193419594170257
2022-07-01,2022Q3,Life insurers,Domestic financial,LM543061105,BOGZ1LM543061105Q,184938.0,184.938,21340.082,0.008666227243175543
2022-07-01,2022Q3,Money market funds,Domestic financial,FL633061105,BOGZ1FL633061105Q,1256135.0,1256.135,21340.082,0.05886270727544534
2022-07-01,2022Q3,Mutual funds,Domestic financial,LM653061105,BOGZ1LM653061105Q,1345823.0,1345.823,21340.082,0.06306550274736528
2022-07-01,2022Q3,Noncorporate businesses,Domestic nonfinancial,LM113061003,BOGZ1LM113061003Q,79700.0,79.7,21340.082,0.0037347560332711004
2022-07-01,2022Q3,Nonfinancial corporations,Domestic nonfinancial,LM103061103,BOGZ1LM103061103Q,79168.0,79.168,21340.082,0.0037098264195985758
2022-07-01,2022Q3,Other financial business,Domestic financial,FL503061123,BOGZ1FL503061123Q,41506.0,41.506,21340.082,0.0019449784682176949
2022-07-01,2022Q3,Private pension funds,Domestic financial,LM573061105,BOGZ1LM573061105Q,428090.0,428.09,21340.082,0.020060372776449502
2022-07-01,2022Q3,Property-casualty insurers,Domestic financial,LM513061105,BOGZ1LM513061105Q,183496.0,183.496,21340.082,0.008598654869273699
2022-07-01,2022Q3,Rest of world,Foreign,LM263061105,ROWTSEQ027S,7251508.0,7251.508,21340.082,0.3398069416977873
2022-07-01,2022Q3,State and local governments,Domestic government,LM213061103,BOGZ1LM213061103Q,1290279.0,1290.279,21340.082,0.06046270112739024
2022-07-01,2022Q3,State and local pension funds,Domestic government,LM223061143,BOGZ1LM223061143Q,336493.0,336.493,21340.082,0.015768121228400152
2022-07-01,2022Q3,Total assets,Total,FL893061105,BOGZ1FL893061105Q,21340082.0,21340.082,21340.082,1.0
2022-07-01,2022Q3,U.S.-chartered banks,Domestic financial,LM763061100,BOGZ1LM763061100Q,1407747.0,1407.747,21340.082,0.0659672722907063
2022-10-01,2022Q4,ABS issuers,Domestic financial,FL673061103,BOGZ1FL673061103Q,36411.0,36.411,21526.392,0.0016914585593349784
2022-10-01,2022Q4,Banks in U.S.-affiliated areas,Domestic financial,LM743061103,BOGZ1LM743061103Q,23497.0,23.497,21526.392,0.0010915438128228827
2022-10-01,2022Q4,Brokers and dealers,Domestic financial,LM663061105,BOGZ1LM663061105Q,215874.0,215.874,21526.392,0.01002834102435745
2022-10-01,2022Q4,Closed-end funds,Domestic financial,LM553061103,BOGZ1LM553061103Q,2312.0,2.312,21526.392,0.0001074030427393499
2022-10-01,2022Q4,Credit unions,Domestic financial,LM473061105,BOGZ1LM473061105Q,77792.0,77.792,21526.392,0.00361379649687695
2022-10-01,2022Q4,Exchange-traded funds,Domestic financial,LM563061103,BOGZ1LM563061103Q,400514.0,400.514,21526.392,0.018605718970461933
2022-10-01,2022Q4,Federal Reserve,Domestic financial,LM713061103,BOGZ1LM713061103Q,5056405.0,5056.405,21526.392,0.23489328820175717
2022-10-01,2022Q4,Federal government pension funds,Domestic government,LM343061105,BOGZ1LM343061105Q,17964.0,17.964,21526.392,0.0008345104929799661
2022-10-01,2022Q4,Foreign bank offices in U.S.,Domestic financial,LM753061103,BOGZ1LM753061103Q,89538.0,89.538,21526.392,0.004159452266780239
2022-10-01,2022Q4,Government-sponsored enterprises,Domestic financial,LM403061105,BOGZ1LM403061105Q,155618.0,155.618,21526.392,0.007229172450264772
2022-10-01,2022Q4,Holding companies,Domestic financial,LM733061103,BOGZ1LM733061103Q,133582.0,133.582,21526.392,0.006205498812806159
2022-10-01,2022Q4,Households and nonprofits,Domestic nonfinancial,LM153061105,BOGZ1LM153061105Q,1658923.0,1658.923,21526.392,0.077064609805489
2022-10-01,2022Q4,Life insurers,Domestic financial,LM543061105,BOGZ1LM543061105Q,179487.0,179.487,21526.392,0.008337997375500734
2022-10-01,2022Q4,Money market funds,Domestic financial,FL633061105,BOGZ1FL633061105Q,1064015.0,1064.015,21526.392,0.04942839468871514
2022-10-01,2022Q4,Mutual funds,Domestic financial,LM653061105,BOGZ1LM653061105Q,1342336.0,1342.336,21526.392,0.062357686322910034
2022-10-01,2022Q4,Noncorporate businesses,Domestic nonfinancial,LM113061003,BOGZ1LM113061003Q,82506.0,82.506,21526.392,0.0038327834966491365
2022-10-01,2022Q4,Nonfinancial corporations,Domestic nonfinancial,LM103061103,BOGZ1LM103061103Q,88981.0,88.981,21526.392,0.004133577052763881
2022-10-01,2022Q4,Other financial business,Domestic financial,FL503061123,BOGZ1FL503061123Q,42835.0,42.835,21526.392,0.001989882930683414
2022-10-01,2022Q4,Private pension funds,Domestic financial,LM573061105,BOGZ1LM573061105Q,427656.0,427.656,21526.392,0.019866589812171032
2022-10-01,2022Q4,Property-casualty insurers,Domestic financial,LM513061105,BOGZ1LM513061105Q,213270.0,213.27,21526.392,0.009907373237465898
2022-10-01,2022Q4,Rest of world,Foreign,LM263061105,ROWTSEQ027S,7194684.0,7194.684,21526.392,0.3342261908080091
2022-10-01,2022Q4,State and local governments,Domestic government,LM213061103,BOGZ1LM213061103Q,1311486.0,1311.486,21526.392,0.060924561812309284
2022-10-01,2022Q4,State and local pension funds,Domestic government,LM223061143,BOGZ1LM223061143Q,321826.0,321.826,21526.392,0.01495029914906316
2022-10-01,2022Q4,Total assets,Total,FL893061105,BOGZ1FL893061105Q,21526392.0,21526.392,21526.392,1.0
2022-10-01,2022Q4,U.S.-chartered banks,Domestic financial,LM763061100,BOGZ1LM763061100Q,1388880.0,1388.88,21526.392,0.06451986937708837
2023-01-01,2023Q1,ABS issuers,Domestic financial,FL673061103,BOGZ1FL673061103Q,36357.0,36.357,22345.872,0.0016270119152208516
2023-01-01,2023Q1,Banks in U.S.-affiliated areas,Domestic financial,LM743061103,BOGZ1LM743061103Q,22952.0,22.952,22345.872,0.001027124830930742
2023-01-01,2023Q1,Brokers and dealers,Domestic financial,LM663061105,BOGZ1LM663061105Q,327564.0,327.564,22345.872,0.014658814836136179
2023-01-01,2023Q1,Closed-end funds,Domestic financial,LM553061103,BOGZ1LM553061103Q,2312.0,2.312,22345.872,0.00010346429980445605
2023-01-01,2023Q1,Credit unions,Domestic financial,LM473061105,BOGZ1LM473061105Q,76257.0,76.257,22345.872,0.003412576604752771
2023-01-01,2023Q1,Exchange-traded funds,Domestic financial,LM563061103,BOGZ1LM563061103Q,451476.0,451.476,22345.872,0.0202040000945141
2023-01-01,2023Q1,Federal Reserve,Domestic financial,LM713061103,BOGZ1LM713061103Q,4960204.0,4960.204,22345.872,0.22197406303947323
2023-01-01,2023Q1,Federal government pension funds,Domestic government,LM343061105,BOGZ1LM343061105Q,18475.0,18.475,22345.872,0.0008267746275464211
2023-01-01,2023Q1,Foreign bank offices in U.S.,Domestic financial,LM753061103,BOGZ1LM753061103Q,92314.0,92.314,22345.872,0.004131143327053874
2023-01-01,2023Q1,Government-sponsored enterprises,Domestic financial,LM403061105,BOGZ1LM403061105Q,149819.0,149.819,22345.872,0.006704549278721367
2023-01-01,2023Q1,Holding companies,Domestic financial,LM733061103,BOGZ1LM733061103Q,122940.0,122.94,22345.872,0.005501687291505116
2023-01-01,2023Q1,Households and nonprofits,Domestic nonfinancial,LM153061105,BOGZ1LM153061105Q,2104754.0,2104.754,22345.872,0.09418983515165574
2023-01-01,2023Q1,Life insurers,Domestic financial,LM543061105,BOGZ1LM543061105Q,182106.0,182.106,22345.872,0.008149424645411019
2023-01-01,2023Q1,Money market funds,Domestic financial,FL633061105,BOGZ1FL633061105Q,1040799.0,1040.799,22345.872,0.046576790558900544
2023-01-01,2023Q1,Mutual funds,Domestic financial,LM653061105,BOGZ1LM653061105Q,1369594.0,1369.594,22345.872,0.06129069386954333
2023-01-01,2023Q1,Noncorporate businesses,Domestic nonfinancial,LM113061003,BOGZ1LM113061003Q,82156.0,82.156,22345.872,0.003676562722636199
2023-01-01,2023Q1,Nonfinancial corporations,Domestic nonfinancial,LM103061103,BOGZ1LM103061103Q,89282.0,89.282,22345.872,0.0039954583110473375
2023-01-01,2023Q1,Other financial business,Domestic financial,FL503061123,BOGZ1FL503061123Q,48233.0,48.233,22345.872,0.0021584747285762667
2023-01-01,2023Q1,Private pension funds,Domestic financial,LM573061105,BOGZ1LM573061105Q,451173.0,451.173,22345.872,0.020190440543112392
2023-01-01,2023Q1,Property-casualty insurers,Domestic financial,LM513061105,BOGZ1LM513061105Q,223633.0,223.633,22345.872,0.010007799203360692
2023-01-01,2023Q1,Rest of world,Foreign,LM263061105,ROWTSEQ027S,7468642.0,7468.642,22345.872,0.3342291587457406
2023-01-01,2023Q1,State and local governments,Domestic government,LM213061103,BOGZ1LM213061103Q,1370358.0,1370.358,22345.872,0.06132488362951331
2023-01-01,2023Q1,State and local pension funds,Domestic government,LM223061143,BOGZ1LM223061143Q,353505.0,353.505,22345.872,0.015819700390300277
2023-01-01,2023Q1,Total assets,Total,FL893061105,BOGZ1FL893061105Q,22345872.0,22345.872,22345.872,1.0
2023-01-01,2023Q1,U.S.-chartered banks,Domestic financial,LM763061100,BOGZ1LM763061100Q,1300967.0,1300.967,22345.872,0.058219567354543166
2023-04-01,2023Q2,ABS issuers,Domestic financial,FL673061103,BOGZ1FL673061103Q,34452.0,34.452,22468.953,0.0015333157713223217
2023-04-01,2023Q2,Banks in U.S.-affiliated areas,Domestic financial,LM743061103,BOGZ1LM743061103Q,22835.0,22.835,22468.953,0.0010162912352880884
2023-04-01,2023Q2,Brokers and dealers,Domestic financial,LM663061105,BOGZ1LM663061105Q,301323.0,301.323,22468.953,0.013410638226000115
2023-04-01,2023Q2,Closed-end funds,Domestic financial,LM553061103,BOGZ1LM553061103Q,2264.0,2.264,22468.953,0.00010076125932525648
2023-04-01,2023Q2,Credit unions,Domestic financial,LM473061105,BOGZ1LM473061105Q,77014.0,77.014,22468.953,0.0034275740396092326
2023-04-01,2023Q2,Exchange-traded funds,Domestic financial,LM563061103,BOGZ1LM563061103Q,460559.0,460.559,22468.953,0.020497572806351946
2023-04-01,2023Q2,Federal Reserve,Domestic financial,LM713061103,BOGZ1LM713061103Q,4702866.0,4702.866,22468.953,0.20930507976940446
2023-04-01,2023Q2,Federal government pension funds,Domestic government,LM343061105,BOGZ1LM343061105Q,19252.0,19.252,22468.953,0.0008568267511174195
2023-04-01,2023Q2,Foreign bank offices in U.S.,Domestic financial,LM753061103,BOGZ1LM753061103Q,98823.0,98.823,22468.953,0.00439820226603349
2023-04-01,2023Q2,Government-sponsored enterprises,Domestic financial,LM403061105,BOGZ1LM403061105Q,151464.0,151.464,22468.953,0.006741035062915481
2023-04-01,2023Q2,Holding companies,Domestic financial,LM733061103,BOGZ1LM733061103Q,121963.0,121.963,22468.953,0.005428067787582269
2023-04-01,2023Q2,Households and nonprofits,Domestic nonfinancial,LM153061105,BOGZ1LM153061105Q,2255619.0,2255.619,22468.953,0.10038825574115537
2023-04-01,2023Q2,Life insurers,Domestic financial,LM543061105,BOGZ1LM543061105Q,180874.0,180.874,22468.953,0.008049952305298782
2023-04-01,2023Q2,Money market funds,Domestic financial,FL633061105,BOGZ1FL633061105Q,1243962.0,1243.962,22468.953,0.055363594378429644
2023-04-01,2023Q2,Mutual funds,Domestic financial,LM653061105,BOGZ1LM653061105Q,1345641.0,1345.641,22468.953,0.059888905370891116
2023-04-01,2023Q2,Noncorporate businesses,Domestic nonfinancial,LM113061003,BOGZ1LM113061003Q,81806.0,81.806,22468.953,0.003640846104400147
2023-04-01,2023Q2,Nonfinancial corporations,Domestic nonfinancial,LM103061103,BOGZ1LM103061103Q,101543.0,101.543,22468.953,0.0045192581959648944
2023-04-01,2023Q2,Other financial business,Domestic financial,FL503061123,BOGZ1FL503061123Q,59129.0,59.129,22468.953,0.002631586794453662
2023-04-01,2023Q2,Private pension funds,Domestic financial,LM573061105,BOGZ1LM573061105Q,454705.0,454.705,22468.953,0.02023703552185987
2023-04-01,2023Q2,Property-casualty insurers,Domestic financial,LM513061105,BOGZ1LM513061105Q,227567.0,227.567,22468.953,0.010128064267169013
2023-04-01,2023Q2,Rest of world,Foreign,LM263061105,ROWTSEQ027S,7563215.0,7563.215,22468.953,0.33660736216769865
2023-04-01,2023Q2,State and local governments,Domestic government,LM213061103,BOGZ1LM213061103Q,1378581.0,1378.581,22468.953,0.061354928287045675
2023-04-01,2023Q2,State and local pension funds,Domestic government,LM223061143,BOGZ1LM223061143Q,348309.0,348.309,22468.953,0.015501790403851929
2023-04-01,2023Q2,Total assets,Total,FL893061105,BOGZ1FL893061105Q,22468953.0,22468.953,22468.953,1.0
2023-04-01,2023Q2,U.S.-chartered banks,Domestic financial,LM763061100,BOGZ1LM763061100Q,1235187.0,1235.187,22468.953,0.05497305548683109
2023-07-01,2023Q3,ABS issuers,Domestic financial,FL673061103,BOGZ1FL673061103Q,33192.0,33.192,22696.877,0.0014624038364397004
2023-07-01,2023Q3,Banks in U.S.-affiliated areas,Domestic financial,LM743061103,BOGZ1LM743061103Q,22472.0,22.472,22696.877,0.000990092161137411
2023-07-01,2023Q3,Brokers and dealers,Domestic financial,LM663061105,BOGZ1LM663061105Q,312371.0,312.371,22696.877,0.01376273044084435
2023-07-01,2023Q3,Closed-end funds,Domestic financial,LM553061103,BOGZ1LM553061103Q,2144.0,2.144,22696.877,9.446233506045789e-05
2023-07-01,2023Q3,Credit unions,Domestic financial,LM473061105,BOGZ1LM473061105Q,74653.0,74.653,22696.877,0.003289130923166214
2023-07-01,2023Q3,Exchange-traded funds,Domestic financial,LM563061103,BOGZ1LM563061103Q,469123.0,469.123,22696.877,0.020669055042242153
2023-07-01,2023Q3,Federal Reserve,Domestic financial,LM713061103,BOGZ1LM713061103Q,4367410.0,4367.41,22696.877,0.19242338934999734
2023-07-01,2023Q3,Federal government pension funds,Domestic government,LM343061105,BOGZ1LM343061105Q,18501.0,18.501,22696.877,0.0008151341702208635
2023-07-01,2023Q3,Foreign bank offices in U.S.,Domestic financial,LM753061103,BOGZ1LM753061103Q,89991.0,89.991,22696.877,0.00396490671381794
2023-07-01,2023Q3,Government-sponsored enterprises,Domestic financial,LM403061105,BOGZ1LM403061105Q,150868.0,150.868,22696.877,0.006647081887080764
2023-07-01,2023Q3,Holding companies,Domestic financial,LM733061103,BOGZ1LM733061103Q,126783.0,126.783,22696.877,0.0055859226800233355
2023-07-01,2023Q3,Households and nonprofits,Domestic nonfinancial,LM153061105,BOGZ1LM153061105Q,2359873.0,2359.873,22696.877,0.1039734673629328
2023-07-01,2023Q3,Life insurers,Domestic financial,LM543061105,BOGZ1LM543061105Q,172391.0,172.391,22696.877,0.007595362128454941
2023-07-01,2023Q3,Money market funds,Domestic financial,FL633061105,BOGZ1FL633061105Q,1767115.0,1767.115,22696.877,0.07785718713636242
2023-07-01,2023Q3,Mutual funds,Domestic financial,LM653061105,BOGZ1LM653061105Q,1317557.0,1317.557,22696.877,0.058050144960471874
2023-07-01,2023Q3,Noncorporate businesses,Domestic nonfinancial,LM113061003,BOGZ1LM113061003Q,81456.0,81.456,22696.877,0.003588863789498441
2023-07-01,2023Q3,Nonfinancial corporations,Domestic nonfinancial,LM103061103,BOGZ1LM103061103Q,106863.0,106.863,22696.877,0.004708268895319828
2023-07-01,2023Q3,Other financial business,Domestic financial,FL503061123,BOGZ1FL503061123Q,55744.0,55.744,22696.877,0.002456020711571905
2023-07-01,2023Q3,Private pension funds,Domestic financial,LM573061105,BOGZ1LM573061105Q,448957.0,448.957,22696.877,0.01978056276200466
2023-07-01,2023Q3,Property-casualty insurers,Domestic financial,LM513061105,BOGZ1LM513061105Q,255644.0,255.644,22696.877,0.011263399806061425
2023-07-01,2023Q3,Rest of world,Foreign,LM263061105,ROWTSEQ027S,7509115.0,7509.115,22696.877,0.33084353411264467
2023-07-01,2023Q3,State and local governments,Domestic government,LM213061103,BOGZ1LM213061103Q,1347207.0,1347.207,22696.877,0.05935649208479211
2023-07-01,2023Q3,State and local pension funds,Domestic government,LM223061143,BOGZ1LM223061143Q,366504.0,366.504,22696.877,0.01614777222434611
2023-07-01,2023Q3,Total assets,Total,FL893061105,BOGZ1FL893061105Q,22696877.0,22696.877,22696.877,1.0
2023-07-01,2023Q3,U.S.-chartered banks,Domestic financial,LM763061100,BOGZ1LM763061100Q,1240943.0,1240.943,22696.877,0.05467461448550829
2023-10-01,2023Q4,ABS issuers,Domestic financial,FL673061103,BOGZ1FL673061103Q,31432.0,31.432,24193.934,0.0012991686263176545
2023-10-01,2023Q4,Banks in U.S.-affiliated areas,Domestic financial,LM743061103,BOGZ1LM743061103Q,21652.0,21.652,24193.934,0.0008949350692615761
2023-10-01,2023Q4,Brokers and dealers,Domestic financial,LM663061105,BOGZ1LM663061105Q,328712.0,328.712,24193.934,0.013586546115236983
2023-10-01,2023Q4,Closed-end funds,Domestic financial,LM553061103,BOGZ1LM553061103Q,2057.0,2.057,24193.934,8.502131154032245e-05
2023-10-01,2023Q4,Credit unions,Domestic financial,LM473061105,BOGZ1LM473061105Q,69580.0,69.58,24193.934,0.002875927494883635
2023-10-01,2023Q4,Exchange-traded funds,Domestic financial,LM563061103,BOGZ1LM563061103Q,502261.0,502.261,24193.934,0.020759790449953283
2023-10-01,2023Q4,Federal Reserve,Domestic financial,LM713061103,BOGZ1LM713061103Q,4403083.0,4403.083,24193.934,0.18199119663631386
2023-10-01,2023Q4,Federal government pension funds,Domestic government,LM343061105,BOGZ1LM343061105Q,19923.0,19.923,24193.934,0.000823470874972214
2023-10-01,2023Q4,Foreign bank offices in U.S.,Domestic financial,LM753061103,BOGZ1LM753061103Q,93542.0,93.542,24193.934,0.003866341042345573
2023-10-01,2023Q4,Government-sponsored enterprises,Domestic financial,LM403061105,BOGZ1LM403061105Q,163590.0,163.59,24193.934,0.006761612228916554
2023-10-01,2023Q4,Holding companies,Domestic financial,LM733061103,BOGZ1LM733061103Q,132398.0,132.398,24193.934,0.005472363444489846
2023-10-01,2023Q4,Households and nonprofits,Domestic nonfinancial,LM153061105,BOGZ1LM153061105Q,2518608.0,2518.608,24193.934,0.104100804771973
2023-10-01,2023Q4,Life insurers,Domestic financial,LM543061105,BOGZ1LM543061105Q,182034.0,182.034,24193.934,0.007523952078235808
2023-10-01,2023Q4,Money market funds,Domestic financial,FL633061105,BOGZ1FL633061105Q,2269494.0,2269.494,24193.934,0.0938042568852176
2023-10-01,2023Q4,Mutual funds,Domestic financial,LM653061105,BOGZ1LM653061105Q,1373325.0,1373.325,24193.934,0.05676319527035165
2023-10-01,2023Q4,Noncorporate businesses,Domestic nonfinancial,LM113061003,BOGZ1LM113061003Q,81106.0,81.106,24193.934,0.0033523279016963504
2023-10-01,2023Q4,Nonfinancial corporations,Domestic nonfinancial,LM103061103,BOGZ1LM103061103Q,111424.0,111.424,24193.934,0.004605451928570195
2023-10-01,2023Q4,Other financial business,Domestic financial,FL503061123,BOGZ1FL503061123Q,62315.0,62.315,24193.934,0.0025756456143097685
2023-10-01,2023Q4,Private pension funds,Domestic financial,LM573061105,BOGZ1LM573061105Q,484822.0,484.822,24193.934,0.020038989938552364
2023-10-01,2023Q4,Property-casualty insurers,Domestic financial,LM513061105,BOGZ1LM513061105Q,263572.0,263.572,24193.934,0.010894135695335863
2023-10-01,2023Q4,Rest of world,Foreign,LM263061105,ROWTSEQ027S,7940008.0,7940.008,24193.934,0.32818176655355014
2023-10-01,2023Q4,State and local governments,Domestic government,LM213061103,BOGZ1LM213061103Q,1407135.0,1407.135,24193.934,0.05816065299673877
2023-10-01,2023Q4,State and local pension funds,Domestic government,LM223061143,BOGZ1LM223061143Q,402653.0,402.653,24193.934,0.01664272540381403
2023-10-01,2023Q4,Total assets,Total,FL893061105,BOGZ1FL893061105Q,24193934.0,24193.934,24193.934,1.0
2023-10-01,2023Q4,U.S.-chartered banks,Domestic financial,LM763061100,BOGZ1LM763061100Q,1329208.0,1329.208,24193.934,0.05493972166742292
2024-01-01,2024Q1,ABS issuers,Domestic financial,FL673061103,BOGZ1FL673061103Q,29188.0,29.188,24580.402,0.0011874500669273025
2024-01-01,2024Q1,Banks in U.S.-affiliated areas,Domestic financial,LM743061103,BOGZ1LM743061103Q,23109.0,23.109,24580.402,0.00094013922148222
2024-01-01,2024Q1,Brokers and dealers,Domestic financial,LM663061105,BOGZ1LM663061105Q,390499.0,390.499,24580.402,0.015886599413630423
2024-01-01,2024Q1,Closed-end funds,Domestic financial,LM553061103,BOGZ1LM553061103Q,2030.0,2.03,24580.402,8.258611881123831e-05
2024-01-01,2024Q1,Credit unions,Domestic financial,LM473061105,BOGZ1LM473061105Q,67102.0,67.102,24580.402,0.002729898396291485
2024-01-01,2024Q1,Exchange-traded funds,Domestic financial,LM563061103,BOGZ1LM563061103Q,504330.0,504.33,24580.402,0.020517565172449174
2024-01-01,2024Q1,Federal Reserve,Domestic financial,LM713061103,BOGZ1LM713061103Q,4176260.0,4176.26,24580.402,0.16990202194414886
2024-01-01,2024Q1,Federal government pension funds,Domestic government,LM343061105,BOGZ1LM343061105Q,19860.0,19.86,24580.402,0.0008079607485670902
2024-01-01,2024Q1,Foreign bank offices in U.S.,Domestic financial,LM753061103,BOGZ1LM753061103Q,100634.0,100.634,24580.402,0.004094074620911408
2024-01-01,2024Q1,Government-sponsored enterprises,Domestic financial,LM403061105,BOGZ1LM403061105Q,159058.0,159.058,24580.402,0.0064709275299891355
2024-01-01,2024Q1,Holding companies,Domestic financial,LM733061103,BOGZ1LM733061103Q,123303.0,123.303,24580.402,0.005016313402848334
2024-01-01,2024Q1,Households and nonprofits,Domestic nonfinancial,LM153061105,BOGZ1LM153061105Q,2449703.0,2449.703,24580.402,0.09966081921687042
2024-01-01,2024Q1,Life insurers,Domestic financial,LM543061105,BOGZ1LM543061105Q,183525.0,183.525,24580.402,0.007466314017158874
2024-01-01,2024Q1,Money market funds,Domestic financial,FL633061105,BOGZ1FL633061105Q,2563670.0,2563.67,24580.402,0.10429731783882136
2024-01-01,2024Q1,Mutual funds,Domestic financial,LM653061105,BOGZ1LM653061105Q,1388322.0,1388.322,24580.402,0.05648085006909163
2024-01-01,2024Q1,Noncorporate businesses,Domestic nonfinancial,LM113061003,BOGZ1LM113061003Q,82087.0,82.087,24580.402,0.003339530411260158
2024-01-01,2024Q1,Nonfinancial corporations,Domestic nonfinancial,LM103061103,BOGZ1LM103061103Q,111041.0,111.041,24580.402,0.004517460698974737
2024-01-01,2024Q1,Other financial business,Domestic financial,FL503061123,BOGZ1FL503061123Q,58060.0,58.06,24580.402,0.002362044363635713
2024-01-01,2024Q1,Private pension funds,Domestic financial,LM573061105,BOGZ1LM573061105Q,488304.0,488.304,24580.402,0.019865582344829023
2024-01-01,2024Q1,Property-casualty insurers,Domestic financial,LM513061105,BOGZ1LM513061105Q,288398.0,288.398,24580.402,0.011732843099962321
2024-01-01,2024Q1,Rest of world,Foreign,LM263061105,ROWTSEQ027S,8107871.0,8107.871,24580.402,0.32985103335576044
2024-01-01,2024Q1,State and local governments,Domestic government,LM213061103,BOGZ1LM213061103Q,1419812.0,1419.812,24580.402,0.05776195198109453
2024-01-01,2024Q1,State and local pension funds,Domestic government,LM223061143,BOGZ1LM223061143Q,420598.0,420.598,24580.402,0.01711111152697991
2024-01-01,2024Q1,Total assets,Total,FL893061105,BOGZ1FL893061105Q,24580402.0,24580.402,24580.402,1.0
2024-01-01,2024Q1,U.S.-chartered banks,Domestic financial,LM763061100,BOGZ1LM763061100Q,1423638.0,1423.638,24580.402,0.057917604439504285
2024-04-01,2024Q2,ABS issuers,Domestic financial,FL673061103,BOGZ1FL673061103Q,26860.0,26.86,24655.034,0.0010894326894864553
2024-04-01,2024Q2,Banks in U.S.-affiliated areas,Domestic financial,LM743061103,BOGZ1LM743061103Q,23521.0,23.521,24655.034,0.0009540039571634743
2024-04-01,2024Q2,Brokers and dealers,Domestic financial,LM663061105,BOGZ1LM663061105Q,358565.0,358.565,24655.034,0.014543277449952006
2024-04-01,2024Q2,Closed-end funds,Domestic financial,LM553061103,BOGZ1LM553061103Q,2005.0,2.005,24655.034,8.132213486300606e-05
2024-04-01,2024Q2,Credit unions,Domestic financial,LM473061105,BOGZ1LM473061105Q,65878.0,65.878,24655.034,0.0026719898256883363
2024-04-01,2024Q2,Exchange-traded funds,Domestic financial,LM563061103,BOGZ1LM563061103Q,523134.0,523.134,24655.034,0.021218141495971978
2024-04-01,2024Q2,Federal Reserve,Domestic financial,LM713061103,BOGZ1LM713061103Q,3993177.0,3993.177,24655.034,0.16196193442685985
2024-04-01,2024Q2,Federal government pension funds,Domestic government,LM343061105,BOGZ1LM343061105Q,18856.0,18.856,24655.034,0.0007647931047266048
2024-04-01,2024Q2,Foreign bank offices in U.S.,Domestic financial,LM753061103,BOGZ1LM753061103Q,108461.0,108.461,24655.034,0.0043991421792401505
2024-04-01,2024Q2,Government-sponsored enterprises,Domestic financial,LM403061105,BOGZ1LM403061105Q,169996.0,169.996,24655.034,0.006894981365671612
2024-04-01,2024Q2,Holding companies,Domestic financial,LM733061103,BOGZ1LM733061103Q,123782.0,123.782,24655.034,0.005020556856664647
2024-04-01,2024Q2,Households and nonprofits,Domestic nonfinancial,LM153061105,BOGZ1LM153061105Q,2536828.0,2536.828,24655.034,0.10289290211483788
2024-04-01,2024Q2,Life insurers,Domestic financial,LM543061105,BOGZ1LM543061105Q,185486.0,185.486,24655.034,0.007523250627032191
2024-04-01,2024Q2,Money market funds,Domestic financial,FL633061105,BOGZ1FL633061105Q,2449906.0,2449.906,24655.034,0.09936737463026821
2024-04-01,2024Q2,Mutual funds,Domestic financial,LM653061105,BOGZ1LM653061105Q,1405868.0,1405.868,24655.034,0.05702153969854594
2024-04-01,2024Q2,Noncorporate businesses,Domestic nonfinancial,LM113061003,BOGZ1LM113061003Q,82876.0,82.876,24655.034,0.00336142306678628
2024-04-01,2024Q2,Nonfinancial corporations,Domestic nonfinancial,LM103061103,BOGZ1LM103061103Q,94760.0,94.76,24655.034,0.003843434164398232
2024-04-01,2024Q2,Other financial business,Domestic financial,FL503061123,BOGZ1FL503061123Q,65163.0,65.163,24655.034,0.0026429896628818277
2024-04-01,2024Q2,Private pension funds,Domestic financial,LM573061105,BOGZ1LM573061105Q,496849.0,496.849,24655.034,0.020152030615735513
2024-04-01,2024Q2,Property-casualty insurers,Domestic financial,LM513061105,BOGZ1LM513061105Q,365930.0,365.93,24655.034,0.014841999406693174
2024-04-01,2024Q2,Rest of world,Foreign,LM263061105,ROWTSEQ027S,8249496.0,8249.496,24655.034,0.3345968210792165
2024-04-01,2024Q2,State and local governments,Domestic government,LM213061103,BOGZ1LM213061103Q,1446046.0,1446.046,24655.034,0.058651146049930415
2024-04-01,2024Q2,State and local pension funds,Domestic government,LM223061143,BOGZ1LM223061143Q,455820.0,455.82,24655.034,0.01848790798666106
2024-04-01,2024Q2,Total assets,Total,FL893061105,BOGZ1FL893061105Q,24655034.0,24655.034,24655.034,1.0
2024-04-01,2024Q2,U.S.-chartered banks,Domestic financial,LM763061100,BOGZ1LM763061100Q,1405771.0,1405.771,24655.034,0.05701760541072464
2024-07-01,2024Q3,ABS issuers,Domestic financial,FL673061103,BOGZ1FL673061103Q,25902.0,25.902,26098.697,0.0009924633402196286
2024-07-01,2024Q3,Banks in U.S.-affiliated areas,Domestic financial,LM743061103,BOGZ1LM743061103Q,21640.0,21.64,26098.697,0.0008291601684176034
2024-07-01,2024Q3,Brokers and dealers,Domestic financial,LM663061105,BOGZ1LM663061105Q,391555.0,391.555,26098.697,0.01500285627286297
2024-07-01,2024Q3,Closed-end funds,Domestic financial,LM553061103,BOGZ1LM553061103Q,2102.0,2.102,26098.697,8.054041931671914e-05
2024-07-01,2024Q3,Credit unions,Domestic financial,LM473061105,BOGZ1LM473061105Q,65157.0,65.157,26098.697,0.0024965614183727254
2024-07-01,2024Q3,Exchange-traded funds,Domestic financial,LM563061103,BOGZ1LM563061103Q,568796.0,568.796,26098.697,0.021794038223440813
2024-07-01,2024Q3,Federal Reserve,Domestic financial,LM713061103,BOGZ1LM713061103Q,4048034.0,4048.034,26098.697,0.1551048314787516
2024-07-01,2024Q3,Federal government pension funds,Domestic government,LM343061105,BOGZ1LM343061105Q,20445.0,20.445,26098.697,0.0007833724419268901
2024-07-01,2024Q3,Foreign bank offices in U.S.,Domestic financial,LM753061103,BOGZ1LM753061103Q,111663.0,111.663,26098.697,0.004278489458688302
2024-07-01,2024Q3,Government-sponsored enterprises,Domestic financial,LM403061105,BOGZ1LM403061105Q,191009.0,191.009,26098.697,0.007318717865493438
2024-07-01,2024Q3,Holding companies,Domestic financial,LM733061103,BOGZ1LM733061103Q,133359.0,133.359,26098.697,0.005109795328096265
2024-07-01,2024Q3,Households and nonprofits,Domestic nonfinancial,LM153061105,BOGZ1LM153061105Q,2738577.0,2738.577,26098.697,0.1049315603763667
2024-07-01,2024Q3,Life insurers,Domestic financial,LM543061105,BOGZ1LM543061105Q,193313.0,193.313,26098.697,0.007406998134811098
2024-07-01,2024Q3,Money market funds,Domestic financial,FL633061105,BOGZ1FL633061105Q,2659841.0,2659.841,26098.697,0.10191470478392081
2024-07-01,2024Q3,Mutual funds,Domestic financial,LM653061105,BOGZ1LM653061105Q,1495960.0,1495.96,26098.697,0.05731933667033262
2024-07-01,2024Q3,Noncorporate businesses,Domestic nonfinancial,LM113061003,BOGZ1LM113061003Q,83587.0,83.587,26098.697,0.003202726940735777
2024-07-01,2024Q3,Nonfinancial corporations,Domestic nonfinancial,LM103061103,BOGZ1LM103061103Q,119937.0,119.937,26098.697,0.00459551678001396
2024-07-01,2024Q3,Other financial business,Domestic financial,FL503061123,BOGZ1FL503061123Q,77263.0,77.263,26098.697,0.0029604159931815757
2024-07-01,2024Q3,Private pension funds,Domestic financial,LM573061105,BOGZ1LM573061105Q,531977.0,531.977,26098.697,0.020383278138368363
2024-07-01,2024Q3,Property-casualty insurers,Domestic financial,LM513061105,BOGZ1LM513061105Q,425740.0,425.74,26098.697,0.01631269177921028
2024-07-01,2024Q3,Rest of world,Foreign,LM263061105,ROWTSEQ027S,8715201.0,8715.201,26098.697,0.33393241815865365
2024-07-01,2024Q3,State and local governments,Domestic government,LM213061103,BOGZ1LM213061103Q,1512263.0,1512.263,26098.697,0.05794400387115111
2024-07-01,2024Q3,State and local pension funds,Domestic government,LM223061143,BOGZ1LM223061143Q,494481.0,494.481,26098.697,0.018946578060966033
2024-07-01,2024Q3,Total assets,Total,FL893061105,BOGZ1FL893061105Q,26098697.0,26098.697,26098.697,1.0
2024-07-01,2024Q3,U.S.-chartered banks,Domestic financial,LM763061100,BOGZ1LM763061100Q,1470895.0,1470.895,26098.697,0.05635894389670105
2024-10-01,2024Q4,ABS issuers,Domestic financial,FL673061103,BOGZ1FL673061103Q,26231.0,26.231,25950.55,0.0010108070927205782
2024-10-01,2024Q4,Banks in U.S.-affiliated areas,Domestic financial,LM743061103,BOGZ1LM743061103Q,22812.0,22.812,25950.55,0.0008790565132530911
2024-10-01,2024Q4,Brokers and dealers,Domestic financial,LM663061105,BOGZ1LM663061105Q,454199.0,454.199,25950.55,0.01750248067960024
2024-10-01,2024Q4,Closed-end funds,Domestic financial,LM553061103,BOGZ1LM553061103Q,1931.0,1.931,25950.55,7.44107543000052e-05
2024-10-01,2024Q4,Credit unions,Domestic financial,LM473061105,BOGZ1LM473061105Q,62750.0,62.75,25950.55,0.0024180605035346073
2024-10-01,2024Q4,Exchange-traded funds,Domestic financial,LM563061103,BOGZ1LM563061103Q,555795.0,555.795,25950.55,0.02141746514043055
2024-10-01,2024Q4,Federal Reserve,Domestic financial,LM713061103,BOGZ1LM713061103Q,3819872.0,3819.872,25950.55,0.1471981133347848
2024-10-01,2024Q4,Federal government pension funds,Domestic government,LM343061105,BOGZ1LM343061105Q,20960.0,20.96,25950.55,0.0008076900104236713
2024-10-01,2024Q4,Foreign bank offices in U.S.,Domestic financial,LM753061103,BOGZ1LM753061103Q,100338.0,100.338,25950.55,0.003866507646273393
2024-10-01,2024Q4,Government-sponsored enterprises,Domestic financial,LM403061105,BOGZ1LM403061105Q,223991.0,223.991,25950.55,0.008631454824656897
2024-10-01,2024Q4,Holding companies,Domestic financial,LM733061103,BOGZ1LM733061103Q,130110.0,130.11,25950.55,0.005013766567567933
2024-10-01,2024Q4,Households and nonprofits,Domestic nonfinancial,LM153061105,BOGZ1LM153061105Q,2631556.0,2631.556,25950.55,0.10140655978389669
2024-10-01,2024Q4,Life insurers,Domestic financial,LM543061105,BOGZ1LM543061105Q,187251.0,187.251,25950.55,0.007215685216690976
2024-10-01,2024Q4,Money market funds,Domestic financial,FL633061105,BOGZ1FL633061105Q,2994851.0,2994.851,25950.55,0.11540607039157166
2024-10-01,2024Q4,Mutual funds,Domestic financial,LM653061105,BOGZ1LM653061105Q,1500797.0,1500.797,25950.55,0.057832955370888096
2024-10-01,2024Q4,Noncorporate businesses,Domestic nonfinancial,LM113061003,BOGZ1LM113061003Q,84764.0,84.764,25950.55,0.003266366223451911
2024-10-01,2024Q4,Nonfinancial corporations,Domestic nonfinancial,LM103061103,BOGZ1LM103061103Q,120175.0,120.175,25950.55,0.004630923044020262
2024-10-01,2024Q4,Other financial business,Domestic financial,FL503061123,BOGZ1FL503061123Q,85973.0,85.973,25950.55,0.0033129548314004905
2024-10-01,2024Q4,Private pension funds,Domestic financial,LM573061105,BOGZ1LM573061105Q,523763.0,523.763,25950.55,0.020183117506180025
2024-10-01,2024Q4,Property-casualty insurers,Domestic financial,LM513061105,BOGZ1LM513061105Q,362499.0,362.499,25950.55,0.01396883688399668
2024-10-01,2024Q4,Rest of world,Foreign,LM263061105,ROWTSEQ027S,8558360.0,8558.36,25950.55,0.3297949369088517
2024-10-01,2024Q4,State and local governments,Domestic government,LM213061103,BOGZ1LM213061103Q,1475139.0,1475.139,25950.55,0.056844228735036445
2024-10-01,2024Q4,State and local pension funds,Domestic government,LM223061143,BOGZ1LM223061143Q,469604.0,469.604,25950.55,0.018096109716364394
2024-10-01,2024Q4,Total assets,Total,FL893061105,BOGZ1FL893061105Q,25950550.0,25950.55,25950.55,1.0
2024-10-01,2024Q4,U.S.-chartered banks,Domestic financial,LM763061100,BOGZ1LM763061100Q,1536829.0,1536.829,25950.55,0.05922144232010497
2025-01-01,2025Q1,ABS issuers,Domestic financial,FL673061103,BOGZ1FL673061103Q,22567.0,22.567,26761.787,0.0008432546003000472
2025-01-01,2025Q1,Banks in U.S.-affiliated areas,Domestic financial,LM743061103,BOGZ1LM743061103Q,23782.0,23.782,26761.787,0.000888655155950535
2025-01-01,2025Q1,Brokers and dealers,Domestic financial,LM663061105,BOGZ1LM663061105Q,487312.0,487.312,26761.787,0.01820924738695514
2025-01-01,2025Q1,Closed-end funds,Domestic financial,LM553061103,BOGZ1LM553061103Q,1993.0,1.993,26761.787,7.447185795178775e-05
2025-01-01,2025Q1,Credit unions,Domestic financial,LM473061105,BOGZ1LM473061105Q,63217.0,63.217,26761.787,0.0023622114621867367
2025-01-01,2025Q1,Exchange-traded funds,Domestic financial,LM563061103,BOGZ1LM563061103Q,604948.0,604.948,26761.787,0.02260491797502162
2025-01-01,2025Q1,Federal Reserve,Domestic financial,LM713061103,BOGZ1LM713061103Q,3832193.0,3832.193,26761.787,0.1431964539587734
2025-01-01,2025Q1,Federal government pension funds,Domestic government,LM343061105,BOGZ1LM343061105Q,21665.0,21.665,26761.787,0.0008095498256525246
2025-01-01,2025Q1,Foreign bank offices in U.S.,Domestic financial,LM753061103,BOGZ1LM753061103Q,108394.0,108.394,26761.787,0.004050327431423022
2025-01-01,2025Q1,Government-sponsored enterprises,Domestic financial,LM403061105,BOGZ1LM403061105Q,232304.0,232.304,26761.787,0.008680436773523382
2025-01-01,2025Q1,Holding companies,Domestic financial,LM733061103,BOGZ1LM733061103Q,137357.0,137.357,26761.787,0.005132579524678229
2025-01-01,2025Q1,Households and nonprofits,Domestic nonfinancial,LM153061105,BOGZ1LM153061105Q,2829403.0,2829.403,26761.787,0.1057254883614461
2025-01-01,2025Q1,Life insurers,Domestic financial,LM543061105,BOGZ1LM543061105Q,190532.0,190.532,26761.787,0.007119554460245873
2025-01-01,2025Q1,Money market funds,Domestic financial,FL633061105,BOGZ1FL633061105Q,2880571.0,2880.571,26761.787,0.1076374683050874
2025-01-01,2025Q1,Mutual funds,Domestic financial,LM653061105,BOGZ1LM653061105Q,1535224.0,1535.224,26761.787,0.05736627378433286
2025-01-01,2025Q1,Noncorporate businesses,Domestic nonfinancial,LM113061003,BOGZ1LM113061003Q,85832.0,85.832,26761.787,0.003207259664685321
2025-01-01,2025Q1,Nonfinancial corporations,Domestic nonfinancial,LM103061103,BOGZ1LM103061103Q,128343.0,128.343,26761.787,0.004795755978477819
2025-01-01,2025Q1,Other financial business,Domestic financial,FL503061123,BOGZ1FL503061123Q,83298.0,83.298,26761.787,0.003112572415287514
2025-01-01,2025Q1,Private pension funds,Domestic financial,LM573061105,BOGZ1LM573061105Q,549275.0,549.275,26761.787,0.020524600991705076
2025-01-01,2025Q1,Property-casualty insurers,Domestic financial,LM513061105,BOGZ1LM513061105Q,370148.0,370.148,26761.787,0.013831213887174277
2025-01-01,2025Q1,Rest of world,Foreign,LM263061105,ROWTSEQ027S,9049550.0,9049.55,26761.787,0.3381519328287008
2025-01-01,2025Q1,State and local governments,Domestic government,LM213061103,BOGZ1LM213061103Q,1493097.0,1493.097,26761.787,0.055792126288128664
2025-01-01,2025Q1,State and local pension funds,Domestic government,LM223061143,BOGZ1LM223061143Q,485307.0,485.307,26761.787,0.01813432712845372
2025-01-01,2025Q1,Total assets,Total,FL893061105,BOGZ1FL893061105Q,26761787.0,26761.787,26761.787,1.0
2025-01-01,2025Q1,U.S.-chartered banks,Domestic financial,LM763061100,BOGZ1LM763061100Q,1545475.0,1545.475,26761.787,0.05774931995385808
2025-04-01,2025Q2,ABS issuers,Domestic financial,FL673061103,BOGZ1FL673061103Q,20362.0,20.362,26823.019,0.0007591240941222909
2025-04-01,2025Q2,Banks in U.S.-affiliated areas,Domestic financial,LM743061103,BOGZ1LM743061103Q,24905.0,24.905,26823.019,0.000928493545040549
2025-04-01,2025Q2,Brokers and dealers,Domestic financial,LM663061105,BOGZ1LM663061105Q,513235.0,513.235,26823.019,0.019134125058778807
2025-04-01,2025Q2,Closed-end funds,Domestic financial,LM553061103,BOGZ1LM553061103Q,1963.0,1.963,26823.019,7.318341011502098e-05
2025-04-01,2025Q2,Credit unions,Domestic financial,LM473061105,BOGZ1LM473061105Q,64642.0,64.642,26823.019,0.002409944980466218
2025-04-01,2025Q2,Exchange-traded funds,Domestic financial,LM563061103,BOGZ1LM563061103Q,635749.0,635.749,26823.019,0.023701619866130653
2025-04-01,2025Q2,Federal Reserve,Domestic financial,LM713061103,BOGZ1LM713061103Q,3811025.0,3811.025,26823.019,0.14208038998145586
2025-04-01,2025Q2,Federal government pension funds,Domestic government,LM343061105,BOGZ1LM343061105Q,21576.0,21.576,26823.019,0.000804383727275442
2025-04-01,2025Q2,Foreign bank offices in U.S.,Domestic financial,LM753061103,BOGZ1LM753061103Q,122292.0,122.292,26823.019,0.0045592183340734315
2025-04-01,2025Q2,Government-sponsored enterprises,Domestic financial,LM403061105,BOGZ1LM403061105Q,257934.0,257.934,26823.019,0.00961614350718687
2025-04-01,2025Q2,Holding companies,Domestic financial,LM733061103,BOGZ1LM733061103Q,130999.0,130.999,26823.019,0.004883827581078774
2025-04-01,2025Q2,Households and nonprofits,Domestic nonfinancial,LM153061105,BOGZ1LM153061105Q,2910299.0,2910.299,26823.019,0.10850005362930996
2025-04-01,2025Q2,Life insurers,Domestic financial,LM543061105,BOGZ1LM543061105Q,190799.0,190.799,26823.019,0.0071132559686886854
2025-04-01,2025Q2,Money market funds,Domestic financial,FL633061105,BOGZ1FL633061105Q,2614034.0,2614.034,26823.019,0.09745487635079407
2025-04-01,2025Q2,Mutual funds,Domestic financial,LM653061105,BOGZ1LM653061105Q,1533090.0,1533.09,26823.019,0.057155758641486254
2025-04-01,2025Q2,Noncorporate businesses,Domestic nonfinancial,LM113061003,BOGZ1LM113061003Q,87218.0,87.218,26823.019,0.003251610118905706
2025-04-01,2025Q2,Nonfinancial corporations,Domestic nonfinancial,LM103061103,BOGZ1LM103061103Q,130546.0,130.546,26823.019,0.004866939101821462
2025-04-01,2025Q2,Other financial business,Domestic financial,FL503061123,BOGZ1FL503061123Q,86314.0,86.314,26823.019,0.0032179077232134083
2025-04-01,2025Q2,Private pension funds,Domestic financial,LM573061105,BOGZ1LM573061105Q,566434.0,566.434,26823.019,0.021117458851294853
2025-04-01,2025Q2,Property-casualty insurers,Domestic financial,LM513061105,BOGZ1LM513061105Q,338986.0,338.986,26823.019,0.01263787644485507
2025-04-01,2025Q2,Rest of world,Foreign,LM263061105,ROWTSEQ027S,9104153.0,9104.153,26823.019,0.3394156712933768
2025-04-01,2025Q2,State and local governments,Domestic government,LM213061103,BOGZ1LM213061103Q,1535427.0,1535.427,26823.019,0.05724288529937663
2025-04-01,2025Q2,State and local pension funds,Domestic government,LM223061143,BOGZ1LM223061143Q,483945.0,483.945,26823.019,0.018042152525783915
2025-04-01,2025Q2,Total assets,Total,FL893061105,BOGZ1FL893061105Q,26823019.0,26823.019,26823.019,1.0
2025-04-01,2025Q2,U.S.-chartered banks,Domestic financial,LM763061100,BOGZ1LM763061100Q,1637092.0,1637.092,26823.019,0.0610330999653693
2025-07-01,2025Q3,ABS issuers,Domestic financial,FL673061103,BOGZ1FL673061103Q,19035.0,19.035,28013.972,0.0006794823668703602
2025-07-01,2025Q3,Banks in U.S.-affiliated areas,Domestic financial,LM743061103,BOGZ1LM743061103Q,24622.0,24.622,28013.972,0.000878918562494458
2025-07-01,2025Q3,Brokers and dealers,Domestic financial,LM663061105,BOGZ1LM663061105Q,492573.0,492.573,28013.972,0.017583118880821324
2025-07-01,2025Q3,Closed-end funds,Domestic financial,LM553061103,BOGZ1LM553061103Q,1975.0,1.975,28013.972,7.050053451898931e-05
2025-07-01,2025Q3,Credit unions,Domestic financial,LM473061105,BOGZ1LM473061105Q,66375.0,66.375,28013.972,0.0023693534069356534
2025-07-01,2025Q3,Exchange-traded funds,Domestic financial,LM563061103,BOGZ1LM563061103Q,674948.0,674.948,28013.972,0.02409326317596091
2025-07-01,2025Q3,Federal Reserve,Domestic financial,LM713061103,BOGZ1LM713061103Q,3830924.0,3830.924,28013.972,0.13675047579829094
2025-07-01,2025Q3,Federal government pension funds,Domestic government,LM343061105,BOGZ1LM343061105Q,22460.0,22.46,28013.972,0.0008017427874918987
2025-07-01,2025Q3,Foreign bank offices in U.S.,Domestic financial,LM753061103,BOGZ1LM753061103Q,124107.0,124.107,28013.972,0.00443018219622694
2025-07-01,2025Q3,Government-sponsored enterprises,Domestic financial,LM403061105,BOGZ1LM403061105Q,254744.0,254.744,28013.972,0.00909346236228122
2025-07-01,2025Q3,Holding companies,Domestic financial,LM733061103,BOGZ1LM733061103Q,126635.0,126.635,28013.972,0.004520422880411246
2025-07-01,2025Q3,Households and nonprofits,Domestic nonfinancial,LM153061105,BOGZ1LM153061105Q,2968534.0,2968.534,28013.972,0.10596619429761692
2025-07-01,2025Q3,Life insurers,Domestic financial,LM543061105,BOGZ1LM543061105Q,199554.0,199.554,28013.972,0.007123374007798679
2025-07-01,2025Q3,Money market funds,Domestic financial,FL633061105,BOGZ1FL633061105Q,3232354.0,3232.354,28013.972,0.1153836378504269
2025-07-01,2025Q3,Mutual funds,Domestic financial,LM653061105,BOGZ1LM653061105Q,1634468.0,1634.468,28013.972,0.058344743116042236
2025-07-01,2025Q3,Noncorporate businesses,Domestic nonfinancial,LM113061003,BOGZ1LM113061003Q,88561.0,88.561,28013.972,0.003161315360777829
2025-07-01,2025Q3,Nonfinancial corporations,Domestic nonfinancial,LM103061103,BOGZ1LM103061103Q,135809.0,135.809,28013.972,0.004847902325311098
2025-07-01,2025Q3,Other financial business,Domestic financial,FL503061123,BOGZ1FL503061123Q,89644.0,89.644,28013.972,0.0031999746412254572
2025-07-01,2025Q3,Private pension funds,Domestic financial,LM573061105,BOGZ1LM573061105Q,588738.0,588.738,28013.972,0.02101587022361556
2025-07-01,2025Q3,Property-casualty insurers,Domestic financial,LM513061105,BOGZ1LM513061105Q,389686.0,389.686,28013.972,0.013910415845350311
2025-07-01,2025Q3,Rest of world,Foreign,LM263061105,ROWTSEQ027S,9234373.0,9234.373,28013.972,0.32963454807479636
2025-07-01,2025Q3,State and local governments,Domestic government,LM213061103,BOGZ1LM213061103Q,1575287.0,1575.287,28013.972,0.05623219013712157
2025-07-01,2025Q3,State and local pension funds,Domestic government,LM223061143,BOGZ1LM223061143Q,513181.0,513.181,28013.972,0.01831875179999466
2025-07-01,2025Q3,Total assets,Total,FL893061105,BOGZ1FL893061105Q,28013972.0,28013.972,28013.972,1.0
2025-07-01,2025Q3,U.S.-chartered banks,Domestic financial,LM763061100,BOGZ1LM763061100Q,1725385.0,1725.385,28013.972,0.06159015936761841
2025-10-01,2025Q4,ABS issuers,Domestic financial,FL673061103,BOGZ1FL673061103Q,19168.0,19.168,28540.476,0.0006716075793550185
2025-10-01,2025Q4,Banks in U.S.-affiliated areas,Domestic financial,LM743061103,BOGZ1LM743061103Q,24704.0,24.704,28540.476,0.0008655777149617267
2025-10-01,2025Q4,Brokers and dealers,Domestic financial,LM663061105,BOGZ1LM663061105Q,542458.0,542.458,28540.476,0.019006620632395898
2025-10-01,2025Q4,Closed-end funds,Domestic financial,LM553061103,BOGZ1LM553061103Q,2030.0,2.03,28540.476,7.112705478352918e-05
2025-10-01,2025Q4,Credit unions,Domestic financial,LM473061105,BOGZ1LM473061105Q,67018.0,67.018,28540.476,0.0023481738706810635
2025-10-01,2025Q4,Exchange-traded funds,Domestic financial,LM563061103,BOGZ1LM563061103Q,706000.0,706.0,28540.476,0.024736798363138725
2025-10-01,2025Q4,Federal Reserve,Domestic financial,LM713061103,BOGZ1LM713061103Q,3854942.0,3854.942,28540.476,0.13506929597109735
2025-10-01,2025Q4,Federal government pension funds,Domestic government,LM343061105,BOGZ1LM343061105Q,22744.0,22.744,28540.476,0.0007969033172396984
2025-10-01,2025Q4,Foreign bank offices in U.S.,Domestic financial,LM753061103,BOGZ1LM753061103Q,125174.0,125.174,28540.476,0.004385841357376101
2025-10-01,2025Q4,Government-sponsored enterprises,Domestic financial,LM403061105,BOGZ1LM403061105Q,243453.0,243.453,28540.476,0.008530095994194352
2025-10-01,2025Q4,Holding companies,Domestic financial,LM733061103,BOGZ1LM733061103Q,120936.0,120.936,28540.476,0.004237350491281225
2025-10-01,2025Q4,Households and nonprofits,Domestic nonfinancial,LM153061105,BOGZ1LM153061105Q,3006696.0,3006.696,28540.476,0.10534848823124043
2025-10-01,2025Q4,Life insurers,Domestic financial,LM543061105,BOGZ1LM543061105Q,204743.0,204.743,28540.476,0.007173776639184294
2025-10-01,2025Q4,Money market funds,Domestic financial,FL633061105,BOGZ1FL633061105Q,3517832.0,3517.832,28540.476,0.1232576499424887
2025-10-01,2025Q4,Mutual funds,Domestic financial,LM653061105,BOGZ1LM653061105Q,1683176.0,1683.176,28540.476,0.058975050030700256
2025-10-01,2025Q4,Noncorporate businesses,Domestic nonfinancial,LM113061003,BOGZ1LM113061003Q,90402.0,90.402,28540.476,0.003167501481054486
2025-10-01,2025Q4,Nonfinancial corporations,Domestic nonfinancial,LM103061103,BOGZ1LM103061103Q,141827.0,141.827,28540.476,0.004969328472307189
2025-10-01,2025Q4,Other financial business,Domestic financial,FL503061123,BOGZ1FL503061123Q,102611.0,102.611,28540.476,0.003595279910538283
2025-10-01,2025Q4,Private pension funds,Domestic financial,LM573061105,BOGZ1LM573061105Q,602172.0,602.172,28540.476,0.021098877257688345
2025-10-01,2025Q4,Property-casualty insurers,Domestic financial,LM513061105,BOGZ1LM513061105Q,367010.0,367.01,28540.476,0.012859280973449778
2025-10-01,2025Q4,Rest of world,Foreign,LM263061105,ROWTSEQ027S,9270908.0,9270.908,28540.476,0.3248336853246596
2025-10-01,2025Q4,State and local governments,Domestic government,LM213061103,BOGZ1LM213061103Q,1560540.0,1560.54,28540.476,0.05467813501078258
2025-10-01,2025Q4,State and local pension funds,Domestic government,LM223061143,BOGZ1LM223061143Q,519087.0,519.087,28540.476,0.01818774851547676
2025-10-01,2025Q4,Total assets,Total,FL893061105,BOGZ1FL893061105Q,28540476.0,28540.476,28540.476,1.0
2025-10-01,2025Q4,U.S.-chartered banks,Domestic financial,LM763061100,BOGZ1LM763061100Q,1744845.0,1744.845,28540.476,0.06113580586392463
2026-01-01,2026Q1,ABS issuers,Domestic financial,FL673061103,BOGZ1FL673061103Q,19035.0,19.035,28997.929,0.0006564261882288214
2026-01-01,2026Q1,Banks in U.S.-affiliated areas,Domestic financial,LM743061103,BOGZ1LM743061103Q,25607.0,25.607,28997.929,0.00088306306288287
2026-01-01,2026Q1,Brokers and dealers,Domestic financial,LM663061105,BOGZ1LM663061105Q,620413.0,620.413,28997.929,0.021395079627927912
2026-01-01,2026Q1,Closed-end funds,Domestic financial,LM553061103,BOGZ1LM553061103Q,1998.0,1.998,28997.929,6.890147223962098e-05
2026-01-01,2026Q1,Credit unions,Domestic financial,LM473061105,BOGZ1LM473061105Q,71115.0,71.115,28997.929,0.0024524165156759987
2026-01-01,2026Q1,Exchange-traded funds,Domestic financial,LM563061103,BOGZ1LM563061103Q,779052.0,779.052,28997.929,0.026865780656266866
2026-01-01,2026Q1,Federal Reserve,Domestic financial,LM713061103,BOGZ1LM713061103Q,4000420.0,4000.42,28997.929,0.13795536915756984
2026-01-01,2026Q1,Federal government pension funds,Domestic government,LM343061105,BOGZ1LM343061105Q,22189.0,22.189,28997.929,0.0007651925763388137
2026-01-01,2026Q1,Foreign bank offices in U.S.,Domestic financial,LM753061103,BOGZ1LM753061103Q,135241.0,135.241,28997.929,0.0046638158193986895
2026-01-01,2026Q1,Government-sponsored enterprises,Domestic financial,LM403061105,BOGZ1LM403061105Q,242539.0,242.539,28997.929,0.008364011098861576
2026-01-01,2026Q1,Holding companies,Domestic financial,LM733061103,BOGZ1LM733061103Q,119932.0,119.932,28997.929,0.004135881565886999
2026-01-01,2026Q1,Households and nonprofits,Domestic nonfinancial,LM153061105,BOGZ1LM153061105Q,3039040.0,3039.04,28997.929,0.10480196706461348
2026-01-01,2026Q1,Life insurers,Domestic financial,LM543061105,BOGZ1LM543061105Q,206920.0,206.92,28997.929,0.007135681999911096
2026-01-01,2026Q1,Money market funds,Domestic financial,FL633061105,BOGZ1FL633061105Q,3426437.0,3426.437,28997.929,0.11816143835651159
2026-01-01,2026Q1,Mutual funds,Domestic financial,LM653061105,BOGZ1LM653061105Q,1694361.0,1694.361,28997.929,0.05843041411681504
2026-01-01,2026Q1,Noncorporate businesses,Domestic nonfinancial,LM113061003,BOGZ1LM113061003Q,92201.0,92.201,28997.929,0.003179571892875522
2026-01-01,2026Q1,Nonfinancial corporations,Domestic nonfinancial,LM103061103,BOGZ1LM103061103Q,132405.0,132.405,28997.929,0.004566015731675183
2026-01-01,2026Q1,Other financial business,Domestic financial,FL503061123,BOGZ1FL503061123Q,101845.0,101.845,28997.929,0.0035121473674895884
2026-01-01,2026Q1,Private pension funds,Domestic financial,LM573061105,BOGZ1LM573061105Q,606993.0,606.993,28997.929,0.020932287957529657
2026-01-01,2026Q1,Property-casualty insurers,Domestic financial,LM513061105,BOGZ1LM513061105Q,391011.0,391.011,28997.929,0.013484100881825044
2026-01-01,2026Q1,Rest of world,Foreign,LM263061105,ROWTSEQ027S,9317224.0,9317.224,28997.929,0.32130653192509023
2026-01-01,2026Q1,State and local governments,Domestic government,LM213061103,BOGZ1LM213061103Q,1560472.0,1560.472,28997.929,0.05381322231666958
2026-01-01,2026Q1,State and local pension funds,Domestic government,LM223061143,BOGZ1LM223061143Q,573867.0,573.867,28997.929,0.019789930515382668
2026-01-01,2026Q1,Total assets,Total,FL893061105,BOGZ1FL893061105Q,28997929.0,28997.929,28997.929,1.0
2026-01-01,2026Q1,U.S.-chartered banks,Domestic financial,LM763061100,BOGZ1LM763061100Q,1817612.0,1817.612,28997.929,0.06268075213233332
